"Num_Acc";"id_vehicule";"num_veh";"senc";"catv";"obs";"obsm";"choc";"manv";"motor";"occutc"
"201900000421";"138 305 753";"B01";"0";"10";"1";"1";"3";"18";"1";""
"201900000422";"138 305 751";"A01";"1";"10";"0";"2";"2";"16";"1";""
"201900000422";"138 305 752";"B01";"1";"30";"0";"2";"0";"0";"1";""
"201900000423";"138 305 749";"B01";"2";"3";"0";"2";"3";"13";"1";""
"201900000423";"138 305 750";"A01";"1";"7";"1";"0";"3";"13";"1";""
"201900000424";"138 305 745";"A01";"1";"7";"14";"0";"1";"9";"1";""
"201900000424";"138 305 746";"B01";"1";"7";"14";"0";"4";"23";"1";""
"201900000424";"138 305 747";"C01";"1";"7";"0";"1";"4";"23";"1";""
"201900000425";"138 305 744";"A01";"2";"7";"0";"1";"1";"1";"1";""
"201900000426";"138 305 742";"A01";"1";"7";"0";"2";"1";"19";"1";""
"201900000426";"138 305 743";"B01";"2";"7";"0";"2";"2";"2";"1";""
"201900000427";"138 305 739";"A01";"2";"7";"0";"2";"2";"1";"1";""
"201900000427";"138 305 740";"C01";"1";"20";"0";"2";"3";"1";"1";""
"201900000427";"138 305 741";"B01";"2";"33";"0";"2";"1";"16";"1";""
"201900000428";"138 305 738";"A01";"1";"7";"1";"1";"2";"17";"1";""
"201900000429";"138 305 736";"A01";"2";"7";"0";"0";"8";"16";"1";""
"201900000429";"138 305 737";"B01";"2";"42";"0";"0";"7";"3";"1";""
"201900000430";"138 305 734";"A01";"1";"7";"1";"0";"2";"17";"1";""
"201900000430";"138 305 735";"B01";"2";"33";"0";"2";"1";"21";"1";""
"201900000431";"138 305 733";"A01";"2";"10";"6";"2";"1";"26";"0";""
"201900000432";"138 305 732";"A01";"3";"10";"4";"0";"9";"12";"0";""
"201900000433";"138 305 731";"A01";"3";"7";"0";"1";"1";"17";"1";""
"201900000434";"138 305 730";"A01";"2";"7";"0";"0";"1";"1";"1";""
"201900000435";"138 305 728";"A01";"1";"7";"0";"2";"1";"15";"1";""
"201900000435";"138 305 729";"B01";"2";"34";"0";"2";"1";"2";"1";""
"201900000436";"138 305 726";"A01";"2";"3";"0";"2";"3";"1";"1";""
"201900000436";"138 305 727";"B01";"2";"10";"0";"2";"2";"15";"1";""
"201900000437";"138 305 724";"A01";"0";"99";"0";"2";"2";"15";"1";""
"201900000437";"138 305 725";"B01";"2";"2";"0";"2";"1";"0";"1";""
"201900000438";"138 305 722";"A01";"1";"10";"0";"2";"7";"16";"1";""
"201900000438";"138 305 723";"B01";"2";"2";"0";"2";"1";"18";"1";""
"201900000439";"138 305 720";"B01";"1";"32";"0";"2";"1";"1";"0";""
"201900000439";"138 305 721";"A01";"1";"3";"0";"2";"1";"26";"0";""
"201900000440";"138 305 718";"A01";"3";"7";"1";"0";"2";"24";"1";""
"201900000440";"138 305 719";"B01";"1";"7";"2";"0";"2";"2";"1";""
"201900000441";"138 305 717";"A01";"3";"0";"0";"1";"6";"1";"0";""
"201900000442";"138 305 715";"B01";"3";"10";"9";"2";"1";"19";"0";""
"201900000442";"138 305 716";"A01";"3";"10";"0";"2";"2";"1";"0";""
"201900000443";"138 305 713";"A01";"1";"7";"0";"2";"5";"2";"1";""
"201900000443";"138 305 714";"B01";"1";"1";"0";"2";"8";"2";"5";""
"201900000444";"138 305 711";"A01";"3";"7";"0";"2";"7";"9";"0";""
"201900000444";"138 305 712";"B01";"3";"32";"0";"2";"3";"1";"0";""
"201900000445";"138 305 710";"A01";"0";"7";"0";"1";"1";"1";"1";""
"201900000446";"138 305 708";"B01";"1";"10";"0";"2";"4";"0";"0";""
"201900000446";"138 305 709";"A01";"1";"7";"0";"2";"1";"26";"0";""
"201900000447";"138 305 706";"A01";"0";"7";"0";"2";"2";"15";"6";""
"201900000447";"138 305 707";"B01";"0";"7";"0";"2";"6";"26";"0";""
"201900000448";"138 305 704";"B01";"1";"7";"0";"2";"6";"24";"1";""
"201900000448";"138 305 705";"A01";"1";"7";"1";"0";"2";"1";"1";""
"201900000449";"138 305 702";"A01";"2";"7";"1";"0";"1";"1";"0";""
"201900000449";"138 305 703";"B01";"3";"7";"0";"2";"4";"0";"0";""
"201900000450";"138 305 700";"B01";"2";"3";"0";"2";"8";"1";"6";""
"201900000450";"138 305 701";"A01";"1";"3";"0";"2";"1";"15";"6";""
"201900000451";"138 305 698";"A01";"2";"7";"0";"2";"6";"1";"1";""
"201900000451";"138 305 699";"B01";"2";"7";"0";"2";"2";"12";"1";""
"201900000452";"138 305 696";"B01";"0";"31";"0";"0";"0";"0";"0";""
"201900000452";"138 305 697";"A01";"1";"7";"1";"0";"2";"5";"1";""
"201900000453";"138 305 695";"A01";"2";"7";"15";"2";"1";"1";"1";""
"201900000454";"138 305 693";"A01";"2";"7";"0";"2";"6";"24";"0";""
"201900000454";"138 305 694";"B01";"2";"32";"0";"2";"1";"1";"1";""
"201900000455";"138 305 691";"B01";"0";"7";"0";"2";"1";"1";"0";""
"201900000455";"138 305 692";"A01";"0";"7";"0";"2";"8";"16";"0";""
"201900000456";"138 305 689";"A01";"2";"7";"0";"2";"1";"1";"0";""
"201900000456";"138 305 690";"B01";"1";"2";"0";"2";"2";"9";"0";""
"201900000457";"138 305 687";"A01";"3";"37";"0";"2";"2";"1";"0";"1"
"201900000457";"138 305 688";"B01";"3";"7";"0";"2";"1";"9";"1";""
"201900000458";"138 305 685";"B01";"1";"7";"0";"2";"4";"23";"0";""
"201900000458";"138 305 686";"A01";"1";"10";"0";"2";"1";"2";"0";""
"201900000459";"138 305 683";"B01";"3";"7";"0";"2";"3";"0";"1";""
"201900000459";"138 305 684";"A01";"3";"7";"0";"0";"3";"0";"1";""
"201900000460";"138 305 682";"A01";"2";"7";"0";"1";"3";"26";"1";""
"201900000461";"138 305 680";"A01";"3";"10";"0";"2";"1";"2";"1";""
"201900000461";"138 305 681";"B01";"1";"10";"0";"2";"4";"23";"1";""
"201900000462";"138 305 679";"A01";"3";"7";"0";"1";"3";"15";"2";""
"201900000463";"138 305 676";"A01";"0";"7";"0";"2";"4";"1";"1";""
"201900000463";"138 305 677";"B01";"0";"7";"0";"2";"4";"1";"1";""
"201900000463";"138 305 678";"C01";"0";"7";"0";"2";"1";"1";"2";""
"201900000464";"138 305 674";"B01";"3";"7";"0";"0";"3";"26";"0";""
"201900000464";"138 305 675";"A01";"3";"37";"0";"1";"5";"14";"0";"1"
"201900000465";"138 305 673";"A01";"3";"7";"0";"1";"2";"1";"0";""
"201900000466";"138 305 671";"B01";"3";"0";"0";"2";"8";"19";"5";""
"201900000466";"138 305 672";"A01";"1";"7";"0";"1";"4";"4";"1";""
"201900000467";"138 305 670";"A01";"0";"7";"3";"1";"1";"26";"0";""
"201900000468";"138 305 668";"B01";"1";"1";"0";"2";"1";"1";"5";""
"201900000468";"138 305 669";"A01";"2";"7";"0";"2";"7";"15";"1";""
"201900000469";"138 305 666";"B01";"2";"7";"0";"2";"4";"2";"0";""
"201900000469";"138 305 667";"A01";"2";"7";"0";"2";"1";"2";"0";""
"201900000470";"138 305 665";"A01";"2";"33";"0";"0";"3";"0";"0";""
"201900000471";"138 305 664";"Z01";"3";"7";"0";"1";"0";"0";"0";""
"201900000472";"138 305 662";"B01";"2";"2";"0";"2";"1";"3";"1";""
"201900000472";"138 305 663";"A01";"1";"7";"0";"2";"2";"15";"1";""
"201900000473";"138 305 660";"A01";"2";"7";"0";"2";"5";"12";"1";""
"201900000473";"138 305 661";"B01";"2";"33";"0";"2";"3";"18";"1";""
"201900000474";"138 305 658";"B01";"1";"7";"12";"2";"0";"14";"1";""
"201900000474";"138 305 659";"A01";"1";"33";"0";"2";"3";"1";"1";""
"201900000475";"138 305 656";"A01";"2";"33";"0";"2";"6";"1";"1";""
"201900000475";"138 305 657";"Z01";"1";"7";"0";"2";"3";"15";"1";""
"201900000476";"138 305 655";"Z01";"1";"33";"0";"1";"1";"1";"1";""
"201900000477";"138 305 653";"B01";"1";"32";"0";"2";"4";"23";"1";""
"201900000477";"138 305 654";"A01";"1";"7";"0";"2";"1";"2";"1";""
"201900000478";"138 305 651";"A01";"2";"14";"0";"2";"3";"1";"1";""
"201900000478";"138 305 652";"B01";"2";"1";"0";"2";"7";"12";"5";""
"201900000479";"138 305 649";"B01";"2";"7";"0";"2";"3";"10";"2";""
"201900000479";"138 305 650";"A01";"2";"32";"0";"2";"1";"17";"1";""
"201900000480";"138 305 648";"A01";"1";"1";"0";"1";"1";"1";"5";""
"201900000481";"138 305 646";"A01";"2";"31";"1";"2";"1";"17";"1";""
"201900000481";"138 305 647";"B01";"2";"10";"0";"2";"0";"23";"1";""
"201900000482";"138 305 644";"A01";"2";"7";"0";"2";"5";"16";"1";""
"201900000482";"138 305 645";"B01";"2";"30";"0";"2";"3";"18";"1";""
"201900000483";"138 305 642";"A01";"1";"1";"0";"2";"6";"9";"5";""
"201900000483";"138 305 643";"Z01";"1";"30";"0";"2";"1";"1";"0";""
"201900000484";"138 305 640";"A01";"1";"7";"0";"2";"1";"1";"1";""
"201900000484";"138 305 641";"B01";"1";"7";"0";"2";"8";"1";"1";""
"201900000485";"138 305 639";"A01";"2";"33";"0";"1";"1";"7";"1";""
"201900000486";"138 305 637";"A01";"1";"7";"0";"2";"2";"15";"1";""
"201900000486";"138 305 638";"B01";"2";"33";"0";"2";"1";"1";"1";""
"201900000487";"138 305 636";"A01";"2";"7";"16";"0";"1";"16";"1";""
"201900000488";"138 305 633";"A01";"3";"3";"0";"2";"6";"26";"1";""
"201900000488";"138 305 634";"B01";"3";"3";"0";"2";"2";"21";"1";""
"201900000488";"138 305 635";"C01";"3";"3";"0";"2";"1";"2";"2";""
"201900000489";"138 305 631";"A01";"2";"33";"0";"1";"2";"2";"0";""
"201900000489";"138 305 632";"B01";"2";"1";"0";"2";"3";"9";"5";""
"201900000490";"138 305 629";"B01";"2";"7";"0";"2";"4";"23";"1";""
"201900000490";"138 305 630";"A01";"2";"7";"0";"2";"1";"1";"1";""
"201900000491";"138 305 628";"A01";"3";"50";"0";"1";"1";"15";"3";""
"201900000492";"138 305 627";"A01";"1";"7";"0";"1";"7";"1";"1";""
"201900000493";"138 305 626";"A01";"2";"7";"0";"1";"2";"1";"1";""
"201900000494";"138 305 624";"B01";"3";"7";"0";"2";"1";"1";"1";""
"201900000494";"138 305 625";"A01";"3";"7";"0";"2";"1";"26";"1";""
"201900000495";"138 305 622";"A01";"0";"7";"14";"0";"1";"26";"0";""
"201900000495";"138 305 623";"B01";"0";"10";"0";"0";"0";"0";"0";""
"201900000496";"138 305 621";"A01";"3";"7";"0";"1";"4";"0";"1";""
"201900000497";"138 305 619";"A01";"3";"33";"0";"2";"2";"17";"1";""
"201900000497";"138 305 620";"B01";"3";"80";"0";"2";"8";"15";"3";""
"201900000498";"138 305 617";"A01";"2";"7";"0";"2";"8";"22";"1";""
"201900000498";"138 305 618";"B01";"2";"1";"1";"0";"1";"2";"5";""
"201900000499";"138 305 616";"A01";"2";"10";"0";"1";"1";"9";"0";""
"201900000500";"138 305 614";"A01";"2";"7";"0";"1";"8";"19";"1";""
"201900000500";"138 305 615";"AB01";"2";"0";"0";"2";"3";"19";"5";""
"201900000501";"138 305 610";"C01";"1";"7";"0";"2";"1";"1";"1";""
"201900000501";"138 305 611";"A01";"1";"7";"0";"2";"3";"26";"1";""
"201900000501";"138 305 612";"D01";"3";"7";"0";"2";"6";"16";"1";""
"201900000501";"138 305 613";"B01";"1";"33";"0";"2";"5";"15";"1";""
"201900000502";"138 305 608";"B01";"1";"7";"0";"2";"5";"0";"1";""
"201900000502";"138 305 609";"A01";"1";"32";"0";"2";"1";"18";"1";""
"201900000503";"138 305 607";"A01";"2";"33";"0";"0";"0";"1";"0";""
"201900000504";"138 305 605";"A01";"1";"7";"0";"9";"3";"1";"1";""
"201900000504";"138 305 606";"B01";"1";"60";"0";"2";"1";"1";"5";""
"201900000505";"138 305 604";"A01";"1";"99";"8";"1";"2";"13";"1";""
"201900000506";"138 305 602";"A01";"1";"7";"0";"2";"3";"9";"1";""
"201900000506";"138 305 603";"B01";"1";"7";"0";"2";"1";"1";"1";""
"201900000507";"138 305 600";"B01";"3";"60";"0";"2";"1";"1";"5";""
"201900000507";"138 305 601";"A01";"3";"7";"6";"2";"3";"26";"0";""
"201900000508";"138 305 599";"A01";"1";"7";"0";"1";"2";"1";"1";""
"201900000509";"138 305 597";"B01";"2";"17";"0";"2";"8";"1";"1";""
"201900000509";"138 305 598";"A01";"1";"7";"0";"2";"3";"13";"1";""
"201900000510";"138 305 595";"B01";"1";"7";"0";"2";"3";"1";"1";""
"201900000510";"138 305 596";"A01";"2";"32";"0";"2";"1";"1";"1";""
"201900000511";"138 305 592";"C01";"1";"7";"0";"2";"4";"2";"1";""
"201900000511";"138 305 593";"B01";"1";"7";"0";"2";"4";"2";"1";""
"201900000511";"138 305 594";"A01";"1";"7";"0";"2";"1";"2";"1";""
"201900000512";"138 305 589";"A01";"2";"7";"0";"2";"1";"2";"1";""
"201900000512";"138 305 590";"B01";"2";"7";"0";"2";"4";"1";"1";""
"201900000512";"138 305 591";"C01";"2";"7";"0";"2";"6";"1";"1";""
"201900000513";"138 305 585";"A01";"1";"7";"2";"0";"9";"1";"1";""
"201900000514";"138 305 583";"A01";"1";"99";"0";"0";"6";"26";"1";""
"201900000514";"138 305 584";"B01";"2";"33";"0";"0";"0";"1";"6";""
"201900000515";"138 305 581";"A01";"3";"3";"0";"0";"8";"1";"1";""
"201900000515";"138 305 582";"B01";"3";"7";"0";"2";"1";"1";"1";""
"201900000516";"138 305 579";"A01";"2";"7";"0";"2";"3";"0";"1";""
"201900000516";"138 305 580";"B01";"1";"7";"0";"2";"3";"1";"0";""
"201900000517";"138 305 577";"B01";"2";"33";"0";"2";"1";"1";"1";""
"201900000517";"138 305 578";"A01";"1";"7";"0";"2";"3";"15";"1";""
"201900000518";"138 305 575";"A01";"1";"7";"0";"2";"2";"0";"0";""
"201900000518";"138 305 576";"B01";"1";"7";"0";"2";"3";"0";"0";""
"201900000519";"138 305 574";"A01";"1";"7";"7";"0";"8";"13";"1";""
"201900000520";"138 305 572";"A01";"3";"2";"0";"2";"2";"1";"1";""
"201900000520";"138 305 573";"B01";"3";"7";"0";"2";"2";"5";"1";""
"201900000521";"138 305 570";"A01";"2";"7";"0";"2";"1";"1";"1";""
"201900000521";"138 305 571";"B01";"2";"7";"0";"2";"3";"1";"1";""
"201900000522";"138 305 569";"A01";"2";"7";"0";"1";"2";"1";"1";""
"201900000523";"138 305 567";"A01";"3";"7";"0";"2";"1";"2";"0";""
"201900000523";"138 305 568";"B01";"3";"7";"0";"2";"1";"1";"1";""
"201900000524";"138 305 565";"B01";"2";"7";"0";"2";"3";"1";"1";""
"201900000524";"138 305 566";"A01";"1";"33";"0";"2";"1";"17";"1";""
"201900000525";"138 305 563";"B01";"2";"7";"0";"2";"1";"1";"1";""
"201900000525";"138 305 564";"A01";"1";"7";"0";"2";"2";"15";"1";""
"201900000526";"138 305 561";"B01";"0";"80";"0";"2";"1";"5";"3";""
"201900000526";"138 305 562";"A01";"0";"7";"0";"9";"3";"1";"1";""
"201900000527";"138 305 560";"A01";"1";"33";"13";"0";"0";"1";"1";""
"201900000528";"138 305 558";"B01";"3";"1";"0";"2";"1";"1";"5";""
"201900000528";"138 305 559";"A01";"3";"7";"0";"2";"2";"1";"1";""
"201900000529";"138 305 555";"A01";"2";"7";"13";"0";"3";"1";"1";""
"201900000530";"138 305 553";"B01";"3";"1";"13";"0";"4";"15";"5";""
"201900000530";"138 305 554";"A01";"3";"7";"0";"2";"2";"21";"1";""
"201900000531";"138 305 552";"A01";"1";"33";"0";"0";"0";"1";"1";""
"201900000532";"138 305 551";"A01";"3";"7";"0";"1";"1";"1";"1";""
"201900000533";"138 305 550";"A01";"3";"3";"0";"1";"1";"15";"1";""
"201900000534";"138 305 549";"A01";"2";"2";"0";"0";"7";"16";"1";""
"201900000535";"138 305 548";"A01";"1";"33";"13";"0";"1";"2";"1";""
"201900000536";"138 305 546";"A01";"1";"34";"0";"6";"1";"1";"1";""
"201900000537";"138 305 544";"B01";"1";"7";"0";"2";"1";"1";"1";""
"201900000537";"138 305 545";"A01";"1";"13";"6";"0";"3";"1";"1";""
"201900000538";"138 305 543";"A01";"1";"1";"0";"0";"0";"1";"5";""
"201900000539";"138 305 541";"B01";"2";"7";"0";"0";"4";"1";"2";""
"201900000539";"138 305 542";"A01";"2";"7";"0";"2";"1";"1";"1";""
"201900000540";"138 305 540";"A01";"1";"7";"2";"0";"1";"1";"6";""
"201900000541";"138 305 539";"B01";"1";"7";"0";"1";"2";"1";"1";""
"201900000542";"138 305 538";"A01";"1";"99";"16";"0";"3";"1";"6";""
"201900000543";"138 305 534";"B01";"3";"31";"0";"2";"1";"1";"1";""
"201900000543";"138 305 535";"A01";"3";"7";"0";"2";"3";"15";"1";""
"201900000544";"138 305 532";"B01";"2";"34";"0";"2";"1";"2";"1";""
"201900000544";"138 305 533";"A01";"2";"7";"0";"0";"4";"15";"1";""
"201900000545";"138 305 531";"A01";"0";"7";"0";"1";"3";"19";"1";""
"201900000546";"138 305 529";"B01";"0";"33";"0";"2";"1";"1";"1";""
"201900000546";"138 305 530";"A01";"0";"7";"0";"2";"2";"5";"1";""
"201900000547";"138 305 528";"A01";"1";"7";"0";"1";"1";"0";"1";""
"201900000548";"138 305 525";"A01";"2";"32";"0";"2";"1";"17";"1";""
"201900000548";"138 305 526";"B01";"2";"7";"0";"2";"8";"15";"1";""
"201900000549";"138 305 524";"A01";"3";"7";"0";"1";"3";"15";"1";""
"201900000550";"138 305 521";"C01";"3";"7";"0";"2";"4";"2";"0";""
"201900000550";"138 305 522";"B01";"3";"7";"0";"2";"4";"2";"1";""
"201900000550";"138 305 523";"A01";"3";"10";"0";"2";"1";"1";"1";""
"201900000551";"138 305 520";"A01";"1";"7";"4";"0";"5";"1";"1";""
"201900000552";"138 305 519";"Z01";"2";"7";"0";"1";"2";"18";"1";""
"201900000553";"138 305 517";"B01";"2";"7";"0";"2";"4";"0";"0";""
"201900000553";"138 305 518";"A01";"2";"7";"0";"2";"1";"26";"0";""
"201900000554";"138 305 516";"A01";"1";"7";"15";"0";"1";"1";"1";""
"201900000555";"138 305 514";"A01";"1";"7";"0";"1";"3";"21";"1";""
"201900000556";"138 305 512";"A01";"2";"7";"0";"2";"2";"12";"1";""
"201900000556";"138 305 513";"B01";"2";"32";"0";"2";"8";"3";"1";""
"201900000557";"138 305 509";"C01";"2";"14";"0";"2";"5";"1";"6";""
"201900000557";"138 305 510";"B01";"2";"37";"0";"2";"6";"23";"1";"1"
"201900000557";"138 305 511";"A01";"2";"33";"0";"2";"1";"17";"1";""
"201900000558";"138 305 508";"A01";"2";"1";"0";"1";"8";"1";"5";""
"201900000559";"138 305 506";"B01";"1";"7";"0";"2";"2";"12";"1";""
"201900000559";"138 305 507";"A01";"1";"30";"0";"2";"8";"18";"1";""
"201900000560";"138 305 504";"B01";"1";"7";"0";"2";"8";"13";"1";""
"201900000560";"138 305 505";"A01";"1";"33";"0";"2";"2";"17";"1";""
"201900000561";"138 305 502";"B01";"1";"7";"0";"2";"7";"22";"1";""
"201900000561";"138 305 503";"A01";"1";"30";"0";"2";"3";"18";"1";""
"201900000562";"138 305 501";"A01";"2";"31";"0";"1";"2";"17";"1";""
"201900000563";"138 305 499";"Z01";"1";"7";"0";"2";"0";"14";"0";""
"201900000563";"138 305 500";"A01";"1";"31";"0";"2";"0";"18";"1";""
"201900000564";"138 305 497";"B01";"1";"32";"0";"2";"2";"1";"1";""
"201900000564";"138 305 498";"A01";"1";"7";"0";"2";"3";"22";"1";""
"201900000565";"138 305 496";"A01";"2";"43";"0";"1";"1";"20";"1";""
"201900000566";"138 305 494";"Z01";"1";"7";"0";"2";"2";"15";"1";""
"201900000566";"138 305 495";"A01";"1";"33";"0";"2";"8";"1";"1";""
"201900000567";"138 305 493";"A01";"2";"32";"0";"0";"8";"1";"1";""
"201900000568";"138 305 491";"B01";"2";"33";"0";"2";"4";"23";"1";""
"201900000568";"138 305 492";"A01";"2";"7";"0";"2";"1";"2";"1";""
"201900000569";"138 305 489";"B01";"1";"30";"0";"2";"0";"9";"1";""
"201900000569";"138 305 490";"Z01";"2";"1";"0";"2";"0";"5";"5";""
"201900000570";"138 305 487";"A01";"1";"7";"0";"2";"3";"15";"1";""
"201900000570";"138 305 488";"B01";"1";"32";"0";"2";"7";"1";"1";""
"201900000571";"138 305 483";"B01";"2";"7";"0";"2";"8";"1";"0";""
"201900000571";"138 305 484";"A01";"1";"7";"0";"2";"3";"1";"1";""
"201900000572";"138 305 482";"A01";"1";"7";"0";"1";"1";"15";"1";""
"201900000573";"138 305 480";"A01";"1";"7";"0";"2";"8";"15";"0";""
"201900000573";"138 305 481";"B01";"2";"37";"0";"2";"2";"15";"0";"2"
"201900000574";"138 305 478";"B01";"1";"50";"0";"2";"8";"0";"3";""
"201900000574";"138 305 479";"A01";"1";"7";"0";"9";"1";"26";"1";""
"201900000575";"138 305 476";"B01";"3";"7";"0";"2";"8";"1";"1";""
"201900000575";"138 305 477";"A01";"3";"10";"0";"2";"1";"5";"1";""
"201900000576";"138 305 474";"B01";"3";"32";"0";"2";"7";"1";"1";""
"201900000576";"138 305 475";"A01";"3";"7";"0";"2";"1";"9";"1";""
"201900000577";"138 305 473";"A01";"2";"7";"0";"1";"1";"15";"1";""
"201900000578";"138 305 471";"A01";"1";"7";"0";"2";"1";"1";"1";""
"201900000578";"138 305 472";"B01";"1";"7";"0";"1";"7";"15";"1";""
"201900000579";"138 305 469";"B01";"1";"34";"0";"2";"1";"3";"1";""
"201900000579";"138 305 470";"A01";"1";"7";"0";"2";"3";"11";"1";""
"201900000580";"138 305 467";"B01";"2";"1";"0";"2";"1";"0";"0";""
"201900000580";"138 305 468";"A01";"1";"7";"0";"2";"7";"15";"1";""
"201900000581";"138 305 466";"A01";"2";"37";"0";"1";"3";"2";"6";"2"
"201900000582";"138 305 461";"A01";"1";"32";"0";"2";"1";"26";"0";""
"201900000582";"138 305 462";"C01";"1";"7";" -1";" -1";" -1";"1";" -1";""
"201900000583";"138 305 460";"A01";"1";"14";"0";"1";"7";"1";"6";""
"201900000584";"138 305 459";"A01";"3";"37";"0";"1";"1";"26";"0";"1"
"201900000585";"138 305 458";"A01";"3";"30";"0";"1";"1";"25";"0";""
"201900000586";"138 305 457";"A01";"3";"13";"0";"1";"4";"4";"6";""
"201900000587";"138 305 455";"B01";"2";"1";"0";"2";"1";"1";"6";""
"201900000587";"138 305 456";"A01";"1";"30";"0";"2";"6";"15";"1";""
"201900000588";"138 305 454";"A01";"2";"7";"0";"1";"3";"1";"1";""
"201900000589";"138 305 453";"A01";"0";"2";"0";"1";"0";"0";" -1";""
"201900000590";"138 305 452";"Z01";"1";"2";"0";"1";"8";"13";"1";""
"201900000591";"138 305 451";"Z01";"3";"30";"0";"1";"1";"25";"1";""
"201900000592";"138 305 449";"A01";"1";"7";"0";"2";"3";"9";"0";""
"201900000592";"138 305 450";"B01";"1";"30";"0";"2";"1";"1";"0";""
"201900000593";"138 305 447";"Z01";"2";"7";"0";"1";"0";"0";"0";""
"201900000593";"138 305 448";"A01";"2";"34";"0";"1";"1";"1";"1";""
"201900000594";"138 305 446";"A01";"3";"7";"0";"1";"1";"1";"1";""
"201900000595";"138 305 445";"A01";"1";"10";"0";"1";"2";"1";"1";""
"201900000596";"138 305 443";"A01";"0";"7";"0";"2";"3";"13";"1";""
"201900000596";"138 305 444";"B01";"3";"21";"0";"2";"3";"0";"1";""
"201900000597";"138 305 442";"A01";"0";"7";"6";"0";"1";"1";"1";""
"201900000598";"138 305 441";"A01";"3";"7";"0";"0";"0";"1";"1";""
"201900000599";"138 305 439";"B01";"3";"7";"1";"0";"1";"1";"1";""
"201900000599";"138 305 440";"A01";"3";"7";"0";"1";"1";"23";"1";""
"201900000600";"138 305 438";"A01";"1";"7";"13";"0";"1";"1";"1";""
"201900000601";"138 305 436";"A01";"2";"7";"15";"2";"1";"1";"1";""
"201900000601";"138 305 437";"B01";"3";"7";"15";"2";"7";"19";"1";""
"201900000602";"138 305 435";"A01";"2";"7";"13";"0";"0";"1";"1";""
"201900000603";"138 305 433";"A01";"2";"7";"0";"2";"3";"1";"0";""
"201900000603";"138 305 434";"B01";"2";"1";"0";"2";"7";"19";"5";""
"201900000604";"138 305 432";"A01";"3";"7";"0";"1";"3";"1";"1";""
"201900000605";"138 305 431";"A01";"3";"7";"8";"0";"1";"1";"0";""
"201900000606";"138 305 429";"B01";"2";"33";"0";"0";"4";"1";"1";""
"201900000606";"138 305 430";"A01";"2";"7";"0";"2";"3";"2";"1";""
"201900000607";"138 305 427";"B01";"2";"7";"0";"2";"3";"1";"1";""
"201900000607";"138 305 428";"A01";"1";"7";"0";"2";"2";"21";"1";""
"201900000608";"138 305 425";"B01";"2";"10";"0";"2";"1";"1";"1";""
"201900000608";"138 305 426";"A01";"1";"10";"0";"2";"1";"5";"1";""
"201900000609";"138 305 424";"A01";"3";"7";"0";"1";"1";"15";"1";""
"201900000610";"138 305 423";"A01";"2";"2";"1";"0";"1";"1";"6";""
"201900000611";"138 305 422";"A01";"0";"10";"0";"1";"1";"1";"1";""
"201900000612";"138 305 421";"A01";"3";"33";"2";"0";"1";"0";"1";""
"201900000613";"138 305 419";"A01";"1";"7";"0";"2";"2";"15";"1";""
"201900000613";"138 305 420";"B01";"2";"1";"0";"2";"1";"1";"5";""
"201900000614";"138 305 417";"A01";"1";"7";"0";"2";"3";"1";"0";""
"201900000614";"138 305 418";"B01";"2";"7";"0";"2";"3";"1";"0";""
"201900000615";"138 305 416";"A01";"2";"7";"0";"1";"1";"1";"1";""
"201900000616";"138 305 414";"A01";"1";"7";"0";"2";"3";"1";"1";""
"201900000616";"138 305 415";"B01";"2";"7";"0";"2";"3";"1";"1";""
"201900000617";"138 305 412";"A01";"3";"33";"0";"2";"1";"5";"1";""
"201900000617";"138 305 413";"B01";"3";"7";"0";"2";"3";"15";"1";""
"201900000618";"138 305 411";"A01";"1";"7";"0";"1";"1";"17";"1";""
"201900000619";"138 305 410";"A01";"2";"7";"13";"0";"9";"2";"1";""
"201900000620";"138 305 409";"A01";"0";"7";"2";"0";"3";"0";"1";""
"201900000621";"138 305 408";"A01";"3";"10";"2";"0";"2";"1";"1";""
"201900000622";"138 305 407";"A01";"0";"10";"12";"0";"0";"1";"1";""
"201900000623";"138 305 406";"A01";"2";"7";"15";"0";"1";"0";"1";""
"201900000624";"138 305 405";"A01";"2";"30";"0";"0";"9";"1";"1";""
"201900000625";"138 305 404";"A01";"1";"7";"0";"0";"9";"1";"1";""
"201900000626";"138 305 402";"B01";"2";"2";"0";"2";"7";"19";"1";""
"201900000626";"138 305 403";"A01";"2";"7";"0";"2";"3";"1";"1";""
"201900000627";"138 305 401";"A01";"1";"7";"5";"0";"2";"1";"1";""
"201900000628";"138 305 399";"B01";"2";"7";"0";"0";"7";"15";"1";""
"201900000628";"138 305 400";"A01";"1";"2";"0";"2";"1";"1";"1";""
"201900000629";"138 305 396";"C01";"1";"7";"0";"2";"8";"0";"1";""
"201900000629";"138 305 397";"B01";"2";"7";"0";"2";"3";"0";"1";""
"201900000629";"138 305 398";"A01";"1";"7";"4";"2";"0";"0";"1";""
"201900000630";"138 305 392";"A01";"1";"10";"0";"2";"2";"13";"1";""
"201900000630";"138 305 393";"B01";"1";"17";"0";"2";"6";"1";"6";""
"201900000630";"138 305 394";"C01";"1";"7";"0";"2";"1";"1";"1";""
"201900000630";"138 305 395";"D01";"1";"7";"0";"2";"1";"1";"1";""
"201900000631";"138 305 390";"B01";"1";"7";"13";"2";"6";"1";"1";""