"Num_Acc";"id_vehicule";"num_veh";"senc";"catv";"obs";"obsm";"choc";"manv";"motor";"occutc"
"201900001236";"138 304 262";"Z01";"2";"7";"0";"2";"1";"2";"0";""
"201900001236";"138 304 263";"A01";"2";"7";"3";"2";"4";"12";"1";""
"201900001237";"138 304 260";"B01";"1";"7";"0";"2";"5";"1";"1";""
"201900001237";"138 304 261";"A01";"1";"32";"12";"2";"1";"3";"1";""
"201900001238";"138 304 251";"B01";"1";"7";"0";"2";"5";"1";"1";""
"201900001238";"138 304 252";"C01";"1";"7";"0";"0";"0";"11";"1";""
"201900001238";"138 304 253";"A01";"1";"31";"0";"2";"1";"21";"1";""
"201900001239";"138 304 249";"A01";"1";"31";"0";"2";"3";"3";"1";""
"201900001239";"138 304 250";"B01";"1";"7";"0";"2";"2";"1";"1";""
"201900001240";"138 304 247";"A01";"1";"7";"0";"2";"4";"26";"1";""
"201900001240";"138 304 248";"B01";"1";"10";"0";"2";"1";"2";"1";""
"201900001241";"138 304 244";"A01";"2";"7";"16";"0";"3";"1";"1";""
"201900001241";"138 304 245";"C01";"2";"33";"0";"2";"1";"2";"1";""
"201900001241";"138 304 246";"B01";"2";"7";"0";"2";"4";"1";"1";""
"201900001242";"138 304 241";"A01";"1";"7";"0";"2";"1";"2";"1";""
"201900001242";"138 304 242";"C01";"1";"7";"0";"2";"4";"23";"1";""
"201900001242";"138 304 243";"B01";"1";"7";"0";"2";"4";"23";"1";""
"201900001243";"138 304 236";"A01";"1";"10";"0";"2";"1";"11";"1";""
"201900001243";"138 304 237";"B01";"1";"7";"0";"2";"4";"11";"1";""
"201900001243";"138 304 238";"C01";"2";"7";"0";"2";"2";"1";"1";""
"201900001243";"138 304 239";"D01";"2";"7";"0";"2";"8";"1";"1";""
"201900001243";"138 304 240";"E01";"2";"7";"0";"2";"8";"2";"1";""
"201900001244";"138 304 232";"C01";"1";"10";"0";"2";"4";"2";"1";""
"201900001244";"138 304 233";"B01";"1";"10";"0";"2";"4";"23";"1";""
"201900001244";"138 304 234";"A01";"1";"10";"0";"2";"1";"2";"1";""
"201900001244";"138 304 235";"D01";"1";"7";"0";"2";"4";"2";"1";""
"201900001245";"138 304 230";"B01";"2";"7";"4";"2";"6";"26";"1";""
"201900001245";"138 304 231";"A01";"2";"7";"1";"2";"2";"1";"1";""
"201900001246";"138 304 228";"A01";"2";"33";"0";"2";"3";"18";"1";""
"201900001246";"138 304 229";"B01";"2";"7";"0";"2";"5";"12";"1";""
"201900001247";"138 304 226";"B01";"2";"7";"0";"2";"4";"2";"1";""
"201900001247";"138 304 227";"A01";"2";"33";"0";"2";"1";"2";"1";""
"201900001248";"138 304 220";"A01";"2";"10";"0";"2";"1";"1";"1";""
"201900001248";"138 304 221";"B01";"2";"7";"0";"6";"4";"1";"1";""
"201900001249";"138 304 218";"B01";"1";"15";"0";"2";"4";"1";"0";""
"201900001249";"138 304 219";"A01";"1";"10";"0";"2";"2";"17";"0";""
"201900001250";"138 304 217";"A01";"2";"33";"13";"0";"1";"16";"1";""
"201900001251";"138 304 215";"A01";"1";"7";"0";"2";"1";"2";"1";""
"201900001251";"138 304 216";"B01";"1";"7";"0";"2";"4";"2";"1";""
"201900001252";"138 304 213";"B01";"1";"7";"0";"2";"4";"1";"1";""
"201900001252";"138 304 214";"A01";"1";"7";"0";"2";"1";"2";"1";""
"201900001253";"138 304 211";"B01";"1";"33";"0";"2";"1";"1";"1";""
"201900001253";"138 304 212";"A01";"2";"7";"0";"2";"7";"19";"1";""
"201900001254";"138 304 207";"A01";"1";"31";"0";"2";"1";"2";"1";""
"201900001254";"138 304 208";"C01";"1";"31";"0";"2";"4";"2";"1";""
"201900001254";"138 304 209";"B01";"1";"31";"0";"2";"4";"2";"1";""
"201900001254";"138 304 210";"D01";"1";"10";"0";"2";"6";"23";"1";""
"201900001255";"138 304 205";"A01";"2";"17";"0";"2";"2";"12";"1";""
"201900001255";"138 304 206";"B01";"2";"7";"0";"2";"8";"1";"1";""
"201900001256";"138 304 202";"A01";"1";"14";"0";"2";"1";"2";"1";""
"201900001256";"138 304 203";"C01";"1";"7";"0";"2";"4";"2";"1";""
"201900001256";"138 304 204";"B01";"1";"7";"0";"2";"4";"2";"1";""
"201900001257";"138 304 201";"A01";"1";"7";"4";"0";"1";"26";"1";""
"201900001258";"138 304 199";"B01";"1";"10";"3";"2";"8";"1";"1";""
"201900001258";"138 304 200";"A01";"1";"7";"4";"2";"2";"14";"1";""
"201900001259";"138 304 196";"B01";"2";"7";"0";"2";"3";"14";"1";""
"201900001259";"138 304 197";"C01";"2";"7";"0";"2";"8";"12";"1";""
"201900001259";"138 304 198";"A01";"2";"7";"0";"2";"8";"11";"1";""
"201900001260";"138 304 194";"B01";"1";"33";"0";"2";"1";"1";"1";""
"201900001260";"138 304 195";"A01";"1";"7";"0";"2";"3";"10";"1";""
"201900001261";"138 304 192";"B01";"2";"14";"0";"2";"2";"1";"1";""
"201900001261";"138 304 193";"A01";"2";"7";"0";"2";"6";"9";"1";""
"201900001262";"138 304 189";"A01";"1";"15";"3";"2";"3";"13";"1";""
"201900001262";"138 304 190";"B01";"2";"7";"0";"2";"3";"1";"1";""
"201900001262";"138 304 191";"C01";"2";"7";"0";"2";"2";"1";"1";""
"201900001263";"138 304 188";"A01";"1";"33";"15";"0";"1";"15";"1";""
"201900001264";"138 304 185";"A01";"2";"10";"0";"2";"1";"2";"1";""
"201900001264";"138 304 186";"B01";"2";"7";"0";"2";"4";"2";"1";""
"201900001264";"138 304 187";"C01";"2";"7";"0";"2";"4";"2";"1";""
"201900001265";"138 304 183";"B01";"2";"10";"0";"2";"4";"1";"1";""
"201900001265";"138 304 184";"A01";"2";"10";"0";"2";"2";"17";"1";""
"201900001266";"138 304 182";"A01";"1";"34";"0";"0";"7";"1";"1";""
"201900001267";"138 304 179";"C01";"2";"7";"0";"2";"1";"2";"1";""
"201900001267";"138 304 180";"B01";"2";"7";"0";"2";"4";"2";"1";""
"201900001267";"138 304 181";"A01";"2";"7";"0";"2";"4";"1";"1";""
"201900001268";"138 304 175";"A01";"1";"15";"0";"2";"7";"12";"1";""
"201900001268";"138 304 176";"B01";"1";"7";"0";"2";"8";"1";"1";""
"201900001269";"138 304 173";"B01";"1";"10";"0";"2";"1";"2";"1";""
"201900001269";"138 304 174";"A01";"1";"7";"0";"2";"4";"2";"1";""
"201900001270";"138 304 171";"A01";"2";"7";"0";"2";"8";"1";"1";""
"201900001270";"138 304 172";"B01";"2";"15";"0";"2";"2";"14";"1";""
"201900001271";"138 304 168";"C01";"1";"7";"0";"2";"4";"1";"1";""
"201900001271";"138 304 169";"B01";"1";"7";"0";"2";"2";"1";"1";""
"201900001271";"138 304 170";"A01";"1";"7";"0";"2";"3";"1";"1";""
"201900001272";"138 304 166";"A01";"1";"33";"0";"2";"8";"3";"1";""
"201900001272";"138 304 167";"B01";"1";"7";"0";"2";"6";"1";"1";""
"201900001273";"138 304 164";"A01";"2";"17";"0";"2";"2";"12";"1";""
"201900001273";"138 304 165";"B01";"2";"7";"0";"2";"8";"1";"1";""
"201900001274";"138 304 162";"B01";"1";"7";"0";"2";"5";"1";"1";""
"201900001274";"138 304 163";"A01";"1";"33";"0";"2";"8";"21";"1";""
"201900001275";"138 304 160";"B01";"1";"7";"0";"2";"4";"2";"1";""
"201900001275";"138 304 161";"A01";"1";"10";"0";"2";"1";"2";"1";""
"201900001276";"138 304 159";"A01";"1";"7";"4";"0";"3";"13";"1";""
"201900001277";"138 304 158";"A01";"1";"7";"3";"0";"1";"13";"1";""
"201900001278";"138 304 156";"B01";"2";"7";"3";"2";"8";"1";"1";""
"201900001278";"138 304 157";"A01";"2";"17";"0";"2";"2";"12";"1";""
"201900001279";"138 304 154";"B01";"1";"17";"0";"2";"5";"1";"1";""
"201900001279";"138 304 155";"A01";"1";"14";"4";"2";"3";"14";"1";""
"201900001280";"138 304 152";"B01";"1";"17";"0";"2";"4";"2";"1";""
"201900001280";"138 304 153";"A01";"1";"7";"0";"2";"1";"1";"1";""
"201900001281";"138 304 151";"A01";"2";"33";"0";"2";"0";"21";"1";""
"201900001282";"138 304 149";"B01";"2";"7";"0";"2";"5";"14";"0";""
"201900001282";"138 304 150";"A01";"2";"33";"0";"2";"1";"3";"1";""
"201900001283";"138 304 148";"A01";"1";"7";"11";"0";"1";"14";"1";""
"201900001284";"138 304 144";"D01";"2";"7";"0";"2";"6";"2";"1";""
"201900001284";"138 304 145";"C01";"2";"10";"0";"2";"5";"2";"1";""
"201900001284";"138 304 146";"B01";"2";"7";"0";"2";"0";"2";"1";""
"201900001284";"138 304 147";"A01";"2";"7";"0";"2";"1";"1";"1";""
"201900001285";"138 304 140";"D01";"1";"7";"0";"2";"2";"1";"1";""
"201900001285";"138 304 141";"C01";"1";"10";"0";"2";"8";"1";"1";""
"201900001285";"138 304 142";"B01";"1";"7";"0";"2";"5";"1";"1";""
"201900001285";"138 304 143";"A01";"1";"33";"0";"2";"8";"3";"1";""
"201900001286";"138 304 139";"A01";"2";"7";"0";"6";"9";"14";"1";""
"201900001287";"138 304 137";"B01";"1";"7";"0";"2";"2";"12";"1";""
"201900001287";"138 304 138";"A01";"1";"32";"0";"2";"1";"3";"1";""
"201900001288";"138 304 134";"C01";"2";"33";"0";"2";"7";"1";"1";""
"201900001288";"138 304 135";"B01";"2";"7";"3";"2";"4";"23";"1";""
"201900001288";"138 304 136";"A01";"2";"7";"0";"2";"1";"2";"1";""
"201900001289";"138 304 133";"A01";"1";"7";"0";"0";"0";"9";"1";""
"201900001290";"138 304 132";"A01";"1";"7";"0";"1";"1";"1";"1";""
"201900001291";"138 304 130";"A01";"1";"7";"0";"2";"1";"1";"1";""
"201900001291";"138 304 131";"B01";"1";"17";"0";"2";"4";"1";"1";""
"201900001292";"138 304 129";"A01";"2";"33";"0";"2";"0";"1";"1";""
"201900001293";"138 304 128";"A01";"1";"15";"0";"1";"1";"1";"1";""
"201900001294";"138 304 127";"A01";"2";"7";"7";"0";"1";"1";"1";""
"201900001295";"138 304 126";"A01";"2";"7";"0";"0";"0";"1";"1";""
"201900001296";"138 304 123";"A01";"1";"10";"0";"2";"1";"1";"1";""
"201900001296";"138 304 124";"C01";"1";"10";"0";"2";"4";"1";"1";""
"201900001296";"138 304 125";"B01";"1";"10";"0";"2";"4";"1";"1";""
"201900001297";"138 304 119";"D01";"2";"7";"0";"2";"4";"2";"3";""
"201900001297";"138 304 120";"B01";"2";"7";"0";"2";"4";"2";"1";""
"201900001297";"138 304 121";"C01";"2";"7";"0";"2";"4";"2";"1";""
"201900001297";"138 304 122";"A01";"2";"7";"0";"2";"1";"2";"1";""
"201900001298";"138 304 117";"A01";"2";"7";"0";"2";"7";"12";"1";""
"201900001298";"138 304 118";"B01";"2";"31";"0";"2";"8";"3";"1";""
"201900001299";"138 304 115";"B01";"2";"33";"0";"2";"8";"3";"1";""
"201900001299";"138 304 116";"A01";"2";"7";"0";"2";"7";"14";"1";""
"201900001300";"138 304 112";"A01";"1";"7";"0";"2";"7";"1";"1";""
"201900001300";"138 304 113";"C01";"1";"33";"0";"2";"2";"3";"1";""
"201900001300";"138 304 114";"B01";"1";"17";"0";"2";"6";"1";"1";""
"201900001301";"138 304 109";"C01";"1";"7";"0";"2";"5";"1";"1";""
"201900001301";"138 304 110";"B01";"1";"33";"0";"2";"3";"3";"1";""
"201900001301";"138 304 111";"A01";"1";"7";"0";"2";"3";"12";"1";""
"201900001302";"138 304 107";"B01";"2";"15";"0";"2";"1";"1";"1";""
"201900001302";"138 304 108";"A01";"2";"7";"0";"2";"4";"1";"1";""
"201900001303";"138 304 103";"D01";"2";"7";"0";"2";"0";"0";"0";""
"201900001303";"138 304 104";"B01";"2";"7";"0";"2";"0";"0";"0";""
"201900001303";"138 304 105";"C01";"2";"7";"0";"2";"0";"0";"0";""
"201900001303";"138 304 106";"A01";"2";"7";"0";"2";"1";"2";"0";""
"201900001304";"138 304 101";"A01";"2";"7";"1";"0";"1";"2";"1";""
"201900001304";"138 304 102";"B01";"2";"7";"0";"2";"4";"23";"1";""
"201900001305";"138 304 099";"B01";"1";"7";"0";"2";"1";"1";"1";""
"201900001305";"138 304 100";"A01";"2";"7";"0";"2";"1";"5";"1";""
"201900001306";"138 304 097";"A01";"1";"10";"0";"2";"8";"13";"1";""
"201900001306";"138 304 098";"B01";"1";"15";"0";"2";"2";"1";"1";""
"201900001307";"138 304 095";"A01";"2";"34";"0";"2";"1";"2";"1";""
"201900001307";"138 304 096";"B01";"2";"10";"0";"2";"4";"2";"1";""
"201900001308";"138 304 093";"B01";"2";"15";"0";"0";"0";"0";"1";""
"201900001308";"138 304 094";"A01";"2";"7";"0";"0";"0";"0";"1";""
"201900001309";"138 304 091";"B01";"1";"7";"0";"2";"4";"2";"1";""
"201900001309";"138 304 092";"A01";"1";"43";"0";"2";"1";"2";"1";""
"201900001310";"138 304 089";"B01";"1";"7";"0";"2";"8";"18";"1";""
"201900001310";"138 304 090";"A01";"1";"13";"0";"2";"2";"12";"1";""
"201900001311";"138 304 087";"B01";"2";"33";"0";"2";"2";"1";"1";""
"201900001311";"138 304 088";"A01";"2";"10";"0";"2";"8";"11";"1";""
"201900001312";"138 304 085";"A01";"2";"7";"0";"2";"2";"12";"1";""
"201900001312";"138 304 086";"B01";"2";"31";"0";"2";"8";"3";"1";""
"201900001313";"138 304 081";"A01";"1";"7";"0";"2";"1";"2";"1";""
"201900001313";"138 304 082";"C01";"1";"7";"0";"2";"4";"2";"1";""
"201900001313";"138 304 083";"B01";"1";"7";"0";"2";"4";"2";"1";""
"201900001313";"138 304 084";"D01";"1";"7";"0";"2";"4";"2";"3";""
"201900001314";"138 304 079";"A01";"2";"33";"0";"2";"1";"14";"1";""
"201900001314";"138 304 080";"B01";"2";"10";"0";"2";"5";"1";"1";""
"201900001315";"138 304 074";"B01";"1";"7";"0";"2";"4";"2";"1";""
"201900001315";"138 304 075";"C01";"1";"7";"0";"2";"4";"2";"1";""
"201900001315";"138 304 076";"A01";"1";"7";"0";"2";"1";"2";"1";""
"201900001316";"138 304 072";"B01";"2";"7";"0";"2";"4";"1";"1";""
"201900001316";"138 304 073";"A01";"2";"7";"0";"2";"1";"1";"1";""
"201900001317";"138 304 070";"A01";"2";"33";"0";"2";"7";"1";"1";""
"201900001317";"138 304 071";"B01";"2";"7";"0";"2";"4";"1";"1";""
"201900001318";"138 304 069";"A01";"1";"7";"3";"0";"1";"18";"1";""
"201900001319";"138 304 067";"A01";"2";"33";"0";"2";"8";"11";"1";""
"201900001319";"138 304 068";"B01";"2";"99";"0";"2";"7";"1";"1";""
"201900001320";"138 304 066";"A01";"1";"7";"6";"0";"1";"14";"1";""
"201900001321";"138 304 064";"B01";"1";"7";"0";"2";"4";"1";"1";""
"201900001321";"138 304 065";"A01";"1";"10";"0";"2";"1";"1";"0";""
"201900001322";"138 304 062";"B01";"1";"7";"0";"2";"4";"1";"1";""
"201900001322";"138 304 063";"A01";"1";"7";"0";"2";"2";"18";"1";""
"201900001323";"138 304 059";"B01";"2";"10";"0";"2";"4";"0";"1";""
"201900001323";"138 304 060";"C01";"2";"7";"0";"0";"4";"1";"1";""
"201900001323";"138 304 061";"A01";"2";"7";"0";"2";"1";"1";"1";""
"201900001324";"138 304 057";"B01";"2";"10";"0";"2";"4";"1";"1";""
"201900001324";"138 304 058";"A01";"2";"7";"0";"2";"1";"2";"1";""
"201900001325";"138 304 055";"B01";"1";"33";"0";"2";"3";"3";"0";""
"201900001325";"138 304 056";"A01";"1";"7";"0";"0";"2";"12";"1";""
"201900001326";"138 304 052";"C01";"1";"7";"0";"2";"4";"1";"1";""
"201900001326";"138 304 053";"Z01";"1";"7";"0";"2";"3";"11";"1";""
"201900001326";"138 304 054";"B01";"0";"34";"0";"2";"7";"1";"1";""
"201900001327";"138 304 050";"B01";"2";"7";"0";"2";"4";"1";"1";""
"201900001327";"138 304 051";"A01";"2";"7";"0";"2";"1";"1";"1";""
"201900001328";"138 304 048";"A01";"1";"31";"0";"2";"3";"11";"1";""
"201900001328";"138 304 049";"B01";"1";"7";"0";"2";"5";"1";"1";""
"201900001329";"138 304 046";"B01";"2";"33";"0";"2";"1";"3";"1";""
"201900001329";"138 304 047";"A01";"2";"33";"0";"2";"4";"3";"1";""
"201900001330";"138 304 044";"B01";"2";"7";"1";"0";"2";"0";"1";""
"201900001330";"138 304 045";"A01";"2";"17";"1";"2";"6";"23";"1";""
"201900001331";"138 304 043";"A01";"2";"99";"13";"0";"1";"1";"1";""
"201900001332";"138 304 040";"B01";"2";"7";"0";"2";"0";"0";"1";""
"201900001332";"138 304 041";"C01";"2";"15";"0";"2";"3";"0";"1";""
"201900001332";"138 304 042";"A01";"1";"7";"4";"2";"1";"0";"1";""
"201900001333";"138 304 039";"A01";"1";"34";"14";"0";"0";"12";"1";""
"201900001334";"138 304 037";"A01";"1";"10";"0";"2";"1";"1";"1";""
"201900001334";"138 304 038";"B01";"2";"7";"0";"2";"4";"1";"1";""
"201900001335";"138 304 036";"A01";"2";"34";"0";"0";"7";"13";"1";""
"201900001336";"138 304 032";"D01";"2";"10";"0";"2";"6";"2";"1";""
"201900001336";"138 304 033";"B01";"2";"7";"0";"2";"6";"1";"1";""
"201900001336";"138 304 034";"C01";"2";"7";"0";"2";"4";"2";"1";""
"201900001336";"138 304 035";"A01";"2";"7";"0";"2";"1";"2";"1";""
"201900001337";"138 304 030";"A01";"2";"7";"0";"2";"5";"12";"1";""
"201900001337";"138 304 031";"B01";"2";"33";"0";"2";"3";"2";"1";""
"201900001338";"138 304 028";"A01";"1";"43";"0";"2";"1";"1";"1";""
"201900001338";"138 304 029";"B01";"3";"7";"0";"2";"5";"1";"1";""
"201900001339";"138 304 027";"A01";"1";"7";"4";"0";"3";"1";"1";""
"201900001340";"138 304 026";"A01";"2";"10";"4";"0";"1";"1";"1";""
"201900001341";"138 304 025";"A01";"2";"7";"3";"0";"1";"1";"1";""
"201900001342";"138 304 024";"A01";"1";"15";"4";"0";"1";"1";"1";""
"201900001343";"138 304 023";"A01";"1";"7";"4";"0";"1";"13";"1";""
"201900001344";"138 304 020";"B01";"2";"10";"0";"2";"6";"24";"0";""
"201900001344";"138 304 021";"Z01";"2";"7";"1";"2";"1";"9";"1";""
"201900001344";"138 304 022";"A01";"2";"7";"1";"2";"4";"1";"1";""
"201900001345";"138 304 017";"B01";"2";"7";"0";"2";"4";"2";"1";""
"201900001345";"138 304 018";"C01";"2";"7";"0";"2";"4";"2";"1";""
"201900001345";"138 304 019";"A01";"2";"7";"0";"2";"1";"2";"1";""
"201900001346";"138 304 015";"A01";"2";"10";"3";"2";"2";"1";"1";""
"201900001346";"138 304 016";"B01";"2";"7";"0";"2";"5";"1";"1";""
"201900001347";"138 304 011";"A01";"1";"33";"0";"2";"2";"17";"1";""
"201900001347";"138 304 012";"B01";"1";"7";"0";"2";"6";"12";"1";""
"201900001347";"138 304 013";"C01";"2";"7";"0";"2";"1";"1";"1";""
"201900001347";"138 304 014";"D01";"2";"7";"0";"2";"1";"1";"1";""
"201900001348";"138 304 010";"A01";"2";"33";"0";"0";"2";"3";"1";""
"201900001349";"138 304 005";"A01";"2";"13";"0";"2";"1";"2";"1";""
"201900001349";"138 304 006";"B01";"2";"10";"0";"2";"4";"1";"1";""
"201900001350";"138 304 004";"A01";"2";"33";"0";"2";"8";"1";"1";""
"201900001351";"138 304 002";"A01";"1";"7";"1";"0";"5";"26";"1";""
"201900001351";"138 304 003";"B01";"1";"7";"1";"0";"6";"9";"1";""
"201900001352";"138 304 001";"A01";"2";"7";"4";"0";"3";"0";"1";""
"201900001353";"138 304 000";"A01";"1";"33";"3";"0";"0";"1";"0";""
"201900001354";"138 303 998";"B01";"1";"7";"0";"2";"4";"2";"1";""
"201900001354";"138 303 999";"A01";"1";"7";"0";"2";"1";"2";"1";""
"201900001355";"138 303 996";"B01";"1";"7";"0";"2";"1";"2";"1";""
"201900001355";"138 303 997";"A01";"1";"7";"0";"2";"5";"2";"1";""
"201900001356";"138 303 992";"D01";"2";"7";"0";"2";"6";"1";"0";""
"201900001356";"138 303 993";"C01";"2";"7";"0";"2";"4";"1";"0";""
"201900001356";"138 303 994";"B01";"2";"7";"0";"2";"8";"1";"1";""
"201900001356";"138 303 995";"A01";"2";"7";"0";"2";"3";"26";"1";""
"201900001357";"138 303 990";"A01";"1";"17";"1";"0";"2";"1";"1";""
"201900001357";"138 303 991";"B01";"1";"7";"0";"2";"6";"23";"1";""
"201900001358";"138 303 986";"A01";"1";"7";"0";"2";"3";"1";"0";""
"201900001358";"138 303 987";"B01";"1";"7";"4";"2";"5";"0";"0";""
"201900001359";"138 303 985";"A01";"1";"7";"0";"0";"0";"1";"1";""
"201900001360";"138 303 984";"A01";"1";"33";"0";"0";"7";"3";"1";""
"201900001361";"138 303 981";"C01";"2";"7";"0";"2";"8";"23";"1";""
"201900001361";"138 303 982";"B01";"2";"7";"0";"2";"5";"23";"1";""
"201900001361";"138 303 983";"A01";"2";"34";"0";"4";"1";"3";"1";""
"201900001362";"138 303 980";"A01";"1";"10";"4";"0";"3";"0";"1";""
"201900001363";"138 303 978";"B01";"2";"7";"0";"2";"6";"2";"1";""
"201900001363";"138 303 979";"A01";"2";"31";"0";"2";"1";"2";"1";""
"201900001364";"138 303 977";"A01";"2";"33";"0";"0";"8";"15";"1";""
"201900001365";"138 303 975";"B01";"3";"10";"0";"2";"2";"11";"1";""
"201900001365";"138 303 976";"A01";"3";"7";"0";"2";"1";"1";"1";""
"201900001366";"138 303 973";"B01";"3";"7";"0";"2";"7";"1";"1";""
"201900001366";"138 303 974";"A01";"3";"7";"0";"2";"2";"1";"1";""
"201900001367";"138 303 970";"C01";"0";"10";"0";"2";"4";"23";"1";""
"201900001367";"138 303 971";"B01";"3";"10";"0";"2";"4";"23";"1";""
"201900001367";"138 303 972";"A01";"1";"7";"0";"2";"1";"2";"1";""
"201900001368";"138 303 969";"A01";"3";"7";"0";"1";"1";"19";"1";""
"201900001369";"138 303 966";"C01";"2";"7";"0";"2";"1";"26";"1";""
"201900001369";"138 303 967";"B01";"2";"7";"0";"2";"4";"2";"1";""
"201900001369";"138 303 968";"A01";"3";"7";"0";"2";"1";"2";"1";""
"201900001370";"138 303 965";"A01";"3";"7";"0";"1";"3";"26";"1";""
"201900001371";"138 303 964";"A01";"3";"7";"0";"1";"1";"26";"1";""
"201900001372";"138 303 962";"B01";"3";"30";"0";"2";"2";"0";"0";""
"201900001372";"138 303 963";"A01";"3";"7";"0";"2";"3";"5";"0";""
"201900001373";"138 303 960";"B01";"2";"7";"0";"2";"8";"26";"1";""
"201900001373";"138 303 961";"A01";"2";"32";"0";"2";"1";"17";"1";""
"201900001374";"138 303 958";"A01";"1";"7";"0";"2";"3";"15";"1";""
"201900001374";"138 303 959";"B01";"2";"33";"0";"2";"1";"1";"1";""
"201900001375";"138 303 957";"A01";"2";"7";"0";"1";"3";"26";"0";""
"201900001376";"138 303 956";"A01";"2";"7";"0";"2";"3";"11";"1";""
"201900001377";"138 303 955";"A01";"2";"30";"0";"1";"1";"18";"0";""
"201900001378";"138 303 953";"B01";"2";"7";"0";"2";"1";"0";"1";""
"201900001378";"138 303 954";"A01";"2";"2";"0";"2";"4";"1";"1";""
"201900001379";"138 303 949";"A01";"2";"7";"0";"2";"1";"1";"0";""
"201900001379";"138 303 950";"B01";"2";"7";"0";"2";"4";"1";"0";""
"201900001379";"138 303 951";"C01";"1";"7";"0";"2";"4";"1";"1";""
"201900001379";"138 303 952";"D01";"2";"7";"0";"2";"4";"1";"0";""
"201900001380";"138 303 947";"B01";"2";"7";"0";"2";"8";"1";"1";""
"201900001380";"138 303 948";"A01";"1";"33";"0";"2";"8";"3";"1";""
"201900001381";"138 303 945";"A01";"1";"34";"0";"2";"7";"21";"1";""
"201900001381";"138 303 946";"B01";"1";"7";"0";"2";"3";"15";"1";""
"201900001382";"138 303 943";"A01";"2";"30";"0";"2";"3";"9";"1";""
"201900001382";"138 303 944";"B01";"1";"37";"0";"2";"2";"1";"1";"1"
"201900001383";"138 303 942";"B01";"3";"10";"0";"0";"4";"23";"1";""
"201900001384";"138 303 940";"B01";"1";"34";"0";"2";"1";"1";"1";""
"201900001384";"138 303 941";"A01";"1";"7";"0";"2";"8";"10";"1";""
"201900001385";"138 303 939";"A01";"1";"7";"0";"1";"3";"1";"1";""
"201900001386";"138 303 938";"A01";"1";"3";"2";"0";"1";"26";"1";""
"201900001387";"138 303 937";"A01";"1";"7";"6";"0";"1";"26";"1";""
"201900001388";"138 303 935";"A01";"3";"10";"0";"6";"5";"15";"0";""
"201900001388";"138 303 936";"B01";"3";"1";"0";"2";"1";"26";"0";""
"201900001389";"138 303 933";"A01";"3";"10";"0";"2";"1";"1";"1";""
"201900001389";"138 303 934";"B01";"3";"10";"0";"2";"4";"1";"1";""
"201900001390";"138 303 931";"A01";"1";"10";"3";"0";"9";"1";"1";""
"201900001391";"138 303 929";"A01";"0";"33";"0";"0";"1";"1";"1";""
"201900001392";"138 303 930";"B01";"1";"33";"0";"2";"3";"21";"1";""
"201900001392";"138 303 932";"A01";"1";"7";"0";"2";"3";"15";"1";""
"201900001393";"138 303 927";"B01";"1";"7";"0";"2";"4";"1";"1";""
"201900001393";"138 303 928";"Z01";"1";"10";"0";"2";"1";"1";"1";""
"201900001394";"138 303 925";"A01";"0";"33";"7";"0";"1";"2";"1";""
"201900001395";"138 303 924";"B01";"1";"7";"0";"2";"3";"9";"1";""
"201900001395";"138 303 926";"A01";"1";"7";"0";"2";"2";"16";"1";""
"201900001396";"138 303 922";"B01";"1";"3";"0";"2";"4";"15";"1";""
"201900001396";"138 303 923";"A01";"1";"30";"0";"2";"1";"17";"1";""
"201900001397";"138 303 921";"A01";"2";"15";"0";"1";"1";"1";"1";""
"201900001398";"138 303 919";"B01";"3";"7";"0";"2";"3";"1";"1";""
"201900001398";"138 303 920";"A01";"3";"10";"0";"2";"3";"15";"1";""
"201900001399";"138 303 918";"A01";"0";"7";"1";"1";"4";"4";"1";""
"201900001400";"138 303 912";"Z01";"2";"7";"0";"2";"4";"2";"0";""
"201900001400";"138 303 913";"C01";"2";"7";"0";"2";"1";"2";"1";""
"201900001400";"138 303 915";"B01";"2";"7";"0";"2";"1";"2";"1";""
"201900001400";"138 303 916";"A01";"2";"7";"0";"2";"1";"2";"1";""
"201900001401";"138 303 909";"A01";"0";"2";"0";"1";"1";"1";"1";""
"201900001402";"138 303 907";"B01";"0";"1";"0";"2";"8";"1";"5";""
"201900001402";"138 303 908";"A01";"0";"7";"0";"2";"3";"1";"1";""
"201900001403";"138 303 906";"A01";"1";"7";"0";"1";"2";"1";"1";""
"201900001404";"138 303 905";"A01";"1";"33";"0";"0";"9";"1";"1";""
"201900001405";"138 303 904";"A01";"1";"7";"13";"0";"9";"13";"1";""
"201900001406";"138 303 914";"B01";"2";"7";"0";"2";"7";"15";"1";""
"201900001406";"138 303 917";"A01";"1";"30";"0";"2";"1";"26";"1";""
"201900001407";"138 303 903";"A01";"1";"3";"13";"0";"2";"21";"1";""
"201900001408";"138 303 901";"A01";"1";"7";"0";"0";"1";"1";"1";""
"201900001409";"138 303 900";"A01";"3";"33";"0";"2";"1";"17";"1";""
"201900001409";"138 303 902";"B01";"3";"7";"0";"2";"1";"15";"1";""
"201900001410";"138 303 898";"A01";"2";"32";"0";"1";"1";"18";"1";""
"201900001411";"138 303 897";"B01";"1";"7";"0";"2";"4";"1";"1";""
"201900001411";"138 303 899";"A01";"1";"30";"0";"2";"1";"1";"1";""
"201900001412";"138 303 895";"A01";"3";"7";"12";"0";"6";"14";"1";""