"Num_Acc";"id_vehicule";"num_veh";"senc";"catv";"obs";"obsm";"choc";"manv";"motor";"occutc"
"201900001413";"138 303 892";"A01";"1";"7";"0";"2";"1";"1";"1";""
"201900001413";"138 303 893";"B01";"1";"7";"0";"2";"4";"23";"1";""
"201900001413";"138 303 894";"C01";"1";"7";"0";"2";"4";"23";"1";""
"201900001413";"138 303 896";"D01";"1";"7";"0";"2";"4";"23";"1";""
"201900001414";"138 303 890";"A01";"2";"1";"9";"0";"1";"13";"5";""
"201900001415";"138 303 888";"A01";"0";"7";"0";"2";"1";"1";"1";""
"201900001415";"138 303 889";"B01";"0";"7";"0";"2";"8";"1";"1";""
"201900001416";"138 303 887";"A01";"3";"7";"0";"0";"0";"20";"1";""
"201900001417";"138 303 884";"B01";"3";"37";"0";"2";"4";"2";"1";"3"
"201900001417";"138 303 886";"A01";"3";"7";"0";"2";"1";"2";"1";""
"201900001418";"138 303 883";"A01";"1";"10";"12";"2";"3";"9";"1";""
"201900001418";"138 303 885";"B01";"1";"34";"6";"2";"1";"1";"1";""
"201900001419";"138 303 881";"A01";"2";"7";"0";"1";"8";"1";"1";""
"201900001420";"138 303 880";"A01";"3";"7";"0";"2";"3";"26";"1";""
"201900001420";"138 303 882";"B01";"3";"33";"0";"2";"1";"26";"1";""
"201900001421";"138 303 878";"B01";"2";"7";"0";"2";"3";"15";"1";""
"201900001421";"138 303 879";"A01";"1";"50";"0";"2";"1";"1";"3";""
"201900001422";"138 303 877";"A01";"1";"7";"0";"1";"3";"1";"1";""
"201900001423";"138 303 876";"Z01";"3";"7";"0";"1";"1";"1";"0";""
"201900001424";"138 303 875";"A01";"2";"7";"0";"1";"1";"15";"1";""
"201900001425";"138 303 874";"A01";"3";"7";"4";"0";"9";"9";"1";""
"201900001426";"138 303 872";"A01";"2";"1";"0";"2";"8";"19";"5";""
"201900001426";"138 303 873";"B01";"2";"7";"0";"2";"1";"1";"1";""
"201900001427";"138 303 868";"B01";"3";"34";"0";"2";"5";"13";"0";""
"201900001427";"138 303 870";"A01";"3";"7";"0";"2";"5";"23";"0";""
"201900001428";"138 303 866";"A01";"1";"30";"0";"2";"1";"11";"1";""
"201900001428";"138 303 867";"B01";"1";"7";"0";"2";"0";"26";"1";""
"201900001429";"138 303 869";"A01";"1";"7";"0";"2";"1";"1";"1";""
"201900001429";"138 303 871";"B01";"1";"33";"0";"2";"5";"1";"1";""
"201900001430";"138 303 862";"A01";"2";"34";"0";"1";"2";"19";"1";""
"201900001431";"138 303 859";"A01";"2";"34";"0";"2";"3";"2";"1";""
"201900001431";"138 303 860";"B01";"1";"7";"0";"2";"3";"11";"0";""
"201900001432";"138 303 857";"A01";"1";"7";"0";"2";"1";"0";"1";""
"201900001432";"138 303 858";"B01";"1";"7";"0";"2";"7";"1";"1";""
"201900001433";"138 303 855";"B01";"1";"7";"0";"1";"5";"23";"0";""
"201900001433";"138 303 856";"A01";"1";"30";"0";"2";"1";"2";"0";""
"201900001434";"138 303 854";"A01";"1";"7";"0";"1";"3";"1";"1";""
"201900001435";"138 303 853";"A01";"0";"10";"0";"1";"6";"20";"1";""
"201900001436";"138 303 850";"B01";"2";"7";"0";"2";"4";"1";"1";""
"201900001436";"138 303 852";"A01";"2";"7";"0";"2";"1";"2";"1";""
"201900001437";"138 303 849";"A01";"1";"30";"0";"2";"7";"1";"1";""
"201900001437";"138 303 851";"Z01";"3";"7";"0";"2";"1";"1";"0";""
"201900001438";"138 303 846";"A01";"3";"7";"0";"2";"1";"13";"1";""
"201900001438";"138 303 848";"B01";"3";"33";"0";"2";"1";"1";"1";""
"201900001439";"138 303 845";"B01";"3";"14";"1";"0";"4";"24";"6";""
"201900001439";"138 303 847";"A01";"2";"30";"0";"2";"1";"1";"6";""
"201900001440";"138 303 844";"A01";"3";"7";"0";"1";"2";"15";"1";""
"201900001441";"138 303 843";"Z01";"1";"30";"0";"1";"0";"25";"0";""
"201900001442";"138 303 841";"A01";"1";"7";"1";"0";"2";"14";"1";""
"201900001442";"138 303 842";"B01";"1";"7";"1";"0";"6";"24";"1";""
"201900001443";"138 303 840";"A01";"1";"7";"8";"0";"1";"16";"0";""
"201900001444";"138 303 838";"B01";"2";"3";"0";"2";"1";"1";"1";""
"201900001444";"138 303 839";"A01";"1";"7";"0";"2";"1";"13";"1";""
"201900001445";"138 303 837";"A01";"1";"7";"8";"0";"1";"16";"0";""
"201900001446";"138 303 835";"B01";"1";"33";"0";"2";"7";"1";"1";""
"201900001446";"138 303 836";"A01";"0";"7";"0";"2";"1";"9";"1";""
"201900001447";"138 303 829";"B01";"3";"10";"0";"2";"2";"1";"1";""
"201900001447";"138 303 832";"A01";"3";"1";"0";"2";"3";"13";"5";""
"201900001448";"138 303 828";"A01";"1";"7";"16";"0";"1";"14";"1";""
"201900001449";"138 303 826";"B01";"1";"2";"0";"2";"3";"1";"0";""
"201900001449";"138 303 827";"A01";"1";"7";"0";"2";"2";"12";"0";""
"201900001450";"138 303 823";"C01";"1";"7";"0";"2";"4";"2";"1";""
"201900001450";"138 303 824";"B01";"1";"33";"0";"2";"4";"2";"1";""
"201900001450";"138 303 825";"A01";"1";"7";"1";"2";"1";"21";"1";""
"201900001451";"138 303 822";"A01";"1";"7";"0";"1";"1";"1";"1";""
"201900001452";"138 303 821";"A01";"2";"37";"0";"1";"5";"1";"1";"1"
"201900001453";"138 303 819";"A01";"1";"7";"0";"2";"1";"2";"1";""
"201900001453";"138 303 820";"B01";"1";"7";"0";"2";"4";"23";"1";""
"201900001454";"138 303 817";"B01";"2";"1";"1";"0";"1";"17";"6";""
"201900001454";"138 303 818";"A01";"2";"7";"0";"2";"6";"24";"1";""
"201900001455";"138 303 815";"A01";"1";"33";"0";"2";"1";"2";"1";""
"201900001455";"138 303 816";"B01";"1";"7";"0";"2";"3";"15";"1";""
"201900001456";"138 303 814";"A01";"3";"7";"0";"1";"4";"20";"1";""
"201900001457";"138 303 813";"A01";"3";"31";"0";"2";"6";"15";"1";""
"201900001458";"138 303 811";"B01";"1";"7";"0";"2";"4";"23";"1";""
"201900001458";"138 303 812";"A01";"1";"3";"0";"2";"1";"1";"1";""
"201900001459";"138 303 809";"B01";"1";"1";"0";"2";"1";"1";"5";""
"201900001459";"138 303 810";"A01";"2";"7";"0";"2";"1";"15";"1";""
"201900001460";"138 303 805";"A01";"2";"7";"0";"2";"1";"19";"1";""
"201900001460";"138 303 806";"B01";"2";"7";"0";"2";"4";"0";"1";""
"201900001460";"138 303 807";"C01";"2";"7";"0";"2";"4";"0";"1";""
"201900001460";"138 303 808";"D01";"2";"7";"0";"2";"4";"0";"1";""
"201900001461";"138 303 800";"A01";"2";"7";"1";"2";"3";"9";"0";""
"201900001461";"138 303 802";"C01";"1";"7";"0";"2";"8";"23";"0";""
"201900001461";"138 303 803";"B01";"1";"33";"0";"2";"1";"3";"0";""
"201900001462";"138 303 798";"B01";"2";"34";"0";"2";"2";"1";"1";""
"201900001462";"138 303 799";"A01";"2";"7";"0";"2";"8";"15";"1";""
"201900001463";"138 303 796";"A01";"1";"7";"0";"2";"1";"1";"1";""
"201900001463";"138 303 797";"B01";"1";"7";"0";"2";"8";"0";"0";""
"201900001464";"138 303 795";"A01";"1";"7";"0";"1";"2";"1";"1";""
"201900001465";"138 303 794";"A01";"3";"7";"0";"1";"1";"15";"1";""
"201900001466";"138 303 793";"A01";"2";"7";"0";"1";"1";"15";"1";""
"201900001467";"138 303 790";"A01";"1";"7";"0";"2";"1";"15";"1";""
"201900001467";"138 303 792";"B01";"2";"33";"0";"2";"1";"1";"1";""
"201900001468";"138 303 789";"B01";"2";"2";"0";"2";"1";"1";"1";""
"201900001468";"138 303 791";"A01";"2";"7";"0";"2";"3";"20";"1";""
"201900001469";"138 303 787";"A01";"2";"7";"13";"0";"1";"14";"1";""
"201900001470";"138 303 786";"A01";"1";"31";"0";"2";"1";"17";"1";""
"201900001470";"138 303 788";"B01";"2";"7";"0";"2";"1";"1";"1";""
"201900001471";"138 303 783";"A01";"1";"7";"0";"2";"1";"1";"1";""
"201900001471";"138 303 785";"B01";"1";"1";"0";"0";"0";"1";"5";""
"201900001472";"138 303 782";"A01";"2";"7";"0";"2";"2";"2";"1";""
"201900001472";"138 303 784";"B01";"2";"33";"0";"2";"4";"2";"1";""
"201900001473";"138 303 780";"A01";"0";"7";"14";"0";"1";"6";"1";""
"201900001474";"138 303 781";"A01";"2";"7";"0";"1";"1";"15";"1";""
"201900001475";"138 303 777";"A01";"2";"7";"0";"2";"1";"2";"1";""
"201900001475";"138 303 778";"B01";"2";"7";"0";"2";"4";"2";"1";""
"201900001476";"138 303 776";"B01";"2";"10";"0";"2";"1";"1";"1";""
"201900001476";"138 303 779";"A01";"2";"1";"0";"2";"7";"1";"5";""
"201900001477";"138 303 774";"B01";"1";"2";"0";"2";"1";"1";"1";""
"201900001477";"138 303 775";"A01";"3";"7";"0";"2";"8";"10";"1";""
"201900001478";"138 303 773";"A01";"2";"7";"0";"1";"2";"2";"1";""
"201900001479";"138 303 771";"B01";"1";"37";"0";"2";"3";"7";"1";"4"
"201900001479";"138 303 772";"A01";"1";"7";"0";"2";"2";"16";"1";""
"201900001480";"138 303 770";"A01";"1";"33";"8";"0";"1";"26";"0";""
"201900001481";"138 303 768";"B01";"1";"7";"0";"2";"1";"1";"0";""
"201900001481";"138 303 769";"A01";"1";"2";"0";"2";"0";"1";"1";""
"201900001482";"138 303 766";"A01";"1";"7";"0";"2";"1";"1";"1";""
"201900001482";"138 303 767";"B01";"1";"7";"0";"2";"4";"0";"0";""
"201900001483";"138 303 762";"B01";"3";"30";"0";"2";"1";"9";"1";""
"201900001483";"138 303 764";"A01";"3";"37";"0";"2";"3";"15";"1";"1"
"201900001484";"138 303 760";"B01";"1";"7";"0";"2";"4";"0";"1";""
"201900001484";"138 303 761";"A01";"1";"7";"0";"2";"1";"2";"1";""
"201900001485";"138 303 759";"A01";"2";"7";"0";"1";"2";"15";"1";""
"201900001486";"138 303 757";"B01";"3";"7";"0";"2";"7";"22";"1";""
"201900001486";"138 303 758";"A01";"1";"7";"1";"0";"3";"13";"1";""
"201900001487";"138 303 763";"A01";"2";"33";"15";"0";"1";"16";"1";""
"201900001487";"138 303 765";"B01";"2";"7";"15";"0";"5";"16";"2";""
"201900001488";"138 303 756";"A01";"2";"34";"7";"6";"3";"9";"1";""
"201900001489";"138 303 755";"A01";"1";"32";"0";"0";"0";"21";"0";""
"201900001490";"138 303 753";"B01";"1";"7";"0";"2";"5";"2";"1";""
"201900001490";"138 303 754";"A01";"1";"30";"0";"2";"1";"2";"1";""
"201900001491";"138 303 751";"B01";"2";"3";"15";"2";"4";"1";"0";""
"201900001491";"138 303 752";"A01";"2";"3";"0";"2";"1";"1";"0";""
"201900001492";"138 303 750";"A01";"0";"7";"0";"1";"1";"15";"0";""
"201900001493";"138 303 748";"B01";"2";"0";"0";"2";"1";"1";"0";""
"201900001493";"138 303 749";"Z01";"2";"7";"0";"2";"1";"5";"1";""
"201900001494";"138 303 747";"A01";"2";"30";"0";"2";"1";"1";"1";""
"201900001495";"138 303 746";"A01";"3";"7";"3";"0";"1";"1";"1";""
"201900001496";"138 303 745";"A01";"1";"30";"0";"6";"7";"16";"3";""
"201900001497";"138 303 743";"B01";"0";"7";"0";"2";"0";"0";"1";""
"201900001497";"138 303 744";"A01";"0";"2";"0";"2";"1";"9";"1";""
"201900001498";"138 303 741";"B01";"1";"1";"0";"1";"3";"1";"5";""
"201900001498";"138 303 742";"A01";"1";"1";"0";"1";"1";"9";"5";""
"201900001499";"138 303 739";"B01";"2";"1";"0";"2";"1";"1";"0";""
"201900001499";"138 303 740";"A01";"1";"7";"0";"2";"1";"15";"0";""
"201900001500";"138 303 735";"C01";"2";"7";"0";"2";"1";"2";"0";""
"201900001500";"138 303 736";"D01";"2";"7";"0";"2";"0";"0";"0";""
"201900001500";"138 303 737";"A01";"1";"7";"0";"2";"1";"5";"6";""
"201900001500";"138 303 738";"B01";"2";"10";"0";"2";"1";"1";"6";""
"201900001501";"138 303 733";"A01";"3";"7";"0";"2";"3";"11";"1";""
"201900001501";"138 303 734";"B01";"3";"33";"0";"2";"1";"17";"1";""
"201900001502";"138 303 731";"A01";"3";"7";"0";"2";"1";"26";"1";""
"201900001502";"138 303 732";"B01";"3";"7";"0";"2";"1";"1";"1";""
"201900001503";"138 303 727";"A01";"2";"7";"0";"2";"1";"2";"1";""
"201900001503";"138 303 728";"B01";"2";"7";"0";"2";"4";"23";"1";""
"201900001503";"138 303 729";"C01";"2";"7";"0";"2";"4";"23";"1";""
"201900001503";"138 303 730";"D01";"2";"10";"0";"0";"0";"23";"1";""
"201900001504";"138 303 726";"A01";"2";"7";"0";"1";"2";"1";"1";""
"201900001505";"138 303 725";"A01";"1";"30";"9";"0";"1";"19";"1";""
"201900001506";"138 303 724";"A01";"2";"17";"3";"0";"8";"13";"1";""
"201900001507";"138 303 723";"A01";"1";"1";"0";"0";"0";"1";"5";""
"201900001508";"138 303 720";"B01";"1";"7";"0";"2";"1";"2";"1";""
"201900001508";"138 303 722";"A01";"1";"7";"0";"2";"3";"10";"1";""
"201900001509";"138 303 719";"A01";"2";"1";"0";"1";"7";"1";"5";""
"201900001509";"138 303 721";"Z01";"3";"2";"0";"1";"0";"0";"1";""
"201900001510";"138 303 714";"A01";"1";"33";"14";"0";"3";"18";"1";""
"201900001510";"138 303 715";"Z01";"1";"10";"0";"1";"7";"26";"1";""
"201900001511";"138 303 713";"A01";"1";"1";"0";"0";"0";"0";"5";""
"201900001512";"138 303 716";"A01";"3";"7";"0";"2";"1";"2";"1";""
"201900001512";"138 303 717";"B01";"3";"7";"0";"2";"4";"2";"1";""
"201900001513";"138 303 710";"A01";"1";"7";"1";"2";"1";"17";"1";""
"201900001513";"138 303 712";"B01";"1";"7";"0";"2";"3";"15";"1";""
"201900001514";"138 303 708";"A01";"1";"7";"0";"1";"3";"9";"1";""
"201900001515";"138 303 704";"B01";"2";"7";"0";"2";"4";"1";"1";""
"201900001515";"138 303 706";"A01";"2";"34";"0";"2";"1";"1";"1";""
"201900001516";"138 303 700";"B01";"3";"3";"0";"2";"2";"0";"0";""
"201900001516";"138 303 702";"A01";"3";"3";"0";"2";"1";"0";"0";""
"201900001517";"138 303 701";"A01";"1";"7";"0";"2";"3";"15";"6";""
"201900001517";"138 303 703";"B01";"2";"31";"0";"2";"3";"1";"1";""
"201900001518";"138 303 698";"A01";"2";"33";"0";"2";"1";"1";"1";""
"201900001518";"138 303 699";"B01";"2";"10";"0";"2";"4";"1";"1";""
"201900001519";"138 303 695";"A01";"2";"7";"0";"1";"1";"1";"1";""
"201900001520";"138 303 694";"C01";"2";"7";"0";"2";"0";"0";"0";""
"201900001520";"138 303 696";"A01";"1";"7";"0";"2";"0";"9";"0";""
"201900001520";"138 303 697";"B01";"1";"32";"0";"2";"0";"0";"1";""
"201900001521";"138 303 693";"A01";"2";"7";"0";"1";"1";"1";"1";""
"201900001522";"138 303 692";"A01";"2";"34";"0";"1";"1";"21";"1";""
"201900001523";"138 303 689";"B01";"2";"10";"0";"2";"4";"23";"1";""
"201900001523";"138 303 691";"A01";"2";"1";"0";"2";"1";"26";"5";""
"201900001524";"138 303 688";"B01";"2";"34";"0";"2";"1";"1";"1";""
"201900001524";"138 303 690";"A01";"2";"7";"0";"2";"8";"10";"1";""
"201900001525";"138 303 684";"B01";"1";"7";"0";"2";"4";"1";"1";""
"201900001525";"138 303 686";"A01";"2";"7";"0";"2";"1";"2";"1";""
"201900001526";"138 303 685";"A01";"2";"7";"0";"2";"5";"15";"1";""
"201900001526";"138 303 687";"B01";"2";"33";"0";"2";"1";"1";"1";""
"201900001527";"138 303 679";"A01";"1";"7";"0";"2";"1";"2";"1";""
"201900001527";"138 303 680";"B01";"1";"7";"0";"2";"4";"23";"1";""
"201900001527";"138 303 682";"C01";"1";"7";"0";"2";"4";"23";"1";""
"201900001528";"138 303 677";"A01";"1";"7";"0";"2";"7";"15";"1";""
"201900001528";"138 303 678";"B01";"2";"7";"0";"2";"1";"1";"1";""
"201900001529";"138 303 676";"A01";"3";"32";"0";"1";"1";"1";"1";""
"201900001530";"138 303 681";"A01";"3";"7";"0";"2";"1";"13";"1";""
"201900001530";"138 303 683";"B01";"3";"30";"0";"2";"1";"9";"3";""
"201900001531";"138 303 675";"A01";"1";"7";"0";"1";"2";"1";"1";""
"201900001532";"138 303 673";"B01";"3";"30";"0";"2";"3";"1";"1";""
"201900001532";"138 303 674";"A01";"2";"7";"0";"2";"3";"15";"1";""
"201900001533";"138 303 672";"A01";"2";"30";"15";"0";"1";"26";"0";""
"201900001534";"138 303 669";"B01";"2";"33";"0";"2";"1";"1";"1";""
"201900001534";"138 303 671";"A01";"1";"10";"0";"2";"8";"10";"1";""
"201900001535";"138 303 668";"A01";"2";"7";"0";"2";"3";"20";"1";""
"201900001535";"138 303 670";"B01";"2";"33";"0";"2";"2";"1";"1";""
"201900001536";"138 303 666";"A01";"1";"7";"0";"2";"4";"17";"1";""
"201900001536";"138 303 667";"B01";"1";"31";"0";"2";"1";"0";"1";""
"201900001537";"138 303 665";"A01";"3";"7";"0";"1";"3";"1";"1";""
"201900001538";"138 303 661";"A01";"3";"2";"0";"2";"1";"0";"1";""
"201900001538";"138 303 662";"B01";"3";"32";"0";"2";"0";"0";"1";""
"201900001539";"138 303 660";"A01";"1";"7";"0";"1";"1";"1";"1";""
"201900001540";"138 303 658";"A01";"3";"30";"0";"2";"2";"17";"1";""
"201900001540";"138 303 659";"B01";"3";"7";"0";"2";"3";"9";"1";""
"201900001541";"138 303 657";"A01";"3";"38";"0";"1";"5";"26";"0";"1"
"201900001542";"138 303 655";"B01";"2";"34";"0";"2";"1";"1";"1";""
"201900001542";"138 303 656";"A01";"2";"7";"0";"2";"2";"10";"1";""
"201900001543";"138 303 653";"B01";"2";"33";"0";"2";"7";"1";"1";""
"201900001543";"138 303 654";"A01";"2";"7";"0";"2";"3";"9";"1";""
"201900001544";"138 303 651";"A01";"2";"1";"0";"0";"0";"1";"5";""
"201900001545";"138 303 649";"A01";"2";"1";"0";"1";"1";"1";"5";""
"201900001546";"138 303 648";"A01";"3";"33";"15";"0";"1";"16";"1";""
"201900001547";"138 303 650";"A01";"3";"1";"0";"6";"1";"2";"5";""
"201900001547";"138 303 652";"B01";"0";"7";"0";"6";"4";"0";"1";""
"201900001548";"138 303 646";"A01";"2";"7";"0";"1";"3";"9";"1";""
"201900001549";"138 303 644";"B01";"1";"32";"0";"2";"0";"0";"0";""
"201900001549";"138 303 645";"A01";"1";"7";"0";"2";"7";"9";"1";""
"201900001550";"138 303 643";"A01";"1";"7";"0";"1";"3";"17";"1";""
"201900001551";"138 303 641";"A01";"1";"33";"0";"2";"1";"17";"1";""
"201900001551";"138 303 642";"B01";"1";"10";"0";"2";"3";"15";"1";""
"201900001552";"138 303 639";"A01";"2";"30";"0";"2";"1";"17";"1";""
"201900001552";"138 303 640";"B01";"2";"7";"0";"2";"3";"9";"1";""
"201900001553";"138 303 638";"A01";"2";"1";"0";"1";"1";"25";"5";""
"201900001554";"138 303 636";"B01";"2";"1";"0";"2";"1";"2";"5";""
"201900001554";"138 303 637";"A01";"2";"7";"0";"2";"6";"9";"1";""
"201900001555";"138 303 634";"A01";"2";"10";"0";"2";"3";"1";"1";""
"201900001555";"138 303 635";"B01";"2";"32";"0";"2";"1";"17";"1";""
"201900001556";"138 303 633";"A01";"2";"7";"0";"2";"8";"22";"1";""
"201900001556";"138 303 647";"B01";"2";"32";"0";"2";"2";"3";"1";""
"201900001557";"138 303 631";"A01";"3";"7";"0";"2";"1";"1";"0";""
"201900001557";"138 303 632";"B01";"3";"7";"0";"2";"4";"23";"0";""
"201900001558";"138 303 627";"C01";"1";"10";"4";"2";"3";"2";"1";""
"201900001558";"138 303 629";"B01";"1";"7";"0";"2";"6";"2";"1";""
"201900001558";"138 303 630";"A01";"1";"7";"0";"2";"2";"2";"1";""
"201900001559";"138 303 626";"B01";"1";"33";"0";"2";"1";"1";"1";""
"201900001559";"138 303 628";"A01";"2";"7";"0";"2";"2";"19";"1";""
"201900001560";"138 303 624";"B01";"1";"7";"0";"2";"4";"2";"1";""
"201900001560";"138 303 625";"A01";"1";"7";"4";"2";"1";"2";"1";""
"201900001561";"138 303 622";"B01";"3";"80";"0";"2";"1";"2";"3";""
"201900001561";"138 303 623";"A01";"3";"7";"0";"2";"5";"2";"1";""
"201900001562";"138 303 616";"C01";"2";"7";"0";"2";"5";"23";"1";""
"201900001562";"138 303 617";"B01";"2";"32";"0";"2";"7";"3";"1";""
"201900001562";"138 303 618";"A01";"2";"31";"0";"2";"8";"11";"1";""
"201900001563";"138 303 619";"A01";"3";"7";"0";"1";"2";"1";"2";""
"201900001564";"138 303 614";"A01";"1";"34";"0";"2";"4";"2";"1";""
"201900001564";"138 303 615";"Z01";"1";"10";"0";"2";"0";"2";"0";""
"201900001565";"138 303 613";"A01";"1";"99";"0";"1";"1";"17";"0";""
"201900001566";"138 303 611";"A01";"2";"7";"0";"1";"1";"15";"1";""
"201900001567";"138 303 610";"B01";"1";"31";"0";"2";"8";"3";"1";""
"201900001567";"138 303 612";"A01";"1";"7";"0";"2";"5";"12";"1";""
"201900001568";"138 303 609";"A01";"1";"7";"0";"2";"7";"16";"1";""
"201900001569";"138 303 608";"A01";"1";"43";"0";"0";"7";"1";"1";""
"201900001570";"138 303 607";"A01";"1";"7";"0";"1";"1";"2";"0";""
"201900001571";"138 303 603";"A01";"1";"7";"0";"1";"1";"1";"1";""
"201900001572";"138 303 604";"C01";"1";"7";"0";"2";"4";"2";"1";""
"201900001572";"138 303 605";"B01";"1";"7";"0";"2";"6";"2";"1";""
"201900001572";"138 303 606";"A01";"1";"7";"0";"2";"2";"2";"1";""
"201900001573";"138 303 601";"B01";"1";"7";"0";"2";"2";"9";"0";""
"201900001573";"138 303 602";"A01";"1";"31";"0";"2";"1";"26";"1";""
"201900001574";"138 303 600";"A01";"1";"7";"8";"1";"1";"13";"1";""
"201900001575";"138 303 598";"A01";"2";"80";"0";"2";"1";"5";"3";""
"201900001575";"138 303 599";"B01";"1";"7";"0";"2";"3";"1";"1";""
"201900001576";"138 303 596";"B01";"1";"7";"14";"2";"1";"1";"1";""
"201900001576";"138 303 597";"A01";"1";"10";"14";"2";"3";"15";"1";""
"201900001577";"138 303 594";"A01";"1";"43";"0";"2";"1";"2";"1";""
"201900001577";"138 303 595";"B01";"1";"33";"0";"2";"4";"23";"1";""
"201900001578";"138 303 593";"A01";"3";"7";"0";"1";"4";"20";"0";""
"201900001579";"138 303 592";"Z01";"1";"30";"0";"1";"0";"1";"0";""
"201900001580";"138 303 590";"B01";"3";"32";"0";"2";"1";"1";"0";""
"201900001580";"138 303 591";"A01";"3";"7";"0";"2";"8";"15";"0";""
"201900001581";"138 303 589";"A01";"1";"32";"0";"0";"0";"1";"1";""
"201900001582";"138 303 588";"A01";"3";"7";"0";"1";"5";"2";"1";""
"201900001583";"138 303 587";"A01";"2";"7";"0";"1";"1";"1";"1";""
"201900001584";"138 303 586";"A01";"3";"33";"0";"1";"1";"26";"0";""
"201900001585";"138 303 584";"B01";"1";"7";"0";"2";"7";"1";"1";""
"201900001585";"138 303 585";"A01";"1";"32";"0";"2";"8";"1";"1";""
"201900001586";"138 303 582";"A01";"2";"7";"0";"2";"7";"1";"1";""
"201900001586";"138 303 583";"B01";"2";"7";"0";"2";"1";"1";"1";""
"201900001587";"138 303 580";"A01";"1";"7";"0";"2";"3";"1";"1";""
"201900001587";"138 303 581";"Z01";"1";"30";"0";"2";"6";"1";"1";""
"201900001588";"138 303 579";"A01";"2";"7";"0";"1";"2";"1";"1";""
"201900001589";"138 303 576";"A01";"1";"33";"0";"1";"5";"1";"1";""
"201900001590";"138 303 574";"A01";"1";"1";"0";"2";"4";"1";"5";""
"201900001590";"138 303 575";"Z01";"1";"7";"0";"2";"2";"14";"0";""
"201900001591";"138 303 571";"A01";"1";"7";"0";"1";"1";"1";"2";""
"201900001592";"138 303 570";"A01";"1";"43";"0";"1";"1";"1";"1";""
"201900001593";"138 303 569";"A01";"2";"10";"0";"1";"2";"16";"1";""
"201900001594";"138 303 572";"B01";"2";"10";"0";"2";"3";"15";"1";""
"201900001594";"138 303 573";"A01";"2";"30";"0";"2";"2";"17";"1";""
"201900001595";"138 303 567";"B01";"1";"38";"0";"2";"7";"1";"1";"1"
"201900001595";"138 303 568";"A01";"1";"32";"0";"2";"8";"11";"1";""
"201900001596";"138 303 565";"B01";"2";"33";"0";"2";"1";"1";"1";""
"201900001596";"138 303 566";"A01";"2";"7";"0";"2";"3";"15";"1";""
"201900001597";"138 303 563";"B01";"2";"30";"0";"2";"1";"1";"3";""
"201900001597";"138 303 564";"A01";"2";"7";"0";"2";"3";"9";"1";""
"201900001598";"138 303 562";"A01";"2";"7";"13";"0";"9";"1";"1";""
"201900001599";"138 303 560";"B01";"1";"7";"0";"2";"2";"16";"1";""
"201900001599";"138 303 561";"A01";"1";"33";"0";"2";"1";"18";"1";""
"201900001600";"138 303 555";"B01";"2";"31";"0";"2";"7";"10";"1";""
"201900001600";"138 303 557";"A01";"1";"10";"0";"2";"2";"1";"1";""
"201900001601";"138 303 556";"B01";"1";"7";"0";"0";"5";"15";"1";""
"201900001601";"138 303 558";"A01";"2";"33";"0";"2";"1";"1";"1";""
"201900001602";"138 303 553";"A01";"1";"15";"3";"0";"7";"1";"4";""
"201900001603";"138 303 552";"A01";"2";"7";"0";"2";"3";"1";"1";""
"201900001603";"138 303 554";"B01";"1";"7";"0";"2";"8";"1";"1";""
"201900001604";"138 303 551";"A01";"1";"7";"0";"1";"2";"1";"1";""
"201900001605";"138 303 549";"B01";"2";"7";"0";"2";"3";"1";"1";""
"201900001605";"138 303 550";"A01";"2";"10";"0";"2";"2";"16";"1";""
"201900001606";"138 303 548";"A01";"1";"33";"0";"1";"2";"1";"1";""
"201900001607";"138 303 546";"A01";"1";"7";"13";"0";"9";"1";"0";""
"201900001608";"138 303 547";"A01";"2";"7";"15";"0";"3";"15";"1";""
"201900001609";"138 303 542";"B01";"1";"7";"0";"2";"5";"15";"1";""
"201900001609";"138 303 543";"A01";"2";"30";"0";"2";"1";"1";"1";""
"201900001610";"138 303 541";"A01";"1";"7";"2";"0";"2";"1";"1";""
"201900001611";"138 303 540";"A01";"1";"7";"13";"0";"1";"0";"1";""
"201900001612";"138 303 539";"A01";"1";"7";"0";"1";"6";"20";"1";""
"201900001613";"138 303 537";"A01";"2";"7";"0";"2";"1";"0";"1";""
"201900001613";"138 303 538";"B01";"2";"37";"0";"0";"6";"1";"1";"1"
"201900001614";"138 303 535";"A01";"2";"30";"0";"2";"1";"2";"3";""
"201900001614";"138 303 536";"B01";"2";"7";"0";"2";"5";"16";"1";""
"201900001615";"138 303 532";"Z01";"2";"7";"0";"2";"1";"2";"1";""
"201900001615";"138 303 533";"A01";"2";"7";"0";"2";"4";"2";"1";""
"201900001616";"138 303 531";"B01";"1";"7";"0";"2";"8";"1";"1";""
"201900001616";"138 303 534";"A01";"2";"7";"0";"2";"3";"1";"1";""
"201900001617";"138 303 529";"A01";"1";"10";"0";"2";"3";"15";"1";""
"201900001617";"138 303 530";"B01";"2";"30";"0";"2";"3";"1";"3";""
"201900001618";"138 303 527";"A01";"0";"1";"0";"2";"1";"2";"0";""
"201900001618";"138 303 528";"B01";"3";"7";"0";"0";"4";"1";"0";""
"201900001619";"138 303 525";"B01";"2";"30";"0";"2";"2";"17";"1";""
"201900001619";"138 303 526";"A01";"2";"10";"0";"2";"8";"13";"1";""
"201900001620";"138 303 523";"A01";"1";"7";"0";"2";"1";"5";"1";""