"Num_Acc";"id_vehicule";"num_veh";"senc";"catv";"obs";"obsm";"choc";"manv";"motor";"occutc"
"201900001620";"138 303 524";"B01";"2";"7";"0";"2";"1";"1";"1";""
"201900001621";"138 303 522";"A01";"2";"37";"0";"1";"3";"7";"1";"1"
"201900001622";"138 303 521";"A01";"2";"32";"0";"0";"8";"1";"1";""
"201900001623";"138 303 520";"Z01";"2";"30";"0";"1";"1";"1";"0";""
"201900001624";"138 303 519";"A01";"0";"32";"0";"0";"0";"0";"0";""
"201900001625";"138 303 517";"A01";"1";"10";"0";"2";"3";"16";"1";""
"201900001625";"138 303 518";"B01";"1";"1";"0";"2";"1";"1";"5";""
"201900001626";"138 303 516";"A01";"1";"7";"13";"0";"3";"1";"1";""
"201900001627";"138 303 513";"B01";"2";"43";"0";"2";"1";"1";"1";""
"201900001627";"138 303 515";"A01";"2";"7";"0";"2";"2";"9";"1";""
"201900001628";"138 303 514";"A01";"2";"7";"13";"0";"2";"1";"1";""
"201900001629";"138 303 511";"B01";"1";"43";"0";"2";"7";"1";"1";""
"201900001629";"138 303 512";"A01";"1";"37";"0";"2";"8";"13";"1";"1"
"201900001630";"138 303 508";"B01";"3";"34";"0";"2";"2";"1";"1";""
"201900001630";"138 303 510";"A01";"3";"7";"0";"2";"3";"1";"1";""
"201900001631";"138 303 505";"A01";"3";"10";"0";"2";"2";"1";"1";""
"201900001631";"138 303 506";"B01";"3";"31";"0";"2";"0";"1";"1";""
"201900001632";"138 303 507";"B01";"2";"7";"0";"2";"3";"15";"1";""
"201900001632";"138 303 509";"A01";"1";"17";"0";"2";"1";"1";"1";""
"201900001633";"138 303 503";"B01";"1";"7";"0";"2";"3";"1";"1";""
"201900001633";"138 303 504";"A01";"1";"1";"0";"2";"8";"15";"5";""
"201900001634";"138 303 501";"B01";"0";"7";"0";"0";"2";"1";"0";""
"201900001634";"138 303 502";"A01";"3";"7";"0";"2";"1";"1";"0";""
"201900001635";"138 303 497";"B01";"2";"2";"6";"2";"6";"0";"1";""
"201900001635";"138 303 499";"A01";"1";"10";"0";"2";"3";"15";"1";""
"201900001636";"138 303 498";"A01";"1";"7";"0";"2";"2";"20";"1";""
"201900001636";"138 303 500";"B01";"1";"1";"0";"2";"0";"18";"5";""
"201900001637";"138 303 495";"A01";"1";"30";"14";"0";"7";"21";"3";""
"201900001638";"138 303 494";"B01";"2";"7";"0";"2";"1";"1";"1";""
"201900001638";"138 303 496";"A01";"1";"7";"0";"2";"1";"9";"1";""
"201900001639";"138 303 491";"B01";"1";"33";"0";"2";"2";"1";"1";""
"201900001639";"138 303 493";"A01";"1";"10";"0";"2";"3";"1";"1";""
"201900001640";"138 303 490";"A01";"1";"7";"0";"2";"1";"15";"1";""
"201900001640";"138 303 492";"B01";"1";"7";"9";"2";"7";"1";"2";""
"201900001641";"138 303 488";"B01";"1";"3";"0";"2";"7";"19";"1";""
"201900001641";"138 303 489";"A01";"1";"3";"0";"2";"1";"19";"1";""
"201900001642";"138 303 486";"B01";"1";"38";"0";"2";"7";"21";"1";"1"
"201900001642";"138 303 487";"A01";"1";"7";"2";"2";"8";"18";"1";""
"201900001643";"138 303 483";"A01";"1";"7";"0";"2";"1";"2";"1";""
"201900001643";"138 303 484";"B01";"1";"7";"0";"2";"4";"2";"1";""
"201900001643";"138 303 485";"C01";"1";"7";"0";"2";"4";"2";"1";""
"201900001644";"138 303 481";"B01";"2";"17";"0";"0";"6";"1";"1";""
"201900001644";"138 303 482";"A01";"2";"7";"0";"2";"2";"12";"0";""
"201900001645";"138 303 477";"A01";"3";"7";"0";"2";"1";"1";"1";""
"201900001645";"138 303 478";"B01";"3";"7";"0";"2";"1";"1";"1";""
"201900001646";"138 303 475";"B01";"2";"33";"0";"2";"2";"1";"1";""
"201900001646";"138 303 476";"A01";"2";"7";"0";"2";"3";"15";"1";""
"201900001647";"138 303 474";"A01";"0";"2";"6";"0";"1";"1";"0";""
"201900001648";"138 303 472";"A01";"2";"7";"0";"2";"1";"15";"1";""
"201900001648";"138 303 473";"B01";"1";"31";"0";"2";"1";"1";"1";""
"201900001649";"138 303 471";"A01";"1";"7";"17";"0";"1";"1";"1";""
"201900001650";"138 303 469";"A01";"1";"33";"0";"0";"3";"26";"1";""
"201900001651";"138 303 467";"A01";"3";"33";"0";"0";"1";"26";"1";""
"201900001652";"138 303 466";"A01";"1";"14";"0";"2";"8";"1";"1";""
"201900001652";"138 303 468";"B01";"1";"7";"0";"2";"2";"1";"1";""
"201900001653";"138 303 464";"A01";"1";"7";"0";"2";"6";"1";"1";""
"201900001653";"138 303 465";"B01";"1";"15";"0";"2";"2";"21";"1";""
"201900001654";"138 303 463";"A01";"1";"30";"0";"1";"1";"22";"1";""
"201900001655";"138 303 461";"A01";"2";"37";"0";"1";"7";"26";"1";"1"
"201900001656";"138 303 459";"B01";"2";"7";"0";"9";"1";"2";"1";""
"201900001656";"138 303 460";"A01";"2";"7";"3";"0";"1";"1";"1";""
"201900001657";"138 303 457";"B01";"3";"1";"0";"2";"0";"1";"5";""
"201900001657";"138 303 458";"A01";"2";"10";"0";"6";"1";"1";"1";""
"201900001658";"138 303 455";"A01";"1";"2";"0";"2";"1";"1";"1";""
"201900001658";"138 303 456";"B01";"2";"21";"0";"2";"3";"1";"1";""
"201900001659";"138 303 454";"A01";"2";"7";"4";"0";"1";"16";"0";""
"201900001660";"138 303 450";"B01";"2";"15";"0";"0";"4";"26";"6";""
"201900001660";"138 303 452";"C01";"2";"7";"14";"1";"1";"0";"1";""
"201900001660";"138 303 453";"A01";"2";"7";"7";"0";"3";"1";"1";""
"201900001661";"138 303 448";"A01";"2";"7";"0";"2";"2";"1";"1";""
"201900001661";"138 303 449";"B01";"2";"7";"0";"2";"3";"19";"1";""
"201900001662";"138 303 447";"A01";"3";"2";"0";"0";"0";"1";"1";""
"201900001663";"138 303 445";"A01";"3";"7";"0";"2";"1";"2";"0";""
"201900001663";"138 303 446";"B01";"3";"7";"0";"0";"4";"16";"0";""
"201900001664";"138 303 451";"A01";"1";"30";"0";"2";"0";"0";"0";""
"201900001665";"138 303 443";"B01";"2";"7";"0";"0";"4";"2";"0";""
"201900001665";"138 303 444";"A01";"2";"10";"0";"2";"1";"2";"0";""
"201900001666";"138 303 441";"A01";"1";"10";"0";"2";"3";"26";"1";""
"201900001666";"138 303 442";"B01";"1";"2";"0";"2";"1";"9";"1";""
"201900001667";"138 303 440";"A01";"1";"7";"0";"1";"2";"1";"2";""
"201900001668";"138 303 439";"A01";"3";"30";"0";"0";"1";"2";"1";""
"201900001669";"138 303 438";"A01";"3";"7";"0";"1";"1";"1";"1";""
"201900001670";"138 303 436";"A01";"3";"33";"12";"0";"8";"2";"1";""
"201900001670";"138 303 437";"B01";"3";"10";"0";"0";"0";"2";"1";""
"201900001671";"138 303 435";"A01";"1";"7";"2";"0";"1";"1";"1";""
"201900001672";"138 303 433";"A01";"1";"7";"0";"2";"4";"26";"1";""
"201900001672";"138 303 434";"B01";"1";"7";"0";"2";"0";"0";"1";""
"201900001673";"138 303 432";"A01";"0";"13";"0";"1";"6";"4";"1";""
"201900001674";"138 303 427";"A01";"3";"7";"0";"2";"2";"19";"1";""
"201900001674";"138 303 429";"B01";"3";"32";"0";"2";"3";"1";"1";""
"201900001675";"138 303 428";"C01";"3";"7";"0";"2";"1";"1";"1";""
"201900001675";"138 303 430";"B01";"3";"7";"0";"2";"1";"1";"1";""
"201900001675";"138 303 431";"A01";"3";"7";"0";"2";"1";"5";"1";""
"201900001676";"138 303 425";"B01";"3";"7";"0";"2";"3";"1";"1";""
"201900001676";"138 303 426";"A01";"3";"7";"0";"2";"3";"13";"1";""
"201900001677";"138 303 424";"A01";"3";"10";"3";"0";"1";"12";"0";""
"201900001678";"138 303 423";"A01";"0";"7";"2";"0";"5";"13";"1";""
"201900001679";"138 303 421";"A01";"1";"7";"0";"1";"2";"1";"0";""
"201900001680";"138 303 420";"A01";"1";"33";"0";"2";"1";"2";"1";""
"201900001680";"138 303 422";"B01";"1";"7";"0";"2";"3";"20";"1";""
"201900001681";"138 303 416";"A01";"1";"33";"0";"2";"4";"2";"0";""
"201900001681";"138 303 418";"B01";"1";"7";"0";"2";"1";"2";"0";""
"201900001682";"138 303 414";"A01";"1";"7";"11";"0";"1";"1";"1";""
"201900001683";"138 303 413";"B01";"1";"7";"0";"0";"4";"1";"1";""
"201900001683";"138 303 415";"A01";"1";"7";"0";"2";"1";"1";"1";""
"201900001684";"138 303 410";"B01";"2";"7";"0";"0";"4";"1";"1";""
"201900001684";"138 303 412";"A01";"2";"7";"1";"0";"1";"1";"1";""
"201900001685";"138 303 407";"A01";"3";"7";"0";"2";"6";"4";"0";""
"201900001685";"138 303 408";"B01";"3";"32";"0";"2";"1";"1";"0";""
"201900001686";"138 303 409";"A01";"2";"7";"0";"9";"3";"11";"1";""
"201900001686";"138 303 411";"B01";"1";"33";"0";"2";"1";"1";"1";""
"201900001687";"138 303 405";"A01";"0";"7";"0";"2";"2";"2";"1";""
"201900001687";"138 303 406";"B01";"0";"7";"0";"0";"6";"2";"1";""
"201900001688";"138 303 403";"B01";"1";"34";"0";"2";"1";"1";"1";""
"201900001688";"138 303 404";"A01";"2";"7";"0";"2";"5";"15";"1";""
"201900001689";"138 303 399";"B01";"0";"34";"0";"2";"2";"17";"1";""
"201900001689";"138 303 401";"A01";"0";"7";"0";"2";"6";"6";"1";""
"201900001690";"138 303 400";"A01";"0";"99";"0";"2";"2";"19";"1";""
"201900001690";"138 303 402";"B01";"0";"99";"0";"2";"1";"15";"1";""
"201900001691";"138 303 396";"A01";"0";"7";"0";"2";"2";"16";"1";""
"201900001691";"138 303 398";"B01";"0";"34";"0";"2";"8";"16";"1";""
"201900001692";"138 303 395";"B01";"3";"10";"1";"2";"6";"0";"1";""
"201900001692";"138 303 397";"A01";"2";"10";"1";"0";"2";"14";"1";""
"201900001693";"138 303 394";"A01";"1";"33";"6";"0";"1";"1";"1";""
"201900001694";"138 303 393";"A01";"1";"7";"1";"0";"2";"0";"1";""
"201900001695";"138 303 391";"B01";"0";"33";"0";"2";"1";"1";"0";""
"201900001695";"138 303 392";"A01";"0";"7";"0";"0";"6";"1";"0";""
"201900001696";"138 303 388";"B01";"1";"99";"0";"2";"1";"13";"1";""
"201900001696";"138 303 390";"A01";"1";"7";"0";"2";"3";"9";"1";""
"201900001697";"138 303 387";"A01";"1";"7";"0";"2";"5";"15";"1";""
"201900001697";"138 303 389";"B01";"2";"33";"0";"2";"2";"1";"1";""
"201900001698";"138 303 385";"A01";"2";"7";"1";"2";"2";"13";"0";""
"201900001698";"138 303 386";"B01";"3";"7";"0";"2";"3";"0";"0";""
"201900001699";"138 303 384";"A01";"1";"33";"3";"0";"1";"1";"1";""
"201900001700";"138 303 382";"A01";"2";"10";"0";"1";"1";"19";"1";""
"201900001701";"138 303 383";"A01";"0";"7";"13";"0";"2";"1";"1";""
"201900001702";"138 303 380";"B01";"3";"30";"0";"2";"1";"2";"1";""
"201900001702";"138 303 381";"A01";"3";"7";"0";"2";"4";"23";"1";""
"201900001703";"138 303 379";"A01";"1";"7";"2";"0";"0";"1";"1";""
"201900001704";"138 303 376";"A01";"2";"7";"10";"0";"9";"16";"1";""
"201900001705";"138 303 377";"I01";"1";"7";"14";"2";"1";"2";"1";""
"201900001705";"138 303 378";"A01";"1";"7";"0";"2";"4";"2";"1";""
"201900001706";"138 303 374";"A01";"2";"43";"0";"2";"0";"17";"0";""
"201900001707";"138 303 373";"B01";"1";"33";"0";"2";"3";"13";"0";""
"201900001707";"138 303 375";"A01";"2";"7";"0";"2";"3";"0";"2";""
"201900001708";"138 303 372";"A01";"2";"34";"0";"1";"1";"26";"1";""
"201900001709";"138 303 370";"A01";"3";"7";"0";"2";"3";"1";"1";""
"201900001709";"138 303 371";"B01";"3";"36";"0";"2";"1";"1";"1";""
"201900001710";"138 303 368";"A01";"3";"10";"0";"6";"1";"20";"1";""
"201900001710";"138 303 369";"B01";"3";"99";"0";"2";"8";"25";"0";""
"201900001711";"138 303 367";"A01";"1";"38";"3";"0";"7";"9";"1";"2"
"201900001712";"138 303 366";"A01";"1";"3";"0";"1";"3";"26";"6";""
"201900001713";"138 303 365";"A01";"2";"31";"0";"0";"7";"1";"0";""
"201900001714";"138 303 363";"A01";"2";"7";"10";"0";"3";"13";"1";""
"201900001715";"138 303 361";"A01";"1";"7";"0";"2";"1";"21";"1";""
"201900001715";"138 303 362";"B01";"1";"7";"0";"2";"6";"16";"1";""
"201900001715";"138 303 364";"C01";"1";"7";"0";"2";"7";"16";"1";""
"201900001716";"138 303 358";"B01";"1";"7";"0";"2";"1";"9";"1";""
"201900001716";"138 303 359";"A01";"2";"7";"0";"2";"5";"9";"1";""
"201900001717";"138 303 356";"B01";"1";"7";"4";"2";"6";"1";"0";""
"201900001717";"138 303 357";"A01";"1";"15";"0";"2";"2";"1";"6";""
"201900001718";"138 303 353";"A01";"1";"7";"0";"2";"1";"2";"1";""
"201900001718";"138 303 354";"B01";"1";"15";"0";"0";"4";"2";"1";""
"201900001719";"138 303 352";"A01";"1";"34";"0";"0";"8";"17";"1";""
"201900001720";"138 303 355";"B01";"1";"2";"0";"2";"5";"2";"1";""
"201900001721";"138 303 351";"A01";"1";"33";"0";"0";"7";"1";"6";""
"201900001722";"138 303 349";"B01";"1";"33";"0";"2";"1";"21";"1";""
"201900001722";"138 303 350";"A01";"1";"7";"0";"2";"6";"11";"1";""
"201900001723";"138 303 346";"C01";"2";"7";"0";"2";"7";"13";"1";""
"201900001723";"138 303 347";"B01";"2";"7";"0";"2";"6";"23";"1";""
"201900001723";"138 303 348";"A01";"2";"32";"0";"2";"2";"3";"1";""
"201900001724";"138 303 344";"B01";"2";"7";"0";"2";"8";"15";"1";""
"201900001724";"138 303 345";"A01";"2";"33";"0";"2";"2";"17";"1";""
"201900001725";"138 303 342";"A01";"3";"7";"0";"2";"1";"16";"1";""
"201900001725";"138 303 343";"B01";"3";"50";"0";"2";"1";"1";"3";""
"201900001726";"138 303 340";"A01";"2";"30";"0";"2";"1";"17";"1";""
"201900001726";"138 303 341";"B01";"2";"7";"0";"2";"3";"15";"1";""
"201900001727";"138 303 339";"A01";"1";"7";"0";"6";"1";"1";"1";""
"201900001728";"138 303 336";"A01";"0";"7";"0";"1";"3";"15";"1";""
"201900001729";"138 303 335";"A01";"0";"33";"13";"0";"0";"13";"1";""
"201900001730";"138 303 333";"A01";"1";"2";"0";"2";"1";"1";"1";""
"201900001730";"138 303 334";"B01";"2";"7";"0";"2";"8";"1";"1";""
"201900001731";"138 303 332";"A01";"1";"7";"6";"2";"1";"0";"1";""
"201900001732";"138 303 330";"A01";"2";"7";"0";"2";"2";"15";"1";""
"201900001732";"138 303 331";"B01";"1";"31";"0";"2";"1";"1";"1";""
"201900001733";"138 303 328";"B01";"1";"7";"0";"2";"3";"1";"6";""
"201900001733";"138 303 329";"A01";"2";"7";"0";"2";"3";"13";"6";""
"201900001734";"138 303 327";"A01";"3";"7";"12";"0";"1";"9";"1";""
"201900001735";"138 303 326";"A01";"1";"7";"6";"0";"1";"6";"0";""
"201900001736";"138 303 324";"B01";"2";"1";"0";"2";"3";"13";"5";""
"201900001736";"138 303 325";"A01";"1";"7";"0";"9";"3";"1";"1";""
"201900001737";"138 303 322";"B01";"2";"1";"0";"2";"2";"26";"0";""
"201900001737";"138 303 323";"A01";"1";"7";"0";"9";"3";"26";"0";""
"201900001738";"138 303 320";"A01";"2";"7";"0";"9";"7";"19";"1";""
"201900001738";"138 303 321";"B01";"1";"1";"0";"2";"1";"1";"5";""
"201900001739";"138 303 319";"A01";"2";"7";"4";"0";"3";"13";"1";""
"201900001740";"138 303 318";"A01";"1";"1";"16";"0";"8";"14";"5";""
"201900001741";"138 303 317";"A01";"1";"33";"16";"0";"0";"1";"1";""
"201900001742";"138 303 316";"A01";"1";"31";"13";"0";"1";"1";"3";""
"201900001743";"138 303 311";"A01";"1";"7";"3";"2";"6";"26";"1";""
"201900001743";"138 303 312";"B01";"1";"7";"0";"2";"1";"2";"1";""
"201900001743";"138 303 313";"C01";"1";"7";"0";"2";"1";"2";"1";""
"201900001744";"138 303 309";"B01";"1";"0";"0";"2";"4";"1";" -1";""
"201900001744";"138 303 310";"A01";"1";"7";"0";"2";"1";"2";"1";""
"201900001745";"138 303 307";"B01";"2";"33";"0";"2";"7";"1";"1";""
"201900001745";"138 303 308";"A01";"2";"10";"0";"2";"8";"11";"1";""
"201900001746";"138 303 305";"B01";"2";"7";"0";"2";"4";"23";"1";""
"201900001746";"138 303 306";"A01";"2";"34";"0";"2";"1";"2";"1";""
"201900001747";"138 303 304";"A01";"3";"33";"8";"0";"0";"1";"1";""
"201900001748";"138 303 302";"A01";"1";"15";"0";"2";"6";"1";"1";""
"201900001748";"138 303 303";"B01";"2";"7";"0";"2";"3";"1";"1";""
"201900001749";"138 303 301";"A01";"2";"7";"0";"0";"2";"14";"1";""
"201900001750";"138 303 297";"A01";"1";"7";"0";"0";"0";"1";"1";""
"201900001750";"138 303 298";"B01";"1";"7";"14";"0";"4";"23";"1";""
"201900001750";"138 303 299";"C01";"1";"7";"0";"2";"4";"1";"1";""
"201900001750";"138 303 300";"D01";"1";"7";"0";"2";"1";"1";"1";""
"201900001751";"138 303 296";"A01";"0";"32";"2";"0";"1";"0";"1";""
"201900001752";"138 303 295";"A01";"3";"7";"13";"0";"3";"1";"1";""
"201900001753";"138 303 294";"A01";"2";"7";"0";"1";"2";"1";"1";""
"201900001754";"138 303 292";"B01";"3";"1";"0";"2";"1";"19";"5";""
"201900001754";"138 303 293";"A01";"0";"7";"0";"9";"2";"1";"0";""
"201900001755";"138 303 291";"A01";"0";"31";"0";"0";"0";"0";"1";""
"201900001756";"138 303 290";"A01";"0";"2";"0";"1";"1";"1";"1";""
"201900001757";"138 303 288";"B01";"2";"2";"0";"2";"1";"2";"1";""
"201900001757";"138 303 289";"A01";"2";"2";"0";"0";"4";"0";"1";""
"201900001758";"138 303 287";"A01";"0";"7";"0";"1";"2";"16";"0";""
"201900001759";"138 303 286";"A01";"3";"7";"0";"1";"1";"1";"1";""
"201900001760";"138 303 284";"A01";"2";"7";"0";"2";"3";"15";"1";""
"201900001760";"138 303 285";"B01";"1";"33";"0";"2";"8";"1";"1";""
"201900001761";"138 303 282";"A01";"2";"33";"0";"2";"1";"5";"1";""
"201900001761";"138 303 283";"B01";"1";"7";"0";"2";"2";"15";"1";""
"201900001762";"138 303 281";"A01";"1";"7";"10";"0";"1";"1";"1";""
"201900001763";"138 303 279";"A01";"2";"7";"0";"2";"7";"13";"0";""
"201900001763";"138 303 280";"B01";"1";"7";"0";"2";"1";"1";"1";""
"201900001764";"138 303 278";"A01";"0";"7";"13";"0";"2";"0";"1";""
"201900001765";"138 303 276";"A01";"1";"30";"0";"2";"1";"1";"1";""
"201900001765";"138 303 277";"B01";"1";"7";"0";"0";"7";"26";"1";""
"201900001766";"138 303 275";"A01";"3";"50";"0";"0";"0";"1";"3";""
"201900001767";"138 303 273";"B01";"1";"33";"0";"2";"8";"1";"1";""
"201900001767";"138 303 274";"A01";"2";"7";"0";"2";"3";"15";"1";""
"201900001768";"138 303 271";"A01";"1";"7";"0";"2";"1";"2";"1";""
"201900001768";"138 303 272";"B01";"1";"7";"0";"0";"4";"23";"1";""
"201900001769";"138 303 270";"A01";"3";"7";"0";"1";"3";"16";"1";""
"201900001770";"138 303 268";"B01";"1";"7";"0";"2";"1";"1";"1";""
"201900001770";"138 303 269";"A01";"2";"7";"0";"2";"2";"13";"0";""
"201900001771";"138 303 266";"B01";"1";"33";"0";"2";"1";"1";"1";""
"201900001771";"138 303 267";"A01";"2";"7";"0";"9";"1";"17";"1";""
"201900001772";"138 303 264";"B01";"1";"17";"0";"2";"6";"1";"1";""
"201900001772";"138 303 265";"A01";"1";"7";"0";"2";"2";"17";"1";""
"201900001773";"138 303 261";"C01";"1";"7";"0";"2";"4";"1";"1";""
"201900001773";"138 303 262";"B01";"1";"7";"0";"2";"4";"1";"1";""
"201900001773";"138 303 263";"A01";"1";"7";"0";"2";"1";"1";"1";""
"201900001774";"138 303 259";"B01";"1";"10";"0";"2";"3";"2";"1";""
"201900001774";"138 303 260";"A01";"1";"10";"0";"2";"5";"12";"1";""
"201900001775";"138 303 258";"A01";"2";"7";"4";"0";"2";"14";"1";""
"201900001776";"138 303 256";"B01";"1";"7";"3";"2";"4";"1";"1";""
"201900001776";"138 303 257";"Z01";"1";"0";"4";"2";"1";"2";"0";""
"201900001777";"138 303 254";"B01";"2";"33";"0";"2";"1";"3";"1";""
"201900001777";"138 303 255";"A01";"2";"10";"0";"2";"2";"12";"1";""
"201900001778";"138 303 251";"A01";"1";"7";"0";"2";"1";"1";"1";""
"201900001778";"138 303 252";"B01";"1";"7";"0";"2";"4";"1";"1";""
"201900001778";"138 303 253";"C01";"1";"7";"0";"2";"4";"1";"1";""
"201900001779";"138 303 249";"A01";"1";"7";"0";"2";"2";"12";"1";""
"201900001779";"138 303 250";"B01";"1";"33";"0";"2";"6";"1";"1";""
"201900001780";"138 303 245";"D01";"2";"7";"0";"2";"4";"2";"1";""
"201900001780";"138 303 246";"C01";"2";"7";"0";"2";"4";"2";"1";""
"201900001780";"138 303 247";"B01";"2";"7";"0";"2";"4";"2";"1";""
"201900001780";"138 303 248";"A01";"2";"10";"0";"2";"1";"2";"1";""
"201900001781";"138 303 243";"A01";"1";"7";"1";"0";"1";"2";"1";""
"201900001781";"138 303 244";"B01";"1";"7";"0";"2";"4";"23";"1";""
"201900001782";"138 303 241";"A01";"1";"31";"0";"2";"1";"3";"1";""
"201900001782";"138 303 242";"B01";"1";"10";"0";"2";"4";"11";"1";""
"201900001783";"138 303 239";"A01";"2";"7";"0";"2";"6";"11";"1";""
"201900001783";"138 303 240";"B01";"2";"33";"0";"2";"1";"1";"1";""
"201900001784";"138 303 237";"A01";"1";"7";"0";"2";"5";"12";"1";""
"201900001784";"138 303 238";"B01";"1";"33";"0";"2";"1";"3";"1";""
"201900001785";"138 303 236";"A01";"1";"33";"0";"0";"9";"21";"1";""
"201900001786";"138 303 234";"B01";"1";"7";"0";"2";"5";"1";"1";""
"201900001786";"138 303 235";"A01";"1";"7";"0";"2";"1";"1";"1";""
"201900001787";"138 303 231";"A01";"2";"33";"0";"2";"1";"3";"1";""
"201900001787";"138 303 232";"B01";"2";"7";"0";"2";"3";"1";"1";""
"201900001787";"138 303 233";"C01";"2";"7";"0";"2";"5";"1";"1";""
"201900001788";"138 303 228";"A01";"2";"7";"0";"2";"4";"23";"1";""
"201900001788";"138 303 229";"C01";"2";"10";"0";"2";"7";"1";"1";""
"201900001788";"138 303 230";"B01";"2";"32";"0";"2";"1";"12";"1";""
"201900001789";"138 303 226";"B01";"2";"7";"0";"2";"2";"0";"0";""
"201900001789";"138 303 227";"A01";"2";"32";"0";"2";"3";"0";"0";""
"201900001790";"138 303 224";"A01";"2";"7";"0";"2";"1";"26";"1";""
"201900001790";"138 303 225";"B01";"2";"7";"0";"2";"4";"0";"1";""
"201900001791";"138 303 221";"C01";"2";"7";"0";"2";"1";"2";"1";""
"201900001791";"138 303 222";"B01";"2";"10";"0";"2";"4";"2";"1";""
"201900001791";"138 303 223";"A01";"2";"10";"0";"2";"4";"2";"1";""
"201900001792";"138 303 216";"A01";"2";"7";"0";"2";"1";"15";"1";""
"201900001792";"138 303 217";"B01";"1";"1";"0";"2";"1";"1";"5";""
"201900001793";"138 303 214";"B01";"1";"7";"0";"2";"1";"1";"1";""
"201900001793";"138 303 215";"A01";"1";"7";"0";"2";"6";"15";"1";""
"201900001794";"138 303 212";"B01";"2";"14";"3";"0";"1";"1";"1";""
"201900001794";"138 303 213";"A01";"2";"7";"14";"0";"2";"12";"1";""
"201900001795";"138 303 209";"C01";"1";"7";"0";"2";"3";"1";"2";""
"201900001795";"138 303 210";"B01";"1";"10";"0";"2";"3";"1";"1";""
"201900001795";"138 303 211";"A01";"1";"7";"0";"2";"1";"1";"1";""
"201900001796";"138 303 208";"A01";"1";"7";"4";"0";"1";"1";"1";""
"201900001797";"138 303 207";"A01";"1";"7";"0";"2";"7";"1";"1";""
"201900001798";"138 303 205";"B01";"1";"7";"0";"2";"2";"1";"1";""
"201900001798";"138 303 206";"A01";"1";"7";"0";"2";"3";"1";"0";""
"201900001799";"138 303 202";"A01";"1";"7";"0";"2";"1";"16";"0";""
"201900001799";"138 303 203";"B01";"2";"10";"0";"2";"5";"0";"0";""
"201900001799";"138 303 204";"C01";"1";"7";"0";"2";"1";"1";"0";""
"201900001800";"138 303 199";"A01";"1";"37";"0";"1";"1";"1";"1";"1"
"201900001801";"138 303 198";"A01";"1";"3";"0";"1";"1";"15";"1";""
"201900001802";"138 303 196";"A01";"3";"7";"0";"9";"3";"16";"1";""
"201900001802";"138 303 197";"B01";"1";"7";"0";"2";"8";"1";"1";""
"201900001803";"138 303 194";"B01";"1";"7";"0";"2";"1";"1";"1";""
"201900001803";"138 303 195";"A01";"2";"32";"0";"2";"1";"1";"3";""
"201900001804";"138 303 193";"A01";"3";"7";"0";"1";"2";"26";"1";""
"201900001805";"138 303 188";"A01";"3";"7";"0";"2";"3";"13";"1";""
"201900001805";"138 303 189";"B01";"3";"7";"0";"2";"3";"1";"1";""
"201900001805";"138 303 190";"C01";"3";"7";"0";"2";"3";"1";"1";""
"201900001806";"138 303 186";"B01";"2";"33";"0";"2";"3";"1";"1";""
"201900001806";"138 303 187";"A01";"2";"7";"0";"2";"8";"15";"1";""
"201900001807";"138 303 185";"A01";"3";"10";"0";"1";"3";"6";"1";""
"201900001808";"138 303 184";"A01";"3";"30";"0";"0";"0";"16";"1";""
"201900001809";"138 303 181";"A01";"0";"7";"0";"1";"2";"15";"1";""
"201900001810";"138 303 179";"B01";"3";"7";"0";"2";"5";"23";"1";""
"201900001810";"138 303 180";"A01";"3";"7";"0";"2";"3";"11";"1";""
"201900001811";"138 303 172";"C01";"3";"7";"0";"2";"3";"1";"1";""
"201900001811";"138 303 173";"A01";"3";"7";"0";"2";"6";"1";"1";""
"201900001811";"138 303 174";"B01";"2";"7";"0";"2";"1";"1";"1";""
"201900001812";"138 303 168";"A01";"1";"7";"0";"2";"1";"13";"1";""
"201900001812";"138 303 169";"B01";"0";"3";"0";"2";"0";"0";"1";""
"201900001813";"138 303 167";"A01";"2";"10";"0";"0";"8";"1";"3";""
"201900001814";"138 303 165";"A01";"1";"7";"0";"2";"4";"26";"1";""
"201900001814";"138 303 166";"B01";"1";"1";"0";"2";"1";"1";"5";""
"201900001815";"138 303 163";"B01";"0";"7";"0";"2";"4";"1";"1";""
"201900001815";"138 303 164";"A01";"1";"7";"0";"2";"1";"2";"1";""
"201900001816";"138 303 161";"B01";"2";"30";"0";"2";"1";"1";"1";""
"201900001816";"138 303 162";"A01";"1";"7";"0";"2";"3";"0";"1";""
"201900001817";"138 303 159";"B01";"1";"33";"0";"0";"1";"1";"0";""
"201900001817";"138 303 160";"A01";"2";"7";"0";"2";"1";"15";"1";""
"201900001818";"138 303 157";"A01";"3";"7";"0";"2";"1";"9";"1";""
"201900001818";"138 303 158";"Y01";"3";"1";"0";"2";"7";"1";"5";""
"201900001819";"138 303 155";"A01";"3";"3";"0";"1";"1";"2";"6";""
"201900001820";"138 303 154";"A01";"1";"7";"0";"1";"1";"1";"1";""
"201900001821";"138 303 152";"B01";"1";"7";"0";"2";"4";"23";"1";""
"201900001821";"138 303 153";"A01";"1";"7";"0";"2";"2";"16";"1";""
"201900001822";"138 303 148";"D01";"2";"7";"0";"2";"4";"1";"1";""
"201900001822";"138 303 149";"C01";"2";"7";"0";"2";"4";"1";"1";""