"Num_Acc";"id_vehicule";"num_veh";"senc";"catv";"obs";"obsm";"choc";"manv";"motor";"occutc"
"201900002432";"138 301 976";"A01";"1";"14";"0";"2";"2";"1";"1";""
"201900002433";"138 301 973";"A01";"1";"7";"8";"2";"2";"19";"1";""
"201900002433";"138 301 974";"B01";"1";"15";"8";"2";"3";"1";"1";""
"201900002434";"138 301 972";"A01";"3";"33";"0";"0";"9";"0";"1";""
"201900002435";"138 301 971";"A01";"2";"7";"13";"0";"9";"21";"1";""
"201900002436";"138 301 970";"A01";"3";"7";"6";"0";"2";"14";"1";""
"201900002437";"138 301 968";"A01";"3";"7";"0";"2";"3";"15";"1";""
"201900002437";"138 301 969";"B01";"0";"2";"0";"2";"1";"26";"1";""
"201900002438";"138 301 967";"A01";"3";"33";"13";"0";"2";"15";"1";""
"201900002439";"138 301 965";"B01";"2";"7";"3";"2";"1";"0";"1";""
"201900002439";"138 301 966";"A01";"1";"7";"0";"2";"1";"21";"1";""
"201900002440";"138 301 963";"A01";"2";"7";"0";"2";"1";"15";"1";""
"201900002440";"138 301 964";"B01";"1";"7";"0";"2";"2";"1";"1";""
"201900002441";"138 301 962";"A01";"1";"31";"0";"0";"0";"0";"1";""
"201900002442";"138 301 961";"A01";"1";"7";"0";"1";"2";"2";"1";""
"201900002443";"138 301 959";"B01";"2";"7";"3";"0";"6";"1";"1";""
"201900002443";"138 301 960";"A01";"2";"33";"0";"0";"5";"2";"1";""
"201900002444";"138 301 957";"B01";"1";"7";"0";"2";"1";"1";"1";""
"201900002444";"138 301 958";"A01";"1";"7";"0";"2";"1";"17";"1";""
"201900002445";"138 301 953";"A01";"1";"7";"1";"2";"8";"1";"1";""
"201900002445";"138 301 954";"Z01";"1";"7";"0";"0";"0";"0";"1";""
"201900002446";"138 301 951";"A01";"1";"7";"0";"2";"3";"16";"1";""
"201900002446";"138 301 952";"B01";"1";"7";"0";"2";"1";"2";"1";""
"201900002447";"138 301 950";"A01";"2";"7";"2";"0";"7";"14";"1";""
"201900002448";"138 301 948";"A01";"1";"7";"0";"2";"7";"15";"1";""
"201900002448";"138 301 949";"B01";"2";"17";"0";"2";"2";"1";"1";""
"201900002449";"138 301 947";"Z01";"1";"7";"0";"1";"0";"1";"0";""
"201900002450";"138 301 941";"B01";"2";"7";"0";"2";"3";"1";"1";""
"201900002450";"138 301 942";"A01";"2";"7";"0";"2";"3";"1";"1";""
"201900002451";"138 301 939";"A01";"2";"7";"0";"2";"8";"19";"1";""
"201900002451";"138 301 940";"B01";"1";"32";"0";"2";"1";"1";"1";""
"201900002452";"138 301 938";"A01";"1";"1";"15";"0";"1";"2";"5";""
"201900002453";"138 301 937";"A01";"1";"2";"0";"4";"1";"1";"1";""
"201900002454";"138 301 935";"A01";"2";"7";"6";"2";"3";"21";"1";""
"201900002454";"138 301 936";"B01";"1";"7";"0";"2";"3";"16";"1";""
"201900002455";"138 301 933";"A01";"2";"1";"0";"2";"1";"1";"5";""
"201900002455";"138 301 934";"B01";"2";"7";"0";"2";"3";"15";"1";""
"201900002456";"138 301 930";"C01";"1";"7";"0";"2";"3";"1";"1";""
"201900002456";"138 301 931";"B01";"1";"10";"0";"2";"3";"1";"1";""
"201900002456";"138 301 932";"A01";"2";"33";"0";"2";"1";"17";"1";""
"201900002457";"138 301 928";"B01";"1";"7";"0";"2";"4";"2";"1";""
"201900002457";"138 301 929";"A01";"1";"33";"0";"2";"1";"2";"1";""
"201900002458";"138 301 926";"B01";"3";"30";"0";"2";"7";"2";"1";""
"201900002458";"138 301 927";"A01";"3";"10";"0";"2";"1";"2";"1";""
"201900002459";"138 301 925";"A01";"1";"7";"0";"1";"3";"15";"1";""
"201900002460";"138 301 923";"B01";"1";"32";"0";"2";"0";"0";"1";""
"201900002460";"138 301 924";"A01";"1";"7";"0";"2";"3";"15";"1";""
"201900002461";"138 301 920";"B01";"3";"7";"0";"2";"3";"5";"0";""
"201900002461";"138 301 921";"C01";"3";"7";"0";"2";"4";"24";"1";""
"201900002461";"138 301 922";"A01";"1";"7";"0";"2";"1";"26";"1";""
"201900002462";"138 301 919";"A01";"3";"7";"0";"1";"0";"0";" -1";""
"201900002463";"138 301 917";"A01";"0";"7";"0";"2";"5";"15";"1";""
"201900002463";"138 301 918";"B01";"0";"33";"0";"2";"1";"1";"1";""
"201900002464";"138 301 914";"A01";"1";"7";"0";"0";"9";"1";"1";""
"201900002465";"138 301 912";"B01";"3";"33";"0";"2";"1";"1";"1";""
"201900002465";"138 301 913";"A01";"3";"7";"0";"2";"3";"9";"1";""
"201900002466";"138 301 911";"A01";"2";"7";"1";"0";"3";"1";"1";""
"201900002467";"138 301 908";"C01";"1";"7";"0";"2";"3";"1";"1";""
"201900002467";"138 301 909";"B01";"1";"7";"0";"2";"3";"1";"1";""
"201900002467";"138 301 910";"A01";"2";"7";"0";"2";"2";"15";"1";""
"201900002468";"138 301 903";"B01";"2";"31";"0";"2";"1";"1";"1";""
"201900002468";"138 301 904";"A01";"2";"7";"0";"2";"7";"9";"1";""
"201900002469";"138 301 901";"A01";"2";"15";"0";"2";"2";"1";"1";""
"201900002469";"138 301 902";"B01";"2";"2";"0";"2";"4";"1";"1";""
"201900002470";"138 301 899";"A01";"2";"7";"0";"2";"1";"9";"1";""
"201900002470";"138 301 900";"B01";"2";"7";"0";"2";"1";"1";"1";""
"201900002471";"138 301 898";"A01";"0";"10";"0";"1";"0";"1";"1";""
"201900002472";"138 301 896";"A01";"0";"2";"0";"2";"8";"9";"1";""
"201900002472";"138 301 897";"B01";"0";"7";"0";"1";"8";"0";"0";""
"201900002473";"138 301 895";"A01";"0";"7";"0";"1";"1";"26";"1";""
"201900002474";"138 301 892";"B01";"1";"7";"0";"2";"4";"1";"1";""
"201900002474";"138 301 893";"A01";"1";"14";"0";"2";"4";"1";"1";""
"201900002474";"138 301 894";"C01";"1";"7";"0";"2";"1";"2";"1";""
"201900002475";"138 301 889";"A01";"2";"7";"0";"2";"1";"2";"1";""
"201900002475";"138 301 890";"C01";"2";"7";"0";"2";"4";"2";"1";""
"201900002475";"138 301 891";"B01";"2";"7";"0";"2";"4";"2";"1";""
"201900002476";"138 301 886";"B01";"1";"7";"0";"2";"7";"12";"1";""
"201900002476";"138 301 887";"C01";"1";"7";"0";"2";"4";"1";"1";""
"201900002476";"138 301 888";"A01";"1";"30";"0";"2";"1";"18";"1";""
"201900002477";"138 301 885";"A01";"1";"7";"0";"1";"5";"26";"1";""
"201900002478";"138 301 883";"B01";"1";"7";"0";"2";"4";"1";"1";""
"201900002478";"138 301 884";"A01";"1";"7";"0";"2";"1";"1";"1";""
"201900002479";"138 301 881";"A01";"0";"7";"0";"1";"1";"0";"1";""
"201900002479";"138 301 882";"B01";"3";"1";"0";"2";"8";"19";"5";""
"201900002480";"138 301 879";"A01";"2";"7";"0";"2";"3";"13";"1";""
"201900002480";"138 301 880";"B01";"1";"7";"0";"2";"3";"1";"1";""
"201900002481";"138 301 876";"A01";"2";"7";"0";"1";"1";"2";"1";""
"201900002482";"138 301 874";"B01";"1";"31";"0";"2";"7";"15";"1";""
"201900002482";"138 301 875";"A01";"1";"7";"0";"2";"1";"9";"1";""
"201900002483";"138 301 873";"A01";"1";"7";"0";"1";"8";"1";"1";""
"201900002484";"138 301 870";"B01";"1";"7";"0";"2";"4";"2";"1";""
"201900002484";"138 301 871";"A01";"1";"7";"0";"2";"1";"26";"1";""
"201900002485";"138 301 868";"A01";"1";"7";"0";"2";"1";"9";"1";""
"201900002485";"138 301 869";"B01";"1";"2";"0";"2";"7";"15";"1";""
"201900002486";"138 301 864";"B01";"0";"7";"0";"2";"6";"24";"1";""
"201900002486";"138 301 865";"A01";"0";"7";"1";"0";"1";"14";"1";""
"201900002487";"138 301 862";"B01";"3";"7";"0";"2";"8";"19";"1";""
"201900002487";"138 301 863";"A01";"1";"33";"0";"2";"1";"2";"1";""
"201900002488";"138 301 860";"B01";"0";"7";"0";"2";"1";"1";"1";""
"201900002488";"138 301 861";"A01";"0";"7";"0";"2";"1";"5";"1";""
"201900002489";"138 301 859";"A01";"3";"33";"0";"0";"9";"26";"0";""
"201900002490";"138 301 858";"A01";"0";"7";"9";"0";"1";"14";"0";""
"201900002491";"138 301 857";"A01";"1";"32";"8";"0";"9";"0";"1";""
"201900002492";"138 301 855";"A01";"1";"32";"0";"2";"7";"17";"6";""
"201900002492";"138 301 856";"B01";"1";"10";"0";"2";"8";"11";"6";""
"201900002493";"138 301 853";"B01";"0";"2";"0";"2";"1";"1";"1";""
"201900002493";"138 301 854";"A01";"0";"16";"0";"2";"1";"15";"1";""
"201900002494";"138 301 851";"B01";"0";"32";"0";"2";"1";"1";"1";""
"201900002494";"138 301 852";"A01";"0";"7";"0";"2";"1";"15";"1";""
"201900002495";"138 301 849";"B01";"3";"7";"0";"2";"7";"14";"1";""
"201900002495";"138 301 850";"A01";"3";"34";"0";"2";"8";"18";"1";""
"201900002496";"138 301 847";"Z01";"0";"7";"0";"2";"0";"1";"1";""
"201900002496";"138 301 848";"A01";"0";"7";"0";"2";"7";"1";"1";""
"201900002497";"138 301 846";"A01";"2";"30";"0";"1";"0";"1";"1";""
"201900002498";"138 301 845";"A01";"1";"7";"0";"1";"3";"1";"1";""
"201900002499";"138 301 843";"A01";"1";"99";"0";"2";"1";"2";"1";""
"201900002499";"138 301 844";"B01";"2";"7";"0";"2";"4";"2";"1";""
"201900002500";"138 301 842";"A01";"1";"7";"0";"1";"8";"1";"1";""
"201900002501";"138 301 840";"A01";"1";"33";"0";"2";"1";"26";"1";""
"201900002501";"138 301 841";"B01";"2";"7";"0";"2";"3";"15";"1";""
"201900002502";"138 301 839";"Z01";"1";"7";"0";"1";"0";"1";"0";""
"201900002503";"138 301 838";"A01";"1";"7";"0";"1";"0";"26";"1";""
"201900002504";"138 301 836";"B01";"1";"7";"0";"2";"4";"2";"1";""
"201900002504";"138 301 837";"A01";"1";"7";"0";"2";"1";"2";"1";""
"201900002505";"138 301 835";"A01";"2";"7";"0";"1";"1";"15";"0";""
"201900002506";"138 301 834";"A01";"2";"7";"0";"1";"2";"17";"1";""
"201900002507";"138 301 833";"A01";"3";"7";"11";"0";"3";"0";"0";""
"201900002508";"138 301 831";"A01";"2";"33";"0";"2";"1";"17";"1";""
"201900002508";"138 301 832";"B01";"2";"7";"0";"2";"3";"15";"1";""
"201900002509";"138 301 830";"A01";"2";"7";"0";"1";"1";"1";"1";""
"201900002510";"138 301 828";"B01";"2";"33";"0";"2";"3";"3";"1";""
"201900002510";"138 301 829";"A01";"2";"7";"0";"2";"5";"12";"1";""
"201900002511";"138 301 827";"A01";"2";"30";"0";"0";"8";"1";"3";""
"201900002512";"138 301 825";"A01";"1";"7";"0";"2";"3";"10";"1";""
"201900002512";"138 301 826";"B01";"1";"31";"0";"2";"1";"17";"1";""
"201900002513";"138 301 823";"A01";"1";"7";"0";"2";"6";"11";"1";""
"201900002513";"138 301 824";"B01";"3";"32";"0";"2";"2";"1";"1";""
"201900002514";"138 301 821";"A01";"1";"34";"8";"2";"2";"18";"1";""
"201900002514";"138 301 822";"B01";"1";"7";"0";"2";"7";"22";"1";""
"201900002515";"138 301 819";"A01";"1";"7";"0";"2";"5";"14";"1";""
"201900002515";"138 301 820";"B01";"1";"30";"0";"2";"8";"1";"1";""
"201900002516";"138 301 818";"A01";"1";"30";"0";"0";"1";"1";"3";""
"201900002517";"138 301 816";"A01";"2";"32";"0";"1";"2";"1";"1";""
"201900002518";"138 301 814";"B01";"2";"7";"0";"2";"3";"16";"1";""
"201900002518";"138 301 815";"A01";"2";"1";"0";"2";"2";"1";"5";""
"201900002519";"138 301 813";"A01";"2";"30";"1";"0";"2";"9";"1";""
"201900002520";"138 301 812";"A01";"1";"0";"0";"2";"0";"26";"6";""
"201900002521";"138 301 810";"B01";"2";"31";"0";"2";"1";"1";"0";""
"201900002521";"138 301 811";"Z01";"3";"7";"0";"2";"2";"0";"0";""
"201900002522";"138 301 809";"A01";"1";"7";"0";"1";"1";"1";"1";""
"201900002523";"138 301 807";"B01";"2";"7";"0";"2";"4";"26";"3";""
"201900002523";"138 301 808";"A01";"2";"32";"0";"2";"1";"2";"1";""
"201900002524";"138 301 806";"A01";"3";"7";"0";"1";"1";"1";"0";""
"201900002525";"138 301 805";"A01";"1";"7";"0";"0";"1";"1";"1";""
"201900002526";"138 301 804";"A01";"1";"7";"13";"0";"3";"13";"1";""
"201900002527";"138 301 802";"B01";"2";"2";"0";"2";"2";"17";"1";""
"201900002527";"138 301 803";"A01";"2";"7";"0";"2";"1";"10";"1";""
"201900002528";"138 301 800";"B01";"0";"10";"0";"0";"6";"15";"0";""
"201900002528";"138 301 801";"A01";"0";"31";"0";"2";"1";"1";"0";""
"201900002529";"138 301 799";"A01";"1";"7";"2";"0";"3";"13";"0";""
"201900002530";"138 301 797";"A01";"2";"7";"4";"0";"2";"1";"1";""
"201900002531";"138 301 796";"A01";"1";"14";"3";"0";"7";"14";"1";""
"201900002532";"138 301 794";"A01";"0";"7";"0";"2";"3";"1";"1";""
"201900002532";"138 301 795";"B01";"0";"21";"0";"2";"3";"1";"1";""
"201900002533";"138 301 792";"A01";"1";"7";"0";"2";"2";"1";"1";""
"201900002533";"138 301 793";"B01";"1";"15";"0";"0";"6";"1";"1";""
"201900002534";"138 301 791";"A01";"2";"7";"12";"1";"3";"5";"1";""
"201900002535";"138 301 789";"A01";"2";"15";"0";"2";"3";"13";"1";""
"201900002535";"138 301 790";"B01";"1";"17";"0";"2";"3";"1";"1";""
"201900002536";"138 301 788";"A01";"2";"7";"13";"0";"1";"1";"0";""
"201900002537";"138 301 787";"A01";"3";"7";"0";"9";"2";"1";"1";""
"201900002538";"138 301 786";"A01";"1";"7";"0";"1";"2";"1";"1";""
"201900002539";"138 301 784";"B01";"1";"15";"0";"2";"3";"1";"1";""
"201900002539";"138 301 785";"A01";"2";"7";"0";"2";"3";"1";"1";""
"201900002540";"138 301 782";"B01";"2";"7";"0";"2";"3";"2";"1";""
"201900002540";"138 301 783";"A01";"2";"7";"14";"2";"3";"6";"1";""
"201900002541";"138 301 779";"C01";"3";"33";"5";"2";"3";"1";"1";""
"201900002541";"138 301 780";"B01";"3";"7";"0";"2";"2";"1";"1";""
"201900002541";"138 301 781";"A01";"3";"7";"0";"0";"7";"15";"1";""
"201900002542";"138 301 777";"A01";"2";"7";"0";"9";"3";"9";"1";""
"201900002542";"138 301 778";"B01";"2";"1";"0";"0";"7";"1";"0";""
"201900002543";"138 301 775";"A01";"1";"2";"1";"0";"1";"1";"1";""
"201900002543";"138 301 776";"B01";"1";"10";"0";"0";"5";"23";"1";""
"201900002544";"138 301 774";"A01";"1";"7";"2";"0";"1";"1";"1";""
"201900002545";"138 301 772";"B01";"0";"7";"0";"2";"1";"1";"1";""
"201900002545";"138 301 773";"A01";"0";"7";"0";"2";"1";"26";"1";""
"201900002546";"138 301 769";"C01";"2";"2";"0";"2";"1";"1";"1";""
"201900002546";"138 301 770";"B01";"1";"7";"0";"2";"3";"1";"1";""
"201900002546";"138 301 771";"A01";"1";"7";"0";"2";"3";"17";"1";""
"201900002547";"138 301 767";"A01";"0";"10";"0";"2";"8";"17";"0";""
"201900002547";"138 301 768";"B01";"0";"31";"0";"2";"7";"17";"1";""
"201900002548";"138 301 766";"A01";"0";"7";"0";"1";"3";"1";"1";""
"201900002549";"138 301 764";"B01";"1";"33";"0";"2";"1";"26";"0";""
"201900002549";"138 301 765";"A01";"0";"34";"0";"2";"3";"19";"0";""
"201900002550";"138 301 758";"B01";"1";"7";"0";"2";"8";"15";"1";""
"201900002550";"138 301 759";"A01";"2";"7";"0";"2";"1";"1";"1";""
"201900002551";"138 301 757";"A01";"2";"7";"0";"0";"3";"14";"1";""
"201900002552";"138 301 756";"A01";"2";"7";"13";"0";"1";"1";"1";""
"201900002553";"138 301 755";"A01";"1";"7";"0";"0";"0";"1";"1";""
"201900002554";"138 301 754";"A01";"3";"10";"0";"1";"3";"16";"1";""
"201900002555";"138 301 753";"A01";"1";"15";"7";"0";"1";"1";"1";""
"201900002556";"138 301 752";"A01";"1";"7";"8";"0";"3";"0";"1";""
"201900002557";"138 301 751";"A01";"2";"7";"13";"0";"9";"1";"1";""
"201900002558";"138 301 749";"B01";"3";"2";"0";"2";"1";"1";"1";""
"201900002558";"138 301 750";"A01";"3";"7";"0";"2";"3";"1";"1";""
"201900002559";"138 301 747";"B01";"1";"7";"0";"2";"2";"1";"1";""
"201900002559";"138 301 748";"A01";"2";"7";"0";"2";"2";"1";"1";""
"201900002560";"138 301 745";"B01";"2";"7";"0";"2";"3";"15";"0";""
"201900002560";"138 301 746";"A01";"1";"7";"0";"2";"3";"1";"0";""
"201900002561";"138 301 744";"A01";"3";"33";"0";"0";"1";"1";"1";""
"201900002562";"138 301 743";"A01";"1";"7";"2";"0";"3";"14";"6";""
"201900002563";"138 301 741";"B01";"2";"7";"0";"2";"8";"0";"6";""
"201900002563";"138 301 742";"A01";"1";"1";"0";"2";"1";"19";"6";""
"201900002564";"138 301 740";"A01";"3";"2";"0";"0";"1";"0";"1";""
"201900002565";"138 301 738";"A01";"1";"7";"0";"2";"3";"1";"1";""
"201900002565";"138 301 739";"B01";"2";"7";"0";"2";"3";"1";"1";""
"201900002566";"138 301 736";"A01";"2";"1";"1";"0";"1";"1";"5";""
"201900002566";"138 301 737";"B01";"2";"15";"0";"0";"0";"23";"1";""
"201900002567";"138 301 734";"A01";"3";"1";"0";"2";"8";"16";"5";""
"201900002567";"138 301 735";"B01";"1";"7";"0";"2";"2";"1";"1";""
"201900002568";"138 301 732";"B01";"2";"7";"0";"2";"2";"23";"0";""
"201900002568";"138 301 733";"A01";"1";"7";"0";"2";"3";"13";"0";""
"201900002569";"138 301 726";"A01";"1";"7";"0";"2";"4";"26";"1";""
"201900002569";"138 301 727";"B01";"1";"7";"0";"2";"1";"1";"1";""
"201900002570";"138 301 724";"A01";"1";"7";"0";"2";"1";"1";"1";""
"201900002570";"138 301 725";"B01";"1";"7";"0";"2";"4";"1";"1";""
"201900002571";"138 301 722";"A01";"1";"10";"0";"2";"1";"1";"1";""
"201900002571";"138 301 723";"B01";"1";"7";"0";"2";"6";"1";"1";""
"201900002572";"138 301 717";"B01";"1";"7";"0";"2";"4";"2";"1";""
"201900002572";"138 301 718";"C01";"1";"7";"0";"2";"4";"2";"6";""
"201900002572";"138 301 719";"A01";"1";"7";"0";"2";"2";"2";"1";""
"201900002573";"138 301 715";"A01";"2";"7";"0";"2";"4";"12";"1";""
"201900002573";"138 301 716";"B01";"2";"33";"0";"2";"1";"3";"1";""
"201900002574";"138 301 714";"A01";"1";"33";"4";"0";"8";"1";"1";""
"201900002575";"138 301 712";"B01";"2";"7";"0";"2";"8";"11";"1";""
"201900002575";"138 301 713";"A01";"2";"15";"0";"2";"7";"14";"1";""
"201900002576";"138 301 710";"A01";"1";"33";"0";"2";"3";"3";"1";""
"201900002576";"138 301 711";"B01";"1";"7";"0";"2";"2";"12";"1";""
"201900002577";"138 301 709";"O01";"3";"7";"0";"1";"0";"1";"0";""
"201900002578";"138 301 699";"A01";"2";"7";"0";"1";"7";"1";"1";""
"201900002579";"138 301 695";"B01";"3";"1";"0";"2";"2";"19";"0";""
"201900002579";"138 301 696";"A01";"3";"7";"0";"2";"3";"2";"1";""
"201900002580";"138 301 693";"B01";"1";"7";"0";"2";"4";"2";"0";""
"201900002580";"138 301 694";"A01";"1";"7";"0";"2";"1";"2";"1";""
"201900002581";"138 301 692";"A01";"3";"7";"0";"1";"6";"20";"2";""
"201900002582";"138 301 690";"A01";"0";"7";"0";"2";"1";"2";"1";""
"201900002582";"138 301 691";"B01";"0";"7";"0";"0";"4";"1";"1";""
"201900002583";"138 301 689";"A01";"3";"7";"0";"1";"4";"20";"1";""
"201900002584";"138 301 686";"A01";"1";"2";"0";"0";"0";"1";"1";""
"201900002585";"138 301 681";"B01";"1";"7";"0";"2";"9";"2";"0";""
"201900002585";"138 301 682";"C01";"1";"7";"0";"2";"4";"2";"1";""
"201900002585";"138 301 683";"A01";"1";"7";"0";"2";"1";"2";"1";""
"201900002586";"138 301 680";"A01";"3";"7";"0";"1";"1";"15";"1";""
"201900002587";"138 301 678";"A01";"3";"7";"0";"2";"5";"1";"1";""
"201900002587";"138 301 679";"B01";"3";"10";"0";"2";"1";"1";"1";""
"201900002588";"138 301 674";"D01";"2";"7";"0";"2";"4";"2";"0";""
"201900002588";"138 301 675";"C01";"2";"7";"0";"2";"4";"2";"0";""
"201900002588";"138 301 676";"B01";"2";"7";"0";"2";"4";"2";"0";""
"201900002588";"138 301 677";"A01";"2";"7";"0";"2";"1";"2";"0";""
"201900002589";"138 301 672";"A01";"1";"33";"0";"2";"2";"12";"1";""
"201900002589";"138 301 673";"B01";"1";"7";"0";"2";"3";"1";"2";""
"201900002590";"138 301 671";"A01";"2";"7";"3";"0";"0";"26";"1";""
"201900002591";"138 301 670";"A01";"0";"7";"16";"0";"0";"17";"1";""
"201900002592";"138 301 668";"B01";"0";"30";"0";"2";"1";"16";"1";""
"201900002592";"138 301 669";"A01";"0";"10";"0";"2";"3";"15";"1";""
"201900002593";"138 301 667";"A01";"1";"0";"5";"6";"0";"26";"0";""
"201900002594";"138 301 665";"A01";"1";"7";"14";"2";"3";"9";"6";""
"201900002594";"138 301 666";"B01";"1";"32";"0";"2";"3";"1";"6";""
"201900002595";"138 301 664";"A01";"2";"33";"0";"1";"1";"1";"6";""
"201900002596";"138 301 663";"A01";"2";"30";"0";"1";"7";"0";"0";""
"201900002597";"138 301 661";"A01";"2";"7";"0";"2";"2";"1";"1";""
"201900002597";"138 301 662";"B01";"2";"7";"0";"2";"3";"1";"1";""
"201900002598";"138 301 659";"A01";"1";"7";"0";"2";"1";"17";"1";""
"201900002598";"138 301 660";"B01";"2";"30";"0";"2";"1";"1";"1";""
"201900002599";"138 301 655";"A01";"2";"7";"0";"2";"1";"21";"1";""
"201900002599";"138 301 656";"C01";"2";"7";"0";"2";"4";"2";"1";""
"201900002599";"138 301 657";"D01";"2";"7";"0";"2";"4";"2";"1";""
"201900002599";"138 301 658";"B01";"2";"7";"0";"2";"4";"2";"1";""
"201900002600";"138 301 653";"B01";"1";"33";"0";"2";"1";"17";"1";""
"201900002600";"138 301 654";"A01";"2";"33";"0";"2";"1";"1";"1";""
"201900002601";"138 301 652";"A01";"1";"7";"0";"1";"1";"0";"1";""
"201900002602";"138 301 651";"A01";"1";"7";"0";"1";"1";"26";"3";""
"201900002603";"138 301 649";"B01";"3";"7";"0";"2";"4";"23";"1";""
"201900002603";"138 301 650";"A01";"3";"7";"1";"0";"1";"2";"1";""
"201900002604";"138 301 647";"A01";"1";"30";"0";"2";"1";"18";"1";""
"201900002604";"138 301 648";"B01";"1";"7";"0";"2";"7";"0";"1";""
"201900002605";"138 301 644";"A01";"1";"7";"0";"1";"0";"1";"0";""
"201900002606";"138 301 642";"B01";"1";"7";"0";"2";"2";"1";"1";""
"201900002606";"138 301 643";"A01";"1";"7";"0";"2";"1";"1";"1";""
"201900002607";"138 301 640";"A01";"2";"34";"0";"2";"1";"18";"1";""
"201900002607";"138 301 641";"B01";"2";"7";"0";"2";"2";"16";"1";""
"201900002608";"138 301 638";"A01";"2";"7";"0";"2";"1";"1";"1";""
"201900002608";"138 301 639";"B01";"1";"7";"0";"2";"8";"1";"1";""
"201900002609";"138 301 636";"A01";"1";"7";"0";"2";"2";"1";"1";""
"201900002609";"138 301 637";"B01";"1";"7";"0";"2";"1";"1";"1";""
"201900002610";"138 301 632";"B01";"1";"7";"0";"2";"4";"2";"1";""
"201900002610";"138 301 633";"D01";"1";"7";"0";"2";"4";"1";"1";""
"201900002610";"138 301 634";"C01";"1";"7";"0";"2";"4";"2";"0";""
"201900002610";"138 301 635";"A01";"1";"7";"0";"2";"1";"2";"1";""
"201900002611";"138 301 631";"A01";"1";"7";"0";"1";"2";"16";"0";""
"201900002612";"138 301 630";"A01";"3";"99";"8";"0";"1";"0";"6";""
"201900002613";"138 301 629";"A01";"2";"7";"0";"1";"2";"1";"1";""
"201900002614";"138 301 627";"B01";"1";"7";"1";"0";"4";"23";"0";""
"201900002614";"138 301 628";"A01";"1";"7";"0";"2";"1";"1";"0";""
"201900002615";"138 301 626";"A01";"1";"7";"0";"1";"2";"1";"1";""
"201900002616";"138 301 625";"A01";"1";"10";"0";"1";"3";"15";"0";""
"201900002617";"138 301 624";"A01";"2";"7";"0";"1";"2";"1";"3";""
"201900002618";"138 301 622";"A01";"1";"7";"0";"2";"1";"0";"1";""
"201900002618";"138 301 623";"B01";"2";"1";"0";"2";"0";"0";"5";""
"201900002619";"138 301 620";"A01";"2";"7";"0";"2";"4";"2";"1";""
"201900002619";"138 301 621";"B01";"2";"7";"0";"2";"1";"1";"1";""
"201900002620";"138 301 618";"B01";"3";"7";"0";"2";"4";"23";"1";""
"201900002620";"138 301 619";"A01";"3";"7";"0";"2";"1";"26";"1";""
"201900002621";"138 301 613";"B01";"0";"7";"0";"2";"4";"23";"1";""
"201900002621";"138 301 614";"A01";"0";"7";"1";"0";"1";"2";"1";""
"201900002622";"138 301 612";"A01";"3";"34";"0";"0";"0";"23";"1";""
"201900002623";"138 301 610";"B01";"0";"7";"0";"2";"8";"26";"0";""
"201900002623";"138 301 611";"A01";"1";"31";"0";"2";"7";"26";"0";""
"201900002624";"138 301 608";"A01";"0";"32";"0";"2";"3";"13";"1";""
"201900002624";"138 301 609";"B01";"3";"7";"0";"2";"3";"1";"1";""
"201900002625";"138 301 606";"A01";"3";"30";"0";"2";"1";"16";"1";""
"201900002625";"138 301 607";"B01";"3";"30";"0";"0";"4";"2";"1";""
"201900002626";"138 301 605";"A01";"1";"7";"4";"0";"1";"0";"1";""
"201900002627";"138 301 604";"A01";"2";"7";"0";"1";"2";"1";"1";""
"201900002628";"138 301 602";"B01";"1";"1";"0";"2";"4";"1";"5";""
"201900002628";"138 301 603";"A01";"1";"7";"0";"2";"1";"1";"0";""
"201900002629";"138 301 600";"A01";"2";"7";"0";"2";"2";"19";"1";""
"201900002629";"138 301 601";"B01";"1";"32";"0";"2";"7";"1";"1";""
"201900002630";"138 301 597";"C01";"1";"7";"0";"2";"3";"2";"1";""
"201900002630";"138 301 598";"B01";"1";"7";"0";"2";"6";"2";"1";""
"201900002630";"138 301 599";"A01";"0";"7";"0";"2";"1";"19";"1";""
"201900002631";"138 301 593";"D01";"1";"7";"0";"2";"4";"2";"1";""
"201900002631";"138 301 594";"C01";"1";"7";"0";"2";"6";"2";"1";""
"201900002631";"138 301 595";"B01";"1";"7";"0";"2";"4";"2";"1";""
"201900002631";"138 301 596";"A01";"1";"7";"0";"2";"1";"2";"1";""
"201900002632";"138 301 591";"A01";"2";"33";"0";"2";"8";"1";"1";""
"201900002632";"138 301 592";"B01";"2";"7";"0";"2";"7";"16";"1";""
"201900002633";"138 301 589";"B01";"2";"34";"0";"2";"1";"26";"1";""
"201900002633";"138 301 590";"A01";"2";"33";"0";"2";"1";"13";"1";""
"201900002634";"138 301 586";"A01";"1";"30";"0";"2";"1";"2";"1";""
"201900002634";"138 301 587";"B01";"1";"7";"0";"2";"4";"21";"1";""
"201900002634";"138 301 588";"Z01";"1";"10";"0";"2";"1";"0";"0";""
"201900002635";"138 301 584";"B01";"1";"7";"0";"2";"7";"17";"1";""
"201900002635";"138 301 585";"A01";"1";"15";"0";"2";"8";"11";"1";""
"201900002636";"138 301 582";"B01";"3";"7";"0";"2";"3";"15";"1";""
"201900002636";"138 301 583";"A01";"3";"33";"0";"2";"1";"2";"1";""
"201900002637";"138 301 579";"C01";"1";"7";"0";"2";"4";"2";"1";""
"201900002637";"138 301 580";"B01";"2";"7";"0";"2";"4";"2";"1";""