"Num_Acc";"id_vehicule";"num_veh";"senc";"catv";"obs";"obsm";"choc";"manv";"motor";"occutc"
"201900002819";"138 301 225";"B01";"1";"7";"0";"2";"1";"2";"1";""
"201900002819";"138 301 226";"A01";"1";"7";"0";"2";"3";"1";"1";""
"201900002820";"138 301 218";"B01";"1";"7";"0";"2";"5";"2";"1";""
"201900002820";"138 301 219";"C01";"1";"17";"0";"2";"6";"11";"1";""
"201900002820";"138 301 220";"A01";"1";"10";"0";"2";"3";"2";"1";""
"201900002821";"138 301 217";"A01";"2";"7";"4";"0";"3";"0";"1";""
"201900002822";"138 301 216";"A01";"2";"7";"4";"0";"1";"1";"1";""
"201900002823";"138 301 213";"B01";"2";"7";"1";"2";"5";"14";"1";""
"201900002823";"138 301 214";"C01";"2";"10";"0";"2";"3";"23";"1";""
"201900002823";"138 301 215";"A01";"2";"7";"4";"2";"1";"13";"1";""
"201900002824";"138 301 211";"A01";"2";"7";"0";"2";"3";"13";"1";""
"201900002824";"138 301 212";"B01";"2";"7";"4";"2";"7";"1";"1";""
"201900002825";"138 301 210";"A01";"2";"7";"4";"0";"2";"14";"1";""
"201900002826";"138 301 209";"A01";"1";"7";"4";"0";"1";"13";"1";""
"201900002827";"138 301 207";"A01";"2";"7";"0";"2";"1";"11";"1";""
"201900002827";"138 301 208";"B01";"2";"7";"0";"2";"2";"2";"1";""
"201900002828";"138 301 206";"A01";"1";"7";"4";"0";"1";"14";"1";""
"201900002829";"138 301 205";"A01";"2";"7";"4";"0";"1";"1";"1";""
"201900002830";"138 301 203";"B01";"1";"7";"0";"2";"3";"1";"1";""
"201900002830";"138 301 204";"A01";"1";"7";"0";"2";"2";"17";"1";""
"201900002831";"138 301 202";"A01";"2";"7";"4";"0";"4";"1";"1";""
"201900002832";"138 301 200";"A01";"1";"7";"0";"2";"1";"5";"1";""
"201900002832";"138 301 201";"B01";"2";"7";"0";"2";"1";"21";"1";""
"201900002833";"138 301 199";"A01";"2";"33";"0";"0";"9";"0";"1";""
"201900002834";"138 301 197";"A01";"1";"33";"0";"2";"1";"3";"1";""
"201900002834";"138 301 198";"B01";"1";"7";"0";"2";"4";"11";"1";""
"201900002835";"138 301 195";"B01";"2";"33";"0";"2";"7";"3";"1";""
"201900002835";"138 301 196";"A01";"2";"7";"0";"2";"8";"11";"1";""
"201900002836";"138 301 193";"A01";"1";"7";"0";"2";"1";"9";"1";""
"201900002836";"138 301 194";"B01";"1";"7";"0";"2";"4";"9";"1";""
"201900002837";"138 301 191";"B01";"1";"33";"0";"2";"1";"1";"1";""
"201900002837";"138 301 192";"A01";"1";"10";"0";"2";"4";"2";"1";""
"201900002838";"138 301 189";"A01";"1";"7";"0";"2";"7";"12";"1";""
"201900002838";"138 301 190";"B01";"1";"14";"0";"2";"6";"11";"1";""
"201900002839";"138 301 187";"B01";"2";"10";"0";"2";"6";"2";"1";""
"201900002839";"138 301 188";"A01";"2";"7";"0";"2";"1";"1";"1";""
"201900002840";"138 301 184";"B01";"1";"34";"0";"2";"3";"3";"1";""
"201900002840";"138 301 185";"C01";"1";"7";"0";"2";"8";"1";"1";""
"201900002840";"138 301 186";"A01";"1";"10";"0";"2";"2";"12";"1";""
"201900002841";"138 301 181";"A01";"1";"10";"0";"2";"1";"2";"1";""
"201900002841";"138 301 182";"C01";"1";"15";"0";"2";"4";"2";"1";""
"201900002841";"138 301 183";"B01";"1";"7";"0";"2";"4";"2";"1";""
"201900002842";"138 301 180";"A01";"2";"7";"4";"0";"8";"13";"1";""
"201900002843";"138 301 177";"B01";"1";"7";"0";"2";"4";"2";"1";""
"201900002843";"138 301 178";"C01";"1";"7";"0";"2";"4";"2";"1";""
"201900002843";"138 301 179";"A01";"1";"7";"0";"2";"1";"2";"1";""
"201900002844";"138 301 175";"A01";"2";"7";"0";"2";"1";"2";"1";""
"201900002844";"138 301 176";"B01";"2";"7";"0";"2";"4";"2";"1";""
"201900002845";"138 301 174";"A01";"2";"7";"0";"0";"0";"1";"1";""
"201900002846";"138 301 172";"Z01";"1";"10";"0";"2";"1";"0";"1";""
"201900002846";"138 301 173";"A01";"1";"10";"0";"2";"4";"0";"4";""
"201900002847";"138 301 171";"A01";"2";"7";"4";"0";"1";"14";"1";""
"201900002848";"138 301 164";"B01";"1";"7";"0";"2";"4";"0";"1";""
"201900002848";"138 301 165";"A01";"1";"7";"3";"0";"1";"23";"1";""
"201900002848";"138 301 166";"E01";"1";"7";"0";"2";"4";"0";"1";""
"201900002848";"138 301 167";"G01";"2";"10";"0";"1";"1";"1";"1";""
"201900002848";"138 301 168";"C01";"1";"7";"0";"2";"8";"0";"1";""
"201900002848";"138 301 169";"D01";"1";"7";"0";"2";"1";"0";"1";""
"201900002848";"138 301 170";"F01";"2";"7";"0";"1";"1";"1";"1";""
"201900002849";"138 301 163";"A01";"1";"7";"4";"0";"2";"2";"1";""
"201900002850";"138 301 161";"A01";"2";"7";"0";"2";"1";"14";"1";""
"201900002850";"138 301 162";"B01";"2";"7";"3";"2";"8";"1";"1";""
"201900002851";"138 301 159";"A01";"1";"7";"0";"2";"5";"23";"1";""
"201900002851";"138 301 160";"B01";"1";"7";"1";"0";"3";"1";"1";""
"201900002852";"138 301 158";"A01";"2";"7";"4";"0";"1";"13";"1";""
"201900002853";"138 301 155";"B01";"1";"7";"14";"0";"0";"21";"1";""
"201900002853";"138 301 156";"A01";"1";"10";"0";"0";"0";"1";"1";""
"201900002854";"138 301 152";"A01";"1";"33";"0";"2";"3";"3";"1";""
"201900002854";"138 301 153";"C01";"1";"7";"0";"2";"3";"1";"1";""
"201900002854";"138 301 154";"B01";"1";"7";"0";"2";"7";"12";"1";""
"201900002855";"138 301 151";"A01";"2";"7";"0";"0";"9";"1";"1";""
"201900002856";"138 301 150";"A01";"2";"7";"4";"0";"1";"21";"1";""
"201900002857";"138 301 149";"A01";"2";"14";"3";"0";"1";"1";"1";""
"201900002858";"138 301 146";"A01";"2";"7";"0";"2";"1";"2";"1";""
"201900002858";"138 301 147";"C01";"2";"7";"0";"2";"4";"2";"1";""
"201900002858";"138 301 148";"B01";"2";"7";"0";"2";"4";"2";"1";""
"201900002859";"138 301 144";"B01";"1";"7";"0";"2";"2";"2";"1";""
"201900002859";"138 301 145";"A01";"1";"7";"0";"2";"1";"1";"1";""
"201900002860";"138 301 143";"A01";"1";"7";"4";"0";"1";"1";"1";""
"201900002861";"138 301 141";"A01";"2";"7";"0";"2";"4";"2";"1";""
"201900002861";"138 301 142";"B01";"2";"7";"0";"2";"1";"2";"1";""
"201900002862";"138 301 139";"B01";"1";"7";"0";"2";"3";"1";"1";""
"201900002862";"138 301 140";"A01";"1";"14";"0";"2";"2";"12";"1";""
"201900002863";"138 301 136";"A01";"1";"33";"0";"2";"1";"1";"1";""
"201900002863";"138 301 137";"C01";"1";"31";"0";"2";"4";"1";"1";""
"201900002863";"138 301 138";"B01";"1";"33";"0";"2";"4";"1";"1";""
"201900002864";"138 301 134";"B01";"2";"7";"0";"2";"4";"1";"1";""
"201900002864";"138 301 135";"A01";"2";"10";"0";"2";"1";"9";"1";""
"201900002865";"138 301 131";"A01";"2";"33";"0";"2";"1";"2";"1";""
"201900002865";"138 301 132";"C01";"2";"7";"0";"2";"4";"2";"1";""
"201900002865";"138 301 133";"B01";"2";"7";"0";"2";"4";"2";"1";""
"201900002866";"138 301 129";"B01";"1";"32";"0";"2";"4";"1";"1";""
"201900002866";"138 301 130";"A01";"1";"7";"0";"2";"2";"12";"1";""
"201900002867";"138 301 128";"A01";"1";"7";"4";"0";"1";"1";"1";""
"201900002868";"138 301 126";"Z01";"1";"0";"0";"2";"6";"2";"0";""
"201900002868";"138 301 127";"A01";"1";"7";"0";"2";"2";"1";"1";""
"201900002869";"138 301 124";"A01";"1";"10";"0";"2";"1";"2";"1";""
"201900002869";"138 301 125";"B01";"1";"7";"0";"2";"4";"2";"1";""
"201900002870";"138 301 122";"A01";"2";"7";"4";"2";"3";"1";"1";""
"201900002870";"138 301 123";"Z01";"2";"0";"0";"2";"5";"12";"0";""
"201900002871";"138 301 119";"C01";"1";"7";"0";"2";"4";"1";"1";""
"201900002871";"138 301 120";"A01";"1";"34";"0";"2";"4";"1";"1";""
"201900002871";"138 301 121";"B01";"1";"10";"0";"2";"1";"11";"1";""
"201900002872";"138 301 117";"A01";"2";"7";"0";"2";"4";"12";"0";""
"201900002872";"138 301 118";"B01";"2";"33";"0";"2";"1";"3";"1";""
"201900002873";"138 301 115";"A01";"2";"16";"1";"0";"2";"2";"0";""
"201900002873";"138 301 116";"B01";"2";"17";"1";"0";"0";"0";"1";""
"201900002874";"138 301 114";"A01";"1";"33";"0";"2";"8";"3";"1";""
"201900002875";"138 301 112";"A01";"2";"7";"0";"2";"4";"2";"1";""
"201900002875";"138 301 113";"B01";"2";"33";"0";"2";"1";"2";"1";""
"201900002876";"138 301 110";"B01";"1";"7";"4";"2";"1";"1";"1";""
"201900002876";"138 301 111";"A01";"1";"7";"0";"2";"4";"0";"1";""
"201900002877";"138 301 108";"B01";"2";"7";"0";"2";"3";"1";"1";""
"201900002877";"138 301 109";"A01";"2";"7";"4";"2";"5";"1";"1";""
"201900002878";"138 301 106";"B01";"1";"7";"0";"2";"4";"2";"1";""
"201900002878";"138 301 107";"A01";"1";"7";"0";"2";"1";"1";"1";""
"201900002879";"138 301 104";"B01";"1";"10";"0";"2";"2";"11";"1";""
"201900002879";"138 301 105";"A01";"1";"33";"0";"2";"1";"3";"1";""
"201900002880";"138 301 102";"A01";"1";"33";"0";"2";"3";"3";"1";""
"201900002880";"138 301 103";"B01";"1";"7";"0";"2";"5";"1";"1";""
"201900002881";"138 301 100";"B01";"1";"14";"0";"2";"1";"2";"1";""
"201900002881";"138 301 101";"A01";"1";"7";"0";"2";"4";"2";"1";""
"201900002882";"138 301 098";"B01";"1";"10";"0";"2";"3";"21";"1";""
"201900002882";"138 301 099";"A01";"1";"7";"4";"0";"8";"13";"1";""
"201900002883";"138 301 096";"A01";"1";"7";"0";"2";"7";"12";"1";""
"201900002883";"138 301 097";"B01";"1";"31";"0";"2";"1";"3";"1";""
"201900002884";"138 301 091";"C01";"1";"7";"0";"2";"4";"1";"1";""
"201900002884";"138 301 092";"B01";"1";"10";"0";"2";"4";"1";"1";""
"201900002884";"138 301 093";"A01";"1";"7";"0";"1";"1";"1";"1";""
"201900002884";"138 301 094";"D01";"1";"7";"0";"1";"4";"1";"1";""
"201900002885";"138 301 088";"A01";"2";"33";"0";"2";"1";"2";"1";""
"201900002885";"138 301 089";"B01";"2";"7";"0";"2";"6";"2";"1";""
"201900002885";"138 301 090";"C01";"2";"7";"0";"2";"7";"1";"1";""
"201900002886";"138 301 086";"B01";"2";"7";"0";"2";"7";"1";"1";""
"201900002886";"138 301 087";"A01";"2";"7";"0";"2";"8";"11";"1";""
"201900002887";"138 301 084";"B01";"1";"7";"0";"2";"6";"2";"1";""
"201900002887";"138 301 085";"A01";"1";"31";"0";"2";"2";"3";"1";""
"201900002888";"138 301 082";"A01";"1";"7";"0";"2";"4";"12";"1";""
"201900002888";"138 301 083";"B01";"1";"33";"0";"2";"1";"1";"1";""
"201900002889";"138 301 079";"A01";"2";"7";"0";"2";"5";"1";"1";""
"201900002889";"138 301 080";"B01";"2";"7";"0";"2";"8";"2";"1";""
"201900002890";"138 301 077";"B01";"1";"7";"0";"2";"1";"2";"1";""
"201900002890";"138 301 078";"A01";"1";"7";"0";"2";"4";"2";"1";""
"201900002891";"138 301 075";"A01";"1";"33";"0";"2";"3";"3";"1";""
"201900002891";"138 301 076";"B01";"1";"7";"0";"2";"7";"12";"1";""
"201900002892";"138 301 073";"A01";"3";"31";"0";"2";"1";"13";"1";""
"201900002892";"138 301 074";"B01";"3";"7";"0";"2";"1";"1";"1";""
"201900002893";"138 301 071";"B01";"2";"7";"0";"2";"2";"1";"1";""
"201900002893";"138 301 072";"A01";"1";"3";"0";"2";"1";"13";"1";""
"201900002894";"138 301 068";"A01";"3";"7";"0";"4";"5";"1";"0";""
"201900002894";"138 301 069";"B01";"3";"39";"0";"2";"1";"1";"0";""
"201900002894";"138 301 070";"C01";"3";"7";"0";"9";"1";"23";"0";""
"201900002895";"138 301 066";"B01";"2";"7";"0";"2";"2";"1";"1";""
"201900002895";"138 301 067";"A01";"0";"7";"0";"2";"1";"26";"1";""
"201900002896";"138 301 065";"A01";"1";"7";"13";"0";"3";"17";"1";""
"201900002897";"138 301 063";"A01";"2";"7";"0";"2";"3";"19";"1";""
"201900002897";"138 301 064";"B01";"1";"7";"0";"2";"1";"1";"4";""
"201900002898";"138 301 060";"A01";"0";"7";"0";"0";"3";"15";"1";""
"201900002898";"138 301 061";"B01";"0";"7";"0";"0";"3";"1";"1";""
"201900002898";"138 301 062";"C01";"0";"7";"0";"0";"8";"23";"1";""
"201900002899";"138 301 058";"A01";"3";"37";"0";"2";"2";"1";"1";"1"
"201900002899";"138 301 059";"B01";"3";"1";"0";"2";"3";"11";"5";""
"201900002900";"138 301 055";"A01";"1";"7";"0";"2";"3";"13";"1";""
"201900002900";"138 301 056";"B01";"2";"7";"0";"2";"3";"1";"6";""
"201900002900";"138 301 057";"C01";"2";"7";"0";"2";"1";"1";"1";""
"201900002901";"138 301 050";"B01";"2";"33";"0";"2";"1";"1";"1";""
"201900002901";"138 301 051";"A01";"2";"10";"0";"2";"8";"9";"1";""
"201900002902";"138 301 045";"A01";"1";"16";"0";"0";"1";"1";"1";""
"201900002902";"138 301 046";"B01";"2";"10";"0";"0";"1";"17";"1";""
"201900002903";"138 301 042";"C01";"1";"7";"3";"2";"1";"1";"1";""
"201900002903";"138 301 043";"B01";"1";"7";"0";"2";"8";"11";"1";""
"201900002903";"138 301 044";"A01";"1";"7";"3";"2";"4";"2";"1";""
"201900002904";"138 301 040";"D01";"1";"0";"0";"2";"2";"1";" -1";""
"201900002904";"138 301 041";"C01";"1";"10";"0";"2";"1";"1";" -1";""
"201900002905";"138 301 038";"A01";"1";"7";"0";"2";"8";"9";"0";""
"201900002905";"138 301 039";"B01";"2";"30";"0";"2";"1";"1";"0";""
"201900002906";"138 301 036";"A01";"3";"7";"0";"2";"3";"2";"1";""
"201900002906";"138 301 037";"B01";"3";"7";"0";"2";"5";"2";"1";""
"201900002907";"138 301 034";"B01";"2";"7";"0";"2";"4";"2";"1";""
"201900002907";"138 301 035";"A01";"2";"7";"0";"2";"1";"2";"6";""
"201900002908";"138 301 033";"A01";"1";"7";"6";"0";"1";"16";"1";""
"201900002909";"138 301 030";"A01";"2";"7";"0";"2";"2";"1";"1";""
"201900002909";"138 301 031";"B01";"2";"7";"3";"2";"6";"1";"1";""
"201900002909";"138 301 032";"C01";"2";"7";"0";"2";"5";"1";"1";""
"201900002910";"138 301 025";"B01";"2";"7";"0";"2";"9";"0";"1";""
"201900002910";"138 301 026";"C01";"2";"7";"3";"2";"9";"0";"1";""
"201900002910";"138 301 027";"D01";"2";"17";"0";"2";"8";"1";"1";""
"201900002910";"138 301 028";"E01";"2";"10";"0";"2";"4";"1";"1";""
"201900002910";"138 301 029";"A01";"2";"7";"0";"2";"1";"0";"1";""
"201900002911";"138 301 024";"A01";"1";"10";"4";"0";"0";"0";"1";""
"201900002912";"138 301 021";"A01";"2";"7";"0";"2";"3";"11";"1";""
"201900002912";"138 301 022";"B01";"2";"33";"0";"2";"7";"3";"1";""
"201900002912";"138 301 023";"C01";"2";"7";"0";"2";"5";"1";"1";""
"201900002913";"138 301 019";"B01";"2";"33";"0";"2";"8";"3";"1";""
"201900002913";"138 301 020";"A01";"2";"7";"0";"2";"7";"12";"1";""
"201900002914";"138 301 015";"D01";"2";"99";"0";"2";"1";"0";"1";""
"201900002914";"138 301 016";"C01";"2";"7";"0";"2";"4";"0";"2";""
"201900002914";"138 301 017";"B01";"2";"7";"0";"2";"4";"0";"1";""
"201900002914";"138 301 018";"A01";"2";"7";"0";"2";"1";"0";"1";""
"201900002915";"138 301 013";"A01";"1";"7";"0";"2";"1";"12";"1";""
"201900002915";"138 301 014";"B01";"1";"7";"0";"2";"4";"9";"1";""
"201900002916";"138 301 010";"C01";"1";"7";"0";"2";"5";"1";"1";""
"201900002916";"138 301 011";"B01";"1";"32";"0";"2";"7";"1";"1";""
"201900002916";"138 301 012";"A01";"1";"7";"0";"2";"3";"11";"1";""
"201900002917";"138 301 008";"B01";"1";"33";"0";"2";"8";"3";"1";""
"201900002917";"138 301 009";"A01";"1";"10";"0";"2";"2";"12";"1";""
"201900002918";"138 301 005";"A01";"2";"7";"0";"2";"2";"12";"1";""
"201900002918";"138 301 006";"B01";"2";"33";"0";"2";"1";"3";"1";""
"201900002918";"138 301 007";"C01";"2";"7";"0";"2";"4";"1";"1";""
"201900002919";"138 301 003";"B01";"2";"7";"0";"2";"8";"1";"3";""
"201900002919";"138 301 004";"A01";"2";"17";"0";"2";"2";"12";"1";""
"201900002920";"138 301 000";"A01";"1";"7";"0";"2";"1";"11";"1";""
"201900002920";"138 301 001";"B01";"1";"7";"0";"2";"4";"1";"1";""
"201900002920";"138 301 002";"C01";"1";"7";"0";"2";"4";"1";"1";""
"201900002921";"138 300 998";"A01";"1";"33";"0";"2";"8";"1";"1";""
"201900002921";"138 300 999";"B01";"1";"33";"0";"2";"7";"14";"1";""
"201900002922";"138 300 997";"A01";"2";"7";"3";"0";"3";"13";" -1";""
"201900002923";"138 300 996";"A01";"0";"7";"0";"0";"0";"4";"1";""
"201900002924";"138 300 995";"A01";"1";"7";"2";"0";"1";"1";"1";""
"201900002925";"138 300 992";"A01";"1";"10";"0";"2";"1";"1";"1";""
"201900002925";"138 300 993";"B01";"1";"7";"0";"2";"4";"1";"1";""
"201900002925";"138 300 994";"C01";"1";"15";"0";"0";"4";"1";"1";""
"201900002926";"138 300 987";"B01";"0";"7";"0";"1";"3";"1";"1";""
"201900002926";"138 300 988";"A01";"0";"7";"0";"2";"2";"2";"1";""
"201900002927";"138 300 986";"A01";"2";"33";"0";"0";"1";"21";"1";""
"201900002928";"138 300 984";"A01";"3";"30";"0";"0";"7";"1";"1";""
"201900002929";"138 300 982";"A01";"3";"2";"0";"2";"7";"1";"1";""
"201900002929";"138 300 983";"B01";"3";"7";"0";"2";"3";"1";"1";""
"201900002930";"138 300 980";"B01";"2";"34";"0";"2";"1";"1";"0";""
"201900002930";"138 300 981";"A01";"1";"7";"0";"2";"2";"15";"0";""
"201900002931";"138 300 979";"A01";"2";"34";"0";"1";"1";"2";"1";""
"201900002932";"138 300 977";"A01";"1";"33";"0";"2";"1";"1";"1";""
"201900002932";"138 300 978";"B01";"1";"7";"0";"2";"4";"1";"1";""
"201900002933";"138 300 976";"A01";"2";"7";"0";"1";"4";"4";"1";""
"201900002934";"138 300 974";"A01";"2";"7";"0";"2";"8";"24";"0";""
"201900002934";"138 300 975";"B01";"2";"80";"1";"0";"1";"1";"3";""
"201900002935";"138 300 972";"A01";"2";"7";"0";"2";"1";"2";"1";""
"201900002935";"138 300 973";"B01";"2";"7";"0";"2";"4";"2";"1";""
"201900002936";"138 300 971";"A01";"2";"7";"0";"1";"1";"15";"1";""
"201900002937";"138 300 969";"A01";"1";"7";"0";"2";"7";"11";"1";""
"201900002937";"138 300 970";"B01";"1";"7";"0";"2";"1";"1";"1";""
"201900002938";"138 300 967";"A01";"1";"7";"0";"2";"1";"18";"1";""
"201900002938";"138 300 968";"B01";"2";"10";"0";"2";"7";"0";"1";""
"201900002939";"138 300 965";"A01";"2";"7";"0";"2";"3";"2";"1";""
"201900002939";"138 300 966";"B01";"2";"7";"0";"2";"5";"15";"1";""
"201900002940";"138 300 961";"A01";"2";"33";"16";"0";"1";"1";"1";""
"201900002941";"138 300 960";"A01";"3";"7";"0";"1";"1";"1";"1";""
"201900002942";"138 300 957";"A01";"1";"7";"12";"1";"2";"13";"1";""
"201900002943";"138 300 955";"A01";"1";"7";"0";"2";"1";"13";"1";""
"201900002943";"138 300 956";"B01";"2";"14";"0";"2";"1";"1";"1";""
"201900002944";"138 300 951";"A01";"0";"33";"0";"0";"8";"1";"1";""
"201900002944";"138 300 952";"B01";"0";"7";"0";"2";"1";"19";"1";""
"201900002945";"138 300 948";"A01";"2";"33";"0";"0";"0";"1";"1";""
"201900002946";"138 300 946";"B01";"1";"17";"0";"0";"4";"2";"1";""
"201900002946";"138 300 947";"A01";"1";"7";"0";"2";"1";"2";"1";""
"201900002947";"138 300 944";"A01";"2";"7";"4";"0";"1";"17";"1";""
"201900002948";"138 300 943";"A01";"0";"7";"0";"2";"7";"17";"1";""
"201900002948";"138 300 945";"B01";"0";"2";"0";"2";"6";"1";"1";""
"201900002949";"138 300 940";"A01";"2";"7";"0";"9";"0";"1";"1";""
"201900002949";"138 300 942";"B01";"2";"80";"0";"2";"8";"1";"3";""
"201900002950";"138 300 937";"A01";"2";"33";"0";"2";"3";"13";"1";""
"201900002950";"138 300 938";"B01";"1";"15";"0";"2";"3";"14";"1";""
"201900002951";"138 300 934";"A01";"2";"7";"0";"2";"1";"2";"1";""
"201900002951";"138 300 935";"B01";"2";"7";"0";"2";"4";"2";"1";""
"201900002951";"138 300 936";"C01";"2";"7";"0";"2";"4";"2";"1";""
"201900002952";"138 300 933";"A01";"3";"7";"0";"0";"0";"0";"1";""
"201900002953";"138 300 931";"A01";"1";"31";"8";"0";"1";"17";"1";""
"201900002954";"138 300 932";"A01";"2";"33";"11";"0";"1";"1";"1";""
"201900002955";"138 300 928";"A01";"3";"7";"2";"0";"1";"26";"1";""
"201900002956";"138 300 926";"A01";"1";"7";"0";"2";"2";"15";"1";""
"201900002956";"138 300 927";"B01";"1";"7";"0";"2";"3";"1";"1";""
"201900002957";"138 300 922";"C01";"1";"7";"0";"2";"1";"1";"1";""
"201900002957";"138 300 924";"B01";"1";"37";"0";"2";"1";"1";"1";"2"
"201900002957";"138 300 925";"A01";"2";"7";"0";"2";"1";"13";"1";""
"201900002958";"138 300 921";"A01";"2";"7";"0";"2";"2";"15";"1";""
"201900002958";"138 300 923";"B01";"1";"33";"0";"2";"1";"1";"1";""
"201900002959";"138 300 920";"A01";"2";"10";"0";"1";"3";"15";"1";""
"201900002960";"138 300 918";"B01";"1";"1";"0";"2";"1";"1";"5";""
"201900002960";"138 300 919";"A01";"2";"7";"0";"2";"5";"15";"1";""
"201900002961";"138 300 917";"A01";"1";"1";"0";"1";"2";"17";"0";""
"201900002962";"138 300 915";"B01";"1";"17";"0";"2";"2";"1";"1";""
"201900002962";"138 300 916";"A01";"3";"7";"0";"2";"8";"19";"1";""
"201900002963";"138 300 913";"A01";"1";"7";"0";"2";"1";"15";"1";""
"201900002963";"138 300 914";"B01";"1";"7";"0";"2";"2";"1";"1";""
"201900002964";"138 300 911";"B01";"3";"7";"0";"2";"3";"1";"1";""
"201900002964";"138 300 912";"A01";"0";"7";"13";"2";"1";"1";"1";""
"201900002965";"138 300 909";"A01";"1";"80";"0";"2";"6";"15";"3";""
"201900002965";"138 300 910";"Z01";"2";"7";"0";"2";"0";"0";"0";""
"201900002966";"138 300 908";"A01";"3";"7";"6";"2";"1";"1";"1";""
"201900002967";"138 300 907";"A01";"1";"7";"0";"1";"3";"1";"1";""
"201900002968";"138 300 903";"A01";"0";"7";"0";"2";"1";"19";"1";""
"201900002968";"138 300 904";"B01";"0";"33";"0";"2";"1";"1";"1";""
"201900002969";"138 300 902";"C01";"1";"7";"0";"2";"3";"2";"1";""
"201900002969";"138 300 905";"B01";"1";"7";"0";"2";"6";"2";"1";""
"201900002969";"138 300 906";"A01";"1";"7";"0";"2";"1";"2";"1";""
"201900002970";"138 300 901";"A01";"2";"7";"0";"1";"3";"1";"1";""
"201900002971";"138 300 896";"C01";"1";"7";"0";"2";"1";"2";"1";""
"201900002971";"138 300 898";"B01";"1";"7";"0";"2";"1";"2";"1";""
"201900002971";"138 300 900";"A01";"1";"7";"0";"2";"1";"2";"1";""
"201900002972";"138 300 894";"B01";"1";"7";"0";"2";"2";"1";"0";""
"201900002972";"138 300 895";"A01";"2";"7";"0";"2";"7";"15";"0";""
"201900002973";"138 300 890";"A01";"1";"7";"0";"2";"1";"2";"1";""
"201900002973";"138 300 892";"B01";"1";"7";"0";"2";"4";"1";"1";""
"201900002973";"138 300 893";"C01";"1";"7";"0";"2";"4";"1";"1";""
"201900002974";"138 300 891";"A01";"2";"33";"3";"0";"1";"0";"1";""
"201900002975";"138 300 887";"A01";"1";"33";"0";"6";"1";"0";"1";""
"201900002976";"138 300 888";"A01";"1";"30";"0";"2";"1";"1";"1";""
"201900002976";"138 300 889";"B01";"1";"7";"0";"2";"4";"1";"1";""
"201900002977";"138 300 886";"A01";"1";"33";"0";"0";"2";"14";"1";""
"201900002978";"138 300 883";"A01";"0";"36";"8";"0";"5";"1";"1";""
"201900002979";"138 300 881";"A01";"1";"2";"0";"0";"2";"1";"1";""
"201900002980";"138 300 882";"B01";"2";"7";"0";"0";"2";"1";"1";""
"201900002980";"138 300 885";"A01";"1";"7";"0";"0";"3";"19";"1";""
"201900002981";"138 300 879";"A01";"2";"50";"0";"2";"1";"5";"3";""
"201900002981";"138 300 880";"B01";"1";"7";"0";"2";"1";"1";"1";""
"201900002982";"138 300 884";"A01";"1";"7";"0";"0";"2";"1";"1";""
"201900002983";"138 300 878";"A01";"1";"33";"0";"0";"8";"15";"1";""
"201900002984";"138 300 873";"A01";"3";"7";"0";"1";"1";"1";" -1";""
"201900002985";"138 300 874";"A01";"1";"7";"0";"2";"3";"13";"2";""
"201900002985";"138 300 875";"B01";"2";"33";"0";"2";"8";"14";"0";""
"201900002985";"138 300 876";"C01";"2";"7";"0";"2";"3";"1";"0";""
"201900002985";"138 300 877";"D01";"2";"7";"0";"2";"3";"1";"0";""
"201900002986";"138 300 872";"A01";"2";"7";"0";"0";"9";"1";"1";""
"201900002987";"138 300 871";"A01";"2";"31";"0";"0";"0";"15";"6";""
"201900002988";"138 300 869";"B01";"3";"1";"0";"2";"7";"9";"5";""
"201900002988";"138 300 870";"A01";"3";"7";"0";"2";"1";"26";"0";""
"201900002989";"138 300 868";"A01";"2";"7";"16";"0";"9";"14";"1";""
"201900002990";"138 300 867";"A01";"3";"33";"0";"0";"7";"26";"1";""
"201900002991";"138 300 864";"A01";"2";"2";"3";"0";"2";"1";"1";""
"201900002992";"138 300 862";"A01";"1";"2";"12";"0";"1";"0";"1";""
"201900002992";"138 300 865";"B01";"2";"1";"0";"0";"8";"0";"5";""
"201900002993";"138 300 863";"B01";"2";"2";"0";"2";"1";"1";"1";""
"201900002993";"138 300 866";"A01";"1";"14";"0";"2";"7";"19";"1";""
"201900002994";"138 300 860";"A01";"2";"13";"0";"2";"0";"2";"1";""
"201900002994";"138 300 861";"B01";"2";"1";"0";"0";"0";"2";"5";""
"201900002995";"138 300 858";"B01";"1";"21";"0";"2";"3";"1";"1";""
"201900002995";"138 300 859";"A01";"2";"10";"0";"2";"3";"1";"1";""
"201900002996";"138 300 856";"A01";"2";"7";"0";"2";"3";"15";"1";""
"201900002996";"138 300 857";"B01";"1";"17";"0";"2";"1";"1";"1";""
"201900002997";"138 300 855";"A01";"2";"7";"17";"0";"2";"0";"1";""
"201900002998";"138 300 852";"B01";"1";"2";"0";"2";"1";"1";"1";""
"201900002998";"138 300 854";"A01";"1";"7";"0";"2";"6";"15";"1";""
"201900002999";"138 300 850";"B01";"1";"21";"0";"2";"3";"15";"1";""
"201900002999";"138 300 853";"A01";"1";"33";"0";"2";"1";"17";"0";""
"201900003000";"138 300 851";"A01";"1";"7";"0";"0";"9";"1";"1";""
"201900003001";"138 300 849";"A01";"2";"2";"0";"0";"0";"0";"1";""
"201900003002";"138 300 847";"B01";"2";"7";"0";"2";"5";"1";"1";""
"201900003002";"138 300 848";"A01";"1";"7";"0";"2";"1";"9";"1";""