"Num_Acc";"id_vehicule";"num_veh";"senc";"catv";"obs";"obsm";"choc";"manv";"motor";"occutc"
"201900003003";"138 300 846";"A01";"3";"33";"0";"0";"8";"14";"1";""
"201900003004";"138 300 845";"A01";"1";"7";"0";"1";"1";"1";"1";""
"201900003005";"138 300 844";"A01";"2";"2";"0";"0";"2";"1";"1";""
"201900003006";"138 300 841";"A01";"2";"2";"0";"2";"1";"5";"0";""
"201900003006";"138 300 843";"B01";"1";"2";"0";"2";"1";"9";"0";""
"201900003007";"138 300 840";"A01";"1";"7";"0";"2";"0";"1";"1";""
"201900003007";"138 300 842";"B01";"1";"7";"0";"2";"1";"1";"1";""
"201900003008";"138 300 835";"A01";"2";"1";"0";"2";"1";"2";"5";""
"201900003008";"138 300 839";"B01";"2";"7";"0";"0";"4";"2";"0";""
"201900003009";"138 300 834";"B01";"0";"7";"0";"0";"8";"0";"1";""
"201900003009";"138 300 838";"A01";"3";"7";"0";"1";"2";"1";"1";""
"201900003010";"138 300 831";"B01";"2";"1";"13";"0";"2";"21";"5";""
"201900003010";"138 300 832";"A01";"1";"7";"0";"0";"0";"10";"1";""
"201900003011";"138 300 829";"B01";"1";"7";"0";"2";"2";"1";"1";""
"201900003011";"138 300 833";"A01";"1";"7";"0";"2";"3";"15";"1";""
"201900003012";"138 300 830";"A01";"3";"7";"6";"0";"1";"1";"1";""
"201900003013";"138 300 827";"A01";"3";"1";"0";"1";"1";"17";"5";""
"201900003014";"138 300 826";"B01";"1";"7";"0";"2";"1";"1";"1";""
"201900003014";"138 300 828";"A01";"2";"7";"0";"2";"2";"15";"1";""
"201900003015";"138 300 824";"A01";"2";"7";"0";"1";"3";"1";"1";""
"201900003016";"138 300 822";"B01";"1";"7";"0";"2";"2";"1";"1";""
"201900003016";"138 300 825";"A01";"1";"7";"0";"2";"1";"5";"1";""
"201900003017";"138 300 819";"A01";"3";"7";"10";"0";"1";"0";"1";""
"201900003018";"138 300 817";"A01";"2";"7";"0";"2";"1";"17";"1";""
"201900003018";"138 300 820";"B01";"2";"2";"0";"2";"8";"15";"1";""
"201900003019";"138 300 816";"A01";"3";"7";"0";"2";"1";"12";"1";""
"201900003019";"138 300 818";"B01";"3";"7";"0";"2";"4";"1";"1";""
"201900003019";"138 300 821";"C01";"3";"10";"0";"2";"0";"0";"1";""
"201900003020";"138 300 814";"A01";"3";"7";"15";"0";"2";"1";"1";""
"201900003021";"138 300 813";"A01";"2";"7";"0";"2";"3";"15";"1";""
"201900003021";"138 300 815";"B01";"2";"33";"0";"2";"2";"17";"1";""
"201900003022";"138 300 812";"A01";"2";"10";"0";"1";"2";"15";"1";""
"201900003023";"138 300 809";"A01";"1";"7";"0";"2";"1";"17";"1";""
"201900003023";"138 300 810";"B01";"1";"7";"0";"2";"1";"1";"1";""
"201900003023";"138 300 811";"C01";"2";"10";"0";"2";"8";"1";"1";""
"201900003024";"138 300 807";"A01";"2";"34";"0";"2";"1";"1";"1";""
"201900003024";"138 300 808";"B01";"2";"7";"0";"2";"3";"10";"1";""
"201900003025";"138 300 805";"A01";"1";"0";"0";"1";"0";"0";"0";""
"201900003026";"138 300 801";"B01";"2";"7";"0";"2";"3";"1";"1";""
"201900003026";"138 300 803";"A01";"2";"7";"2";"2";"3";"1";"1";""
"201900003027";"138 300 802";"A01";"1";"7";"0";"2";"3";"15";"1";""
"201900003027";"138 300 804";"B01";"1";"10";"0";"2";"7";"1";"1";""
"201900003028";"138 300 798";"B01";"1";"7";"0";"2";"3";"1";"1";""
"201900003028";"138 300 799";"A01";"2";"7";"0";"2";"1";"13";"1";""
"201900003029";"138 300 797";"B01";"1";"7";"0";"2";"1";"1";"1";""
"201900003029";"138 300 800";"A01";"2";"7";"0";"2";"1";"5";"1";""
"201900003030";"138 300 793";"A01";"1";"7";"2";"0";"1";"0";"1";""
"201900003031";"138 300 792";"A01";"1";"33";"0";"2";"1";"1";"1";""
"201900003031";"138 300 795";"B01";"1";"7";"0";"2";"4";"23";"1";""
"201900003032";"138 300 790";"A01";"1";"7";"6";"0";"1";"0";"1";""
"201900003033";"138 300 789";"B01";"2";"38";"0";"2";"3";"1";"1";"1"
"201900003033";"138 300 791";"A01";"1";"7";"0";"2";"1";"13";"1";""
"201900003034";"138 300 788";"A01";"1";"7";"13";"0";"9";"1";"1";""
"201900003035";"138 300 787";"A01";"1";"33";"12";"0";"7";"1";"1";""
"201900003036";"138 300 785";"A01";"1";"7";"0";"9";"2";"15";"1";""
"201900003036";"138 300 786";"B01";"2";"1";"0";"2";"1";"1";"5";""
"201900003037";"138 300 784";"A01";"1";"7";"13";"0";"2";"14";"1";""
"201900003038";"138 300 783";"A01";"2";"7";"10";"0";"3";"5";"1";""
"201900003039";"138 300 781";"A01";"1";"7";"0";"2";"1";"13";"1";""
"201900003039";"138 300 782";"B01";"2";"7";"0";"2";"1";"1";"1";""
"201900003040";"138 300 777";"C01";"1";"7";"0";"2";"8";"1";"1";""
"201900003040";"138 300 778";"B01";"1";"7";"0";"2";"8";"1";"1";""
"201900003040";"138 300 779";"A01";"2";"7";"0";"2";"8";"13";"1";""
"201900003041";"138 300 794";"B01";"3";"1";"0";"2";"1";"19";"5";""
"201900003041";"138 300 796";"A01";"3";"37";"0";"6";"2";"1";"1";"3"
"201900003042";"138 300 780";"A01";"1";"32";"2";"0";"1";"1";"1";""
"201900003043";"138 300 774";"A01";"1";"7";"0";"1";"1";"1";"1";""
"201900003044";"138 300 775";"A01";"3";"7";"0";"2";"1";"1";"1";""
"201900003044";"138 300 776";"B01";"3";"7";"0";"2";"1";"1";"1";""
"201900003045";"138 300 772";"B01";"1";"1";"0";"2";"4";"1";"5";""
"201900003045";"138 300 773";"A01";"1";"7";"0";"2";"2";"1";"1";""
"201900003046";"138 300 771";"A01";"1";"33";"3";"0";"3";"13";"1";""
"201900003047";"138 300 768";"A01";"3";"7";"2";"0";"3";"14";"1";""
"201900003048";"138 300 769";"A01";"0";"7";"6";"0";"1";"1";"1";""
"201900003049";"138 300 766";"A01";"1";"7";"0";"2";"1";"17";"1";""
"201900003049";"138 300 767";"B01";"2";"7";"0";"2";"2";"1";"1";""
"201900003049";"138 300 770";"C01";"1";"7";"0";"2";"8";"1";"1";""
"201900003050";"138 300 763";"B01";"1";"7";"0";"2";"1";"1";"1";""
"201900003050";"138 300 765";"A01";"2";"7";"0";"2";"1";"5";"1";""
"201900003051";"138 300 761";"A01";"1";"7";"8";"0";"3";"17";"1";""
"201900003052";"138 300 760";"B01";"1";"33";"0";"2";"1";"23";"1";""
"201900003052";"138 300 764";"A01";"1";"7";"0";"2";"3";"13";"1";""
"201900003053";"138 300 759";"A01";"0";"7";"0";"1";"1";"1";"1";""
"201900003054";"138 300 757";"B01";"1";"50";"0";"0";"0";"1";"3";""
"201900003054";"138 300 758";"A01";"1";"7";"0";"9";"2";"1";"4";""
"201900003055";"138 300 756";"A01";"1";"15";"0";"0";"7";"1";"1";""
"201900003056";"138 300 751";"A01";"0";"7";"0";"2";"1";"19";"1";""
"201900003056";"138 300 754";"B01";"1";"7";"0";"2";"3";"23";"1";""
"201900003056";"138 300 755";"C01";"1";"20";"0";"2";"7";"19";"1";""
"201900003057";"138 300 747";"B01";"2";"7";"0";"2";"1";"1";"1";""
"201900003057";"138 300 749";"A01";"1";"7";"0";"2";"1";"13";"1";""
"201900003058";"138 300 748";"B01";"2";"31";"0";"2";"1";"1";"1";""
"201900003058";"138 300 752";"A01";"2";"7";"0";"2";"8";"15";"1";""
"201900003059";"138 300 750";"A01";"1";"7";"0";"2";"5";"11";"1";""
"201900003059";"138 300 753";"B01";"1";"32";"0";"2";"8";"1";"1";""
"201900003060";"138 300 744";"A01";"3";"30";"12";"0";"0";"15";"1";""
"201900003061";"138 300 741";"B01";"3";"10";"0";"2";"1";"1";"1";""
"201900003061";"138 300 742";"A01";"3";"7";"0";"2";"2";"13";"1";""
"201900003062";"138 300 746";"A01";"1";"7";"13";"0";"1";"14";"1";""
"201900003063";"138 300 739";"B01";"3";"7";"0";"0";"2";"16";"1";""
"201900003063";"138 300 740";"Y01";"3";"1";"0";"2";"1";"19";"5";""
"201900003064";"138 300 737";"A01";"2";"7";"3";"2";"1";"11";"1";""
"201900003064";"138 300 738";"B01";"2";"15";"0";"0";"6";"1";"1";""
"201900003065";"138 300 736";"A01";"0";"7";"0";"1";"2";"1";"1";""
"201900003066";"138 300 743";"A01";"1";"7";"0";"2";"3";"2";"0";""
"201900003066";"138 300 745";"B01";"1";"7";"0";"2";"5";"26";"0";""
"201900003067";"138 300 735";"A01";"1";"7";"17";"0";"1";"1";"1";""
"201900003068";"138 300 731";"A01";"2";"21";"0";"2";"3";"1";"1";""
"201900003068";"138 300 733";"B01";"1";"7";"0";"2";"3";"1";"1";""
"201900003069";"138 300 729";"B01";"0";"1";"0";"2";"1";"16";"5";""
"201900003069";"138 300 730";"A01";"0";"7";"0";"2";"3";"1";"1";""
"201900003070";"138 300 726";"B01";"2";"7";"0";"0";"1";"1";"1";""
"201900003070";"138 300 728";"A01";"2";"7";"0";"0";"4";"15";"1";""
"201900003071";"138 300 725";"A01";"3";"7";"0";"2";"2";"15";"1";""
"201900003071";"138 300 727";"B01";"3";"2";"0";"2";"1";"1";"1";""
"201900003072";"138 300 724";"A01";"1";"7";"13";"0";"8";"1";"1";""
"201900003073";"138 300 723";"A01";"3";"7";"0";"1";"4";"4";"1";""
"201900003074";"138 300 722";"A01";"1";"7";"6";"0";"3";"21";"1";""
"201900003075";"138 300 721";"A01";"0";"7";"6";"0";"8";"1";"1";""
"201900003076";"138 300 719";"A01";"3";"1";"0";"2";"1";"19";"5";""
"201900003076";"138 300 720";"C01";"2";"7";"0";"2";"1";"1";"1";""
"201900003077";"138 300 715";"B01";"1";"50";"0";"0";"4";"1";"3";""
"201900003077";"138 300 717";"A01";"1";"7";"0";"2";"1";"9";"1";""
"201900003078";"138 300 716";"B01";"0";"7";"0";"2";"2";"1";"1";""
"201900003078";"138 300 718";"A01";"0";"7";"0";"2";"8";"10";"1";""
"201900003079";"138 300 711";"B01";"0";"7";"0";"0";"1";"26";"0";""
"201900003079";"138 300 712";"A01";"3";"3";"0";"2";"1";"26";"0";""
"201900003080";"138 300 713";"A01";"2";"7";"0";"2";"8";"15";"1";""
"201900003080";"138 300 714";"B01";"1";"7";"0";"2";"3";"1";"1";""
"201900003081";"138 300 708";"B01";"3";"33";"0";"2";"1";"16";"1";""
"201900003081";"138 300 710";"A01";"3";"7";"0";"2";"1";"13";"1";""
"201900003082";"138 300 707";"A01";"0";"7";"0";"2";"1";"1";"1";""
"201900003082";"138 300 709";"B01";"0";"7";"0";"2";"2";"15";"1";""
"201900003083";"138 300 705";"B01";"2";"15";"0";"2";"1";"1";"1";""
"201900003083";"138 300 706";"A01";"1";"7";"0";"2";"1";"13";"1";""
"201900003084";"138 300 704";"A01";"1";"7";"0";"1";"2";"1";"0";""
"201900003085";"138 300 701";"A01";"3";"7";"2";"0";"1";"0";"1";""
"201900003086";"138 300 702";"A01";"2";"7";"0";"1";"8";"1";"1";""
"201900003087";"138 300 700";"A01";"1";"34";"0";"2";"3";"1";"1";""
"201900003087";"138 300 703";"B01";"2";"7";"0";"2";"2";"21";"1";""
"201900003088";"138 300 699";"A01";"2";"1";"1";"0";"1";"0";"5";""
"201900003089";"138 300 696";"A01";"2";"1";"13";"0";"0";"0";"5";""
"201900003090";"138 300 695";"A01";"2";"10";"0";"2";"1";"2";"1";""
"201900003090";"138 300 697";"B01";"2";"7";"0";"2";"4";"2";"1";""
"201900003090";"138 300 698";"C01";"2";"7";"0";"2";"4";"2";"1";""
"201900003091";"138 300 694";"A01";"1";"7";"15";"1";"1";"20";"1";""
"201900003092";"138 300 693";"A01";"1";"7";"15";"0";"1";"0";"1";""
"201900003093";"138 300 687";"A01";"1";"7";"0";"2";"2";"11";"1";""
"201900003093";"138 300 689";"B01";"2";"33";"0";"2";"1";"26";"1";""
"201900003094";"138 300 686";"B01";"2";"7";"0";"2";"2";"1";"1";""
"201900003094";"138 300 691";"A01";"2";"7";"0";"2";"1";"1";"1";""
"201900003095";"138 300 683";"A01";"2";"32";"0";"2";"3";"11";"1";""
"201900003095";"138 300 684";"B01";"2";"32";"0";"2";"5";"3";"1";""
"201900003095";"138 300 685";"C01";"2";"7";"0";"2";"2";"2";"1";""
"201900003095";"138 300 688";"D01";"2";"10";"0";"2";"5";"23";"1";""
"201900003095";"138 300 690";"E01";"2";"10";"0";"2";"7";"23";"1";""
"201900003095";"138 300 692";"F01";"2";"10";"0";"2";"6";"23";"1";""
"201900003096";"138 300 680";"B01";"1";"33";"0";"2";"1";"2";"1";""
"201900003096";"138 300 682";"A01";"1";"7";"0";"2";"4";"1";"6";""
"201900003097";"138 300 679";"B01";"1";"33";"13";"0";"4";"1";"1";""
"201900003097";"138 300 681";"A01";"1";"7";"13";"2";"9";"13";"1";""
"201900003098";"138 300 675";"A01";"1";"7";"0";"2";"3";"1";"1";""
"201900003098";"138 300 677";"B01";"2";"7";"0";"2";"3";"13";"1";""
"201900003099";"138 300 672";"A01";"1";"7";"3";"2";"2";"17";"1";""
"201900003099";"138 300 673";"B01";"1";"7";"0";"0";"6";"0";"1";""
"201900003100";"138 300 670";"B01";"2";"14";"1";"0";"1";"2";"1";""
"201900003100";"138 300 671";"A01";"2";"15";"0";"0";"4";"23";"1";""
"201900003101";"138 300 676";"A01";"1";"7";"0";"0";"0";"1";"0";""
"201900003102";"138 300 674";"B01";"1";"7";"0";"2";"1";"1";"1";""
"201900003102";"138 300 678";"A01";"1";"7";"0";"2";"3";"7";"1";""
"201900003103";"138 300 668";"B01";"2";"7";"0";"2";"1";"2";"1";""
"201900003103";"138 300 669";"A01";"2";"7";"0";"2";"4";"2";"1";""
"201900003104";"138 300 667";"A01";"2";"33";"3";"0";"8";"1";"1";""
"201900003105";"138 300 663";"A01";"3";"7";"0";"2";"2";"1";"1";""
"201900003105";"138 300 666";"B01";"3";"7";"0";"0";"0";"1";" -1";""
"201900003106";"138 300 662";"B01";"1";"7";"0";"2";"1";"1";"1";""
"201900003106";"138 300 665";"A01";"2";"2";"0";"2";"1";"5";"1";""
"201900003107";"138 300 661";"A01";"2";"7";"0";"2";"2";"21";"1";""
"201900003107";"138 300 664";"B01";"3";"2";"0";"2";"1";"15";"1";""
"201900003108";"138 300 660";"A01";"1";"7";"2";"0";"3";"13";"1";""
"201900003109";"138 300 656";"A01";"2";"7";"6";"0";"8";"13";"1";""
"201900003110";"138 300 655";"B01";"1";"10";"0";"2";"1";"1";"1";""
"201900003110";"138 300 657";"A01";"2";"7";"7";"2";"8";"19";"1";""
"201900003111";"138 300 658";"A01";"1";"10";"0";"2";"3";"11";"1";""
"201900003111";"138 300 659";"B01";"1";"43";"0";"2";"2";"17";"1";""
"201900003112";"138 300 652";"A01";"2";"2";"0";"2";"1";"5";"1";""
"201900003112";"138 300 653";"B01";"1";"17";"0";"2";"3";"1";"1";""
"201900003113";"138 300 651";"A01";"1";"7";"0";"2";"7";"14";"0";""
"201900003113";"138 300 654";"B01";"1";"7";"0";"2";"3";"2";"0";""
"201900003114";"138 300 649";"B01";"2";"1";"0";"2";"8";"13";"5";""
"201900003114";"138 300 650";"A01";"2";"1";"0";"2";"7";"17";"5";""
"201900003115";"138 300 647";"A01";"3";"31";"16";"0";"1";"17";"1";""
"201900003116";"138 300 646";"A01";"2";"15";"1";"0";"2";"11";"6";""
"201900003116";"138 300 648";"B01";"2";"15";"0";"0";"4";"23";"1";""
"201900003117";"138 300 644";"A01";"2";"2";"0";"2";"1";"2";"1";""
"201900003117";"138 300 645";"B01";"2";"7";"0";"2";"6";"23";"1";""
"201900003118";"138 300 642";"A01";"1";"7";"2";"0";"9";"1";"1";""
"201900003119";"138 300 641";"B01";"2";"33";"0";"2";"1";"1";"1";""
"201900003119";"138 300 643";"A01";"1";"7";"0";"2";"2";"10";"1";""
"201900003120";"138 300 637";"A01";"0";"33";"15";"0";"3";"0";"1";""
"201900003121";"138 300 636";"B01";"1";"7";"0";"2";"7";"1";"1";""
"201900003121";"138 300 638";"C01";"1";"1";"0";"2";"9";"1";"5";""
"201900003121";"138 300 639";"A01";"1";"10";"0";"2";"1";"1";"1";""
"201900003122";"138 300 635";"A01";"2";"33";"0";"0";"7";"1";"1";""
"201900003123";"138 300 640";"A01";"3";"7";"13";"0";"1";"1";"0";""
"201900003124";"138 300 632";"A01";"3";"1";"0";"0";"0";"0";"5";""
"201900003125";"138 300 630";"B01";"2";"14";"0";"2";"3";"21";"1";""
"201900003125";"138 300 631";"A01";"1";"7";"0";"2";"3";"13";"1";""
"201900003126";"138 300 628";"A01";"1";"7";"0";"2";"1";"13";"1";""
"201900003126";"138 300 629";"B01";"2";"7";"0";"2";"1";"1";"1";""
"201900003127";"138 300 633";"A01";"1";"7";"8";"2";"1";"1";"1";""
"201900003127";"138 300 634";"B01";"1";"33";"0";"2";"8";"1";"1";""
"201900003128";"138 300 626";"B01";"3";"7";"0";"2";"7";"16";"1";""
"201900003128";"138 300 627";"A01";"3";"1";"0";"2";"1";"18";"5";""
"201900003129";"138 300 624";"A01";"2";"20";"0";"2";"5";"4";"1";""
"201900003129";"138 300 625";"B01";"2";"37";"0";"2";"7";"1";"1";"3"
"201900003130";"138 300 623";"A01";"1";"21";"2";"9";"1";"12";"1";""
"201900003131";"138 300 621";"B01";"1";"10";"0";"2";"8";"1";"0";""
"201900003131";"138 300 622";"A01";"1";"1";"0";"2";"1";"26";"0";""
"201900003132";"138 300 620";"A01";"3";"33";"0";"0";"0";"26";"1";""
"201900003133";"138 300 619";"A01";"2";"7";"0";"1";"3";"15";"1";""
"201900003134";"138 300 617";"B01";"0";"7";"0";"2";"4";"2";"0";""
"201900003134";"138 300 618";"A01";"0";"2";"0";"2";"1";"2";"0";""
"201900003135";"138 300 615";"A01";"1";"7";"0";"2";"7";"16";"1";""
"201900003135";"138 300 616";"B01";"1";"2";"0";"2";"8";"18";"1";""
"201900003136";"138 300 612";"A01";"1";"7";"0";"2";"3";"1";"1";""
"201900003136";"138 300 613";"B01";"2";"7";"0";"2";"3";"1";"1";""
"201900003137";"138 300 609";"B01";"2";"15";"0";"2";"6";"15";"0";""
"201900003137";"138 300 611";"A01";"1";"33";"0";"2";"1";"1";"0";""
"201900003138";"138 300 608";"B01";"1";"7";"0";"2";"6";"1";"1";""
"201900003138";"138 300 610";"A01";"1";"7";"0";"2";"2";"14";"1";""
"201900003139";"138 300 604";"A01";"1";"33";"1";"0";"2";"2";"0";""
"201900003139";"138 300 606";"B01";"1";"7";"1";"0";"8";"26";"0";""
"201900003139";"138 300 607";"C01";"1";"7";"1";"0";"5";"26";"0";""
"201900003140";"138 300 603";"B01";"1";"7";"0";"2";"4";"2";"1";""
"201900003140";"138 300 605";"A01";"1";"33";"0";"2";"1";"1";"1";""
"201900003141";"138 300 602";"A01";"1";"21";"6";"0";"2";"1";"1";""
"201900003142";"138 300 598";"B01";"2";"1";"0";"2";"1";"1";"5";""
"201900003142";"138 300 600";"A01";"1";"7";"0";"9";"7";"15";"1";""
"201900003143";"138 300 597";"B01";"1";"7";"0";"2";"3";"1";"1";""
"201900003143";"138 300 599";"A01";"2";"7";"3";"2";"3";"1";"1";""
"201900003144";"138 300 596";"A01";"1";"7";"0";"0";"1";"0";"1";""
"201900003145";"138 300 601";"A01";"1";"7";"0";"1";"1";"15";"1";""
"201900003146";"138 300 591";"A01";"2";"7";"6";"0";"1";"1";"1";""
"201900003147";"138 300 590";"A01";"1";"7";"0";"2";"3";"1";"1";""
"201900003147";"138 300 592";"B01";"2";"33";"0";"2";"1";"13";"1";""
"201900003147";"138 300 593";"C01";"2";"33";"14";"0";"1";"1";"1";""
"201900003148";"138 300 589";"Z01";"2";"1";"0";"1";"0";"1";"5";""
"201900003149";"138 300 587";"A01";"1";"33";"10";"0";"7";"1";"1";""
"201900003150";"138 300 585";"Z01";"1";"1";"0";"2";"0";"14";"5";""
"201900003150";"138 300 586";"A01";"1";"50";"12";"2";"8";"18";"3";""
"201900003151";"138 300 582";"A01";"1";"7";"0";"2";"3";"17";"1";""
"201900003151";"138 300 583";"B01";"2";"31";"0";"2";"3";"1";"1";""
"201900003152";"138 300 580";"A01";"2";"1";"0";"1";"1";"1";"5";""
"201900003153";"138 300 577";"A01";"0";"7";"9";"0";"7";"14";"1";""
"201900003154";"138 300 575";"B01";"1";"33";"0";"0";"3";"6";"1";""
"201900003154";"138 300 578";"A01";"2";"7";"0";"0";"0";"9";"1";""
"201900003155";"138 300 574";"A01";"1";"7";"0";"2";"2";"2";"1";""
"201900003155";"138 300 576";"B01";"1";"1";"0";"2";"4";"2";"5";""
"201900003156";"138 300 573";"A01";"3";"36";"13";"0";"0";"1";"1";""
"201900003157";"138 300 569";"B01";"1";"7";"0";"2";"4";"2";"1";""
"201900003157";"138 300 571";"A01";"1";"7";"0";"2";"4";"2";"1";""
"201900003158";"138 300 570";"A01";"2";"2";"0";"2";"6";"15";"1";""
"201900003158";"138 300 572";"B01";"2";"7";"8";"2";"1";"1";"1";""
"201900003159";"138 300 565";"A01";"1";"7";"0";"2";"3";"15";"1";""
"201900003159";"138 300 566";"B01";"2";"37";"0";"2";"1";"1";"1";"3"
"201900003160";"138 300 568";"A01";"2";"7";"0";"0";"0";"1";"1";""
"201900003161";"138 300 562";"A01";"3";"31";"0";"2";"1";"18";"1";""
"201900003161";"138 300 563";"B01";"3";"15";"0";"2";"2";"14";"0";""
"201900003162";"138 300 561";"A01";"3";"7";"0";"2";"3";"9";"0";""
"201900003162";"138 300 564";"B01";"1";"7";"0";"2";"1";"1";"0";""
"201900003163";"138 300 560";"A01";"3";"7";"2";"0";"3";"13";"1";""
"201900003164";"138 300 559";"A01";"2";"7";"15";"0";"9";"1";"1";""
"201900003165";"138 300 557";"A01";"3";"7";"0";"2";"1";"1";"1";""
"201900003165";"138 300 558";"B01";"3";"7";"0";"2";"4";"23";"1";""
"201900003166";"138 300 551";"E01";"2";"1";"0";"2";"4";"1";"0";""
"201900003166";"138 300 553";"D01";"2";"1";"0";"2";"4";"2";"0";""
"201900003166";"138 300 554";"C01";"2";"1";"0";"2";"4";"2";"0";""
"201900003166";"138 300 555";"B01";"2";"7";"0";"2";"1";"2";"0";""
"201900003166";"138 300 556";"A01";"2";"7";"0";"0";"4";"1";"0";""
"201900003167";"138 300 548";"A01";"1";"7";"0";"2";"2";"10";"1";""
"201900003167";"138 300 552";"B01";"1";"34";"0";"2";"9";"2";"1";""
"201900003168";"138 300 547";"B01";"3";"7";"0";"2";"6";"15";"1";""
"201900003168";"138 300 549";"A01";"1";"2";"0";"2";"1";"1";"1";""
"201900003169";"138 300 545";"A01";"1";"7";"0";"1";"2";"19";"1";""
"201900003170";"138 300 542";"A01";"2";"7";"12";"0";"2";"26";"1";""
"201900003171";"138 300 543";"A01";"2";"7";"3";"0";"3";"13";"1";""
"201900003172";"138 300 541";"B01";"1";"33";"0";"2";"8";"1";"1";""
"201900003172";"138 300 544";"A01";"3";"7";"0";"2";"1";"19";"1";""
"201900003173";"138 300 537";"A01";"2";"7";"0";"0";"3";"14";"1";""
"201900003173";"138 300 538";"B01";"1";"7";"0";"2";"3";"21";"1";""
"201900003174";"138 300 539";"B01";"3";"32";"0";"2";"1";"1";"0";""
"201900003174";"138 300 540";"A01";"3";"7";"0";"2";"6";"11";"0";""
"201900003175";"138 300 535";"A01";"0";"7";"0";"0";"1";"0";"1";""
"201900003176";"138 300 534";"B01";"2";"33";"0";"2";"1";"1";"1";""
"201900003176";"138 300 536";"A01";"1";"7";"0";"2";"8";"15";"1";""
"201900003177";"138 300 531";"A01";"2";"30";"0";"2";"1";"13";"1";""
"201900003177";"138 300 533";"B01";"2";"7";"0";"2";"6";"0";"1";""
"201900003178";"138 300 529";"A01";"3";"7";"0";"0";"0";"9";"1";""
"201900003178";"138 300 532";"B01";"2";"33";"0";"0";"7";"1";"1";""
"201900003179";"138 300 528";"A01";"3";"2";"0";"2";"3";"1";"1";""
"201900003179";"138 300 530";"B01";"0";"14";"0";"2";"3";"19";"1";""
"201900003180";"138 300 527";"A01";"0";"32";"1";"0";"6";"1";"0";""
"201900003181";"138 300 524";"A01";"2";"7";"13";"2";"1";"2";"1";""
"201900003181";"138 300 526";"B01";"2";"7";"0";"0";"4";"16";"1";""
"201900003182";"138 300 522";"A01";"2";"7";"0";"2";"1";"1";"6";""
"201900003182";"138 300 523";"C01";"1";"7";"0";"2";"1";"1";"6";""
"201900003182";"138 300 525";"B01";"1";"7";"0";"2";"3";"1";"6";""
"201900003183";"138 300 517";"A01";"2";"7";"0";"0";"9";"1";"6";""
"201900003184";"138 300 520";"B01";"2";"7";"0";"2";"4";"2";"1";""
"201900003184";"138 300 521";"A01";"2";"7";"0";"2";"1";"2";"1";""
"201900003185";"138 300 516";"A01";"0";"33";"0";"2";"3";"17";"1";""
"201900003185";"138 300 518";"B01";"0";"7";"0";"2";"3";"1";"1";""
"201900003185";"138 300 519";"C01";"0";"15";"0";"2";"8";"1";"1";""
"201900003186";"138 300 512";"B01";"1";"33";"0";"0";"2";"2";"0";""
"201900003186";"138 300 514";"A01";"1";"7";"0";"2";"3";"11";"0";""
"201900003187";"138 300 511";"A01";"0";"7";"0";"2";"3";"13";"0";""
"201900003187";"138 300 513";"B01";"0";"7";"0";"2";"3";"1";"1";""
"201900003188";"138 300 510";"B01";"2";"7";"0";"0";"4";"24";"0";""
"201900003188";"138 300 515";"A01";"2";"17";"1";"0";"1";"2";"1";""
"201900003189";"138 300 505";"B01";"1";"7";"0";"0";"7";"1";"1";""
"201900003189";"138 300 506";"A01";"3";"2";"0";"2";"1";"19";"1";""
"201900003190";"138 300 508";"B01";"2";"7";"12";"0";"5";"16";"1";""
"201900003190";"138 300 509";"A01";"2";"30";"0";"2";"1";"1";"1";""
"201900003191";"138 300 504";"A01";"1";"7";"0";"2";"2";"15";"1";""
"201900003191";"138 300 507";"B01";"2";"7";"0";"2";"3";"1";"1";""
"201900003192";"138 300 501";"A01";"0";"7";"0";"1";"2";"15";"1";""
"201900003193";"138 300 498";"B01";"0";"7";"0";"2";"8";"15";"0";""
"201900003193";"138 300 502";"A01";"0";"7";"3";"2";"2";"17";"0";""
"201900003194";"138 300 500";"B01";"0";"21";"0";"2";"5";"19";"1";""
"201900003194";"138 300 503";"A01";"1";"33";"0";"9";"1";"1";"1";""
"201900003195";"138 300 494";"A01";"1";"7";"3";"0";"3";"1";"1";""
"201900003196";"138 300 495";"B01";"0";"7";"0";"2";"3";"1";"1";""
"201900003196";"138 300 496";"A01";"0";"7";"0";"2";"1";"13";"1";""
"201900003197";"138 300 497";"A01";"1";"7";"0";"2";"3";"26";"1";""
"201900003197";"138 300 499";"B01";"1";"7";"0";"0";"4";"15";"1";""
"201900003198";"138 300 489";"B01";"1";"15";"0";"2";"4";"23";"1";""
"201900003198";"138 300 491";"A01";"1";"31";"1";"0";"1";"2";"1";""
"201900003199";"138 300 485";"A01";"1";"7";"0";"2";"1";"5";"1";""
"201900003199";"138 300 486";"B01";"2";"7";"3";"0";"1";"16";"1";""
"201900003199";"138 300 488";"C01";"2";"7";"3";"0";"2";"16";"1";""
"201900003199";"138 300 490";"D01";"2";"7";"0";"2";"3";"0";"1";""
"201900003199";"138 300 492";"E01";"2";"7";"0";"2";"8";"0";"1";""
"201900003199";"138 300 493";"F01";"2";"7";"0";"2";"1";"0";"1";""
"201900003200";"138 300 484";"B01";"2";"14";"0";"2";"1";"2";"6";""
"201900003200";"138 300 487";"A01";"1";"7";"0";"2";"1";"2";"6";""
"201900003201";"138 300 482";"B01";"1";"10";"0";"2";"8";"1";"1";""