"Num_Acc";"id_vehicule";"num_veh";"senc";"catv";"obs";"obsm";"choc";"manv";"motor";"occutc"
"201900003411";"138 300 117";"A01";"1";"31";"0";"2";"2";"13";"3";""
"201900003411";"138 300 118";"B01";"1";"7";"0";"2";"3";"15";"1";""
"201900003412";"138 300 115";"B01";"1";"2";"5";"2";"4";"15";"1";""
"201900003412";"138 300 116";"A01";"1";"7";"0";"2";"1";"1";"1";""
"201900003413";"138 300 129";"A01";"1";"33";"3";"0";"0";"1";"1";""
"201900003414";"138 300 113";"B01";"2";"7";"0";"2";"3";"1";"1";""
"201900003414";"138 300 114";"A01";"1";"7";"0";"2";"3";"13";"1";""
"201900003415";"138 300 112";"A01";"0";"33";"15";"0";"1";"17";"1";""
"201900003416";"138 300 108";"A01";"2";"7";"4";"2";"3";"11";"1";""
"201900003416";"138 300 109";"B01";"1";"7";"0";"2";"3";"17";"1";""
"201900003417";"138 300 107";"C01";"1";"7";"0";"2";"1";"1";"1";""
"201900003417";"138 300 110";"B01";"2";"7";"0";"2";"1";"21";"1";""
"201900003417";"138 300 111";"A01";"2";"7";"0";"0";"6";"1";"1";""
"201900003418";"138 300 105";"A01";"3";"7";"2";"9";"7";"0";"1";""
"201900003419";"138 300 104";"A01";"1";"33";"12";"0";"1";"0";"1";""
"201900003420";"138 300 103";"A01";"1";"7";"2";"0";"1";"0";"0";""
"201900003421";"138 300 101";"B01";"1";"7";"0";"2";"1";"17";"1";""
"201900003421";"138 300 102";"A01";"1";"7";"0";"2";"8";"15";"1";""
"201900003422";"138 300 099";"B01";"1";"7";"0";"2";"5";"15";"1";""
"201900003422";"138 300 100";"A01";"2";"2";"0";"2";"1";"1";"1";""
"201900003423";"138 300 097";"B01";"0";"7";"0";"0";"2";"24";"0";""
"201900003423";"138 300 098";"A01";"2";"7";"1";"1";"2";"1";"0";""
"201900003424";"138 300 094";"B01";"2";"7";"0";"2";"1";"1";"1";""
"201900003424";"138 300 096";"A01";"1";"7";"0";"2";"1";"5";"1";""
"201900003425";"138 300 093";"B01";"1";"7";"0";"2";"3";"1";"1";""
"201900003425";"138 300 095";"A01";"2";"10";"0";"2";"3";"13";"1";""
"201900003426";"138 300 092";"A01";"1";"7";"8";"0";"4";"17";"1";""
"201900003427";"138 300 090";"B01";"2";"7";"0";"0";"5";"16";"1";""
"201900003427";"138 300 091";"A01";"2";"7";"0";"2";"3";"1";"1";""
"201900003428";"138 300 089";"A01";"2";"33";"7";"0";"0";"1";"1";""
"201900003429";"138 300 085";"B01";"1";"7";"0";"2";"3";"1";"1";""
"201900003429";"138 300 087";"A01";"2";"7";"0";"2";"1";"15";"1";""
"201900003430";"138 300 083";"A01";"1";"7";"0";"2";"3";"13";"1";""
"201900003430";"138 300 084";"B01";"2";"7";"0";"2";"1";"1";"1";""
"201900003431";"138 300 081";"A01";"3";"2";"0";"0";"0";"1";"1";""
"201900003432";"138 300 080";"A01";"1";"7";"0";"2";"2";"1";"1";""
"201900003432";"138 300 082";"B01";"1";"7";"0";"2";"1";"1";"1";""
"201900003433";"138 300 078";"B01";"2";"33";"0";"2";"8";"1";"1";""
"201900003433";"138 300 079";"A01";"0";"7";"0";"2";"2";"15";"1";""
"201900003434";"138 300 077";"A01";"2";"7";"15";"0";"1";"16";"1";""
"201900003435";"138 300 074";"A01";"1";"7";"0";"2";"1";"1";"1";""
"201900003435";"138 300 076";"B01";"2";"7";"0";"2";"1";"1";"1";""
"201900003436";"138 300 071";"B01";"3";"7";"0";"2";"8";"19";"1";""
"201900003436";"138 300 072";"A01";"1";"33";"0";"2";"1";"1";"1";""
"201900003437";"138 300 073";"A01";"0";"7";"0";"2";"7";"17";"1";""
"201900003437";"138 300 075";"B01";"0";"1";"0";"0";"8";"1";"5";""
"201900003438";"138 300 067";"B01";"1";"7";"14";"2";"3";"21";"1";""
"201900003438";"138 300 069";"A01";"1";"7";"13";"0";"1";"23";"1";""
"201900003439";"138 300 066";"A01";"1";"36";"3";"0";"1";"1";"1";""
"201900003440";"138 300 064";"A01";"3";"7";"0";"2";"1";"19";"1";""
"201900003440";"138 300 065";"B01";"2";"10";"0";"0";"2";"1";"1";""
"201900003441";"138 300 063";"A01";"2";"7";"6";"0";"2";"1";"1";""
"201900003442";"138 300 062";"A01";"2";"33";"0";"0";"7";"16";"1";""
"201900003443";"138 300 061";"A01";"1";"33";"8";"0";"0";"20";"1";""
"201900003444";"138 300 058";"A01";"1";"7";"0";"2";"3";"1";"1";""
"201900003444";"138 300 059";"B01";"2";"33";"0";"2";"8";"13";"1";""
"201900003445";"138 300 057";"A01";"1";"33";"13";"0";"0";"1";"1";""
"201900003446";"138 300 055";"B01";"1";"7";"0";"2";"1";"1";"1";""
"201900003446";"138 300 056";"A01";"2";"7";"0";"2";"1";"13";"1";""
"201900003447";"138 300 054";"A01";"1";"7";"0";"1";"2";"1";"1";""
"201900003448";"138 300 050";"C01";"1";"33";"0";"2";"1";"1";"0";""
"201900003448";"138 300 051";"B01";"1";"33";"0";"2";"1";"1";"0";""
"201900003448";"138 300 052";"A01";"2";"7";"0";"2";"2";"15";"0";""
"201900003449";"138 300 048";"A01";"2";"2";"0";"2";"1";"13";"1";""
"201900003449";"138 300 049";"B01";"1";"7";"0";"2";"3";"1";"1";""
"201900003450";"138 300 046";"A01";"3";"2";"0";"2";"1";"1";"1";""
"201900003450";"138 300 047";"B01";"3";"7";"0";"2";"3";"1";"1";""
"201900003451";"138 300 043";"B01";"1";"2";"0";"2";"8";"19";"1";""
"201900003451";"138 300 044";"A01";"2";"15";"0";"2";"2";"1";"1";""
"201900003452";"138 300 041";"A01";"2";"33";"0";"2";"1";"12";"1";""
"201900003452";"138 300 042";"B01";"2";"7";"0";"0";"4";"1";"0";""
"201900003453";"138 300 040";"A01";"2";"7";"0";"1";"1";"1";"0";""
"201900003454";"138 300 038";"B01";"2";"7";"0";"2";"3";"1";"1";""
"201900003454";"138 300 039";"A01";"1";"7";"0";"2";"3";"15";"1";""
"201900003455";"138 300 036";"B01";"2";"7";"0";"2";"3";"1";"1";""
"201900003455";"138 300 037";"A01";"1";"7";"0";"2";"3";"1";"1";""
"201900003456";"138 300 034";"B01";"2";"10";"0";"2";"1";"21";"1";""
"201900003456";"138 300 035";"A01";"1";"7";"0";"2";"3";"19";"1";""
"201900003457";"138 300 033";"A01";"1";"7";"2";"0";"1";"26";"1";""
"201900003458";"138 300 031";"A01";"2";"7";"0";"2";"2";"9";"0";""
"201900003458";"138 300 032";"B01";"2";"7";"0";"2";"1";"1";"0";""
"201900003459";"138 300 030";"A01";"1";"33";"13";"0";"7";"1";"1";""
"201900003460";"138 300 029";"A01";"1";"7";"16";"0";"1";"1";"1";""
"201900003461";"138 300 028";"A01";"2";"7";"13";"0";"2";"1";"2";""
"201900003462";"138 300 027";"A01";"1";"31";"8";"0";"1";"1";"1";""
"201900003463";"138 300 025";"A01";"1";"7";"0";"2";"1";"2";"1";""
"201900003463";"138 300 026";"B01";"1";"17";"0";"0";"4";"1";"1";""
"201900003464";"138 300 023";"B01";"1";"7";"0";"2";"5";"1";"6";""
"201900003464";"138 300 024";"A01";"1";"7";"0";"2";"3";"13";"6";""
"201900003465";"138 300 021";"A01";"0";"7";"0";"2";"3";"13";"1";""
"201900003465";"138 300 022";"B01";"0";"7";"0";"2";"3";"1";"1";""
"201900003466";"138 300 019";"B01";"3";"32";"0";"2";"1";"0";"0";""
"201900003466";"138 300 020";"A01";"3";"7";"0";"2";"2";"15";"0";""
"201900003467";"138 300 018";"A01";"2";"7";"2";"0";"1";"14";"1";""
"201900003468";"138 300 016";"A01";"2";"7";"0";"2";"3";"13";"1";""
"201900003468";"138 300 017";"B01";"1";"14";"0";"2";"3";"1";"1";""
"201900003469";"138 300 013";"C01";"1";"7";"0";"2";"1";"1";"1";""
"201900003469";"138 300 014";"B01";"1";"7";"0";"2";"1";"17";"1";""
"201900003469";"138 300 015";"A01";"1";"7";"0";"2";"6";"1";"1";""
"201900003470";"138 300 011";"A01";"1";"33";"0";"2";"3";"11";"1";""
"201900003470";"138 300 012";"B01";"1";"7";"0";"2";"5";"17";"1";""
"201900003471";"138 300 010";"A01";"2";"7";"8";"0";"1";"26";"1";""
"201900003472";"138 300 009";"A01";"2";"7";"17";"0";"2";"1";"1";""
"201900003473";"138 300 007";"A01";"1";"7";"0";"2";"3";"9";"1";""
"201900003473";"138 300 008";"B01";"1";"7";"2";"2";"2";"1";"1";""
"201900003474";"138 300 005";"B01";"2";"31";"0";"2";"1";"1";"1";""
"201900003474";"138 300 006";"A01";"1";"7";"0";"2";"3";"11";"1";""
"201900003475";"138 300 002";"A01";"1";"7";"0";"2";"1";"13";"1";""
"201900003475";"138 300 003";"B01";"2";"7";"0";"2";"8";"1";"1";""
"201900003475";"138 300 004";"C01";"2";"7";"15";"2";"1";"1";"1";""
"201900003476";"138 300 001";"A01";"1";"1";"0";"0";"0";"0";"5";""
"201900003477";"138 299 999";"B01";"1";"33";"0";"2";"1";"13";"1";""
"201900003477";"138 300 000";"A01";"2";"7";"0";"2";"1";"1";"1";""
"201900003478";"138 299 997";"A01";"1";"7";"0";"2";"2";"9";"1";""
"201900003478";"138 299 998";"B01";"2";"1";"0";"2";"1";"13";"5";""
"201900003479";"138 299 995";"B01";"2";"33";"3";"2";"8";"26";"1";""
"201900003479";"138 299 996";"A01";"2";"10";"0";"2";"7";"26";"1";""
"201900003480";"138 299 994";"A01";"1";"7";"0";"0";"0";"1";"1";""
"201900003481";"138 299 993";"A01";"1";"17";"3";"0";"1";"6";"1";""
"201900003482";"138 299 991";"PB01";"2";"7";"3";"2";"4";"1";"1";""
"201900003482";"138 299 992";"A01";"2";"7";"0";"2";"1";"2";"1";""
"201900003483";"138 299 984";"A01";"2";"7";"0";"2";"4";"11";"1";""
"201900003483";"138 299 985";"B01";"2";"15";"0";"2";"1";"1";"1";""
"201900003483";"138 299 986";"C01";"2";"10";"0";"2";"2";"1";"1";""
"201900003483";"138 299 987";"D01";"2";"10";"0";"2";"4";"1";"1";""
"201900003483";"138 299 988";"E01";"2";"10";"0";"2";"1";"1";"1";""
"201900003483";"138 299 989";"F01";"2";"7";"0";"2";"1";"1";"1";""
"201900003484";"138 299 983";"A01";"1";"7";"4";"0";"1";"0";"1";""
"201900003485";"138 299 979";"A01";"2";"7";"0";"2";"3";"0";"1";""
"201900003485";"138 299 980";"C01";"2";"7";"0";"2";"5";"0";"1";""
"201900003485";"138 299 981";"B01";"2";"10";"0";"2";"6";"0";"1";""
"201900003485";"138 299 982";"Z01";"2";"7";"0";"2";"2";"18";"1";""
"201900003486";"138 299 977";"B01";"2";"10";"0";"2";"1";"1";"1";""
"201900003486";"138 299 978";"A01";"2";"17";"0";"2";"4";"1";"1";""
"201900003487";"138 299 976";"A01";"2";"33";"0";"0";"0";"3";"1";""
"201900003488";"138 299 975";"A01";"2";"7";"0";"1";"1";"1";"1";""
"201900003489";"138 299 973";"A01";"1";"7";"0";"2";"2";"13";"0";""
"201900003489";"138 299 974";"B01";"2";"13";"0";"2";"5";"9";"1";""
"201900003490";"138 299 971";"B01";"1";"10";"0";"6";"3";"0";"1";""
"201900003490";"138 299 972";"A01";"1";"33";"0";"2";"3";"13";"1";""
"201900003491";"138 299 969";"A01";"2";"7";"0";"2";"2";"15";"1";""
"201900003491";"138 299 970";"B01";"2";"1";"0";"2";"1";"1";"5";""
"201900003492";"138 299 967";"B01";"3";"33";"0";"2";"7";"1";"1";""
"201900003492";"138 299 968";"A01";"3";"7";"0";"2";"3";"9";"1";""
"201900003493";"138 299 959";"A01";"0";"30";"0";"0";"0";"0";"1";""
"201900003494";"138 299 951";"B01";"2";"7";"0";"2";"1";"1";"1";""
"201900003494";"138 299 952";"A01";"1";"7";"0";"2";"1";"13";"1";""
"201900003495";"138 299 949";"B01";"2";"7";"0";"2";"3";"15";"1";""
"201900003495";"138 299 950";"A01";"1";"2";"0";"2";"1";"1";"1";""
"201900003496";"138 299 947";"A01";"2";"7";"1";"0";"1";"14";"1";""
"201900003496";"138 299 948";"FB01";"1";"7";"0";"2";"4";"24";"1";""
"201900003497";"138 299 945";"B01";"1";"2";"0";"0";"4";"23";"1";""
"201900003497";"138 299 946";"A01";"1";"7";"0";"6";"1";"2";"1";""
"201900003498";"138 299 942";"Z01";"1";"7";"0";"1";"1";"0";"0";""
"201900003499";"138 299 940";"B01";"2";"2";"0";"0";"6";"1";"0";""
"201900003499";"138 299 941";"A01";"1";"7";"0";"2";"1";"15";"1";""
"201900003500";"138 299 938";"B01";"0";"7";"0";"2";"1";"1";"1";""
"201900003500";"138 299 939";"A01";"1";"7";"0";"2";"7";"15";"1";""
"201900003501";"138 299 937";"A01";"2";"7";"0";"1";"1";"1";"1";""
"201900003502";"138 299 936";"A01";"0";"7";"0";"1";"2";"26";"0";""
"201900003503";"138 299 934";"A01";"1";"7";"0";"2";"3";"26";"0";""
"201900003503";"138 299 935";"B01";"1";"31";"0";"2";"3";"26";"0";""
"201900003504";"138 299 931";"A01";"0";"7";"0";"2";"4";"26";"0";""
"201900003504";"138 299 932";"C01";"3";"7";"0";"2";"1";"2";"0";""
"201900003504";"138 299 933";"B01";"3";"7";"0";"2";"1";"2";"0";""
"201900003505";"138 299 930";"A01";"1";"7";"14";"1";"3";"16";"1";""
"201900003506";"138 299 928";"A01";"2";"7";"0";"2";"2";"2";"1";""
"201900003506";"138 299 929";"B01";"2";"7";"0";"2";"6";"12";"1";""
"201900003507";"138 299 924";"C01";"2";"7";"0";"2";"4";"23";"1";""
"201900003507";"138 299 925";"D01";"2";"10";"0";"2";"4";"23";"1";""
"201900003507";"138 299 926";"B01";"2";"7";"0";"2";"4";"23";"1";""
"201900003507";"138 299 927";"A01";"2";"10";"0";"2";"1";"2";"1";""
"201900003508";"138 299 922";"A01";"1";"7";"0";"2";"7";"16";"1";""
"201900003508";"138 299 923";"B01";"1";"2";"0";"2";"8";"7";"1";""
"201900003509";"138 299 920";"B01";"1";"34";"0";"2";"1";"1";"1";""
"201900003509";"138 299 921";"A01";"1";"3";"0";"2";"6";"15";"1";""
"201900003510";"138 299 917";"B01";"2";"7";"0";"2";"4";"2";"1";""
"201900003510";"138 299 918";"C01";"2";"7";"0";"2";"4";"2";"1";""
"201900003510";"138 299 919";"A01";"2";"7";"0";"2";"1";"2";"1";""
"201900003511";"138 299 915";"B01";"3";"33";"0";"2";"4";"23";"1";""
"201900003511";"138 299 916";"A01";"3";"7";"0";"2";"2";"2";"1";""
"201900003512";"138 299 914";"A01";"3";"7";"6";"0";"1";"19";"1";""
"201900003513";"138 299 912";"B01";"3";"10";"0";"1";"6";"2";"1";""
"201900003513";"138 299 913";"A01";"3";"32";"0";"2";"1";"2";"1";""
"201900003514";"138 299 911";"A01";"3";"7";"0";"1";"1";"1";"1";""
"201900003515";"138 299 910";"A01";"2";"30";"0";"0";"1";"1";"1";""
"201900003516";"138 299 908";"B01";"3";"33";"0";"2";"1";"1";"1";""
"201900003516";"138 299 909";"A01";"3";"7";"0";"2";"1";"17";"1";""
"201900003517";"138 299 906";"A01";"3";"10";"0";"2";"1";"15";"1";""
"201900003517";"138 299 907";"B01";"3";"33";"0";"2";"1";"1";"1";""
"201900003518";"138 299 904";"B01";"2";"10";"0";"2";"3";"1";"1";""
"201900003518";"138 299 905";"A01";"1";"7";"0";"2";"3";"17";"6";""
"201900003519";"138 299 902";"A01";"1";"7";"0";"2";"2";"17";"1";""
"201900003519";"138 299 903";"B01";"1";"7";"0";"2";"8";"0";"1";""
"201900003520";"138 299 900";"B01";"1";"99";"0";"2";"2";"1";"0";""
"201900003520";"138 299 901";"A01";"2";"10";"0";"2";"2";"1";"1";""
"201900003521";"138 299 898";"B01";"1";"7";"0";"2";"2";"26";"1";""
"201900003521";"138 299 899";"A01";"2";"35";"1";"0";"2";"1";"1";""
"201900003522";"138 299 895";"B01";"1";"1";"0";"2";"1";"5";"5";""
"201900003522";"138 299 896";"A01";"2";"7";"0";"2";"3";"15";"1";""
"201900003523";"138 299 893";"B01";"1";"32";"0";"2";"1";"1";"0";""
"201900003523";"138 299 894";"A01";"2";"7";"0";"2";"7";"15";"0";""
"201900003524";"138 299 889";"A01";"2";"7";"0";"2";"1";"1";"1";""
"201900003524";"138 299 890";"B01";"2";"7";"0";"2";"4";"2";"1";""
"201900003524";"138 299 891";"C01";"2";"33";"1";"0";"1";"1";"1";""
"201900003524";"138 299 892";"D01";"2";"7";"0";"2";"4";"1";"1";""
"201900003525";"138 299 886";"A01";"1";"7";"0";"2";"3";"9";"1";""
"201900003525";"138 299 887";"B01";"1";"33";"0";"2";"1";"3";"1";""
"201900003525";"138 299 888";"C01";"1";"10";"0";"2";"4";"1";"1";""
"201900003526";"138 299 883";"A01";"1";"33";"3";"2";"1";"2";"1";""
"201900003526";"138 299 884";"B01";"1";"7";"0";"2";"4";"2";"1";""
"201900003526";"138 299 885";"C01";"1";"7";"0";"2";"6";"1";"1";""
"201900003527";"138 299 882";"A01";"2";"7";"3";"0";"7";"1";"1";""
"201900003528";"138 299 880";"A01";"1";"7";"0";"2";"1";"9";"1";""
"201900003528";"138 299 881";"B01";"1";"34";"0";"2";"4";"12";"1";""
"201900003529";"138 299 879";"A01";"1";"7";"3";"0";"1";"26";"1";""
"201900003530";"138 299 877";"A01";"1";"7";"0";"2";"7";"22";"1";""
"201900003530";"138 299 878";"B01";"2";"7";"1";"0";"2";"1";"1";""
"201900003531";"138 299 876";"A01";"0";"7";"0";"1";"7";"9";"1";""
"201900003532";"138 299 874";"B01";"1";"33";"0";"2";"1";"1";"1";""
"201900003532";"138 299 875";"A01";"1";"7";"0";"2";"8";"10";"1";""
"201900003533";"138 299 872";"B01";"1";"7";"0";"6";"3";"1";"1";""
"201900003533";"138 299 873";"A01";"3";"80";"0";"2";"8";"19";"3";""
"201900003534";"138 299 871";"A01";"1";"7";"0";"1";"7";"1";"1";""
"201900003535";"138 299 869";"A01";"2";"3";"0";"2";"1";"1";"1";""
"201900003535";"138 299 870";"B01";"2";"7";"0";"2";"4";"23";"1";""
"201900003536";"138 299 866";"A01";"1";"3";"0";"2";"5";"15";"1";""
"201900003536";"138 299 867";"B01";"1";"31";"0";"2";"5";"26";"1";""
"201900003536";"138 299 868";"C01";"1";"3";"0";"2";"0";"26";"1";""
"201900003537";"138 299 865";"A01";"1";"7";"0";"9";"1";"9";"1";""
"201900003538";"138 299 863";"A01";"0";"7";"0";"2";"2";"16";"6";""
"201900003538";"138 299 864";"B01";"0";"30";"0";"2";"8";"1";"6";""
"201900003539";"138 299 862";"A01";"0";"10";"0";"1";"4";"26";"1";""
"201900003540";"138 299 861";"A01";"2";"30";"0";"0";"8";"1";"1";""
"201900003541";"138 299 859";"B01";"1";"7";"0";"2";"8";"15";"1";""
"201900003541";"138 299 860";"A01";"1";"30";"0";"2";"0";"2";"1";""
"201900003542";"138 299 857";"B01";"1";"7";"0";"2";"5";"26";"1";""
"201900003542";"138 299 858";"A01";"3";"13";"0";"2";"5";"9";"1";""
"201900003543";"138 299 855";"B01";"1";"7";"1";"0";"2";"12";"1";""
"201900003543";"138 299 856";"A01";"1";"7";"0";"2";"6";"23";"3";""
"201900003544";"138 299 852";"A01";"2";"7";"0";"2";"1";"1";"1";""
"201900003544";"138 299 853";"B01";"2";"7";"0";"2";"6";"1";"1";""
"201900003545";"138 299 850";"B01";"3";"7";"0";"2";"4";"2";"0";""
"201900003545";"138 299 851";"A01";"3";"37";"0";"2";"1";"2";"0";"1"
"201900003546";"138 299 848";"A01";"0";"7";"0";"2";"2";"15";"1";""
"201900003546";"138 299 849";"B01";"0";"7";"0";"2";"1";"1";"1";""
"201900003547";"138 299 846";"B01";"0";"7";"0";"2";"7";"16";"0";""
"201900003547";"138 299 847";"A01";"0";"2";"0";"2";"1";"18";"1";""
"201900003548";"138 299 845";"A01";"0";"33";"0";"0";"8";"1";"1";""
"201900003549";"138 299 843";"B01";"2";"32";"0";"2";"1";"1";"1";""
"201900003549";"138 299 844";"A01";"1";"3";"0";"2";"3";"15";"1";""
"201900003550";"138 299 841";"A01";"3";"7";"0";"2";"1";"9";"1";""
"201900003550";"138 299 842";"B01";"3";"1";"0";"2";"7";"1";"5";""
"201900003551";"138 299 840";"A01";"1";"7";"1";"2";"2";"14";"1";""
"201900003552";"138 299 838";"B01";"2";"33";"0";"2";"7";"1";"1";""
"201900003552";"138 299 839";"A01";"1";"1";"0";"2";"6";"19";"5";""
"201900003553";"138 299 836";"B01";"1";"7";"0";"2";"4";"1";"1";""
"201900003553";"138 299 837";"A01";"1";"7";"0";"2";"1";"1";"1";""
"201900003554";"138 299 834";"B01";"2";"7";"0";"2";"8";"1";"1";""
"201900003554";"138 299 835";"A01";"1";"7";"0";"2";"3";"15";"1";""
"201900003555";"138 299 832";"B01";"3";"7";"1";"2";"1";"1";"1";""
"201900003555";"138 299 833";"A01";"0";"10";"1";"2";"3";"20";"1";""
"201900003556";"138 299 831";"A01";"3";"7";"0";"1";"0";"1";" -1";""
"201900003557";"138 299 830";"Z01";"1";"0";"0";"1";"1";"0";"0";""
"201900003558";"138 299 828";"A01";"1";"7";"0";"2";"1";"0";"1";""
"201900003558";"138 299 829";"B01";"1";"7";"0";"2";"4";"0";"1";""
"201900003559";"138 299 827";"A01";"1";"2";"0";"2";"1";"0";"1";""
"201900003560";"138 299 826";"A01";"1";"7";"0";"1";"0";"0";"1";""
"201900003561";"138 299 825";"A01";"2";"7";"3";"0";"2";"9";"0";""
"201900003562";"138 299 824";"A01";"1";"7";"0";"1";"0";"1";"1";""
"201900003563";"138 299 823";"A01";"1";"7";"3";"0";"1";"1";"1";""
"201900003564";"138 299 821";"B01";"3";"1";"0";"0";"0";"0";"5";""
"201900003564";"138 299 822";"A01";"3";"17";"0";"2";"7";"10";"1";""
"201900003565";"138 299 819";"B01";"1";"7";"0";"2";"1";"1";"1";""
"201900003565";"138 299 820";"A01";"2";"7";"0";"2";"1";"13";"1";""
"201900003566";"138 299 817";"A01";"1";"33";"0";"2";"7";"17";"1";""
"201900003566";"138 299 818";"B01";"1";"7";"0";"2";"3";"15";"1";""
"201900003567";"138 299 816";"A01";"0";"7";"0";"1";"1";"26";"1";""
"201900003568";"138 299 813";"A01";"0";"30";"0";"2";"1";"9";"1";""
"201900003568";"138 299 814";"B01";"0";"7";"0";"2";"4";"2";"1";""
"201900003569";"138 299 811";"B01";"1";"7";"0";"2";"8";"15";"1";""
"201900003569";"138 299 812";"A01";"1";"7";"0";"2";"1";"2";"1";""
"201900003570";"138 299 810";"A01";"2";"7";"0";"1";"1";"1";"1";""
"201900003571";"138 299 807";"A01";"1";"7";"0";"1";"5";"4";"1";""
"201900003572";"138 299 806";"A01";"1";"7";"0";"1";"1";"1";"1";""
"201900003573";"138 299 804";"B01";"1";"7";"0";"2";"3";"1";"1";""
"201900003573";"138 299 805";"A01";"2";"34";"0";"2";"1";"13";"1";""
"201900003574";"138 299 802";"Z01";"3";"7";"0";"2";"2";"9";"0";""
"201900003574";"138 299 803";"A01";"3";"37";"0";"2";"3";"1";"1";"2"
"201900003575";"138 299 800";"B01";"1";"7";"0";"2";"1";"15";"1";""
"201900003575";"138 299 801";"A01";"2";"33";"0";"2";"1";"3";"1";""
"201900003576";"138 299 798";"A01";"2";"37";"0";"2";"3";"15";"1";"1"
"201900003576";"138 299 799";"B01";"1";"33";"0";"2";"1";"0";"1";""
"201900003577";"138 299 797";"A01";"1";"7";"0";"1";"3";"1";"1";""
"201900003578";"138 299 796";"A01";"2";"7";"4";"0";"2";"1";"1";""
"201900003579";"138 299 792";"A01";"2";"7";"0";"2";"1";"2";"1";""
"201900003579";"138 299 793";"B01";"2";"7";"0";"2";"4";"2";"1";""
"201900003580";"138 299 790";"B01";"3";"7";"0";"2";"2";"15";"1";""
"201900003580";"138 299 791";"A01";"3";"7";"0";"2";"1";"1";"1";""
"201900003581";"138 299 788";"A01";"3";"7";"0";"2";"1";"2";"1";""
"201900003581";"138 299 789";"B01";"3";"7";"0";"2";"4";"23";"1";""
"201900003582";"138 299 785";"B01";"3";"30";"0";"2";"1";"1";"1";""
"201900003582";"138 299 786";"A01";"3";"37";"0";"2";"1";"9";"1";"1"
"201900003583";"138 299 783";"B01";"2";"30";"0";"2";"1";"1";"1";""
"201900003583";"138 299 784";"A01";"1";"7";"0";"2";"5";"15";"1";""
"201900003584";"138 299 782";"A01";"2";"7";"0";"1";"1";"1";"1";""
"201900003585";"138 299 781";"A01";"3";"30";"12";"1";"4";"26";"6";""
"201900003586";"138 299 779";"B01";"1";"13";"0";"2";"5";"16";"1";""
"201900003586";"138 299 780";"A01";"0";"32";"0";"2";"1";"2";"1";""
"201900003587";"138 299 777";"B01";"2";"33";"0";"2";"8";"15";"1";""
"201900003587";"138 299 778";"A01";"1";"34";"0";"2";"1";"1";"1";""
"201900003588";"138 299 776";"A01";"1";"2";"0";"0";"0";"1";"1";""
"201900003589";"138 299 772";"D01";"3";"10";"0";"2";"1";"2";"1";""
"201900003589";"138 299 773";"C01";"3";"7";"0";"2";"4";"2";"1";""
"201900003589";"138 299 774";"B01";"3";"7";"0";"2";"4";"2";"1";""
"201900003589";"138 299 775";"A01";"3";"7";"0";"9";"4";"1";"1";""
"201900003590";"138 299 770";"A01";"3";"7";"0";"2";"1";"9";"1";""
"201900003590";"138 299 771";"B01";"3";"1";"0";"2";"7";"1";"5";""
"201900003591";"138 299 768";"A01";"1";"7";"0";"9";"3";"9";"1";""
"201900003591";"138 299 769";"B01";"1";"1";"0";"2";"0";"5";"5";""
"201900003592";"138 299 767";"A01";"3";"7";"0";"1";"0";"0";" -1";""
"201900003593";"138 299 765";"A01";"1";"7";"0";"2";"5";"16";"0";""
"201900003593";"138 299 766";"B01";"1";"50";"0";"2";"8";"1";"3";""
"201900003594";"138 299 764";"A01";"2";"7";"0";"1";"3";"15";"1";""
"201900003595";"138 299 763";"A01";"2";"0";"3";"0";"0";"26";"1";""
"201900003596";"138 299 761";"A01";"3";"7";"0";"1";"2";"16";"0";""
"201900003596";"138 299 762";"Y01";"3";"60";"0";"2";"1";"2";"5";""
"201900003597";"138 299 759";"A01";"1";"7";"0";"2";"1";"2";"1";""
"201900003597";"138 299 760";"B01";"1";"7";"0";"2";"4";"2";"1";""
"201900003598";"138 299 758";"A01";"3";"7";"16";"0";"2";"26";"1";""
"201900003599";"138 299 756";"B01";"1";"2";"0";"2";"1";"1";"1";""
"201900003599";"138 299 757";"A01";"2";"7";"0";"2";"1";"15";"1";""
"201900003600";"138 299 755";"A01";"1";"7";"0";"0";"1";"13";"0";""
"201900003601";"138 299 751";"B01";"3";"0";"0";"2";"2";"19";"0";""
"201900003601";"138 299 752";"A01";"3";"10";"0";"1";"4";"4";"1";""
"201900003602";"138 299 749";"A01";"1";"10";"0";"1";"1";"15";"0";""
"201900003603";"138 299 747";"A01";"2";"7";"0";"2";"1";"2";"0";""
"201900003603";"138 299 748";"B01";"2";"7";"0";"2";"4";"2";"1";""
"201900003604";"138 299 745";"B01";"1";"14";"14";"2";"2";"1";"1";""
"201900003604";"138 299 746";"A01";"1";"7";"0";"2";"2";"9";"1";""
"201900003605";"138 299 743";"B01";"1";"2";"0";"2";"8";"1";"1";""
"201900003605";"138 299 744";"A01";"1";"7";"0";"2";"3";"5";"0";""
"201900003606";"138 299 741";"B01";"1";"7";"0";"2";"4";"23";"1";""
"201900003606";"138 299 742";"A01";"1";"7";"0";"2";"1";"2";"1";""
"201900003607";"138 299 739";"B01";"2";"7";"0";"2";"4";"2";"1";""
"201900003607";"138 299 740";"A01";"2";"7";"0";"2";"1";"2";"1";""
"201900003608";"138 299 735";"B01";"0";"37";"0";"2";"3";"1";"1";"1"