"Num_Acc";"id_vehicule";"num_veh";"senc";"catv";"obs";"obsm";"choc";"manv";"motor";"occutc"
"201900004025";"138 298 955";"A01";"1";"7";"0";"2";"3";"9";"1";""
"201900004026";"138 298 951";"A01";"3";"10";"0";"2";"6";"26";"0";""
"201900004026";"138 298 952";"B01";"3";"31";"0";"2";"9";"14";"0";""
"201900004026";"138 298 953";"C01";"3";"10";"0";"2";"4";"26";"0";""
"201900004027";"138 298 949";"A01";"3";"10";"0";"2";"5";"16";"1";""
"201900004027";"138 298 950";"B01";"3";"50";"0";"2";"1";"1";"3";""
"201900004028";"138 298 947";"A01";"1";"7";"0";"1";"2";"1";"1";""
"201900004029";"138 298 944";"A01";"2";"7";"0";"2";"1";"2";"1";""
"201900004029";"138 298 945";"B01";"2";"7";"0";"2";"9";"23";"1";""
"201900004029";"138 298 946";"C01";"1";"7";"9";"2";"3";"1";"1";""
"201900004030";"138 298 942";"A01";"2";"33";"1";"0";"1";"2";"1";""
"201900004030";"138 298 943";"B01";"2";"7";"0";"2";"5";"23";"1";""
"201900004031";"138 298 940";"A01";"2";"7";"0";"2";"3";"1";"1";""
"201900004031";"138 298 941";"B01";"1";"7";"0";"2";"3";"1";"1";""
"201900004032";"138 298 939";"A01";"2";"15";"3";"0";"7";"1";"1";""
"201900004033";"138 298 938";"A01";"1";"7";"0";"1";"2";"1";"1";""
"201900004034";"138 298 937";"A01";"1";"1";"0";"0";"1";"1";"5";""
"201900004035";"138 298 935";"B01";"1";"7";"0";"2";"3";"15";"1";""
"201900004035";"138 298 936";"A01";"2";"7";"0";"2";"1";"1";"0";""
"201900004036";"138 298 933";"B01";"0";"80";"0";"2";"1";"1";"3";""
"201900004036";"138 298 934";"A01";"0";"7";"0";"0";"3";"26";"1";""
"201900004037";"138 298 931";"B01";"2";"7";"15";"0";"0";"0";"1";""
"201900004037";"138 298 932";"A01";"1";"7";"0";"0";"0";"0";"1";""
"201900004038";"138 298 929";"B01";"2";"10";"0";"2";"3";"1";"1";""
"201900004038";"138 298 930";"A01";"1";"33";"0";"2";"1";"1";"1";""
"201900004039";"138 298 928";"A01";"2";"33";"0";"6";"1";"1";"1";""
"201900004040";"138 298 925";"A01";"1";"2";"0";"2";"9";"2";"0";""
"201900004040";"138 298 926";"B01";"1";"7";"0";"2";"6";"2";"6";""
"201900004040";"138 298 927";"C01";"2";"7";"0";"2";"1";"1";"0";""
"201900004041";"138 298 924";"A01";"1";"33";"0";"0";"0";"0";"1";""
"201900004042";"138 298 922";"B01";"2";"7";"0";"2";"3";"1";"1";""
"201900004042";"138 298 923";"A01";"1";"33";"0";"2";"7";"1";"1";""
"201900004043";"138 298 921";"A01";"2";"7";"13";"0";"1";"19";"1";""
"201900004044";"138 298 919";"B01";"2";"7";"0";"2";"1";"1";"1";""
"201900004044";"138 298 920";"A01";"1";"7";"0";"2";"1";"13";"0";""
"201900004045";"138 298 917";"A01";"3";"7";"0";"2";"3";"15";"1";""
"201900004045";"138 298 918";"B01";"2";"7";"0";"2";"1";"1";"1";""
"201900004046";"138 298 916";"A01";"3";"7";"0";"1";"1";"1";"1";""
"201900004047";"138 298 914";"B01";"3";"33";"0";"2";"8";"16";"1";""
"201900004047";"138 298 915";"A01";"1";"7";"0";"2";"1";"1";"1";""
"201900004048";"138 298 912";"A01";"1";"2";"14";"0";"1";"1";"1";""
"201900004049";"138 298 910";"A01";"1";"7";"0";"2";"3";"5";"1";""
"201900004049";"138 298 911";"B01";"2";"7";"0";"2";"3";"1";"1";""
"201900004050";"138 298 909";"A01";"3";"7";"2";"0";"1";"13";"1";""
"201900004051";"138 298 907";"A01";"2";"7";"0";"2";"7";"19";"1";""
"201900004051";"138 298 908";"B01";"2";"7";"0";"2";"1";"1";"1";""
"201900004052";"138 298 905";"A01";"1";"33";"13";"2";"0";"17";"1";""
"201900004052";"138 298 906";"B01";"1";"7";"0";"2";"3";"17";"1";""
"201900004053";"138 298 903";"B01";"3";"35";"0";"2";"3";"1";"1";""
"201900004053";"138 298 904";"A01";"3";"10";"0";"2";"3";"3";"1";""
"201900004054";"138 298 901";"B01";"2";"1";"0";"0";"4";"1";"5";""
"201900004054";"138 298 902";"A01";"2";"7";"0";"2";"1";"2";"1";""
"201900004055";"138 298 900";"A01";"0";"7";"0";"1";"1";"1";"1";""
"201900004056";"138 298 897";"B01";"1";"33";"0";"2";"1";"3";"1";""
"201900004056";"138 298 898";"A01";"1";"7";"0";"2";"5";"15";"1";""
"201900004057";"138 298 895";"A01";"0";"1";"0";"2";"0";"0";"5";""
"201900004057";"138 298 896";"B01";"0";"7";"0";"1";"1";"1";"1";""
"201900004058";"138 298 894";"A01";"0";"36";"0";"0";"0";"0";"1";""
"201900004059";"138 298 892";"A01";"1";"33";"0";"2";"8";"5";"1";""
"201900004059";"138 298 893";"B01";"2";"7";"0";"2";"1";"1";"1";""
"201900004060";"138 298 890";"A01";"1";"7";"0";"2";"3";"18";"1";""
"201900004060";"138 298 891";"B01";"1";"1";"0";"0";"6";"15";"5";""
"201900004061";"138 298 888";"A01";"2";"14";"1";"0";"6";"24";"1";""
"201900004061";"138 298 889";"B01";"1";"13";"1";"0";"0";"0";"1";""
"201900004062";"138 298 886";"B01";"1";"2";"0";"2";"2";"15";"1";""
"201900004062";"138 298 887";"A01";"2";"7";"0";"2";"3";"1";"1";""
"201900004063";"138 298 883";"A01";"3";"1";"12";"0";"1";"26";"5";""
"201900004064";"138 298 881";"B01";"3";"33";"0";"2";"3";"1";"1";""
"201900004064";"138 298 882";"A01";"3";"7";"0";"2";"2";"16";"1";""
"201900004065";"138 298 880";"A01";"1";"80";"4";"0";"2";"1";"3";""
"201900004066";"138 298 878";"A01";"1";"34";"0";"2";"1";"1";"1";""
"201900004066";"138 298 879";"B01";"1";"33";"0";"2";"4";"1";"1";""
"201900004067";"138 298 876";"A01";"1";"7";"0";"2";"0";"0";"0";""
"201900004067";"138 298 877";"B01";"2";"33";"0";"2";"0";"0";"1";""
"201900004068";"138 298 875";"A01";"2";"20";"6";"0";"1";"15";"1";""
"201900004069";"138 298 874";"A01";"3";"10";"10";"1";"4";"23";"1";""
"201900004070";"138 298 872";"A01";"2";"7";"0";"2";"6";"16";"1";""
"201900004070";"138 298 873";"B01";"1";"7";"0";"2";"2";"2";"1";""
"201900004071";"138 298 870";"B01";"1";"7";"0";"2";"4";"23";"1";""
"201900004071";"138 298 871";"A01";"1";"7";"0";"2";"1";"2";"1";""
"201900004072";"138 298 868";"B01";"1";"31";"0";"2";"2";"3";"1";""
"201900004072";"138 298 869";"A01";"1";"10";"0";"2";"8";"11";"1";""
"201900004073";"138 298 866";"A01";"2";"7";"0";"2";"3";"1";"1";""
"201900004073";"138 298 867";"B01";"2";"14";"0";"2";"5";"1";"1";""
"201900004074";"138 298 864";"B01";"1";"43";"1";"2";"1";"18";"1";""
"201900004074";"138 298 865";"A01";"1";"7";"0";"2";"5";"22";"1";""
"201900004075";"138 298 861";"A01";"1";"7";"0";"2";"3";"1";"1";""
"201900004075";"138 298 862";"B01";"1";"7";"0";"2";"1";"1";"4";""
"201900004075";"138 298 863";"C01";"2";"2";"0";"2";"1";"23";"4";""
"201900004076";"138 298 859";"B01";"2";"7";"0";"2";"7";"16";"1";""
"201900004076";"138 298 860";"A01";"2";"30";"0";"2";"1";"18";"1";""
"201900004077";"138 298 858";"A01";"2";"10";"0";"1";"3";"1";"1";""
"201900004078";"138 298 857";"A01";"2";"7";"0";"1";"2";"17";"1";""
"201900004079";"138 298 855";"B01";"2";"80";"0";"2";"2";"17";"3";""
"201900004079";"138 298 856";"A01";"2";"14";"0";"2";"8";"22";"6";""
"201900004080";"138 298 854";"A01";"1";"10";"0";"1";"3";"16";"1";""
"201900004081";"138 298 852";"A01";"2";"2";"0";"2";"1";"15";"1";""
"201900004081";"138 298 853";"B01";"1";"43";"0";"2";"3";"1";"1";""
"201900004082";"138 298 850";"B01";"1";"2";"0";"2";"2";"1";"1";""
"201900004082";"138 298 851";"A01";"1";"7";"0";"2";"8";"22";"1";""
"201900004083";"138 298 848";"A01";"1";"2";"0";"2";"3";"1";"1";""
"201900004083";"138 298 849";"B01";"2";"7";"0";"2";"2";"15";"1";""
"201900004084";"138 298 846";"A01";"1";"33";"1";"2";"3";"18";"1";""
"201900004084";"138 298 847";"B01";"1";"7";"0";"2";"5";"14";"1";""
"201900004085";"138 298 844";"B01";"2";"30";"0";"2";"1";"17";"1";""
"201900004085";"138 298 845";"A01";"2";"7";"0";"2";"8";"22";"1";""
"201900004086";"138 298 842";"B01";"2";"7";"0";"2";"6";"15";"1";""
"201900004086";"138 298 843";"A01";"2";"31";"0";"2";"2";"1";"1";""
"201900004087";"138 298 840";"B01";"2";"33";"0";"2";"8";"1";"1";""
"201900004087";"138 298 841";"A01";"1";"30";"0";"2";"5";"15";"1";""
"201900004088";"138 298 838";"A01";"2";"1";"0";"2";"8";"13";"5";""
"201900004088";"138 298 839";"B01";"2";"1";"0";"2";"7";"17";"5";""
"201900004089";"138 298 837";"A01";"2";"10";"0";"1";"2";"1";"1";""
"201900004090";"138 298 835";"A01";"1";"33";"0";"2";"7";"23";"1";""
"201900004090";"138 298 836";"B01";"1";"7";"0";"2";"8";"1";"1";""
"201900004091";"138 298 834";"A01";"2";"7";"0";"1";"5";"15";"1";""
"201900004092";"138 298 833";"A01";"2";"10";"0";"1";"1";"16";"1";""
"201900004093";"138 298 831";"A01";"2";"7";"0";"2";"1";"16";"1";""
"201900004093";"138 298 832";"B01";"2";"1";"0";"2";"4";"1";"5";""
"201900004094";"138 298 830";"A01";"1";"1";"0";"1";"1";"1";"5";""
"201900004095";"138 298 829";"A01";"2";"14";"0";"1";"7";"16";"1";""
"201900004096";"138 298 827";"B01";"2";"7";"0";"2";"4";"23";"1";""
"201900004096";"138 298 828";"A01";"2";"33";"0";"2";"1";"1";"1";""
"201900004097";"138 298 825";"A01";"2";"7";"0";"2";"5";"12";"1";""
"201900004097";"138 298 826";"B01";"2";"7";"7";"2";"3";"1";"1";""
"201900004098";"138 298 824";"A01";"1";"10";"0";"1";"3";"1";"1";""
"201900004099";"138 298 822";"A01";"2";"7";"0";"1";"2";"14";"1";""
"201900004099";"138 298 823";"B01";"2";"10";"0";"1";"4";"13";"1";""
"201900004100";"138 298 820";"B01";"1";"33";"0";"2";"1";"1";"1";""
"201900004100";"138 298 821";"A01";"2";"7";"0";"2";"2";"15";"1";""
"201900004101";"138 298 818";"B01";"2";"10";"0";"2";"2";"14";"1";""
"201900004101";"138 298 819";"A01";"2";"7";"12";"2";"6";"18";"1";""
"201900004102";"138 298 817";"A01";"1";"31";"0";"2";"8";"21";"0";""
"201900004103";"138 298 816";"A01";"3";"37";"0";"2";"0";"9";"1";"2"
"201900004104";"138 298 814";"B01";"1";"7";"0";"2";"6";"23";"1";""
"201900004104";"138 298 815";"A01";"2";"34";"0";"2";"1";"1";"1";""
"201900004105";"138 298 812";"A01";"1";"30";"0";"2";"2";"17";"1";""
"201900004105";"138 298 813";"B01";"1";"10";"0";"2";"8";"2";"1";""
"201900004106";"138 298 811";"A01";"1";"33";"12";"0";"7";"15";"1";""
"201900004107";"138 298 807";"Y01";"1";"1";"0";"2";"1";"11";"5";""
"201900004107";"138 298 808";"C01";"2";"7";"0";"1";"3";"1";"0";""
"201900004107";"138 298 809";"B01";"1";"7";"0";"9";"6";"1";"0";""
"201900004107";"138 298 810";"A01";"1";"7";"0";"0";"0";"24";"0";""
"201900004108";"138 298 805";"B01";"2";"32";"0";"2";"2";"11";"0";""
"201900004108";"138 298 806";"A01";"2";"7";"0";"2";"6";"15";"1";""
"201900004109";"138 298 802";"C01";"1";"7";"0";"2";"8";"1";"1";""
"201900004109";"138 298 803";"B01";"2";"37";"0";"2";"1";"1";"1";"1"
"201900004109";"138 298 804";"A01";"1";"3";"0";"2";"1";"17";"1";""
"201900004110";"138 298 800";"D01";"0";"10";"0";"2";"1";"0";"0";""
"201900004110";"138 298 801";"A01";"3";"10";"0";"2";"1";"13";"0";""
"201900004111";"138 298 799";"A01";"0";"3";"0";"1";"1";"9";"0";""
"201900004112";"138 298 797";"B01";"3";"1";"0";"2";"9";"16";"5";""
"201900004112";"138 298 798";"A01";"1";"7";"0";"2";"3";"15";"0";""
"201900004113";"138 298 795";"B01";"2";"7";"0";"2";"3";"18";"1";""
"201900004113";"138 298 796";"A01";"2";"15";"0";"2";"2";"9";"1";""
"201900004114";"138 298 793";"B01";"3";"1";"0";"2";"8";"17";"5";""
"201900004114";"138 298 794";"A01";"2";"37";"0";"2";"7";"17";"1";"1"
"201900004115";"138 298 791";"B01";"2";"7";"0";"2";"5";"2";"1";""
"201900004115";"138 298 792";"A01";"2";"33";"0";"2";"1";"18";"1";""
"201900004116";"138 298 789";"Z01";"2";"7";"0";"2";"1";"15";"1";""
"201900004116";"138 298 790";"B01";"1";"2";"0";"2";"6";"1";"1";""
"201900004117";"138 298 787";"A01";"2";"30";"0";"2";"1";"1";"1";""
"201900004117";"138 298 788";"B01";"1";"7";"0";"2";"5";"1";"1";""
"201900004118";"138 298 786";"A01";"1";"7";"0";"1";"3";"15";"1";""
"201900004119";"138 298 784";"B01";"3";"1";"0";"0";"7";"0";"5";""
"201900004119";"138 298 785";"A01";"3";"7";"0";"2";"1";"16";"0";""
"201900004120";"138 298 782";"A01";"3";"7";"0";"2";"2";"15";"1";""
"201900004120";"138 298 783";"B01";"3";"34";"0";"2";"3";"1";"0";""
"201900004121";"138 298 780";"B01";"3";"33";"0";"2";"1";"1";"1";""
"201900004121";"138 298 781";"A01";"3";"10";"0";"2";"6";"23";"1";""
"201900004122";"138 298 778";"B01";"3";"32";"0";"2";"2";"5";"1";""
"201900004122";"138 298 779";"A01";"3";"10";"0";"2";"3";"15";"1";""
"201900004123";"138 298 777";"A01";"3";"31";"0";"1";"1";"1";"3";""
"201900004124";"138 298 773";"A01";"1";"1";"0";"0";"0";"21";"5";""
"201900004124";"138 298 774";"B01";"0";"7";"0";"2";"0";"0";" -1";""
"201900004125";"138 298 771";"A01";"1";"10";"0";"6";"1";"15";"1";""
"201900004125";"138 298 772";"B01";"2";"50";"0";"2";"8";"19";"3";""
"201900004126";"138 298 769";"A01";"2";"7";"0";"2";"1";"19";"6";""
"201900004126";"138 298 770";"B01";"1";"7";"0";"0";"3";"1";"6";""
"201900004127";"138 298 767";"B01";"3";"33";"1";"0";"3";"1";"1";""
"201900004127";"138 298 768";"A01";"3";"10";"0";"0";"4";"24";"1";""
"201900004128";"138 298 762";"A01";"2";"7";"4";"0";"6";"26";"1";""
"201900004128";"138 298 763";"E01";"2";"15";"0";"2";"4";"2";"1";""
"201900004128";"138 298 764";"D01";"2";"15";"0";"2";"1";"2";"1";""
"201900004128";"138 298 765";"C01";"2";"7";"0";"2";"1";"2";"1";""
"201900004128";"138 298 766";"B01";"2";"7";"0";"2";"1";"2";"1";""
"201900004129";"138 298 761";"A01";"2";"7";"13";"0";"2";"1";"1";""
"201900004130";"138 298 760";"A01";"2";"80";"12";"0";"1";"14";"3";""
"201900004131";"138 298 758";"B01";"2";"7";"0";"0";"6";"21";"0";""
"201900004131";"138 298 759";"A01";"1";"1";"0";"2";"1";"26";"5";""
"201900004132";"138 298 756";"B01";"1";"17";"0";"2";"4";"1";"1";""
"201900004132";"138 298 757";"A01";"1";"17";"4";"2";"1";"1";"1";""
"201900004133";"138 298 754";"A01";"1";"1";"0";"2";"8";"1";"5";""
"201900004133";"138 298 755";"B01";"2";"7";"0";"2";"1";"19";"1";""
"201900004134";"138 298 753";"A01";"2";"2";"0";"0";"3";"1";"1";""
"201900004135";"138 298 751";"A01";"2";"10";"0";"2";"1";"12";"6";""
"201900004135";"138 298 752";"B01";"2";"15";"0";"0";"6";"1";"1";""
"201900004136";"138 298 746";"A01";"1";"7";"0";"9";"1";"19";"1";""
"201900004136";"138 298 747";"B01";"2";"1";"0";"2";"6";"1";"5";""
"201900004137";"138 298 744";"B01";"2";"7";"0";"2";"7";"17";"1";""
"201900004137";"138 298 745";"A01";"1";"7";"0";"2";"8";"2";"1";""
"201900004138";"138 298 742";"B01";"3";"7";"0";"2";"3";"1";"1";""
"201900004138";"138 298 743";"A01";"3";"7";"0";"2";"3";"13";"1";""
"201900004139";"138 298 741";"A01";"3";"7";"0";"1";"1";"0";"0";""
"201900004140";"138 298 738";"A01";"2";"33";"1";"0";"0";"2";"1";""
"201900004141";"138 298 736";"A01";"3";"7";"0";"2";"3";"1";"0";""
"201900004141";"138 298 737";"B01";"3";"37";"0";"2";"8";"1";"0";"1"
"201900004142";"138 298 734";"B01";"1";"7";"14";"0";"1";"1";"1";""
"201900004142";"138 298 735";"A01";"1";"2";"9";"0";"1";"1";"1";""
"201900004143";"138 298 733";"A01";"1";"7";"0";"0";"9";"14";"3";""
"201900004144";"138 298 731";"A01";"1";"7";"0";"2";"2";"15";"0";""
"201900004144";"138 298 732";"B01";"2";"32";"0";"2";"1";"1";"0";""
"201900004145";"138 298 729";"B01";"3";"31";"0";"2";"8";"17";"1";""
"201900004145";"138 298 730";"A01";"3";"7";"0";"2";"6";"1";"1";""
"201900004146";"138 298 728";"A01";"3";"7";"6";"1";"1";"20";"1";""
"201900004147";"138 298 727";"A01";"0";"7";"13";"0";"3";"13";"1";""
"201900004148";"138 298 726";"A01";"1";"7";"2";"0";"1";"14";"1";""
"201900004149";"138 298 724";"A01";"3";"33";"0";"2";"1";"1";"0";""
"201900004149";"138 298 725";"B01";"3";"7";"0";"2";"1";"1";"1";""
"201900004150";"138 298 722";"A01";"1";"7";"0";"2";"7";"15";"1";""
"201900004150";"138 298 723";"B01";"2";"33";"0";"2";"1";"1";"1";""
"201900004151";"138 298 719";"C01";"3";"7";"0";"2";"3";"1";"1";""
"201900004151";"138 298 720";"B01";"3";"7";"0";"0";"6";"2";"1";""
"201900004151";"138 298 721";"A01";"3";"34";"0";"2";"1";"17";"0";""
"201900004152";"138 298 717";"A01";"2";"7";"0";"2";"2";"15";"1";""
"201900004152";"138 298 718";"B01";"1";"7";"0";"2";"3";"1";"1";""
"201900004153";"138 298 715";"A01";"1";"7";"0";"2";"6";"16";"1";""
"201900004153";"138 298 716";"B01";"1";"33";"0";"2";"1";"1";"1";""
"201900004154";"138 298 713";"B01";"2";"7";"0";"2";"3";"1";"1";""
"201900004154";"138 298 714";"A01";"1";"32";"0";"2";"1";"17";"1";""
"201900004155";"138 298 712";"A01";"3";"36";"2";"0";"9";"4";"1";""
"201900004156";"138 298 710";"B01";"1";"10";"0";"1";"2";"1";"1";""
"201900004156";"138 298 711";"A01";"2";"1";"0";"2";"1";"5";"5";""
"201900004157";"138 298 708";"B01";"1";"7";"0";"2";"2";"1";"1";""
"201900004157";"138 298 709";"A01";"1";"7";"0";"2";"3";"1";"1";""
"201900004158";"138 298 706";"A01";"1";"2";"0";"2";"3";"1";"1";""
"201900004158";"138 298 707";"B01";"2";"7";"0";"2";"7";"0";"0";""
"201900004159";"138 298 704";"A01";"0";"10";"0";"2";"2";"26";"1";""
"201900004159";"138 298 705";"B01";"0";"7";"0";"2";"1";"19";"1";""
"201900004160";"138 298 703";"A01";"2";"7";"0";"0";"3";"1";"1";""
"201900004161";"138 298 701";"A01";"1";"7";"0";"0";"8";"15";"1";""
"201900004161";"138 298 702";"B01";"1";"33";"8";"2";"2";"17";"1";""
"201900004162";"138 298 698";"A01";"0";"7";"0";"2";"3";"5";"1";""
"201900004162";"138 298 699";"B01";"0";"7";"0";"2";"8";"1";"1";""
"201900004162";"138 298 700";"C01";"0";"7";"0";"2";"1";"1";"1";""
"201900004163";"138 298 697";"A01";"2";"7";"0";"0";"0";"1";"1";""
"201900004164";"138 298 696";"A01";"2";"7";"2";"0";"0";"14";"1";""
"201900004165";"138 298 695";"A01";"2";"7";"0";"1";"1";"1";"1";""
"201900004166";"138 298 694";"A01";"1";"7";"2";"0";"3";"1";"0";""
"201900004167";"138 298 693";"A01";"1";"7";"7";"0";"9";"1";"1";""
"201900004168";"138 298 690";"A01";"1";"3";"0";"2";"1";"1";"1";""
"201900004168";"138 298 691";"B01";"2";"7";"0";"2";"1";"0";"1";""
"201900004168";"138 298 692";"C01";"1";"7";"0";"2";"1";"0";"1";""
"201900004169";"138 298 689";"A01";"1";"30";"0";"0";"0";"26";"0";""
"201900004170";"138 298 687";"B01";"0";"7";"0";"2";"3";"26";"1";""
"201900004170";"138 298 688";"A01";"0";"1";"0";"2";"1";"0";"5";""
"201900004171";"138 298 686";"A01";"3";"33";"0";"0";"3";"1";"1";""
"201900004172";"138 298 684";"B01";"3";"7";"0";"2";"3";"1";"1";""
"201900004172";"138 298 685";"A01";"3";"34";"0";"2";"0";"1";"1";""
"201900004173";"138 298 683";"A01";"3";"7";"0";"0";"9";"1";"1";""
"201900004174";"138 298 680";"C01";"2";"7";"0";"2";"1";"1";"1";""
"201900004174";"138 298 681";"B01";"1";"7";"0";"2";"8";"1";"1";""
"201900004174";"138 298 682";"A01";"1";"7";"0";"2";"1";"17";"1";""
"201900004175";"138 298 679";"A01";"0";"33";"0";"0";"0";"1";"1";""
"201900004176";"138 298 678";"A01";"2";"2";"12";"0";"3";"13";"1";""
"201900004177";"138 298 677";"A01";"3";"2";"6";"0";"1";"1";"1";""
"201900004178";"138 298 676";"A01";"1";"1";"12";"0";"2";"0";"0";""
"201900004179";"138 298 675";"A01";"2";"33";"8";"0";"7";"17";"1";""
"201900004180";"138 298 673";"B01";"2";"2";"0";"2";"1";"1";"1";""
"201900004180";"138 298 674";"A01";"1";"7";"0";"2";"7";"15";"1";""
"201900004181";"138 298 672";"A01";"2";"1";"0";"9";"0";"1";"5";""
"201900004182";"138 298 670";"B01";"1";"33";"0";"2";"1";"1";"1";""
"201900004182";"138 298 671";"A01";"1";"7";"0";"2";"3";"10";"1";""
"201900004183";"138 298 669";"A01";"1";"7";"0";"0";"9";"1";"1";""
"201900004184";"138 298 667";"B01";"3";"33";"0";"0";"1";"1";"1";""
"201900004184";"138 298 668";"A01";"3";"2";"0";"2";"8";"15";"1";""
"201900004185";"138 298 666";"A01";"1";"7";"2";"0";"1";"1";"1";""
"201900004186";"138 298 664";"B01";"1";"1";"0";"0";"4";"9";"5";""
"201900004186";"138 298 665";"A01";"1";"7";"0";"2";"2";"9";"1";""
"201900004187";"138 298 661";"B01";"2";"34";"0";"2";"1";"1";"1";""
"201900004187";"138 298 662";"A01";"2";"7";"0";"2";"5";"1";"1";""
"201900004188";"138 298 659";"A01";"2";"10";"0";"2";"1";"1";"1";""
"201900004188";"138 298 660";"B01";"2";"7";"0";"2";"4";"1";"1";""
"201900004189";"138 298 658";"A01";"1";"7";"0";"0";"9";"0";"1";""
"201900004190";"138 298 655";"C01";"2";"7";"0";"2";"1";"1";"1";""
"201900004190";"138 298 656";"B01";"2";"10";"0";"2";"9";"23";"1";""
"201900004190";"138 298 657";"A01";"2";"7";"0";"2";"4";"23";"1";""
"201900004191";"138 298 653";"B01";"2";"7";"0";"2";"4";"23";"1";""
"201900004191";"138 298 654";"A01";"2";"7";"0";"2";"1";"2";"1";""
"201900004192";"138 298 652";"A01";"2";"33";"15";"0";"1";"14";"1";""
"201900004193";"138 298 649";"B01";"2";"10";"0";"2";"4";"23";"0";""
"201900004193";"138 298 650";"A01";"2";"10";"0";"2";"1";"2";"0";""
"201900004194";"138 298 646";"B01";"1";"7";"4";"2";"4";"1";"1";""
"201900004194";"138 298 647";"A01";"1";"7";"0";"2";"1";"2";"1";""
"201900004195";"138 298 645";"A01";"2";"7";"0";"0";"9";"14";"1";""
"201900004196";"138 298 643";"A01";"2";"7";"4";"2";"1";"13";"1";""
"201900004196";"138 298 644";"B01";"2";"7";"0";"2";"3";"1";"1";""
"201900004197";"138 298 642";"A01";"1";"33";"4";"0";"0";"3";"1";""
"201900004198";"138 298 638";"B01";"1";"7";"0";"2";"2";"1";"1";""
"201900004198";"138 298 639";"A01";"1";"33";"0";"2";"1";"3";"1";""
"201900004198";"138 298 640";"D01";"1";"13";"0";"2";"6";"1";"1";""
"201900004198";"138 298 641";"C01";"1";"7";"0";"2";"3";"1";"1";""
"201900004199";"138 298 635";"B01";"2";"7";"0";"2";"3";"1";"0";""
"201900004199";"138 298 636";"A01";"1";"7";"0";"2";"7";"17";"1";""
"201900004199";"138 298 637";"C01";"1";"37";"0";"2";"8";"14";"1";"5"
"201900004200";"138 298 627";"A01";"2";"33";"0";"2";"8";"17";"1";""
"201900004200";"138 298 628";"B01";"2";"10";"0";"2";"8";"1";"1";""
"201900004201";"138 298 625";"B01";"3";"1";"0";"2";"8";"19";"5";""
"201900004201";"138 298 626";"A01";"2";"7";"0";"6";"1";"16";"1";""
"201900004202";"138 298 624";"A01";"1";"30";"0";"1";"8";"13";"1";""
"201900004203";"138 298 623";"A01";"0";"7";"0";"1";"0";"1";"1";""
"201900004204";"138 298 619";"A01";"2";"10";"0";"2";"3";"1";"1";""
"201900004204";"138 298 620";"B01";"2";"7";"0";"2";"8";"1";"1";""
"201900004205";"138 298 617";"B01";"3";"34";"0";"2";"1";"1";"1";""
"201900004205";"138 298 618";"A01";"3";"7";"0";"2";"0";"10";"1";""
"201900004206";"138 298 615";"B01";"3";"1";"0";"2";"8";"25";"5";""
"201900004206";"138 298 616";"A01";"3";"7";"0";"2";"1";"25";"1";""
"201900004207";"138 298 614";"A01";"2";"1";"0";"0";"0";"1";"5";""
"201900004208";"138 298 609";"A01";"1";"7";"0";"2";"1";"1";"1";""
"201900004208";"138 298 610";"C01";"1";"7";"0";"2";"4";"0";"1";""
"201900004208";"138 298 611";"E01";"1";"7";"0";"2";"4";"0";"1";""
"201900004208";"138 298 612";"B01";"1";"7";"0";"2";"4";"0";"1";""
"201900004208";"138 298 613";"D01";"1";"7";"0";"2";"4";"0";"1";""
"201900004209";"138 298 608";"A01";"2";"33";"0";"0";"9";"26";"1";""
"201900004210";"138 298 606";"Z01";"2";"7";"0";"2";"1";"0";"1";""
"201900004210";"138 298 607";"A01";"2";"7";"0";"2";"6";"26";"1";""
"201900004211";"138 298 598";"B01";"1";"7";"0";"2";"2";"2";"1";""
"201900004211";"138 298 599";"A01";"1";"32";"0";"2";"1";"9";"1";""
"201900004212";"138 298 597";"A01";"1";"7";"0";"1";"1";"15";"1";""
"201900004213";"138 298 596";"A01";"1";"10";"0";"1";"3";"1";"1";""
"201900004214";"138 298 595";"A01";"2";"30";"15";"0";"1";"1";"1";""
"201900004215";"138 298 594";"A01";"2";"3";"1";"0";"1";"1";"1";""
"201900004216";"138 298 593";"A01";"1";"30";"0";"0";"0";"26";"1";""
"201900004217";"138 298 592";"A01";"2";"7";"12";"0";"1";"14";"1";""
"201900004218";"138 298 590";"A01";"2";"33";"0";"2";"1";"2";"1";""
"201900004218";"138 298 591";"B01";"2";"7";"7";"0";"4";"23";"1";""
"201900004219";"138 298 588";"A01";"3";"31";"0";"2";"8";"18";"0";""
"201900004219";"138 298 589";"B01";"0";"7";"0";"2";"7";"23";"0";""
"201900004220";"138 298 586";"B01";"2";"7";"0";"2";"8";"1";"0";""
"201900004220";"138 298 587";"Z01";"2";"99";"0";"6";"7";"1";"0";""
"201900004221";"138 298 584";"B01";"2";"1";"0";"2";"5";"1";"0";""
"201900004221";"138 298 585";"A01";"1";"7";"0";"2";"3";"9";"0";""
"201900004222";"138 298 583";"A01";"2";"1";"0";"1";"0";"1";"0";""
"201900004223";"138 298 582";"A01";"1";"7";"1";"1";"1";"14";"6";""
"201900004224";"138 298 580";"A01";"1";"31";"12";"1";"1";"17";"6";""
"201900004224";"138 298 581";"B01";"1";"7";"2";"1";"8";"15";"0";""