"Num_Acc";"id_vehicule";"num_veh";"senc";"catv";"obs";"obsm";"choc";"manv";"motor";"occutc"
"201900004637";"138 297 773";"B01";"3";"33";"0";"0";"0";"0";"1";""
"201900004637";"138 297 774";"A01";"3";"7";"0";"0";"0";"0";"1";""
"201900004638";"138 297 771";"B01";"3";"2";"0";"2";"1";"1";"1";""
"201900004638";"138 297 772";"A01";"3";"7";"0";"2";"1";"15";"1";""
"201900004639";"138 297 768";"A01";"0";"7";"0";"1";"1";"15";"1";""
"201900004640";"138 297 766";"B01";"2";"7";"0";"2";"6";"19";"1";""
"201900004640";"138 297 767";"A01";"1";"33";"0";"2";"1";"1";"1";""
"201900004641";"138 297 765";"A01";"0";"7";"0";"1";"2";"1";"1";""
"201900004642";"138 297 763";"A01";"0";"7";"0";"2";"1";"9";"1";""
"201900004642";"138 297 764";"B01";"0";"7";"0";"2";"0";"1";"1";""
"201900004643";"138 297 762";"A01";"2";"7";"0";"1";"2";"1";"1";""
"201900004644";"138 297 759";"B01";"0";"7";"0";"2";"4";"2";"0";""
"201900004644";"138 297 760";"C01";"3";"7";"0";"2";"4";"2";"0";""
"201900004644";"138 297 761";"A01";"3";"7";"0";"2";"1";"2";"0";""
"201900004645";"138 297 758";"A01";"0";"7";"0";"1";"2";"1";"0";""
"201900004646";"138 297 757";"A01";"1";"30";"0";"1";"1";"2";"0";""
"201900004647";"138 297 754";"A01";"2";"7";"0";"1";"1";"2";"1";""
"201900004648";"138 297 752";"B01";"3";"7";"0";"2";"7";"2";"1";""
"201900004648";"138 297 753";"A01";"3";"33";"0";"2";"8";"2";"1";""
"201900004649";"138 297 751";"A01";"3";"50";"0";"0";"0";"0";"1";""
"201900004650";"138 297 749";"B01";"2";"33";"0";"2";"1";"1";"1";""
"201900004650";"138 297 750";"A01";"2";"7";"0";"2";"6";"15";"1";""
"201900004651";"138 297 747";"A01";"3";"31";"0";"2";"1";"14";"0";""
"201900004651";"138 297 748";"B01";"3";"7";"0";"2";"5";"2";"0";""
"201900004652";"138 297 746";"A01";"2";"7";"0";"1";"3";"1";"1";""
"201900004653";"138 297 744";"A01";"1";"7";"12";"2";"1";"1";"1";""
"201900004653";"138 297 745";"B01";"1";"7";"0";"2";"1";"1";"1";""
"201900004654";"138 297 742";"B01";"1";"33";"0";"2";"1";"1";"1";""
"201900004654";"138 297 743";"A01";"2";"7";"0";"2";"3";"15";"1";""
"201900004655";"138 297 739";"B01";"2";"17";"0";"2";"8";"24";"1";""
"201900004655";"138 297 740";"C01";"2";"13";"0";"2";"1";"1";"1";""
"201900004655";"138 297 741";"A01";"2";"7";"1";"2";"1";"14";"1";""
"201900004656";"138 297 737";"B01";"2";"10";"0";"2";"4";"2";"1";""
"201900004656";"138 297 738";"A01";"2";"7";"0";"2";"1";"2";"1";""
"201900004657";"138 297 735";"B01";"3";"7";"0";"2";"1";"1";"1";""
"201900004657";"138 297 736";"A01";"3";"7";"0";"2";"1";"13";"1";""
"201900004658";"138 297 734";"A01";"1";"30";"0";"1";"1";"17";"1";""
"201900004659";"138 297 732";"B01";"2";"7";"0";"2";"1";"1";"0";""
"201900004659";"138 297 733";"A01";"1";"7";"0";"2";"8";"19";"1";""
"201900004660";"138 297 730";"A01";"2";"30";"0";"2";"1";"1";"1";""
"201900004660";"138 297 731";"B01";"1";"7";"0";"2";"3";"15";"1";""
"201900004661";"138 297 727";"B01";"2";"7";"0";"2";"1";"1";"1";""
"201900004661";"138 297 728";"C01";"1";"7";"0";"2";"3";"1";"1";""
"201900004661";"138 297 729";"A01";"1";"7";"0";"2";"1";"15";"1";""
"201900004662";"138 297 726";"A01";"3";"33";"0";"0";"1";"1";"1";""
"201900004663";"138 297 724";"A01";"1";"7";"0";"2";"1";"1";"1";""
"201900004663";"138 297 725";"B01";"1";"7";"0";"2";"4";"1";"1";""
"201900004664";"138 297 723";"A01";"1";"33";"3";"0";"1";"1";"1";""
"201900004665";"138 297 721";"B01";"2";"30";"0";"2";"1";"2";"1";""
"201900004665";"138 297 722";"A01";"1";"30";"0";"2";"1";"5";"1";""
"201900004666";"138 297 719";"A01";"1";"32";"0";"2";"1";"17";"1";""
"201900004666";"138 297 720";"B01";"2";"7";"0";"2";"0";"0";"1";""
"201900004667";"138 297 717";"B01";"1";"7";"0";"2";"8";"19";"1";""
"201900004667";"138 297 718";"A01";"1";"33";"0";"2";"1";"17";"1";""
"201900004668";"138 297 714";"C01";"1";"7";"0";"2";"4";"15";"1";""
"201900004668";"138 297 715";"B01";"1";"7";"0";"2";"4";"0";"1";""
"201900004668";"138 297 716";"A01";"1";"7";"0";"2";"1";"26";"1";""
"201900004669";"138 297 712";"B01";"1";"7";"0";"2";"1";"2";"1";""
"201900004669";"138 297 713";"A01";"1";"34";"0";"2";"4";"2";"1";""
"201900004670";"138 297 710";"B01";"2";"7";"0";"2";"3";"13";"1";""
"201900004670";"138 297 711";"A01";"1";"34";"0";"2";"7";"14";"1";""
"201900004671";"138 297 707";"B01";"2";"1";"0";"2";"1";"1";"5";""
"201900004671";"138 297 708";"A01";"2";"14";"0";"2";"7";"16";"1";""
"201900004672";"138 297 703";"B01";"1";"2";"0";"2";"1";"1";"1";""
"201900004672";"138 297 704";"A01";"1";"7";"0";"2";"3";"1";"1";""
"201900004673";"138 297 701";"A01";"0";"7";"0";"2";"1";"1";"1";""
"201900004673";"138 297 702";"B01";"0";"7";"0";"2";"0";"1";"1";""
"201900004674";"138 297 687";"A01";"1";"1";"0";"2";"1";"15";"5";""
"201900004674";"138 297 688";"B01";"2";"7";"0";"2";"2";"1";"1";""
"201900004675";"138 297 686";"A01";"2";"7";"15";"0";"1";"1";"0";""
"201900004676";"138 297 685";"A01";"2";"7";"0";"1";"1";"1";"1";""
"201900004677";"138 297 683";"A01";"1";"7";"0";"2";"2";"15";"1";""
"201900004677";"138 297 684";"B01";"2";"1";"0";"2";"1";"1";"0";""
"201900004678";"138 297 681";"D01";"1";"10";"0";"2";"2";"10";" -1";""
"201900004678";"138 297 682";"C01";"2";"32";"1";"2";"1";"1";" -1";""
"201900004679";"138 297 679";"B01";"3";"7";"0";"2";"1";"1";"1";""
"201900004679";"138 297 680";"A01";"1";"7";"0";"2";"3";"21";"1";""
"201900004680";"138 297 678";"A01";"2";"33";"4";"0";"2";"14";"1";""
"201900004681";"138 297 676";"A01";"2";"7";"0";"2";"1";"1";"1";""
"201900004681";"138 297 677";"B01";"1";"7";"0";"2";"3";"1";"1";""
"201900004682";"138 297 675";"A01";"2";"7";"0";"1";"8";"1";"1";""
"201900004683";"138 297 674";"A01";"2";"7";"0";"1";"3";"2";"1";""
"201900004684";"138 297 671";"A01";"3";"7";"0";"1";"1";"26";"1";""
"201900004685";"138 297 668";"A01";"1";"7";"6";"1";"2";"9";"1";""
"201900004686";"138 297 659";"A01";"1";"1";"0";"2";"8";"15";"5";""
"201900004686";"138 297 660";"B01";"1";"7";"0";"2";"2";"1";"1";""
"201900004687";"138 297 656";"B01";"2";"7";"0";"2";"1";"15";"1";""
"201900004687";"138 297 657";"C01";"2";"3";"0";"2";"1";"1";"1";""
"201900004687";"138 297 658";"A01";"1";"7";"0";"2";"0";"0";"1";""
"201900004688";"138 297 654";"B01";"2";"1";"0";"2";"1";"1";"5";""
"201900004688";"138 297 655";"A01";"2";"7";"0";"2";"2";"16";"1";""
"201900004689";"138 297 652";"A01";"1";"1";"0";"2";"1";"9";"5";""
"201900004689";"138 297 653";"B01";"1";"7";"0";"2";"2";"1";"1";""
"201900004690";"138 297 649";"A01";"1";"7";"0";"2";"1";"2";"1";""
"201900004690";"138 297 650";"C01";"1";"7";"0";"2";"4";"2";"1";""
"201900004690";"138 297 651";"B01";"1";"7";"0";"2";"4";"2";"0";""
"201900004691";"138 297 645";"Z01";"1";"7";"0";"1";"1";"2";"0";""
"201900004692";"138 297 642";"A01";"3";"7";"0";"2";"4";"26";"1";""
"201900004692";"138 297 643";"C01";"3";"7";"0";"2";"1";"23";"1";""
"201900004692";"138 297 644";"B01";"0";"7";"0";"2";"4";"23";"1";""
"201900004693";"138 297 639";"B01";"1";"7";"0";"2";"3";"0";"6";""
"201900004693";"138 297 640";"A01";"1";"7";"13";"6";"3";"2";"6";""
"201900004694";"138 297 637";"A01";"2";"31";"0";"2";"1";"17";"1";""
"201900004694";"138 297 638";"B01";"2";"7";"0";"2";"3";"1";"1";""
"201900004695";"138 297 635";"A01";"3";"30";"0";"2";"1";"1";"1";""
"201900004695";"138 297 636";"B01";"3";"7";"0";"2";"1";"1";"1";""
"201900004696";"138 297 633";"A01";"2";"7";"0";"2";"1";"15";"1";""
"201900004696";"138 297 634";"B01";"1";"7";"0";"2";"1";"1";"1";""
"201900004697";"138 297 631";"B01";"3";"7";"0";"2";"3";"19";"1";""
"201900004697";"138 297 632";"A01";"3";"10";"0";"2";"2";"19";"1";""
"201900004698";"138 297 626";"A01";"1";"7";"1";"1";"1";"1";"1";""
"201900004699";"138 297 624";"A01";"3";"99";"0";"2";"1";"9";"1";""
"201900004699";"138 297 625";"B01";"1";"7";"0";"2";"8";"1";"1";""
"201900004700";"138 297 621";"B01";"3";"7";"0";"2";"4";"23";"1";""
"201900004700";"138 297 622";"C01";"3";"7";"0";"2";"4";"23";"1";""
"201900004700";"138 297 623";"A01";"3";"7";"0";"2";"1";"26";"1";""
"201900004701";"138 297 619";"B01";"1";"7";"0";"2";"1";"1";"6";""
"201900004701";"138 297 620";"A01";"2";"7";"0";"2";"1";"1";"6";""
"201900004702";"138 297 617";"B01";"2";"7";"0";"2";"5";"16";"1";""
"201900004702";"138 297 618";"A01";"2";"31";"0";"2";"1";"5";"1";""
"201900004703";"138 297 616";"A01";"3";"2";"14";"0";"1";"1";"1";""
"201900004704";"138 297 613";"B01";"2";"7";"14";"2";"4";"23";"1";""
"201900004704";"138 297 614";"C01";"2";"7";"0";"2";"4";"23";"1";""
"201900004704";"138 297 615";"A01";"2";"7";"14";"0";"4";"26";"1";""
"201900004705";"138 297 611";"A01";"2";"7";"0";"2";"1";"17";"1";""
"201900004705";"138 297 612";"B01";"2";"7";"6";"0";"6";"15";"1";""
"201900004706";"138 297 609";"B01";"1";"1";"0";"2";"1";"18";"5";""
"201900004706";"138 297 610";"A01";"1";"7";"0";"2";"2";"16";"1";""
"201900004707";"138 297 604";"A01";"1";"33";"0";"1";"0";"21";"1";""
"201900004708";"138 297 602";"A01";"1";"7";"0";"2";"2";"1";"1";""
"201900004708";"138 297 603";"B01";"2";"1";"0";"2";"0";"0";"0";""
"201900004709";"138 297 600";"A01";"1";"7";"0";"2";"5";"16";"1";""
"201900004709";"138 297 601";"B01";"2";"31";"0";"2";"1";"14";"1";""
"201900004710";"138 297 598";"B01";"1";"7";"0";"2";"4";"2";"1";""
"201900004710";"138 297 599";"A01";"1";"7";"0";"2";"1";"2";"1";""
"201900004711";"138 297 596";"B01";"2";"1";"0";" -1";"3";"19";"5";""
"201900004711";"138 297 597";"A01";"1";"40";"0";"2";"2";"1";"3";""
"201900004712";"138 297 595";"A01";"1";"40";"0";"1";"1";"1";"3";""
"201900004713";"138 297 594";"A01";"1";"1";"0";"1";"0";"1";"5";""
"201900004714";"138 297 592";"A01";"1";"1";"0";"2";"7";"1";"5";""
"201900004714";"138 297 593";"Z01";"1";"7";"0";"2";"1";"15";"1";""
"201900004715";"138 297 591";"A01";"1";"10";"0";"1";"4";"4";"1";""
"201900004716";"138 297 590";"A01";"1";"7";"0";"1";"2";"1";"1";""
"201900004717";"138 297 588";"B01";"1";"7";"0";"2";"3";"15";"1";""
"201900004717";"138 297 589";"A01";"1";"10";"0";"2";"2";"1";"1";""
"201900004718";"138 297 587";"A01";"0";"7";"0";"1";"1";"1";"1";""
"201900004719";"138 297 585";"A01";"0";"1";"0";"2";"1";"1";"5";""
"201900004719";"138 297 586";"B01";"3";"7";"0";"2";"8";"1";"1";""
"201900004720";"138 297 584";"A01";"1";"7";"0";"0";"1";"0";"1";""
"201900004721";"138 297 582";"A01";"2";"7";"0";"2";"1";"1";"1";""
"201900004721";"138 297 583";"B01";"2";"7";"0";"2";"4";"1";"1";""
"201900004722";"138 297 580";"A01";"2";"7";"0";"2";"1";"9";"1";""
"201900004722";"138 297 581";"B01";"2";"1";"0";"2";"1";"1";"5";""
"201900004723";"138 297 578";"B01";"1";"7";"0";"2";"4";"2";"0";""
"201900004723";"138 297 579";"A01";"1";"7";"0";"2";"1";"2";"0";""
"201900004724";"138 297 576";"B01";"1";"33";"6";"0";"1";"17";"1";""
"201900004724";"138 297 577";"A01";"1";"7";"0";"0";"0";"15";"1";""
"201900004725";"138 297 575";"A01";"2";"7";"8";"0";"1";"1";"1";""
"201900004726";"138 297 573";"B01";"1";"33";"0";"2";"1";"2";"1";""
"201900004726";"138 297 574";"A01";"2";"7";"0";"2";"3";"15";"1";""
"201900004727";"138 297 572";"A01";"1";"32";"0";"0";"0";"26";"0";""
"201900004728";"138 297 571";"A01";"2";"1";"12";"0";"1";"11";"5";""
"201900004729";"138 297 569";"B01";"2";"1";"1";"0";"1";"1";"5";""
"201900004729";"138 297 570";"A01";"2";"7";"0";"2";"8";"22";"1";""
"201900004730";"138 297 568";"A01";"2";"30";"16";"0";"8";"21";"1";""
"201900004731";"138 297 567";"A01";"2";"7";"1";"0";"1";"14";"1";""
"201900004732";"138 297 566";"A01";"1";"33";"7";"0";"1";"17";"1";""
"201900004733";"138 297 564";"B01";"1";"38";"0";"2";"3";"1";"1";"1"
"201900004733";"138 297 565";"A01";"2";"7";"0";"2";"1";"13";"1";""
"201900004734";"138 297 560";"A01";"1";"7";"0";"2";"1";"26";"1";""
"201900004734";"138 297 561";"C01";"1";"7";"0";"2";"4";"2";"1";""
"201900004734";"138 297 562";"B01";"2";"7";"0";"2";"3";"1";"1";""
"201900004734";"138 297 563";"D01";"1";"7";"0";"2";"4";"2";"1";""
"201900004735";"138 297 558";"A01";"2";"14";"0";"2";"8";"10";"1";""
"201900004735";"138 297 559";"B01";"2";"43";"0";"2";"1";"17";"1";""
"201900004736";"138 297 556";"B01";"1";"2";"0";"2";"6";"15";"1";""
"201900004736";"138 297 557";"A01";"1";"33";"0";"2";"1";"26";"1";""
"201900004737";"138 297 554";"A01";"1";"7";"0";"2";"3";"1";"1";""
"201900004737";"138 297 555";"B01";"1";"1";"0";"2";"1";"5";"5";""
"201900004738";"138 297 551";"B01";"1";"7";"0";"2";"4";"26";"1";""
"201900004738";"138 297 552";"A01";"1";"33";"0";"2";"4";"26";"6";""
"201900004739";"138 297 550";"A01";"1";"7";"0";"1";"2";"1";"1";""
"201900004740";"138 297 549";"A01";"1";"7";"0";"1";"2";"1";"1";""
"201900004741";"138 297 547";"B01";"2";"7";"0";"2";"8";"1";"1";""
"201900004741";"138 297 548";"A01";"1";"7";"0";"2";"1";"1";"1";""
"201900004742";"138 297 543";"B01";"3";"1";"0";"2";"8";"19";"5";""
"201900004742";"138 297 544";"A01";"1";"7";"0";"2";"1";"1";"2";""
"201900004743";"138 297 539";"A01";"1";"7";"0";"2";"0";"0";"1";""
"201900004743";"138 297 540";"B01";"2";"2";"0";"0";"0";"0";"1";""
"201900004744";"138 297 536";"Z01";"3";"10";"0";"1";"1";"0";"0";""
"201900004745";"138 297 534";"A01";"0";"7";"9";"2";"4";"20";"1";""
"201900004745";"138 297 535";"B01";"1";"1";"0";"2";"7";"17";"5";""
"201900004746";"138 297 532";"A01";"3";"7";"0";"2";"3";"19";"1";""
"201900004746";"138 297 533";"B01";"3";"37";"0";"2";"7";"1";"6";"1"
"201900004747";"138 297 531";"A01";"3";"7";"0";"1";"1";"26";"0";""
"201900004748";"138 297 529";"A01";"3";"7";"0";"2";"1";"15";"1";""
"201900004748";"138 297 530";"B01";"3";"33";"0";"2";"1";"1";"1";""
"201900004749";"138 297 528";"A01";"3";"30";"0";"0";"1";"1";"1";""
"201900004750";"138 297 527";"A01";"1";"32";"1";"0";"1";"0";"1";""
"201900004751";"138 297 525";"B01";"1";"2";"0";"2";"0";"1";"1";""
"201900004751";"138 297 526";"A01";"2";"7";"0";"2";"8";"10";"1";""
"201900004752";"138 297 523";"B01";"2";"21";"0";"2";"3";"0";"1";""
"201900004752";"138 297 524";"A01";"1";"33";"0";"2";"3";"13";"1";""
"201900004753";"138 297 522";"A01";"1";"32";"16";"0";"8";"1";"1";""
"201900004754";"138 297 521";"A01";"1";"7";"0";"1";"2";"17";"0";""
"201900004755";"138 297 519";"B01";"2";"10";"0";"2";"8";"1";"1";""
"201900004755";"138 297 520";"A01";"1";"7";"0";"2";"1";"19";"1";""
"201900004756";"138 297 518";"A01";"1";"2";"6";"0";"0";"1";"1";""
"201900004757";"138 297 516";"A01";"2";"10";"0";"2";"3";"1";"1";""
"201900004757";"138 297 517";"B01";"1";"7";"0";"0";"8";"15";"1";""
"201900004758";"138 297 514";"A01";"0";"7";"0";"1";"5";"20";"0";""
"201900004759";"138 297 512";"A01";"3";"21";"0";"2";"1";"1";"1";""
"201900004759";"138 297 513";"C01";"3";"14";"0";"2";"1";"1";"1";""
"201900004760";"138 297 510";"B01";"2";"1";"0";"2";"1";"1";"5";""
"201900004760";"138 297 511";"A01";"1";"7";"0";"9";"2";"15";"1";""
"201900004761";"138 297 509";"A01";"1";"7";"0";"0";"6";"0";"1";""
"201900004762";"138 297 507";"A01";"2";"31";"0";"2";"1";"1";"1";""
"201900004762";"138 297 508";"B01";"3";"7";"0";"2";"3";"1";"1";""
"201900004763";"138 297 506";"A01";"2";"7";"0";"1";"4";"26";"1";""
"201900004764";"138 297 504";"A01";"2";"10";"0";"2";"1";"17";"1";""
"201900004764";"138 297 505";"B01";"1";"7";"0";"2";"1";"1";"1";""
"201900004765";"138 297 503";"A01";"2";"7";"4";"0";"3";"1";"1";""
"201900004766";"138 297 502";"A01";"2";"7";"3";"0";"1";"13";"1";""
"201900004767";"138 297 500";"B01";"2";"33";"0";"2";"7";"1";"1";""
"201900004767";"138 297 501";"A01";"2";"7";"0";"2";"8";"11";"1";""
"201900004768";"138 297 497";"C01";"1";"31";"0";"2";"1";"0";"1";""
"201900004768";"138 297 498";"B01";"1";"15";"0";"2";"2";"1";"1";""
"201900004768";"138 297 499";"A01";"1";"7";"0";"2";"8";"9";"1";""
"201900004769";"138 297 491";"A01";"1";"7";"0";"2";"1";"2";"1";""
"201900004769";"138 297 492";"B01";"1";"7";"0";"2";"4";"2";"1";""
"201900004769";"138 297 493";"C01";"1";"7";"0";"2";"1";"2";"1";""
"201900004769";"138 297 494";"D01";"1";"7";"0";"2";"1";"2";"1";""
"201900004769";"138 297 495";"E01";"1";"7";"0";"0";"0";"0";"0";""
"201900004769";"138 297 496";"F01";"1";"7";"0";"2";"1";"2";"1";""
"201900004770";"138 297 487";"A01";"2";"7";"0";"2";"1";"2";"1";""
"201900004770";"138 297 488";"B01";"2";"7";"0";"2";"4";"2";"1";""
"201900004770";"138 297 489";"C01";"2";"7";"0";"2";"4";"2";"1";""
"201900004770";"138 297 490";"D01";"2";"10";"0";"2";"1";"2";"1";""
"201900004771";"138 297 485";"B01";"3";"7";"0";"2";"6";"2";"3";""
"201900004771";"138 297 486";"A01";"3";"31";"0";"2";"6";"2";"1";""
"201900004772";"138 297 483";"B01";"1";"7";"0";"2";"4";"2";"1";""
"201900004772";"138 297 484";"A01";"1";"7";"0";"2";"1";"2";"1";""
"201900004773";"138 297 481";"B01";"2";"13";"0";"2";"6";"2";"1";""
"201900004773";"138 297 482";"A01";"2";"7";"0";"2";"1";"1";"1";""
"201900004774";"138 297 480";"A01";"2";"7";"4";"0";"1";"1";"1";""
"201900004775";"138 297 479";"A01";"1";"43";"0";"0";"9";"1";"1";""
"201900004776";"138 297 478";"A01";"2";"7";"4";"0";"1";"13";"1";""
"201900004777";"138 297 476";"B01";"2";"7";"0";"2";"1";"21";"1";""
"201900004777";"138 297 477";"A01";"2";"7";"0";"2";"6";"2";"1";""
"201900004778";"138 297 474";"A01";"2";"15";"0";"2";"8";"1";"1";""
"201900004778";"138 297 475";"B01";"2";"7";"0";"2";"2";"17";"1";""
"201900004779";"138 297 472";"B01";"2";"15";"0";"2";"2";"11";"1";""
"201900004779";"138 297 473";"A01";"2";"7";"0";"2";"6";"1";"1";""
"201900004780";"138 297 470";"B01";"3";"1";"0";"2";"7";"1";"5";""
"201900004780";"138 297 471";"A01";"3";"7";"0";"6";"1";"9";"1";""
"201900004781";"138 297 468";"A01";"1";"7";"0";"1";"2";"1";"1";""
"201900004781";"138 297 469";"B01";"2";"60";"0";"2";"1";"5";"5";""
"201900004782";"138 297 466";"A01";"1";"7";"0";"2";"1";"1";"1";""
"201900004782";"138 297 467";"B01";"1";"1";"0";"2";"1";"1";"5";""
"201900004783";"138 297 465";"A01";"0";"7";"11";"0";"1";"1";"1";""
"201900004784";"138 297 462";"B01";"3";"10";"0";"2";"7";"1";"1";""
"201900004784";"138 297 463";"A01";"3";"10";"0";"2";"1";"1";"1";""
"201900004785";"138 297 461";"Z01";"1";"7";"0";"1";"2";"1";"0";""
"201900004786";"138 297 458";"A01";"2";"7";"0";"2";"4";"23";"1";""
"201900004786";"138 297 459";"B01";"2";"7";"1";"0";"1";"2";"1";""
"201900004786";"138 297 460";"C01";"2";"7";"0";"2";"1";"2";"1";""
"201900004787";"138 297 456";"B01";"1";"1";"1";"2";"1";"18";"5";""
"201900004787";"138 297 457";"A01";"1";"7";"0";"2";"7";"22";"1";""
"201900004788";"138 297 454";"A01";"2";"7";"0";"2";"3";"19";"1";""
"201900004788";"138 297 455";"B01";"2";"7";"0";"2";"2";"1";"1";""
"201900004789";"138 297 450";"A01";"3";"7";"0";"2";"8";"9";"1";""
"201900004789";"138 297 451";"B01";"2";"7";"0";"2";"5";"0";"0";""
"201900004790";"138 297 449";"A01";"2";"7";"0";"1";"1";"1";"1";""
"201900004791";"138 297 447";"A01";"2";"7";"0";"2";"1";"1";"0";""
"201900004791";"138 297 448";"B01";"1";"7";"0";"2";"7";"19";"1";""
"201900004792";"138 297 446";"A01";"3";"7";"1";"1";"2";"1";"0";""
"201900004793";"138 297 444";"A01";"1";"30";"0";"2";"2";"17";"1";""
"201900004793";"138 297 445";"B01";"1";"7";"0";"2";"3";"10";"1";""
"201900004794";"138 297 442";"A01";"3";"30";"1";"2";"0";"19";"1";""
"201900004794";"138 297 443";"B01";"3";"7";"0";"2";"1";"1";"1";""
"201900004795";"138 297 440";"A01";"2";"7";"0";"2";"2";"15";"1";""
"201900004795";"138 297 441";"B01";"1";"2";"0";"2";"9";"1";"1";""
"201900004796";"138 297 438";"B01";"3";"7";"0";"2";"8";"9";"0";""
"201900004796";"138 297 439";"A01";"3";"10";"0";"2";"3";"9";"0";""
"201900004797";"138 297 436";"B01";"1";"14";"0";"2";"3";"1";"1";""
"201900004797";"138 297 437";"A01";"2";"7";"0";"2";"3";"13";"1";""
"201900004798";"138 297 434";"A01";"1";"7";"0";"2";"6";"15";"1";""
"201900004798";"138 297 435";"B01";"2";"2";"0";"2";"1";"1";"1";""
"201900004799";"138 297 432";"B01";"2";"7";"0";"2";"2";"1";"1";""
"201900004799";"138 297 433";"A01";"2";"7";"0";"2";"3";"16";"1";""
"201900004800";"138 297 430";"A01";"2";"7";"0";"2";"1";"15";"1";""
"201900004800";"138 297 431";"B01";"1";"33";"0";"2";"8";"1";"1";""
"201900004801";"138 297 426";"A01";"1";"7";"0";"2";"6";"26";"1";""
"201900004801";"138 297 427";"B01";"1";"7";"0";"2";"0";"0";"1";""
"201900004802";"138 297 422";"A01";"1";"50";"0";"2";"2";"5";"3";""
"201900004802";"138 297 423";"B01";"2";"7";"0";"2";"2";"9";"1";""
"201900004803";"138 297 421";"A01";"2";"7";"0";"1";"1";"9";"1";""
"201900004804";"138 297 419";"B01";"3";"7";"0";"2";"6";"1";"1";""
"201900004804";"138 297 420";"A01";"1";"33";"0";"2";"1";"1";"1";""
"201900004805";"138 297 418";"A01";"3";"7";"0";"1";"5";"20";"1";""
"201900004806";"138 297 416";"B01";"1";"7";"0";"0";"0";"0";"1";""
"201900004806";"138 297 417";"A01";"1";"34";"0";"2";"1";"2";"1";""
"201900004807";"138 297 413";"A01";"2";"7";"0";" -1";"8";"19";"1";""
"201900004807";"138 297 414";"B01";"2";"40";"0";"2";"1";"1";"6";""
"201900004808";"138 297 409";"A01";"1";"7";"0";"2";"7";"1";"1";""
"201900004808";"138 297 410";"B01";"1";"7";"0";"2";"1";"1";"1";""
"201900004809";"138 297 407";"B01";"1";"7";"0";"2";"4";"2";"1";""
"201900004809";"138 297 408";"A01";"1";"7";"0";"2";"1";"2";"1";""
"201900004810";"138 297 406";"A01";"1";"40";"0";"1";"7";"1";"3";""
"201900004811";"138 297 405";"A01";"1";"7";"0";"1";"0";"9";"1";""
"201900004812";"138 297 404";"A01";"2";"7";"0";"1";"2";"0";"0";""
"201900004813";"138 297 403";"A01";"1";"31";"12";"0";"3";"13";"1";""
"201900004814";"138 297 401";"B01";"1";"7";"0";"2";"4";"23";"1";""
"201900004814";"138 297 402";"A01";"2";"7";"0";"2";"1";"2";"1";""
"201900004815";"138 297 400";"A01";"3";"20";"2";"0";"1";"13";"1";""
"201900004816";"138 297 398";"A01";"1";"32";"1";"0";"0";"0";"6";""
"201900004816";"138 297 399";"B01";"1";"7";"1";"0";"8";"24";"6";""
"201900004817";"138 297 397";"A01";"1";"7";"0";"1";"0";"1";"1";""
"201900004818";"138 297 396";"B01";"1";"1";"0";"2";"8";"11";"5";""
"201900004819";"138 297 394";"A01";"0";"7";"0";"1";"1";"9";"1";""
"201900004820";"138 297 393";"A01";"2";"7";"0";"1";"4";"20";"1";""
"201900004821";"138 297 392";"A01";"1";"1";"0";"0";"0";"1";"5";""
"201900004822";"138 297 391";"A01";"1";"7";"0";"0";"0";"1";"1";""
"201900004823";"138 297 390";"A01";"2";"7";"17";"0";"1";"13";"1";""
"201900004824";"138 297 388";"A01";"1";"7";"0";"2";"2";"15";"1";""
"201900004824";"138 297 389";"B01";"2";"7";"0";"2";"1";"1";"1";""
"201900004825";"138 297 387";"A01";"2";"7";"3";"0";"1";"1";"1";""
"201900004826";"138 297 386";"A01";"1";"7";"12";"1";"1";"16";"1";""
"201900004827";"138 297 385";"A01";"3";"7";"0";"1";"1";"1";"1";""
"201900004828";"138 297 383";"A01";"1";"7";"0";"2";"8";"10";"1";""
"201900004828";"138 297 384";"B01";"1";"2";"0";"2";"1";"1";"1";""
"201900004829";"138 297 381";"A01";"2";"10";"0";"1";"1";"1";"1";""
"201900004830";"138 297 380";"A01";"0";"7";"4";"0";"1";"0";"1";""
"201900004831";"138 297 378";"A01";"3";"7";"0";"2";"3";"13";"1";""
"201900004831";"138 297 379";"B01";"3";"7";"0";"2";"1";"23";"1";""
"201900004832";"138 297 376";"A01";"3";"7";"0";"2";"1";"1";"1";""
"201900004832";"138 297 377";"B01";"3";"7";"0";"2";"8";"1";"1";""
"201900004833";"138 297 375";"A01";"3";"7";"4";"0";"9";"1";"1";""
"201900004834";"138 297 374";"A01";"2";"3";"0";"0";"1";"1";"1";""
"201900004835";"138 297 371";"A01";"2";"7";"0";"2";"1";"0";"1";""
"201900004835";"138 297 372";"B01";"2";"7";"0";"2";"4";"0";"1";""
"201900004835";"138 297 373";"C01";"2";"13";"0";"1";"4";"23";"1";""
"201900004836";"138 297 369";"B01";"1";"2";"0";"2";"7";"1";"1";""
"201900004836";"138 297 370";"A01";"2";"7";"0";"2";"3";"9";"1";""
"201900004837";"138 297 367";"A01";"1";"7";"0";"2";"2";"1";"1";""
"201900004837";"138 297 368";"B01";"0";"30";"0";"2";"1";"1";"1";""
"201900004838";"138 297 365";"B01";"3";"7";"0";"2";"3";"26";"1";""
"201900004838";"138 297 366";"A01";"1";"30";"0";"2";"1";"21";"1";""