"Num_Acc";"id_vehicule";"num_veh";"senc";"catv";"obs";"obsm";"choc";"manv";"motor";"occutc"
"201900005258";"138 296 620";"A01";"1";"7";"0";"2";"7";"15";"1";""
"201900005258";"138 296 621";"B01";"1";"7";"0";"2";"3";"1";"1";""
"201900005259";"138 296 619";"A01";"3";"7";"6";"0";"1";"16";"1";""
"201900005260";"138 296 618";"A01";"0";"7";"0";"1";"0";"0";"0";""
"201900005261";"138 296 616";"B01";"2";"7";"0";"2";"1";"26";"1";""
"201900005261";"138 296 617";"A01";"1";"7";"0";"2";"2";"10";"1";""
"201900005262";"138 296 614";"A01";"0";"7";"0";"9";"8";"16";"0";""
"201900005262";"138 296 615";"B01";"1";"50";"0";"2";"1";"2";"3";""
"201900005263";"138 296 612";"Y01";"3";"1";"0";"2";"3";"1";"0";""
"201900005263";"138 296 613";"A01";"3";"7";"0";"2";"2";"17";"0";""
"201900005264";"138 296 611";"A01";"3";"10";"0";"1";"0";"15";"0";""
"201900005265";"138 296 609";"B01";"1";"7";"0";"0";"4";"23";"0";""
"201900005265";"138 296 610";"A01";"1";"10";"0";"2";"1";"2";"0";""
"201900005266";"138 296 606";"C01";"0";"15";"0";"2";"4";"0";"0";""
"201900005266";"138 296 607";"B01";"3";"7";"0";"2";"4";"0";"0";""
"201900005266";"138 296 608";"A01";"3";"14";"0";"2";"1";"23";"0";""
"201900005267";"138 296 605";"M01";"2";"31";"0";"1";"7";"25";"1";""
"201900005268";"138 296 603";"B01";"1";"7";"0";"2";"4";"23";"1";""
"201900005268";"138 296 604";"A01";"1";"17";"0";"2";"1";"2";"1";""
"201900005269";"138 296 601";"B01";"1";"7";"0";"2";"5";"16";"1";""
"201900005269";"138 296 602";"A01";"1";"2";"0";"2";"3";"14";"1";""
"201900005270";"138 296 599";"B01";"3";"7";"0";"2";"1";"1";"1";""
"201900005270";"138 296 600";"A01";"0";"7";"0";"2";"2";"15";"1";""
"201900005271";"138 296 597";"B01";"2";"7";"0";"2";"5";"9";"1";""
"201900005271";"138 296 598";"A01";"3";"1";"0";"2";"5";"19";"5";""
"201900005272";"138 296 596";"A01";"1";"7";"0";"1";"1";"1";"1";""
"201900005273";"138 296 595";"A01";"2";"7";"6";"0";"1";"14";"1";""
"201900005274";"138 296 594";"A01";"1";"30";"3";"0";"1";"1";"1";""
"201900005275";"138 296 593";"A01";"2";"7";"0";"1";"1";"17";"1";""
"201900005276";"138 296 592";"A01";"0";"36";"0";"0";"0";"1";"1";""
"201900005277";"138 296 590";"A01";"2";"7";"0";"2";"3";"19";"1";""
"201900005277";"138 296 591";"B01";"1";"7";"0";"2";"3";"1";"1";""
"201900005278";"138 296 588";"B01";"3";"7";"0";"2";"3";"15";"1";""
"201900005278";"138 296 589";"A01";"3";"32";"0";"2";"1";"1";"1";""
"201900005279";"138 296 586";"B01";"2";"7";"0";"2";"3";"9";"0";""
"201900005279";"138 296 587";"A01";"1";"1";"0";"2";"1";"1";"0";""
"201900005280";"138 296 584";"A01";"2";"7";"0";"2";"5";"15";"1";""
"201900005280";"138 296 585";"B01";"1";"2";"0";"2";"1";"1";"1";""
"201900005281";"138 296 580";"D01";"1";"7";"0";"2";"1";"1";"0";""
"201900005281";"138 296 581";"C01";"1";"7";"0";"2";"1";"1";"0";""
"201900005281";"138 296 582";"B01";"2";"17";"0";"2";"3";"21";"0";""
"201900005281";"138 296 583";"A01";"2";"7";"0";"2";"1";"17";"0";""
"201900005282";"138 296 579";"A01";"1";"7";"13";"0";"9";"1";"1";""
"201900005283";"138 296 577";"B01";"0";"7";"0";"2";"4";"0";"1";""
"201900005283";"138 296 578";"A01";"3";"7";"1";"0";"3";"14";"1";""
"201900005284";"138 296 575";"B01";"1";"1";"0";"2";"7";"15";"5";""
"201900005284";"138 296 576";"A01";"1";"7";"0";"2";"3";"15";"1";""
"201900005285";"138 296 574";"A01";"1";"33";"0";"6";"3";"1";"1";""
"201900005286";"138 296 572";"B01";"2";"7";"13";"2";"3";"1";"1";""
"201900005286";"138 296 573";"A01";"1";"7";"13";"2";"3";"13";"1";""
"201900005287";"138 296 571";"A01";"3";"7";"0";"0";"0";"1";"1";""
"201900005288";"138 296 568";"A01";"1";"2";"12";"0";"7";"1";"1";""
"201900005289";"138 296 567";"A01";"2";"1";"12";"1";"8";"18";"5";""
"201900005290";"138 296 566";"A01";"2";"33";"13";"0";"2";"14";"1";""
"201900005291";"138 296 564";"A01";"3";"7";"0";"2";"8";"1";"1";""
"201900005291";"138 296 565";"B01";"1";"17";"0";"2";"1";"1";"1";""
"201900005292";"138 296 562";"A01";"2";"13";"0";"9";"2";"15";"1";""
"201900005292";"138 296 563";"B01";"1";"1";"0";"2";"1";"1";"5";""
"201900005293";"138 296 559";"C01";"1";"1";"0";"2";"4";"1";"5";""
"201900005293";"138 296 560";"B01";"1";"1";"0";"2";"4";"1";"5";""
"201900005293";"138 296 561";"A01";"1";"7";"0";"2";"2";"1";"1";""
"201900005294";"138 296 558";"A01";"1";"2";"0";"0";"0";"21";"1";""
"201900005295";"138 296 556";"B01";"2";"7";"0";"2";"3";"1";"1";""
"201900005295";"138 296 557";"A01";"1";"7";"0";"2";"3";"1";"1";""
"201900005296";"138 296 555";"A01";"0";"7";"13";"0";"2";"0";"1";""
"201900005297";"138 296 554";"A01";"0";"7";"0";"1";"4";"4";"1";""
"201900005298";"138 296 553";"A01";"1";"31";"13";"0";"3";"1";"1";""
"201900005299";"138 296 552";"A01";"1";"7";"2";"0";"7";"1";"0";""
"201900005300";"138 296 549";"C01";"2";"7";"0";"2";"7";"1";"1";""
"201900005300";"138 296 550";"B01";"1";"21";"0";"2";"3";"13";"1";""
"201900005300";"138 296 551";"A01";"1";"7";"0";"0";"0";"17";"1";""
"201900005301";"138 296 548";"A01";"0";"7";"0";"1";"4";"4";"1";""
"201900005302";"138 296 546";"B01";"2";"7";"0";"0";"4";"1";"1";""
"201900005302";"138 296 547";"A01";"2";"7";"0";"2";"4";"1";"1";""
"201900005303";"138 296 545";"A01";"2";"7";"13";"0";"1";"2";"0";""
"201900005304";"138 296 544";"A01";"2";"7";"3";"0";"1";"1";"0";""
"201900005305";"138 296 541";"A01";"0";"7";"0";"2";"1";"1";"1";""
"201900005305";"138 296 542";"B01";"0";"2";"0";"0";"4";"1";"1";""
"201900005306";"138 296 539";"B01";"1";"10";"0";"2";"2";"2";"1";""
"201900005306";"138 296 540";"A01";"1";"7";"13";"0";"6";"2";"1";""
"201900005307";"138 296 538";"A01";"1";"7";"4";"0";"0";"0";"0";""
"201900005308";"138 296 537";"A01";"3";"10";"13";"0";"7";"14";"1";""
"201900005309";"138 296 534";"C01";"3";"10";"0";"2";"1";"1";"1";""
"201900005309";"138 296 535";"B01";"3";"7";"1";"0";"4";"23";"1";""
"201900005309";"138 296 536";"A01";"3";"7";"0";"0";"4";"23";"1";""
"201900005310";"138 296 532";"A01";"1";"7";"0";"2";"1";"13";"1";""
"201900005310";"138 296 533";"B01";"2";"7";"0";"2";"1";"1";"1";""
"201900005311";"138 296 530";"A01";"2";"33";"12";"0";"7";"1";"1";""
"201900005312";"138 296 529";"A01";"2";"7";"15";"0";"7";"1";"1";""
"201900005313";"138 296 527";"A01";"1";"7";"0";"0";"1";"1";"1";""
"201900005313";"138 296 528";"B01";"2";"14";"0";"0";"1";"13";"1";""
"201900005314";"138 296 526";"A01";"3";"7";"16";"0";"1";"0";"1";""
"201900005315";"138 296 524";"B01";"1";"7";"0";"2";"3";"1";"1";""
"201900005315";"138 296 525";"A01";"2";"7";"12";"2";"2";"13";"1";""
"201900005316";"138 296 522";"A01";"1";"33";"0";"2";"2";"17";"1";""
"201900005316";"138 296 523";"B01";"1";"7";"0";"2";"7";"17";"1";""
"201900005317";"138 296 520";"B01";"2";"7";"0";"2";"6";"1";"1";""
"201900005317";"138 296 521";"A01";"2";"7";"0";"2";"1";"15";"1";""
"201900005318";"138 296 518";"A01";"2";"33";"0";"2";"1";"1";"1";""
"201900005318";"138 296 519";"B01";"1";"7";"0";"2";"1";"13";"1";""
"201900005319";"138 296 516";"A01";"1";"7";"0";"0";"8";"11";"1";""
"201900005319";"138 296 517";"B01";"1";"10";"0";"2";"1";"17";"1";""
"201900005320";"138 296 514";"B01";"1";"7";"0";"2";"1";"13";"6";""
"201900005320";"138 296 515";"A01";"2";"7";"0";"2";"1";"1";"6";""
"201900005321";"138 296 513";"A01";"1";"7";"3";"0";"1";"6";"1";""
"201900005322";"138 296 512";"A01";"0";"35";"0";"0";"7";"1";"1";""
"201900005323";"138 296 509";"A01";"3";"7";"0";"1";"1";"0";"1";""
"201900005324";"138 296 508";"A01";"0";"7";"0";"0";"1";"0";"1";""
"201900005325";"138 296 506";"B01";"0";"7";"0";"2";"3";"0";"1";""
"201900005325";"138 296 507";"A01";"0";"2";"0";"2";"1";"0";"1";""
"201900005326";"138 296 505";"A01";"3";"7";"0";"1";"4";"4";"1";""
"201900005327";"138 296 504";"A01";"2";"7";"0";"1";"1";"1";"1";""
"201900005328";"138 296 503";"A01";"1";"7";"0";"1";"2";"2";"1";""
"201900005329";"138 296 501";"A01";"3";"7";"0";"2";"3";"19";"1";""
"201900005329";"138 296 502";"B01";"2";"2";"0";"2";"1";"1";"1";""
"201900005330";"138 296 499";"B01";"1";"7";"11";"0";"4";"2";"1";""
"201900005330";"138 296 500";"A01";"1";"7";"11";"2";"1";"2";"1";""
"201900005331";"138 296 497";"B01";"2";"17";"0";"2";"8";"1";"1";""
"201900005331";"138 296 498";"A01";"1";"17";"0";"2";"3";"13";"1";""
"201900005332";"138 296 496";"A01";"3";"7";"0";"1";"1";"1";"1";""
"201900005333";"138 296 495";"A01";"1";"7";"13";"0";"1";"1";"6";""
"201900005334";"138 296 494";"A01";"1";"7";"13";"0";"1";"17";"1";""
"201900005335";"138 296 493";"A01";"2";"1";"0";"0";"9";"1";"5";""
"201900005336";"138 296 491";"B01";"2";"1";"0";"2";"7";"12";"5";""
"201900005336";"138 296 492";"A01";"1";"7";"0";"2";"8";"1";"1";""
"201900005337";"138 296 488";"A01";"1";"7";"0";"2";"3";"13";"1";""
"201900005337";"138 296 489";"B01";"2";"7";"0";"2";"3";"1";"1";""
"201900005338";"138 296 486";"A01";"3";"7";"0";"2";"0";"1";"1";""
"201900005338";"138 296 487";"B01";"0";"60";"0";"0";"0";"1";"5";""
"201900005339";"138 296 484";"A01";"2";"7";"15";"2";"8";"13";"1";""
"201900005339";"138 296 485";"B01";"1";"7";"15";"2";"8";"1";"1";""
"201900005340";"138 296 482";"B01";"3";"1";"0";"2";"0";"0";"5";""
"201900005340";"138 296 483";"A01";"3";"7";"0";"2";"8";"20";"1";""
"201900005341";"138 296 479";"A01";"1";"32";"0";"0";"1";"21";"1";""
"201900005342";"138 296 477";"B01";"1";"7";"0";"2";"3";"1";"1";""
"201900005342";"138 296 478";"A01";"2";"7";"0";"2";"3";"13";"1";""
"201900005343";"138 296 476";"A01";"1";"7";"16";"0";"9";"1";"1";""
"201900005344";"138 296 474";"B01";"1";"7";"0";"2";"3";"1";"1";""
"201900005344";"138 296 475";"A01";"2";"7";"0";"2";"1";"13";"1";""
"201900005345";"138 296 472";"A01";"2";"7";"0";"2";"1";"2";"1";""
"201900005345";"138 296 473";"B01";"2";"17";"0";"0";"6";"2";"1";""
"201900005346";"138 296 469";"A01";"1";"7";"3";"0";"1";"2";"1";""
"201900005347";"138 296 468";"A01";"2";"17";"14";"0";"1";"1";"1";""
"201900005348";"138 296 467";"A01";"3";"7";"0";"1";"1";"1";"1";""
"201900005349";"138 296 465";"B01";"3";"2";"0";"2";"1";"1";"1";""
"201900005349";"138 296 466";"A01";"3";"10";"0";"2";"3";"13";"1";""
"201900005350";"138 296 464";"A01";"2";"7";"8";"0";"1";"1";"0";""
"201900005351";"138 296 463";"A01";"2";"7";"13";"0";"1";"17";"0";""
"201900005352";"138 296 462";"A01";"1";"7";"5";"0";"9";"0";"0";""
"201900005353";"138 296 461";"A01";"2";"7";"2";"0";"2";"1";"1";""
"201900005354";"138 296 459";"B01";"2";"10";"3";"2";"3";"1";"1";""
"201900005354";"138 296 460";"A01";"1";"7";"0";"2";"1";"17";"1";""
"201900005355";"138 296 458";"A01";"3";"7";"0";"1";"1";"15";"6";""
"201900005356";"138 296 456";"A01";"2";"7";"0";"2";"2";"15";"1";""
"201900005356";"138 296 457";"B01";"1";"33";"0";"2";"1";"1";"1";""
"201900005357";"138 296 455";"A01";"3";"33";"11";"0";"3";"1";"1";""
"201900005358";"138 296 454";"A01";"3";"7";"13";"0";"2";"1";"1";""
"201900005359";"138 296 450";"A01";"2";"10";"0";"2";"3";"1";"1";""
"201900005359";"138 296 451";"B01";"1";"7";"0";"2";"3";"1";"1";""
"201900005359";"138 296 452";"C01";"1";"7";"0";"2";"3";"1";"1";""
"201900005359";"138 296 453";"D01";"1";"7";"0";"9";"1";"1";"1";""
"201900005360";"138 296 449";"A01";"3";"13";"0";"1";"7";"20";"1";""
"201900005361";"138 296 448";"A01";"0";"7";"15";"0";"1";"1";"1";""
"201900005362";"138 296 444";"B01";"2";"1";"0";"0";"4";"1";"5";""
"201900005362";"138 296 445";"A01";"2";"7";"0";"9";"2";"1";"1";""
"201900005363";"138 296 443";"A01";"2";"7";"4";"0";"3";"1";"1";""
"201900005364";"138 296 441";"B01";"1";"7";"0";"2";"1";"2";"1";""
"201900005364";"138 296 442";"A01";"1";"7";"0";"2";"4";"2";"1";""
"201900005365";"138 296 438";"A01";"2";"10";"0";"2";"3";"21";"1";""
"201900005365";"138 296 439";"B01";"2";"7";"0";"2";"6";"1";"1";""
"201900005365";"138 296 440";"C01";"2";"10";"0";"2";"6";"23";"1";""
"201900005366";"138 296 429";"A01";"1";"17";"6";"0";"1";"14";"1";""
"201900005367";"138 296 428";"A01";"1";"34";"0";"2";"7";"3";"1";""
"201900005368";"138 296 425";"A01";"2";"99";"0";"2";"1";"2";"1";""
"201900005368";"138 296 426";"B01";"2";"7";"0";"2";"4";"1";"1";""
"201900005368";"138 296 427";"C01";"2";"17";"0";"2";"4";"1";"1";""
"201900005369";"138 296 424";"A01";"2";"33";"0";"0";"9";"1";"1";""
"201900005370";"138 296 423";"A01";"1";"7";"3";"0";"3";"1";"1";""
"201900005371";"138 296 420";"A01";"1";"7";"0";"9";"1";"1";"1";""
"201900005371";"138 296 421";"T01";"1";"15";"0";"0";"0";"1";"1";""
"201900005371";"138 296 422";"B01";"1";"33";"4";"0";"0";"1";"1";""
"201900005372";"138 296 419";"A01";"1";"7";"0";"0";"9";"0";"1";""
"201900005373";"138 296 417";"A01";"1";"17";"3";"0";"1";"19";"1";""
"201900005373";"138 296 418";"B01";"1";"15";"0";"9";"1";"1";"1";""
"201900005374";"138 296 416";"A01";"1";"7";"0";"1";"1";"1";"1";""
"201900005375";"138 296 414";"A01";"1";"7";"0";"2";"1";"2";"1";""
"201900005375";"138 296 415";"B01";"1";"7";"0";"2";"4";"1";"1";""
"201900005376";"138 296 412";"A01";"2";"7";"0";"2";"3";"15";"1";""
"201900005376";"138 296 413";"B01";"1";"7";"0";"2";"3";"1";"1";""
"201900005377";"138 296 411";"A01";"1";"7";"0";"1";"1";"18";"1";""
"201900005378";"138 296 409";"A01";"1";"7";"0";"2";"3";"15";"1";""
"201900005378";"138 296 410";"B01";"2";"30";"0";"2";"8";"2";"1";""
"201900005379";"138 296 406";"B01";"2";"2";"0";"2";"7";"0";"1";""
"201900005379";"138 296 407";"A01";"1";"7";"0";"2";"3";"1";"1";""
"201900005380";"138 296 404";"A01";"1";"7";"3";"0";"7";"14";"1";""
"201900005381";"138 296 403";"A01";"2";"7";"0";"0";"9";"1";"1";""
"201900005382";"138 296 401";"A01";"1";"7";"0";"2";"1";"1";"1";""
"201900005382";"138 296 402";"B01";"1";"10";"0";"2";"4";"2";"1";""
"201900005383";"138 296 400";"A01";"2";"30";"0";"1";"0";"19";"1";""
"201900005384";"138 296 399";"A01";"3";"30";"0";"0";"0";"26";"1";""
"201900005385";"138 296 397";"B01";"2";"7";"0";"2";"4";"2";"1";""
"201900005385";"138 296 398";"A01";"2";"33";"0";"2";"1";"2";"1";""
"201900005386";"138 296 395";"A01";"1";"7";"0";"9";"7";"2";"1";""
"201900005386";"138 296 396";"B01";"1";"50";"0";"2";"0";"2";"3";""
"201900005387";"138 296 393";"B01";"3";"1";"0";"2";"8";"13";"5";""
"201900005387";"138 296 394";"A01";"3";"0";"0";"2";"0";"0";"0";""
"201900005388";"138 296 391";"A01";"2";"7";"0";"2";"2";"15";"1";""
"201900005388";"138 296 392";"B01";"1";"7";"0";"2";"1";"1";"1";""
"201900005389";"138 296 390";"A01";"1";"7";"0";"1";"1";"1";"1";""
"201900005390";"138 296 389";"A01";"2";"7";"0";"1";"1";"15";"1";""
"201900005391";"138 296 387";"B01";"1";"50";"0";"2";"4";"1";"3";""
"201900005391";"138 296 388";"A01";"1";"7";"0";"9";"1";"1";"1";""
"201900005392";"138 296 385";"B01";"1";"2";"0";"2";"4";"0";"1";""
"201900005392";"138 296 386";"A01";"1";"7";"0";"1";"5";"2";"6";""
"201900005393";"138 296 379";"E01";"3";"7";"0";"2";"1";"2";"1";""
"201900005393";"138 296 380";"D01";"3";"7";"0";"2";"1";"2";"1";""
"201900005393";"138 296 381";"C01";"3";"7";"0";"2";"1";"2";"1";""
"201900005393";"138 296 382";"B01";"3";"99";"0";"1";"0";"0";"0";""
"201900005393";"138 296 383";"A01";"3";"99";"0";"1";"0";"0";"0";""
"201900005393";"138 296 384";"F01";"3";"1";"0";"2";"4";"1";"5";""
"201900005394";"138 296 377";"A01";"2";"7";"0";"2";"2";"15";"0";""
"201900005394";"138 296 378";"B01";"1";"33";"0";"2";"1";"1";"0";""
"201900005395";"138 296 374";"B01";"2";"50";"0";"2";"8";"13";"3";""
"201900005395";"138 296 375";"A01";"2";"37";"0";"2";"2";"17";"0";"1"
"201900005396";"138 296 372";"B01";"3";"7";"0";"2";"1";"24";"1";""
"201900005396";"138 296 373";"A01";"3";"7";"0";"1";"4";"26";"1";""
"201900005397";"138 296 371";"A01";"2";"7";"11";"0";"1";"13";"1";""
"201900005398";"138 296 369";"B01";"2";"7";"0";"2";"3";"1";"1";""
"201900005398";"138 296 370";"A01";"1";"7";"0";"2";"2";"15";"1";""
"201900005399";"138 296 367";"A01";"2";"7";"0";"2";"7";"15";"1";""
"201900005399";"138 296 368";"B01";"1";"2";"0";"2";"1";"1";"1";""
"201900005400";"138 296 362";"A01";"0";"33";"0";"2";"1";"17";"1";""
"201900005400";"138 296 363";"B01";"0";"7";"0";"2";"4";"11";"1";""
"201900005401";"138 296 361";"A01";"0";"7";"0";"1";"3";"16";"1";""
"201900005402";"138 296 360";"A01";"0";"10";"0";"1";"1";"1";"1";""
"201900005403";"138 296 358";"B01";"0";"7";"0";"2";"1";"1";"1";""
"201900005403";"138 296 359";"A01";"0";"7";"0";"2";"8";"15";"1";""
"201900005404";"138 296 356";"A01";"0";"7";"0";"2";"1";"1";"1";""
"201900005404";"138 296 357";"B01";"0";"7";"0";"2";"7";"1";"1";""
"201900005405";"138 296 354";"B01";"0";"7";"0";"2";"3";"1";"1";""
"201900005405";"138 296 355";"A01";"0";"7";"0";"2";"0";"1";"1";""
"201900005406";"138 296 352";"B01";"3";"30";"0";"2";"1";"19";"3";""
"201900005406";"138 296 353";"A01";"3";"7";"0";"9";"2";"16";"1";""
"201900005407";"138 296 351";"A01";"1";"7";"0";"1";"2";"1";"1";""
"201900005408";"138 296 349";"B01";"3";"7";"0";"2";"3";"0";"1";""
"201900005408";"138 296 350";"A01";"3";"37";"0";"2";"2";"0";"1";"1"
"201900005409";"138 296 347";"Z01";"1";"7";"0";"2";"0";"1";"0";""
"201900005409";"138 296 348";"A01";"1";"50";"0";"2";"5";"1";"3";""
"201900005410";"138 296 343";"A01";"2";"7";"0";"1";"0";"0";"0";""
"201900005411";"138 296 342";"A01";"2";"10";"0";"1";"4";"26";"1";""
"201900005412";"138 296 341";"Y01";"0";"0";"0";"1";"2";"26";"0";""
"201900005413";"138 296 340";"A01";"1";"7";"0";"1";"1";"1";"1";""
"201900005414";"138 296 339";"A01";"1";"7";"0";"1";"3";"1";"1";""
"201900005415";"138 296 337";"A01";"1";"7";"0";"2";"3";"13";"1";""
"201900005415";"138 296 338";"B01";"2";"7";"0";"2";"1";"1";"1";""
"201900005416";"138 296 335";"A01";"1";"7";"0";"2";"3";"13";"0";""
"201900005416";"138 296 336";"B01";"2";"50";"0";"2";"3";"1";"3";""
"201900005417";"138 296 332";"A01";"2";"30";"0";"2";"1";"2";"1";""
"201900005417";"138 296 333";"B01";"2";"7";"0";"2";"6";"1";"1";""
"201900005417";"138 296 334";"C01";"1";"10";"0";"2";"3";"1";"0";""
"201900005418";"138 296 330";"A01";"1";"7";"0";"2";"1";"1";"1";""
"201900005418";"138 296 331";"B01";"1";"7";"0";"2";"4";"1";"1";""
"201900005419";"138 296 328";"B01";"2";"7";"0";"2";"3";"1";"1";""
"201900005419";"138 296 329";"A01";"1";"7";"0";"2";"1";"15";"1";""
"201900005420";"138 296 326";"B01";"3";"7";"0";"2";"2";"1";"1";""
"201900005420";"138 296 327";"A01";"3";"7";"0";"2";"1";"13";"1";""
"201900005421";"138 296 324";"A01";"3";"7";"0";"2";"1";"5";"0";""
"201900005421";"138 296 325";"B01";"3";"7";"0";"2";"1";"1";"0";""
"201900005422";"138 296 323";"A01";"1";"10";"0";"1";"8";"26";"0";""
"201900005423";"138 296 322";"A01";"1";"7";"8";"0";"1";"1";"1";""
"201900005424";"138 296 320";"A01";"1";"7";"0";"2";"1";"1";"1";""
"201900005424";"138 296 321";"B01";"2";"7";"0";"2";"8";"1";"1";""
"201900005425";"138 296 319";"A01";"0";"7";"0";"1";"1";"0";"1";""
"201900005426";"138 296 318";"A01";"2";"7";"0";"1";"1";"1";"1";""
"201900005427";"138 296 316";"A01";"0";"7";"0";"2";"6";"15";"1";""
"201900005427";"138 296 317";"B01";"3";"1";"0";"2";"1";"1";"5";""
"201900005428";"138 296 314";"B01";"0";"10";"0";"2";"3";"1";"1";""
"201900005428";"138 296 315";"A01";"0";"7";"0";"2";"3";"13";"1";""
"201900005429";"138 296 313";"A01";"1";"7";"14";"0";"9";"0";"1";""
"201900005430";"138 296 312";"A01";"1";"7";"5";"0";"9";"0";"1";""
"201900005431";"138 296 311";"A01";"1";"7";"7";"0";"1";"1";"1";""
"201900005432";"138 296 310";"A01";"1";"7";"0";"1";"0";"26";"1";""
"201900005433";"138 296 309";"Z01";"3";"7";"0";"1";"3";"18";"1";""
"201900005434";"138 296 307";"B01";"1";"7";"0";"2";"8";"9";"1";""
"201900005434";"138 296 308";"A01";"1";"7";"1";"2";"1";"1";"1";""
"201900005435";"138 296 304";"A01";"1";"7";"0";"2";"7";"2";"1";""
"201900005435";"138 296 305";"B01";"1";"7";"0";"2";"6";"20";"1";""
"201900005435";"138 296 306";"C01";"1";"7";"0";"2";"1";"1";"1";""
"201900005436";"138 296 303";"A01";"2";"7";"0";"0";"9";"26";"1";""
"201900005437";"138 296 300";"C01";"3";"7";"0";"2";"2";"1";"1";""
"201900005437";"138 296 301";"B01";"3";"7";"0";"2";"1";"1";"1";""
"201900005437";"138 296 302";"A01";"0";"7";"0";"2";"3";"1";"1";""
"201900005438";"138 296 298";"B01";"2";"7";"0";"2";"4";"2";"1";""
"201900005438";"138 296 299";"A01";"2";"13";"0";"2";"1";"2";"1";""
"201900005439";"138 296 297";"A01";"3";"7";"0";"1";"2";"15";"1";""
"201900005440";"138 296 295";"A01";"1";"7";"0";"2";"2";"15";"1";""
"201900005440";"138 296 296";"B01";"2";"7";"0";"2";"1";"1";"1";""
"201900005441";"138 296 294";"A01";"1";"7";"0";"1";"3";"1";"1";""
"201900005442";"138 296 292";"A01";"1";"10";"0";"2";"1";"1";"1";""
"201900005442";"138 296 293";"B01";"1";"7";"0";"2";"1";"1";"1";""
"201900005443";"138 296 290";"A01";"1";"7";"0";"2";"8";"9";"1";""
"201900005443";"138 296 291";"B01";"1";"7";"0";"2";"1";"1";"1";""
"201900005444";"138 296 288";"B01";"1";"7";"0";"2";"6";"23";"1";""
"201900005444";"138 296 289";"A01";"1";"7";"0";"2";"2";"14";"1";""
"201900005445";"138 296 285";"A01";"1";"7";"0";"2";"9";"12";"1";""
"201900005445";"138 296 286";"B01";"1";"7";"0";"2";"6";"1";"1";""
"201900005445";"138 296 287";"C01";"1";"7";"0";"2";"7";"1";"1";""
"201900005446";"138 296 281";"D01";"3";"7";"0";"2";"4";"2";"1";""
"201900005446";"138 296 282";"C01";"3";"7";"0";"2";"4";"2";"1";""
"201900005446";"138 296 283";"B01";"0";"7";"0";"2";"4";"2";"1";""
"201900005446";"138 296 284";"A01";"3";"7";"0";"2";"1";"1";"1";""
"201900005447";"138 296 277";"B01";"2";"7";"0";"2";"3";"1";"1";""
"201900005447";"138 296 278";"A01";"1";"7";"0";"2";"3";"13";"1";""
"201900005448";"138 296 273";"A01";"2";"7";"0";"1";"7";"21";"1";""
"201900005448";"138 296 274";"B01";"2";"7";"0";"1";"2";"1";"1";""
"201900005449";"138 296 272";"A01";"3";"7";"0";"1";"1";"1";"1";""
"201900005450";"138 296 270";"B01";"1";"7";"0";"2";"4";"1";"1";""
"201900005450";"138 296 271";"A01";"1";"7";"0";"2";"1";"2";"1";""
"201900005451";"138 296 268";"B01";"1";"31";"0";"2";"1";"1";"1";""
"201900005451";"138 296 269";"A01";"1";"7";"0";"2";"2";"19";"1";""
"201900005452";"138 296 266";"A01";"2";"7";"0";"2";"3";"13";"1";""
"201900005452";"138 296 267";"B01";"1";"7";"0";"2";"8";"1";"1";""
"201900005453";"138 296 264";"A01";"2";"7";"0";"2";"3";"13";"1";""
"201900005453";"138 296 265";"B01";"1";"7";"0";"2";"3";"1";"1";""
"201900005454";"138 296 263";"A01";"2";"7";"1";"0";"1";"1";"1";""
"201900005455";"138 296 261";"A01";"3";"30";"0";"2";"1";"26";"1";""
"201900005455";"138 296 262";"B01";"3";"34";"0";"2";"7";"1";"1";""
"201900005456";"138 296 259";"A01";"1";"7";"0";"2";"1";"1";"1";""
"201900005456";"138 296 260";"B01";"2";"7";"0";"2";"2";"1";"0";""
"201900005457";"138 296 258";"A01";"1";"7";"0";"1";"1";"1";"1";""
"201900005458";"138 296 256";"B01";"1";"7";"0";"2";"1";"1";"1";""
"201900005458";"138 296 257";"A01";"2";"7";"0";"2";"1";"5";"1";""
"201900005459";"138 296 254";"A01";"1";"7";"0";"2";"3";"1";"1";""
"201900005459";"138 296 255";"B01";"1";"7";"0";"2";"3";"13";"1";""
"201900005460";"138 296 252";"A01";"0";"7";"0";"2";"0";"26";" -1";""
"201900005460";"138 296 253";"B01";"0";"7";"0";"2";"0";"26";" -1";""
"201900005461";"138 296 250";"B01";"2";"7";"0";"2";"1";"1";"1";""
"201900005461";"138 296 251";"A01";"2";"7";"0";"2";"8";"9";"2";""
"201900005462";"138 296 249";"A01";"3";"7";"0";"1";"0";"16";"1";""
"201900005463";"138 296 247";"A01";"0";"7";"0";"2";"2";"15";"1";""
"201900005463";"138 296 248";"B01";"0";"2";"0";"2";"1";"1";"1";""
"201900005464";"138 296 244";"A01";"1";"21";"0";"2";"6";"26";"1";""
"201900005464";"138 296 245";"B01";"1";"7";"0";"2";"9";"26";"1";""
"201900005464";"138 296 246";"C01";"1";"15";"0";"2";"1";"1";"1";""
"201900005465";"138 296 242";"Z01";"2";"7";"0";"2";"4";"13";"0";""
"201900005465";"138 296 243";"A01";"2";"7";"0";"2";"1";"1";"1";""
"201900005466";"138 296 240";"A01";"1";"32";"0";"2";"5";"17";"1";""
"201900005466";"138 296 241";"B01";"1";"7";"0";"2";"3";"4";"1";""