"Num_Acc";"id_vehicule";"num_veh";"senc";"catv";"obs";"obsm";"choc";"manv";"motor";"occutc"
"201900006081";"138 295 094";"D01";"1";"7";"0";"0";"4";"1";"1";""
"201900006081";"138 295 095";"C01";"1";"7";"0";"2";"1";"1";"1";""
"201900006082";"138 295 092";"A01";"3";"7";"0";"2";"8";"1";"1";""
"201900006082";"138 295 093";"B01";"3";"7";"0";"2";"7";"14";"1";""
"201900006083";"138 295 089";"A01";"1";"7";"0";"1";"1";"1";"1";""
"201900006084";"138 295 088";"A01";"3";"30";"0";"1";"1";"1";"1";""
"201900006085";"138 295 086";"B01";"3";"33";"0";"2";"1";"5";"1";""
"201900006085";"138 295 087";"A01";"3";"7";"0";"2";"2";"15";"1";""
"201900006086";"138 295 084";"B01";"0";"7";"0";"1";"4";"23";"1";""
"201900006086";"138 295 085";"A01";"0";"7";"0";"2";"1";"2";"1";""
"201900006087";"138 295 083";"A01";"0";"10";"8";"0";"1";"0";"1";""
"201900006088";"138 295 079";"A01";"0";"7";"0";"2";"1";"1";"0";""
"201900006088";"138 295 080";"B01";"0";"34";"0";"2";"7";"1";"0";""
"201900006089";"138 295 077";"B01";"2";"32";"0";"2";"8";"1";"1";""
"201900006089";"138 295 078";"A01";"2";"7";"0";"2";"7";"12";"1";""
"201900006090";"138 295 075";"B01";"2";"7";"0";"2";"2";"1";"0";""
"201900006090";"138 295 076";"A01";"1";"7";"0";"2";"3";"16";"0";""
"201900006091";"138 295 073";"B01";"2";"30";"0";"2";"1";"1";"1";""
"201900006091";"138 295 074";"A01";"1";"3";"0";"2";"5";"1";"1";""
"201900006092";"138 295 070";"B01";"1";"7";"0";"2";"3";"1";"1";""
"201900006092";"138 295 071";"Z01";"1";"7";"0";"2";"0";"2";"0";""
"201900006092";"138 295 072";"A01";"1";"7";"0";"2";"2";"15";"0";""
"201900006093";"138 295 068";"A01";"2";"3";"0";"2";"1";"1";"1";""
"201900006093";"138 295 069";"B01";"2";"3";"0";"2";"4";"1";"1";""
"201900006094";"138 295 066";"A01";"2";"10";"0";"2";"0";"15";"1";""
"201900006094";"138 295 067";"B01";"1";"1";"0";"2";"0";"1";"5";""
"201900006095";"138 295 064";"B01";"2";"7";"0";"2";"4";"2";"0";""
"201900006095";"138 295 065";"A01";"2";"33";"0";"2";"4";"2";"1";""
"201900006096";"138 295 062";"A01";"2";"10";"0";"2";"2";"13";"1";""
"201900006096";"138 295 063";"B01";"2";"10";"0";"2";"6";"1";"1";""
"201900006097";"138 295 060";"B01";"2";"10";"0";"2";"2";"16";"0";""
"201900006097";"138 295 061";"A01";"2";"32";"0";"2";"1";"1";"0";""
"201900006098";"138 295 059";"A01";"1";"7";"0";"1";"1";"1";"1";""
"201900006099";"138 295 057";"A01";"2";"31";"0";"2";"1";"1";"1";""
"201900006099";"138 295 058";"B01";"2";"7";"0";"2";"4";"1";"1";""
"201900006100";"138 295 056";"B01";"1";"32";"1";"0";"1";"14";"1";""
"201900006101";"138 295 055";"A01";"1";"10";"0";"1";"3";"1";"1";""
"201900006102";"138 295 053";"B01";"1";"30";"0";"2";"7";"17";"1";""
"201900006102";"138 295 054";"A01";"1";"99";"0";"2";"8";"13";"0";""
"201900006103";"138 295 051";"B01";"2";"7";"0";"2";"4";"24";"1";""
"201900006103";"138 295 052";"Z01";"2";"7";"1";"2";"1";"1";"1";""
"201900006104";"138 295 049";"A01";"2";"7";"0";"2";"1";"1";"0";""
"201900006104";"138 295 050";"B01";"2";"7";"0";"0";"4";"1";"0";""
"201900006105";"138 295 048";"A01";"1";"40";"0";"1";"1";"1";"3";""
"201900006106";"138 295 046";"A01";"0";"7";"0";"2";"7";"1";"1";""
"201900006106";"138 295 047";"Z01";"0";"7";"0";"1";"1";"9";"1";""
"201900006107";"138 295 045";"A01";"0";"10";"0";"1";"1";"16";"1";""
"201900006108";"138 295 043";"A01";"1";"7";"0";"2";"1";"19";"1";""
"201900006108";"138 295 044";"B01";"1";"7";"1";"2";"9";"2";"1";""
"201900006109";"138 295 041";"A01";"1";"7";"0";"2";"3";"20";"1";""
"201900006109";"138 295 042";"B01";"1";"14";"0";"2";"1";"2";"1";""
"201900006110";"138 295 039";"A01";"2";"33";"0";"2";"2";"17";"1";""
"201900006110";"138 295 040";"B01";"2";"7";"0";"2";"8";"15";"1";""
"201900006111";"138 295 037";"B01";"2";"7";"0";"2";"0";"0";"1";""
"201900006111";"138 295 038";"A01";"1";"32";"0";"2";"1";"0";"1";""
"201900006112";"138 295 034";"C01";"2";"7";"0";"2";"1";"21";"1";""
"201900006112";"138 295 035";"B01";"1";"7";"0";"2";"1";"1";"1";""
"201900006112";"138 295 036";"A01";"2";"7";"0";"2";"3";"13";"1";""
"201900006113";"138 295 033";"A01";"1";"7";"0";"0";"7";"0";"1";""
"201900006114";"138 295 031";"A01";"1";"7";"0";"2";"3";"15";"1";""
"201900006114";"138 295 032";"B01";"2";"7";"0";"2";"3";"1";"1";""
"201900006115";"138 295 028";"A01";"2";"7";"0";"2";"1";"1";"1";""
"201900006115";"138 295 029";"B01";"2";"7";"0";"2";"4";"1";"1";""
"201900006115";"138 295 030";"C01";"2";"7";"0";"2";"4";"1";"1";""
"201900006116";"138 295 024";"A01";"1";"7";"0";"1";"2";"1";"1";""
"201900006117";"138 295 023";"A01";"2";"7";"0";"1";"1";"0";"1";""
"201900006118";"138 295 022";"A01";"0";"40";"0";"1";"2";"26";"0";""
"201900006119";"138 295 021";"A01";"2";"7";"9";"1";"0";"0";"0";""
"201900006120";"138 295 019";"B01";"3";"7";"0";"2";"4";"1";"1";""
"201900006120";"138 295 020";"A01";"3";"33";"0";"2";"1";"2";"1";""
"201900006121";"138 295 017";"B01";"1";"7";"0";"2";"4";"26";"1";""
"201900006121";"138 295 018";"A01";"1";"7";"0";"2";"1";"26";"1";""
"201900006122";"138 295 016";"A01";"1";"7";"2";"0";"9";"1";"1";""
"201900006123";"138 295 013";"A01";"2";"7";"0";"2";"1";"2";"1";""
"201900006123";"138 295 014";"C01";"2";"7";"0";"2";"4";"1";"1";""
"201900006123";"138 295 015";"B01";"2";"7";"0";"2";"4";"1";"1";""
"201900006124";"138 295 011";"A01";"1";"7";"0";"2";"1";"1";"1";""
"201900006124";"138 295 012";"B01";"2";"33";"0";"2";"1";"17";"1";""
"201900006125";"138 295 006";"D01";"1";"7";"0";"2";"7";"1";"1";""
"201900006125";"138 295 007";"C01";"1";"7";"0";"2";"6";"23";"1";""
"201900006125";"138 295 008";"B01";"1";"33";"0";"2";"8";"17";"1";""
"201900006125";"138 295 009";"A01";"1";"31";"0";"2";"1";"3";"1";""
"201900006126";"138 295 004";"A01";"2";"7";"0";"2";"3";"12";"1";""
"201900006126";"138 295 005";"B01";"2";"7";"0";"2";"5";"23";"1";""
"201900006127";"138 295 001";"Z01";"1";"7";"0";"2";"1";"2";"1";""
"201900006127";"138 295 002";"B01";"1";"7";"0";"2";"4";"2";"1";""
"201900006127";"138 295 003";"A01";"1";"7";"0";"2";"4";"2";"1";""
"201900006128";"138 294 998";"A01";"1";"7";"0";"2";"1";"2";"1";""
"201900006128";"138 294 999";"B01";"1";"7";"0";"2";"1";"2";"1";""
"201900006128";"138 295 000";"C01";"1";"7";"0";"2";"4";"23";"1";""
"201900006129";"138 294 996";"B01";"1";"7";"0";"2";"4";"23";"1";""
"201900006129";"138 294 997";"A01";"1";"7";"0";"2";"1";"2";"1";""
"201900006130";"138 294 993";"C01";"2";"7";"0";"2";"4";"23";"1";""
"201900006130";"138 294 994";"B01";"2";"7";"0";"2";"4";"23";"1";""
"201900006130";"138 294 995";"A01";"2";"7";"0";"2";"1";"2";"1";""
"201900006131";"138 294 991";"A01";"2";"17";"0";"2";"2";"12";"1";""
"201900006131";"138 294 992";"B01";"2";"7";"0";"2";"8";"1";"1";""
"201900006132";"138 294 990";"A01";"1";"31";"0";"0";"8";"1";"1";""
"201900006133";"138 294 988";"A01";"1";"33";"0";"2";"3";"11";"1";""
"201900006133";"138 294 989";"B01";"1";"10";"0";"2";"5";"1";"1";""
"201900006134";"138 294 986";"A01";"1";"32";"0";"2";"1";"3";"1";""
"201900006134";"138 294 987";"B01";"1";"7";"0";"2";"5";"12";"1";""
"201900006135";"138 294 984";"A01";"1";"31";"0";"2";"1";"1";"1";""
"201900006135";"138 294 985";"B01";"2";"7";"0";"2";"4";"23";"1";""
"201900006136";"138 294 982";"A01";"2";"1";"0";"2";"1";"5";"5";""
"201900006136";"138 294 983";"B01";"1";"7";"0";"2";"2";"1";"1";""
"201900006137";"138 294 980";"A01";"2";"7";"0";"2";"3";"15";"1";""
"201900006137";"138 294 981";"B01";"1";"34";"0";"2";"8";"1";"1";""
"201900006138";"138 294 978";"B01";"1";"32";"0";"2";"2";"1";"1";""
"201900006138";"138 294 979";"A01";"1";"7";"0";"2";"1";"1";"2";""
"201900006139";"138 294 976";"A01";"2";"7";"0";"2";"3";"9";"1";""
"201900006139";"138 294 977";"B01";"2";"33";"0";"2";"1";"1";"1";""
"201900006140";"138 294 974";"A01";"1";"7";"0";"2";"1";"1";"2";""
"201900006140";"138 294 975";"B01";"1";"7";"0";"2";"2";"1";"1";""
"201900006141";"138 294 972";"B01";"1";"43";"0";"2";"3";"1";"1";""
"201900006141";"138 294 973";"A01";"1";"10";"0";"2";"5";"4";"1";""
"201900006142";"138 294 971";"A01";"2";"7";"0";"1";"1";"1";"1";""
"201900006143";"138 294 970";"Z01";"1";"10";"0";"1";"2";"1";"0";""
"201900006144";"138 294 968";"B01";"2";"32";"0";"2";"0";"23";"1";""
"201900006144";"138 294 969";"A01";"2";"7";"0";"2";"7";"1";"1";""
"201900006145";"138 294 967";"A01";"1";"7";"0";"1";"2";"16";"1";""
"201900006146";"138 294 965";"A01";"1";"7";"0";"2";"1";"16";"1";""
"201900006146";"138 294 966";"B01";"1";"1";"0";"2";"1";"1";"5";""
"201900006147";"138 294 963";"A01";"1";"7";"0";"2";"3";"1";"1";""
"201900006147";"138 294 964";"B01";"1";"2";"0";"2";"6";"1";"1";""
"201900006148";"138 294 962";"A01";"3";"7";"0";"1";"3";"1";"1";""
"201900006149";"138 294 961";"Z01";"1";"7";"0";"1";"1";"15";"1";""
"201900006150";"138 294 959";"Z01";"1";"7";"0";"2";"1";"2";"0";""
"201900006150";"138 294 960";"A01";"1";"32";"0";"2";"4";"23";"1";""
"201900006151";"138 294 957";"A01";"1";"10";"0";"2";"2";"12";"1";""
"201900006151";"138 294 958";"B01";"1";"32";"0";"2";"3";"1";"1";""
"201900006152";"138 294 956";"A01";"1";"99";"12";"0";"2";"25";"1";""
"201900006153";"138 294 954";"Z01";"2";"7";"0";"2";"1";"1";"1";""
"201900006153";"138 294 955";"A01";"2";"7";"0";"2";"5";"1";"1";""
"201900006154";"138 294 952";"A01";"2";"34";"0";"1";"2";"1";"1";""
"201900006155";"138 294 950";"A01";"1";"7";"0";"2";"1";"1";"1";""
"201900006155";"138 294 951";"B01";"3";"60";"0";"2";"0";"19";"5";""
"201900006156";"138 294 948";"B01";"1";"43";"0";"2";"8";"1";"1";""
"201900006156";"138 294 949";"A01";"1";"7";"0";"2";"2";"1";"1";""
"201900006157";"138 294 947";"A01";"1";"43";"0";"1";"1";"1";"1";""
"201900006158";"138 294 945";"B01";"2";"1";"0";"2";"1";"1";"5";""
"201900006158";"138 294 946";"A01";"2";"10";"0";"2";"2";"15";"1";""
"201900006159";"138 294 943";"B01";"1";"10";"0";"2";"5";"23";"1";""
"201900006159";"138 294 944";"A01";"1";"1";"0";"2";"3";"2";"5";""
"201900006160";"138 294 942";"A01";"1";"7";"0";"1";"7";"15";"1";""
"201900006161";"138 294 940";"A01";"2";"10";"0";"2";"3";"22";"1";""
"201900006161";"138 294 941";"B01";"2";"1";"0";"2";"1";"1";"5";""
"201900006162";"138 294 937";"C01";"1";"7";"0";"2";"6";"23";"1";""
"201900006162";"138 294 938";"B01";"1";"31";"0";"2";"3";"1";"1";""
"201900006162";"138 294 939";"A01";"1";"7";"0";"2";"6";"22";"1";""
"201900006163";"138 294 935";"A01";"1";"30";"0";"2";"1";"1";"1";""
"201900006163";"138 294 936";"Z01";"1";"2";"0";"2";"0";"1";"0";""
"201900006164";"138 294 934";"A01";"1";"10";"0";"1";"1";"16";"1";""
"201900006165";"138 294 932";"A01";"1";"1";"0";"2";"2";"1";"5";""
"201900006165";"138 294 933";"Z01";"2";"30";"0";"2";"2";"17";"0";""
"201900006166";"138 294 931";"A01";"2";"1";"0";"1";"1";"1";"5";""
"201900006167";"138 294 930";"A01";"1";"10";"0";"1";"2";"16";"1";""
"201900006168";"138 294 927";"C01";"2";"50";"0";"2";"1";"1";"3";""
"201900006168";"138 294 928";"B01";"1";"33";"1";"2";"1";"1";"1";""
"201900006168";"138 294 929";"A01";"1";"10";"0";"2";"3";"9";"3";""
"201900006169";"138 294 926";"A01";"2";"32";"0";"0";"0";"1";"1";""
"201900006170";"138 294 925";"A01";"1";"30";"15";"0";"1";"14";"1";""
"201900006171";"138 294 923";"A01";"1";"7";"0";"2";"0";"22";"1";""
"201900006171";"138 294 924";"B01";"1";"1";"12";"2";"7";"18";"5";""
"201900006172";"138 294 921";"A01";"1";"7";"0";"2";"3";"15";"1";""
"201900006172";"138 294 922";"B01";"2";"1";"0";"2";"8";"1";"5";""
"201900006173";"138 294 920";"A01";"1";"10";"0";"1";"1";"15";"1";""
"201900006174";"138 294 918";"B01";"2";"37";"0";"2";"3";"7";"2";"1"
"201900006174";"138 294 919";"A01";"2";"30";"0";"2";"1";"16";"1";""
"201900006175";"138 294 917";"A01";"2";"30";"1";"0";"8";"13";"1";""
"201900006176";"138 294 916";"A01";"2";"32";"0";"0";"0";"1";"1";""
"201900006177";"138 294 914";"A01";"2";"7";"0";"2";"2";"16";"1";""
"201900006177";"138 294 915";"B01";"1";"1";"0";"2";"7";"1";"5";""
"201900006178";"138 294 913";"A01";"2";"32";"0";"0";"0";"21";"1";""
"201900006179";"138 294 911";"A01";"1";"7";"0";"2";"1";"2";"1";""
"201900006179";"138 294 912";"B01";"1";"7";"0";"2";"4";"23";"1";""
"201900006180";"138 294 909";"B01";"2";"33";"0";"2";"1";"1";"1";""
"201900006180";"138 294 910";"A01";"1";"7";"0";"2";"2";"15";"1";""
"201900006181";"138 294 906";"A01";"1";"10";"0";"2";"1";"1";"1";""
"201900006181";"138 294 907";"B01";"1";"7";"0";"2";"4";"23";"1";""
"201900006181";"138 294 908";"C01";"1";"7";"0";"2";"4";"23";"1";""
"201900006182";"138 294 905";"A01";"2";"32";"0";"0";"1";"21";"1";""
"201900006183";"138 294 903";"Z01";"1";"7";"0";"2";"0";"15";"1";""
"201900006183";"138 294 904";"A01";"1";"33";"0";"2";"7";"1";"1";""
"201900006184";"138 294 901";"A01";"1";"7";"0";"2";"1";"2";"1";""
"201900006184";"138 294 902";"B01";"1";"7";"0";"2";"4";"2";"1";""
"201900006185";"138 294 899";"A01";"3";"1";"0";"2";"8";"1";"5";""
"201900006185";"138 294 900";"Z01";"1";"7";"0";"2";"1";"1";"2";""
"201900006186";"138 294 898";"A01";"1";"10";"0";"1";"2";"16";"1";""
"201900006187";"138 294 897";"A01";"2";"31";"0";"0";"8";"13";"1";""
"201900006188";"138 294 896";"A01";"1";"7";"0";"1";"6";"1";"1";""
"201900006189";"138 294 895";"A01";"1";"32";"0";"1";"2";"1";"1";""
"201900006190";"138 294 893";"A01";"1";"1";"0";"2";"7";"17";"5";""
"201900006190";"138 294 894";"B01";"1";"30";"0";"2";"3";"1";"3";""
"201900006191";"138 294 891";"A01";"2";"30";"0";"2";"1";"18";"1";""
"201900006191";"138 294 892";"B01";"2";"7";"0";"2";"4";"23";"1";""
"201900006192";"138 294 889";"A01";"1";"1";"0";"2";"7";"15";"5";""
"201900006192";"138 294 890";"B01";"1";"33";"0";"2";"8";"1";"1";""
"201900006193";"138 294 888";"A01";"1";"37";"0";"1";"1";"7";"1";"1"
"201900006194";"138 294 886";"A01";"1";"7";"0";"2";"3";"15";"1";""
"201900006194";"138 294 887";"B01";"1";"32";"0";"2";"1";"17";"1";""
"201900006195";"138 294 884";"B01";"1";"1";"0";"2";"0";"18";"5";""
"201900006195";"138 294 885";"A01";"1";"7";"0";"2";"0";"22";"1";""
"201900006196";"138 294 880";"A01";"1";"7";"0";"2";"1";"2";"1";""
"201900006196";"138 294 881";"B01";"1";"7";"0";"2";"4";"23";"1";""
"201900006196";"138 294 882";"C01";"3";"2";"0";"2";"4";"23";"1";""
"201900006197";"138 294 879";"A01";"1";"31";"14";"0";"1";"13";"1";""
"201900006198";"138 294 878";"A01";"2";"33";"0";"0";"2";"1";"1";""
"201900006199";"138 294 877";"A01";"2";"1";"0";"1";"1";"1";"5";""
"201900006200";"138 294 876";"A01";"1";"33";"14";"0";"2";"13";"1";""
"201900006201";"138 294 875";"A01";"2";"7";"11";"0";"1";"14";"1";""
"201900006202";"138 294 874";"A01";"1";"10";"0";"1";"3";"1";"1";""
"201900006203";"138 294 872";"A01";"2";"3";"1";"1";"3";"17";"1";""
"201900006203";"138 294 873";"B01";"2";"15";"15";"0";"6";"23";"1";""
"201900006204";"138 294 870";"B01";"2";"33";"0";"2";"1";"2";"0";""
"201900006204";"138 294 871";"A01";"1";"7";"0";"2";"2";"15";"0";""
"201900006205";"138 294 869";"A01";"2";"1";"1";"0";"3";"5";"6";""
"201900006206";"138 294 868";"A01";"1";"32";"0";"1";"1";"25";"1";""
"201900006207";"138 294 867";"A01";"1";"7";"0";"1";"1";"1";"1";""
"201900006208";"138 294 865";"A01";"1";"7";"0";"2";"2";"15";"1";""
"201900006208";"138 294 866";"B01";"1";"34";"0";"2";"7";"1";"1";""
"201900006209";"138 294 863";"B01";"1";"2";"0";"2";"1";"1";"1";""
"201900006209";"138 294 864";"A01";"2";"7";"0";"2";"2";"15";"1";""
"201900006210";"138 294 861";"A01";"3";"50";"0";"2";"1";"19";"3";""
"201900006210";"138 294 862";"B01";"1";"7";"0";"2";"5";"2";"1";""
"201900006211";"138 294 860";"A01";"3";"7";"2";"0";"3";"6";"1";""
"201900006212";"138 294 858";"A01";"1";"10";"0";"0";"8";"15";"1";""
"201900006212";"138 294 859";"B01";"1";"33";"0";"0";"0";"0";"1";""
"201900006213";"138 294 857";"A01";"0";"7";"0";"1";"3";"19";"0";""
"201900006214";"138 294 855";"A01";"2";"13";"0";"2";"2";"1";"0";""
"201900006214";"138 294 856";"B01";"2";"7";"0";"2";"6";"23";"0";""
"201900006215";"138 294 854";"A01";"1";"7";"0";"1";"1";"2";"1";""
"201900006216";"138 294 851";"A01";"2";"7";"1";"2";"1";"14";"0";""
"201900006216";"138 294 852";"B01";"1";"7";"0";"2";"1";"2";"0";""
"201900006216";"138 294 853";"C01";"3";"7";"0";"2";"4";"23";"0";""
"201900006217";"138 294 849";"A01";"1";"3";"0";"2";"7";"1";"0";""
"201900006217";"138 294 850";"B01";"1";"33";"0";"2";"1";"1";"0";""
"201900006218";"138 294 847";"A01";"2";"7";"0";"2";"1";"1";"0";""
"201900006218";"138 294 848";"B01";"2";"7";"0";"0";"4";"23";"0";""
"201900006219";"138 294 846";"B01";"1";"32";"0";"2";"3";"9";"1";""
"201900006220";"138 294 845";"A01";"1";"7";"0";"1";"0";"0";"0";""
"201900006221";"138 294 843";"B01";"2";"7";"12";"2";"1";"1";"1";""
"201900006221";"138 294 844";"A01";"1";"3";"12";"2";"2";"15";"1";""
"201900006222";"138 294 842";"A01";"1";"7";"0";"1";"7";"1";"0";""
"201900006223";"138 294 840";"B01";"1";"3";"1";"0";"2";"1";"1";""
"201900006223";"138 294 841";"A01";"1";"3";"1";"0";"6";"24";"1";""
"201900006224";"138 294 838";"A01";"2";"14";"12";"1";"2";"16";"1";""
"201900006224";"138 294 839";"B01";"1";"10";"1";"1";"7";"1";"1";""
"201900006225";"138 294 836";"A01";"3";"7";"0";"1";"3";"15";"0";""
"201900006226";"138 294 835";"A01";"1";"10";"0";"1";"3";"15";"0";""
"201900006227";"138 294 834";"A01";"1";"10";"0";"1";"2";"1";"1";""
"201900006228";"138 294 830";"B01";"1";"32";"0";"2";"1";"26";"0";""
"201900006228";"138 294 831";"A01";"1";"10";"0";"2";"1";"15";"1";""
"201900006229";"138 294 829";"A01";"1";"7";"0";"1";"3";"1";"0";""
"201900006230";"138 294 827";"A01";"1";"33";"0";"0";"0";"1";"0";""
"201900006230";"138 294 828";"B01";"1";"7";"0";"0";"2";"16";"0";""
"201900006231";"138 294 824";"A01";"1";"7";"0";"2";"1";"16";"1";""
"201900006231";"138 294 825";"C01";"1";"7";"0";"2";"1";"16";"1";""
"201900006231";"138 294 826";"B01";"2";"7";"0";"2";"1";"1";"1";""
"201900006232";"138 294 822";"B01";"3";"37";"0";"2";"3";"1";"0";"1"
"201900006232";"138 294 823";"A01";"3";"30";"0";"2";"3";"15";"0";""
"201900006233";"138 294 821";"A01";"1";"7";"0";"0";"1";"1";"1";""
"201900006234";"138 294 819";"B01";"2";"7";"0";"2";"5";"1";"0";""
"201900006234";"138 294 820";"A01";"3";"7";"0";"2";"3";"15";"0";""
"201900006235";"138 294 817";"A01";"2";"2";"0";"2";"1";"1";"1";""
"201900006235";"138 294 818";"B01";"1";"7";"0";"2";"3";"9";"1";""
"201900006236";"138 294 815";"B01";"2";"1";"0";"2";"1";"1";"5";""
"201900006236";"138 294 816";"A01";"1";"7";"0";"2";"2";"1";"1";""
"201900006237";"138 294 813";"A01";"1";"7";"0";"2";"0";"1";"1";""
"201900006237";"138 294 814";"B01";"1";"33";"0";"2";"0";"0";"1";""
"201900006238";"138 294 811";"B01";"1";"7";"0";"2";"0";"0";"1";""
"201900006238";"138 294 812";"A01";"1";"7";"0";"2";"0";"0";"1";""
"201900006239";"138 294 810";"A01";"1";"7";"0";"1";"0";"1";"1";""
"201900006240";"138 294 809";"Z01";"1";"7";"0";"1";"0";"0";"1";""
"201900006241";"138 294 807";"B01";"1";"7";"0";"2";"0";"1";"1";""
"201900006241";"138 294 808";"A01";"1";"1";"0";"2";"0";"0";"5";""
"201900006242";"138 294 806";"A01";"1";"10";"0";"1";"0";"1";"1";""
"201900006243";"138 294 805";"A01";"2";"33";"0";"2";"0";"21";"1";""
"201900006244";"138 294 802";"B01";"2";"7";"0";"2";"7";"15";"1";""
"201900006244";"138 294 803";"A01";"2";"7";"0";"2";"1";"1";"1";""
"201900006244";"138 294 804";"C01";"2";"7";"0";"2";"2";"1";"1";""
"201900006245";"138 294 799";"A01";"1";"7";"0";"2";"1";"1";"1";""
"201900006245";"138 294 800";"C01";"0";"7";"0";"2";"4";"1";"1";""
"201900006245";"138 294 801";"B01";"1";"7";"0";"2";"4";"1";"1";""
"201900006246";"138 294 797";"B01";"2";"7";"0";"2";"3";"1";"1";""
"201900006246";"138 294 798";"A01";"2";"7";"0";"2";"2";"15";"6";""
"201900006247";"138 294 795";"A01";"1";"7";"0";"2";"1";"19";"1";""
"201900006247";"138 294 796";"B01";"1";"7";"0";"2";"8";"1";"1";""
"201900006248";"138 294 793";"A01";"0";"2";"0";"2";"1";"13";"1";""
"201900006248";"138 294 794";"B01";"0";"7";"0";"2";"3";"1";"1";""
"201900006249";"138 294 792";"A01";"0";"7";"1";"0";"1";"14";"1";""
"201900006250";"138 294 791";"A01";"2";"7";"0";"1";"7";"1";"1";""
"201900006251";"138 294 789";"A01";"1";"7";"0";"2";"3";"13";"1";""
"201900006251";"138 294 790";"B01";"1";"7";"0";"2";"3";"1";"0";""
"201900006252";"138 294 788";"A01";"2";"7";"2";"0";"1";"26";"1";""
"201900006253";"138 294 787";"A01";"3";"33";"0";"0";"7";"26";"1";""
"201900006254";"138 294 786";"A01";"1";"7";"0";"1";"3";"1";"1";""
"201900006255";"138 294 785";"A01";"1";"1";"0";"0";"0";"1";"5";""
"201900006256";"138 294 783";"A01";"3";"7";"0";"2";"1";"26";"1";""
"201900006256";"138 294 784";"B01";"3";"7";"0";"2";"4";"26";"1";""
"201900006257";"138 294 781";"A01";"2";"7";"0";"2";"3";"15";"1";""
"201900006257";"138 294 782";"B01";"2";"30";"0";"2";"3";"1";"1";""
"201900006258";"138 294 780";"A01";"1";"7";"0";"1";"1";"2";"1";""
"201900006259";"138 294 777";"B01";"2";"7";"0";"2";"4";"2";"1";""
"201900006259";"138 294 778";"C01";"3";"7";"0";"2";"4";"2";"1";""
"201900006259";"138 294 779";"A01";"2";"7";"0";"2";"1";"2";"1";""
"201900006260";"138 294 775";"A01";"1";"7";"9";"0";"1";"26";"1";""
"201900006260";"138 294 776";"B01";"3";"7";"0";"2";"8";"26";"1";""
"201900006261";"138 294 773";"B01";"1";"2";"0";"2";"3";"9";"1";""
"201900006261";"138 294 774";"A01";"1";"15";"0";"2";"2";"1";"1";""
"201900006262";"138 294 771";"B01";"1";"1";"0";"2";"8";"1";"5";""
"201900006262";"138 294 772";"A01";"2";"7";"0";"2";"2";"15";"1";""
"201900006263";"138 294 769";"A01";"2";"7";"0";"0";"1";"19";"1";""
"201900006263";"138 294 770";"B01";"1";"7";"0";"0";"8";"2";"1";""
"201900006264";"138 294 768";"A01";"2";"43";"1";"0";"1";"14";"1";""
"201900006265";"138 294 766";"A01";"0";"7";"0";"2";"1";"17";"1";""
"201900006265";"138 294 767";"B01";"3";"30";"0";"2";"7";"15";"1";""
"201900006266";"138 294 765";"A01";"3";"7";"8";"0";"9";"14";"0";""
"201900006267";"138 294 763";"A01";"1";"7";"0";"2";"3";"5";"1";""
"201900006267";"138 294 764";"B01";"2";"7";"0";"2";"6";"1";"1";""
"201900006268";"138 294 762";"A01";"2";"7";"0";"1";"3";"1";"1";""
"201900006269";"138 294 759";"B01";"0";"7";"0";"2";"1";"26";"0";""
"201900006269";"138 294 760";"A01";"0";"7";"0";"2";"0";"15";"0";""
"201900006270";"138 294 757";"B01";"0";"7";"0";"0";"0";"16";"0";""
"201900006270";"138 294 758";"A01";"0";"34";"0";"2";"0";"18";"0";""
"201900006271";"138 294 754";"A01";"0";"15";"6";"0";"1";"26";"0";""
"201900006272";"138 294 752";"B01";"1";"31";"0";"2";"1";"1";"1";""
"201900006272";"138 294 753";"A01";"2";"7";"0";"2";"5";"9";"1";""
"201900006273";"138 294 750";"A01";"1";"7";"0";"1";"3";"26";"0";""
"201900006274";"138 294 749";"A01";"1";"7";"0";"1";"1";"2";"1";""
"201900006275";"138 294 747";"A01";"2";"7";"0";"2";"1";"1";"1";""
"201900006275";"138 294 748";"B01";"2";"7";"0";"2";"4";"23";"1";""
"201900006276";"138 294 746";"A01";"1";"7";"0";"1";"2";"1";"1";""
"201900006277";"138 294 744";"B01";"3";"7";"0";"2";"2";"16";"1";""
"201900006277";"138 294 745";"A01";"3";"7";"0";"2";"1";"13";"1";""
"201900006278";"138 294 742";"B01";"3";"7";"0";"2";"8";"26";"1";""
"201900006278";"138 294 743";"A01";"3";"7";"0";"2";"1";"26";"1";""
"201900006279";"138 294 739";"A01";"1";"10";"0";"1";"1";"15";"1";""
"201900006280";"138 294 738";"A01";"3";"7";"5";"0";"1";"26";"1";""
"201900006281";"138 294 737";"A01";"2";"7";"0";"1";"1";"26";"1";""
"201900006282";"138 294 735";"A01";"1";"7";"0";"2";"8";"21";"1";""
"201900006282";"138 294 736";"B01";"1";"33";"0";"2";"2";"17";"1";""
"201900006283";"138 294 734";"B01";"2";"33";"0";"2";"6";"1";"1";""
"201900006284";"138 294 733";"A01";"1";"33";"0";"0";"7";"21";"1";""
"201900006285";"138 294 732";"A01";"1";"1";"0";"0";"0";"1";"0";""
"201900006286";"138 294 731";"A01";"2";"7";"0";"1";"1";"1";"1";""