"Num_Acc";"id_vehicule";"num_veh";"senc";"catv";"obs";"obsm";"choc";"manv";"motor";"occutc"
"201900006287";"138 294 730";"A01";"1";"1";"0";"0";"0";"1";"5";""
"201900006288";"138 294 729";"A01";"3";"33";"6";"0";"1";"1";"1";""
"201900006289";"138 294 727";"A01";"1";"7";"0";"2";"2";"15";"1";""
"201900006289";"138 294 728";"B01";"2";"1";"0";"2";"1";"19";"5";""
"201900006290";"138 294 725";"B01";"1";"1";"0";"2";"1";"1";"5";""
"201900006290";"138 294 726";"A01";"3";"7";"0";"2";"3";"19";"1";""
"201900006291";"138 294 724";"A01";"3";"7";"6";"2";"1";"26";"1";""
"201900006292";"138 294 723";"A01";"2";"7";"2";"0";"1";"16";"1";""
"201900006293";"138 294 721";"B01";"2";"33";"0";"2";"1";"17";"1";""
"201900006293";"138 294 722";"A01";"2";"7";"0";"2";"3";"15";"1";""
"201900006294";"138 294 720";"A01";"1";"7";"16";"0";"2";"1";"1";""
"201900006295";"138 294 718";"B01";"3";"33";"0";"2";"6";"15";"1";""
"201900006295";"138 294 719";"A01";"3";"7";"0";"2";"1";"26";"1";""
"201900006296";"138 294 716";"B01";"1";"7";"0";"2";"7";"1";"1";""
"201900006296";"138 294 717";"A01";"2";"7";"0";"2";"1";"1";"1";""
"201900006297";"138 294 714";"B01";"3";"1";"0";"2";"4";"1";"5";""
"201900006297";"138 294 715";"A01";"3";"7";"0";"6";"8";"15";"1";""
"201900006298";"138 294 712";"B01";"1";"7";"0";"2";"4";"1";"1";""
"201900006298";"138 294 713";"A01";"1";"10";"0";"2";"1";"2";"1";""
"201900006299";"138 294 710";"A01";"2";"7";"0";"2";"1";"19";"1";""
"201900006299";"138 294 711";"B01";"3";"7";"0";"2";"1";"1";"1";""
"201900006300";"138 294 707";"B01";"2";"7";"0";"2";"3";"17";"1";""
"201900006300";"138 294 708";"C01";"2";"17";"1";"2";"4";"0";"1";""
"201900006300";"138 294 709";"A01";"2";"7";"0";"2";"0";"17";"1";""
"201900006301";"138 294 706";"A01";"3";"7";"0";"1";"3";"26";"1";""
"201900006302";"138 294 705";"A01";"2";"7";"0";"1";"1";"1";"1";""
"201900006303";"138 294 703";"B01";"1";"7";"0";"2";"1";"1";"1";""
"201900006303";"138 294 704";"A01";"1";"7";"0";"2";"1";"12";"1";""
"201900006304";"138 294 701";"A01";"2";"7";"0";"1";"1";"1";"1";""
"201900006305";"138 294 700";"A01";"1";"31";"0";"1";"1";"17";"1";""
"201900006306";"138 294 698";"B01";"1";"33";"0";"2";"7";"1";"1";""
"201900006306";"138 294 699";"A01";"1";"7";"0";"2";"2";"16";"2";""
"201900006307";"138 294 697";"A01";"2";"7";"1";"0";"1";"14";"1";""
"201900006308";"138 294 695";"A01";"1";"2";"0";"2";"1";"17";"1";""
"201900006308";"138 294 696";"B01";"1";"7";"0";"0";"6";"15";"1";""
"201900006309";"138 294 693";"B01";"2";"2";"0";"2";"2";"1";"1";""
"201900006309";"138 294 694";"A01";"2";"7";"0";"2";"3";"23";"1";""
"201900006310";"138 294 691";"B01";"1";"7";"0";"2";"1";"1";"1";""
"201900006310";"138 294 692";"A01";"1";"7";"0";"2";"8";"10";"1";""
"201900006311";"138 294 690";"A01";"2";"31";"0";"0";"7";"1";"1";""
"201900006312";"138 294 688";"A01";"0";"15";"0";"2";"2";"12";"1";""
"201900006312";"138 294 689";"B01";"0";"7";"0";"2";"9";"1";"1";""
"201900006313";"138 294 686";"B01";"0";"2";"0";"2";"1";"1";"1";""
"201900006313";"138 294 687";"A01";"0";"7";"0";"2";"8";"15";"1";""
"201900006314";"138 294 684";"A01";"2";"2";"0";"2";"1";"17";"1";""
"201900006314";"138 294 685";"B01";"3";"7";"0";"2";"3";"15";"1";""
"201900006315";"138 294 682";"A01";"0";"43";"0";"2";"2";"17";"1";""
"201900006315";"138 294 683";"B01";"0";"10";"0";"2";"3";"1";"1";""
"201900006316";"138 294 681";"A01";"0";"32";"0";"1";"1";"1";"1";""
"201900006317";"138 294 680";"Z01";"0";"7";"0";"1";"0";"1";"1";""
"201900006318";"138 294 678";"B01";"3";"1";"0";"2";"8";"1";"5";""
"201900006318";"138 294 679";"A01";"3";"7";"0";"2";"7";"14";"1";""
"201900006319";"138 294 676";"B01";"3";"7";"0";"2";"1";"15";"1";""
"201900006319";"138 294 677";"A01";"3";"32";"0";"2";"7";"18";"1";""
"201900006320";"138 294 674";"A01";"1";"7";"0";"2";"3";"1";"1";""
"201900006320";"138 294 675";"Z01";"1";"10";"0";"2";"0";"0";"1";""
"201900006321";"138 294 672";"B01";"0";"33";"0";"2";"1";"1";"1";""
"201900006321";"138 294 673";"A01";"0";"7";"0";"2";"2";"15";"1";""
"201900006322";"138 294 670";"A01";"2";"7";"0";"2";"1";"9";"1";""
"201900006322";"138 294 671";"B01";"1";"7";"0";"2";"2";"1";"1";""
"201900006323";"138 294 669";"A01";"3";"14";"0";"1";"8";"1";"1";""
"201900006324";"138 294 665";"A01";"2";"7";"0";"6";"3";"1";"1";""
"201900006324";"138 294 666";"B01";"3";"1";"0";"2";"4";"1";"5";""
"201900006325";"138 294 663";"A01";"2";"7";"0";"2";"1";"15";"1";""
"201900006325";"138 294 664";"B01";"2";"37";"0";"2";"2";"1";"1";"2"
"201900006326";"138 294 661";"B01";"1";"1";"0";"2";"4";"0";"6";""
"201900006326";"138 294 662";"A01";"1";"7";"0";"2";"3";"26";"1";""
"201900006327";"138 294 659";"A01";"2";"7";"0";"2";"2";"1";"1";""
"201900006327";"138 294 660";"B01";"1";"7";"0";"2";"7";"15";"1";""
"201900006328";"138 294 657";"A01";"2";"7";"0";"2";"2";"1";"1";""
"201900006328";"138 294 658";"B01";"1";"7";"0";"2";"6";"1";"1";""
"201900006329";"138 294 656";"A01";"3";"7";"0";"2";"1";"1";"1";""
"201900006330";"138 294 654";"B01";"3";"7";"0";"2";"3";"1";"0";""
"201900006330";"138 294 655";"A01";"3";"7";"0";"2";"1";"15";"1";""
"201900006331";"138 294 653";"A01";"0";"7";"0";"1";"4";"20";"0";""
"201900006332";"138 294 651";"A01";"0";"33";"0";"2";"1";"2";"1";""
"201900006332";"138 294 652";"B01";"0";"7";"0";"2";"4";"23";"1";""
"201900006333";"138 294 647";"A01";"1";"7";"0";"2";"1";"1";"1";""
"201900006333";"138 294 648";"B01";"2";"7";"0";"2";"6";"1";"1";""
"201900006334";"138 294 646";"A01";"2";"7";"15";"0";"1";"14";"1";""
"201900006335";"138 294 643";"B01";"0";"7";"0";"2";"4";"2";"1";""
"201900006335";"138 294 644";"C01";"0";"7";"0";"0";"4";"1";"1";""
"201900006335";"138 294 645";"A01";"0";"7";"0";"2";"1";"2";"1";""
"201900006336";"138 294 641";"A01";"0";"7";"0";"2";"1";"2";"1";""
"201900006336";"138 294 642";"B01";"3";"7";"0";"0";"4";"1";"1";""
"201900006337";"138 294 639";"B01";"2";"1";"0";"2";"1";"19";"5";""
"201900006337";"138 294 640";"A01";"3";"7";"0";"2";"1";"1";"1";""
"201900006338";"138 294 637";"A01";"1";"7";"0";"2";"1";"1";"1";""
"201900006338";"138 294 638";"B01";"1";"1";"0";"2";"4";"1";"5";""
"201900006339";"138 294 636";"A01";"2";"33";"0";"0";"0";"0";"1";""
"201900006340";"138 294 635";"A01";"3";"7";"11";"0";"3";"13";"1";""
"201900006341";"138 294 633";"A01";"1";"7";"0";"2";"9";"1";"1";""
"201900006342";"138 294 631";"B01";"2";"7";"0";"2";"4";"15";"1";""
"201900006342";"138 294 632";"A01";"2";"7";"0";"2";"1";"1";"1";""
"201900006343";"138 294 630";"A01";"1";"10";"0";"1";"0";"16";"1";""
"201900006344";"138 294 625";"B01";"2";"2";"0";"2";"3";"1";"1";""
"201900006344";"138 294 626";"A01";"1";"7";"0";"2";"1";"15";"1";""
"201900006345";"138 294 624";"A01";"1";"30";"0";"0";"7";"1";"1";""
"201900006346";"138 294 615";"A01";"2";"7";"2";"0";"3";"13";"1";""
"201900006347";"138 294 614";"A01";"2";"7";"6";"0";"1";"13";"1";""
"201900006348";"138 294 608";"G01";"2";"7";"0";"2";"1";"1";" -1";""
"201900006348";"138 294 609";"H01";"2";"7";"0";"2";"9";"1";"1";""
"201900006348";"138 294 610";"I01";"2";"7";"0";"2";"9";"1";"1";""
"201900006348";"138 294 611";"J01";"2";"7";"0";"2";"9";"1";"1";""
"201900006348";"138 294 612";"K01";"2";"10";"0";"2";"9";"1";" -1";""
"201900006348";"138 294 613";"L01";"2";"7";"0";"2";"4";"1";" -1";""
"201900006349";"138 294 606";"A01";"3";"34";"0";"2";"0";"1";"1";""
"201900006349";"138 294 607";"B01";"3";"7";"0";"2";"4";"15";"1";""
"201900006350";"138 294 605";"A01";"3";"7";"0";"1";"0";"1";"1";""
"201900006351";"138 294 603";"C01";"3";"7";"0";"2";"1";"1";"1";""
"201900006351";"138 294 604";"D01";"3";"7";"0";"2";"4";"1";" -1";""
"201900006352";"138 294 601";"B01";"1";"7";"0";"2";"6";"2";"1";""
"201900006352";"138 294 602";"A01";"1";"33";"0";"2";"2";"17";"1";""
"201900006353";"138 294 600";"A01";"1";"7";"4";"0";"1";"13";"1";""
"201900006354";"138 294 598";"B01";"2";"33";"0";"2";"1";"1";"1";""
"201900006354";"138 294 599";"A01";"2";"37";"0";"2";"3";"9";"1";"1"
"201900006355";"138 294 596";"A01";"0";"7";"0";"2";"2";"9";"1";""
"201900006355";"138 294 597";"B01";"0";"33";"0";"2";"1";"1";"1";""
"201900006356";"138 294 594";"Z01";"3";"7";"0";"2";"1";"2";"1";""
"201900006356";"138 294 595";"A01";"3";"33";"0";"2";"2";"2";"1";""
"201900006357";"138 294 593";"Z01";"0";"7";"0";"1";"1";"2";"1";""
"201900006358";"138 294 591";"A01";"1";"30";"0";"2";"8";"11";"1";""
"201900006358";"138 294 592";"B01";"1";"7";"0";"2";"0";"2";"1";""
"201900006359";"138 294 589";"A01";"1";"3";"0";"2";"1";"13";"1";""
"201900006359";"138 294 590";"B01";"2";"34";"0";"2";"1";"1";"1";""
"201900006360";"138 294 587";"B01";"3";"2";"0";"2";"6";"16";"0";""
"201900006360";"138 294 588";"A01";"3";"7";"0";"2";"2";"12";"0";""
"201900006361";"138 294 585";"A01";"1";"10";"0";"2";"2";"15";"0";""
"201900006361";"138 294 586";"B01";"3";"31";"0";"2";"1";"1";"0";""
"201900006362";"138 294 583";"B01";"1";"33";"0";"2";"1";"1";"1";""
"201900006362";"138 294 584";"A01";"2";"7";"0";"2";"5";"4";"1";""
"201900006363";"138 294 582";"A01";"2";"7";"0";"1";"6";"26";"1";""
"201900006364";"138 294 581";"A01";"0";"31";"4";"0";"8";"1";"1";""
"201900006365";"138 294 578";"B01";"1";"7";"1";"0";"9";"0";"1";""
"201900006365";"138 294 579";"C01";"1";"7";"1";"0";"4";"0";"1";""
"201900006365";"138 294 580";"A01";"2";"7";"1";"0";"2";"0";"1";""
"201900006366";"138 294 577";"A01";"1";"30";"12";"0";"1";"13";"1";""
"201900006367";"138 294 575";"B01";"3";"7";"0";"2";"2";"16";"1";""
"201900006367";"138 294 576";"A01";"3";"7";"8";"2";"3";"7";"1";""
"201900006368";"138 294 574";"A01";"2";"7";"0";"1";"1";"2";"1";""
"201900006369";"138 294 572";"B01";"1";"7";"0";"2";"7";"15";"1";""
"201900006369";"138 294 573";"A01";"1";"32";"0";"2";"8";"17";"1";""
"201900006370";"138 294 570";"B01";"1";"33";"0";"2";"7";"1";"1";""
"201900006370";"138 294 571";"A01";"1";"7";"0";"1";"6";"1";"1";""
"201900006371";"138 294 569";"A01";"2";"10";"0";"1";"2";"1";"0";""
"201900006372";"138 294 568";"A01";"2";"7";"0";"1";"0";"16";"1";""
"201900006373";"138 294 565";"B01";"1";"7";"0";"2";"4";"2";"1";""
"201900006373";"138 294 566";"C01";"1";"14";"0";"0";"0";"1";"1";""
"201900006373";"138 294 567";"A01";"1";"31";"0";"2";"1";"2";"1";""
"201900006374";"138 294 562";"B01";"1";"99";"0";"2";"4";"1";"0";""
"201900006374";"138 294 563";"C01";"2";"34";"0";"2";"1";"1";"1";""
"201900006374";"138 294 564";"A01";"1";"34";"8";"2";"1";"1";"1";""
"201900006375";"138 294 560";"A01";"1";"7";"1";"0";"1";"2";"1";""
"201900006375";"138 294 561";"B01";"1";"7";"0";"2";"4";"23";"1";""
"201900006376";"138 294 558";"A01";"1";"32";"0";"2";"1";"1";"1";""
"201900006376";"138 294 559";"B01";"1";"10";"0";"2";"8";"0";"1";""
"201900006377";"138 294 556";"Y01";"1";"0";"0";"2";"7";"26";"0";""
"201900006377";"138 294 557";"A01";"1";"33";"0";"1";"1";"26";"1";""
"201900006378";"138 294 555";"A01";"0";"7";"8";"0";"2";"1";"1";""
"201900006379";"138 294 553";"A01";"2";"3";"0";"2";"1";"1";"1";""
"201900006379";"138 294 554";"B01";"3";"3";"0";"2";"7";"15";"1";""
"201900006380";"138 294 551";"B01";"2";"32";"1";"2";"1";"1";"1";""
"201900006380";"138 294 552";"A01";"0";"30";"0";"2";"4";"9";"1";""
"201900006381";"138 294 549";"A01";"2";"3";"0";"2";"1";"2";"1";""
"201900006381";"138 294 550";"B01";"2";"7";"0";"2";"4";"0";"1";""
"201900006382";"138 294 547";"A01";"1";"3";"0";"2";"1";"13";"1";""
"201900006382";"138 294 548";"B01";"2";"7";"0";"2";"1";"1";"3";""
"201900006383";"138 294 545";"B01";"3";"2";"0";"2";"1";"12";"1";""
"201900006383";"138 294 546";"A01";"2";"7";"0";"2";"3";"9";"1";""
"201900006384";"138 294 543";"B01";"2";"32";"0";"2";"1";"17";"1";""
"201900006384";"138 294 544";"A01";"2";"7";"0";"2";"3";"15";"1";""
"201900006385";"138 294 542";"A01";"3";"10";"0";"1";"1";"26";"1";""
"201900006386";"138 294 541";"Z01";"0";"32";"0";"0";"0";"26";"1";""
"201900006387";"138 294 539";"B01";"2";"7";"0";"2";"4";"2";"1";""
"201900006387";"138 294 540";"A01";"2";"7";"0";"2";"1";"2";"1";""
"201900006388";"138 294 538";"A01";"2";"7";"0";"1";"0";"0";"0";""
"201900006389";"138 294 536";"A01";"2";"7";"0";"2";"4";"1";"0";""
"201900006389";"138 294 537";"Z01";"2";"7";"0";"2";"0";"2";"0";""
"201900006390";"138 294 534";"A01";"2";"7";"0";"2";"1";"1";"1";""
"201900006390";"138 294 535";"B01";"3";"7";"0";"2";"8";"19";"1";""
"201900006391";"138 294 532";"A01";"1";"7";"0";"2";"1";"15";"1";""
"201900006391";"138 294 533";"B01";"2";"32";"0";"2";"1";"1";"0";""
"201900006392";"138 294 529";"A01";"1";"7";"0";"2";"3";"26";"1";""
"201900006392";"138 294 530";"C01";"2";"7";"0";"2";"3";"26";"1";""
"201900006392";"138 294 531";"B01";"1";"2";"0";"2";"7";"26";"1";""
"201900006393";"138 294 527";"B01";"3";"20";"0";"2";"3";"19";"1";""
"201900006393";"138 294 528";"A01";"3";"99";"0";"2";"2";"0";"1";""
"201900006394";"138 294 525";"B01";"3";"31";"0";"2";"8";"15";"1";""
"201900006394";"138 294 526";"A01";"3";"7";"0";"6";"3";"1";"1";""
"201900006395";"138 294 524";"A01";"1";"7";"0";"1";"3";"15";"1";""
"201900006396";"138 294 522";"B01";"1";"32";"0";"2";"7";"17";"1";""
"201900006396";"138 294 523";"A01";"1";"7";"0";"2";"3";"2";"1";""
"201900006397";"138 294 521";"A01";"2";"30";"0";"0";"0";"0";"0";""
"201900006398";"138 294 518";"A01";"1";"15";"9";"0";"0";"16";"1";""
"201900006399";"138 294 515";"B01";"3";"1";"0";"2";"1";"19";"5";""
"201900006399";"138 294 516";"A01";"3";"7";"0";"1";"1";"15";"1";""
"201900006400";"138 294 512";"B01";"1";"2";"0";"2";"4";"1";"0";""
"201900006400";"138 294 513";"C01";"1";"7";"0";"2";"4";"23";"0";""
"201900006400";"138 294 514";"A01";"1";"7";"0";"2";"1";"26";"0";""
"201900006401";"138 294 510";"A01";"3";"7";"0";"1";"1";"1";"1";""
"201900006401";"138 294 511";"B01";"3";"99";"0";"2";"1";"1";"3";""
"201900006402";"138 294 509";"A01";"1";"7";"0";"0";"1";"1";"1";""
"201900006403";"138 294 507";"A01";"1";"7";"0";"2";"3";"13";"1";""
"201900006403";"138 294 508";"B01";"2";"7";"0";"2";"3";"1";"1";""
"201900006404";"138 294 506";"A01";"2";"7";"0";"1";"1";"1";"1";""
"201900006405";"138 294 502";"D01";"3";"7";"0";"2";"4";"23";"1";""
"201900006405";"138 294 503";"B01";"3";"7";"0";"2";"4";"2";"1";""
"201900006405";"138 294 504";"C01";"3";"7";"0";"2";"1";"2";"1";""
"201900006405";"138 294 505";"A01";"3";"10";"0";"2";"1";"2";"1";""
"201900006406";"138 294 499";"A01";"2";"31";"6";"0";"7";"14";"1";""
"201900006407";"138 294 497";"B01";"3";"1";"0";"2";"3";"1";"5";""
"201900006407";"138 294 498";"A01";"3";"7";"0";"6";"7";"16";"1";""
"201900006408";"138 294 496";"A01";"3";"7";"0";"1";"2";"2";"6";""
"201900006409";"138 294 495";"A01";"2";"30";"0";"1";"2";"1";"1";""
"201900006410";"138 294 493";"B01";"2";"32";"0";"2";"1";"0";"1";""
"201900006410";"138 294 494";"A01";"1";"34";"0";"2";"1";"13";"1";""
"201900006411";"138 294 491";"B01";"1";"31";"0";"2";"3";"1";"1";""
"201900006411";"138 294 492";"A01";"1";"7";"0";"2";"3";"1";"1";""
"201900006412";"138 294 490";"A01";"1";"7";"0";"2";"6";"0";"6";""
"201900006413";"138 294 488";"B01";"2";"20";"0";"2";"4";"16";"1";""
"201900006413";"138 294 489";"A01";"2";"30";"0";"2";"1";"2";"0";""
"201900006414";"138 294 486";"B01";"1";"15";"0";"2";"3";"1";"1";""
"201900006414";"138 294 487";"A01";"0";"10";"0";"2";"1";"15";"1";""
"201900006415";"138 294 483";"B01";"3";"1";"0";"2";"8";"19";"5";""
"201900006415";"138 294 484";"A01";"2";"10";"0";"2";"1";"1";"1";""
"201900006416";"138 294 479";"B01";"1";"7";"0";"2";"7";"1";"1";""
"201900006416";"138 294 480";"A01";"1";"7";"0";"2";"1";"2";"0";""
"201900006417";"138 294 477";"A01";"1";"7";"0";"2";"0";"18";"1";""
"201900006417";"138 294 478";"B01";"1";"7";"0";"2";"1";"17";"1";""
"201900006418";"138 294 474";"A01";"1";"7";"4";"0";"1";"14";"1";""
"201900006419";"138 294 472";"B01";"1";"32";"0";"2";"1";"1";"1";""
"201900006419";"138 294 473";"A01";"1";"7";"0";"2";"3";"13";"1";""
"201900006420";"138 294 470";"B01";"1";"30";"0";"2";"1";"1";"1";""
"201900006420";"138 294 471";"A01";"2";"7";"0";"2";"1";"15";"1";""
"201900006421";"138 294 469";"A01";"3";"7";"0";"1";"1";"1";"1";""
"201900006422";"138 294 467";"A01";"1";"7";"14";"0";"3";"13";"0";""
"201900006422";"138 294 468";"B01";"2";"2";"15";"0";"1";"13";"0";""
"201900006423";"138 294 465";"B01";"2";"33";"0";"2";"1";"2";"1";""
"201900006423";"138 294 466";"A01";"1";"10";"0";"2";"2";"15";"1";""
"201900006424";"138 294 464";"A01";"2";"7";"0";"1";"4";"23";"1";""
"201900006425";"138 294 462";"B01";"2";"31";"0";"2";"1";"23";"1";""
"201900006425";"138 294 463";"A01";"1";"7";"2";"2";"4";"26";"1";""
"201900006426";"138 294 459";"A01";"1";"7";"6";"0";"1";"13";"1";""
"201900006427";"138 294 456";"B01";"2";"7";"0";"2";"5";"2";"1";""
"201900006427";"138 294 457";"C01";"2";"1";"0";"2";"8";"1";"0";""
"201900006427";"138 294 458";"A01";"2";"7";"0";"2";"7";"2";"1";""
"201900006428";"138 294 453";"D01";"2";"33";"0";"2";"1";"1";" -1";""
"201900006428";"138 294 454";"C01";"1";"7";"0";"2";"8";"15";" -1";""
"201900006429";"138 294 445";"A01";"1";"7";"0";"0";"1";"2";"1";""
"201900006430";"138 294 440";"A01";"1";"7";"0";"1";"3";"1";"1";""
"201900006431";"138 294 437";"B01";"1";"7";"0";"2";"2";"21";"1";""
"201900006431";"138 294 438";"A01";"2";"7";"0";"2";"3";"13";"1";""
"201900006432";"138 294 436";"A01";"1";"32";"0";"0";"0";"0";"1";""
"201900006433";"138 294 435";"A01";"0";"7";"8";"0";"9";"1";"1";""
"201900006434";"138 294 434";"A01";"0";"37";"0";"1";"1";"1";"1";"1"
"201900006435";"138 294 432";"B01";"0";"7";"0";"2";"2";"4";"1";""
"201900006435";"138 294 433";"A01";"0";"31";"0";"2";"7";"1";"1";""
"201900006436";"138 294 430";"B01";"0";"33";"0";"2";"0";"1";"1";""
"201900006436";"138 294 431";"A01";"0";"7";"0";"2";"2";"16";"1";""
"201900006437";"138 294 428";"B01";"0";"7";"0";"2";"1";"1";"1";""
"201900006437";"138 294 429";"A01";"0";"7";"0";"2";"7";"1";"1";""
"201900006438";"138 294 426";"A01";"0";"7";"0";"2";"3";"15";"1";""
"201900006438";"138 294 427";"B01";"0";"1";"0";"2";"0";"17";"5";""
"201900006439";"138 294 421";"A01";"2";"50";"0";"2";"0";"1";"3";""
"201900006439";"138 294 422";"B01";"0";"7";"0";"2";"1";"9";"1";""
"201900006440";"138 294 419";"B01";"1";"7";"0";"2";"5";"23";"1";""
"201900006440";"138 294 420";"A01";"1";"7";"0";"2";"3";"11";"1";""
"201900006441";"138 294 417";"B01";"2";"7";"0";"2";"8";"9";"1";""
"201900006441";"138 294 418";"A01";"2";"10";"0";"2";"1";"1";"1";""
"201900006442";"138 294 415";"B01";"2";"33";"0";"2";"8";"11";"1";""
"201900006442";"138 294 416";"A01";"2";"7";"0";"2";"7";"1";"0";""
"201900006443";"138 294 410";"B01";"2";"7";"0";"2";"1";"1";"1";""
"201900006443";"138 294 411";"A01";"1";"7";"0";"2";"1";"13";"1";""
"201900006444";"138 294 404";"B01";"2";"7";"0";"2";"4";"2";"1";""
"201900006444";"138 294 405";"A01";"2";"7";"0";"2";"1";"2";"1";""
"201900006445";"138 294 400";"B01";"1";"31";"0";"2";"8";"1";"1";""
"201900006445";"138 294 401";"A01";"1";"7";"0";"2";"1";"10";"1";""
"201900006446";"138 294 392";"B01";"2";"7";"0";"2";"2";"15";"1";""
"201900006446";"138 294 393";"A01";"1";"30";"0";"2";"1";"1";"1";""
"201900006447";"138 294 390";"A01";"1";"7";"0";"2";"1";"19";"1";""
"201900006447";"138 294 391";"B01";"2";"7";"0";"2";"8";"1";"1";""
"201900006448";"138 294 388";"A01";"1";"7";"0";"2";"2";"19";"1";""
"201900006448";"138 294 389";"B01";"1";"7";"0";"2";"3";"1";"0";""
"201900006449";"138 294 385";"B01";"1";"10";"0";"2";"2";"11";"1";""
"201900006449";"138 294 386";"A01";"2";"10";"0";"2";"1";"19";"1";""
"201900006450";"138 294 383";"B01";"1";"7";"0";"2";"5";"0";"1";""
"201900006450";"138 294 384";"A01";"1";"7";"0";"2";"1";"26";"1";""
"201900006451";"138 294 381";"B01";"3";"7";"0";"2";"3";"1";"1";""
"201900006451";"138 294 382";"A01";"3";"20";"0";"2";"2";"15";"0";""
"201900006452";"138 294 380";"A01";"3";"7";"0";"1";"2";"17";"0";""
"201900006453";"138 294 378";"A01";"2";"10";"0";"2";"5";"15";"1";""
"201900006453";"138 294 379";"B01";"1";"33";"0";"2";"1";"1";"1";""
"201900006454";"138 294 375";"A01";"3";"7";"0";"2";"2";"9";"1";""
"201900006454";"138 294 376";"C01";"3";"15";"0";"2";"3";"23";"1";""
"201900006454";"138 294 377";"B01";"3";"7";"0";"2";"1";"1";"1";""
"201900006455";"138 294 374";"A01";"2";"7";"13";"0";"1";"14";"1";""
"201900006456";"138 294 372";"B01";"1";"33";"0";"2";"1";"17";"1";""
"201900006456";"138 294 373";"A01";"1";"10";"0";"2";"3";"11";"0";""
"201900006457";"138 294 367";"A01";"2";"30";"0";"1";"1";"17";"1";""
"201900006458";"138 294 365";"B01";"3";"7";"0";"6";"1";"0";"1";""
"201900006458";"138 294 366";"Z01";"3";"10";"0";"2";"1";"0";"0";""
"201900006459";"138 294 362";"A01";"2";"7";"0";"2";"6";"21";"1";""
"201900006459";"138 294 363";"C01";"2";"7";"0";"2";"4";"1";"3";""
"201900006459";"138 294 364";"B01";"2";"7";"0";"2";"3";"1";"1";""
"201900006460";"138 294 360";"B01";"1";"7";"0";"2";"5";"12";"1";""
"201900006460";"138 294 361";"A01";"1";"7";"0";"2";"3";"1";"1";""
"201900006461";"138 294 358";"B01";"1";"7";"0";"2";"4";"0";"1";""
"201900006461";"138 294 359";"A01";"1";"7";"0";"2";"1";"2";"1";""
"201900006462";"138 294 354";"A01";"1";"33";"0";"2";"7";"12";"1";""
"201900006462";"138 294 355";"B01";"1";"7";"0";"2";"6";"1";"1";""
"201900006463";"138 294 350";"B01";"1";"7";"0";"2";"4";"16";"1";""
"201900006463";"138 294 351";"A01";"1";"7";"0";"2";"1";"1";"1";""
"201900006464";"138 294 348";"A01";"3";"7";"0";"2";"3";"9";"1";""
"201900006464";"138 294 349";"B01";"3";"30";"0";"2";"2";"1";"1";""
"201900006465";"138 294 346";"B01";"2";"7";"0";"2";"3";"23";"1";""
"201900006465";"138 294 347";"A01";"2";"7";"0";"2";"2";"1";"1";""
"201900006466";"138 294 344";"Z01";"2";"7";"0";"2";"1";"1";"0";""
"201900006466";"138 294 345";"B01";"2";"7";"0";"2";"4";"1";"1";""
"201900006467";"138 294 342";"A01";"1";"7";"0";"2";"2";"15";"1";""
"201900006467";"138 294 343";"B01";"2";"33";"0";"2";"1";"1";"0";""
"201900006468";"138 294 340";"B01";"1";"7";"0";"2";"3";"1";"1";""
"201900006468";"138 294 341";"A01";"1";"1";"0";"2";"1";"19";"5";""
"201900006469";"138 294 338";"B01";"2";"7";"0";"2";"1";"1";"1";""
"201900006469";"138 294 339";"A01";"2";"7";"4";"0";"3";"13";"1";""
"201900006470";"138 294 336";"A01";"3";"7";"0";"1";"8";"26";"0";""
"201900006471";"138 294 334";"B01";"3";"7";"0";"2";"0";"0";"0";""
"201900006471";"138 294 335";"A01";"0";"1";"0";"2";"8";"26";"0";""
"201900006472";"138 294 332";"A01";"2";"7";"0";"2";"7";"13";"1";""
"201900006472";"138 294 333";"B01";"1";"7";"0";"2";"1";"1";"1";""
"201900006473";"138 294 330";"B01";"2";"7";"0";"0";"4";"2";"1";""
"201900006473";"138 294 331";"A01";"2";"7";"0";"2";"1";"2";"1";""
"201900006474";"138 294 329";"A01";"3";"31";"0";"1";"1";"7";"0";""
"201900006475";"138 294 328";"A01";"3";"30";"0";"0";"3";"1";"1";""
"201900006476";"138 294 326";"Z01";"1";"7";"0";"2";"2";"15";"0";""
"201900006476";"138 294 327";"A01";"1";"32";"0";"2";"1";"1";"1";""
"201900006477";"138 294 324";"B01";"1";"7";"0";"2";"3";"0";"0";""
"201900006477";"138 294 325";"A01";"1";"33";"0";"2";"0";"0";"0";""
"201900006478";"138 294 322";"B01";"2";"7";"0";"2";"3";"15";"1";""
"201900006478";"138 294 323";"A01";"2";"33";"0";"2";"1";"17";"1";""
"201900006479";"138 294 320";"A01";"1";"7";"0";"2";"2";"15";"1";""
"201900006479";"138 294 321";"B01";"2";"31";"0";"2";"1";"1";"1";""
"201900006480";"138 294 318";"A01";"2";"3";"0";"2";"2";"15";"1";""
"201900006480";"138 294 319";"B01";"1";"7";"0";"2";"1";"1";"1";""
"201900006481";"138 294 316";"A01";"1";"13";"0";"2";"7";"12";"1";""
"201900006481";"138 294 317";"B01";"1";"7";"0";"2";"8";"1";"1";""
"201900006482";"138 294 313";"A01";"1";"7";"0";"2";"8";"1";"1";""
"201900006482";"138 294 314";"B01";"2";"33";"0";"2";"1";"1";"1";""