"Num_Acc";"id_vehicule";"num_veh";"senc";"catv";"obs";"obsm";"choc";"manv";"motor";"occutc"
"201900006900";"138 293 552";"B01";"1";"7";"0";"2";"1";"1";"1";""
"201900006901";"138 293 549";"B01";"2";"10";"0";"0";"6";"1";"1";""
"201900006901";"138 293 550";"A01";"2";"33";"0";"2";"1";"1";"1";""
"201900006902";"138 293 548";"A01";"2";"7";"6";"0";"1";"13";"1";""
"201900006903";"138 293 547";"A01";"1";"7";"2";"0";"1";"0";"0";""
"201900006904";"138 293 545";"B01";"3";"1";"0";"2";"8";"1";"5";""
"201900006904";"138 293 546";"A01";"3";"7";"0";"2";"7";"16";"1";""
"201900006905";"138 293 544";"A01";"1";"7";"0";"1";"2";"2";"6";""
"201900006906";"138 293 543";"A01";"1";"33";"0";"0";"0";"17";"1";""
"201900006907";"138 293 540";"A01";"3";"2";"0";"2";"8";"1";"1";""
"201900006907";"138 293 541";"B01";"3";"7";"0";"2";"3";"1";"1";""
"201900006908";"138 293 537";"A01";"2";"7";"0";"2";"1";"13";"1";""
"201900006908";"138 293 538";"B01";"1";"10";"0";"2";"3";"1";"1";""
"201900006908";"138 293 539";"C01";"1";"10";"0";"2";"2";"1";"1";""
"201900006909";"138 293 535";"A01";"1";"2";"0";"0";"1";"16";"1";""
"201900006909";"138 293 536";"B01";"1";"7";"0";"0";"3";"1";"1";""
"201900006910";"138 293 534";"A01";"1";"33";"2";"0";"0";"2";"1";""
"201900006911";"138 293 533";"A01";"1";"7";"7";"0";"2";"0";"1";""
"201900006912";"138 293 531";"B01";"2";"7";"6";"2";"3";"1";"1";""
"201900006912";"138 293 532";"A01";"1";"7";"0";"2";"3";"15";"1";""
"201900006913";"138 293 530";"A01";"1";"7";"6";"0";"7";"1";"1";""
"201900006914";"138 293 529";"A01";"2";"7";"2";"0";"2";"13";"1";""
"201900006915";"138 293 528";"A01";"1";"7";"4";"0";"3";"2";"1";""
"201900006916";"138 293 527";"A01";"2";"7";"13";"0";"1";"1";"1";""
"201900006917";"138 293 524";"A01";"0";"7";"0";"2";"3";"1";"1";""
"201900006917";"138 293 525";"B01";"3";"2";"0";"2";"1";"1";"1";""
"201900006918";"138 293 523";"B01";"2";"7";"0";"2";"1";"1";"1";""
"201900006918";"138 293 526";"A01";"2";"15";"0";"0";"6";"15";"1";""
"201900006919";"138 293 522";"A01";"0";"7";"4";"0";"0";"0";"6";""
"201900006920";"138 293 521";"A01";"3";"7";"0";"1";"5";"1";"1";""
"201900006921";"138 293 518";"A01";"3";"7";"0";"2";"1";"2";"6";""
"201900006921";"138 293 520";"B01";"3";"21";"0";"0";"6";"1";"6";""
"201900006922";"138 293 517";"A01";"0";"7";"0";"2";"2";"17";"1";""
"201900006922";"138 293 519";"B01";"0";"1";"0";"2";"8";"15";"5";""
"201900006923";"138 293 514";"B01";"2";"7";"0";"1";"1";"1";"1";""
"201900006923";"138 293 516";"A01";"1";"7";"0";"2";"3";"23";"1";""
"201900006924";"138 293 511";"A01";"1";"7";"0";"2";"2";"15";"1";""
"201900006924";"138 293 513";"B01";"2";"33";"0";"2";"1";"1";"1";""
"201900006925";"138 293 509";"C01";"1";"10";"0";"2";"3";"1";"1";""
"201900006925";"138 293 510";"B01";"2";"10";"0";"2";"5";"1";"1";""
"201900006925";"138 293 512";"A01";"2";"10";"0";"2";"3";"1";"1";""
"201900006926";"138 293 508";"A01";"1";"7";"2";"0";"3";"1";"1";""
"201900006927";"138 293 507";"A01";"0";"2";"6";"0";"1";"0";"0";""
"201900006928";"138 293 505";"A01";"2";"33";"0";"2";"0";"17";"1";""
"201900006928";"138 293 506";"B01";"1";"7";"0";"2";"1";"1";"1";""
"201900006929";"138 293 504";"A01";"1";"7";"0";"1";"2";"1";"1";""
"201900006930";"138 293 501";"A01";"1";"7";"0";"2";"3";"2";"1";""
"201900006930";"138 293 503";"B01";"1";"2";"0";"2";"1";"12";"1";""
"201900006931";"138 293 500";"B01";"1";"7";"0";"2";"3";"1";"1";""
"201900006931";"138 293 502";"A01";"2";"7";"0";"2";"3";"13";"1";""
"201900006932";"138 293 499";"A01";"1";"2";"0";"6";"0";"0";"1";""
"201900006933";"138 293 496";"A01";"0";"7";"0";"2";"1";"13";"1";""
"201900006933";"138 293 497";"B01";"1";"10";"0";"2";"1";"1";"1";""
"201900006934";"138 293 493";"C01";"2";"7";"0";"2";"1";"1";"1";""
"201900006934";"138 293 494";"B01";"2";"7";"0";"2";"3";"0";"1";""
"201900006934";"138 293 498";"A01";"1";"7";"0";"2";"3";"0";"1";""
"201900006935";"138 293 491";"B01";"1";"1";"0";"2";"7";"17";"5";""
"201900006935";"138 293 492";"A01";"1";"7";"0";"2";"8";"11";"1";""
"201900006936";"138 293 488";"A01";"2";"33";"0";"0";"0";"1";"1";""
"201900006937";"138 293 486";"A01";"1";"7";"0";"2";"1";"1";"1";""
"201900006937";"138 293 487";"B01";"1";"7";"0";"0";"2";"1";"1";""
"201900006938";"138 293 484";"B01";"1";"7";"2";"2";"2";"17";"1";""
"201900006938";"138 293 485";"A01";"2";"7";"0";"2";"2";"1";"1";""
"201900006939";"138 293 483";"A01";"2";"2";"2";"0";"1";"1";"1";""
"201900006940";"138 293 481";"A01";"1";"7";"0";"2";"7";"19";"1";""
"201900006940";"138 293 482";"B01";"1";"7";"0";"2";"1";"1";"1";""
"201900006941";"138 293 495";"A01";"1";"7";"8";"0";"3";"1";"0";""
"201900006942";"138 293 480";"A01";"2";"33";"8";"0";"1";"1";"1";""
"201900006943";"138 293 476";"C01";"1";"7";"0";"2";"3";"21";"1";""
"201900006943";"138 293 478";"B01";"1";"17";"0";"2";"2";"14";"1";""
"201900006943";"138 293 479";"A01";"1";"7";"12";"2";"8";"1";"1";""
"201900006944";"138 293 477";"A01";"1";"7";"2";"0";"3";"1";"1";""
"201900006945";"138 293 474";"A01";"1";"10";"2";"0";"3";"13";"1";""
"201900006946";"138 293 473";"A01";"1";"7";"0";"2";"7";"1";"1";""
"201900006946";"138 293 475";"B01";"1";"7";"0";"2";"8";"6";"1";""
"201900006947";"138 293 471";"B01";"1";"7";"0";"0";"1";"1";"1";""
"201900006947";"138 293 472";"A01";"2";"7";"0";"0";"1";"13";"1";""
"201900006948";"138 293 468";"B01";"1";"33";"0";"2";"1";"1";"1";""
"201900006948";"138 293 470";"A01";"1";"7";"0";"2";"7";"12";"1";""
"201900006949";"138 293 469";"A01";"1";"31";"13";"0";"1";"2";"1";""
"201900006950";"138 293 466";"Z01";"1";"7";"0";"2";"1";"2";"1";""
"201900006950";"138 293 467";"B01";"1";"7";"0";"2";"6";"2";"1";""
"201900006951";"138 293 463";"A01";"1";"31";"0";"2";"1";"1";"1";""
"201900006952";"138 293 464";"A01";"1";"7";"3";"2";"3";"26";"0";""
"201900006952";"138 293 465";"B01";"2";"1";"0";"2";"1";"1";"6";""
"201900006953";"138 293 460";"C01";"1";"7";"0";"2";"1";"1";"1";""
"201900006953";"138 293 461";"B01";"1";"14";"0";"2";"4";"1";"0";""
"201900006953";"138 293 462";"A01";"1";"7";"0";"2";"1";"1";"1";""
"201900006954";"138 293 458";"A01";"1";"15";"0";"2";"4";"1";"1";""
"201900006954";"138 293 459";"B01";"1";"7";"0";"2";"1";"11";"1";""
"201900006955";"138 293 457";"A01";"1";"33";"4";"0";"1";"2";"1";""
"201900006956";"138 293 455";"B01";"1";"7";"0";"2";"1";"2";"1";""
"201900006956";"138 293 456";"A01";"1";"1";"0";"2";"6";"5";"6";""
"201900006957";"138 293 453";"B01";"0";"32";"0";"2";"1";"0";"0";""
"201900006957";"138 293 454";"A01";"1";"7";"0";"2";"7";"1";"0";""
"201900006958";"138 293 451";"A01";"1";"7";"0";"2";"1";"1";"1";""
"201900006958";"138 293 452";"B01";"2";"7";"0";"2";"3";"15";"1";""
"201900006959";"138 293 450";"A01";"3";"7";"6";"0";"0";"5";"1";""
"201900006960";"138 293 448";"A01";"1";"7";"0";"2";"1";"1";"1";""
"201900006960";"138 293 449";"B01";"2";"1";"0";"2";"1";"15";"0";""
"201900006961";"138 293 446";"A01";"1";"32";"0";"2";"2";"19";"1";""
"201900006961";"138 293 447";"B01";"1";"7";"0";"2";"1";"1";"1";""
"201900006962";"138 293 441";"B01";"1";"7";"0";"2";"8";"1";"0";""
"201900006962";"138 293 442";"A01";"1";"7";"0";"2";"3";"1";"0";""
"201900006963";"138 293 439";"A01";"2";"30";"0";"2";"1";"2";"1";""
"201900006963";"138 293 440";"B01";"2";"7";"0";"2";"4";"2";"1";""
"201900006964";"138 293 438";"A01";"0";"7";"13";"0";"9";"0";"1";""
"201900006965";"138 293 436";"B01";"3";"7";"0";"2";"1";"0";"1";""
"201900006965";"138 293 437";"A01";"3";"7";"0";"2";"2";"1";"1";""
"201900006966";"138 293 434";"B01";"1";"7";"1";"0";"1";"2";"0";""
"201900006966";"138 293 435";"A01";"1";"7";"1";"0";"4";"23";"1";""
"201900006967";"138 293 432";"A01";"1";"7";"0";"2";"1";"15";"1";""
"201900006967";"138 293 433";"B01";"1";"31";"0";"2";"2";"26";"1";""
"201900006968";"138 293 431";"A01";"0";"7";"0";"2";"0";"1";"1";""
"201900006969";"138 293 429";"B01";"1";"7";"0";"2";"2";"1";"1";""
"201900006969";"138 293 430";"A01";"2";"7";"0";"2";"7";"13";"1";""
"201900006970";"138 293 427";"A01";"1";"7";"1";"2";"1";"14";"1";""
"201900006970";"138 293 428";"B01";"1";"7";"1";"2";"3";"24";"1";""
"201900006971";"138 293 426";"A01";"1";"7";"0";"1";"1";"0";"1";""
"201900006972";"138 293 424";"B01";"1";"7";"0";"2";"1";"1";"6";""
"201900006972";"138 293 425";"A01";"1";"7";"0";"2";"1";"1";"0";""
"201900006973";"138 293 423";"Z01";"2";"7";"0";"1";"1";"0";"0";""
"201900006974";"138 293 420";"C01";"1";"33";"0";"2";"4";"23";"1";""
"201900006974";"138 293 421";"B01";"2";"7";"0";"2";"4";"1";"0";""
"201900006974";"138 293 422";"A01";"2";"7";"0";"2";"1";"1";"0";""
"201900006975";"138 293 418";"B01";"1";"7";"0";"2";"5";"1";"1";""
"201900006975";"138 293 419";"Z01";"1";"7";"0";"2";"0";"14";"0";""
"201900006976";"138 293 417";"A01";"1";"7";"0";"1";"7";"26";"1";""
"201900006977";"138 293 415";"A01";"1";"7";"0";"2";"3";"13";"1";""
"201900006977";"138 293 416";"B01";"1";"7";"0";"2";"0";"0";"1";""
"201900006978";"138 293 414";"A01";"3";"7";"0";"1";"3";"15";"1";""
"201900006979";"138 293 413";"A01";"2";"7";"10";"0";"1";"14";"1";""
"201900006980";"138 293 411";"A01";"3";"7";"0";"2";"3";"9";"1";""
"201900006980";"138 293 412";"B01";"3";"7";"0";"2";"1";"1";"1";""
"201900006981";"138 293 409";"B01";"3";"10";"0";"2";"7";"9";"1";""
"201900006981";"138 293 410";"A01";"3";"7";"0";"2";"8";"9";"1";""
"201900006982";"138 293 407";"A01";"1";"30";"0";"2";"1";"2";"1";""
"201900006982";"138 293 408";"B01";"1";"7";"0";"2";"4";"23";"1";""
"201900006983";"138 293 405";"A01";"2";"7";"0";"2";"1";"1";"2";""
"201900006983";"138 293 406";"B01";"2";"1";"0";"2";"1";"19";"5";""
"201900006984";"138 293 401";"B01";"1";"32";"0";"2";"1";"1";"1";""
"201900006984";"138 293 402";"A01";"2";"7";"0";"2";"5";"15";"1";""
"201900006985";"138 293 400";"Z01";"1";"7";"7";"0";"1";"14";"1";""
"201900006986";"138 293 399";"A01";"1";"7";"8";"0";"1";"1";"1";""
"201900006987";"138 293 397";"A01";"1";"50";"0";"2";"1";"13";"3";""
"201900006987";"138 293 398";"B01";"2";"1";"0";"2";"1";"1";"5";""
"201900006988";"138 293 395";"B01";"2";"7";"0";"2";"3";"1";"1";""
"201900006988";"138 293 396";"A01";"0";"32";"0";"2";"1";"19";"1";""
"201900006989";"138 293 394";"A01";"2";"33";"12";"0";"1";"26";"1";""
"201900006990";"138 293 391";"B01";"1";"7";"0";"2";"6";"1";"0";""
"201900006990";"138 293 392";"A01";"1";"7";"0";"2";"2";"1";"6";""
"201900006990";"138 293 393";"F01";"1";"7";"0";"0";"9";"13";"6";""
"201900006991";"138 293 389";"A01";"1";"7";"0";"2";"5";"15";"3";""
"201900006991";"138 293 390";"B01";"2";"33";"0";"2";"1";"1";"1";""
"201900006992";"138 293 387";"B01";"2";"7";"0";"2";"3";"1";"1";""
"201900006992";"138 293 388";"A01";"1";"7";"0";"2";"3";"13";"2";""
"201900006993";"138 293 386";"A01";"2";"7";"15";"0";"1";"26";"1";""
"201900006994";"138 293 384";"A01";"1";"33";"0";"0";"5";"1";"1";""
"201900006994";"138 293 385";"B01";"1";"33";"0";"0";"0";"1";"1";""
"201900006995";"138 293 383";"A01";"1";"33";"8";"0";"1";"1";"1";""
"201900006996";"138 293 381";"B01";"1";"7";"0";"2";"1";"18";"1";""
"201900006996";"138 293 382";"A01";"1";"2";"0";"0";"4";"15";"1";""
"201900006997";"138 293 377";"A01";"2";"10";"13";"0";"9";"1";"1";""
"201900006998";"138 293 375";"B01";"2";"7";"0";"2";"3";"1";"1";""
"201900006998";"138 293 376";"A01";"1";"2";"0";"2";"0";"13";"1";""
"201900006999";"138 293 374";"A01";"2";"37";"7";"1";"2";"20";"1";"1"
"201900007000";"138 293 370";"A01";"0";"7";"0";"2";"1";"2";"1";""
"201900007000";"138 293 371";"B01";"0";"7";"0";"0";"7";"2";"1";""
"201900007001";"138 293 368";"A01";"1";"36";"13";"0";"1";"14";"1";""
"201900007002";"138 293 367";"A01";"2";"7";"3";"0";"1";"1";"1";""
"201900007003";"138 293 365";"A01";"1";"7";"0";"2";"3";"15";"1";""
"201900007003";"138 293 366";"B01";"2";"2";"0";"2";"1";"1";"1";""
"201900007004";"138 293 363";"B01";"1";"34";"0";"2";"1";"17";"1";""
"201900007004";"138 293 364";"A01";"1";"7";"0";"0";"6";"15";"1";""
"201900007005";"138 293 362";"A01";"2";"33";"0";"0";"7";"17";"1";""
"201900007006";"138 293 361";"A01";"3";"7";"2";"0";"1";"19";"1";""
"201900007007";"138 293 359";"A01";"1";"15";"0";"1";"1";"1";"1";""
"201900007008";"138 293 358";"A01";"1";"33";"0";"0";"9";"23";"1";""
"201900007009";"138 293 357";"A01";"1";"7";"6";"0";"2";"14";"1";""
"201900007010";"138 293 356";"A01";"0";"1";"6";"0";"1";"1";"5";""
"201900007011";"138 293 355";"A01";"1";"2";"0";"0";"0";"16";"1";""
"201900007012";"138 293 353";"B01";"1";"2";"0";"2";"1";"1";"1";""
"201900007012";"138 293 354";"A01";"1";"2";"0";"2";"1";"1";"1";""
"201900007013";"138 293 352";"A01";"1";"33";"0";"0";"3";"0";"0";""
"201900007014";"138 293 350";"A01";"1";"7";"13";"2";"3";"13";"1";""
"201900007014";"138 293 351";"B01";"2";"7";"0";"2";"3";"1";"1";""
"201900007015";"138 293 349";"A01";"2";"33";"0";"0";"0";"1";"1";""
"201900007016";"138 293 347";"A01";"1";"7";"0";"2";"3";"1";"1";""
"201900007016";"138 293 348";"B01";"1";"31";"0";"2";"1";"1";"0";""
"201900007017";"138 293 345";"B01";"1";"2";"0";"2";"1";"1";"1";""
"201900007017";"138 293 346";"A01";"2";"7";"0";"2";"8";"1";"1";""
"201900007018";"138 293 342";"B01";"3";"7";"0";"2";"8";"26";"1";""
"201900007018";"138 293 343";"A01";"3";"7";"0";"2";"3";"26";"1";""
"201900007019";"138 293 341";"A01";"1";"33";"13";"0";"1";"17";"1";""
"201900007020";"138 293 339";"B01";"0";"1";"0";"2";"8";"16";"5";""
"201900007020";"138 293 340";"A01";"0";"7";"0";"2";"7";"1";"1";""
"201900007021";"138 293 337";"B01";"1";"1";"0";"2";"1";"1";"5";""
"201900007021";"138 293 338";"A01";"2";"7";"0";"2";"1";"15";"1";""
"201900007022";"138 293 332";"A01";"1";"7";"8";"0";"1";"1";"1";""
"201900007023";"138 293 330";"A01";"2";"2";"0";"2";"1";"1";"1";""
"201900007023";"138 293 331";"B01";"3";"10";"0";"2";"3";"15";"1";""
"201900007024";"138 293 328";"A01";"1";"7";"13";"0";"8";"15";"1";""
"201900007024";"138 293 329";"B01";"1";"33";"0";"2";"1";"17";"1";""
"201900007025";"138 293 327";"A01";"2";"7";"0";"0";"1";"1";"1";""
"201900007026";"138 293 325";"B01";"1";"7";"0";"0";"3";"1";"1";""
"201900007026";"138 293 326";"A01";"2";"7";"0";"2";"3";"13";"1";""
"201900007027";"138 293 324";"A01";"3";"33";"4";"0";"8";"1";"1";""
"201900007028";"138 293 323";"A01";"0";"7";"3";"0";"1";"1";"6";""
"201900007029";"138 293 322";"A01";"1";"7";"3";"0";"9";"12";"1";""
"201900007030";"138 293 321";"A01";"2";"7";"0";"0";"1";"26";"1";""
"201900007031";"138 293 320";"A01";"2";"1";"14";"0";"0";"1";"5";""
"201900007032";"138 293 318";"B01";"3";"10";"0";"2";"2";"1";"1";""
"201900007032";"138 293 319";"A01";"3";"33";"0";"2";"1";"5";"1";""
"201900007033";"138 293 316";"A01";"2";"7";"3";"0";"4";"1";"1";""
"201900007033";"138 293 317";"B01";"2";"7";"3";"2";"1";"2";"1";""
"201900007034";"138 293 314";"B01";"1";"2";"0";"2";"1";"1";"0";""
"201900007034";"138 293 315";"A01";"1";"7";"0";"2";"7";"1";"0";""
"201900007035";"138 293 310";"B01";"0";"7";"0";"2";"7";"1";"1";""
"201900007035";"138 293 311";"A01";"3";"7";"0";"2";"2";"15";"0";""
"201900007036";"138 293 308";"B01";"1";"7";"0";"2";"2";"15";"1";""
"201900007036";"138 293 309";"A01";"2";"1";"0";"2";"1";"0";"5";""
"201900007037";"138 293 307";"A01";"2";"80";"10";"0";"1";"1";"3";""
"201900007038";"138 293 306";"A01";"3";"7";"0";"0";"9";"1";"1";""
"201900007039";"138 293 305";"A01";"1";"7";"0";"1";"1";"15";"1";""
"201900007040";"138 293 303";"B01";"2";"7";"0";"2";"2";"1";"1";""
"201900007040";"138 293 304";"A01";"1";"7";"0";"2";"1";"11";"1";""
"201900007041";"138 293 302";"A01";"1";"7";"16";"0";"1";"1";"1";""
"201900007042";"138 293 301";"A01";"0";"2";"0";"0";"1";"1";"0";""
"201900007043";"138 293 299";"B01";"1";"1";"0";"2";"4";"2";"5";""
"201900007043";"138 293 300";"A01";"1";"10";"0";"2";"2";"2";"1";""
"201900007044";"138 293 297";"B01";"1";"7";"0";"2";"6";"1";"1";""
"201900007044";"138 293 298";"A01";"1";"33";"0";"2";"1";"1";"1";""
"201900007045";"138 293 295";"A01";"3";"7";"0";"9";"1";"1";"1";""
"201900007045";"138 293 296";"B01";"3";"1";"0";"2";"1";"16";"5";""
"201900007046";"138 293 294";"A01";"3";"1";"13";"0";"0";"0";"5";""
"201900007047";"138 293 292";"A01";"1";"33";"0";"2";"1";"2";"1";""
"201900007047";"138 293 293";"B01";"1";"7";"0";"0";"4";"2";"1";""
"201900007048";"138 293 290";"A01";"0";"33";"7";"2";"1";"3";"1";""
"201900007048";"138 293 291";"B01";"0";"7";"0";"2";"3";"2";"1";""
"201900007049";"138 293 289";"A01";"3";"2";"0";"0";"1";"1";"1";""
"201900007050";"138 293 288";"A01";"1";"7";"0";"0";"7";"14";"1";""
"201900007051";"138 293 286";"B01";"2";"7";"0";"2";"4";"1";"1";""
"201900007051";"138 293 287";"A01";"2";"7";"0";"2";"1";"1";"1";""
"201900007052";"138 293 284";"A01";"1";"7";"0";"2";"4";"23";"1";""
"201900007052";"138 293 285";"C01";"1";"7";"0";"2";"1";"2";" -1";""
"201900007053";"138 293 282";"B01";"1";"7";"0";"2";"1";"1";"1";""
"201900007053";"138 293 283";"A01";"1";"7";"0";"2";"4";"23";"1";""
"201900007054";"138 293 280";"A01";"2";"7";"0";"2";"7";"1";"1";""
"201900007054";"138 293 281";"B01";"2";"7";"0";"2";"3";"1";"1";""
"201900007055";"138 293 279";"A01";"1";"7";"13";"0";"1";"14";"1";""
"201900007056";"138 293 278";"A01";"2";"10";"4";"0";"3";"1";"1";""
"201900007057";"138 293 275";"B01";"2";"7";"0";"2";"3";"1";"1";""
"201900007057";"138 293 276";"A01";"2";"15";"0";"2";"0";"12";"1";""
"201900007058";"138 293 274";"A01";"1";"7";"13";"0";"9";"0";"1";""
"201900007059";"138 293 273";"A01";"1";"10";"0";"1";"2";"2";"0";""
"201900007060";"138 293 270";"A01";"0";"7";"0";"1";"1";"1";"1";""
"201900007061";"138 293 268";"A01";"2";"7";"0";"2";"7";"22";"1";""
"201900007061";"138 293 269";"B01";"2";"1";"0";"2";"7";"1";"5";""
"201900007062";"138 293 266";"A01";"3";"7";"0";"2";"1";"2";"1";""
"201900007062";"138 293 267";"B01";"3";"7";"0";"2";"4";"2";"1";""
"201900007063";"138 293 265";"A01";"3";"10";"0";"1";"2";"15";"1";""
"201900007064";"138 293 261";"B01";"1";"7";"0";"2";"8";"1";"1";""
"201900007064";"138 293 262";"A01";"3";"7";"0";"2";"1";"15";"1";""
"201900007065";"138 293 259";"B01";"1";"50";"0";"2";"2";"1";"3";""
"201900007065";"138 293 260";"A01";"1";"10";"0";"2";"3";"9";"1";""
"201900007066";"138 293 257";"B01";"1";"7";"0";"2";"1";"1";"1";""
"201900007066";"138 293 258";"A01";"2";"7";"0";"2";"2";"15";"1";""
"201900007067";"138 293 255";"A01";"2";"7";"0";"2";"1";"1";"1";""
"201900007067";"138 293 256";"B01";"1";"7";"0";"2";"2";"15";"1";""
"201900007068";"138 293 253";"B01";"2";"31";"0";"2";"1";"16";"1";""
"201900007068";"138 293 254";"A01";"2";"7";"0";"2";"2";"16";"1";""
"201900007069";"138 293 252";"A01";"1";"7";"0";"1";"2";"0";"1";""
"201900007070";"138 293 251";"A01";"0";"7";"0";"1";"0";"0";"0";""
"201900007071";"138 293 249";"A01";"1";"7";"0";"2";"8";"1";"1";""
"201900007071";"138 293 250";"B01";"2";"50";"0";"2";"7";"1";"3";""
"201900007072";"138 293 247";"B01";"2";"7";"0";"0";"8";"1";"0";""
"201900007072";"138 293 248";"A01";"1";"7";"0";"2";"1";"19";"0";""
"201900007073";"138 293 246";"A01";"1";"33";"0";"0";"0";"26";"1";""
"201900007074";"138 293 244";"A01";"2";"60";"0";"2";"3";"19";"5";""
"201900007074";"138 293 245";"B01";"1";"7";"0";"1";"2";"1";"0";""
"201900007075";"138 293 242";"A01";"2";"10";"0";"2";"7";"1";"0";""
"201900007075";"138 293 243";"B01";"2";"10";"0";"2";"1";"1";"0";""
"201900007076";"138 293 240";"A01";"3";"7";"0";"2";"5";"10";"0";""
"201900007076";"138 293 241";"B01";"3";"2";"0";"2";"1";"2";"1";""
"201900007077";"138 293 238";"B01";"3";"33";"0";"2";"0";"0";"1";""
"201900007077";"138 293 239";"A01";"3";"7";"0";"2";"0";"0";"1";""
"201900007078";"138 293 237";"A01";"2";"7";"4";"0";"3";"1";"1";""
"201900007079";"138 293 236";"A01";"1";"7";"0";"0";"9";"9";"1";""
"201900007080";"138 293 234";"A01";"0";"7";"0";"2";"2";"26";"1";""
"201900007080";"138 293 235";"B01";"0";"33";"0";"2";"1";"1";"1";""
"201900007081";"138 293 232";"B01";"1";"7";"0";"2";"7";"22";"1";""
"201900007081";"138 293 233";"A01";"1";"7";"1";"0";"2";"1";"1";""
"201900007082";"138 293 231";"A01";"2";"7";"12";"1";"3";"13";"1";""
"201900007083";"138 293 230";"A01";"2";"7";"6";"0";"1";"14";"1";""
"201900007084";"138 293 228";"A01";"2";"7";"0";"2";"8";"0";"1";""
"201900007084";"138 293 229";"B01";"1";"30";"0";"2";"1";"0";"1";""
"201900007085";"138 293 226";"A01";"2";"30";"0";"2";"1";"13";"1";""
"201900007085";"138 293 227";"B01";"2";"7";"0";"2";"5";"23";"1";""
"201900007086";"138 293 223";"C01";"1";"7";"0";"2";"4";"1";"1";""
"201900007086";"138 293 224";"B01";"1";"7";"0";"2";"4";"1";"1";""
"201900007086";"138 293 225";"A01";"1";"7";"0";"2";"1";"1";"1";""
"201900007087";"138 293 222";"A01";"2";"1";"0";"0";"0";"26";"5";""
"201900007088";"138 293 220";"B01";"3";"7";"0";"2";"3";"1";"1";""
"201900007088";"138 293 221";"A01";"3";"7";"0";"2";"3";"13";"1";""
"201900007089";"138 293 218";"A01";"3";"13";"0";"2";"2";"0";"0";""
"201900007089";"138 293 219";"B01";"3";"7";"0";"2";"4";"1";"0";""
"201900007090";"138 293 217";"A01";"0";"10";"15";"0";"1";"26";"1";""
"201900007091";"138 293 215";"A01";"2";"33";"0";"2";"5";"17";"1";""
"201900007091";"138 293 216";"B01";"2";"7";"0";"2";"3";"15";"1";""
"201900007092";"138 293 214";"A01";"3";"7";"0";"1";"5";"26";"0";""
"201900007093";"138 293 213";"A01";"1";"7";"0";"1";"7";"1";"1";""
"201900007094";"138 293 211";"A01";"2";"1";"0";"2";"0";"19";"0";""
"201900007094";"138 293 212";"B01";"1";"7";"0";"2";"1";"1";"0";""
"201900007095";"138 293 209";"Z01";"1";"7";"0";"2";"0";"0";"0";""
"201900007095";"138 293 210";"B01";"1";"7";"0";"2";"7";"1";"0";""
"201900007096";"138 293 207";"A01";"2";"7";"0";"2";"3";"19";"1";""
"201900007096";"138 293 208";"B01";"1";"30";"0";"2";"1";"1";"1";""
"201900007097";"138 293 205";"A01";"1";"7";"0";"0";"1";"0";"6";""
"201900007097";"138 293 206";"B01";"1";"1";"0";"2";"0";"0";"0";""
"201900007098";"138 293 203";"A01";"1";"32";"0";"2";"3";"15";"0";""
"201900007098";"138 293 204";"B01";"1";"31";"0";"2";"7";"1";"0";""
"201900007099";"138 293 201";"B01";"3";"7";"0";"6";"1";"26";"1";""
"201900007099";"138 293 202";"A01";"1";"50";"0";"2";"8";"25";"3";""
"201900007100";"138 293 199";"A01";"1";"7";"0";"2";"0";"12";"1";""
"201900007100";"138 293 200";"B01";"1";"30";"0";"2";"0";"0";"1";""
"201900007101";"138 293 197";"A01";"2";"7";"0";"1";"3";"15";"1";""
"201900007101";"138 293 198";"B01";"1";"1";"0";"2";"1";"19";"5";""
"201900007102";"138 293 196";"A01";"1";"30";"0";"1";"1";"2";"1";""
"201900007103";"138 293 194";"A01";"2";"10";"0";"2";"1";"2";"1";""
"201900007103";"138 293 195";"B01";"2";"10";"0";"2";"4";"23";"1";""
"201900007104";"138 293 192";"A01";"2";"7";"0";"2";"7";"14";"1";""
"201900007104";"138 293 193";"B01";"2";"7";"0";"2";"6";"2";"1";""
"201900007105";"138 293 188";"D01";"1";"10";"0";"2";"5";"23";"1";""
"201900007105";"138 293 189";"C01";"1";"7";"11";"0";"6";"24";"1";""
"201900007105";"138 293 190";"B01";"1";"7";"0";"2";"1";"26";"1";""
"201900007105";"138 293 191";"A01";"1";"10";"0";"2";"0";"12";"1";""
"201900007106";"138 293 185";"A01";"2";"30";"0";"0";"8";"1";"1";""
"201900007107";"138 293 183";"B01";"1";"2";"0";"2";"1";"0";"1";""
"201900007107";"138 293 184";"A01";"1";"7";"0";"2";"5";"26";"1";""
"201900007108";"138 293 182";"A01";"2";"7";"11";"0";"3";"1";"0";""
"201900007109";"138 293 180";"A01";"2";"7";"0";"2";"4";"1";"1";""
"201900007109";"138 293 181";"B01";"2";"7";"0";"2";"1";"2";"1";""
"201900007110";"138 293 179";"A01";"1";"7";"14";"0";"2";"1";"1";""
"201900007111";"138 293 177";"Z01";"1";"7";"0";"1";"2";"26";"0";""
"201900007111";"138 293 178";"B01";"2";"1";"0";"2";"8";"26";"5";""
"201900007112";"138 293 175";"A01";"3";"7";"0";"2";"1";"19";"1";""
"201900007112";"138 293 176";"B01";"1";"7";"0";"2";"8";"1";"1";""
"201900007113";"138 293 173";"A01";"3";"7";"0";"2";"6";"26";"1";""