"Num_Acc";"id_vehicule";"num_veh";"senc";"catv";"obs";"obsm";"choc";"manv";"motor";"occutc"
"201900007113";"138 293 174";"B01";"3";"7";"0";"2";"6";"26";"1";""
"201900007114";"138 293 172";"A01";"3";"99";"0";"6";"0";"1";"0";""
"201900007115";"138 293 170";"B01";"2";"7";"0";"2";"3";"1";"0";""
"201900007115";"138 293 171";"A01";"1";"7";"0";"2";"2";"1";"0";""
"201900007116";"138 293 169";"A01";"3";"7";"0";"0";"0";"26";"1";""
"201900007117";"138 293 167";"A01";"3";"32";"0";"2";"8";"13";"1";""
"201900007117";"138 293 168";"B01";"3";"7";"0";"2";"8";"5";"1";""
"201900007118";"138 293 166";"A01";"3";"2";"0";"0";"7";"15";"1";""
"201900007119";"138 293 165";"A01";"2";"7";"0";"1";"1";"21";"1";""
"201900007120";"138 293 164";"A01";"2";"7";"13";"0";"9";"1";"1";""
"201900007121";"138 293 162";"A01";"1";"10";"0";"2";"3";"1";"1";""
"201900007121";"138 293 163";"B01";"2";"10";"0";"2";"3";"1";"1";""
"201900007122";"138 293 161";"A01";"3";"7";"0";"1";"1";"1";"1";""
"201900007123";"138 293 158";"C01";"1";"7";"0";"2";"8";"1";"1";""
"201900007123";"138 293 159";"B01";"1";"10";"0";"2";"1";"1";"1";""
"201900007123";"138 293 160";"A01";"1";"7";"0";"2";"1";"13";"1";""
"201900007124";"138 293 156";"B01";"2";"7";"0";"0";"6";"1";"1";""
"201900007124";"138 293 157";"C01";"2";"7";"0";"2";"1";"1";"1";""
"201900007125";"138 293 155";"A01";"2";"7";"0";"1";"2";"1";"1";""
"201900007126";"138 293 153";"B01";"2";"2";"0";"2";"1";"16";"1";""
"201900007126";"138 293 154";"A01";"2";"7";"0";"2";"2";"15";"1";""
"201900007127";"138 293 151";"A01";"2";"7";"0";"2";"4";"17";"1";""
"201900007127";"138 293 152";"B01";"1";"10";"0";"2";"1";"17";"1";""
"201900007128";"138 293 149";"B01";"1";"7";"0";"2";"1";"15";"1";""
"201900007128";"138 293 150";"A01";"2";"7";"0";"2";"3";"1";"1";""
"201900007129";"138 293 148";"A01";"2";"7";"2";"0";"1";"21";"1";""
"201900007130";"138 293 147";"A01";"1";"7";"0";"1";"1";"1";"1";""
"201900007131";"138 293 146";"A01";"1";"7";"2";"0";"0";"1";"1";""
"201900007132";"138 293 144";"A01";"1";"3";"0";"2";"2";"1";"1";""
"201900007132";"138 293 145";"B01";"2";"10";"0";"2";"2";"1";"1";""
"201900007133";"138 293 143";"A01";"1";"7";"6";"0";"2";"1";"1";""
"201900007134";"138 293 141";"A01";"2";"7";"0";"2";"2";"5";"1";""
"201900007134";"138 293 142";"B01";"2";"7";"0";"2";"3";"1";"1";""
"201900007135";"138 293 139";"B01";"1";"7";"0";"0";"1";"1";"1";""
"201900007135";"138 293 140";"A01";"2";"7";"0";"0";"1";"1";"1";""
"201900007136";"138 293 138";"A01";"3";"34";"0";"0";"7";"1";"1";""
"201900007137";"138 293 137";"A01";"1";"7";"13";"0";"2";"1";"0";""
"201900007138";"138 293 136";"A01";"2";"7";"0";"9";"2";"0";"0";""
"201900007139";"138 293 135";"A01";"1";"7";"5";"0";"0";"17";"0";""
"201900007140";"138 293 133";"A01";"2";"7";"0";"2";"1";"13";"1";""
"201900007140";"138 293 134";"B01";"1";"7";"0";"2";"1";"1";"1";""
"201900007141";"138 293 131";"A01";"2";"7";"0";"2";"1";"9";"1";""
"201900007141";"138 293 132";"B01";"2";"7";"0";"2";"3";"1";"1";""
"201900007142";"138 293 129";"B01";"3";"7";"0";"2";"2";"1";"1";""
"201900007142";"138 293 130";"A01";"1";"7";"0";"2";"1";"9";"1";""
"201900007143";"138 293 126";"C01";"1";"15";"0";"2";"1";"1";"1";""
"201900007143";"138 293 127";"B01";"1";"15";"0";"2";"3";"1";"1";""
"201900007143";"138 293 128";"A01";"2";"7";"0";"2";"3";"13";"1";""
"201900007144";"138 293 124";"A01";"1";"7";"0";"2";"2";"15";"1";""
"201900007144";"138 293 125";"B01";"2";"2";"0";"2";"1";"1";"1";""
"201900007145";"138 293 122";"B01";"2";"7";"0";"2";"7";"16";"1";""
"201900007145";"138 293 123";"A01";"2";"32";"0";"2";"1";"18";"1";""
"201900007146";"138 293 120";"B01";"3";"1";"0";"2";"1";"1";"5";""
"201900007146";"138 293 121";"A01";"0";"7";"0";"9";"1";"15";"0";""
"201900007147";"138 293 118";"A01";"3";"7";"0";"2";"2";"2";"1";""
"201900007147";"138 293 119";"B01";"2";"2";"0";"2";"1";"1";"1";""
"201900007148";"138 293 117";"A01";"0";"7";"13";"0";"0";"0";"1";""
"201900007149";"138 293 116";"A01";"2";"7";"2";"0";"1";"1";"1";""
"201900007150";"138 293 114";"B01";"2";"2";"0";"2";"8";"1";"1";""
"201900007150";"138 293 115";"A01";"1";"7";"0";"2";"3";"15";"1";""
"201900007151";"138 293 113";"A01";"2";"7";"0";"1";"2";"1";"1";""
"201900007152";"138 293 111";"A01";"1";"7";"0";"2";"1";"1";"1";""
"201900007152";"138 293 112";"B01";"3";"7";"0";"0";"8";"1";"1";""
"201900007153";"138 293 109";"A01";"1";"7";"0";"2";"3";"13";"1";""
"201900007153";"138 293 110";"B01";"2";"7";"0";"2";"3";"1";"1";""
"201900007154";"138 293 107";"B01";"0";"31";"0";"2";"1";"1";"0";""
"201900007154";"138 293 108";"A01";"3";"7";"0";"2";"3";"19";"0";""
"201900007155";"138 293 105";"A01";"2";"7";"0";"2";"3";"11";"0";""
"201900007155";"138 293 106";"B01";"2";"33";"0";"2";"1";"1";"0";""
"201900007156";"138 293 103";"A01";"3";"7";"0";"2";"2";"2";"1";""
"201900007156";"138 293 104";"B01";"3";"80";"0";"0";"4";"2";"3";""
"201900007157";"138 293 102";"A01";"3";"7";"13";"0";"1";"1";"1";""
"201900007158";"138 293 100";"B01";"2";"14";"13";"2";"3";"1";"1";""
"201900007158";"138 293 101";"A01";"1";"7";"13";"2";"1";"26";"1";""
"201900007159";"138 293 098";"B01";"1";"7";"0";"2";"2";"15";"1";""
"201900007159";"138 293 099";"A01";"2";"1";"0";"2";"1";"1";"5";""
"201900007160";"138 293 096";"B01";"2";"7";"0";"2";"1";"2";"0";""
"201900007160";"138 293 097";"A01";"2";"7";"13";"0";"6";"15";"1";""
"201900007161";"138 293 094";"A01";"2";"7";"0";"2";"3";"13";"1";""
"201900007161";"138 293 095";"B01";"1";"10";"0";"2";"3";"1";"1";""
"201900007162";"138 293 093";"A01";"1";"7";"0";"0";"0";"1";"1";""
"201900007163";"138 293 077";"B01";"1";"10";"0";"2";"1";"2";"1";""
"201900007163";"138 293 078";"A01";"1";"10";"0";"2";"4";"2";"1";""
"201900007164";"138 293 074";"C01";"1";"7";"0";"2";"1";"1";"1";""
"201900007164";"138 293 075";"B01";"1";"7";"0";"2";"1";"1";"1";""
"201900007164";"138 293 076";"A01";"1";"7";"0";"2";"4";"1";"1";""
"201900007165";"138 293 073";"A01";"2";"7";"12";"0";"1";"0";"1";""
"201900007166";"138 293 070";"C01";"2";"7";"0";"2";"1";"2";"1";""
"201900007166";"138 293 071";"B01";"2";"7";"0";"2";"7";"12";"1";""
"201900007166";"138 293 072";"A01";"2";"7";"0";"2";"8";"2";"1";""
"201900007167";"138 293 068";"A01";"1";"7";"0";"2";"6";"11";"1";""
"201900007167";"138 293 069";"B01";"1";"33";"0";"2";"2";"1";"1";""
"201900007168";"138 293 066";"B01";"2";"7";"0";"2";"0";"0";"1";""
"201900007168";"138 293 067";"A01";"2";"7";"0";"2";"1";"1";"1";""
"201900007169";"138 293 064";"A01";"1";"14";"0";"2";"6";"1";"1";""
"201900007169";"138 293 065";"B01";"1";"7";"0";"2";"1";"17";"1";""
"201900007170";"138 293 062";"B01";"1";"16";"0";"2";"2";"12";"1";""
"201900007170";"138 293 063";"A01";"1";"7";"0";"2";"8";"11";"1";""
"201900007171";"138 293 061";"A01";"1";"7";"3";"0";"1";"1";"1";""
"201900007172";"138 293 058";"C01";"1";"7";"0";"2";"4";"23";"1";""
"201900007172";"138 293 059";"B01";"1";"10";"0";"2";"4";"23";"1";""
"201900007172";"138 293 060";"A01";"1";"7";"0";"2";"1";"2";"1";""
"201900007173";"138 293 055";"C01";"2";"15";"0";"2";"3";"2";"1";""
"201900007173";"138 293 056";"B01";"2";"15";"0";"2";"3";"2";"1";""
"201900007173";"138 293 057";"A01";"2";"7";"0";"2";"6";"9";"1";""
"201900007174";"138 293 050";"D01";"2";"7";"0";"2";"4";"1";"1";""
"201900007174";"138 293 051";"C01";"2";"7";"0";"2";"1";"1";"1";""
"201900007174";"138 293 052";"B01";"2";"7";"0";"2";"4";"1";"1";""
"201900007174";"138 293 053";"A01";"1";"7";"0";"2";"4";"1";"1";""
"201900007174";"138 293 054";"Z01";"2";"7";"0";"2";"4";"1";"1";""
"201900007175";"138 293 047";"A01";"2";"7";"0";"2";"1";"0";"1";""
"201900007175";"138 293 048";"B01";"2";"7";"0";"2";"4";"1";"1";""
"201900007176";"138 293 044";"C01";"2";"7";"0";"2";"1";"1";"1";""
"201900007176";"138 293 045";"B01";"2";"7";"0";"0";"4";"23";"1";""
"201900007176";"138 293 046";"A01";"2";"7";"1";"0";"1";"1";"1";""
"201900007177";"138 293 042";"B01";"1";"30";"0";"2";"1";"13";"1";""
"201900007177";"138 293 043";"A01";"1";"7";"0";"2";"6";"15";"1";""
"201900007178";"138 293 040";"A01";"1";"7";"0";"2";"1";"1";"0";""
"201900007178";"138 293 041";"B01";"1";"7";"0";"2";"6";"1";"0";""
"201900007179";"138 293 039";"A01";"1";"7";"12";"0";"1";"14";"1";""
"201900007180";"138 293 038";"A01";"1";"30";"0";"0";"7";"15";"0";""
"201900007181";"138 293 037";"A01";"3";"7";"0";"0";"7";"1";"1";""
"201900007182";"138 293 036";"A01";"3";"7";"4";"0";"1";"9";"3";""
"201900007183";"138 293 033";"B01";"2";"7";"0";"2";"5";"1";"1";""
"201900007183";"138 293 034";"A01";"2";"34";"0";"2";"1";"2";"1";""
"201900007184";"138 293 030";"C01";"1";"7";"0";"2";"2";"1";"1";""
"201900007184";"138 293 031";"B01";"1";"7";"0";"2";"5";"1";"1";""
"201900007184";"138 293 032";"A01";"1";"7";"0";"2";"1";"1";"1";""
"201900007185";"138 293 025";"A01";"3";"7";"0";"2";"7";"1";"1";""
"201900007185";"138 293 026";"B01";"3";"7";"0";"2";"1";"1";"1";""
"201900007186";"138 293 023";"A01";"3";"7";"0";"2";"3";"1";"0";""
"201900007186";"138 293 024";"B01";"3";"2";"0";"2";"1";"1";"0";""
"201900007187";"138 293 021";"B01";"3";"7";"0";"2";"1";"2";"0";""
"201900007187";"138 293 022";"A01";"3";"7";"0";"0";"4";"23";"1";""
"201900007188";"138 293 019";"A01";"2";"7";"0";"1";"1";"15";"1";""
"201900007189";"138 293 018";"A01";"3";"7";"2";"0";"4";"13";"1";""
"201900007190";"138 293 017";"A01";"2";"99";"6";"0";"1";"26";"1";""
"201900007191";"138 293 015";"A01";"1";"7";"1";"2";"5";"19";"1";""
"201900007191";"138 293 016";"B01";"2";"7";"0";"2";"0";"0";"1";""
"201900007192";"138 293 014";"A01";"2";"7";"8";"0";"2";"1";"1";""
"201900007193";"138 293 013";"A01";"2";"7";"14";"0";"1";"9";"1";""
"201900007194";"138 293 011";"A01";"3";"7";"0";"2";"1";"15";"1";""
"201900007194";"138 293 012";"B01";"3";"7";"0";"2";"3";"1";"1";""
"201900007195";"138 293 010";"A01";"1";"1";"14";"0";"2";"1";"5";""
"201900007196";"138 293 008";"B01";"1";"7";"0";"0";"4";"1";"1";""
"201900007196";"138 293 009";"A01";"1";"30";"14";"0";"4";"26";"1";""
"201900007197";"138 293 007";"A01";"1";"7";"1";"0";"1";"1";"1";""
"201900007198";"138 293 005";"A01";"0";"7";"0";"2";"4";"2";"0";""
"201900007198";"138 293 006";"Z01";"2";"7";"0";"0";"0";"0";"1";""
"201900007199";"138 293 004";"A01";"3";"7";"0";"1";"1";"1";"1";""
"201900007200";"138 293 002";"A01";"2";"7";"0";"2";"2";"12";"1";""
"201900007200";"138 293 003";"B01";"2";"33";"0";"2";"3";"3";"1";""
"201900007201";"138 292 999";"A01";"1";"7";"0";"1";"4";"4";"1";""
"201900007202";"138 292 998";"Z01";"1";"60";"0";"1";"1";"25";"5";""
"201900007203";"138 292 997";"A01";"2";"7";"0";"1";"3";"1";"1";""
"201900007204";"138 292 995";"A01";"2";"7";"0";"2";"1";"2";"1";""
"201900007204";"138 292 996";"B01";"2";"7";"0";"2";"4";"23";"1";""
"201900007205";"138 292 993";"A01";"1";"1";"0";"2";"1";"2";"5";""
"201900007205";"138 292 994";"B01";"1";"1";"0";"2";"4";"2";"5";""
"201900007206";"138 292 992";"A01";"1";"7";"0";"1";"1";"1";"1";""
"201900007207";"138 292 991";"A01";"2";"7";"0";"1";"2";"1";"1";""
"201900007208";"138 292 990";"A01";"1";"30";"0";"0";"3";"1";"3";""
"201900007209";"138 292 988";"A01";"2";"7";"0";"2";"8";"13";"1";""
"201900007209";"138 292 989";"B01";"2";"33";"0";"2";"7";"1";"1";""
"201900007210";"138 292 987";"A01";"1";"7";"14";"0";"1";"14";"1";""
"201900007211";"138 292 985";"A01";"1";"10";"0";"2";"3";"12";"1";""
"201900007211";"138 292 986";"B01";"1";"2";"0";"2";"0";"1";"1";""
"201900007212";"138 292 984";"A01";"1";"7";"0";"2";"1";"1";"1";""
"201900007213";"138 292 982";"Z01";"1";"7";"0";"2";"0";"15";"0";""
"201900007213";"138 292 983";"A01";"1";"1";"0";"2";"1";"1";"5";""
"201900007214";"138 292 980";"B01";"3";"10";"0";"2";"3";"0";"1";""
"201900007214";"138 292 981";"A01";"3";"10";"0";"2";"2";"0";"1";""
"201900007215";"138 292 978";"B01";"1";"33";"0";"2";"1";"1";"1";""
"201900007215";"138 292 979";"A01";"2";"7";"0";"2";"1";"15";"1";""
"201900007216";"138 292 976";"A01";"3";"7";"0";"2";"7";"15";"1";""
"201900007216";"138 292 977";"B01";"3";"34";"0";"2";"1";"1";"1";""
"201900007217";"138 292 972";"A01";"1";"7";"1";"0";"1";"1";"1";""
"201900007217";"138 292 973";"B01";"1";"7";"0";"2";"4";"23";"1";""
"201900007218";"138 292 971";"A01";"1";"7";"13";"0";"3";"1";"1";""
"201900007219";"138 292 969";"A01";"1";"7";"0";"2";"1";"12";"1";""
"201900007219";"138 292 970";"B01";"1";"17";"0";"0";"6";"1";"1";""
"201900007220";"138 292 966";"A01";"3";"7";"0";"2";"3";"19";"1";""
"201900007220";"138 292 967";"B01";"3";"7";"0";"2";"1";"1";"1";""
"201900007221";"138 292 964";"A01";"1";"10";"0";"2";"2";"1";"1";""
"201900007221";"138 292 965";"B01";"1";"14";"0";"2";"6";"1";"1";""
"201900007222";"138 292 962";"B01";"1";"7";"0";"2";"8";"23";"1";""
"201900007222";"138 292 963";"A01";"1";"7";"0";"2";"2";"1";"1";""
"201900007223";"138 292 961";"A01";"1";"7";"0";"1";"2";"1";"1";""
"201900007224";"138 292 960";"A01";"1";"7";"14";"0";"1";"1";"0";""
"201900007225";"138 292 958";"B01";"2";"7";"0";"2";"1";"5";"1";""
"201900007225";"138 292 959";"A01";"1";"7";"0";"2";"1";"1";"1";""
"201900007226";"138 292 956";"A01";"2";"99";"0";"2";"1";"13";"0";""
"201900007226";"138 292 957";"B01";"1";"7";"0";"2";"3";"1";"0";""
"201900007227";"138 292 954";"A01";"1";"7";"0";"2";"1";"1";"1";""
"201900007227";"138 292 955";"B01";"3";"7";"0";"0";"5";"1";"1";""
"201900007228";"138 292 952";"B01";"2";"7";"0";"2";"1";"1";"1";""
"201900007228";"138 292 953";"A01";"1";"7";"0";"2";"3";"13";"1";""
"201900007229";"138 292 950";"B01";"2";"7";"0";"2";"3";"1";"1";""
"201900007229";"138 292 951";"A01";"1";"7";"0";"2";"3";"13";"1";""
"201900007230";"138 292 949";"A01";"1";"33";"13";"0";"1";"1";"1";""
"201900007231";"138 292 947";"B01";"1";"7";"0";"2";"1";"1";"1";""
"201900007231";"138 292 948";"A01";"2";"7";"0";"2";"1";"13";"1";""
"201900007232";"138 292 945";"A01";"1";"7";"0";"2";"1";"1";"1";""
"201900007232";"138 292 946";"B01";"1";"7";"0";"2";"2";"1";"1";""
"201900007233";"138 292 944";"A01";"2";"80";"0";"0";"0";"1";"3";""
"201900007234";"138 292 943";"A01";"1";"7";"0";"1";"3";"1";"1";""
"201900007235";"138 292 941";"A01";"1";"2";"0";"2";"1";"13";"0";""
"201900007235";"138 292 942";"B01";"2";"7";"0";"2";"3";"1";"0";""
"201900007236";"138 292 939";"A01";"3";"7";"0";"2";"8";"19";"0";""
"201900007236";"138 292 940";"B01";"2";"7";"0";"2";"1";"1";"0";""
"201900007237";"138 292 937";"A01";"1";"7";"0";"2";"1";"1";"1";""
"201900007237";"138 292 938";"B01";"2";"7";"0";"2";"7";"1";"1";""
"201900007238";"138 292 935";"A01";"1";"7";"0";"2";"1";"2";"1";""
"201900007238";"138 292 936";"B01";"1";"7";"0";"0";"4";"2";"1";""
"201900007239";"138 292 933";"B01";"2";"10";"0";"2";"1";"1";"1";""
"201900007239";"138 292 934";"A01";"1";"7";"0";"2";"1";"5";"1";""
"201900007240";"138 292 931";"A01";"1";"7";"0";"2";"1";"13";"1";""
"201900007240";"138 292 932";"B01";"2";"7";"0";"2";"1";"1";"1";""
"201900007241";"138 292 929";"B01";"1";"7";"0";"2";"2";"1";"1";""
"201900007241";"138 292 930";"A01";"2";"7";"0";"2";"2";"5";"1";""
"201900007242";"138 292 928";"A01";"2";"2";"0";"0";"2";"1";"1";""
"201900007243";"138 292 927";"A01";"2";"7";"3";"0";"9";"17";"6";""
"201900007244";"138 292 926";"A01";"1";"15";"3";"0";"2";"1";"1";""
"201900007245";"138 292 922";"A01";"3";"7";"0";"2";"1";"5";"1";""
"201900007245";"138 292 923";"B01";"3";"7";"0";"2";"1";"26";"1";""
"201900007246";"138 292 920";"B01";"2";"33";"0";"2";"1";"5";"0";""
"201900007246";"138 292 921";"A01";"1";"7";"0";"2";"3";"10";"0";""
"201900007247";"138 292 916";"B01";"1";"17";"0";"0";"6";"1";"1";""
"201900007247";"138 292 917";"A01";"1";"7";"0";"2";"2";"17";"1";""
"201900007248";"138 292 914";"B01";"2";"10";"0";"0";"4";"23";"1";""
"201900007248";"138 292 915";"A01";"2";"33";"13";"2";"1";"1";"1";""
"201900007249";"138 292 913";"A01";"3";"0";"0";"1";"0";"0";"0";""
"201900007250";"138 292 911";"A01";"1";"1";"0";"0";"4";"0";"5";""
"201900007250";"138 292 912";"B01";"1";"7";"0";"2";"1";"2";"1";""
"201900007251";"138 292 909";"B01";"1";"14";"0";"2";"3";"21";"1";""
"201900007251";"138 292 910";"A01";"2";"7";"0";"0";"1";"13";"1";""
"201900007252";"138 292 907";"B01";"1";"7";"0";"2";"1";"1";"1";""
"201900007252";"138 292 908";"A01";"2";"7";"6";"2";"7";"19";"1";""
"201900007253";"138 292 905";"A01";"2";"7";"0";"1";"1";"1";"0";""
"201900007253";"138 292 906";"B01";"2";"7";"0";"2";"3";"23";"0";""
"201900007254";"138 292 903";"B01";"1";"7";"0";"2";"8";"16";"2";""
"201900007254";"138 292 904";"A01";"1";"7";"0";"2";"3";"1";"1";""
"201900007255";"138 292 900";"A01";"1";"7";"0";"2";"1";"13";"0";""
"201900007255";"138 292 901";"B01";"2";"7";"0";"2";"1";"1";"0";""
"201900007255";"138 292 902";"C01";"2";"7";"0";"2";"2";"1";"0";""
"201900007256";"138 292 897";"B01";"1";"7";"0";"2";"6";"21";"1";""
"201900007256";"138 292 898";"A01";"2";"7";"0";"2";"3";"5";"1";""
"201900007256";"138 292 899";"C01";"1";"17";"0";"2";"3";"1";"1";""
"201900007257";"138 292 895";"A01";"3";"7";"0";"2";"3";"9";"1";""
"201900007257";"138 292 896";"B01";"2";"32";"0";"2";"1";"1";"1";""
"201900007258";"138 292 894";"A01";"0";"7";"0";"1";"1";"1";"1";""
"201900007259";"138 292 893";"A01";"1";"7";"4";"0";"2";"1";"1";""
"201900007260";"138 292 892";"A01";"1";"33";"0";"0";"9";"1";"1";""
"201900007261";"138 292 891";"A01";"0";"10";"0";"1";"4";"4";"1";""
"201900007262";"138 292 890";"A01";"2";"7";"0";"1";"8";"15";"1";""
"201900007263";"138 292 888";"B01";"2";"7";"0";"2";"3";"10";"1";""
"201900007263";"138 292 889";"A01";"2";"33";"0";"2";"3";"17";"1";""
"201900007264";"138 292 886";"B01";"3";"7";"0";"2";"5";"1";"1";""
"201900007264";"138 292 887";"A01";"3";"7";"0";"2";"1";"1";"1";""
"201900007265";"138 292 884";"B01";"0";"7";"0";"2";"3";"0";"1";""
"201900007265";"138 292 885";"A01";"3";"7";"0";"2";"3";"0";"1";""
"201900007266";"138 292 882";"A01";"2";"7";"0";"2";"3";"1";"1";""
"201900007266";"138 292 883";"B01";"1";"7";"0";"2";"1";"17";"1";""
"201900007267";"138 292 880";"A01";"1";"17";"0";"0";"0";"23";"1";""
"201900007267";"138 292 881";"B01";"2";"7";"0";"9";"6";"1";"1";""
"201900007268";"138 292 879";"A01";"2";"7";"13";"0";"7";"13";"1";""
"201900007269";"138 292 877";"A01";"1";"7";"0";"2";"2";"17";"1";""
"201900007269";"138 292 878";"B01";"1";"1";"0";"2";"3";"15";"5";""
"201900007270";"138 292 876";"A01";"3";"7";"13";"0";"9";"1";"6";""
"201900007271";"138 292 871";"A01";"2";"7";"3";"0";"2";"0";"1";""
"201900007272";"138 292 869";"A01";"1";"7";"0";"2";"3";"21";"1";""
"201900007272";"138 292 870";"B01";"1";"7";"0";"2";"2";"1";"1";""
"201900007273";"138 292 868";"A01";"1";"7";"4";"0";"2";"1";"1";""
"201900007274";"138 292 865";"C01";"2";"13";"0";"2";"1";"0";"1";""
"201900007274";"138 292 866";"B01";"2";"10";"0";"2";"1";"0";"1";""
"201900007274";"138 292 867";"A01";"2";"10";"0";"2";"1";"0";"1";""
"201900007275";"138 292 863";"A01";"1";"7";"0";"2";"4";"2";"1";""
"201900007275";"138 292 864";"B01";"1";"7";"0";"2";"1";"2";"1";""
"201900007276";"138 292 862";"A01";"1";"7";"0";"2";"1";"13";"1";""
"201900007277";"138 292 860";"A01";"2";"10";"0";"2";"1";"2";"1";""
"201900007277";"138 292 861";"B01";"2";"7";"0";"2";"4";"2";"1";""
"201900007278";"138 292 858";"B01";"2";"17";"0";"2";"5";"2";"1";""
"201900007278";"138 292 859";"A01";"2";"33";"0";"2";"1";"2";"1";""
"201900007279";"138 292 853";"A01";"1";"7";"0";"2";"1";"1";"1";""
"201900007279";"138 292 854";"B01";"1";"7";"0";"2";"7";"1";"1";""
"201900007280";"138 292 851";"A01";"2";"7";"0";"2";"0";"2";"1";""
"201900007280";"138 292 852";"B01";"2";"7";"0";"2";"5";"2";"1";""
"201900007281";"138 292 850";"A01";"2";"32";"0";"1";"7";"19";"0";""
"201900007282";"138 292 849";"A01";"1";"34";"0";"1";"1";"1";"1";""
"201900007283";"138 292 845";"A01";"1";"7";"0";"2";"1";"1";"1";""
"201900007283";"138 292 846";"B01";"1";"10";"0";"2";"4";"1";"1";""
"201900007284";"138 292 841";"A01";"2";"7";"0";"2";"1";"2";"1";""
"201900007284";"138 292 842";"B01";"2";"7";"0";"2";"9";"2";"1";""
"201900007284";"138 292 843";"C01";"2";"7";"0";"2";"9";"2";"1";""
"201900007284";"138 292 844";"D01";"2";"7";"0";"2";"4";"2";"1";""
"201900007285";"138 292 837";"B01";"3";"7";"1";"2";"3";"9";"0";""
"201900007285";"138 292 838";"A01";"2";"7";"0";"2";"1";"21";"0";""
"201900007286";"138 292 829";"A01";"0";"7";"1";"1";"4";"20";"1";""
"201900007286";"138 292 830";"B01";"1";"7";"0";"2";"8";"24";"1";""
"201900007287";"138 292 827";"B01";"2";"7";"0";"2";"4";"2";"2";""
"201900007287";"138 292 828";"A01";"2";"7";"0";"2";"1";"2";"1";""
"201900007288";"138 292 825";"A01";"2";"7";"0";"2";"2";"15";"1";""
"201900007288";"138 292 826";"B01";"1";"7";"0";"2";"1";"1";"1";""
"201900007289";"138 292 822";"A01";"2";"7";"0";"1";"3";"1";"1";""
"201900007290";"138 292 820";"B01";"2";"2";"0";"2";"1";"1";"1";""
"201900007290";"138 292 821";"A01";"1";"7";"0";"2";"2";"15";"0";""
"201900007291";"138 292 817";"A01";"1";"7";"0";"2";"3";"9";"1";""
"201900007291";"138 292 818";"C01";"2";"7";"0";"2";"3";"1";"1";""
"201900007291";"138 292 819";"B01";"1";"7";"0";"2";"7";"1";"1";""
"201900007292";"138 292 815";"B01";"1";"7";"0";"2";"1";"1";"1";""
"201900007292";"138 292 816";"A01";"2";"7";"0";"2";"3";"9";"1";""
"201900007293";"138 292 808";"B01";"0";"10";"0";"6";"6";"1";"1";""
"201900007293";"138 292 809";"A01";"0";"50";"0";"2";"1";"16";"3";""
"201900007294";"138 292 807";"A01";"1";"10";"0";"0";"0";"14";"1";""
"201900007295";"138 292 806";"A01";"1";"7";"12";"0";"1";"1";"1";""
"201900007296";"138 292 805";"A01";"3";"7";"0";"0";"8";"0";"0";""
"201900007297";"138 292 804";"A01";"3";"2";"0";"0";"0";"26";"1";""
"201900007298";"138 292 802";"A01";"3";"7";"0";"2";"3";"16";"1";""
"201900007298";"138 292 803";"B01";"3";"7";"0";"2";"3";"1";"1";""
"201900007299";"138 292 800";"B01";"1";"33";"0";"2";"1";"1";"1";""
"201900007299";"138 292 801";"A01";"2";"7";"0";"2";"7";"15";"1";""
"201900007300";"138 292 798";"A01";"1";"7";"0";"2";"1";"1";"1";""
"201900007300";"138 292 799";"B01";"3";"1";"0";"2";"2";"19";"5";""
"201900007301";"138 292 797";"A01";"1";"30";"0";"1";"1";"1";"1";""
"201900007302";"138 292 795";"B01";"1";"7";"0";"2";"1";"23";"1";""
"201900007302";"138 292 796";"A01";"1";"7";"0";"2";"4";"0";"1";""
"201900007303";"138 292 793";"A01";"1";"7";"0";"2";"1";"15";"1";""
"201900007303";"138 292 794";"Z01";"0";"7";"0";"2";"4";"26";"0";""
"201900007304";"138 292 791";"B01";"1";"7";"0";"2";"3";"1";"1";""
"201900007304";"138 292 792";"A01";"1";"7";"0";"2";"2";"2";"1";""
"201900007305";"138 292 790";"A01";"3";"7";"0";"1";"3";"1";"1";""
"201900007306";"138 292 788";"A01";"1";"10";"0";"2";"1";"15";"1";""
"201900007306";"138 292 789";"B01";"1";"10";"9";"2";"3";"1";"1";""
"201900007307";"138 292 787";"A01";"2";"33";"1";"0";"8";"1";"1";""
"201900007308";"138 292 785";"A01";"1";"7";"0";"2";"1";"1";"1";""
"201900007308";"138 292 786";"B01";"2";"7";"0";"2";"7";"15";"0";""
"201900007309";"138 292 783";"B01";"1";"7";"0";"2";"2";"1";"2";""
"201900007309";"138 292 784";"A01";"1";"31";"0";"2";"8";"11";"1";""
"201900007310";"138 292 781";"B01";"1";"33";"0";"2";"8";"3";"1";""
"201900007310";"138 292 782";"A01";"1";"7";"0";"2";"7";"12";"1";""
"201900007311";"138 292 779";"B01";"2";"7";"0";"2";"4";"23";"1";""
"201900007311";"138 292 780";"A01";"2";"30";"0";"2";"1";"2";"1";""
"201900007312";"138 292 778";"Z01";"1";"43";"0";"1";"0";"17";"1";""
"201900007313";"138 292 776";"A01";"1";"1";"0";"2";"7";"19";"5";""
"201900007313";"138 292 777";"B01";"1";"7";"0";"2";"1";"1";"1";""
"201900007314";"138 292 775";"A01";"3";"7";"0";"1";"2";"1";"1";""
"201900007315";"138 292 773";"A01";"2";"30";"0";"2";"8";"1";"1";""
"201900007315";"138 292 774";"Z01";"2";"7";"0";"2";"7";"14";"1";""