"Num_Acc";"id_vehicule";"num_veh";"senc";"catv";"obs";"obsm";"choc";"manv";"motor";"occutc"
"201900007316";"138 292 772";"A01";"1";"7";"0";"1";"1";"1";"1";""
"201900007317";"138 292 769";"C01";"1";"1";"0";"2";"1";"2";"5";""
"201900007317";"138 292 770";"B01";"1";"1";"0";"2";"1";"2";"5";""
"201900007317";"138 292 771";"A01";"1";"1";"0";"2";"4";"2";"5";""
"201900007318";"138 292 766";"A01";"2";"7";"0";"1";"1";"1";"1";""
"201900007319";"138 292 764";"A01";"1";"1";"0";"2";"7";"19";"5";""
"201900007319";"138 292 765";"B01";"1";"7";"0";"2";"0";"1";"2";""
"201900007320";"138 292 763";"A01";"2";"32";"11";"0";"0";"14";"1";""
"201900007321";"138 292 762";"A01";"1";"7";"0";"1";"3";"1";"1";""
"201900007322";"138 292 758";"D01";"3";"7";"0";"2";"0";"0";"0";""
"201900007322";"138 292 759";"C01";"3";"7";"0";"0";"8";"0";"1";""
"201900007322";"138 292 760";"B01";"3";"7";"0";"2";"1";"15";"1";""
"201900007322";"138 292 761";"A01";"3";"7";"0";"2";"0";"0";"1";""
"201900007323";"138 292 757";"A01";"3";"0";"0";"1";"0";"0";"0";""
"201900007324";"138 292 755";"B01";"0";"3";"0";"0";"1";"1";"1";""
"201900007324";"138 292 756";"A01";"0";"3";"0";"0";"3";"15";"1";""
"201900007325";"138 292 753";"A01";"1";"7";"0";"2";"3";"15";"1";""
"201900007325";"138 292 754";"B01";"1";"37";"0";"2";"7";"1";"0";"2"
"201900007326";"138 292 751";"A01";"2";"7";"0";"2";"1";"16";"0";""
"201900007326";"138 292 752";"B01";"2";"2";"0";"2";"2";"1";"0";""
"201900007327";"138 292 749";"B01";"0";"2";"0";"2";"1";"1";"1";""
"201900007327";"138 292 750";"A01";"0";"7";"0";"2";"3";"9";"1";""
"201900007328";"138 292 747";"B01";"1";"7";"0";"2";"3";"0";"1";""
"201900007328";"138 292 748";"A01";"1";"10";"0";"2";"1";"1";"1";""
"201900007329";"138 292 745";"B01";"1";"7";"0";"2";"0";"0";"0";""
"201900007329";"138 292 746";"A01";"0";"30";"0";"2";"0";"0";"0";""
"201900007330";"138 292 743";"A01";"2";"7";"0";"2";"4";"20";"1";""
"201900007330";"138 292 744";"B01";"2";"7";"0";"2";"1";"23";"1";""
"201900007331";"138 292 742";"A01";"1";"30";"0";"0";"0";"0";"1";""
"201900007332";"138 292 740";"B01";"1";"7";"9";"2";"4";"23";"1";""
"201900007332";"138 292 741";"A01";"1";"7";"0";"2";"1";"2";"1";""
"201900007333";"138 292 738";"B01";"1";"34";"0";"2";"7";"17";"1";""
"201900007333";"138 292 739";"A01";"1";"7";"0";"2";"3";"13";"1";""
"201900007334";"138 292 736";"A01";"1";"7";"0";"2";"1";"2";"1";""
"201900007334";"138 292 737";"B01";"1";"32";"0";"2";"4";"23";"1";""
"201900007335";"138 292 734";"A01";"3";"33";"1";"2";"2";"1";"1";""
"201900007335";"138 292 735";"B01";"3";"3";"0";"2";"7";"20";"1";""
"201900007336";"138 292 732";"A01";"2";"14";"0";"2";"2";"1";"1";""
"201900007336";"138 292 733";"B01";"1";"7";"0";"2";"3";"15";"1";""
"201900007337";"138 292 731";"A01";"1";"31";"3";"0";"0";"1";"1";""
"201900007338";"138 292 730";"A01";"1";"7";"0";"1";"1";"1";"1";""
"201900007339";"138 292 729";"A01";"0";"2";"6";"0";"7";"1";"1";""
"201900007340";"138 292 727";"B01";"1";"33";"0";"2";"3";"1";"1";""
"201900007340";"138 292 728";"A01";"2";"7";"0";"2";"3";"13";"1";""
"201900007341";"138 292 726";"A01";"1";"33";"0";"0";"0";"1";"1";""
"201900007342";"138 292 724";"A01";"2";"7";"0";"0";"1";"1";"0";""
"201900007342";"138 292 725";"B01";"3";"7";"0";"0";"3";"16";"0";""
"201900007343";"138 292 722";"A01";"2";"7";"0";"2";"3";"15";"1";""
"201900007343";"138 292 723";"B01";"1";"33";"0";"2";"3";"1";"1";""
"201900007344";"138 292 721";"A01";"2";"7";"0";"1";"2";"0";"1";""
"201900007345";"138 292 719";"A01";"2";"7";"0";"2";"8";"15";"1";""
"201900007345";"138 292 720";"B01";"1";"33";"0";"2";"1";"1";"1";""
"201900007346";"138 292 717";"B01";"2";"7";"0";"2";"1";"17";"1";""
"201900007346";"138 292 718";"A01";"1";"7";"0";"2";"1";"1";"1";""
"201900007347";"138 292 716";"A01";"2";"7";"3";"0";"1";"2";"1";""
"201900007348";"138 292 715";"A01";"2";"7";"0";"0";"9";"0";"1";""
"201900007349";"138 292 712";"C01";"1";"7";"0";"2";"1";"1";"0";""
"201900007349";"138 292 713";"B01";"1";"7";"0";"2";"1";"1";"6";""
"201900007349";"138 292 714";"A01";"1";"21";"0";"0";"4";"1";"0";""
"201900007350";"138 292 711";"A01";"2";"7";"4";"0";"1";"14";"1";""
"201900007351";"138 292 709";"B01";"1";"33";"0";"2";"1";"17";"1";""
"201900007351";"138 292 710";"A01";"1";"7";"0";"0";"3";"15";"1";""
"201900007352";"138 292 708";"A01";"1";"7";"0";"1";"1";"16";"1";""
"201900007353";"138 292 703";"A01";"1";"7";"0";"2";"9";"15";"1";""
"201900007353";"138 292 704";"B01";"1";"7";"0";"2";"3";"1";"1";""
"201900007353";"138 292 705";"C01";"2";"13";"0";"2";"3";"1";"1";""
"201900007354";"138 292 702";"A01";"2";"7";"1";"0";"1";"16";"1";""
"201900007355";"138 292 701";"A01";"2";"7";"13";"0";"9";"1";"1";""
"201900007356";"138 292 699";"A01";"2";"2";"0";"2";"1";"1";"1";""
"201900007356";"138 292 700";"B01";"2";"13";"0";"0";"4";"23";"1";""
"201900007357";"138 292 698";"A01";"3";"35";"13";"0";"2";"0";"1";""
"201900007358";"138 292 697";"A01";"2";"2";"0";"0";"0";"1";"1";""
"201900007359";"138 292 695";"A01";"1";"7";"0";"2";"3";"15";"1";""
"201900007359";"138 292 696";"B01";"2";"33";"0";"2";"8";"1";"1";""
"201900007360";"138 292 693";"B01";"2";"7";"0";"2";"8";"1";"1";""
"201900007360";"138 292 694";"A01";"1";"7";"0";"2";"3";"11";"1";""
"201900007361";"138 292 692";"A01";"2";"7";"0";"0";"9";"0";"0";""
"201900007362";"138 292 691";"A01";"2";"7";"3";"0";"1";"1";"1";""
"201900007363";"138 292 689";"B01";"3";"7";"0";"2";"8";"15";"1";""
"201900007363";"138 292 690";"A01";"2";"31";"0";"2";"1";"1";"1";""
"201900007364";"138 292 688";"A01";"1";"7";"13";"0";"2";"1";"0";""
"201900007365";"138 292 686";"A01";"1";"7";"0";"0";"1";"1";"1";""
"201900007365";"138 292 687";"B01";"2";"7";"0";"0";"1";"1";"1";""
"201900007366";"138 292 683";"A01";"1";"7";"0";"2";"3";"13";"1";""
"201900007366";"138 292 684";"B01";"2";"7";"0";"2";"3";"1";"1";""
"201900007366";"138 292 685";"C01";"2";"7";"0";"2";"3";"1";"1";""
"201900007367";"138 292 681";"A01";"2";"7";"0";"9";"2";"1";"1";""
"201900007367";"138 292 682";"B01";"1";"1";"0";"2";"1";"9";"0";""
"201900007368";"138 292 679";"B01";"1";"7";"0";"2";"3";"1";"1";""
"201900007368";"138 292 680";"A01";"2";"7";"0";"2";"3";"13";"1";""
"201900007369";"138 292 678";"A01";"2";"7";"0";"1";"2";"1";"1";""
"201900007370";"138 292 676";"B01";"3";"31";"0";"2";"1";"1";"1";""
"201900007370";"138 292 677";"A01";"3";"7";"0";"0";"3";"1";"1";""
"201900007371";"138 292 675";"A01";"2";"2";"0";"0";"6";"1";"1";""
"201900007372";"138 292 672";"A01";"2";"7";"13";"0";"2";"1";"1";""
"201900007373";"138 292 671";"A01";"3";"21";"13";"0";"2";"1";"1";""
"201900007374";"138 292 669";"B01";"1";"33";"0";"2";"1";"1";"1";""
"201900007374";"138 292 670";"A01";"2";"7";"0";"2";"5";"15";"1";""
"201900007375";"138 292 665";"A01";"1";"33";"0";"2";"1";"13";"1";""
"201900007375";"138 292 666";"B01";"2";"7";"0";"2";"2";"1";"1";""
"201900007376";"138 292 664";"A01";"1";"33";"13";"0";"3";"2";"1";""
"201900007377";"138 292 662";"B01";"2";"10";"11";"2";"1";"1";"1";""
"201900007377";"138 292 663";"A01";"1";"7";"0";"2";"2";"15";"1";""
"201900007378";"138 292 660";"A01";"1";"7";"1";"0";"1";"13";"1";""
"201900007378";"138 292 661";"B01";"2";"7";"0";"2";"1";"24";"1";""
"201900007379";"138 292 659";"A01";"0";"7";"0";"1";"7";"0";"1";""
"201900007380";"138 292 658";"A01";"2";"7";"2";"0";"1";"1";"1";""
"201900007381";"138 292 657";"A01";"1";"7";"3";"0";"0";"26";"6";""
"201900007382";"138 292 655";"B01";"2";"7";"0";"2";"1";"15";"1";""
"201900007382";"138 292 656";"A01";"1";"7";"0";"2";"1";"21";"1";""
"201900007383";"138 292 653";"B01";"3";"1";"0";"2";"8";"15";"6";""
"201900007383";"138 292 654";"A01";"3";"7";"0";"9";"1";"1";"0";""
"201900007384";"138 292 652";"A01";"2";"7";"13";"0";"0";"2";"1";""
"201900007385";"138 292 651";"A01";"3";"7";"2";"0";"1";"1";"0";""
"201900007386";"138 292 649";"B01";"2";"34";"3";"2";"3";"2";"1";""
"201900007386";"138 292 650";"A01";"2";"7";"3";"2";"7";"1";"1";""
"201900007387";"138 292 647";"B01";"2";"7";"0";"2";"3";"1";"1";""
"201900007387";"138 292 648";"A01";"1";"7";"0";"2";"3";"13";"1";""
"201900007388";"138 292 643";"B01";"2";"31";"0";"2";"8";"9";"1";""
"201900007388";"138 292 644";"A01";"1";"7";"0";"2";"1";"26";"0";""
"201900007389";"138 292 641";"B01";"2";"7";"0";"2";"4";"2";"1";""
"201900007389";"138 292 642";"A01";"2";"7";"0";"2";"1";"2";"1";""
"201900007390";"138 292 639";"A01";"0";"14";"0";"2";"5";"4";"1";""
"201900007390";"138 292 640";"B01";"1";"2";"0";"2";"1";"1";"1";""
"201900007391";"138 292 638";"A01";"3";"10";"13";"0";"9";"14";"1";""
"201900007392";"138 292 636";"B01";"1";"7";"0";"2";"3";"1";"0";""
"201900007392";"138 292 637";"A01";"2";"7";"0";"2";"2";"13";"0";""
"201900007393";"138 292 635";"A01";"2";"33";"15";"0";"8";"0";"1";""
"201900007394";"138 292 634";"A01";"1";"7";"0";"1";"2";"15";"1";""
"201900007395";"138 292 631";"A01";"0";"2";"0";"0";"1";"1";"0";""
"201900007396";"138 292 629";"A01";"1";"10";"0";"1";"6";"1";"1";""
"201900007396";"138 292 630";"B01";"1";"20";"0";"1";"8";"1";"0";""
"201900007397";"138 292 626";"A01";"3";"34";"6";"0";"1";"1";"1";""
"201900007398";"138 292 624";"B01";"1";"7";"0";"2";"1";"2";"1";""
"201900007398";"138 292 625";"A01";"2";"7";"0";"2";"1";"5";"1";""
"201900007399";"138 292 623";"A01";"2";"7";"2";"0";"3";"1";"0";""
"201900007400";"138 292 621";"B01";"1";"7";"3";"0";"0";"1";"1";""
"201900007400";"138 292 622";"A01";"1";"7";"3";"2";"1";"1";"1";""
"201900007401";"138 292 619";"A01";"1";"7";"0";"2";"3";"0";"0";""
"201900007401";"138 292 620";"B01";"1";"33";"0";"2";"2";"0";"1";""
"201900007402";"138 292 618";"A01";"1";"7";"3";"0";"0";"13";"1";""
"201900007403";"138 292 615";"A01";"2";"7";"0";"2";"1";"17";"1";""
"201900007403";"138 292 616";"B01";"1";"7";"0";"2";"1";"1";"1";""
"201900007403";"138 292 617";"C01";"2";"7";"0";"2";"1";"1";"1";""
"201900007404";"138 292 612";"A01";"3";"7";"0";"1";"3";"1";"1";""
"201900007405";"138 292 611";"A01";"1";"36";"15";"0";"1";"14";"1";""
"201900007406";"138 292 610";"A01";"1";"7";"13";"0";"1";"1";"1";""
"201900007407";"138 292 608";"A01";"1";"7";"0";"2";"4";"1";"1";""
"201900007407";"138 292 609";"B01";"1";"7";"0";"2";"1";"2";"1";""
"201900007408";"138 292 606";"A01";"2";"7";"0";"2";"7";"14";"1";""
"201900007408";"138 292 607";"B01";"2";"33";"0";"2";"8";"1";"1";""
"201900007409";"138 292 603";"B01";"2";"7";"0";"2";"5";"12";"1";""
"201900007409";"138 292 604";"A01";"2";"33";"0";"2";"1";"3";"1";""
"201900007410";"138 292 600";"C01";"1";"7";"0";"2";"4";"1";"1";""
"201900007410";"138 292 601";"A01";"1";"7";"0";"2";"1";"1";"1";""
"201900007410";"138 292 602";"B01";"1";"7";"0";"2";"4";"1";"1";""
"201900007411";"138 292 599";"A01";"2";"33";"4";"0";"1";"19";"1";""
"201900007412";"138 292 597";"B01";"1";"1";"0";"2";"5";"19";"5";""
"201900007412";"138 292 598";"A01";"0";"7";"0";"6";"1";"15";"5";""
"201900007413";"138 292 596";"A01";"0";"33";"0";"0";"0";"2";"0";""
"201900007414";"138 292 594";"B01";"2";"7";"0";"2";"4";"2";"1";""
"201900007414";"138 292 595";"A01";"2";"7";"0";"2";"1";"2";"1";""
"201900007415";"138 292 592";"B01";"2";"33";"0";"2";"1";"1";"1";""
"201900007415";"138 292 593";"A01";"1";"7";"0";"2";"7";"15";"1";""
"201900007416";"138 292 588";"A01";"0";"2";"0";"2";"1";"17";"1";""
"201900007416";"138 292 589";"B01";"0";"7";"0";"2";"3";"15";"1";""
"201900007417";"138 292 587";"A01";"2";"1";"13";"0";"1";"14";"5";""
"201900007418";"138 292 582";"A01";"1";"7";"0";"2";"9";"1";"1";""
"201900007418";"138 292 583";"B01";"1";"7";"0";"2";"1";"1";"1";""
"201900007419";"138 292 580";"A01";"1";"7";"0";"2";"2";"26";"1";""
"201900007419";"138 292 581";"B01";"2";"7";"0";"2";"3";"1";"1";""
"201900007420";"138 292 578";"B01";"0";"7";"0";"2";"2";"1";"1";""
"201900007420";"138 292 579";"A01";"1";"7";"0";"2";"3";"9";"1";""
"201900007421";"138 292 576";"A01";"1";"7";"0";" -1";"2";"16";"1";""
"201900007421";"138 292 577";"B01";"0";"40";"0";"2";"7";"1";"3";""
"201900007422";"138 292 573";"A01";"1";"7";"0";"2";"1";"26";"1";""
"201900007422";"138 292 574";"C01";"2";"7";"0";"2";"1";"1";"1";""
"201900007422";"138 292 575";"B01";"2";"7";"0";"2";"2";"1";"1";""
"201900007423";"138 292 571";"B01";"3";"7";"0";"2";"1";"1";"1";""
"201900007423";"138 292 572";"A01";"3";"7";"0";"2";"1";"17";"1";""
"201900007424";"138 292 565";"A01";"0";"7";"0";"2";"7";"1";"1";""
"201900007424";"138 292 566";"B01";"0";"7";"0";"2";"1";"1";"1";""
"201900007425";"138 292 563";"B01";"2";"1";"0";"0";"3";"11";"5";""
"201900007425";"138 292 564";"A01";"2";"7";"0";"0";"2";"1";"1";""
"201900007426";"138 292 561";"B01";"0";"7";"0";"2";"1";"9";"1";""
"201900007426";"138 292 562";"A01";"2";"17";"0";"2";"7";"1";"1";""
"201900007427";"138 292 559";"B01";"1";"7";"0";"2";"7";"15";"1";""
"201900007427";"138 292 560";"A01";"2";"7";"0";"2";"1";"1";"1";""
"201900007428";"138 292 557";"B01";"2";"7";"8";"2";"6";"1";"1";""
"201900007428";"138 292 558";"A01";"0";"7";"0";"2";"0";"1";"0";""
"201900007429";"138 292 555";"B01";"1";"7";"0";"2";"2";"16";"1";""
"201900007429";"138 292 556";"A01";"1";"33";"0";"2";"1";"16";"1";""
"201900007430";"138 292 554";"A01";"2";"33";"0";"1";"1";"1";"1";""
"201900007431";"138 292 551";"B01";"1";"10";"0";"2";"3";"1";"1";""
"201900007431";"138 292 552";"C01";"1";"33";"0";"2";"3";"1";"1";""
"201900007431";"138 292 553";"A01";"1";"7";"0";"2";"1";"13";"1";""
"201900007432";"138 292 548";"B01";"1";"7";"0";"2";"4";"2";"1";""
"201900007432";"138 292 549";"C01";"1";"7";"0";"2";"4";"2";"1";""
"201900007432";"138 292 550";"A01";"1";"7";"0";"2";"1";"2";"1";""
"201900007433";"138 292 546";"B01";"2";"7";"0";"2";"6";"20";"1";""
"201900007433";"138 292 547";"A01";"2";"15";"0";"2";"2";"2";"1";""
"201900007434";"138 292 542";"Z01";"1";"7";"0";"2";"8";"13";"1";""
"201900007434";"138 292 543";"A01";"1";"32";"0";"2";"7";"1";"1";""
"201900007435";"138 292 540";"A01";"1";"3";"0";"2";"4";"13";"1";""
"201900007435";"138 292 541";"B01";"1";"33";"0";"2";"1";"3";"1";""
"201900007436";"138 292 539";"A01";"3";"33";"0";"0";"1";"1";"1";""
"201900007437";"138 292 537";"B01";"1";"7";"0";"2";"4";"15";"1";""
"201900007437";"138 292 538";"A01";"1";"7";"0";"2";"1";"26";"1";""
"201900007438";"138 292 536";"A01";"2";"30";"5";"6";"3";"26";"6";""
"201900007439";"138 292 535";"A01";"1";"32";"14";"1";"3";"19";"6";""
"201900007440";"138 292 534";"B01";"2";"32";"0";"0";"0";"0";"0";""
"201900007441";"138 292 532";"B01";"1";"7";"0";"2";"5";"2";"1";""
"201900007441";"138 292 533";"A01";"1";"7";"0";"2";"6";"2";"1";""
"201900007442";"138 292 531";"A01";"1";"1";"1";"0";"2";"0";"6";""
"201900007443";"138 292 529";"A01";"1";"7";"0";"2";"1";"26";"1";""
"201900007443";"138 292 530";"B01";"1";"14";"0";"2";"4";"23";"1";""
"201900007444";"138 292 528";"A01";"3";"7";"0";"1";"1";"1";"1";""
"201900007445";"138 292 526";"A01";"3";"7";"0";"2";"1";"15";"1";""
"201900007445";"138 292 527";"B01";"3";"33";"0";"2";"7";"3";"1";""
"201900007446";"138 292 525";"A01";"2";"7";"0";"1";"2";"26";"1";""
"201900007447";"138 292 524";"A01";"1";"7";"0";"1";"1";"15";"1";""
"201900007448";"138 292 523";"A01";"2";"7";"0";"1";"3";"26";"1";""
"201900007449";"138 292 521";"B01";"1";"7";"0";"0";"0";"1";"1";""
"201900007449";"138 292 522";"A01";"1";"7";"0";"1";"2";"14";"1";""
"201900007450";"138 292 519";"B01";"2";"33";"8";"2";"8";"1";"1";""
"201900007450";"138 292 520";"A01";"1";"7";"8";"2";"1";"15";"1";""
"201900007451";"138 292 517";"A01";"2";"7";"0";"2";"1";"26";"0";""
"201900007451";"138 292 518";"B01";"2";"7";"0";"0";"4";"23";"1";""
"201900007452";"138 292 515";"A01";"1";"2";"0";"2";"1";"1";"0";""
"201900007452";"138 292 516";"B01";"1";"10";"0";"2";"6";"23";"1";""
"201900007453";"138 292 514";"A01";"2";"7";"0";"1";"1";"1";"1";""
"201900007454";"138 292 512";"B01";"1";"7";"0";"2";"2";"1";"1";""
"201900007454";"138 292 513";"A01";"1";"7";"0";"2";"8";"26";"1";""
"201900007455";"138 292 511";"A01";"0";"32";"0";"1";"0";"13";"0";""
"201900007456";"138 292 509";"A01";"1";"7";"0";"1";"1";"9";"0";""
"201900007456";"138 292 510";"B01";"0";"1";"0";"0";"0";"0";"0";""
"201900007457";"138 292 507";"A01";"2";"50";"0";"2";"0";"1";"3";""
"201900007457";"138 292 508";"B01";"1";"7";"0";"2";"1";"5";"0";""
"201900007458";"138 292 505";"A01";"0";"7";"0";"2";"0";"21";"0";""
"201900007458";"138 292 506";"B01";"0";"7";"0";"1";"0";"0";"0";""
"201900007459";"138 292 503";"B01";"2";"3";"0";"2";"9";"1";"0";""
"201900007459";"138 292 504";"A01";"1";"3";"0";"2";"5";"1";"0";""
"201900007460";"138 292 500";"A01";"2";"7";"0";"2";"1";"2";"1";""
"201900007460";"138 292 501";"B01";"2";"7";"8";"2";"4";"23";"1";""
"201900007460";"138 292 502";"C01";"2";"10";"8";"2";"5";"23";"1";""
"201900007461";"138 292 498";"B01";"3";"2";"0";"2";"0";"0";"0";""
"201900007461";"138 292 499";"A01";"1";"7";"0";"2";"1";"1";"0";""
"201900007462";"138 292 495";"C01";"1";"7";"0";"2";"4";"24";"1";""
"201900007462";"138 292 496";"A01";"1";"7";"0";"2";"1";"1";"1";""
"201900007462";"138 292 497";"B01";"1";"7";"0";"2";"4";"23";"1";""
"201900007463";"138 292 494";"A01";"1";"7";"0";"1";"1";"1";"1";""
"201900007464";"138 292 493";"A01";"3";"31";"4";"0";"2";"26";"1";""
"201900007465";"138 292 491";"A01";"1";"3";"0";"2";"4";"1";"1";""
"201900007465";"138 292 492";"B01";"1";"7";"0";"2";"1";"2";"1";""
"201900007466";"138 292 489";"B01";"3";"7";"0";"2";"2";"1";"1";""
"201900007466";"138 292 490";"A01";"3";"7";"0";"2";"2";"5";"1";""
"201900007467";"138 292 487";"B01";"1";"33";"0";"2";"1";"1";"1";""
"201900007467";"138 292 488";"A01";"2";"7";"0";"2";"1";"15";"1";""
"201900007468";"138 292 485";"B01";"2";"7";"0";"2";"2";"1";"1";""
"201900007468";"138 292 486";"A01";"3";"7";"0";"2";"1";"15";"1";""
"201900007469";"138 292 484";"A01";"3";"30";"0";"1";"1";"21";"1";""
"201900007470";"138 292 482";"B01";"3";"10";"14";"2";"3";"15";"6";""
"201900007470";"138 292 483";"A01";"2";"33";"15";"2";"2";"11";"0";""
"201900007471";"138 292 473";"B01";"1";"7";"0";"2";"5";"16";"1";""
"201900007471";"138 292 474";"A01";"1";"7";"0";"2";"3";"9";"1";""
"201900007472";"138 292 472";"A01";"2";"3";"1";"0";"2";"1";"2";""
"201900007473";"138 292 471";"Z01";"2";"34";"0";"1";"1";"2";"1";""
"201900007474";"138 292 469";"B01";"2";"15";"0";"2";"4";"0";"1";""
"201900007474";"138 292 470";"A01";"2";"2";"0";"2";"1";"0";"1";""
"201900007475";"138 292 467";"A01";"1";"7";"0";"2";"2";"9";"1";""
"201900007475";"138 292 468";"B01";"1";"33";"0";"2";"1";"1";"1";""
"201900007476";"138 292 465";"A01";"2";"30";"0";"2";"3";"0";"1";""
"201900007476";"138 292 466";"B01";"1";"43";"14";"2";"1";"1";"1";""
"201900007477";"138 292 464";"A01";"3";"7";"8";"0";"6";"9";"1";""
"201900007478";"138 292 462";"A01";"1";"7";"0";"2";"1";"5";"1";""
"201900007478";"138 292 463";"B01";"2";"37";"0";"2";"3";"1";"1";"1"
"201900007479";"138 292 459";"A01";"1";"7";"0";"1";"3";"1";"1";""
"201900007480";"138 292 457";"A01";"3";"7";"0";"2";"0";"15";"0";""
"201900007480";"138 292 458";"B01";"3";"33";"8";"2";"0";"1";"1";""
"201900007481";"138 292 455";"B01";"1";"7";"0";"2";"8";"17";"1";""
"201900007481";"138 292 456";"A01";"1";"33";"0";"2";"7";"3";"1";""
"201900007482";"138 292 454";"A01";"2";"1";"0";"1";"1";"7";"5";""
"201900007483";"138 292 452";"A01";"2";"7";"0";"2";"1";"2";"1";""
"201900007483";"138 292 453";"B01";"2";"7";"0";"2";"4";"23";"1";""
"201900007484";"138 292 450";"B01";"2";"7";"0";"2";"7";"1";"1";""
"201900007484";"138 292 451";"A01";"1";"7";"0";"2";"2";"15";"1";""
"201900007485";"138 292 446";"B01";"1";"7";"0";"2";"3";"15";"1";""
"201900007485";"138 292 447";"A01";"2";"1";"0";"2";"1";"25";"5";""
"201900007486";"138 292 444";"B01";"1";"10";"0";"2";"1";"15";"1";""
"201900007486";"138 292 445";"A01";"2";"31";"0";"2";"1";"1";"1";""
"201900007487";"138 292 442";"A01";"2";"1";"0";"2";"8";"19";"5";""
"201900007487";"138 292 443";"B01";"1";"33";"0";"2";"1";"17";"1";""
"201900007488";"138 292 440";"A01";"3";"10";"0";"2";"8";"9";"1";""
"201900007488";"138 292 441";"B01";"3";"7";"0";"2";"1";"1";"1";""
"201900007489";"138 292 437";"B01";"0";"7";"0";"2";"8";"15";"1";""
"201900007489";"138 292 438";"A01";"1";"7";"0";"2";"1";"2";"1";""
"201900007490";"138 292 436";"A01";"1";"7";"0";"2";"8";"19";"1";""
"201900007491";"138 292 435";"Z01";"2";"99";"0";"1";"0";"26";"0";""
"201900007492";"138 292 432";"C01";"3";"10";"0";"2";"4";"1";"0";""
"201900007492";"138 292 433";"B01";"3";"10";"0";"2";"1";"1";"0";""
"201900007492";"138 292 434";"A01";"3";"10";"0";"2";"1";"1";"0";""
"201900007493";"138 292 428";"Z01";"1";"7";"0";"1";"0";"2";"0";""
"201900007494";"138 292 426";"B01";"1";"1";"0";"2";"7";"1";"5";""
"201900007494";"138 292 427";"A01";"2";"7";"0";"2";"1";"19";"1";""
"201900007495";"138 292 424";"B01";"2";"7";"0";"2";"4";"1";"1";""
"201900007495";"138 292 425";"A01";"2";"7";"0";"2";"1";"2";"1";""
"201900007496";"138 292 423";"A01";"1";"7";"0";"1";"0";"0";"1";""
"201900007497";"138 292 422";"A01";"1";"1";"0";"1";"1";"1";"5";""
"201900007498";"138 292 420";"Z01";"1";"10";"0";"2";"1";"13";"1";""
"201900007498";"138 292 421";"B01";"1";"7";"0";"2";"1";"1";"1";""
"201900007499";"138 292 418";"A01";"3";"7";"0";"2";"1";"1";"0";""
"201900007499";"138 292 419";"B01";"3";"33";"0";"0";"4";"23";"1";""
"201900007500";"138 292 416";"A01";"0";"34";"0";"9";"3";"11";"1";""
"201900007500";"138 292 417";"B01";"3";"7";"0";"2";"0";"0";"1";""
"201900007501";"138 292 414";"B01";"1";"30";"1";"0";"1";"1";"1";""
"201900007501";"138 292 415";"Z01";"1";"7";"0";"2";"1";"1";"1";""
"201900007502";"138 292 411";"C01";"1";"7";"0";"2";"3";"1";"1";""
"201900007502";"138 292 412";"B01";"1";"7";"0";"2";"4";"1";"1";""
"201900007502";"138 292 413";"A01";"1";"17";"0";"2";"7";"14";"1";""
"201900007503";"138 292 409";"A01";"1";"7";"0";"2";"1";"15";"1";""
"201900007503";"138 292 410";"B01";"2";"7";"0";"2";"8";"1";"1";""
"201900007504";"138 292 407";"B01";"2";"33";"0";"2";"1";"1";"1";""
"201900007504";"138 292 408";"A01";"3";"10";"0";"2";"8";"19";"1";""
"201900007505";"138 292 405";"A01";"1";"30";"0";"2";"1";"1";"1";""
"201900007505";"138 292 406";"B01";"1";"7";"0";"2";"2";"1";"1";""
"201900007506";"138 292 404";"A01";"2";"7";"0";"1";"4";"4";"3";""
"201900007507";"138 292 402";"B01";"2";"7";"0";"2";"1";"1";"1";""
"201900007507";"138 292 403";"A01";"1";"7";"0";"2";"1";"13";"1";""
"201900007508";"138 292 401";"A01";"3";"1";"0";"1";"1";"25";"5";""
"201900007509";"138 292 399";"B01";"1";"32";"0";"2";"0";"16";"1";""
"201900007509";"138 292 400";"Z01";"1";"7";"0";"2";"0";"16";"1";""
"201900007510";"138 292 397";"A01";"1";"7";"0";"1";"1";"0";"0";""
"201900007511";"138 292 396";"A01";"3";"7";"0";"1";"3";"16";"1";""
"201900007512";"138 292 394";"B01";"1";"34";"0";"2";"5";"0";"1";""
"201900007512";"138 292 395";"A01";"2";"7";"0";"2";"3";"1";"1";""
"201900007513";"138 292 392";"A01";"1";"50";"0";"2";"1";"25";"3";""
"201900007513";"138 292 393";"B01";"3";"7";"0";"2";"2";"26";"1";""
"201900007514";"138 292 391";"A01";"2";"7";"0";"1";"2";"15";"1";""
"201900007515";"138 292 389";"B01";"0";"7";"0";"0";"8";"23";"1";""
"201900007515";"138 292 390";"A01";"3";"10";"14";"0";"1";"1";"1";""
"201900007516";"138 292 387";"B01";"1";"31";"0";"2";"7";"1";"1";""
"201900007516";"138 292 388";"A01";"3";"7";"0";"2";"1";"26";"1";""
"201900007517";"138 292 385";"A01";"2";"7";"0";"2";"5";"15";"1";""
"201900007517";"138 292 386";"B01";"1";"33";"0";"2";"1";"1";"1";""
"201900007518";"138 292 383";"A01";"3";"7";"0";"1";"1";"15";"1";""
"201900007519";"138 292 381";"B01";"2";"7";"0";"2";"3";"19";"0";""
"201900007519";"138 292 382";"A01";"1";"33";"0";"2";"1";"1";"0";""