"Num_Acc";"id_vehicule";"num_veh";"senc";"catv";"obs";"obsm";"choc";"manv";"motor";"occutc"
"201900007520";"138 292 379";"A01";"3";"7";"0";"2";"1";"2";"0";""
"201900007520";"138 292 380";"B01";"0";"7";"0";"2";"4";"2";"0";""
"201900007521";"138 292 378";"A01";"1";"10";"4";"0";"1";"13";"1";""
"201900007522";"138 292 377";"A01";"1";"7";"0";"1";"4";"20";"1";""
"201900007523";"138 292 376";"Z01";"1";"7";"9";"2";"1";"14";"1";""
"201900007524";"138 292 374";"B01";"2";"7";"0";"2";"1";"1";"1";""
"201900007524";"138 292 375";"A01";"1";"7";"0";"2";"1";"13";"1";""
"201900007525";"138 292 373";"A01";"2";"7";"0";"1";"1";"16";"1";""
"201900007526";"138 292 370";"C01";"1";"7";"0";"2";"5";"23";"0";""
"201900007526";"138 292 371";"B01";"1";"7";"0";"2";"5";"23";"0";""
"201900007526";"138 292 372";"A01";"1";"10";"0";"2";"1";"16";"1";""
"201900007527";"138 292 360";"B01";"2";"7";"0";"2";"1";"2";"1";""
"201900007527";"138 292 361";"A01";"2";"7";"0";"2";"4";"1";"1";""
"201900007528";"138 292 358";"A01";"3";"7";"0";"2";"2";"15";"1";""
"201900007528";"138 292 359";"B01";"3";"7";"0";"2";"1";"1";"1";""
"201900007529";"138 292 356";"B01";"1";"7";"0";"2";"7";"0";"0";""
"201900007529";"138 292 357";"A01";"1";"7";"0";"2";"1";"2";"0";""
"201900007530";"138 292 354";"B01";"2";"7";"0";"2";"7";"15";"1";""
"201900007530";"138 292 355";"A01";"2";"7";"0";"2";"1";"1";"1";""
"201900007531";"138 292 351";"B01";"0";"7";"0";"2";"8";"1";"1";""
"201900007531";"138 292 352";"A01";"0";"7";"0";"2";"1";"9";"1";""
"201900007531";"138 292 353";"C01";"3";"7";"0";"2";"3";"23";"1";""
"201900007532";"138 292 349";"A01";"1";"7";"0";"2";"8";"9";"1";""
"201900007532";"138 292 350";"B01";"1";"7";"0";"2";"1";"1";"1";""
"201900007533";"138 292 347";"B01";"0";"7";"0";"2";"1";"1";"1";""
"201900007533";"138 292 348";"A01";"1";"7";"0";"2";"1";"5";"1";""
"201900007534";"138 292 344";"B01";"1";"7";"0";"2";"4";"1";"1";""
"201900007534";"138 292 345";"A01";"1";"7";"0";"2";"1";"1";"1";""
"201900007535";"138 292 343";"A01";"1";"7";"2";"0";"2";"26";"1";""
"201900007536";"138 292 341";"A01";"1";"7";"0";"2";"2";"16";"1";""
"201900007536";"138 292 342";"B01";"1";"1";"0";"2";"3";"19";"5";""
"201900007537";"138 292 340";"A01";"1";"7";"0";"1";"0";"16";"1";""
"201900007538";"138 292 338";"A01";"1";"1";"0";"2";"8";"9";"5";""
"201900007538";"138 292 339";"B01";"1";"7";"0";"2";"1";"1";"1";""
"201900007539";"138 292 337";"A01";"3";"7";"12";"1";"7";"26";"1";""
"201900007540";"138 292 335";"B01";"2";"7";"0";"2";"1";"9";"0";""
"201900007540";"138 292 336";"A01";"2";"34";"0";"2";"7";"1";"1";""
"201900007541";"138 292 333";"B01";"3";"7";"0";"2";"3";"1";"1";""
"201900007541";"138 292 334";"A01";"3";"7";"0";"2";"4";"13";"1";""
"201900007542";"138 292 331";"B01";"2";"7";"0";"2";"3";"1";"1";""
"201900007542";"138 292 332";"A01";"1";"7";"0";"2";"3";"13";"1";""
"201900007543";"138 292 329";"A01";"1";"7";"0";"2";"1";"9";"1";""
"201900007543";"138 292 330";"B01";"1";"33";"0";"0";"0";"0";"1";""
"201900007544";"138 292 327";"B01";"1";"7";"0";"2";"6";"1";"1";""
"201900007544";"138 292 328";"A01";"2";"7";"0";"2";"3";"1";"1";""
"201900007545";"138 292 325";"A01";"1";"7";"0";"0";"2";"2";"0";""
"201900007545";"138 292 326";"B01";"2";"7";"0";"2";"1";"2";"0";""
"201900007546";"138 292 323";"A01";"1";"7";"0";"2";"3";"0";"1";""
"201900007546";"138 292 324";"B01";"1";"7";"0";"2";"2";"0";"1";""
"201900007547";"138 292 322";"A01";"3";"7";"0";"1";"2";"19";"1";""
"201900007548";"138 292 319";"A01";"2";"7";"0";"2";"1";"2";"0";""
"201900007548";"138 292 320";"B01";"2";"7";"0";"2";"4";"2";"0";""
"201900007548";"138 292 321";"Z01";"2";"7";"0";"2";"1";"2";"0";""
"201900007549";"138 292 317";"B01";"3";"7";"14";"2";"5";"23";"1";""
"201900007549";"138 292 318";"A01";"3";"7";"15";"0";"3";"14";"1";""
"201900007550";"138 292 313";"B01";"3";"2";"0";"2";"1";"9";"0";""
"201900007550";"138 292 314";"A01";"0";"7";"0";"2";"7";"1";"0";""
"201900007551";"138 292 311";"A01";"1";"7";"0";"1";"3";"1";"1";""
"201900007551";"138 292 312";"B01";"1";"7";"0";"1";"0";"1";"1";""
"201900007552";"138 292 310";"A01";"3";"50";"0";"2";"6";"1";"3";""
"201900007553";"138 292 309";"A01";"1";"32";"12";"0";"1";"1";"1";""
"201900007554";"138 292 308";"A01";"2";"7";"0";"1";"1";"1";"1";""
"201900007555";"138 292 306";"B01";"1";"7";"0";"9";"5";"1";"1";""
"201900007555";"138 292 307";"A01";"1";"50";"0";"2";"1";"2";"3";""
"201900007556";"138 292 304";"A01";"2";"32";"0";"2";"1";"1";"1";""
"201900007556";"138 292 305";"B01";"1";"7";"0";"2";"3";"9";"1";""
"201900007557";"138 292 303";"A01";"2";"7";"0";"1";"4";"4";"1";""
"201900007558";"138 292 301";"B01";"3";"3";"0";"2";"3";"1";"1";""
"201900007558";"138 292 302";"A01";"3";"32";"0";"2";"1";"15";"0";""
"201900007559";"138 292 300";"A01";"3";"7";"3";"0";"1";"0";"1";""
"201900007560";"138 292 298";"B01";"1";"1";"0";"2";"1";"1";"0";""
"201900007560";"138 292 299";"A01";"3";"17";"0";"9";"7";"16";"0";""
"201900007561";"138 292 297";"A01";"1";"36";"0";"0";"7";"26";"1";""
"201900007562";"138 292 295";"A01";"1";"33";"0";"2";"1";"13";"1";""
"201900007562";"138 292 296";"B01";"1";"7";"0";"2";"1";"26";"0";""
"201900007563";"138 292 293";"B01";"1";"7";"0";"2";"3";"9";"1";""
"201900007563";"138 292 294";"A01";"1";"32";"0";"2";"1";"17";"1";""
"201900007564";"138 292 291";"A01";"3";"30";"0";"2";"5";"1";"1";""
"201900007564";"138 292 292";"B01";"3";"7";"0";"2";"1";"9";"1";""
"201900007565";"138 292 289";"A01";"1";"7";"0";"2";"1";"15";"0";""
"201900007565";"138 292 290";"B01";"1";"7";"0";"2";"8";"1";"0";""
"201900007566";"138 292 287";"A01";"3";"7";"8";"2";"1";"26";"1";""
"201900007566";"138 292 288";"B01";"3";"7";"8";"2";"8";"10";"1";""
"201900007567";"138 292 286";"A01";"1";"20";"4";"0";"3";"13";"1";""
"201900007568";"138 292 283";"A01";"3";"7";"0";"2";"6";"9";"1";""
"201900007568";"138 292 284";"B01";"3";"33";"0";"2";"1";"1";"1";""
"201900007569";"138 292 282";"A01";"1";"34";"1";"0";"1";"26";"0";""
"201900007570";"138 292 281";"A01";"3";"7";"0";"1";"2";"26";"1";""
"201900007571";"138 292 280";"A01";"3";"10";"0";"1";"2";"26";"0";""
"201900007572";"138 292 279";"A01";"1";"7";"0";"1";"1";"1";"1";""
"201900007573";"138 292 277";"B01";"2";"31";"0";"2";"3";"26";"1";""
"201900007573";"138 292 278";"Z01";"1";"34";"0";"2";"2";"0";"0";""
"201900007574";"138 292 275";"A01";"1";"7";"0";"0";"0";"0";"1";""
"201900007574";"138 292 276";"B01";"1";"99";"0";"2";"0";"0";"1";""
"201900007575";"138 292 273";"A01";"3";"7";"0";"2";"2";"1";"1";""
"201900007575";"138 292 274";"B01";"1";"7";"0";"2";"1";"19";"1";""
"201900007576";"138 292 271";"A01";"1";"7";"0";"1";"1";"1";"1";""
"201900007577";"138 292 270";"A01";"1";"7";"0";"1";"1";"1";"1";""
"201900007578";"138 292 268";"B01";"1";"30";"0";"2";"1";"1";"1";""
"201900007578";"138 292 269";"A01";"1";"10";"0";"2";"3";"16";"1";""
"201900007579";"138 292 266";"A01";"2";"7";"0";"2";"2";"2";"1";""
"201900007579";"138 292 267";"B01";"2";"7";"0";"2";"6";"23";"0";""
"201900007580";"138 292 265";"A01";"1";"7";"6";"0";"1";"1";"1";""
"201900007581";"138 292 264";"A01";"1";"7";"0";"1";"3";"1";"1";""
"201900007582";"138 292 262";"A01";"3";"7";"0";"2";"7";"15";"0";""
"201900007582";"138 292 263";"B01";"3";"7";"0";"2";"1";"1";"0";""
"201900007583";"138 292 260";"B01";"1";"7";"0";"2";"4";"1";"0";""
"201900007583";"138 292 261";"A01";"1";"2";"0";"2";"1";"1";"0";""
"201900007584";"138 292 258";"A01";"3";"1";"0";"2";"1";"9";"5";""
"201900007584";"138 292 259";"B01";"3";"7";"0";"2";"7";"1";"0";""
"201900007585";"138 292 257";"A01";"3";"7";"15";"0";"1";"1";"1";""
"201900007586";"138 292 254";"A01";"0";"7";"0";"1";"0";"0";" -1";""
"201900007587";"138 292 253";"Z01";"1";"7";"0";"1";"1";"26";"0";""
"201900007588";"138 292 251";"B01";"2";"7";"0";"2";"4";"2";"1";""
"201900007588";"138 292 252";"A01";"2";"7";"0";"2";"3";"2";"0";""
"201900007589";"138 292 250";"A01";"1";"7";"0";"0";"0";"1";"1";""
"201900007590";"138 292 248";"A01";"2";"7";"0";"2";"2";"2";"1";""
"201900007590";"138 292 249";"B01";"1";"7";"0";"2";"7";"15";"1";""
"201900007591";"138 292 247";"A01";"3";"7";"0";"1";"4";"26";"1";""
"201900007592";"138 292 242";"B01";"0";"7";"0";"2";"1";"15";"1";""
"201900007592";"138 292 243";"A01";"0";"31";"0";"2";"2";"1";"1";""
"201900007593";"138 292 241";"A01";"0";"7";"0";"1";"1";"15";"1";""
"201900007594";"138 292 239";"A01";"1";"7";"0";"1";"1";"1";"1";""
"201900007595";"138 292 238";"A01";"1";"10";"0";"1";"1";"17";"1";""
"201900007596";"138 292 237";"A01";"1";"14";"11";"1";"3";"13";"1";""
"201900007597";"138 292 236";"A01";"2";"7";"0";"1";"1";"1";"0";""
"201900007598";"138 292 233";"A01";"1";"7";"0";"1";"3";"15";"1";""
"201900007599";"138 292 232";"A01";"3";"10";"0";"1";"1";"9";"3";""
"201900007600";"138 292 230";"A01";"1";"10";"0";"2";"6";"10";"1";""
"201900007600";"138 292 231";"B01";"1";"2";"0";"2";"1";"2";"1";""
"201900007601";"138 292 228";"A01";"0";"1";"0";"2";"8";"13";"5";""
"201900007601";"138 292 229";"B01";"1";"7";"0";"2";"7";"1";"1";""
"201900007602";"138 292 227";"A01";"0";"7";"9";"0";"7";"13";"1";""
"201900007603";"138 292 225";"A01";"1";"7";"0";"2";"3";"9";"1";""
"201900007603";"138 292 226";"B01";"1";"2";"0";"2";"7";"1";"1";""
"201900007604";"138 292 220";"A01";"1";"7";"0";"2";"1";"1";"1";""
"201900007604";"138 292 221";"B01";"2";"7";"0";"2";"2";"1";"1";""
"201900007605";"138 292 217";"A01";"2";"10";"0";"2";"4";"26";"1";""
"201900007605";"138 292 218";"B01";"2";"7";"0";"2";"1";"2";"1";""
"201900007606";"138 292 216";"A01";"2";"7";"0";"2";"0";"1";" -1";""
"201900007607";"138 292 215";"A01";"1";"7";"0";"1";"1";"15";"1";""
"201900007608";"138 292 213";"A01";"1";"7";"6";"0";"1";"13";"1";""
"201900007609";"138 292 211";"B01";"1";"80";"0";"2";"4";"1";"3";""
"201900007609";"138 292 212";"A01";"1";"7";"0";"2";"1";"9";"1";""
"201900007610";"138 292 209";"B01";"1";"7";"0";"2";"3";"15";"1";""
"201900007610";"138 292 210";"A01";"1";"30";"0";"2";"1";"17";"1";""
"201900007611";"138 292 206";"C01";"2";"7";"0";"2";"4";"2";"1";""
"201900007611";"138 292 207";"B01";"2";"7";"0";"2";"4";"2";"1";""
"201900007611";"138 292 208";"A01";"2";"7";"0";"2";"1";"2";"1";""
"201900007612";"138 292 204";"B01";"1";"7";"0";"2";"3";"1";"1";""
"201900007612";"138 292 205";"A01";"1";"7";"0";"2";"5";"17";"1";""
"201900007613";"138 292 203";"A01";"1";"7";"0";"1";"1";"1";"1";""
"201900007614";"138 292 202";"A01";"1";"7";"0";"0";"0";"14";"1";""
"201900007615";"138 292 200";"A01";"1";"2";"0";"2";"1";"17";"1";""
"201900007615";"138 292 201";"B01";"2";"7";"0";"2";"3";"15";"1";""
"201900007616";"138 292 198";"B01";"2";"2";"0";"0";"4";"23";"1";""
"201900007616";"138 292 199";"A01";"2";"7";"0";"2";"1";"2";"1";""
"201900007617";"138 292 196";"B01";"2";"2";"0";"2";"1";"7";"1";""
"201900007617";"138 292 197";"A01";"2";"7";"0";"2";"7";"16";"1";""
"201900007618";"138 292 195";"A01";"2";"7";"0";"1";"1";"1";"1";""
"201900007619";"138 292 194";"A01";"3";"30";"0";"1";"7";"1";"1";""
"201900007620";"138 292 192";"B01";"3";"7";"0";"2";"3";"1";"1";""
"201900007620";"138 292 193";"A01";"3";"7";"0";"2";"3";"13";"1";""
"201900007621";"138 292 190";"A01";"1";"7";"0";"1";"1";"15";"1";""
"201900007622";"138 292 189";"A01";"0";"7";"0";"1";"8";"0";"0";""
"201900007623";"138 292 187";"B01";"3";"10";"0";"2";"1";"1";"0";""
"201900007623";"138 292 188";"A01";"3";"7";"0";"2";"8";"1";"0";""
"201900007624";"138 292 183";"A01";"1";"36";"0";"0";"1";"0";"1";""
"201900007625";"138 292 182";"A01";"2";"7";"13";"0";"2";"14";"1";""
"201900007626";"138 292 181";"A01";"1";"38";"0";"1";"2";"1";"4";"1"
"201900007627";"138 292 179";"B01";"2";"7";"0";"2";"1";"1";"1";""
"201900007627";"138 292 180";"A01";"1";"7";"0";"2";"1";"1";"1";""
"201900007628";"138 292 177";"A01";"1";"7";"0";"2";"1";"1";"1";""
"201900007628";"138 292 178";"B01";"1";"7";"0";"2";"5";"20";"1";""
"201900007629";"138 292 176";"A01";"2";"0";"0";"1";"0";"2";"0";""
"201900007630";"138 292 175";"A01";"0";"10";"0";"1";"1";"1";"1";""
"201900007631";"138 292 173";"A01";"0";"7";"0";"2";"2";"1";"1";""
"201900007631";"138 292 174";"B01";"0";"7";"13";"2";"1";"1";"1";""
"201900007632";"138 292 172";"A01";"1";"30";"0";"0";"1";"0";"1";""
"201900007633";"138 292 171";"A01";"1";"1";"14";"0";"0";"0";"5";""
"201900007634";"138 292 169";"A01";"1";"7";"0";"2";"1";"0";"1";""
"201900007634";"138 292 170";"B01";"1";"1";"0";"2";"0";"0";"5";""
"201900007635";"138 292 167";"B01";"1";"1";"0";"2";"1";"0";"5";""
"201900007635";"138 292 168";"A01";"1";"7";"0";"2";"1";"0";"1";""
"201900007636";"138 292 165";"A01";"1";"7";"0";"2";"0";"0";"1";""
"201900007636";"138 292 166";"B01";"1";"1";"0";"2";"7";"0";"5";""
"201900007637";"138 292 164";"A01";"1";"7";"0";"1";"1";"0";"1";""
"201900007638";"138 292 162";"B01";"1";"2";"0";"2";"8";"0";"1";""
"201900007638";"138 292 163";"A01";"1";"7";"0";"2";"0";"0";"1";""
"201900007639";"138 292 159";"C01";"3";"7";"0";"2";"4";"26";"1";""
"201900007639";"138 292 160";"A01";"1";"7";"0";"2";"1";"0";"1";""
"201900007639";"138 292 161";"B01";"1";"7";"0";"2";"9";"0";"1";""
"201900007640";"138 292 158";"A01";"1";"7";"0";"1";"3";"0";"1";""
"201900007641";"138 292 156";"B01";"1";"33";"0";"2";"9";"0";"1";""
"201900007641";"138 292 157";"A01";"1";"7";"0";"2";"6";"0";"1";""
"201900007642";"138 292 155";"A01";"1";"2";"2";"0";"1";"21";"3";""
"201900007643";"138 292 154";"A01";"1";"7";"0";"1";"8";"1";"1";""
"201900007644";"138 292 152";"B01";"1";"7";"0";"2";"1";"1";"1";""
"201900007644";"138 292 153";"A01";"2";"7";"0";"2";"1";"15";"1";""
"201900007645";"138 292 150";"B01";"2";"1";"0";"2";"1";"17";"5";""
"201900007645";"138 292 151";"A01";"2";"7";"0";"9";"3";"15";"1";""
"201900007646";"138 292 149";"A01";"3";"7";"2";"0";"1";"21";"1";""
"201900007647";"138 292 147";"B01";"3";"2";"0";"2";"0";"2";"1";""
"201900007647";"138 292 148";"A01";"3";"7";"0";"2";"3";"26";"1";""
"201900007648";"138 292 146";"A01";"1";"2";"6";"0";"2";"14";"1";""
"201900007649";"138 292 145";"A01";"1";"33";"8";"0";"0";"1";"1";""
"201900007650";"138 292 143";"A01";"2";"7";"0";"2";"3";"1";"0";""
"201900007650";"138 292 144";"B01";"1";"10";"0";"2";"3";"6";"0";""
"201900007651";"138 292 140";"A01";"2";"17";"0";"0";"8";"9";"1";""
"201900007651";"138 292 141";"C01";"2";"7";"0";"9";"4";"1";"1";""
"201900007651";"138 292 142";"D01";"2";"7";"0";"2";"1";"2";"1";""
"201900007652";"138 292 138";"A01";"1";"7";"0";"2";"1";"19";"1";""
"201900007652";"138 292 139";"B01";"1";"33";"0";"2";"1";"1";"1";""
"201900007653";"138 292 137";"A01";"0";"7";"14";"0";"2";"0";"0";""
"201900007654";"138 292 136";"A01";"3";"7";"0";"0";"7";"1";"1";""
"201900007655";"138 292 134";"B01";"2";"7";"0";"2";"3";"1";"1";""
"201900007655";"138 292 135";"A01";"1";"7";"0";"2";"3";"1";"1";""
"201900007656";"138 292 133";"A01";"1";"7";"0";"1";"7";"1";"1";""
"201900007657";"138 292 131";"A01";"2";"7";"0";"2";"1";"13";"1";""
"201900007657";"138 292 132";"B01";"1";"7";"0";"2";"1";"1";"1";""
"201900007658";"138 292 130";"A01";"2";"7";"0";"1";"7";"1";"1";""
"201900007659";"138 292 128";"A01";"1";"7";"0";"2";"6";"19";"1";""
"201900007659";"138 292 129";"B01";"1";"33";"0";"2";"1";"1";"1";""
"201900007660";"138 292 126";"A01";"1";"7";"0";"2";"1";"13";"1";""
"201900007660";"138 292 127";"B01";"2";"7";"2";"2";"8";"1";"0";""
"201900007661";"138 292 124";"A01";"1";"7";"0";"2";"7";"19";"1";""
"201900007661";"138 292 125";"B01";"1";"7";"0";"2";"1";"1";"1";""
"201900007662";"138 292 123";"A01";"3";"50";"15";"0";"0";"1";"3";""
"201900007663";"138 292 121";"A01";"1";"7";"0";"2";"2";"2";"1";""
"201900007663";"138 292 122";"B01";"1";"1";"0";"2";"4";"2";"5";""
"201900007664";"138 292 120";"A01";"3";"7";"2";"0";"8";"26";"1";""
"201900007665";"138 292 119";"A01";"2";"7";"6";"0";"2";"15";"6";""
"201900007666";"138 292 117";"A01";"1";"7";"13";"2";"2";"1";"0";""
"201900007666";"138 292 118";"B01";"2";"33";"0";"2";"1";"1";"0";""
"201900007667";"138 292 114";"A01";"1";"17";"0";"2";"7";"2";"1";""
"201900007667";"138 292 115";"B01";"1";"15";"0";"2";"9";"2";"0";""
"201900007667";"138 292 116";"C01";"1";"21";"0";"0";"8";"2";"1";""
"201900007668";"138 292 113";"A01";"2";"7";"6";"0";"1";"1";"1";""
"201900007669";"138 292 111";"A01";"0";"7";"0";"2";"2";"1";"1";""
"201900007669";"138 292 112";"B01";"0";"7";"0";"2";"3";"15";"1";""
"201900007670";"138 292 110";"A01";"1";"33";"8";"0";"7";"1";"0";""
"201900007671";"138 292 109";"A01";"1";"31";"0";"0";"9";"21";"1";""
"201900007672";"138 292 108";"A01";"3";"7";"0";"0";"9";"26";"1";""
"201900007673";"138 292 106";"C01";"2";"33";"0";"2";"3";"1";"1";""
"201900007673";"138 292 107";"A01";"1";"10";"0";"2";"6";"15";"1";""
"201900007674";"138 292 104";"B01";"2";"15";"0";"2";"3";"1";"1";""
"201900007674";"138 292 105";"A01";"1";"10";"0";"2";"3";"13";"1";""
"201900007675";"138 292 102";"B01";"3";"2";"0";"2";"0";"2";"0";""
"201900007675";"138 292 103";"A01";"3";"7";"0";"0";"7";"1";"0";""
"201900007676";"138 292 099";"A01";"2";"7";"0";"1";"2";"2";"1";""
"201900007677";"138 292 098";"A01";"2";"31";"3";"0";"1";"2";"1";""
"201900007678";"138 292 096";"A01";"1";"34";"0";"2";"1";"21";"1";""
"201900007678";"138 292 097";"B01";"3";"30";"0";"0";"4";"15";"1";""
"201900007679";"138 292 094";"A01";"1";"7";"0";"2";"2";"15";"1";""
"201900007679";"138 292 095";"B01";"2";"2";"0";"2";"3";"1";"1";""
"201900007680";"138 292 092";"A01";"1";"7";"0";"2";"1";"13";"1";""
"201900007680";"138 292 093";"B01";"2";"7";"0";"2";"1";"1";"1";""
"201900007681";"138 292 090";"B01";"2";"7";"0";"0";"6";"24";"1";""
"201900007681";"138 292 091";"A01";"1";"13";"1";"0";"2";"14";"1";""
"201900007682";"138 292 089";"A01";"2";"31";"0";"6";"1";"21";"1";""
"201900007683";"138 292 087";"A01";"1";"7";"0";"9";"3";"16";"1";""
"201900007683";"138 292 088";"B01";"2";"2";"0";"2";"1";"2";"1";""
"201900007684";"138 292 085";"A01";"1";"1";"0";"2";"8";"2";"5";""
"201900007684";"138 292 086";"B01";"1";"7";"0";"2";"2";"17";"1";""
"201900007685";"138 292 083";"B01";"1";"34";"0";"2";"1";"17";"1";""
"201900007685";"138 292 084";"A01";"1";"7";"0";"2";"3";"15";"1";""
"201900007686";"138 292 079";"B01";"1";"33";"0";"2";"1";"1";"1";""
"201900007686";"138 292 080";"A01";"1";"7";"0";"2";"6";"9";"1";""
"201900007687";"138 292 077";"A01";"2";"7";"0";"2";"3";"10";"1";""
"201900007687";"138 292 078";"B01";"1";"31";"0";"2";"7";"17";"1";""
"201900007688";"138 292 076";"A01";"2";"7";"13";"0";"1";"0";"0";""
"201900007689";"138 292 072";"C01";"1";"33";"0";"2";"1";"3";"1";""
"201900007689";"138 292 073";"B01";"1";"7";"0";"2";"6";"1";"1";""
"201900007689";"138 292 074";"A01";"1";"7";"0";"2";"3";"13";"1";""
"201900007690";"138 292 069";"C01";"1";"10";"0";"2";"3";"2";"1";""
"201900007690";"138 292 070";"B01";"1";"7";"0";"2";"0";"0";"1";""
"201900007690";"138 292 071";"A01";"1";"7";"0";"2";"4";"2";"1";""
"201900007691";"138 292 067";"B01";"2";"7";"0";"2";"5";"2";"3";""
"201900007691";"138 292 068";"A01";"2";"34";"0";"2";"1";"2";"1";""
"201900007692";"138 292 065";"B01";"2";"7";"0";"2";"6";"0";"1";""
"201900007692";"138 292 066";"A01";"2";"7";"0";"2";"3";"12";"1";""
"201900007693";"138 292 063";"A01";"2";"10";"0";"2";"3";"11";"1";""
"201900007693";"138 292 064";"B01";"2";"33";"0";"2";"7";"3";"1";""
"201900007694";"138 292 061";"A01";"1";"14";"0";"2";"1";"1";"1";""
"201900007694";"138 292 062";"B01";"1";"7";"0";"2";"4";"12";"1";""
"201900007695";"138 292 058";"B01";"2";"7";"0";"2";"8";"1";"0";""
"201900007695";"138 292 059";"A01";"2";"7";"0";"2";"7";"12";"0";""
"201900007696";"138 292 056";"A01";"1";"7";"0";"2";"2";"12";"0";""
"201900007696";"138 292 057";"B01";"1";"7";"0";"2";"6";"2";"0";""
"201900007697";"138 292 055";"A01";"3";"31";"0";"2";"9";"26";"1";""
"201900007698";"138 292 054";"A01";"1";"7";"0";"6";"1";"21";"0";""
"201900007699";"138 292 052";"A01";"1";"33";"0";"2";"1";"2";"1";""
"201900007699";"138 292 053";"B01";"1";"7";"0";"2";"4";"2";"1";""
"201900007700";"138 292 050";"A01";"1";"14";"0";"2";"1";"2";"1";""
"201900007700";"138 292 051";"B01";"1";"15";"0";"2";"4";"2";"6";""
"201900007701";"138 292 044";"B01";"1";"7";"0";"2";"2";"12";"1";""
"201900007701";"138 292 045";"C01";"1";"7";"0";"2";"4";"2";"0";""
"201900007701";"138 292 046";"A01";"1";"33";"0";"2";"6";"3";"0";""
"201900007702";"138 292 042";"B01";"2";"33";"0";"2";"3";"2";"1";""
"201900007702";"138 292 043";"A01";"2";"7";"0";"2";"2";"12";"1";""
"201900007703";"138 292 040";"B01";"2";"33";"0";"2";"2";"3";"1";""
"201900007703";"138 292 041";"A01";"2";"7";"0";"2";"8";"11";"1";""
"201900007704";"138 292 038";"A01";"1";"10";"0";"2";"1";"1";"1";""
"201900007704";"138 292 039";"B01";"1";"7";"0";"2";"4";"2";"1";""
"201900007705";"138 292 036";"B01";"2";"7";"0";"2";"4";"2";"1";""
"201900007705";"138 292 037";"A01";"2";"10";"0";"2";"1";"2";"1";""
"201900007706";"138 292 034";"B01";"2";"7";"0";"2";"4";"2";"1";""
"201900007706";"138 292 035";"A01";"2";"7";"0";"2";"1";"2";"1";""
"201900007707";"138 292 032";"B01";"2";"10";"0";"2";"4";"2";"1";""
"201900007707";"138 292 033";"A01";"2";"33";"0";"2";"1";"2";"1";""
"201900007708";"138 292 029";"C01";"1";"7";"0";"2";"6";"2";"2";""
"201900007708";"138 292 030";"B01";"1";"7";"3";"0";"4";"2";"1";""
"201900007708";"138 292 031";"A01";"1";"7";"3";"2";"1";"2";"1";""
"201900007709";"138 292 027";"B01";"1";"7";"0";"2";"4";"1";"1";""
"201900007709";"138 292 028";"A01";"1";"7";"0";"2";"1";"2";"1";""
"201900007710";"138 292 026";"B01";"2";"50";"0";"2";"8";"1";"3";""
"201900007711";"138 292 025";"A01";"1";"40";"0";"1";"3";"1";"3";""
"201900007712";"138 292 022";"A01";"1";"7";"0";"2";"1";"26";"1";""
"201900007712";"138 292 023";"B01";"1";"7";"0";"2";"4";"23";"1";""
"201900007712";"138 292 024";"C01";"1";"10";"0";"2";"4";"23";"1";""
"201900007713";"138 292 016";"B01";"1";"1";"0";"2";"1";"1";"5";""
"201900007713";"138 292 017";"Z01";"1";"7";"0";"2";"1";"1";"1";""
"201900007714";"138 292 014";"B01";"1";"7";"0";"2";"0";"1";"1";""
"201900007714";"138 292 015";"Z01";"0";"7";"0";"2";"0";"0";"1";""
"201900007715";"138 292 013";"Z01";"2";"3";"0";"1";"0";"0";"1";""
"201900007716";"138 292 012";"A01";"3";"7";"0";"1";"7";"1";"1";""
"201900007717";"138 292 011";"A01";"1";"10";"0";"1";"1";"1";"1";""
"201900007718";"138 292 008";"C01";"1";"7";"0";"2";"4";"23";"1";""
"201900007718";"138 292 009";"B01";"1";"7";"0";"2";"4";"23";"1";""
"201900007718";"138 292 010";"A01";"1";"7";"0";"2";"1";"1";"1";""
"201900007719";"138 292 006";"B01";"1";"7";"0";"2";"4";"26";"1";""
"201900007719";"138 292 007";"A01";"1";"30";"0";"2";"1";"1";"1";""
"201900007720";"138 292 004";"A01";"3";"7";"0";"2";"1";"2";"1";""
"201900007720";"138 292 005";"B01";"3";"7";"12";"0";"4";"2";"1";""
"201900007721";"138 292 000";"B01";"0";"2";"0";"2";"4";"1";"6";""
"201900007721";"138 292 001";"A01";"0";"7";"0";"2";"3";"15";"6";""
"201900007722";"138 291 998";"B01";"1";"1";"1";"0";"0";"0";"0";""
"201900007722";"138 291 999";"A01";"1";"7";"0";"0";"3";"26";"0";""
"201900007723";"138 291 996";"Y01";"3";"1";"0";"2";"7";"19";"5";""
"201900007723";"138 291 997";"A01";"3";"10";"0";"1";"1";"16";"1";""
"201900007724";"138 291 995";"A01";"3";"10";"4";"0";"3";"13";"0";""
"201900007725";"138 291 994";"A01";"3";"7";"15";"0";"2";"14";"1";""
"201900007726";"138 291 991";"A01";"3";"7";"0";"1";"3";"16";"1";""
"201900007727";"138 291 990";"A01";"1";"7";"0";"0";"9";"14";"1";""
"201900007728";"138 291 988";"A01";"3";"7";"0";"2";"3";"1";"1";""
"201900007728";"138 291 989";"B01";"3";"30";"0";"2";"7";"1";"1";""
"201900007729";"138 291 983";"B01";"0";"10";"0";"2";"6";"1";"1";""
"201900007729";"138 291 984";"A01";"0";"2";"0";"2";"1";"1";"1";""