"Num_Acc";"id_vehicule";"num_veh";"senc";"catv";"obs";"obsm";"choc";"manv";"motor";"occutc"
"201900007730";"138 291 975";"B01";"2";"39";"0";"2";"1";"1";"0";""
"201900007730";"138 291 976";"A01";"1";"7";"0";" -1";"8";"23";"1";""
"201900007731";"138 291 974";"A01";"0";"7";"0";"1";"1";"7";"1";""
"201900007732";"138 291 972";"A01";"0";"1";"0";"2";"7";"1";"5";""
"201900007732";"138 291 973";"Z01";"0";"7";"0";"2";"0";"16";"1";""
"201900007733";"138 291 970";"A01";"0";"7";"1";"0";"3";"13";"1";""
"201900007734";"138 291 967";"A01";"0";"7";"0";"2";"1";"2";"1";""
"201900007734";"138 291 968";"B01";"0";"31";"0";"2";"4";"2";"1";""
"201900007734";"138 291 969";"C01";"0";"33";"0";"2";"4";"2";"1";""
"201900007735";"138 291 966";"Z01";"0";"30";"0";"1";"1";"17";"1";""
"201900007736";"138 291 964";"B01";"2";"7";"0";"2";"3";"1";"0";""
"201900007736";"138 291 965";"A01";"1";"7";"0";"2";"3";"13";"0";""
"201900007737";"138 291 962";"A01";"1";"7";"0";"2";"4";"26";"1";""
"201900007737";"138 291 963";"B01";"1";"7";"0";"2";"4";"15";"1";""
"201900007738";"138 291 961";"A01";"1";"30";"14";"0";"1";"1";"1";""
"201900007739";"138 291 960";"A01";"2";"7";"0";"1";"3";"15";"1";""
"201900007740";"138 291 956";"B01";"1";"50";"0";"2";"6";"23";"3";""
"201900007740";"138 291 957";"A01";"1";"7";"16";"1";"6";"9";"1";""
"201900007741";"138 291 952";"B01";"2";"31";"0";"2";"1";"1";"1";""
"201900007741";"138 291 953";"A01";"1";"7";"0";"2";"7";"15";"1";""
"201900007742";"138 291 951";"A01";"1";"7";"0";"1";"1";"1";"1";""
"201900007743";"138 291 950";"A01";"1";"7";"9";"0";"1";"1";"1";""
"201900007744";"138 291 948";"A01";"1";"7";"0";"2";"1";"16";"1";""
"201900007744";"138 291 949";"B01";"1";"1";"0";"2";"2";"1";"5";""
"201900007745";"138 291 947";"A01";"2";"7";"0";"1";"1";"1";"1";""
"201900007746";"138 291 946";"A01";"1";"7";"0";"1";"2";"1";"1";""
"201900007747";"138 291 944";"B01";"3";"1";"0";"2";"6";"0";"5";""
"201900007747";"138 291 945";"Z01";"1";"10";"0";"2";"2";"1";"1";""
"201900007748";"138 291 943";"A01";"1";"7";"0";"1";"1";"1";"1";""
"201900007749";"138 291 942";"A01";"1";"30";"3";"0";"0";"14";"0";""
"201900007750";"138 291 939";"A01";"2";"31";"0";"2";"1";"0";"0";""
"201900007750";"138 291 940";"C01";"1";"7";"0";"2";"1";"1";"0";""
"201900007750";"138 291 941";"Z01";"1";"7";"0";"0";"0";"15";"0";""
"201900007751";"138 291 937";"B01";"1";"1";"0";"2";"0";"1";" -1";""
"201900007751";"138 291 938";"A01";"1";"7";"0";"1";"1";"1";"1";""
"201900007752";"138 291 936";"A01";"1";"10";"0";"1";"1";"1";"1";""
"201900007753";"138 291 934";"A01";"3";"7";"0";"6";"3";"9";"0";""
"201900007753";"138 291 935";"B01";"3";"1";"0";"2";"7";"1";"0";""
"201900007754";"138 291 932";"A01";"1";"7";"2";"2";"1";"17";"1";""
"201900007754";"138 291 933";"B01";"1";"7";"0";"2";"4";"1";"1";""
"201900007755";"138 291 930";"B01";"3";"7";"0";"2";"3";"16";"1";""
"201900007755";"138 291 931";"A01";"2";"7";"0";"2";"2";"1";"1";""
"201900007756";"138 291 929";"A01";"0";"33";"12";"0";"7";"1";"1";""
"201900007757";"138 291 924";"E01";"1";"7";"0";"2";"4";"0";"1";""
"201900007757";"138 291 925";"D01";"1";"7";"0";"2";"9";"0";"1";""
"201900007757";"138 291 926";"C01";"1";"7";"0";"2";"9";"0";"1";""
"201900007757";"138 291 927";"B01";"1";"7";"0";"2";"9";"0";"1";""
"201900007757";"138 291 928";"A01";"1";"37";"0";"2";"1";"0";"1";"1"
"201900007758";"138 291 921";"B01";"0";"1";"0";"2";"1";"2";"5";""
"201900007758";"138 291 922";"A01";"0";"10";"0";"2";"4";"16";"1";""
"201900007759";"138 291 920";"A01";"1";"7";"0";"1";"1";"1";"1";""
"201900007760";"138 291 918";"B01";"1";"33";"0";"2";"8";"1";"1";""
"201900007760";"138 291 919";"A01";"1";"10";"0";"2";"3";"1";"1";""
"201900007761";"138 291 915";"A01";"2";"10";"0";"2";"7";"15";"1";""
"201900007761";"138 291 916";"B01";"1";"7";"0";"2";"1";"1";"1";""
"201900007762";"138 291 913";"A01";"0";"7";"0";"2";"1";"1";"1";""
"201900007762";"138 291 914";"B01";"3";"7";"0";"2";"8";"9";"1";""
"201900007763";"138 291 911";"B01";"3";"7";"0";"2";"1";"15";"1";""
"201900007763";"138 291 912";"A01";"3";"30";"0";"2";"1";"1";"1";""
"201900007764";"138 291 909";"A01";"1";"7";"0";"2";"7";"15";"1";""
"201900007764";"138 291 910";"B01";"2";"37";"0";"2";"3";"1";"1";"1"
"201900007765";"138 291 907";"Z01";"1";"7";"0";"2";"0";"0";"0";""
"201900007765";"138 291 908";"A01";"2";"30";"0";"2";"0";"0";"0";""
"201900007766";"138 291 904";"B01";"0";"7";"0";"2";"1";"1";"1";""
"201900007766";"138 291 905";"Z01";"0";"7";"0";"2";"1";"1";"1";""
"201900007766";"138 291 906";"A01";"0";"7";"0";"2";"1";"1";"1";""
"201900007767";"138 291 902";"A01";"2";"10";"0";"2";"0";"0";"1";""
"201900007767";"138 291 903";"B01";"1";"2";"0";"2";"0";"1";"1";""
"201900007768";"138 291 900";"A01";"0";"7";"0";"2";"2";"9";"1";""
"201900007768";"138 291 901";"B01";"3";"7";"0";"2";"8";"1";"1";""
"201900007769";"138 291 899";"A01";"2";"7";"6";"0";"1";"1";"1";""
"201900007770";"138 291 897";"B01";"3";"10";"0";"2";"3";"1";"1";""
"201900007770";"138 291 898";"A01";"3";"2";"0";"2";"1";"13";"1";""
"201900007771";"138 291 896";"A01";"1";"30";"2";"0";"1";"25";"1";""
"201900007772";"138 291 894";"A01";"0";"7";"6";"2";"1";"26";"1";""
"201900007772";"138 291 895";"B01";"0";"7";"0";"2";"5";"1";"1";""
"201900007773";"138 291 892";"B01";"0";"7";"0";"2";"1";"15";"1";""
"201900007773";"138 291 893";"A01";"2";"33";"0";"2";"1";"1";"1";""
"201900007774";"138 291 891";"A01";"2";"7";"0";"1";"1";"1";"1";""
"201900007775";"138 291 889";"A01";"1";"7";"0";"2";"1";"2";"1";""
"201900007775";"138 291 890";"B01";"2";"10";"0";"5";"4";"2";"1";""
"201900007776";"138 291 888";"A01";"3";"7";"2";"0";"1";"1";"1";""
"201900007777";"138 291 886";"B01";"3";"1";"0";"2";"7";"5";"5";""
"201900007777";"138 291 887";"A01";"3";"7";"0";"2";"1";"1";"1";""
"201900007778";"138 291 885";"A01";"3";"7";"12";"0";"2";"14";"1";""
"201900007779";"138 291 884";"A01";"3";"33";"13";"0";"0";"1";"1";""
"201900007780";"138 291 882";"A01";"2";"7";"0";"2";"1";"13";"1";""
"201900007780";"138 291 883";"B01";"1";"7";"0";"2";"1";"1";"1";""
"201900007781";"138 291 880";"A01";"3";"7";"0";"2";"1";"1";"1";""
"201900007781";"138 291 881";"B01";"3";"7";"0";"2";"3";"5";"1";""
"201900007782";"138 291 878";"B01";"3";"7";"0";"2";"4";"1";"0";""
"201900007782";"138 291 879";"A01";"3";"7";"0";"2";"1";"1";"0";""
"201900007783";"138 291 877";"A01";"2";"7";"6";"0";"1";"2";"1";""
"201900007784";"138 291 875";"B01";"2";"7";"0";"2";"4";"2";"1";""
"201900007784";"138 291 876";"A01";"2";"7";"0";"2";"1";"2";"1";""
"201900007785";"138 291 872";"B01";"2";"7";"0";"2";"5";"1";"1";""
"201900007785";"138 291 873";"C01";"2";"7";"0";"2";"5";"1";"1";""
"201900007785";"138 291 874";"A01";"2";"43";"0";"2";"3";"21";"1";""
"201900007786";"138 291 870";"B01";"2";"7";"0";"2";"5";"12";"1";""
"201900007786";"138 291 871";"A01";"2";"33";"0";"2";"1";"3";"1";""
"201900007787";"138 291 867";"A01";"1";"33";"0";"2";"7";"12";"1";""
"201900007787";"138 291 868";"B01";"1";"33";"0";"2";"8";"1";"1";""
"201900007787";"138 291 869";"C01";"1";"7";"0";"2";"5";"1";"1";""
"201900007788";"138 291 865";"B01";"2";"7";"0";"2";"4";"2";"1";""
"201900007788";"138 291 866";"A01";"2";"32";"0";"2";"1";"2";"1";""
"201900007789";"138 291 863";"A01";"1";"7";"0";"2";"6";"1";"3";""
"201900007789";"138 291 864";"B01";"1";"7";"0";"2";"3";"1";"1";""
"201900007790";"138 291 861";"B01";"2";"7";"0";"2";"6";"1";"1";""
"201900007790";"138 291 862";"A01";"2";"30";"0";"2";"1";"1";"1";""
"201900007791";"138 291 860";"A01";"1";"7";"0";"1";"2";"15";"1";""
"201900007792";"138 291 859";"Z01";"2";"80";"0";"1";"1";"1";"2";""
"201900007793";"138 291 858";"A01";"1";"7";"0";"1";"3";"1";"1";""
"201900007794";"138 291 856";"B01";"1";"50";"0";"2";"1";"15";"3";""
"201900007794";"138 291 857";"A01";"1";"7";"0";"2";"2";"17";"1";""
"201900007795";"138 291 854";"A01";"1";"7";"0";"2";"2";"1";"1";""
"201900007795";"138 291 855";"B01";"1";"7";"0";"2";"3";"16";"1";""
"201900007796";"138 291 852";"A01";"2";"1";"0";"2";"1";"1";"5";""
"201900007796";"138 291 853";"B01";"2";"10";"0";"2";"2";"16";"1";""
"201900007797";"138 291 851";"A01";"2";"1";"0";"1";"1";"1";"5";""
"201900007798";"138 291 850";"Z01";"1";"1";"0";"1";"0";"1";"5";""
"201900007799";"138 291 849";"Z01";"2";"7";"0";"1";"3";"1";"0";""
"201900007800";"138 291 847";"A01";"1";"30";"0";"2";"3";"18";"1";""
"201900007800";"138 291 848";"B01";"1";"7";"0";"2";"7";"16";"1";""
"201900007801";"138 291 845";"A01";"0";"7";"0";"2";"1";"1";"1";""
"201900007801";"138 291 846";"B01";"0";"2";"0";"2";"4";"26";"1";""
"201900007802";"138 291 843";"B01";"1";"33";"0";"2";"8";"1";"0";""
"201900007802";"138 291 844";"A01";"1";"7";"14";"2";"2";"17";"1";""
"201900007803";"138 291 841";"B01";"2";"7";"0";"2";"4";"2";"1";""
"201900007803";"138 291 842";"A01";"2";"7";"0";"2";"1";"1";"1";""
"201900007804";"138 291 838";"A01";"3";"7";"0";"2";"1";"12";"1";""
"201900007804";"138 291 839";"B01";"3";"43";"0";"2";"4";"23";"1";""
"201900007804";"138 291 840";"C01";"3";"7";"0";"2";"4";"23";"1";""
"201900007805";"138 291 836";"B01";"3";"34";"0";"2";"6";"18";"1";""
"201900007805";"138 291 837";"A01";"3";"7";"0";"2";"1";"10";"1";""
"201900007806";"138 291 834";"A01";"2";"7";"0";"2";"1";"15";"1";""
"201900007806";"138 291 835";"B01";"2";"2";"0";"2";"7";"1";"1";""
"201900007807";"138 291 832";"A01";"0";"7";"0";"0";"8";"11";"1";""
"201900007807";"138 291 833";"B01";"0";"34";"0";"2";"2";"1";"1";""
"201900007808";"138 291 827";"B01";"3";"7";"0";"6";"1";"0";"1";""
"201900007808";"138 291 828";"A01";"3";"1";"0";"2";"1";"26";"5";""
"201900007809";"138 291 825";"A01";"1";"7";"0";"2";"3";"15";"1";""
"201900007809";"138 291 826";"B01";"1";"33";"0";"2";"1";"1";"1";""
"201900007810";"138 291 823";"A01";"0";"30";"0";"2";"1";"9";"1";""
"201900007810";"138 291 824";"B01";"1";"34";"0";"2";"1";"17";"1";""
"201900007811";"138 291 821";"A01";"2";"10";"0";"6";"2";"22";"1";""
"201900007811";"138 291 822";"B01";"2";"1";"0";"2";"0";"0";"0";""
"201900007812";"138 291 820";"A01";"1";"33";"12";"0";"1";"26";"1";""
"201900007813";"138 291 818";"B01";"3";"10";"0";"2";"7";"2";"1";""
"201900007813";"138 291 819";"A01";"3";"10";"0";"2";"3";"26";"1";""
"201900007814";"138 291 816";"B01";"1";"30";"0";"2";"8";"1";"1";""
"201900007814";"138 291 817";"A01";"2";"3";"0";"2";"7";"15";"1";""
"201900007815";"138 291 815";"A01";"1";"3";"0";"1";"7";"1";"1";""
"201900007816";"138 291 813";"B01";"2";"2";"0";"2";"1";"1";"1";""
"201900007816";"138 291 814";"A01";"1";"7";"0";"2";"3";"17";"1";""
"201900007817";"138 291 811";"A01";"1";"10";"0";"2";"2";"15";"1";""
"201900007817";"138 291 812";"B01";"1";"33";"0";"2";"1";"1";"1";""
"201900007818";"138 291 809";"B01";"1";"7";"0";"2";"1";"1";"1";""
"201900007818";"138 291 810";"A01";"2";"7";"0";"2";"1";"13";"1";""
"201900007819";"138 291 806";"A01";"2";"13";"0";"2";"1";"11";"1";""
"201900007819";"138 291 807";"B01";"2";"13";"0";"0";"6";"1";"6";""
"201900007819";"138 291 808";"C01";"2";"7";"0";"2";"4";"0";"6";""
"201900007820";"138 291 805";"A01";"3";"14";"2";"0";"3";"13";"1";""
"201900007821";"138 291 804";"A01";"2";"7";"13";"0";"1";"21";"1";""
"201900007822";"138 291 802";"A01";"1";"7";"0";"2";"3";"11";"1";""
"201900007822";"138 291 803";"B01";"1";"7";"0";"2";"5";"1";"1";""
"201900007823";"138 291 800";"B01";"3";"7";"0";"2";"8";"21";"0";""
"201900007823";"138 291 801";"A01";"3";"3";"0";"2";"2";"12";"0";""
"201900007824";"138 291 799";"A01";"3";"7";"9";"0";"1";"16";"1";""
"201900007825";"138 291 797";"B01";"1";"7";"0";"0";"4";"2";"1";""
"201900007825";"138 291 798";"A01";"1";"33";"0";"2";"1";"2";"1";""
"201900007826";"138 291 796";"A01";"2";"3";"0";"1";"2";"1";"0";""
"201900007827";"138 291 795";"A01";"2";"7";"0";"1";"3";"1";"1";""
"201900007828";"138 291 793";"A01";"2";"7";"0";"2";"2";"17";"1";""
"201900007828";"138 291 794";"B01";"2";"99";"0";"2";"3";"1";"0";""
"201900007829";"138 291 792";"A01";"1";"3";"2";"0";"1";"21";"1";""
"201900007830";"138 291 790";"A01";"2";"30";"0";"2";"1";"2";"0";""
"201900007830";"138 291 791";"B01";"2";"7";"0";"2";"4";"2";"1";""
"201900007831";"138 291 789";"A01";"2";"7";"1";"0";"1";"1";"1";""
"201900007832";"138 291 786";"B01";"1";"7";"0";"2";"4";"23";"1";""
"201900007832";"138 291 787";"C01";"1";"10";"0";"1";"1";"23";"1";""
"201900007832";"138 291 788";"A01";"1";"14";"0";"2";"1";"2";"1";""
"201900007833";"138 291 785";"A01";"2";"7";"0";"1";"2";"1";"0";""
"201900007834";"138 291 784";"A01";"1";"20";"0";"1";"2";"15";"1";""
"201900007835";"138 291 782";"D01";"1";"30";"0";"2";"3";"1";"1";""
"201900007835";"138 291 783";"A01";"1";"7";"0";"0";"0";"0";"1";""
"201900007836";"138 291 780";"A01";"3";"33";"1";"2";"1";"0";"0";""
"201900007836";"138 291 781";"B01";"3";"33";"1";"0";"4";"26";"0";""
"201900007837";"138 291 778";"A01";"2";"7";"1";"2";"3";"1";"1";""
"201900007837";"138 291 779";"B01";"1";"2";"8";"2";"0";"0";"1";""
"201900007838";"138 291 777";"A01";"2";"3";"0";"1";"1";"15";"1";""
"201900007839";"138 291 775";"B01";"3";"2";"0";"2";"8";"1";"1";""
"201900007839";"138 291 776";"A01";"3";"7";"0";"2";"1";"15";"1";""
"201900007840";"138 291 774";"A01";"1";"32";"0";"0";"3";"16";"0";""
"201900007841";"138 291 771";"C01";"3";"40";"0";"2";"4";"24";"3";""
"201900007841";"138 291 772";"B01";"3";"7";"0";"4";"8";"26";"0";""
"201900007841";"138 291 773";"A01";"3";"40";"14";"0";"1";"26";"3";""
"201900007842";"138 291 769";"A01";"1";"10";"0";"2";"2";"1";"1";""
"201900007842";"138 291 770";"B01";"2";"10";"0";"2";"7";"15";"1";""
"201900007843";"138 291 767";"A01";"1";"10";"0";"2";"7";"1";"1";""
"201900007843";"138 291 768";"B01";"1";"33";"0";"2";"1";"1";"1";""
"201900007844";"138 291 765";"A01";"2";"7";"0";"2";"8";"9";"1";""
"201900007844";"138 291 766";"B01";"2";"80";"0";"2";"8";"1";"3";""
"201900007845";"138 291 761";"A01";"1";"7";"0";"1";"4";"4";"1";""
"201900007846";"138 291 760";"A01";"3";"7";"0";"1";"1";"1";"1";""
"201900007847";"138 291 758";"B01";"1";"10";"0";"2";"1";"1";"1";""
"201900007847";"138 291 759";"A01";"2";"7";"0";"2";"1";"5";"1";""
"201900007848";"138 291 757";"A01";"2";"7";"4";"0";"1";"2";"1";""
"201900007849";"138 291 756";"A01";"0";"7";"6";"0";"9";"0";"1";""
"201900007850";"138 291 754";"A01";"2";"7";"0";"2";"7";"13";"1";""
"201900007850";"138 291 755";"B01";"1";"7";"0";"2";"1";"1";"1";""
"201900007851";"138 291 752";"B01";"1";"7";"0";"2";"1";"1";"0";""
"201900007851";"138 291 753";"A01";"1";"10";"0";"2";"1";"17";"0";""
"201900007852";"138 291 750";"B01";"2";"7";"0";"2";"1";"1";"1";""
"201900007852";"138 291 751";"A01";"1";"7";"0";"2";"1";"1";"1";""
"201900007853";"138 291 749";"A01";"3";"36";"9";"0";"1";"1";"1";""
"201900007854";"138 291 748";"A01";"3";"2";"0";"0";"1";"1";"1";""
"201900007855";"138 291 747";"A01";"3";"7";"16";"0";"3";"1";"1";""
"201900007856";"138 291 746";"A01";"1";"7";"0";"1";"2";"1";"1";""
"201900007857";"138 291 744";"B01";"1";"30";"0";"2";"1";"1";"1";""
"201900007857";"138 291 745";"A01";"1";"7";"0";"2";"6";"15";"1";""
"201900007858";"138 291 743";"A01";"0";"7";"13";"0";"1";"1";"1";""
"201900007859";"138 291 742";"A01";"2";"7";"13";"0";"1";"1";"1";""
"201900007860";"138 291 740";"B01";"1";"7";"4";"2";"5";"1";"1";""
"201900007860";"138 291 741";"A01";"1";"10";"4";"2";"3";"1";"1";""
"201900007861";"138 291 738";"A01";"1";"7";"0";"2";"1";"0";"1";""
"201900007861";"138 291 739";"B01";"1";"7";"0";"0";"4";"2";"1";""
"201900007862";"138 291 737";"A01";"1";"7";"6";"0";"8";"1";"1";""
"201900007863";"138 291 736";"A01";"2";"7";"0";"0";"3";"1";"1";""
"201900007864";"138 291 734";"A01";"2";"7";"3";"0";"2";"26";"1";""
"201900007864";"138 291 735";"B01";"2";"17";"0";"2";"2";"21";"1";""
"201900007865";"138 291 732";"B01";"2";"15";"0";"2";"4";"2";"1";""
"201900007865";"138 291 733";"A01";"2";"7";"0";"2";"1";"2";"1";""
"201900007866";"138 291 730";"A01";"1";"7";"0";"2";"1";"1";"1";""
"201900007866";"138 291 731";"B01";"1";"2";"0";"2";"4";"2";"1";""
"201900007867";"138 291 728";"A01";"1";"7";"0";"2";"4";"15";"1";""
"201900007867";"138 291 729";"B01";"1";"7";"0";"2";"1";"1";"1";""
"201900007868";"138 291 726";"B01";"2";"7";"0";"2";"3";"1";"0";""
"201900007868";"138 291 727";"A01";"1";"7";"0";"2";"3";"1";"0";""
"201900007869";"138 291 725";"A01";"1";"7";"2";"0";"9";"14";"1";""
"201900007870";"138 291 723";"A01";"1";"38";"0";"2";"7";"1";"1";"4"
"201900007870";"138 291 724";"B01";"3";"21";"0";"2";"3";"16";"1";""
"201900007871";"138 291 722";"A01";"3";"7";"0";"1";"4";"26";"1";""
"201900007872";"138 291 721";"A01";"3";"7";"0";"1";"1";"1";"1";""
"201900007873";"138 291 720";"A01";"1";"7";"2";"0";"1";"1";"1";""
"201900007874";"138 291 713";"B01";"0";"2";"0";"2";"1";"1";"1";""
"201900007874";"138 291 714";"A01";"3";"7";"0";"0";"2";"11";"1";""
"201900007875";"138 291 712";"A01";"2";"7";"2";"0";"1";"1";"1";""
"201900007876";"138 291 709";"A01";"2";"10";"0";"2";"1";"2";"1";""
"201900007876";"138 291 710";"C01";"2";"7";"0";"0";"4";"2";"1";""
"201900007876";"138 291 711";"B01";"2";"7";"0";"2";"4";"2";"1";""
"201900007877";"138 291 706";"A01";"2";"10";"0";"2";"2";"13";"1";""
"201900007877";"138 291 707";"B01";"1";"33";"0";"2";"1";"1";"1";""
"201900007878";"138 291 705";"A01";"2";"7";"8";"0";"9";"0";"1";""
"201900007879";"138 291 703";"A01";"2";"13";"0";"2";"2";"19";"1";""
"201900007879";"138 291 704";"B01";"1";"7";"0";"0";"8";"1";"1";""
"201900007880";"138 291 702";"A01";"3";"7";"0";"0";"9";"1";"1";""
"201900007881";"138 291 698";"A01";"2";"7";"0";"2";"3";"13";"6";""
"201900007881";"138 291 699";"B01";"1";"7";"0";"2";"3";"0";"1";""
"201900007882";"138 291 697";"A01";"1";"7";"14";"0";"1";"2";"1";""
"201900007883";"138 291 694";"B01";"1";"7";"0";"2";"1";"1";"1";""
"201900007883";"138 291 695";"A01";"2";"10";"0";"2";"2";"15";"1";""
"201900007884";"138 291 691";"C01";"1";"7";"0";"9";"1";"0";"1";""
"201900007884";"138 291 692";"B01";"1";"7";"0";"2";"1";"0";"1";""
"201900007884";"138 291 693";"A01";"1";"10";"3";"0";"1";"0";"1";""
"201900007885";"138 291 689";"B01";"2";"7";"16";"2";"2";"2";"1";""
"201900007885";"138 291 690";"A01";"2";"7";"15";"0";"1";"2";"1";""
"201900007886";"138 291 688";"A01";"1";"7";"0";"0";"0";"0";"1";""
"201900007887";"138 291 686";"A01";"1";"7";"0";"2";"1";"1";"1";""
"201900007887";"138 291 687";"B01";"1";"7";"0";"0";"4";"1";"1";""
"201900007888";"138 291 684";"B01";"1";"7";"0";"2";"3";"1";"1";""
"201900007888";"138 291 685";"A01";"2";"7";"0";"2";"3";"1";"1";""
"201900007889";"138 291 683";"A01";"1";"37";"0";"1";"1";"1";"1";"1"
"201900007890";"138 291 680";"B01";"1";"7";"0";"2";"1";"1";"1";""
"201900007890";"138 291 681";"C01";"2";"7";"0";"9";"1";"1";"1";""
"201900007890";"138 291 682";"A01";"2";"3";"0";"2";"2";"15";"1";""
"201900007891";"138 291 679";"A01";"2";"2";"7";"0";"3";"1";"1";""
"201900007892";"138 291 678";"A01";"2";"7";"0";"1";"2";"1";"1";""
"201900007893";"138 291 677";"A01";"1";"7";"13";"0";"3";"1";"1";""
"201900007894";"138 291 676";"A01";"1";"7";"0";"0";"1";"14";"1";""
"201900007895";"138 291 675";"A01";"1";"7";"0";"1";"3";"1";"1";""
"201900007896";"138 291 673";"B01";"2";"7";"0";"2";"1";"1";"1";""
"201900007896";"138 291 674";"A01";"1";"7";"0";"2";"1";"13";"1";""
"201900007897";"138 291 671";"A01";"2";"7";"0";"2";"3";"15";"1";""
"201900007897";"138 291 672";"B01";"1";"33";"0";"2";"2";"1";"0";""
"201900007898";"138 291 670";"A01";"0";"7";"2";"0";"1";"1";"1";""
"201900007899";"138 291 669";"A01";"2";"33";"2";"0";"1";"1";"0";""
"201900007900";"138 291 668";"A01";"1";"7";"0";"1";"1";"15";"1";""
"201900007901";"138 291 667";"A01";"2";"7";"11";"0";"1";"1";"1";""
"201900007902";"138 291 666";"A01";"1";"7";"8";"0";"7";"1";"1";""
"201900007903";"138 291 665";"A01";"1";"7";"0";"1";"2";"11";"1";""
"201900007904";"138 291 664";"A01";"1";"7";"0";"1";"2";"1";"1";""
"201900007905";"138 291 662";"A01";"1";"7";"0";"2";"1";"1";"0";""
"201900007905";"138 291 663";"B01";"2";"7";"0";"2";"3";"1";"0";""
"201900007906";"138 291 661";"A01";"0";"7";"8";"0";"8";"1";"1";""
"201900007907";"138 291 660";"A01";"1";"7";"2";"0";"0";"1";"0";""
"201900007908";"138 291 659";"A01";"1";"7";"0";"1";"7";"1";"1";""
"201900007909";"138 291 658";"A01";"1";"7";"2";"0";"3";"1";"1";""
"201900007910";"138 291 657";"A01";"2";"33";"13";"0";"0";"1";"1";""
"201900007911";"138 291 656";"A01";"2";"7";"0";"5";"1";"1";"1";""
"201900007912";"138 291 653";"B01";"2";"7";"0";"0";"8";"23";"1";""
"201900007912";"138 291 654";"C01";"1";"7";"0";"2";"1";"17";"1";""
"201900007912";"138 291 655";"A01";"1";"7";"0";"2";"3";"17";"1";""
"201900007913";"138 291 652";"A01";"3";"7";"13";"0";"1";"26";"1";""
"201900007914";"138 291 651";"A01";"1";"7";"2";"0";"9";"1";"1";""
"201900007915";"138 291 649";"B01";"3";"2";"0";"2";"8";"15";"1";""
"201900007915";"138 291 650";"A01";"3";"2";"0";"2";"1";"2";"1";""
"201900007916";"138 291 647";"A01";"0";"7";"0";"2";"1";"13";"1";""
"201900007916";"138 291 648";"B01";"0";"7";"0";"2";"1";"1";"1";""
"201900007917";"138 291 646";"A01";"3";"7";"0";"1";"1";"1";"1";""
"201900007918";"138 291 644";"B01";"1";"7";"0";"2";"3";"1";"1";""
"201900007918";"138 291 645";"A01";"2";"7";"0";"2";"3";"1";"1";""
"201900007919";"138 291 643";"A01";"1";"7";"13";"0";"9";"2";"1";""
"201900007920";"138 291 641";"A01";"1";"2";"0";"2";"1";"17";"1";""
"201900007920";"138 291 642";"B01";"1";"7";"0";"0";"6";"2";"1";""
"201900007921";"138 291 639";"B01";"2";"2";"0";"2";"1";"1";"1";""
"201900007921";"138 291 640";"A01";"1";"7";"0";"2";"3";"15";"1";""
"201900007922";"138 291 638";"A01";"1";"7";"0";"0";"9";"13";"1";""
"201900007923";"138 291 637";"A01";"2";"7";"8";"0";"1";"1";"1";""
"201900007924";"138 291 636";"A01";"1";"7";"15";"0";"9";"1";"1";""
"201900007925";"138 291 635";"A01";"1";"10";"0";"0";"7";"2";"1";""
"201900007926";"138 291 633";"A01";"1";"7";"0";"2";"2";"15";"1";""
"201900007926";"138 291 634";"B01";"2";"2";"0";"2";"1";"0";"1";""
"201900007927";"138 291 631";"B01";"2";"7";"0";"2";"1";"1";"1";""
"201900007927";"138 291 632";"A01";"1";"7";"0";"2";"7";"13";"1";""
"201900007928";"138 291 630";"A01";"1";"7";"13";"0";"1";"1";"6";""
"201900007929";"138 291 627";"A01";"1";"10";"0";"2";"3";"17";"1";""
"201900007929";"138 291 628";"B01";"2";"2";"0";"2";"1";"1";"1";""
"201900007929";"138 291 629";"C01";"1";"7";"0";"2";"8";"1";"1";""
"201900007930";"138 291 626";"A01";"1";"33";"13";"0";"1";"1";"1";""
"201900007931";"138 291 624";"A01";"1";"7";"0";"2";"1";"1";"1";""
"201900007931";"138 291 625";"B01";"1";"7";"0";"0";"4";"1";"1";""
"201900007932";"138 291 623";"A01";"2";"7";"0";"1";"0";"1";"1";""
"201900007933";"138 291 621";"B01";"1";"10";"0";"2";"1";"1";"1";""
"201900007933";"138 291 622";"A01";"2";"7";"0";"2";"2";"13";"1";""
"201900007934";"138 291 620";"A01";"2";"7";"0";"1";"3";"1";"1";""
"201900007935";"138 291 618";"A01";"1";"7";"0";"2";"1";"13";"1";""
"201900007935";"138 291 619";"B01";"2";"7";"0";"0";"3";"21";"1";""
"201900007936";"138 291 616";"A01";"1";"7";"0";"2";"8";"10";"1";""
"201900007936";"138 291 617";"B01";"1";"7";"0";"2";"2";"1";"1";""
"201900007937";"138 291 615";"A01";"1";"7";"0";"0";"0";"1";"1";""
"201900007938";"138 291 613";"B01";"1";"7";"7";"2";"3";"1";"1";""
"201900007938";"138 291 614";"A01";"2";"7";"0";"2";"3";"15";"1";""
"201900007939";"138 291 612";"A01";"1";"7";"13";"0";"3";"13";"1";""
"201900007940";"138 291 611";"A01";"1";"10";"0";"1";"2";"1";"0";""
"201900007941";"138 291 610";"A01";"2";"33";"5";"0";"9";"1";"1";""
"201900007942";"138 291 608";"A01";"1";"7";"0";"2";"3";"15";"0";""
"201900007942";"138 291 609";"B01";"2";"2";"0";"2";"3";"1";"0";""