"Num_Acc";"id_vehicule";"num_veh";"senc";"catv";"obs";"obsm";"choc";"manv";"motor";"occutc"
"201900007943";"138 291 607";"A01";"2";"7";"2";"0";"7";"1";"1";""
"201900007944";"138 291 605";"B01";"2";"7";"0";"1";"1";"1";"0";""
"201900007944";"138 291 606";"A01";"2";"7";"0";"0";"5";"1";"0";""
"201900007945";"138 291 604";"A01";"1";"7";"0";"1";"3";"1";"0";""
"201900007946";"138 291 603";"A01";"2";"15";"3";"0";"5";"26";"1";""
"201900007947";"138 291 602";"A01";"0";"21";"13";"0";"9";"1";"1";""
"201900007948";"138 291 600";"B01";"2";"1";"0";"2";"7";"1";"5";""
"201900007948";"138 291 601";"A01";"1";"7";"0";"2";"1";"9";"1";""
"201900007949";"138 291 596";"D01";"1";"7";"0";"2";"1";"1";"0";""
"201900007949";"138 291 597";"C01";"1";"7";"0";"2";"8";"1";"0";""
"201900007949";"138 291 598";"B01";"2";"7";"0";"2";"6";"1";"0";""
"201900007949";"138 291 599";"A01";"2";"7";"0";"2";"2";"17";"0";""
"201900007950";"138 291 593";"A01";"1";"7";"2";"0";"8";"14";"1";""
"201900007951";"138 291 591";"A01";"2";"7";"0";"2";"3";"1";"1";""
"201900007951";"138 291 592";"B01";"1";"3";"0";"2";"3";"5";"1";""
"201900007952";"138 291 590";"A01";"3";"31";"14";"0";"1";"1";"1";""
"201900007953";"138 291 588";"B01";"1";"1";"0";"2";"8";"1";"5";""
"201900007953";"138 291 589";"A01";"1";"7";"0";"0";"7";"17";"0";""
"201900007954";"138 291 585";"C01";"2";"17";"0";"2";"1";"2";"1";""
"201900007954";"138 291 586";"B01";"2";"17";"0";"2";"1";"1";"1";""
"201900007954";"138 291 587";"A01";"0";"7";"0";"0";"6";"19";"1";""
"201900007955";"138 291 584";"A01";"3";"2";"0";"1";"1";"17";"1";""
"201900007956";"138 291 583";"A01";"2";"7";"13";"0";"1";"1";"1";""
"201900007957";"138 291 582";"A01";"1";"7";"2";"0";"1";"21";"1";""
"201900007958";"138 291 581";"A01";"1";"7";"0";"1";"2";"1";"1";""
"201900007959";"138 291 580";"A01";"1";"2";"0";"0";"8";"1";"1";""
"201900007960";"138 291 579";"A01";"1";"7";"3";"0";"8";"1";"0";""
"201900007961";"138 291 577";"A01";"1";"7";"0";"2";"2";"21";"0";""
"201900007961";"138 291 578";"B01";"1";"7";"13";"0";"8";"15";"0";""
"201900007962";"138 291 576";"A01";"3";"7";"2";"0";"2";"1";"1";""
"201900007963";"138 291 573";"A01";"2";"7";"0";"2";"1";"2";"1";""
"201900007963";"138 291 574";"B01";"2";"7";"0";"2";"4";"2";"1";""
"201900007963";"138 291 575";"C01";"2";"7";"0";"0";"4";"13";"1";""
"201900007964";"138 291 571";"B01";"2";"1";"0";"0";"4";"1";"5";""
"201900007964";"138 291 572";"A01";"2";"1";"0";"2";"1";"1";"5";""
"201900007965";"138 291 569";"A01";"0";"7";"0";"2";"2";"1";"1";""
"201900007965";"138 291 570";"B01";"0";"2";"0";"2";"8";"0";"1";""
"201900007966";"138 291 566";"A01";"0";"7";"0";"2";"1";"26";"1";""
"201900007966";"138 291 567";"B01";"0";"7";"0";"2";"1";"1";"1";""
"201900007967";"138 291 561";"A01";"3";"1";"0";"2";"2";"1";"5";""
"201900007967";"138 291 562";"B01";"3";"7";"0";"9";"2";"15";"1";""
"201900007968";"138 291 559";"B01";"2";"13";"0";"2";"1";"0";"1";""
"201900007968";"138 291 560";"A01";"1";"33";"0";"2";"8";"0";"1";""
"201900007969";"138 291 558";"A01";"1";"7";"6";"0";"1";"14";"1";""
"201900007970";"138 291 556";"B01";"1";"7";"0";"2";"1";"1";"1";""
"201900007970";"138 291 557";"A01";"2";"7";"0";"2";"7";"13";"1";""
"201900007971";"138 291 555";"A01";"0";"7";"0";"1";"3";"1";"0";""
"201900007972";"138 291 553";"A01";"2";"36";"0";"2";"7";"19";"1";""
"201900007972";"138 291 554";"B01";"2";"7";"0";"2";"1";"1";"1";""
"201900007973";"138 291 545";"B01";"1";"10";"0";"2";"3";"1";"1";""
"201900007973";"138 291 546";"A01";"2";"7";"0";"2";"3";"5";"1";""
"201900007974";"138 291 542";"A01";"2";"7";"2";"0";"1";"1";"1";""
"201900007975";"138 291 541";"A01";"1";"10";"2";"0";"1";"1";"1";""
"201900007976";"138 291 540";"A01";"3";"10";"0";"1";"4";"20";"1";""
"201900007977";"138 291 538";"B01";"1";"7";"0";"2";"1";"26";"0";""
"201900007977";"138 291 539";"A01";"2";"7";"0";"2";"5";"26";"0";""
"201900007978";"138 291 537";"A01";"2";"7";"13";"0";"9";"0";"1";""
"201900007979";"138 291 536";"A01";"1";"7";"0";"0";"9";"0";"1";""
"201900007980";"138 291 534";"A01";"2";"7";"0";"2";"1";"13";"6";""
"201900007980";"138 291 535";"B01";"1";"7";"0";"2";"1";"1";"6";""
"201900007981";"138 291 532";"A01";"1";"7";"13";"2";"2";"21";"1";""
"201900007981";"138 291 533";"B01";"2";"1";"0";"2";"1";"1";"5";""
"201900007982";"138 291 531";"A01";"2";"7";"2";"0";"7";"1";"1";""
"201900007983";"138 291 529";"A01";"3";"34";"0";"2";"1";"5";"1";""
"201900007983";"138 291 530";"B01";"3";"7";"0";"2";"2";"1";"1";""
"201900007984";"138 291 527";"B01";"2";"7";"0";"2";"0";"9";"1";""
"201900007984";"138 291 528";"A01";"2";"1";"0";"2";"0";"0";"5";""
"201900007985";"138 291 525";"B01";"2";"1";"0";"2";"5";"18";"5";""
"201900007985";"138 291 526";"A01";"2";"7";"0";"2";"5";"11";"1";""
"201900007986";"138 291 524";"A01";"2";"31";"11";"0";"1";"17";"1";""
"201900007987";"138 291 523";"A01";"2";"33";"17";"0";"1";"17";"1";""
"201900007988";"138 291 521";"A01";"2";"7";"0";"2";"3";"1";"1";""
"201900007988";"138 291 522";"B01";"1";"7";"0";"2";"1";"1";"1";""
"201900007989";"138 291 520";"A01";"2";"7";"2";"0";"8";"0";"1";""
"201900007990";"138 291 518";"B01";"1";"21";"0";"2";"4";"1";"1";""
"201900007990";"138 291 519";"A01";"1";"7";"0";"2";"1";"1";"1";""
"201900007991";"138 291 517";"A01";"1";"7";"8";"0";"9";"6";"1";""
"201900007992";"138 291 516";"A01";"0";"2";"13";"0";"1";"0";"1";""
"201900007993";"138 291 515";"A01";"2";"10";"0";"0";"3";"1";"0";""
"201900007994";"138 291 514";"A01";"3";"33";"16";"0";"9";"1";"1";""
"201900007995";"138 291 512";"B01";"1";"7";"0";"2";"1";"1";"1";""
"201900007995";"138 291 513";"A01";"3";"7";"0";"2";"1";"1";"1";""
"201900007996";"138 291 511";"A01";"3";"33";"0";"0";"8";"1";"1";""
"201900007997";"138 291 510";"A01";"1";"7";"0";"1";"3";"10";"1";""
"201900007998";"138 291 508";"B01";"1";"15";"0";"2";"1";"1";"1";""
"201900007998";"138 291 509";"A01";"2";"7";"0";"2";"3";"13";"1";""
"201900007999";"138 291 507";"A01";"2";"7";"6";"0";"1";"1";"1";""
"201900008000";"138 291 505";"A01";"1";"7";"0";"0";"5";"19";"1";""
"201900008000";"138 291 506";"B01";"2";"2";"0";"2";"1";"1";"1";""
"201900008001";"138 291 503";"A01";"3";"7";"0";"2";"5";"1";"1";""
"201900008001";"138 291 504";"B01";"3";"50";"0";"2";"1";"1";"3";""
"201900008002";"138 291 501";"B01";"1";"7";"0";"2";"1";"1";"1";""
"201900008002";"138 291 502";"A01";"2";"2";"0";"2";"7";"15";"1";""
"201900008003";"138 291 499";"A01";"2";"7";"0";"2";"2";"19";"0";""
"201900008003";"138 291 500";"C01";"1";"7";"0";"2";"5";"1";"1";""
"201900008004";"138 291 497";"B01";"0";"2";"0";"2";"3";"1";"1";""
"201900008004";"138 291 498";"A01";"0";"7";"0";"2";"3";"1";"0";""
"201900008005";"138 291 496";"A01";"2";"7";"2";"0";"1";"13";"0";""
"201900008006";"138 291 495";"A01";"0";"7";"0";"0";"8";"13";"6";""
"201900008007";"138 291 494";"A01";"1";"30";"0";"1";"1";"17";"1";""
"201900008008";"138 291 492";"B01";"2";"31";"0";"2";"1";"26";"6";""
"201900008008";"138 291 493";"A01";"2";"7";"0";"2";"1";"15";"6";""
"201900008009";"138 291 490";"B01";"1";"7";"0";"2";"4";"2";"1";""
"201900008009";"138 291 491";"A01";"1";"33";"0";"2";"1";"2";"1";""
"201900008010";"138 291 488";"B01";"1";"7";"0";"2";"8";"15";"1";""
"201900008010";"138 291 489";"A01";"2";"30";"0";"2";"1";"17";"1";""
"201900008011";"138 291 487";"A01";"1";"10";"0";"1";"1";"1";"1";""
"201900008012";"138 291 485";"A01";"1";"7";"0";"2";"1";"1";"1";""
"201900008012";"138 291 486";"B01";"1";"34";"0";"2";"1";"0";"1";""
"201900008013";"138 291 483";"B01";"0";"10";"0";"2";"8";"0";"1";""
"201900008013";"138 291 484";"A01";"3";"31";"0";"2";"1";"0";"1";""
"201900008014";"138 291 481";"B01";"3";"2";"0";"2";"2";"0";"1";""
"201900008014";"138 291 482";"A01";"3";"7";"0";"6";"3";"11";"1";""
"201900008015";"138 291 479";"B01";"3";"14";"0";"2";"3";"26";"1";""
"201900008015";"138 291 480";"A01";"3";"30";"0";"2";"1";"26";"1";""
"201900008016";"138 291 477";"B01";"3";"33";"14";"0";"4";"2";"0";""
"201900008016";"138 291 478";"A01";"1";"7";"0";"2";"1";"2";"0";""
"201900008017";"138 291 475";"B01";"2";"7";"0";"2";"3";"1";"1";""
"201900008017";"138 291 476";"A01";"1";"30";"0";"2";"1";"13";"1";""
"201900008018";"138 291 473";"B01";"1";"7";"0";"2";"4";"23";"1";""
"201900008018";"138 291 474";"A01";"1";"7";"0";"2";"1";"2";"1";""
"201900008019";"138 291 471";"B01";"2";"7";"1";"0";"5";"0";"1";""
"201900008019";"138 291 472";"A01";"1";"7";"1";"0";"2";"14";"1";""
"201900008020";"138 291 469";"B01";"0";"1";"0";"2";"8";"19";"5";""
"201900008020";"138 291 470";"A01";"0";"7";"0";"2";"1";"1";"1";""
"201900008021";"138 291 466";"B01";"1";"7";"0";"2";"2";"2";"6";""
"201900008021";"138 291 467";"A01";"2";"10";"0";"2";"3";"19";"6";""
"201900008022";"138 291 465";"A01";"3";"7";"15";"0";"1";"26";"1";""
"201900008023";"138 291 463";"B01";"1";"7";"0";"2";"8";"15";"1";""
"201900008023";"138 291 464";"A01";"3";"33";"0";"2";"1";"17";"1";""
"201900008024";"138 291 461";"B01";"2";"7";"0";"2";"8";"9";"1";""
"201900008024";"138 291 462";"A01";"2";"30";"0";"2";"7";"1";"1";""
"201900008025";"138 291 459";"B01";"1";"32";"0";"2";"2";"3";"1";""
"201900008025";"138 291 460";"A01";"1";"7";"0";"2";"3";"11";"1";""
"201900008026";"138 291 457";"A01";"1";"31";"0";"2";"7";"21";"1";""
"201900008026";"138 291 458";"Z01";"1";"33";"0";"2";"6";"11";"0";""
"201900008027";"138 291 454";"A01";"2";"7";"0";"2";"7";"12";"1";""
"201900008027";"138 291 455";"B01";"2";"33";"0";"2";"3";"3";"1";""
"201900008027";"138 291 456";"C01";"2";"7";"0";"2";"8";"1";"1";""
"201900008028";"138 291 452";"B01";"1";"10";"0";"2";"4";"2";"1";""
"201900008028";"138 291 453";"A01";"1";"7";"0";"2";"1";"2";"1";""
"201900008029";"138 291 449";"A01";"1";"32";"0";"2";"5";"3";"1";""
"201900008029";"138 291 450";"B01";"1";"7";"0";"2";"5";"2";"1";""
"201900008029";"138 291 451";"Z01";"1";"13";"0";"2";"6";"13";"0";""
"201900008030";"138 291 447";"A01";"1";"33";"0";"2";"1";"1";"1";""
"201900008030";"138 291 448";"B01";"1";"7";"0";"2";"4";"1";"1";""
"201900008031";"138 291 445";"A01";"1";"33";"0";"2";"1";"3";"1";""
"201900008031";"138 291 446";"B01";"1";"33";"0";"2";"4";"3";"1";""
"201900008032";"138 291 441";"A01";"1";"7";"0";"2";"1";"1";"1";""
"201900008032";"138 291 442";"B01";"1";"7";"0";"2";"4";"1";"3";""
"201900008032";"138 291 443";"C01";"1";"7";"0";"2";"4";"1";"1";""
"201900008032";"138 291 444";"D01";"1";"7";"0";"2";"1";"1";"1";""
"201900008033";"138 291 439";"Z01";"2";"7";"0";"2";"5";"12";"0";""
"201900008033";"138 291 440";"A01";"2";"33";"0";"2";"3";"3";"1";""
"201900008034";"138 291 437";"A01";"1";"34";"0";"2";"3";"3";"1";""
"201900008034";"138 291 438";"B01";"1";"7";"0";"2";"5";"1";"1";""
"201900008035";"138 291 435";"A01";"2";"7";"0";"2";"8";"11";"1";""
"201900008035";"138 291 436";"B01";"2";"33";"5";"2";"7";"1";"1";""
"201900008036";"138 291 433";"B01";"2";"1";"0";"2";"7";"7";"5";""
"201900008036";"138 291 434";"A01";"2";"31";"0";"2";"8";"18";"1";""
"201900008037";"138 291 432";"A01";"1";"30";"12";"0";"3";"13";"1";""
"201900008038";"138 291 430";"A01";"1";"7";"0";"2";"7";"22";"1";""
"201900008038";"138 291 431";"B01";"1";"31";"0";"2";"1";"18";"1";""
"201900008039";"138 291 429";"A01";"2";"38";"0";"1";"8";"15";"1";"1"
"201900008040";"138 291 427";"A01";"2";"30";"0";"2";"1";"1";"3";""
"201900008040";"138 291 428";"B01";"2";"7";"0";"2";"5";"23";"1";""
"201900008041";"138 291 425";"B01";"1";"7";"0";"2";"3";"15";"1";""
"201900008041";"138 291 426";"A01";"1";"1";"0";"2";"0";"1";"5";""
"201900008042";"138 291 423";"B01";"2";"30";"0";"2";"1";"1";"1";""
"201900008042";"138 291 424";"A01";"2";"10";"0";"2";"8";"10";"3";""
"201900008043";"138 291 421";"A01";"1";"50";"0";"2";"2";"1";"3";""
"201900008043";"138 291 422";"B01";"1";"7";"0";"2";"3";"22";"1";""
"201900008044";"138 291 420";"A01";"2";"33";"12";"0";"0";"1";"1";""
"201900008045";"138 291 419";"A01";"1";"7";"0";"1";"4";"4";"1";""
"201900008046";"138 291 418";"A01";"2";"30";"0";"1";"1";"1";"1";""
"201900008047";"138 291 417";"Z01";"1";"33";"0";"1";"1";"18";"1";""
"201900008048";"138 291 415";"B01";"1";"2";"0";"2";"2";"17";"1";""
"201900008048";"138 291 416";"A01";"1";"7";"0";"2";"3";"10";"1";""
"201900008049";"138 291 413";"A01";"2";"43";"0";"2";"1";"21";"1";""
"201900008049";"138 291 414";"B01";"2";"1";"0";"2";"3";"15";"5";""
"201900008050";"138 291 411";"B01";"2";"1";"0";"2";"1";"1";"5";""
"201900008050";"138 291 412";"A01";"1";"7";"0";"2";"1";"15";"1";""
"201900008051";"138 291 410";"A01";"1";"7";"0";"1";"2";"1";"1";""
"201900008052";"138 291 409";"Z01";"0";"30";"0";"1";"1";"18";"0";""
"201900008053";"138 291 407";"B01";"1";"32";"0";"2";"8";"1";"1";""
"201900008053";"138 291 408";"A01";"1";"7";"0";"2";"2";"15";"1";""
"201900008054";"138 291 406";"Z01";"2";"30";"0";"1";"0";"1";"1";""
"201900008055";"138 291 404";"A01";"1";"30";"0";"2";"3";"18";"1";""
"201900008055";"138 291 405";"B01";"1";"34";"0";"2";"7";"1";"1";""
"201900008056";"138 291 401";"B01";"1";"7";"0";"2";"2";"1";"1";""
"201900008056";"138 291 402";"A01";"1";"33";"0";"2";"3";"15";"1";""
"201900008057";"138 291 399";"A01";"1";"7";"0";"2";"3";"1";"2";""
"201900008057";"138 291 400";"B01";"1";"7";"1";"2";"3";"1";"1";""
"201900008058";"138 291 397";"Z01";"1";"7";"0";"2";"1";"15";"0";""
"201900008058";"138 291 398";"A01";"2";"2";"0";"2";"1";"1";"1";""
"201900008059";"138 291 396";"A01";"2";"7";"0";"1";"1";"16";"1";""
"201900008060";"138 291 394";"B01";"1";"10";"0";"1";"1";"23";"1";""
"201900008060";"138 291 395";"A01";"1";"10";"0";"2";"1";"1";"1";""
"201900008061";"138 291 392";"B01";"1";"10";"0";"2";"2";"16";"1";""
"201900008061";"138 291 393";"A01";"1";"32";"0";"2";"8";"7";"1";""
"201900008062";"138 291 390";"A01";"2";"7";"0";"2";"8";"9";"1";""
"201900008062";"138 291 391";"B01";"2";"1";"0";"2";"1";"1";"5";""
"201900008063";"138 291 389";"A01";"3";"1";"0";"1";"1";"1";"5";""
"201900008064";"138 291 387";"B01";"2";"60";"0";"2";"4";"19";"5";""
"201900008064";"138 291 388";"A01";"2";"7";"0";"2";"1";"1";"1";""
"201900008065";"138 291 385";"B01";"2";"7";"0";"2";"2";"1";"1";""
"201900008065";"138 291 386";"A01";"2";"7";"0";"2";"3";"13";"1";""
"201900008066";"138 291 384";"A01";"1";"33";"11";"0";"3";"1";"1";""
"201900008067";"138 291 381";"A01";"2";"7";"0";"2";"1";"1";"1";""
"201900008067";"138 291 382";"B01";"2";"7";"0";"2";"4";"23";"1";""
"201900008067";"138 291 383";"C01";"2";"7";"0";"2";"4";"1";"2";""
"201900008068";"138 291 380";"A01";"1";"7";"0";"1";"2";"16";"1";""
"201900008069";"138 291 379";"A01";"1";"7";"0";"1";"1";"16";"1";""
"201900008070";"138 291 378";"A01";"1";"33";"0";"1";"2";"1";"1";""
"201900008071";"138 291 376";"B01";"1";"33";"0";"2";"4";"21";"1";""
"201900008071";"138 291 377";"A01";"1";"43";"0";"2";"1";"2";"1";""
"201900008072";"138 291 375";"A01";"1";"30";"12";"0";"2";"14";"1";""
"201900008073";"138 291 374";"A01";"1";"32";"2";"0";"0";"1";"1";""
"201900008074";"138 291 373";"A01";"1";"37";"0";"1";"8";"7";"1";"1"
"201900008075";"138 291 371";"A01";"1";"7";"0";"2";"3";"15";"1";""
"201900008075";"138 291 372";"B01";"1";"32";"0";"2";"2";"17";"1";""
"201900008076";"138 291 369";"B01";"1";"32";"0";"2";"2";"1";"1";""
"201900008076";"138 291 370";"A01";"1";"7";"0";"2";"2";"13";"1";""
"201900008077";"138 291 367";"A01";"1";"7";"0";"2";"7";"9";"1";""
"201900008077";"138 291 368";"B01";"1";"33";"0";"2";"8";"1";"1";""
"201900008078";"138 291 365";"A01";"2";"7";"0";"2";"1";"1";"1";""
"201900008078";"138 291 366";"B01";"2";"7";"0";"2";"4";"23";"1";""
"201900008079";"138 291 363";"B01";"1";"1";"0";"2";"1";"1";"5";""
"201900008079";"138 291 364";"A01";"1";"7";"0";"2";"7";"16";"1";""
"201900008080";"138 291 360";"B01";"2";"10";"0";"2";"4";"2";"1";""
"201900008080";"138 291 361";"A01";"2";"10";"0";"2";"1";"2";"1";""
"201900008081";"138 291 359";"A01";"2";"1";"1";"0";"1";"21";"5";""
"201900008082";"138 291 357";"B01";"1";"33";"0";"2";"8";"1";"1";""
"201900008082";"138 291 358";"A01";"2";"7";"0";"2";"1";"15";"1";""
"201900008083";"138 291 355";"A01";"2";"1";"0";"2";"7";"17";"5";""
"201900008083";"138 291 356";"B01";"2";"33";"0";"2";"3";"15";"1";""
"201900008084";"138 291 354";"A01";"2";"7";"4";"0";"1";"1";"1";""
"201900008085";"138 291 352";"A01";"2";"7";"0";"2";"2";"1";"1";""
"201900008085";"138 291 353";"B01";"3";"50";"0";"2";"3";"19";"3";""
"201900008086";"138 291 351";"A01";"1";"7";"0";"1";"2";"1";"2";""
"201900008087";"138 291 349";"B01";"3";"32";"1";"2";"1";"17";"1";""
"201900008087";"138 291 350";"A01";"3";"7";"0";"2";"3";"10";"1";""
"201900008088";"138 291 347";"B01";"1";"30";"0";"2";"1";"1";"1";""
"201900008088";"138 291 348";"A01";"1";"7";"0";"2";"2";"15";"1";""
"201900008089";"138 291 345";"B01";"2";"2";"0";"2";"1";"1";"3";""
"201900008089";"138 291 346";"A01";"1";"7";"0";"2";"2";"15";"1";""
"201900008090";"138 291 343";"A01";"2";"7";"0";"2";"3";"13";"1";""
"201900008090";"138 291 344";"B01";"1";"2";"0";"2";"0";"1";"1";""
"201900008091";"138 291 342";"A01";"2";"32";"1";"1";"8";"21";"1";""
"201900008092";"138 291 340";"A01";"1";"30";"0";"2";"7";"17";"1";""
"201900008092";"138 291 341";"B01";"1";"7";"0";"2";"3";"15";"1";""
"201900008093";"138 291 338";"A01";"1";"7";"0";"2";"1";"1";"1";""
"201900008093";"138 291 339";"B01";"1";"10";"0";"2";"7";"1";"1";""
"201900008094";"138 291 337";"A01";"1";"7";"0";"1";"8";"1";"1";""
"201900008095";"138 291 336";"A01";"2";"1";"0";"0";"0";"21";"5";""
"201900008096";"138 291 335";"A01";"2";"43";"0";"1";"1";"3";"1";""
"201900008097";"138 291 334";"Z01";"2";"2";"0";"1";"0";"7";"0";""
"201900008098";"138 291 332";"B01";"2";"33";"0";"2";"5";"15";"1";""
"201900008098";"138 291 333";"A01";"1";"7";"0";"2";"0";"15";"1";""
"201900008099";"138 291 330";"A01";"1";"10";"0";"2";"2";"1";"1";""
"201900008099";"138 291 331";"B01";"1";"32";"0";"2";"3";"15";"1";""
"201900008100";"138 291 328";"B01";"1";"1";"0";"2";"1";"1";"5";""
"201900008100";"138 291 329";"A01";"1";"7";"0";"2";"6";"22";"1";""
"201900008101";"138 291 326";"A01";"1";"30";"0";"2";"1";"9";"1";""
"201900008101";"138 291 327";"B01";"1";"10";"0";"2";"6";"1";"1";""
"201900008102";"138 291 324";"A01";"1";"31";"0";"2";"1";"18";"1";""
"201900008102";"138 291 325";"B01";"1";"7";"0";"2";"2";"16";"2";""
"201900008103";"138 291 322";"A01";"2";"30";"0";"2";"8";"9";"3";""
"201900008103";"138 291 323";"Z01";"2";"7";"0";"2";"8";"2";"0";""
"201900008104";"138 291 320";"B01";"1";"33";"0";"2";"7";"21";"1";""
"201900008104";"138 291 321";"A01";"1";"10";"0";"2";"0";"23";"1";""
"201900008105";"138 291 319";"A01";"2";"7";"0";"1";"3";"4";"1";""
"201900008106";"138 291 317";"A01";"2";"7";"0";"2";"3";"17";"1";""
"201900008106";"138 291 318";"B01";"2";"31";"0";"2";"2";"15";"1";""
"201900008107";"138 291 315";"A01";"1";"30";"0";"2";"2";"1";"1";""
"201900008107";"138 291 316";"B01";"1";"7";"0";"2";"6";"22";"1";""
"201900008108";"138 291 314";"A01";"1";"34";"0";"1";"1";"1";"3";""
"201900008109";"138 291 312";"B01";"1";"33";"0";"2";"4";"21";"1";""
"201900008109";"138 291 313";"A01";"1";"33";"0";"2";"1";"21";"1";""
"201900008110";"138 291 311";"A01";"2";"1";"0";"1";"1";"1";"5";""
"201900008111";"138 291 310";"B01";"1";"1";"0";"0";"0";"21";"5";""
"201900008112";"138 291 308";"A01";"1";"1";"0";"2";"1";"1";"5";""
"201900008112";"138 291 309";"B01";"2";"1";"0";"2";"0";"9";"5";""
"201900008113";"138 291 306";"A01";"1";"7";"0";"2";"4";"23";"2";""
"201900008113";"138 291 307";"B01";"1";"14";"0";"2";"1";"2";"1";""
"201900008114";"138 291 304";"A01";"1";"43";"0";"1";"0";"1";"1";""
"201900008115";"138 291 302";"B01";"2";"7";"0";"2";"3";"15";"1";""
"201900008115";"138 291 303";"A01";"2";"30";"0";"2";"1";"17";"1";""
"201900008116";"138 291 300";"B01";"1";"7";"0";"6";"5";"1";"1";""
"201900008116";"138 291 301";"A01";"3";"1";"0";"2";"1";"1";"5";""
"201900008117";"138 291 299";"A01";"1";"33";"1";"0";"1";"1";"1";""
"201900008118";"138 291 297";"B01";"1";"7";"0";"2";"8";"26";"1";""
"201900008118";"138 291 298";"A01";"1";"33";"0";"2";"8";"21";"1";""
"201900008119";"138 291 295";"A01";"3";"7";"0";"2";"7";"1";"1";""
"201900008119";"138 291 296";"B01";"0";"7";"0";"2";"1";"1";"1";""
"201900008120";"138 291 294";"A01";"1";"3";"0";"1";"1";"1";"1";""
"201900008121";"138 291 293";"A01";"1";"10";"0";"1";"1";"1";"0";""
"201900008122";"138 291 292";"A01";"2";"7";"0";"1";"3";"19";"1";""
"201900008123";"138 291 291";"A01";"2";"7";"15";"0";"2";"1";"0";""
"201900008124";"138 291 290";"A01";"1";"30";"0";"0";"8";"0";"0";""
"201900008125";"138 291 289";"A01";"1";"33";"0";"1";"1";"26";"1";""
"201900008126";"138 291 287";"B01";"1";"7";"0";"2";"8";"1";"1";""
"201900008126";"138 291 288";"A01";"1";"34";"0";"1";"1";"3";"0";""
"201900008127";"138 291 286";"A01";"2";"33";"12";"0";"1";"17";"1";""
"201900008128";"138 291 284";"B01";"3";"7";"14";"0";"3";"15";"1";""
"201900008128";"138 291 285";"A01";"3";"33";"0";"2";"7";"17";"1";""
"201900008129";"138 291 283";"A01";"3";"7";"0";"1";"3";"15";"1";""
"201900008130";"138 291 280";"A01";"3";"33";"0";"2";"7";"18";"0";""
"201900008130";"138 291 281";"C01";"1";"7";"0";"2";"3";"1";"0";""
"201900008130";"138 291 282";"B01";"3";"7";"0";"2";"0";"0";"0";""
"201900008131";"138 291 278";"A01";"1";"7";"0";"2";"1";"1";"1";""
"201900008131";"138 291 279";"B01";"2";"7";"0";"2";"1";"11";"1";""
"201900008132";"138 291 276";"A01";"2";"7";"0";"2";"5";"23";"1";""
"201900008132";"138 291 277";"B01";"2";"1";"0";"2";"1";"1";"5";""
"201900008133";"138 291 275";"A01";"1";"7";"0";"2";"1";"1";"6";""
"201900008134";"138 291 273";"B01";"1";"34";"0";"2";"2";"15";"1";""
"201900008134";"138 291 274";"A01";"2";"7";"0";"2";"3";"18";"1";""
"201900008135";"138 291 272";"A01";"1";"33";"1";"0";"1";"2";"1";""
"201900008136";"138 291 270";"B01";"1";"7";"0";"2";"1";"17";"0";""
"201900008136";"138 291 271";"A01";"1";"33";"0";"2";"8";"17";"0";""
"201900008137";"138 291 269";"A01";"1";"30";"0";"1";"2";"1";"0";""
"201900008138";"138 291 268";"Z01";"0";"0";"0";"2";"1";"1";"0";""
"201900008139";"138 291 266";"B01";"0";"7";"0";"2";"5";"0";"0";""
"201900008139";"138 291 267";"A01";"0";"33";"0";"2";"3";"1";"0";""
"201900008140";"138 291 264";"B01";"0";"7";"0";"0";"2";"0";"0";""
"201900008140";"138 291 265";"A01";"0";"7";"0";"2";"1";"26";"0";""
"201900008141";"138 291 263";"A01";"2";"7";"1";"1";"2";"17";"1";""
"201900008142";"138 291 262";"A01";"0";"7";"0";"1";"1";"26";"0";""
"201900008143";"138 291 261";"A01";"0";"7";"0";"0";"0";"16";"0";""
"201900008144";"138 291 260";"A01";"1";"31";"0";"1";"1";"3";"1";""
"201900008145";"138 291 257";"B01";"2";"33";"0";"2";"3";"1";"1";""
"201900008145";"138 291 258";"C01";"1";"10";"0";"2";"2";"1";"1";""
"201900008145";"138 291 259";"A01";"1";"10";"0";"2";"3";"15";"1";""
"201900008146";"138 291 255";"A01";"2";"30";"0";"2";"1";"14";"0";""
"201900008146";"138 291 256";"B01";"2";"7";"0";"6";"8";"0";"1";""
"201900008147";"138 291 254";"A01";"0";"7";"0";"1";"7";"19";"1";""
"201900008148";"138 291 253";"A01";"1";"7";"0";"1";"2";"1";"0";""
"201900008149";"138 291 251";"B01";"2";"30";"0";"2";"4";"1";"0";""
"201900008149";"138 291 252";"A01";"2";"7";"0";"2";"2";"10";"0";""
"201900008150";"138 291 250";"A01";"1";"32";"0";"1";"1";"2";"1";""
"201900008151";"138 291 248";"A01";"2";"7";"0";"2";"4";"23";"0";""
"201900008151";"138 291 249";"B01";"1";"7";"0";"2";"1";"2";"6";""
"201900008152";"138 291 246";"A01";"1";"7";"0";"2";"1";"17";"0";""
"201900008152";"138 291 247";"B01";"0";"7";"0";"2";"2";"15";"0";""
"201900008153";"138 291 244";"A01";"1";"33";"0";"2";"1";"2";"1";""
"201900008153";"138 291 245";"B01";"1";"7";"0";"2";"6";"2";"1";""
"201900008154";"138 291 242";"B01";"2";"1";"0";"2";"1";"1";"5";""