"Num_Acc";"id_vehicule";"num_veh";"senc";"catv";"obs";"obsm";"choc";"manv";"motor";"occutc"
"201900008368";"138 290 854";"B01";"1";"7";"0";"1";"3";"1";"1";""
"201900008369";"138 290 853";"A01";"1";"7";"0";"1";"2";"1";"1";""
"201900008370";"138 290 852";"A01";"1";"30";"0";"2";"9";"0";"1";""
"201900008371";"138 290 851";"A01";"1";"7";"0";"1";"0";"0";"1";""
"201900008372";"138 290 850";"A01";"1";"7";"0";"1";"2";"16";"1";""
"201900008373";"138 290 848";"A01";"1";"7";"0";"2";"6";"9";"1";""
"201900008373";"138 290 849";"B01";"1";"14";"0";"2";"2";"1";"1";""
"201900008374";"138 290 843";"A01";"1";"7";"4";"0";"1";"13";"1";""
"201900008375";"138 290 842";"A01";"3";"7";"4";"0";"3";"1";"1";""
"201900008376";"138 290 841";"A01";"1";"7";"0";"1";"4";"26";"1";""
"201900008377";"138 290 839";"A01";"1";"7";"0";"2";"1";"2";"1";""
"201900008377";"138 290 840";"B01";"1";"7";"0";"2";"4";"2";"1";""
"201900008378";"138 290 837";"A01";"2";"10";"0";"2";"7";"16";"1";""
"201900008378";"138 290 838";"B01";"2";"1";"0";"2";"9";"16";"5";""
"201900008379";"138 290 836";"A01";"1";"10";"0";"1";"3";"1";"0";""
"201900008380";"138 290 835";"A01";"3";"7";"0";"1";"1";"1";"0";""
"201900008381";"138 290 830";"A01";"2";"7";"0";"2";"6";"23";"0";""
"201900008381";"138 290 831";"B01";"2";"7";"0";"2";"6";"2";"0";""
"201900008381";"138 290 832";"C01";"2";"7";"0";"2";"0";"1";"0";""
"201900008381";"138 290 833";"D01";"2";"7";"0";"2";"2";"2";"0";""
"201900008382";"138 290 827";"B01";"3";"7";"0";"2";"3";"1";"1";""
"201900008382";"138 290 828";"A01";"3";"7";"0";"2";"7";"1";"1";""
"201900008383";"138 290 824";"A01";"1";"7";"0";"2";"1";"2";"1";""
"201900008383";"138 290 825";"C01";"1";"7";"0";"2";"4";"23";"1";""
"201900008383";"138 290 826";"B01";"1";"7";"0";"2";"4";"23";"1";""
"201900008384";"138 290 823";"A01";"2";"33";"1";"0";"1";"15";"1";""
"201900008385";"138 290 821";"B01";"2";"7";"0";"2";"2";"0";"1";""
"201900008385";"138 290 822";"A01";"1";"7";"0";"2";"1";"17";"1";""
"201900008386";"138 290 820";"A01";"0";"7";"2";"0";"1";"14";"1";""
"201900008387";"138 290 818";"B01";"0";"7";"0";"2";"3";"15";"1";""
"201900008387";"138 290 819";"A01";"0";"7";"0";"2";"2";"1";"1";""
"201900008388";"138 290 817";"A01";"0";"3";"0";"1";"1";"15";"1";""
"201900008389";"138 290 815";"A01";"1";"7";"0";"2";"1";"1";"1";""
"201900008389";"138 290 816";"B01";"1";"7";"0";"2";"4";"1";"1";""
"201900008390";"138 290 813";"A01";"2";"7";"0";"2";"2";"20";"1";""
"201900008390";"138 290 814";"B01";"2";"2";"8";"2";"1";"1";"1";""
"201900008391";"138 290 812";"A01";"1";"30";"13";"0";"1";"13";"1";""
"201900008392";"138 290 810";"B01";"1";"2";"0";"2";"1";"0";"1";""
"201900008392";"138 290 811";"A01";"1";"7";"0";"2";"2";"0";"1";""
"201900008393";"138 290 809";"A01";"1";"7";"5";"0";"1";"1";"0";""
"201900008394";"138 290 807";"A01";"1";"7";"0";"2";"1";"1";"1";""
"201900008394";"138 290 808";"B01";"1";"7";"0";"2";"4";"1";"1";""
"201900008395";"138 290 803";"B01";"1";"32";"0";"2";"9";"18";"1";""
"201900008395";"138 290 804";"A01";"1";"7";"0";"2";"2";"15";"1";""
"201900008396";"138 290 800";"B01";"1";"7";"0";"2";"9";"0";"1";""
"201900008396";"138 290 801";"C01";"1";"7";"0";"2";"4";"0";"1";""
"201900008396";"138 290 802";"A01";"1";"7";"0";"2";"1";"0";"1";""
"201900008397";"138 290 798";"C01";"1";"2";"0";"2";"7";"0";"1";""
"201900008397";"138 290 799";"A01";"1";"7";"0";"2";"1";"0";"1";""
"201900008398";"138 290 796";"B01";"1";"7";"0";"2";"4";"26";"1";""
"201900008398";"138 290 797";"A01";"1";"7";"0";"2";"1";"1";"1";""
"201900008399";"138 290 795";"A01";"1";"7";"0";"1";"5";"0";"1";""
"201900008400";"138 290 793";"A01";"1";"7";"0";"2";"1";"0";"1";""
"201900008400";"138 290 794";"B01";"1";"1";"0";"2";"0";"0";"5";""
"201900008401";"138 290 791";"A01";"1";"7";"0";"2";"3";"0";"1";""
"201900008401";"138 290 792";"B01";"1";"2";"0";"2";"8";"1";"1";""
"201900008402";"138 290 789";"B01";"1";"1";"0";"2";"0";"0";"5";""
"201900008402";"138 290 790";"A01";"1";"20";"0";"2";"5";"2";"1";""
"201900008403";"138 290 787";"B01";"1";"7";"0";"2";"1";"0";"1";""
"201900008403";"138 290 788";"A01";"1";"7";"0";"2";"4";"23";"1";""
"201900008404";"138 290 786";"A01";"1";"33";"14";"0";"1";"26";"1";""
"201900008405";"138 290 783";"A01";"1";"20";"0";"2";"0";"1";"0";""
"201900008405";"138 290 784";"C01";"1";"7";"0";"2";"1";"1";"1";""
"201900008405";"138 290 785";"B01";"1";"7";"0";"6";"6";"1";"1";""
"201900008406";"138 290 782";"A01";"1";"7";"0";"1";"4";"26";"1";""
"201900008407";"138 290 780";"A01";"1";"7";"0";"2";"6";"0";"1";""
"201900008407";"138 290 781";"B01";"1";"7";"0";"2";"0";"24";"1";""
"201900008408";"138 290 778";"B01";"1";"7";"0";"2";"8";"15";"1";""
"201900008408";"138 290 779";"A01";"1";"30";"0";"2";"1";"5";"1";""
"201900008409";"138 290 776";"A01";"1";"33";"0";"2";"1";"5";"1";""
"201900008409";"138 290 777";"B01";"2";"7";"0";"2";"1";"16";"1";""
"201900008410";"138 290 774";"A01";"2";"7";"0";"2";"4";"17";"1";""
"201900008410";"138 290 775";"B01";"2";"1";"0";"2";"4";"2";"0";""
"201900008411";"138 290 773";"A01";"3";"7";"0";"1";"1";"1";"1";""
"201900008412";"138 290 771";"B01";"3";"7";"0";"2";"3";"15";"1";""
"201900008412";"138 290 772";"A01";"3";"32";"0";"2";"1";"19";"1";""
"201900008413";"138 290 770";"A01";"2";"7";"0";"1";"1";"15";"1";""
"201900008414";"138 290 769";"A01";"2";"30";"0";"0";"1";"1";"1";""
"201900008415";"138 290 767";"B01";"2";"7";"0";"2";"3";"1";"1";""
"201900008415";"138 290 768";"A01";"1";"7";"0";"2";"3";"13";"1";""
"201900008416";"138 290 765";"A01";"2";"7";"0";"6";"7";"16";"1";""
"201900008416";"138 290 766";"B01";"2";"1";"0";"2";"1";"0";"5";""
"201900008417";"138 290 763";"B01";"1";"7";"0";"0";"4";"1";"1";""
"201900008417";"138 290 764";"A01";"1";"7";"0";"2";"1";"1";"1";""
"201900008418";"138 290 762";"A01";"2";"7";"9";"1";"1";"9";"1";""
"201900008419";"138 290 760";"B01";"1";"7";"0";"2";"3";"15";"1";""
"201900008419";"138 290 761";"A01";"1";"33";"0";"2";"1";"17";"1";""
"201900008420";"138 290 759";"A01";"2";"33";"0";"0";"0";"26";"1";""
"201900008421";"138 290 757";"A01";"0";"33";"6";"2";"1";"13";"1";""
"201900008421";"138 290 758";"B01";"0";"10";"0";"2";"2";"15";"1";""
"201900008422";"138 290 755";"A01";"3";"1";"0";"2";"6";"1";"6";""
"201900008422";"138 290 756";"B01";"3";"7";"0";"2";"6";"1";"1";""
"201900008423";"138 290 753";"B01";"3";"15";"0";"2";"7";"16";"1";""
"201900008423";"138 290 754";"A01";"3";"32";"0";"2";"1";"18";"1";""
"201900008424";"138 290 752";"A01";"3";"7";"1";"0";"1";"13";"1";""
"201900008425";"138 290 750";"A01";"3";"7";"0";"2";"3";"15";"1";""
"201900008425";"138 290 751";"B01";"3";"31";"0";"2";"7";"1";"1";""
"201900008426";"138 290 748";"A01";"0";"7";"1";"2";"3";"18";"1";""
"201900008426";"138 290 749";"B01";"0";"7";"0";"2";"5";"1";"1";""
"201900008427";"138 290 747";"A01";"0";"7";"0";"1";"1";"1";"0";""
"201900008428";"138 290 743";"B01";"3";"10";"0";"0";"0";"16";"0";""
"201900008428";"138 290 744";"A01";"0";"31";"0";"2";"6";"7";"1";""
"201900008429";"138 290 739";"B01";"0";"7";"0";"2";"1";"1";"0";""
"201900008429";"138 290 740";"A01";"1";"7";"0";"2";"3";"15";" -1";""
"201900008430";"138 290 735";"A01";"1";"33";"0";"2";"7";"26";"1";""
"201900008430";"138 290 736";"B01";"0";"7";"0";"2";"7";"1";"0";""
"201900008431";"138 290 733";"B01";"3";"31";"0";"2";"5";"1";"1";""
"201900008431";"138 290 734";"A01";"3";"7";"0";"2";"3";"13";"1";""
"201900008432";"138 290 732";"A01";"2";"7";"0";"1";"1";"1";"1";""
"201900008433";"138 290 730";"B01";"1";"7";"0";"2";"6";"19";"1";""
"201900008433";"138 290 731";"A01";"2";"1";"0";"2";"1";"19";"5";""
"201900008434";"138 290 728";"A01";"2";"10";"0";"2";"2";"15";"1";""
"201900008434";"138 290 729";"B01";"1";"31";"0";"2";"1";"1";"1";""
"201900008435";"138 290 726";"A01";"2";"7";"0";"2";"2";"15";"1";""
"201900008435";"138 290 727";"B01";"1";"7";"0";"2";"3";"1";"1";""
"201900008436";"138 290 721";"A01";"0";"1";"0";"0";"1";"0";"5";""
"201900008437";"138 290 719";"A01";"1";"7";"0";"2";"3";"5";"1";""
"201900008437";"138 290 720";"B01";"1";"33";"0";"2";"3";"1";"1";""
"201900008438";"138 290 717";"A01";"3";"7";"0";"2";"1";"1";"1";""
"201900008438";"138 290 718";"B01";"3";"1";"0";"2";"1";"19";"6";""
"201900008439";"138 290 715";"B01";"3";"7";"0";"2";"7";"19";"1";""
"201900008439";"138 290 716";"A01";"3";"7";"0";"2";"2";"19";"1";""
"201900008440";"138 290 714";"A01";"3";"1";"0";"1";"1";"1";"5";""
"201900008441";"138 290 712";"A01";"2";"7";"0";"2";"7";"15";"1";""
"201900008441";"138 290 713";"B01";"1";"33";"0";"2";"1";"1";"1";""
"201900008442";"138 290 710";"A01";"2";"32";"0";"2";"1";"2";"0";""
"201900008442";"138 290 711";"B01";"2";"7";"0";"2";"4";"2";"1";""
"201900008443";"138 290 709";"A01";"3";"7";"0";"1";"1";"16";"1";""
"201900008444";"138 290 707";"A01";"3";"7";"0";"2";"2";"1";"1";""
"201900008444";"138 290 708";"B01";"3";"7";"0";"2";"3";"9";"1";""
"201900008445";"138 290 706";"A01";"2";"1";"0";"0";"1";"1";"5";""
"201900008446";"138 290 704";"A01";"3";"14";"0";"2";"1";"1";"1";""
"201900008446";"138 290 705";"B01";"3";"7";"0";"2";"4";"1";"1";""
"201900008447";"138 290 702";"B01";"3";"7";"0";"2";"3";"1";"1";""
"201900008447";"138 290 703";"A01";"3";"7";"0";"2";"2";"16";"1";""
"201900008448";"138 290 701";"A01";"2";"7";"8";"0";"2";"2";"1";""
"201900008449";"138 290 699";"B01";"3";"7";"0";"2";"3";"1";"1";""
"201900008449";"138 290 700";"A01";"3";"7";"0";"2";"4";"4";"1";""
"201900008450";"138 290 698";"A01";"1";"30";"0";"0";"0";"1";"1";""
"201900008451";"138 290 697";"A01";"2";"30";"11";"0";"1";"26";"1";""
"201900008452";"138 290 695";"B01";"3";"1";"0";"2";"1";"19";"5";""
"201900008452";"138 290 696";"A01";"1";"7";"0";"2";"3";"1";"1";""
"201900008453";"138 290 693";"B01";"3";"7";"0";"2";"1";"1";"1";""
"201900008453";"138 290 694";"A01";"3";"7";"0";"2";"5";"15";"1";""
"201900008454";"138 290 691";"A01";"3";"7";"0";"2";"5";"1";"1";""
"201900008454";"138 290 692";"B01";"3";"1";"0";"2";"3";"1";"5";""
"201900008455";"138 290 689";"A01";"2";"7";"0";"2";"1";"17";"1";""
"201900008455";"138 290 690";"B01";"2";"21";"0";"2";"4";"1";"1";""
"201900008456";"138 290 688";"A01";"1";"30";"0";"0";"8";"21";"1";""
"201900008457";"138 290 686";"B01";"2";"7";"0";"2";"1";"23";"1";""
"201900008457";"138 290 687";"A01";"1";"33";"0";"2";"1";"1";"1";""
"201900008458";"138 290 684";"B01";"1";"80";"0";"2";"4";"13";"3";""
"201900008458";"138 290 685";"A01";"1";"7";"0";"2";"2";"2";"1";""
"201900008459";"138 290 682";"A01";"0";"7";"0";"2";"4";"26";"1";""
"201900008459";"138 290 683";"B01";"0";"1";"0";"2";"1";"2";"5";""
"201900008460";"138 290 681";"A01";"2";"7";"1";"0";"3";"13";"1";""
"201900008461";"138 290 679";"B01";"2";"7";"0";"2";"4";"2";"1";""
"201900008461";"138 290 680";"E01";"2";"10";" -1";"2";"1";" -1";" -1";""
"201900008462";"138 290 677";"B01";"3";"7";"0";"2";"1";"1";"1";""
"201900008462";"138 290 678";"A01";"3";"7";"0";"2";"2";"26";"1";""
"201900008463";"138 290 674";"B01";"2";"7";"0";"2";"4";"26";"1";""
"201900008463";"138 290 675";"C01";"2";"7";"0";"2";"5";"2";"1";""
"201900008463";"138 290 676";"A01";"2";"7";"0";"2";"1";"1";"1";""
"201900008464";"138 290 673";"A01";"1";"7";"0";"1";"2";"16";"1";""
"201900008465";"138 290 671";"A01";"3";"7";"0";"6";"1";"1";"1";""
"201900008465";"138 290 672";"B01";"3";"1";"0";"2";"1";"15";"5";""
"201900008466";"138 290 669";"B01";"3";"7";"0";"2";"8";"2";"1";""
"201900008466";"138 290 670";"A01";"3";"7";"0";"2";"1";"5";"1";""
"201900008467";"138 290 666";"A01";"2";"10";"0";"2";"1";"1";"1";""
"201900008467";"138 290 667";"C01";"2";"7";"0";"2";"4";"2";"1";""
"201900008467";"138 290 668";"B01";"2";"7";"0";"2";"4";"2";"1";""
"201900008468";"138 290 664";"A01";"2";"7";"0";"2";"1";"1";"0";""
"201900008468";"138 290 665";"B01";"2";"7";"0";"2";"4";"1";"1";""
"201900008469";"138 290 663";"A01";"1";"32";"0";"1";"1";"2";"1";""
"201900008470";"138 290 661";"Z01";"3";"7";"0";"2";"2";"0";"0";""
"201900008470";"138 290 662";"B01";"3";"1";"0";"2";"5";"26";"5";""
"201900008471";"138 290 659";"B01";"1";"7";"0";"2";"4";"23";"1";""
"201900008471";"138 290 660";"A01";"1";"7";"0";"2";"1";"2";"1";""
"201900008472";"138 290 657";"B01";"3";"7";"0";"2";"4";"1";"1";""
"201900008472";"138 290 658";"A01";"3";"7";"0";"2";"1";"1";"1";""
"201900008473";"138 290 656";"A01";"3";"7";"0";"1";"1";"1";"1";""
"201900008474";"138 290 655";"A01";"3";"32";"0";"1";"1";"2";"1";""
"201900008475";"138 290 650";"A01";"1";"7";"0";"2";"1";"2";"1";""
"201900008475";"138 290 651";"C01";"1";"7";"0";"2";"2";"2";"1";""
"201900008475";"138 290 652";"E01";"1";"7";"0";"2";"1";"2";"1";""
"201900008475";"138 290 653";"B01";"1";"7";"0";"2";"1";"0";"1";""
"201900008475";"138 290 654";"D01";"1";"7";"0";"2";"1";"2";"1";""
"201900008476";"138 290 649";"A01";"3";"80";"0";"0";"2";"1";"3";""
"201900008477";"138 290 647";"B01";"2";"30";"0";"2";"9";"1";"1";""
"201900008477";"138 290 648";"A01";"2";"7";"0";"2";"2";"1";"1";""
"201900008478";"138 290 645";"B01";"1";"1";"0";"2";"1";"1";"5";""
"201900008478";"138 290 646";"A01";"1";"7";"0";"2";"2";"1";"1";""
"201900008479";"138 290 643";"B01";"1";"7";"9";"0";"4";"1";"1";""
"201900008479";"138 290 644";"A01";"1";"7";"2";"1";"1";"0";"1";""
"201900008480";"138 290 640";"A01";"1";"34";"0";"2";"2";"2";"1";""
"201900008480";"138 290 641";"B01";"1";"7";"0";"0";"6";"1";"1";""
"201900008481";"138 290 638";"A01";"1";"1";"0";"2";"1";"25";"5";""
"201900008481";"138 290 639";"B01";"1";"7";"0";"2";"7";"16";"1";""
"201900008482";"138 290 636";"A01";"1";"1";"0";"2";"1";"1";"6";""
"201900008482";"138 290 637";"B01";"1";"7";"0";"2";"4";"23";"1";""
"201900008483";"138 290 634";"B01";"1";"7";"0";"2";"8";"19";"1";""
"201900008483";"138 290 635";"A01";"2";"2";"0";"2";"1";"3";"1";""
"201900008484";"138 290 633";"A01";"3";"7";"14";"0";"2";"1";"1";""
"201900008485";"138 290 632";"A01";"3";"33";"0";"0";"0";"1";"1";""
"201900008486";"138 290 630";"A01";"1";"1";"0";"2";"1";"1";"5";""
"201900008486";"138 290 631";"B01";"1";"7";"0";"2";"1";"1";"1";""
"201900008487";"138 290 628";"A01";"2";"7";"0";"2";"3";"15";"1";""
"201900008487";"138 290 629";"B01";"1";"33";"0";"2";"3";"1";"1";""
"201900008488";"138 290 626";"B01";"0";"31";"0";"2";"1";"1";"1";""
"201900008488";"138 290 627";"A01";"0";"7";"0";"2";"3";"10";"1";""
"201900008489";"138 290 625";"A01";"1";"30";"12";"0";"1";"15";"1";""
"201900008490";"138 290 623";"B01";"1";"37";"0";"0";"7";"1";"1";"1"
"201900008490";"138 290 624";"A01";"1";"14";"0";"2";"3";"15";"1";""
"201900008491";"138 290 622";"A01";"1";"7";"1";"0";"2";"14";"1";""
"201900008492";"138 290 620";"A01";"2";"7";"0";"2";"8";"9";"1";""
"201900008492";"138 290 621";"B01";"2";"33";"0";"2";"1";"1";"1";""
"201900008493";"138 290 618";"B01";"1";"1";"0";"2";"1";"1";"5";""
"201900008493";"138 290 619";"A01";"1";"7";"0";"2";"0";"14";"1";""
"201900008494";"138 290 616";"B01";"0";"1";"0";"2";"1";"1";"5";""
"201900008494";"138 290 617";"A01";"1";"7";"0";"2";"2";"1";"1";""
"201900008495";"138 290 615";"A01";"0";"40";"0";"1";"0";"1";"3";""
"201900008496";"138 290 614";"A01";"1";"7";"0";"1";"8";"1";"1";""
"201900008497";"138 290 612";"B01";"2";"33";"0";"2";"1";"1";"1";""
"201900008497";"138 290 613";"A01";"1";"7";"0";"2";"5";"15";"1";""
"201900008498";"138 290 610";"A01";"1";"30";"0";"2";"1";"13";"1";""
"201900008498";"138 290 611";"B01";"2";"7";"0";"2";"3";"1";"1";""
"201900008499";"138 290 608";"A01";"1";"7";"0";"2";"5";"15";"2";""
"201900008499";"138 290 609";"B01";"2";"31";"0";"2";"1";"1";"1";""
"201900008500";"138 290 602";"B01";"3";"7";"0";"2";"1";"19";"1";""
"201900008500";"138 290 603";"A01";"3";"7";"0";"2";"8";"26";"1";""
"201900008501";"138 290 600";"B01";"1";"33";"0";"2";"1";"1";"1";""
"201900008501";"138 290 601";"A01";"2";"7";"0";"2";"5";"9";"1";""
"201900008502";"138 290 599";"A01";"3";"30";"0";"0";"1";"0";"1";""
"201900008503";"138 290 597";"B01";"1";"7";"0";"2";"8";"1";"1";""
"201900008503";"138 290 598";"A01";"1";"17";"0";"2";"2";"12";"1";""
"201900008504";"138 290 596";"A01";"1";"31";"0";"1";"1";"1";"1";""
"201900008505";"138 290 595";"A01";"3";"33";"0";"2";"1";"1";"1";""
"201900008506";"138 290 593";"B01";"3";"1";"0";"2";"8";"19";"5";""
"201900008506";"138 290 594";"A01";"2";"7";"0";"2";"3";"15";"1";""
"201900008507";"138 290 590";"A01";"0";"7";"0";"2";"8";"26";"1";""
"201900008507";"138 290 591";"C01";"1";"7";"0";"2";"7";"1";"1";""
"201900008507";"138 290 592";"B01";"0";"33";"0";"2";"1";"17";"1";""
"201900008508";"138 290 588";"B01";"2";"7";"0";"2";"3";"1";"1";""
"201900008508";"138 290 589";"A01";"1";"7";"0";"2";"3";"13";"1";""
"201900008509";"138 290 585";"B01";"0";"33";"0";"2";"4";"23";"1";""
"201900008509";"138 290 586";"C01";"1";"7";"0";"2";"4";"23";"1";""
"201900008509";"138 290 587";"A01";"1";"10";"0";"2";"1";"2";"1";""
"201900008510";"138 290 582";"A01";"1";"10";"0";"2";"1";"2";"1";""
"201900008510";"138 290 583";"C01";"1";"7";"0";"2";"4";"23";"1";""
"201900008510";"138 290 584";"B01";"1";"10";"0";"2";"4";"23";"1";""
"201900008511";"138 290 580";"A01";"3";"30";"12";"2";"1";"26";"1";""
"201900008511";"138 290 581";"B01";"1";"14";"0";"2";"7";"26";"1";""
"201900008512";"138 290 578";"A01";"1";"7";"0";"2";"5";"1";"0";""
"201900008512";"138 290 579";"B01";"1";"30";"0";"2";"8";"1";"0";""
"201900008513";"138 290 576";"B01";"1";"37";"0";"6";"3";"8";"0";"1"
"201900008513";"138 290 577";"A01";"2";"50";"0";"2";"1";"19";"3";""
"201900008514";"138 290 573";"C01";"2";"7";"0";"2";"4";"23";"1";""
"201900008514";"138 290 574";"B01";"2";"7";"0";"2";"4";"23";"1";""
"201900008514";"138 290 575";"A01";"2";"7";"0";"2";"1";"1";"0";""
"201900008515";"138 290 571";"A01";"1";"7";"0";"2";"1";"1";"1";""
"201900008515";"138 290 572";"B01";"3";"7";"0";"2";"7";"15";"1";""
"201900008516";"138 290 568";"C01";"2";"7";"0";"2";"5";"23";"1";""
"201900008516";"138 290 569";"A01";"2";"7";"0";"2";"1";"19";"1";""
"201900008516";"138 290 570";"B01";"1";"7";"0";"2";"3";"23";"1";""
"201900008517";"138 290 566";"A01";"3";"7";"0";"2";"3";"16";"1";""
"201900008517";"138 290 567";"B01";"3";"10";"0";"2";"1";"1";"1";""
"201900008518";"138 290 565";"A01";"2";"7";"8";"0";"1";"16";"1";""
"201900008519";"138 290 564";"A01";"1";"7";"13";"0";"8";"1";"1";""
"201900008520";"138 290 563";"A01";"1";"7";"0";"1";"1";"1";"1";""
"201900008521";"138 290 560";"A01";"1";"10";"0";"2";"1";"1";"1";""
"201900008521";"138 290 561";"C01";"1";"7";"0";"2";"4";"0";"1";""
"201900008521";"138 290 562";"B01";"1";"7";"0";"2";"1";"1";"1";""
"201900008522";"138 290 559";"A01";"1";"7";"0";"1";"1";"1";"1";""
"201900008523";"138 290 557";"A01";"1";"10";"0";"6";"3";"9";"1";""
"201900008523";"138 290 558";"B01";"2";"1";"0";"2";"4";"16";"0";""
"201900008524";"138 290 556";"A01";"3";"7";"0";"1";"1";"15";"1";""
"201900008525";"138 290 553";"B01";"2";"7";"0";"2";"3";"2";"1";""
"201900008525";"138 290 554";"A01";"2";"33";"0";"2";"1";"1";"1";""
"201900008525";"138 290 555";"C01";"1";"7";"0";"2";"5";"1";"1";""
"201900008526";"138 290 551";"A01";"0";"7";"0";"2";"3";"0";"0";""
"201900008526";"138 290 552";"B01";"0";"33";"0";"2";"1";"0";"0";""
"201900008527";"138 290 549";"B01";"2";"1";"0";"2";"0";"0";"0";""
"201900008527";"138 290 550";"A01";"1";"7";"0";"2";"1";"9";"0";""
"201900008528";"138 290 548";"A01";"3";"7";"0";"1";"2";"1";"0";""
"201900008529";"138 290 547";"A01";"1";"33";"0";"0";"0";"1";"1";""
"201900008530";"138 290 546";"A01";"0";"30";"9";"0";"1";"26";"1";""
"201900008531";"138 290 545";"A01";"0";"7";"0";"1";"2";"1";"1";""
"201900008532";"138 290 533";"A01";"3";"0";"0";"0";"0";"26";"1";""
"201900008533";"138 290 531";"A01";"3";"33";"0";"2";"8";"1";"1";""
"201900008533";"138 290 532";"B01";"3";"7";"0";"2";"8";"21";"1";""
"201900008534";"138 290 529";"B01";"3";"7";"0";"2";"1";"1";"1";""
"201900008534";"138 290 530";"A01";"3";"10";"0";"2";"1";"1";"1";""
"201900008535";"138 290 526";"B01";"1";"10";"0";"2";"0";"0";"1";""
"201900008535";"138 290 527";"C01";"2";"7";"0";"2";"1";"1";"1";""
"201900008535";"138 290 528";"A01";"1";"7";"0";"2";"2";"0";"0";""
"201900008536";"138 290 522";"B01";"2";"2";"0";"2";"0";"2";"1";""
"201900008536";"138 290 523";"A01";"3";"17";"0";"2";"0";"15";"1";""
"201900008537";"138 290 519";"C01";"2";"7";"0";"2";"4";"2";"1";""
"201900008537";"138 290 520";"B01";"2";"7";"14";"2";"4";"2";"1";""
"201900008537";"138 290 521";"A01";"2";"7";"14";"2";"1";"2";"1";""
"201900008538";"138 290 518";"A01";"1";"7";"0";"1";"1";"26";"1";""
"201900008539";"138 290 516";"B01";"2";"7";"0";"2";"4";"2";"1";""
"201900008539";"138 290 517";"A01";"2";"7";"0";"2";"1";"2";"1";""
"201900008540";"138 290 514";"A01";"3";"7";"0";"2";"0";"1";"0";""
"201900008540";"138 290 515";"A01";"3";"7";"0";"2";"1";"1";"1";""
"201900008541";"138 290 513";"A01";"2";"7";"8";"0";"1";"0";"1";""
"201900008542";"138 290 511";"B01";"3";"7";"0";"2";"3";"5";"1";""
"201900008542";"138 290 512";"A01";"3";"7";"0";"2";"3";"13";"1";""
"201900008543";"138 290 510";"A01";"0";"37";"0";"1";"5";"15";"1";"1"
"201900008544";"138 290 508";"Z01";"1";"7";"0";"2";"1";"1";"0";""
"201900008544";"138 290 509";"B01";"1";"7";"0";"2";"4";"1";"1";""
"201900008545";"138 290 506";"B01";"1";"7";"0";"2";"7";"0";"1";""
"201900008545";"138 290 507";"A01";"1";"7";"0";"2";"1";"0";"1";""
"201900008546";"138 290 504";"B01";"3";"1";"0";"2";"2";"1";"5";""
"201900008546";"138 290 505";"A01";"3";"7";"0";"2";"1";"9";"1";""
"201900008547";"138 290 503";"A01";"1";"7";"0";"1";"1";"1";"1";""
"201900008548";"138 290 501";"A01";"3";"33";"0";"2";"1";"3";"1";""
"201900008548";"138 290 502";"B01";"3";"7";"0";"2";"6";"15";"1";""
"201900008549";"138 290 500";"A01";"1";"7";"1";"0";"2";"14";"1";""
"201900008550";"138 290 498";"B01";"3";"20";"0";"2";"5";"1";"1";""
"201900008550";"138 290 499";"A01";"3";"33";"0";"2";"1";"9";"1";""
"201900008551";"138 290 497";"A01";"0";"7";"0";"1";"1";"1";"1";""
"201900008552";"138 290 493";"B01";"2";"2";"0";"2";"1";"1";"1";""
"201900008552";"138 290 494";"A01";"2";"7";"0";"2";"3";"9";"1";""
"201900008553";"138 290 490";"A01";"2";"7";"0";"2";"2";"15";"1";""
"201900008553";"138 290 491";"B01";"1";"7";"0";"2";"3";"1";"1";""
"201900008553";"138 290 492";"C01";"2";"7";"0";"2";"8";"0";"1";""
"201900008554";"138 290 489";"A01";"3";"7";"6";"0";"1";"16";"1";""
"201900008555";"138 290 486";"C01";"2";"7";"14";"2";"4";"2";"1";""
"201900008555";"138 290 487";"B01";"2";"7";"14";"2";"4";"2";"1";""
"201900008555";"138 290 488";"A01";"2";"7";"14";"2";"1";"2";"1";""
"201900008556";"138 290 484";"B01";"3";"7";"0";"2";"2";"1";"1";""
"201900008556";"138 290 485";"A01";"3";"1";"0";"2";"1";"19";"5";""
"201900008557";"138 290 482";"A01";"1";"32";"0";"2";"7";"17";"1";""
"201900008557";"138 290 483";"B01";"1";"7";"0";"2";"8";"1";"1";""
"201900008558";"138 290 481";"A01";"3";"36";"0";"0";"0";"14";"1";""
"201900008559";"138 290 479";"B01";"2";"1";"0";"2";"1";"1";"5";""
"201900008559";"138 290 480";"A01";"1";"7";"0";"9";"5";"15";"1";""
"201900008560";"138 290 477";"A01";"1";"2";"0";"2";"1";"1";"1";""
"201900008560";"138 290 478";"B01";"0";"7";"0";"2";"8";"16";"1";""
"201900008561";"138 290 475";"A01";"3";"2";"9";"0";"0";"16";"1";""
"201900008562";"138 290 473";"A01";"2";"31";"4";"2";"1";"1";"5";""
"201900008562";"138 290 474";"B01";"0";"7";"0";"2";"2";"15";"5";""
"201900008563";"138 290 471";"B01";"2";"7";"0";"2";"2";"1";"1";""
"201900008563";"138 290 472";"A01";"1";"33";"0";"2";"1";"13";"1";""
"201900008564";"138 290 470";"A01";"2";"33";"13";"0";"1";"14";"1";""
"201900008565";"138 290 469";"A01";"1";"7";"12";"0";"1";"1";"1";""