"Num_Acc";"id_vehicule";"num_veh";"senc";"catv";"obs";"obsm";"choc";"manv";"motor";"occutc"
"201900009394";"138 288 932";"B01";"3";"43";"0";"2";"1";"1";"1";""
"201900009394";"138 288 933";"A01";"3";"10";"0";"2";"3";"10";"1";""
"201900009395";"138 288 930";"A01";"0";"7";"0";"2";"1";"1";"1";""
"201900009395";"138 288 931";"B01";"3";"10";"0";"2";"4";"1";"1";""
"201900009396";"138 288 928";"A01";"0";"10";"0";"1";"1";"26";"1";""
"201900009397";"138 288 926";"A01";"2";"7";"0";"2";"1";"1";"1";""
"201900009397";"138 288 927";"B01";"1";"7";"0";"2";"2";"15";"1";""
"201900009398";"138 288 925";"A01";"0";"10";"0";"1";"1";"16";"1";""
"201900009399";"138 288 924";"A01";"1";"7";"0";"1";"3";"19";"6";""
"201900009400";"138 288 922";"B01";"0";"7";"0";"1";"0";"9";"1";""
"201900009400";"138 288 923";"A01";"2";"33";"1";"2";"1";"1";"1";""
"201900009401";"138 288 920";"B01";"0";"7";"0";"2";"6";"1";"1";""
"201900009401";"138 288 921";"A01";"0";"1";"0";"2";"1";"1";"5";""
"201900009402";"138 288 918";"A01";"2";"1";"0";"2";"3";"19";"5";""
"201900009402";"138 288 919";"B01";"2";"30";"0";"2";"1";"1";"1";""
"201900009403";"138 288 916";"B01";"1";"1";"0";"2";"0";"1";"5";""
"201900009403";"138 288 917";"A01";"1";"7";"0";"2";"2";"1";"1";""
"201900009404";"138 288 914";"B01";"0";"1";"0";"2";"1";"19";"5";""
"201900009404";"138 288 915";"A01";"0";"7";"0";"2";"1";"1";"1";""
"201900009405";"138 288 913";"A01";"3";"7";"0";"1";"7";"1";"1";""
"201900009406";"138 288 910";"A01";"1";"7";"0";"1";"8";"1";"1";""
"201900009407";"138 288 908";"B01";"2";"7";"0";"2";"3";"1";"1";""
"201900009407";"138 288 909";"A01";"1";"10";"0";"2";"3";"13";"1";""
"201900009408";"138 288 907";"A01";"1";"7";"0";"1";"6";"7";"1";""
"201900009409";"138 288 905";"A01";"0";"7";"0";"0";"1";"23";"1";""
"201900009409";"138 288 906";"B01";"0";"7";"0";"0";"1";"1";"1";""
"201900009410";"138 288 904";"A01";"2";"7";"14";"0";"1";"14";"1";""
"201900009411";"138 288 903";"A01";"1";"7";"2";"0";"1";"1";"1";""
"201900009412";"138 288 902";"A01";"2";"33";"13";"0";"1";"1";"1";""
"201900009413";"138 288 900";"A01";"1";"7";"0";"2";"3";"13";"1";""
"201900009413";"138 288 901";"B01";"2";"7";"0";"2";"8";"1";"1";""
"201900009414";"138 288 897";"C01";"2";"7";"0";"2";"3";"1";"1";""
"201900009414";"138 288 898";"B01";"1";"7";"0";"2";"6";"2";"1";""
"201900009414";"138 288 899";"A01";"1";"33";"0";"2";"1";"2";"1";""
"201900009415";"138 288 895";"A01";"1";"7";"0";"2";"2";"15";"1";""
"201900009415";"138 288 896";"B01";"2";"2";"0";"2";"1";"1";"1";""
"201900009416";"138 288 893";"A01";"3";"21";"0";"2";"1";"1";"1";""
"201900009416";"138 288 894";"B01";"0";"7";"0";"2";"1";"1";"1";""
"201900009417";"138 288 890";"A01";"2";"33";"0";"2";"1";"11";"1";""
"201900009417";"138 288 891";"B01";"2";"10";"0";"0";"4";"11";"1";""
"201900009417";"138 288 892";"C01";"2";"10";"0";"0";"0";"1";"1";""
"201900009418";"138 288 888";"A01";"1";"7";"0";"2";"7";"1";"1";""
"201900009418";"138 288 889";"B01";"2";"7";"0";"2";"3";"10";"1";""
"201900009419";"138 288 886";"B01";"1";"31";"0";"2";"3";"1";"1";""
"201900009419";"138 288 887";"A01";"2";"7";"0";"2";"3";"13";"1";""
"201900009420";"138 288 884";"B01";"2";"7";"0";"2";"4";"2";"1";""
"201900009420";"138 288 885";"A01";"2";"16";"0";"2";"1";"2";"1";""
"201900009421";"138 288 883";"A01";"3";"7";"0";"0";"9";"15";"1";""
"201900009422";"138 288 881";"A01";"2";"7";"0";"2";"3";"13";"1";""
"201900009422";"138 288 882";"B01";"1";"17";"0";"2";"3";"1";"1";""
"201900009423";"138 288 879";"A01";"1";"7";"0";"2";"1";"2";"1";""
"201900009423";"138 288 880";"B01";"1";"7";"0";"2";"4";"2";"1";""
"201900009424";"138 288 878";"A01";"2";"7";"8";"2";"2";"1";"0";""
"201900009425";"138 288 877";"A01";"1";"7";"0";"1";"1";"1";"0";""
"201900009426";"138 288 876";"A01";"3";"7";"0";"1";"5";"1";"1";""
"201900009427";"138 288 875";"A01";"3";"7";"0";"1";"1";"26";"0";""
"201900009428";"138 288 873";"B01";"1";"33";"0";"0";"7";"0";"1";""
"201900009428";"138 288 874";"A01";"1";"7";"0";"2";"3";"1";"1";""
"201900009429";"138 288 871";"B01";"2";"80";"0";"2";"1";"18";"3";""
"201900009429";"138 288 872";"A01";"1";"7";"0";"2";"2";"16";"1";""
"201900009430";"138 288 869";"B01";"1";"7";"0";"2";"3";"1";"1";""
"201900009430";"138 288 870";"A01";"2";"7";"0";"2";"3";"1";"1";""
"201900009431";"138 288 867";"A01";"2";"7";"0";"9";"2";"16";"6";""
"201900009431";"138 288 868";"B01";"2";"99";"0";"2";"1";"19";"5";""
"201900009432";"138 288 866";"A01";"1";"7";"0";"1";"1";"1";"1";""
"201900009433";"138 288 863";"B01";"3";"7";"0";"2";"8";"1";"1";""
"201900009433";"138 288 864";"A01";"3";"7";"0";"2";"8";"21";"1";""
"201900009434";"138 288 861";"B01";"3";"33";"0";"2";"1";"1";"1";""
"201900009434";"138 288 862";"A01";"3";"7";"0";"2";"3";"15";"1";""
"201900009435";"138 288 859";"A01";"1";"7";"0";"2";"1";"15";"1";""
"201900009435";"138 288 860";"B01";"1";"2";"0";"2";"5";"1";"1";""
"201900009436";"138 288 854";"A01";"3";"7";"0";"2";"1";"26";"1";""
"201900009436";"138 288 855";"B01";"1";"7";"0";"2";"2";"1";"1";""
"201900009436";"138 288 856";"C01";"2";"7";"0";"2";"1";"1";"1";""
"201900009437";"138 288 851";"B01";"1";"7";"0";"2";"4";"1";"1";""
"201900009437";"138 288 852";"A01";"1";"7";"0";"2";"1";"2";"1";""
"201900009438";"138 288 850";"A01";"2";"7";"0";"1";"3";"1";"1";""
"201900009439";"138 288 849";"A01";"0";"7";"0";"1";"7";"1";"1";""
"201900009440";"138 288 847";"B01";"2";"1";"0";"2";"0";"1";"5";""
"201900009440";"138 288 848";"A01";"1";"7";"0";"2";"2";"15";"1";""
"201900009441";"138 288 846";"A01";"0";"7";"0";"1";"1";"1";"1";""
"201900009442";"138 288 845";"A01";"0";"32";"0";"0";"0";"1";"1";""
"201900009443";"138 288 844";"A01";"0";"7";"0";"1";"1";"1";"1";""
"201900009444";"138 288 842";"B01";"1";"7";"0";"2";"3";"1";"1";""
"201900009444";"138 288 843";"A01";"3";"7";"0";"2";"7";"16";"1";""
"201900009445";"138 288 841";"A01";"3";"7";"13";"0";"1";"1";"1";""
"201900009446";"138 288 839";"B01";"2";"7";"0";"2";"6";"15";"1";""
"201900009446";"138 288 840";"A01";"2";"7";"0";"2";"1";"17";"1";""
"201900009447";"138 288 837";"A01";"3";"7";"0";"0";"2";"2";"1";""
"201900009447";"138 288 838";"B01";"3";"7";"0";"0";"4";"2";"1";""
"201900009448";"138 288 834";"A01";"2";"10";"0";"0";"4";"2";"1";""
"201900009448";"138 288 835";"B01";"2";"10";"1";"0";"4";"2";"1";""
"201900009448";"138 288 836";"C01";"2";"38";"1";"0";"1";"2";"1";"1"
"201900009449";"138 288 833";"A01";"2";"7";"3";"0";"1";"1";"1";""
"201900009450";"138 288 827";"F01";"2";"7";"0";"2";"1";"2";"1";""
"201900009450";"138 288 828";"E01";"2";"7";"0";"2";"1";"2";"1";""
"201900009450";"138 288 829";"D01";"2";"7";"0";"2";"1";"2";"1";""
"201900009450";"138 288 830";"C01";"2";"7";"0";"2";"5";"1";"1";""
"201900009450";"138 288 831";"B01";"2";"10";"0";"2";"6";"23";"1";""
"201900009450";"138 288 832";"A01";"2";"7";"1";"0";"1";"12";"1";""
"201900009451";"138 288 826";"A01";"3";"37";"0";"0";"0";"1";"1";"2"
"201900009452";"138 288 823";"A01";"2";"33";"0";"1";"1";"1";"1";""
"201900009453";"138 288 821";"B01";"2";"2";"0";"2";"4";"2";"1";""
"201900009453";"138 288 822";"A01";"2";"7";"0";"2";"1";"2";"1";""
"201900009454";"138 288 820";"A01";"1";"7";"0";"1";"1";"1";"1";""
"201900009455";"138 288 818";"B01";"2";"31";"0";"2";"2";"2";"1";""
"201900009455";"138 288 819";"A01";"3";"7";"0";"2";"4";"6";"1";""
"201900009456";"138 288 816";"A01";"3";"7";"0";"2";"8";"11";"1";""
"201900009456";"138 288 817";"B01";"3";"33";"0";"2";"1";"2";"1";""
"201900009457";"138 288 814";"B01";"0";"1";"0";"2";"0";"1";"5";""
"201900009457";"138 288 815";"A01";"0";"7";"0";"2";"0";"1";"1";""
"201900009458";"138 288 813";"A01";"3";"33";"0";"0";"0";"26";"1";""
"201900009459";"138 288 810";"A01";"1";"15";"0";"2";"2";"12";"1";""
"201900009459";"138 288 811";"B01";"1";"7";"0";"2";"6";"1";"1";""
"201900009459";"138 288 812";"C01";"1";"7";"0";"2";"1";"1";"1";""
"201900009460";"138 288 809";"A01";"2";"7";"0";"1";"1";"13";"1";""
"201900009461";"138 288 807";"B01";"1";"7";"0";"2";"9";"1";"1";""
"201900009461";"138 288 808";"A01";"1";"10";"0";"2";"1";"2";"1";""
"201900009462";"138 288 805";"A01";"3";"33";"0";"2";"1";"1";"1";""
"201900009462";"138 288 806";"B01";"2";"7";"0";"2";"3";"1";"0";""
"201900009463";"138 288 804";"A01";"1";"7";"4";"0";"1";"1";"1";""
"201900009464";"138 288 803";"A01";"2";"33";"7";"0";"1";"1";"1";""
"201900009465";"138 288 801";"B01";"2";"14";"0";"2";"3";"1";"1";""
"201900009465";"138 288 802";"A01";"1";"7";"0";"2";"3";"13";"1";""
"201900009466";"138 288 799";"A01";"2";"7";"0";"2";"1";"1";"1";""
"201900009466";"138 288 800";"B01";"2";"7";"0";"2";"4";"1";"1";""
"201900009467";"138 288 795";"A01";"1";"7";"0";"2";"4";"1";"1";""
"201900009467";"138 288 796";"B01";"1";"7";"0";"2";"1";"1";"1";""
"201900009467";"138 288 797";"C01";"1";"7";"0";"2";"1";"1";"1";""
"201900009467";"138 288 798";"D01";"1";"99";"0";"2";"6";"1";"1";""
"201900009468";"138 288 793";"B01";"0";"7";"0";"0";"3";"1";"1";""
"201900009468";"138 288 794";"A01";"0";"1";"0";"0";"1";"13";"5";""
"201900009469";"138 288 791";"A01";"3";"7";"0";"2";"3";"5";"1";""
"201900009469";"138 288 792";"B01";"3";"33";"0";"2";"1";"1";"1";""
"201900009470";"138 288 789";"B01";"2";"7";"0";"2";"4";"2";"0";""
"201900009470";"138 288 790";"A01";"2";"7";"0";"2";"1";"2";"0";""
"201900009471";"138 288 787";"B01";"3";"1";"0";"2";"7";"1";"5";""
"201900009471";"138 288 788";"A01";"3";"10";"0";"2";"1";"19";"1";""
"201900009472";"138 288 786";"A01";"2";"7";"2";"0";"7";"1";"1";""
"201900009473";"138 288 782";"A01";"3";"7";"0";"2";"3";"19";"1";""
"201900009473";"138 288 783";"B01";"3";"33";"0";"2";"1";"1";"1";""
"201900009474";"138 288 780";"B01";"1";"10";"0";"2";"1";"1";"1";""
"201900009474";"138 288 781";"A01";"0";"7";"0";"2";"8";"19";"1";""
"201900009475";"138 288 777";"A01";"2";"2";"10";"0";"1";"17";"1";""
"201900009476";"138 288 776";"A01";"1";"7";"0";"1";"2";"17";"1";""
"201900009477";"138 288 775";"A01";"1";"15";"0";"0";"7";"1";"1";""
"201900009478";"138 288 773";"B01";"2";"7";"0";"2";"3";"1";"1";""
"201900009478";"138 288 774";"A01";"1";"7";"0";"2";"1";"13";"1";""
"201900009479";"138 288 772";"A01";"2";"7";"13";"0";"3";"1";"0";""
"201900009480";"138 288 771";"A01";"2";"7";"13";"0";"2";"1";"6";""
"201900009481";"138 288 768";"B01";"2";"7";"0";"2";"1";"1";"1";""
"201900009481";"138 288 769";"A01";"2";"7";"0";"2";"8";"19";"1";""
"201900009482";"138 288 766";"A01";"1";"7";"2";"0";"1";"0";"1";""
"201900009483";"138 288 765";"A01";"2";"3";"15";"0";"2";"14";"1";""
"201900009484";"138 288 764";"A01";"3";"1";"14";"0";"0";"1";"5";""
"201900009485";"138 288 763";"A01";"1";"33";"0";"6";"1";"1";"1";""
"201900009486";"138 288 761";"B01";"1";"7";"0";"2";"5";"21";"1";""
"201900009486";"138 288 762";"A01";"1";"1";"0";"2";"1";"19";"5";""
"201900009487";"138 288 759";"B01";"1";"13";"0";"2";"6";"23";"1";""
"201900009487";"138 288 760";"A01";"1";"7";"0";"2";"2";"1";"1";""
"201900009488";"138 288 757";"B01";"1";"7";"0";"2";"1";"1";"1";""
"201900009488";"138 288 758";"A01";"2";"33";"0";"2";"1";"17";"1";""
"201900009489";"138 288 755";"A01";"3";"7";"0";"0";"4";"23";"0";""
"201900009489";"138 288 756";"B01";"3";"7";"0";"2";"1";"23";"0";""
"201900009490";"138 288 753";"A01";"2";"10";"0";"2";"3";"2";"1";""
"201900009490";"138 288 754";"B01";"1";"33";"0";"2";"2";"15";"1";""
"201900009491";"138 288 752";"A01";"1";"7";"0";"0";"9";"1";"1";""
"201900009492";"138 288 751";"A01";"2";"7";"0";"1";"1";"19";"0";""
"201900009493";"138 288 750";"A01";"1";"7";"0";"1";"2";"1";"1";""
"201900009494";"138 288 749";"A01";"1";"7";"2";"0";"2";"1";"1";""
"201900009495";"138 288 748";"A01";"0";"7";"8";"0";"0";"1";"0";""
"201900009496";"138 288 747";"A01";"1";"7";"1";"1";"3";"13";"1";""
"201900009497";"138 288 746";"A01";"1";"7";"0";"0";"0";"13";"1";""
"201900009498";"138 288 744";"B01";"0";"7";"5";"2";"1";"1";"0";""
"201900009498";"138 288 745";"A01";"0";"7";"5";"0";"1";"13";"0";""
"201900009499";"138 288 742";"B01";"1";"2";"0";"2";"4";"2";"1";""
"201900009499";"138 288 743";"A01";"1";"7";"0";"2";"1";"0";"1";""
"201900009500";"138 288 740";"A01";"1";"10";"0";"2";"2";"1";"1";""
"201900009500";"138 288 741";"B01";"2";"2";"0";"2";"1";"19";"1";""
"201900009501";"138 288 738";"B01";"0";"7";"0";"9";"7";"1";"1";""
"201900009501";"138 288 739";"A01";"0";"1";"0";"2";"1";"1";"5";""
"201900009502";"138 288 736";"B01";"1";"7";"0";"2";"5";"2";"1";""
"201900009502";"138 288 737";"A01";"1";"2";"0";"2";"1";"2";"1";""
"201900009503";"138 288 734";"B01";"1";"7";"0";"0";"4";"2";"1";""
"201900009503";"138 288 735";"A01";"2";"2";"0";"2";"1";"2";"1";""
"201900009504";"138 288 732";"A01";"2";"7";"0";"2";"7";"19";"1";""
"201900009504";"138 288 733";"B01";"1";"7";"0";"2";"1";"1";"1";""
"201900009505";"138 288 730";"B01";"3";"7";"0";"2";"1";"2";"1";""
"201900009505";"138 288 731";"A01";"3";"7";"0";"2";"8";"15";"1";""
"201900009506";"138 288 728";"B01";"2";"7";"0";"2";"2";"19";"1";""
"201900009506";"138 288 729";"A01";"2";"33";"0";"2";"1";"1";"1";""
"201900009507";"138 288 723";"A01";"1";"10";"0";"2";"2";"2";"1";""
"201900009507";"138 288 724";"B01";"1";"7";"0";"2";"4";"1";"1";""
"201900009507";"138 288 725";"C01";"1";"10";"0";"2";"4";"1";"1";""
"201900009507";"138 288 726";"D01";"1";"7";"0";"2";"4";"1";"1";""
"201900009507";"138 288 727";"E01";"1";"10";"0";"0";"0";"0";"1";""
"201900009508";"138 288 722";"A01";"1";"7";"3";"0";"7";"26";"0";""
"201900009509";"138 288 721";"A01";"1";"33";"0";"0";"8";"26";"0";""
"201900009510";"138 288 720";"A01";"2";"31";"0";"0";"0";"16";"0";""
"201900009511";"138 288 717";"A01";"1";"7";"0";"2";"3";"1";"1";""
"201900009511";"138 288 718";"B01";"1";"7";"0";"2";"4";"2";"1";""
"201900009511";"138 288 719";"C01";"1";"7";"0";"2";"1";"1";"1";""
"201900009512";"138 288 716";"A01";"1";"33";"0";"0";"0";"17";"1";""
"201900009513";"138 288 714";"B01";"2";"7";"0";"2";"3";"1";"1";""
"201900009513";"138 288 715";"A01";"2";"7";"0";"2";"2";"12";"1";""
"201900009514";"138 288 711";"C01";"2";"7";"0";"2";"4";"1";"1";""
"201900009514";"138 288 712";"B01";"2";"7";"0";"2";"9";"1";"1";""
"201900009514";"138 288 713";"A01";"2";"7";"0";"2";"1";"1";"1";""
"201900009515";"138 288 709";"B01";"1";"7";"0";"2";"5";"2";"1";""
"201900009515";"138 288 710";"A01";"2";"7";"0";"2";"1";"2";"1";""
"201900009516";"138 288 706";"A01";"2";"7";"0";"2";"1";"1";"0";""
"201900009516";"138 288 707";"B01";"2";"7";"0";"2";"4";"2";"0";""
"201900009516";"138 288 708";"C01";"2";"7";"0";"2";"4";"2";"0";""
"201900009517";"138 288 702";"B01";"2";"7";"0";"2";"1";"2";"1";""
"201900009517";"138 288 703";"A01";"2";"7";"0";"0";"4";"1";"1";""
"201900009518";"138 288 700";"B01";"2";"10";"0";"2";"4";"0";"1";""
"201900009518";"138 288 701";"A01";"2";"33";"0";"2";"1";"26";"1";""
"201900009519";"138 288 698";"A01";"1";"30";"0";"2";"1";"26";"1";""
"201900009519";"138 288 699";"B01";"1";"7";"0";"2";"4";"26";"1";""
"201900009520";"138 288 696";"A01";"1";"32";"0";"2";"1";"1";"1";""
"201900009520";"138 288 697";"B01";"2";"7";"0";"2";"3";"15";"2";""
"201900009521";"138 288 694";"A01";"1";"7";"0";"2";"1";"1";"1";""
"201900009521";"138 288 695";"B01";"1";"7";"0";"2";"7";"1";"1";""
"201900009522";"138 288 693";"A01";"1";"7";"0";"1";"3";"1";"1";""
"201900009523";"138 288 691";"B01";"2";"33";"0";"2";"2";"13";"1";""
"201900009523";"138 288 692";"A01";"2";"10";"0";"2";"3";"16";"1";""
"201900009524";"138 288 687";"D01";"0";"7";"0";"0";"0";"0";"1";""
"201900009524";"138 288 688";"C01";"0";"7";"0";"0";"0";"0";"1";""
"201900009524";"138 288 689";"B01";"0";"7";"0";"0";"0";"0";"1";""
"201900009524";"138 288 690";"A01";"2";"7";"1";"0";"1";"19";"1";""
"201900009525";"138 288 686";"A01";"2";"10";"0";"1";"1";"19";"1";""
"201900009526";"138 288 684";"A01";"3";"32";"0";"2";"1";"13";"1";""
"201900009526";"138 288 685";"B01";"3";"7";"0";"2";"3";"1";"1";""
"201900009527";"138 288 682";"B01";"1";"33";"0";"2";"1";"1";"1";""
"201900009527";"138 288 683";"A01";"2";"3";"0";"2";"4";"10";"1";""
"201900009528";"138 288 680";"A01";"1";"7";"0";"1";"3";"13";"1";""
"201900009529";"138 288 678";"A01";"3";"7";"0";"0";"6";"1";"1";""
"201900009529";"138 288 679";"B01";"3";"7";"0";"2";"2";"1";"1";""
"201900009530";"138 288 676";"A01";"1";"33";"0";"2";"1";"1";"6";""
"201900009530";"138 288 677";"B01";"2";"7";"0";"2";"1";"15";"0";""
"201900009531";"138 288 675";"A01";"1";"7";"0";"1";"4";"26";"1";""
"201900009532";"138 288 674";"A01";"1";"7";"0";"1";"3";"1";"1";""
"201900009533";"138 288 669";"B01";"3";"7";"0";"2";"5";"1";"1";""
"201900009533";"138 288 670";"A01";"3";"1";"0";"2";"1";"1";"6";""
"201900009534";"138 288 668";"A01";"1";"1";"16";"6";"0";"1";"5";""
"201900009535";"138 288 667";"A01";"2";"7";"8";"0";"1";"13";"1";""
"201900009536";"138 288 665";"A01";"1";"7";"1";"0";"1";"2";"1";""
"201900009536";"138 288 666";"B01";"1";"7";"1";"0";"0";"24";"1";""
"201900009537";"138 288 661";"B01";"0";"7";"0";"2";"3";"15";"0";""
"201900009537";"138 288 662";"A01";"0";"30";"0";"2";"7";"17";"1";""
"201900009538";"138 288 659";"A01";"2";"7";"0";"2";"2";"15";"1";""
"201900009538";"138 288 660";"B01";"1";"1";"0";"2";"1";"1";"5";""
"201900009539";"138 288 657";"A01";"1";"7";"0";"2";"6";"9";"1";""
"201900009539";"138 288 658";"B01";"3";"1";"0";"2";"1";"1";"5";""
"201900009540";"138 288 656";"A01";"1";"7";"6";"0";"2";"13";"1";""
"201900009541";"138 288 654";"A01";"1";"7";"0";"2";"8";"16";"1";""
"201900009541";"138 288 655";"B01";"1";"7";"0";"2";"1";"1";"1";""
"201900009542";"138 288 652";"B01";"2";"7";"13";"2";"1";"0";"1";""
"201900009542";"138 288 653";"A01";"1";"33";"0";"2";"2";"26";"1";""
"201900009543";"138 288 649";"C01";"3";"99";"1";"2";"0";"0";"0";""
"201900009543";"138 288 650";"A01";"1";"99";"0";"2";"5";"1";"1";""
"201900009543";"138 288 651";"B01";"3";"99";"1";"0";"0";"0";"0";""
"201900009544";"138 288 647";"B01";"3";"7";"1";"2";"7";"1";"1";""
"201900009544";"138 288 648";"A01";"3";"7";"0";"2";"1";"1";"1";""
"201900009545";"138 288 645";"A01";"2";"30";"0";"2";"1";"26";"1";""
"201900009545";"138 288 646";"B01";"2";"7";"0";"2";"3";"9";"1";""
"201900009546";"138 288 643";"A01";"0";"7";"0";"2";"2";"1";"1";""
"201900009546";"138 288 644";"B01";"1";"7";"0";"2";"1";"2";"1";""
"201900009547";"138 288 642";"A01";"2";"7";"3";"5";"1";"26";"1";""
"201900009548";"138 288 639";"A01";"3";"7";"1";"1";"6";"20";"1";""
"201900009549";"138 288 637";"A01";"2";"7";"0";"2";"8";"13";"1";""
"201900009549";"138 288 638";"B01";"1";"7";"0";"2";"8";"13";"1";""
"201900009550";"138 288 634";"C01";"2";"7";"0";"2";"5";"1";"1";""
"201900009550";"138 288 635";"B01";"2";"33";"0";"2";"4";"1";"1";""
"201900009550";"138 288 636";"A01";"2";"7";"0";"2";"2";"1";"1";""
"201900009551";"138 288 631";"A01";"2";"7";"0";"2";"1";"2";"1";""
"201900009551";"138 288 632";"B01";"2";"7";"0";"2";"9";"2";"1";""
"201900009551";"138 288 633";"C01";"2";"7";"0";"2";"3";"16";"1";""
"201900009552";"138 288 629";"B01";"2";"7";"0";"2";"1";"2";"1";""
"201900009552";"138 288 630";"A01";"1";"7";"8";"2";"1";"15";"1";""
"201900009553";"138 288 627";"B01";"3";"7";"0";"2";"4";"26";"0";""
"201900009553";"138 288 628";"A01";"3";"7";"0";"2";"0";"14";"0";""
"201900009554";"138 288 625";"A01";"2";"7";"0";"2";"7";"1";"1";""
"201900009554";"138 288 626";"B01";"2";"2";"0";"2";"1";"1";"1";""
"201900009555";"138 288 623";"A01";"3";"1";"0";"2";"1";"2";"5";""
"201900009555";"138 288 624";"B01";"3";"7";"0";"6";"5";"2";"1";""
"201900009556";"138 288 621";"B01";"1";"33";"0";"2";"1";"1";"1";""
"201900009556";"138 288 622";"A01";"1";"7";"0";"2";"5";"9";"1";""
"201900009557";"138 288 618";"A01";"1";"7";"0";"2";"1";"21";"1";""
"201900009557";"138 288 619";"B01";"1";"33";"0";"2";"4";"23";"1";""
"201900009557";"138 288 620";"C01";"1";"7";"0";"2";"8";"23";"1";""
"201900009558";"138 288 616";"B01";"3";"34";"0";"2";"7";"0";"1";""
"201900009558";"138 288 617";"A01";"3";"7";"0";"2";"6";"11";"1";""
"201900009559";"138 288 614";"B01";"2";"7";"0";"2";"1";"1";"1";""
"201900009559";"138 288 615";"A01";"1";"7";"0";"2";"1";"1";"1";""
"201900009560";"138 288 611";"A01";"2";"10";"0";"2";"1";"2";"1";""
"201900009560";"138 288 612";"B01";"2";"7";"0";"2";"4";"2";"1";""
"201900009560";"138 288 613";"C01";"2";"7";"0";"2";"0";"2";"1";""
"201900009561";"138 288 609";"B01";"2";"1";"0";"2";"1";"1";"5";""
"201900009561";"138 288 610";"A01";"2";"7";"0";"2";"6";"22";"2";""
"201900009562";"138 288 608";"A01";"2";"32";"0";"1";"1";"1";"1";""
"201900009563";"138 288 607";"A01";"2";"7";"0";"1";"1";"15";"1";""
"201900009564";"138 288 605";"B01";"2";"7";"1";"2";"1";"13";"1";""
"201900009564";"138 288 606";"A01";"1";"33";"0";"2";"1";"1";"1";""
"201900009565";"138 288 603";"A01";"2";"7";"0";"2";"2";"1";"1";""
"201900009565";"138 288 604";"B01";"2";"30";"0";"2";"6";"9";"1";""
"201900009566";"138 288 601";"B01";"2";"7";"0";"2";"3";"13";"1";""
"201900009566";"138 288 602";"A01";"2";"33";"0";"2";"7";"5";"1";""
"201900009567";"138 288 599";"B01";"1";"7";"0";"2";"4";"1";"1";""
"201900009567";"138 288 600";"A01";"1";"33";"0";"2";"1";"17";"1";""
"201900009568";"138 288 597";"A01";"1";"7";"0";"2";"2";"17";"1";""
"201900009568";"138 288 598";"B01";"1";"7";"0";"2";"6";"15";"1";""
"201900009569";"138 288 596";"A01";"1";"7";"0";"1";"8";"7";"1";""
"201900009570";"138 288 595";"A01";"2";"7";"0";"1";"4";"4";"1";""
"201900009571";"138 288 593";"A01";"1";"7";"0";"2";"1";"1";"1";""
"201900009571";"138 288 594";"B01";"1";"31";"0";"2";"4";"23";"1";""
"201900009572";"138 288 591";"B01";"1";"30";"16";"2";"8";"2";"0";""
"201900009572";"138 288 592";"A01";"1";"7";"16";"2";"0";"5";"0";""
"201900009573";"138 288 590";"A01";"2";"7";"2";"0";"1";"26";"1";""
"201900009574";"138 288 588";"A01";"0";"32";"0";"2";"3";"18";"0";""
"201900009574";"138 288 589";"B01";"1";"7";"0";"2";"7";"16";"0";""
"201900009575";"138 288 584";"B01";"2";"7";"0";"2";"3";"1";"1";""
"201900009575";"138 288 585";"A01";"3";"7";"0";"2";"2";"1";"1";""
"201900009576";"138 288 583";"A01";"0";"7";"0";"1";"1";"16";"1";""
"201900009577";"138 288 582";"A01";"1";"1";"0";"1";"1";"2";"5";""
"201900009578";"138 288 580";"A01";"2";"7";"0";"2";"6";"13";"0";""
"201900009578";"138 288 581";"B01";"2";"32";"0";"2";"1";"1";"0";""
"201900009579";"138 288 576";"A01";"0";"33";"0";"2";"1";"1";"0";""
"201900009579";"138 288 577";"B01";"0";"33";"0";"2";"4";"15";"0";""
"201900009580";"138 288 574";"B01";"2";"2";"0";"2";"1";"17";"1";""
"201900009580";"138 288 575";"A01";"2";"7";"0";"0";"6";"15";"1";""
"201900009581";"138 288 573";"A01";"1";"33";"4";"0";"1";"14";"1";""
"201900009582";"138 288 571";"A01";"0";"7";"0";"2";"3";"15";"1";""
"201900009582";"138 288 572";"B01";"0";"7";"0";"2";"1";"1";"1";""
"201900009583";"138 288 569";"A01";"1";"7";"0";"2";"3";"13";"1";""
"201900009583";"138 288 570";"B01";"2";"7";"0";"2";"3";"1";"1";""
"201900009584";"138 288 568";"A01";"2";"33";"0";"0";"7";"1";"1";""
"201900009585";"138 288 566";"A01";"1";"10";"0";"2";"3";"13";"1";""
"201900009585";"138 288 567";"B01";"2";"33";"0";"2";"1";"1";"1";""
"201900009586";"138 288 565";"A01";"1";"33";"3";"0";"2";"1";"1";""
"201900009587";"138 288 563";"A01";"2";"7";"0";"2";"1";"19";"1";""
"201900009587";"138 288 564";"B01";"2";"7";"0";"2";"0";"1";"1";""
"201900009588";"138 288 562";"A01";"3";"7";"0";"1";"4";"20";"1";""
"201900009589";"138 288 559";"C01";"1";"7";"0";"0";"8";"1";"0";""
"201900009589";"138 288 560";"B01";"2";"7";"0";"2";"3";"1";"6";""
"201900009589";"138 288 561";"A01";"1";"7";"0";"2";"1";"15";"6";""
"201900009590";"138 288 557";"A01";"2";"33";"0";"2";"1";"17";"1";""
"201900009590";"138 288 558";"B01";"2";"7";"0";"2";"8";"15";"1";""