"Num_Acc";"id_vehicule";"num_veh";"senc";"catv";"obs";"obsm";"choc";"manv";"motor";"occutc"
"201900010004";"138 287 839";"A01";"1";"7";"0";"2";"3";"1";"1";""
"201900010004";"138 287 840";"B01";"1";"7";"0";"2";"5";"2";"1";""
"201900010005";"138 287 837";"A01";"2";"10";"0";"6";"2";"2";"1";""
"201900010005";"138 287 838";"B01";"2";"7";"0";"6";"1";"2";"1";""
"201900010006";"138 287 835";"B01";"1";"7";"0";"2";"6";"1";"1";""
"201900010006";"138 287 836";"A01";"1";"17";"0";"2";"2";"12";"1";""
"201900010007";"138 287 831";"B01";"2";"7";"0";"2";"4";"2";"1";""
"201900010007";"138 287 832";"D01";"2";"7";"0";"2";"4";"2";"1";""
"201900010007";"138 287 833";"C01";"2";"7";"0";"2";"4";"2";"1";""
"201900010007";"138 287 834";"A01";"2";"7";"0";"2";"1";"2";"1";""
"201900010008";"138 287 830";"A01";"2";"7";"4";"2";"8";"13";"1";""
"201900010009";"138 287 828";"B01";"2";"34";"0";"2";"2";"3";"1";""
"201900010009";"138 287 829";"A01";"2";"7";"0";"2";"3";"11";"1";""
"201900010010";"138 287 826";"A01";"2";"33";"0";"2";"1";"26";"6";""
"201900010010";"138 287 827";"B01";"2";"7";"0";"2";"3";"11";"6";""
"201900010011";"138 287 824";"B01";"2";"34";"0";"2";"2";"3";"1";""
"201900010011";"138 287 825";"A01";"2";"10";"0";"2";"3";"11";"1";""
"201900010012";"138 287 822";"B01";"2";"7";"0";"2";"6";"1";"1";""
"201900010012";"138 287 823";"A01";"2";"33";"0";"2";"1";"1";"1";""
"201900010013";"138 287 821";"A01";"2";"7";"4";"0";"1";"1";"1";""
"201900010014";"138 287 820";"A01";"2";"7";"4";"0";"3";"15";"1";""
"201900010015";"138 287 819";"A01";"1";"7";"4";"0";"1";"1";"1";""
"201900010016";"138 287 816";"A01";"1";"7";"0";"2";"3";"2";"1";""
"201900010016";"138 287 817";"B01";"1";"7";"0";"2";"3";"2";"1";""
"201900010016";"138 287 818";"C01";"1";"7";"0";"2";"5";"2";"1";""
"201900010017";"138 287 815";"A01";"1";"7";"4";"0";"1";"0";"1";""
"201900010018";"138 287 811";"Z01";"2";"7";"0";"2";"3";"11";"0";""
"201900010018";"138 287 812";"B01";"2";"7";"0";"2";"5";"2";"1";""
"201900010018";"138 287 813";"C01";"2";"7";"0";"2";"4";"2";"1";""
"201900010018";"138 287 814";"D01";"2";"7";"0";"2";"1";"2";"1";""
"201900010019";"138 287 809";"Z01";"1";"0";"0";"2";"1";"2";"0";""
"201900010019";"138 287 810";"A01";"1";"7";"4";"2";"4";"2";"1";""
"201900010020";"138 287 807";"A01";"2";"15";"0";"2";"2";"12";"1";""
"201900010020";"138 287 808";"B01";"2";"7";"0";"2";"8";"1";"1";""
"201900010021";"138 287 805";"B01";"2";"33";"0";"2";"7";"3";"1";""
"201900010021";"138 287 806";"A01";"2";"7";"0";"2";"6";"11";"1";""
"201900010022";"138 287 804";"A01";"2";"7";"4";"0";"8";"1";"1";""
"201900010023";"138 287 802";"B01";"1";"7";"0";"2";"4";"2";"1";""
"201900010023";"138 287 803";"A01";"1";"7";"0";"2";"1";"2";"1";""
"201900010024";"138 287 801";"A01";"1";"7";"4";"0";"1";"21";"1";""
"201900010025";"138 287 800";"A01";"1";"7";"4";"0";"1";"0";"1";""
"201900010026";"138 287 798";"B01";"1";"7";"0";"2";"6";"1";"1";""
"201900010026";"138 287 799";"A01";"1";"34";"0";"2";"1";"17";"1";""
"201900010027";"138 287 795";"A01";"2";"7";"0";"2";"1";"2";"1";""
"201900010027";"138 287 796";"B01";"2";"7";"0";"2";"4";"2";"1";""
"201900010027";"138 287 797";"C01";"2";"7";"0";"2";"4";"2";"1";""
"201900010028";"138 287 793";"B01";"2";"7";"0";"2";"8";"0";"1";""
"201900010028";"138 287 794";"A01";"2";"15";"0";"2";"2";"12";"1";""
"201900010029";"138 287 788";"B01";"2";"10";"1";"0";"1";"2";"1";""
"201900010029";"138 287 789";"D01";"2";"7";"0";"2";"4";"23";"1";""
"201900010029";"138 287 790";"E01";"2";"7";"0";"2";"4";"23";"1";""
"201900010029";"138 287 791";"C01";"2";"7";"0";"2";"4";"23";"1";""
"201900010029";"138 287 792";"A01";"2";"7";"0";"2";"1";"2";"1";""
"201900010030";"138 287 786";"A01";"2";"7";"0";"2";"1";"2";"1";""
"201900010030";"138 287 787";"B01";"2";"7";"0";"2";"4";"2";"1";""
"201900010031";"138 287 783";"A01";"2";"10";"0";"2";"9";"1";"1";""
"201900010032";"138 287 782";"A01";"2";"7";"4";"0";"3";"0";"1";""
"201900010033";"138 287 781";"A01";"2";"7";"3";"0";"1";"14";"1";""
"201900010034";"138 287 779";"B01";"1";"7";"0";"2";"5";"1";"1";""
"201900010034";"138 287 780";"A01";"1";"33";"0";"2";"8";"3";"1";""
"201900010035";"138 287 778";"A01";"2";"7";"4";"0";"1";"9";"1";""
"201900010036";"138 287 776";"B01";"1";"10";"0";"2";"4";"1";"1";""
"201900010036";"138 287 777";"A01";"1";"10";"0";"2";"1";"17";"1";""
"201900010037";"138 287 775";"A01";"2";"32";"0";"0";"7";"2";"1";""
"201900010038";"138 287 774";"A01";"2";"7";"0";"0";"7";"14";"1";""
"201900010039";"138 287 772";"B01";"0";"33";"0";"2";"7";"2";"1";""
"201900010039";"138 287 773";"A01";"0";"7";"0";"2";"2";"15";"1";""
"201900010040";"138 287 770";"B01";"0";"32";"0";"0";"0";"0";"1";""
"201900010040";"138 287 771";"A01";"1";"13";"0";"2";"7";"15";"1";""
"201900010041";"138 287 766";"A01";"3";"32";"0";"2";"7";"17";"1";""
"201900010041";"138 287 767";"B01";"3";"7";"0";"2";"0";"0";"1";""
"201900010042";"138 287 764";"B01";"2";"7";"0";"2";"2";"15";"1";""
"201900010042";"138 287 765";"A01";"1";"7";"0";"2";"3";"1";"1";""
"201900010043";"138 287 762";"B01";"1";"1";"0";"0";"0";"15";"5";""
"201900010043";"138 287 763";"A01";"1";"7";"0";"2";"3";"15";"1";""
"201900010044";"138 287 761";"A01";"0";"30";"1";"2";"0";"1";"1";""
"201900010045";"138 287 759";"A01";"1";"7";"0";"2";"1";"15";"1";""
"201900010045";"138 287 760";"B01";"1";"80";"0";"2";"1";"0";"3";""
"201900010046";"138 287 757";"A01";"1";"7";"0";"2";"1";"9";"1";""
"201900010046";"138 287 758";"B01";"1";"1";"0";"2";"7";"1";"5";""
"201900010047";"138 287 754";"A01";"1";"7";"0";"2";"3";"15";"1";""
"201900010047";"138 287 755";"B01";"1";"7";"0";"2";"2";"5";"1";""
"201900010048";"138 287 752";"B01";"0";"7";"0";"0";"1";"0";"0";""
"201900010048";"138 287 753";"A01";"0";"2";"0";"2";"0";"1";"0";""
"201900010049";"138 287 750";"B01";"1";"7";"0";"2";"4";"1";"1";""
"201900010049";"138 287 751";"A01";"1";"7";"0";"2";"1";"1";"1";""
"201900010050";"138 287 746";"A01";"3";"7";"0";"1";"1";"1";"1";""
"201900010051";"138 287 745";"A01";"2";"10";"0";"1";"2";"15";"0";""
"201900010052";"138 287 743";"B01";"2";"17";"0";"2";"1";"1";"1";""
"201900010052";"138 287 744";"A01";"1";"7";"0";"2";"1";"14";"1";""
"201900010053";"138 287 741";"B01";"3";"1";"0";"9";"3";"15";"5";""
"201900010053";"138 287 742";"A01";"3";"7";"0";"9";"2";"1";"1";""
"201900010054";"138 287 739";"A01";"1";"30";"0";"2";"1";"1";"1";""
"201900010054";"138 287 740";"B01";"2";"7";"0";"2";"2";"15";"1";""
"201900010055";"138 287 737";"B01";"1";"7";"0";"2";"1";"2";"0";""
"201900010055";"138 287 738";"A01";"3";"7";"0";"2";"1";"13";"0";""
"201900010056";"138 287 735";"A01";"1";"34";"0";"2";"1";"1";"1";""
"201900010056";"138 287 736";"B01";"1";"7";"0";"0";"4";"1";"1";""
"201900010057";"138 287 733";"B01";"0";"7";"0";"2";"2";"15";"1";""
"201900010057";"138 287 734";"A01";"3";"7";"0";"2";"1";"1";"1";""
"201900010058";"138 287 731";"B01";"2";"7";"0";"2";"5";"15";"1";""
"201900010058";"138 287 732";"A01";"2";"31";"0";"2";"1";"1";"1";""
"201900010059";"138 287 729";"B01";"0";"1";"0";"0";"0";"0";"0";""
"201900010059";"138 287 730";"A01";"2";"7";"0";"2";"0";"16";"1";""
"201900010060";"138 287 728";"A01";"1";"33";"0";"1";"2";"1";"1";""
"201900010061";"138 287 727";"Z01";"0";"2";"0";"1";"1";"17";"1";""
"201900010062";"138 287 725";"B01";"1";"31";"0";"2";"1";"0";"1";""
"201900010062";"138 287 726";"A01";"1";"10";"0";"2";"2";"10";"1";""
"201900010063";"138 287 723";"A01";"1";"7";"0";"2";"1";"2";"1";""
"201900010063";"138 287 724";"B01";"1";"7";"0";"2";"4";"0";"1";""
"201900010064";"138 287 722";"A01";"1";"7";"0";"1";"2";"16";"1";""
"201900010065";"138 287 720";"A01";"2";"3";"0";"2";"1";"15";"1";""
"201900010065";"138 287 721";"B01";"1";"7";"0";"2";"1";"1";"1";""
"201900010066";"138 287 719";"A01";"2";"7";"0";"1";"2";"15";"1";""
"201900010067";"138 287 717";"A01";"1";"7";"0";"2";"2";"1";"1";""
"201900010067";"138 287 718";"B01";"1";"33";"8";"2";"1";"1";"1";""
"201900010068";"138 287 716";"A01";"1";"7";"14";"0";"1";"16";"1";""
"201900010069";"138 287 714";"A01";"2";"7";"0";"2";"1";"13";"1";""
"201900010069";"138 287 715";"B01";"1";"34";"0";"2";"1";"1";"1";""
"201900010070";"138 287 712";"A01";"1";"7";"0";"2";"7";"1";"1";""
"201900010070";"138 287 713";"B01";"2";"33";"0";"2";"1";"1";"1";""
"201900010071";"138 287 710";"B01";"2";"30";"0";"2";"8";"3";"1";""
"201900010071";"138 287 711";"A01";"2";"7";"0";"2";"2";"12";"1";""
"201900010072";"138 287 708";"B01";"2";"33";"0";"2";"8";"3";"1";""
"201900010072";"138 287 709";"A01";"2";"7";"0";"2";"7";"12";"1";""
"201900010073";"138 287 706";"A01";"1";"31";"0";"2";"1";"18";"1";""
"201900010073";"138 287 707";"Z01";"1";"7";"0";"2";"5";"1";"1";""
"201900010074";"138 287 704";"A01";"2";"7";"0";"2";"2";"15";"1";""
"201900010074";"138 287 705";"B01";"1";"2";"0";"2";"1";"1";"1";""
"201900010075";"138 287 702";"B01";"1";"33";"0";"2";"7";"1";"1";""
"201900010075";"138 287 703";"A01";"1";"10";"0";"2";"6";"20";"1";""
"201900010076";"138 287 700";"A01";"1";"2";"0";"2";"1";"1";"1";""
"201900010076";"138 287 701";"B01";"1";"1";"0";"2";"3";"1";"5";""
"201900010077";"138 287 698";"A01";"1";"33";"0";"2";"3";"1";"1";""
"201900010077";"138 287 699";"Z01";"1";"7";"0";"2";"5";"22";"1";""
"201900010078";"138 287 696";"B01";"1";"43";"0";"2";"1";"1";"1";""
"201900010078";"138 287 697";"A01";"2";"7";"0";"2";"3";"15";"1";""
"201900010079";"138 287 694";"B01";"2";"32";"0";"2";"2";"15";"1";""
"201900010079";"138 287 695";"A01";"1";"34";"0";"2";"1";"1";"1";""
"201900010080";"138 287 692";"A01";"2";"32";"0";"2";"1";"1";"1";""
"201900010080";"138 287 693";"B01";"1";"10";"0";"2";"3";"1";"1";""
"201900010081";"138 287 690";"B01";"2";"1";"0";"2";"1";"1";"5";""
"201900010081";"138 287 691";"A01";"1";"7";"0";"2";"7";"10";"1";""
"201900010082";"138 287 688";"A01";"1";"2";"0";"2";"1";"2";"1";""
"201900010082";"138 287 689";"B01";"1";"10";"0";"2";"5";"23";"1";""
"201900010083";"138 287 684";"A01";"2";"7";"0";"2";"0";"23";"1";""
"201900010083";"138 287 685";"B01";"2";"7";"0";"2";"4";"23";"1";""
"201900010083";"138 287 686";"C01";"2";"7";"0";"2";"9";"2";"1";""
"201900010083";"138 287 687";"D01";"2";"7";"0";"2";"1";"2";"1";""
"201900010084";"138 287 682";"A01";"2";"1";"0";"2";"2";"1";"5";""
"201900010084";"138 287 683";"B01";"0";"7";"0";"2";"3";"1";"1";""
"201900010085";"138 287 680";"B01";"1";"33";"0";"2";"2";"17";"1";""
"201900010085";"138 287 681";"A01";"1";"7";"0";"2";"3";"15";"1";""
"201900010086";"138 287 679";"A01";"3";"33";"0";"0";"6";"1";"1";""
"201900010087";"138 287 677";"A01";"1";"7";"0";"2";"3";"15";"1";""
"201900010087";"138 287 678";"B01";"1";"1";"0";"2";"2";"1";"5";""
"201900010088";"138 287 675";"C01";"1";"10";"0";"2";"7";"14";"1";""
"201900010088";"138 287 676";"D01";"1";"33";"0";"2";"8";"1";"1";""
"201900010089";"138 287 674";"A01";"0";"7";"0";"1";"3";"1";"0";""
"201900010090";"138 287 672";"A01";"3";"33";"0";"2";"1";"1";"1";""
"201900010090";"138 287 673";"B01";"3";"7";"0";"2";"7";"1";"1";""
"201900010091";"138 287 671";"A01";"1";"7";"0";"1";"2";"26";"1";""
"201900010092";"138 287 669";"A01";"1";"31";"0";"6";"1";"1";"1";""
"201900010092";"138 287 670";"B01";"1";"1";"0";"2";"8";"15";"5";""
"201900010093";"138 287 667";"A01";"3";"10";"0";"2";"2";"2";"1";""
"201900010093";"138 287 668";"B01";"2";"7";"0";"2";"3";"2";"1";""
"201900010094";"138 287 666";"A01";"2";"7";"0";"1";"1";"1";"1";""
"201900010095";"138 287 665";"A01";"3";"33";"0";"1";"1";"1";"1";""
"201900010096";"138 287 663";"B01";"1";"7";"0";"2";"8";"16";"1";""
"201900010096";"138 287 664";"A01";"1";"15";"0";"2";"0";"16";"1";""
"201900010097";"138 287 662";"A01";"3";"1";"0";"0";"0";"0";"5";""
"201900010098";"138 287 660";"B01";"0";"99";"0";"2";"3";"15";"0";""
"201900010098";"138 287 661";"A01";"0";"99";"0";"2";"1";"26";"0";""
"201900010099";"138 287 658";"B01";"0";"34";"0";"2";"1";"1";"0";""
"201900010099";"138 287 659";"A01";"0";"99";"0";"2";"2";"15";"0";""
"201900010100";"138 287 655";"C01";"2";"10";"0";"2";"3";"1";"1";""
"201900010100";"138 287 656";"B01";"1";"2";"0";"2";"1";"3";"1";""
"201900010100";"138 287 657";"A01";"1";"10";"0";"2";"3";"1";"1";""
"201900010101";"138 287 653";"B01";"1";"1";"0";"2";"1";"1";"5";""
"201900010101";"138 287 654";"A01";"0";"7";"0";"2";"7";"1";"1";""
"201900010102";"138 287 651";"A01";"3";"33";"0";"2";"1";"1";"1";""
"201900010102";"138 287 652";"B01";"3";"7";"0";"1";"5";"15";"1";""
"201900010103";"138 287 649";"B01";"1";"7";"0";"2";"8";"15";"1";""
"201900010103";"138 287 650";"A01";"1";"31";"0";"2";"1";"15";"1";""
"201900010104";"138 287 647";"B01";"1";"15";"0";"0";"8";"23";"1";""
"201900010104";"138 287 648";"A01";"1";"10";"12";"0";"4";"9";"1";""
"201900010105";"138 287 645";"B01";"1";"7";"0";"0";"2";"2";"0";""
"201900010105";"138 287 646";"A01";"1";"7";"0";"0";"6";"2";"0";""
"201900010106";"138 287 644";"A01";"2";"7";"0";"1";"1";"15";"1";""
"201900010107";"138 287 642";"A01";"1";"33";"0";"2";"3";"9";"0";""
"201900010107";"138 287 643";"B01";"1";"33";"0";"2";"7";"2";"1";""
"201900010108";"138 287 641";"A01";"1";"3";"0";"1";"3";"15";"1";""
"201900010109";"138 287 640";"A01";"2";"1";"0";"1";"1";"1";"5";""
"201900010110";"138 287 639";"A01";"2";"7";"0";"1";"2";"17";"1";""
"201900010111";"138 287 637";"B01";"3";"33";"0";"2";"4";"13";"1";""
"201900010111";"138 287 638";"A01";"3";"33";"0";"2";"1";"1";"1";""
"201900010112";"138 287 635";"Z01";"1";"10";"0";"2";"5";"14";"0";""
"201900010112";"138 287 636";"A01";"1";"2";"0";"2";"1";"1";"1";""
"201900010113";"138 287 633";"B01";"3";"2";"0";"2";"1";"1";"1";""
"201900010113";"138 287 634";"A01";"3";"10";"0";"2";"3";"9";"1";""
"201900010114";"138 287 629";"A01";"2";"7";"0";"2";"3";"13";"1";""
"201900010114";"138 287 630";"B01";"1";"7";"0";"2";"3";"1";"1";""
"201900010115";"138 287 626";"C01";"1";"7";"0";"2";"8";"1";"1";""
"201900010115";"138 287 627";"B01";"2";"7";"0";"0";"4";"15";"1";""
"201900010115";"138 287 628";"A01";"2";"7";"0";"0";"1";"1";"1";""
"201900010116";"138 287 624";"B01";"2";"7";"0";"2";"1";"1";"1";""
"201900010116";"138 287 625";"A01";"1";"7";"0";"2";"1";"13";"1";""
"201900010117";"138 287 622";"B01";"2";"10";"0";"0";"4";"1";"1";""
"201900010117";"138 287 623";"A01";"2";"10";"0";"2";"1";"12";"1";""
"201900010118";"138 287 620";"B01";"2";"33";"0";"2";"1";"1";"1";""
"201900010118";"138 287 621";"A01";"3";"7";"0";"2";"3";"9";"1";""
"201900010119";"138 287 619";"A01";"2";"7";"17";"0";"2";"1";"1";""
"201900010120";"138 287 618";"A01";"3";"7";"2";"0";"1";"1";"1";""
"201900010121";"138 287 616";"B01";"3";"7";"0";"2";"3";"0";"1";""
"201900010121";"138 287 617";"A01";"3";"7";"0";"2";"3";"0";"1";""
"201900010122";"138 287 615";"A01";"1";"7";"8";"0";"1";"1";"1";""
"201900010123";"138 287 613";"B01";"2";"7";"0";"2";"1";"1";"1";""
"201900010123";"138 287 614";"A01";"1";"7";"0";"2";"1";"13";"0";""
"201900010124";"138 287 612";"A01";"1";"43";"12";"0";"7";"1";"1";""
"201900010125";"138 287 609";"C01";"1";"7";"0";"2";"8";"1";"0";""
"201900010125";"138 287 610";"B01";"2";"7";"0";"2";"1";"1";"0";""
"201900010125";"138 287 611";"A01";"1";"7";"0";"2";"9";"13";"1";""
"201900010126";"138 287 607";"B01";"3";"7";"0";"2";"7";"1";"0";""
"201900010126";"138 287 608";"A01";"3";"7";"0";"2";"8";"1";"0";""
"201900010127";"138 287 605";"A01";"1";"7";"0";"2";"2";"1";"1";""
"201900010127";"138 287 606";"B01";"2";"7";"0";"2";"2";"1";"1";""
"201900010128";"138 287 604";"A01";"1";"7";"0";"0";"2";"14";"1";""
"201900010129";"138 287 603";"A01";"2";"7";"17";"0";"3";"0";"0";""
"201900010130";"138 287 601";"B01";"0";"7";"0";"2";"2";"1";"0";""
"201900010130";"138 287 602";"A01";"3";"20";"0";"2";"3";"9";"0";""
"201900010131";"138 287 599";"B01";"2";"33";"0";"2";"1";"1";"0";""
"201900010131";"138 287 600";"A01";"1";"7";"3";"2";"3";"1";"0";""
"201900010132";"138 287 597";"B01";"2";"7";"0";"0";"6";"1";"1";""
"201900010132";"138 287 598";"A01";"2";"33";"0";"2";"1";"2";"1";""
"201900010133";"138 287 595";"A01";"2";"7";"0";"2";"1";"1";"1";""
"201900010133";"138 287 596";"B01";"1";"7";"0";"2";"1";"1";"1";""
"201900010134";"138 287 594";"A01";"1";"7";"13";"0";"1";"1";"1";""
"201900010135";"138 287 593";"A01";"3";"1";"0";"0";"0";"13";"5";""
"201900010136";"138 287 591";"B01";"2";"33";"0";"2";"1";"26";"1";""
"201900010136";"138 287 592";"A01";"1";"7";"0";"2";"1";"15";"1";""
"201900010137";"138 287 590";"A01";"1";"7";"8";"0";"1";"1";"1";""
"201900010138";"138 287 589";"A01";"3";"7";"0";"1";"2";"1";"1";""
"201900010139";"138 287 588";"A01";"3";"7";"13";"0";"1";"0";"0";""
"201900010140";"138 287 586";"B01";"2";"7";"0";"2";"3";"1";"1";""
"201900010140";"138 287 587";"A01";"1";"7";"0";"2";"3";"1";"1";""
"201900010141";"138 287 584";"B01";"2";"10";"3";"2";"1";"1";"1";""
"201900010141";"138 287 585";"A01";"1";"7";"3";"2";"7";"13";"1";""
"201900010142";"138 287 583";"A01";"3";"7";"2";"0";"5";"21";"1";""
"201900010143";"138 287 582";"A01";"1";"2";"12";"0";"1";"0";"1";""
"201900010144";"138 287 580";"A01";"1";"33";"6";"2";"1";"13";"1";""
"201900010144";"138 287 581";"B01";"2";"7";"0";"2";"2";"1";"1";""
"201900010145";"138 287 576";"A01";"0";"21";"0";"2";"1";"1";"1";""
"201900010145";"138 287 577";"B01";"0";"2";"0";"2";"1";"1";"1";""
"201900010146";"138 287 575";"A01";"0";"7";"9";"0";"1";"1";"0";""
"201900010147";"138 287 572";"A01";"1";"7";"0";"2";"1";"23";"1";""
"201900010147";"138 287 573";"B01";"1";"7";"0";"0";"8";"23";"1";""
"201900010147";"138 287 574";"C01";"1";"7";"0";"2";"1";"2";"1";""
"201900010148";"138 287 570";"A01";"3";"7";"13";"2";"6";"9";"1";""
"201900010148";"138 287 571";"B01";"3";"7";"0";"2";"2";"1";"1";""
"201900010149";"138 287 569";"A01";"2";"7";"17";"0";"2";"1";"1";""
"201900010150";"138 287 566";"A01";"2";"7";"9";"0";"6";"9";"1";""
"201900010150";"138 287 567";"B01";"2";"7";"0";"2";"2";"1";"1";""
"201900010151";"138 287 565";"A01";"2";"7";"13";"0";"9";"14";"1";""
"201900010152";"138 287 563";"A01";"3";"7";"0";"2";"1";"1";"1";""
"201900010152";"138 287 564";"B01";"0";"10";"0";"2";"1";"1";"1";""
"201900010153";"138 287 562";"A01";"2";"7";"3";"0";"9";"1";"1";""
"201900010154";"138 287 561";"A01";"1";"7";"13";"0";"3";"1";"1";""
"201900010155";"138 287 559";"A01";"1";"7";"0";"0";"5";"15";"1";""
"201900010155";"138 287 560";"B01";"1";"2";"0";"2";"1";"0";"1";""
"201900010156";"138 287 558";"A01";"1";"7";"4";"0";"3";"1";"1";""
"201900010157";"138 287 556";"A01";"1";"7";"0";"0";"5";"13";"1";""
"201900010157";"138 287 557";"B01";"2";"7";"0";"2";"1";"1";"1";""
"201900010158";"138 287 555";"A01";"1";"7";"0";"0";"9";"26";"1";""
"201900010159";"138 287 553";"B01";"2";"7";"0";"2";"2";"17";"1";""
"201900010159";"138 287 554";"A01";"3";"10";"0";"2";"8";"15";"1";""
"201900010160";"138 287 551";"B01";"1";"7";"0";"2";"3";"9";"1";""
"201900010160";"138 287 552";"A01";"1";"2";"0";"2";"1";"1";"1";""
"201900010161";"138 287 549";"B01";"1";"7";"0";"2";"3";"5";"1";""
"201900010161";"138 287 550";"A01";"2";"7";"0";"2";"3";"21";"1";""
"201900010162";"138 287 547";"B01";"1";"7";"0";"2";"1";"0";"1";""
"201900010162";"138 287 548";"A01";"2";"7";"0";"2";"1";"0";"1";""
"201900010163";"138 287 546";"A01";"2";"10";"8";"0";"1";"1";"1";""
"201900010164";"138 287 543";"C01";"0";"13";"0";"2";"7";"23";"0";""
"201900010164";"138 287 544";"B01";"1";"7";"0";"2";"1";"1";"0";""
"201900010164";"138 287 545";"A01";"0";"7";"0";"2";"7";"19";"0";""
"201900010165";"138 287 541";"B01";"1";"7";"0";"0";"1";"1";"1";""
"201900010165";"138 287 542";"A01";"2";"7";"0";"0";"5";"26";"1";""
"201900010166";"138 287 540";"A01";"2";"31";"13";"0";"1";"13";"1";""
"201900010167";"138 287 538";"B01";"1";"7";"0";"0";"7";"1";"1";""
"201900010167";"138 287 539";"A01";"0";"7";"0";"2";"3";"16";"1";""
"201900010168";"138 287 536";"B01";"2";"33";"12";"2";"7";"13";"1";""
"201900010168";"138 287 537";"A01";"2";"7";"0";"2";"6";"20";"1";""
"201900010169";"138 287 532";"D01";"2";"7";"0";"2";"1";"2";"1";""
"201900010169";"138 287 533";"C01";"2";"7";"0";"2";"1";"26";"1";""
"201900010169";"138 287 534";"B01";"2";"7";"0";"9";"4";"21";"1";""
"201900010169";"138 287 535";"A01";"2";"10";"0";"0";"0";"23";"1";""
"201900010170";"138 287 531";"A01";"1";"7";"8";"0";"1";"1";"1";""
"201900010171";"138 287 530";"A01";"1";"7";"2";"0";"1";"0";"1";""
"201900010172";"138 287 529";"A01";"1";"15";"0";"1";"3";"1";"1";""
"201900010173";"138 287 526";"A01";"1";"7";"0";"2";"3";"13";"1";""
"201900010173";"138 287 527";"B01";"2";"7";"0";"2";"3";"1";"1";""
"201900010173";"138 287 528";"C01";"2";"7";"0";"2";"2";"1";"1";""
"201900010174";"138 287 525";"A01";"3";"50";"15";"0";"1";"1";"3";""
"201900010175";"138 287 523";"A01";"1";"33";"0";"2";"3";"13";"1";""
"201900010175";"138 287 524";"B01";"2";"7";"0";"2";"3";"1";"6";""
"201900010176";"138 287 522";"A01";"1";"7";"6";"0";"1";"1";"1";""
"201900010177";"138 287 518";"A01";"2";"7";"0";"2";"1";"1";"1";""
"201900010177";"138 287 519";"B01";"2";"7";"0";"2";"6";"1";"1";""
"201900010178";"138 287 517";"A01";"1";"7";"13";"0";"1";"15";"1";""
"201900010179";"138 287 515";"A01";"1";"7";"0";"0";"5";"12";"1";""
"201900010179";"138 287 516";"B01";"1";"34";"0";"0";"1";"26";"1";""
"201900010180";"138 287 514";"A01";"1";"33";"0";"0";"7";"0";"0";""
"201900010181";"138 287 512";"A01";"2";"7";"0";"2";"7";"12";"1";""
"201900010181";"138 287 513";"B01";"2";"34";"0";"2";"8";"3";"1";""
"201900010182";"138 287 511";"A01";"1";"31";"0";"0";"9";"1";"1";""
"201900010183";"138 287 507";"D01";"1";"14";"0";"2";"1";"2";"1";""
"201900010183";"138 287 508";"C01";"1";"7";"0";"2";"4";"2";"1";""
"201900010183";"138 287 509";"B01";"1";"7";"0";"2";"4";"2";"1";""
"201900010183";"138 287 510";"A01";"1";"7";"0";"2";"4";"2";"1";""
"201900010184";"138 287 504";"Z01";"1";"7";"0";"2";"7";"12";"0";""
"201900010184";"138 287 505";"B01";"1";"7";"0";"2";"6";"1";"1";""
"201900010184";"138 287 506";"A01";"1";"33";"0";"2";"8";"3";"1";""
"201900010185";"138 287 502";"A01";"1";"7";"0";"2";"5";"1";"1";""
"201900010185";"138 287 503";"B01";"1";"33";"0";"2";"1";"3";"1";""
"201900010186";"138 287 500";"B01";"2";"33";"0";"2";"1";"3";"1";""
"201900010186";"138 287 501";"A01";"2";"7";"0";"2";"5";"11";"1";""
"201900010187";"138 287 498";"A01";"1";"32";"0";"2";"2";"3";"1";""
"201900010187";"138 287 499";"B01";"1";"7";"0";"2";"6";"11";"1";""
"201900010188";"138 287 495";"A01";"1";"7";"0";"2";"1";"1";"1";""
"201900010188";"138 287 496";"B01";"1";"7";"0";"2";"4";"2";"1";""
"201900010188";"138 287 497";"C01";"1";"7";"3";"0";"6";"2";"1";""
"201900010189";"138 287 492";"A01";"1";"7";"4";"2";"4";"0";"1";""
"201900010189";"138 287 493";"B01";"1";"7";"0";"2";"1";"0";"1";""
"201900010189";"138 287 494";"Z01";"1";"7";"0";"2";"1";"0";"0";""
"201900010190";"138 287 490";"A01";"1";"7";"1";"0";"2";"14";"1";""
"201900010190";"138 287 491";"B01";"1";"7";"0";"2";"6";"23";"1";""
"201900010191";"138 287 489";"A01";"1";"7";"3";"0";"2";"14";"1";""
"201900010192";"138 287 486";"A01";"2";"7";"0";"2";"1";"2";"1";""
"201900010192";"138 287 487";"B01";"2";"7";"0";"2";"4";"2";"1";""
"201900010192";"138 287 488";"C01";"2";"7";"0";"2";"1";"1";"1";""
"201900010193";"138 287 485";"A01";"2";"30";"11";"0";"1";"17";"1";""
"201900010194";"138 287 483";"A01";"1";"7";"0";"2";"1";"1";"1";""
"201900010194";"138 287 484";"B01";"1";"7";"0";"2";"4";"1";"1";""
"201900010195";"138 287 478";"A01";"3";"7";"0";"1";"0";"0";"0";""
"201900010196";"138 287 477";"A01";"2";"7";"13";"0";"3";"1";"1";""
"201900010197";"138 287 476";"Z01";"2";"7";"0";"1";"3";"15";"0";""
"201900010198";"138 287 472";"D01";"2";"7";"0";"2";"4";"1";"1";""