"Num_Acc";"id_vehicule";"num_veh";"senc";"catv";"obs";"obsm";"choc";"manv";"motor";"occutc"
"201900010198";"138 287 473";"C01";"2";"7";"0";"2";"4";"1";"1";""
"201900010198";"138 287 474";"B01";"2";"10";"0";"2";"4";"1";"1";""
"201900010198";"138 287 475";"A01";"2";"10";"0";"2";"1";"1";"1";""
"201900010199";"138 287 470";"A01";"1";"7";"0";"2";"5";"26";"1";""
"201900010199";"138 287 471";"B01";"2";"31";"0";"2";"4";"1";"1";""
"201900010200";"138 287 468";"A01";"3";"7";"14";"0";"1";"9";"1";""
"201900010200";"138 287 469";"B01";"3";"7";"14";"0";"2";"1";"1";""
"201900010201";"138 287 467";"A01";"1";"7";"0";"1";"2";"1";"0";""
"201900010202";"138 287 465";"B01";"2";"7";"0";"2";"4";"23";"1";""
"201900010202";"138 287 466";"A01";"2";"7";"0";"2";"1";"1";"1";""
"201900010203";"138 287 464";"A01";"1";"7";"2";"0";"2";"14";"1";""
"201900010204";"138 287 463";"A01";"1";"7";"4";"0";"1";"1";"1";""
"201900010205";"138 287 460";"C01";"1";"7";"0";"2";"4";"2";"1";""
"201900010205";"138 287 461";"B01";"1";"7";"0";"2";"4";"2";"1";""
"201900010205";"138 287 462";"A01";"1";"7";"0";"2";"1";"2";"1";""
"201900010206";"138 287 458";"A01";"2";"7";"0";"2";"3";"1";"0";""
"201900010206";"138 287 459";"B01";"1";"1";"0";"2";"3";"15";"0";""
"201900010207";"138 287 454";"A01";"3";"7";"0";"2";"3";"9";"1";""
"201900010207";"138 287 455";"B01";"3";"50";"0";"2";"1";"1";"3";""
"201900010208";"138 287 452";"B01";"3";"32";"0";"2";"2";"1";"1";""
"201900010208";"138 287 453";"A01";"3";"7";"0";"2";"1";"15";"1";""
"201900010209";"138 287 447";"B01";"1";"30";"0";"2";"1";"19";"1";""
"201900010209";"138 287 448";"A01";"1";"7";"0";"2";"2";"15";"1";""
"201900010210";"138 287 445";"A01";"3";"7";"0";"1";"1";"1";"1";""
"201900010211";"138 287 442";"B01";"3";"10";"0";"2";"4";"2";"1";""
"201900010211";"138 287 443";"A01";"3";"30";"0";"2";"1";"2";"0";""
"201900010212";"138 287 441";"A01";"0";"1";"0";"1";"1";"25";"5";""
"201900010213";"138 287 439";"A01";"1";"2";"0";"2";"1";"2";"1";""
"201900010213";"138 287 440";"B01";"1";"7";"0";"2";"4";"2";"1";""
"201900010214";"138 287 437";"B01";"1";"7";"0";"2";"2";"15";"1";""
"201900010214";"138 287 438";"A01";"2";"30";"14";"0";"1";"21";"1";""
"201900010215";"138 287 435";"B01";"1";"1";"0";"2";"2";"0";"0";""
"201900010215";"138 287 436";"A01";"1";"7";"0";"2";"1";"1";"0";""
"201900010216";"138 287 434";"A01";"1";"1";"0";"0";"0";"26";"5";""
"201900010217";"138 287 433";"A01";"2";"7";"8";"0";"3";"14";"1";""
"201900010218";"138 287 432";"A01";"2";"7";"11";"0";"1";"14";"1";""
"201900010219";"138 287 431";"A01";"1";"7";"0";"1";"3";"1";"0";""
"201900010220";"138 287 427";"Z01";"2";"7";"0";"0";"0";"0";"0";""
"201900010220";"138 287 428";"A01";"1";"31";"0";"0";"0";"0";"0";""
"201900010221";"138 287 426";"A01";"1";"7";"0";"1";"1";"1";"1";""
"201900010222";"138 287 424";"B01";"1";"31";"0";"2";"5";"1";"1";""
"201900010222";"138 287 425";"A01";"1";"7";"0";"2";"0";"12";"1";""
"201900010223";"138 287 419";"A01";"2";"15";"0";"1";"4";"15";"1";""
"201900010224";"138 287 417";"A01";"1";"30";"0";"2";"3";"18";"1";""
"201900010224";"138 287 418";"B01";"1";"7";"0";"2";"5";"1";"1";""
"201900010225";"138 287 416";"A01";"0";"10";"0";"1";"3";"20";"1";""
"201900010226";"138 287 414";"B01";"1";"7";"0";"2";"2";"16";"1";""
"201900010226";"138 287 415";"A01";"1";"30";"0";"2";"1";"13";"1";""
"201900010227";"138 287 412";"A01";"3";"7";"0";"2";"1";"1";"1";""
"201900010227";"138 287 413";"B01";"3";"7";"0";"2";"1";"1";"1";""
"201900010228";"138 287 410";"A01";"1";"7";"0";"2";"1";"1";"1";""
"201900010228";"138 287 411";"B01";"1";"7";"0";"2";"4";"1";"1";""
"201900010229";"138 287 409";"A01";"0";"7";"0";"1";"1";"16";"1";""
"201900010230";"138 287 408";"A01";"2";"7";"1";"0";"5";"1";"1";""
"201900010231";"138 287 407";"A01";"1";"7";"0";"1";"7";"1";"1";""
"201900010232";"138 287 405";"B01";"2";"7";"0";"2";"8";"1";"1";""
"201900010232";"138 287 406";"A01";"1";"7";"0";"0";"0";"0";"1";""
"201900010233";"138 287 404";"A01";"2";"13";"0";"0";"5";"15";"1";""
"201900010234";"138 287 403";"A01";"3";"7";"0";"1";"3";"21";"1";""
"201900010235";"138 287 402";"Z01";"1";"32";"0";"1";"1";"25";"1";""
"201900010236";"138 287 401";"A01";"3";"7";"8";"1";"3";"15";"1";""
"201900010237";"138 287 400";"A01";"1";"33";"0";"1";"1";"2";"0";""
"201900010238";"138 287 399";"A01";"1";"33";"0";"2";"1";"2";"6";""
"201900010239";"138 287 397";"B01";"1";"7";"0";"2";"2";"26";"0";""
"201900010239";"138 287 398";"Z01";"1";"7";"1";"0";"1";"1";"1";""
"201900010240";"138 287 395";"B01";"2";"33";"0";"2";"8";"15";"1";""
"201900010240";"138 287 396";"A01";"2";"7";"0";"2";"7";"12";"1";""
"201900010241";"138 287 391";"B01";"1";"37";"0";"2";"8";"1";"1";"1"
"201900010241";"138 287 394";"A01";"1";"7";"0";"2";"2";"15";"1";""
"201900010242";"138 287 389";"B01";"1";"7";"0";"2";"5";"1";"1";""
"201900010242";"138 287 390";"A01";"2";"7";"0";"2";"2";"15";"1";""
"201900010243";"138 287 388";"A01";"2";"7";"0";"1";"1";"16";"0";""
"201900010244";"138 287 387";"B01";"1";"7";"0";"2";"3";"9";"1";""
"201900010245";"138 287 385";"A01";"2";"7";"0";"0";"0";"0";"0";""
"201900010245";"138 287 386";"B01";"2";"7";"14";"0";"5";"2";"1";""
"201900010246";"138 287 384";"A01";"2";"7";"0";"2";"1";"13";"1";""
"201900010246";"138 287 392";"B01";"1";"7";"0";"2";"3";"1";"1";""
"201900010246";"138 287 393";"C01";"1";"7";"0";"2";"8";"1";"1";""
"201900010247";"138 287 382";"A01";"2";"30";"0";"1";"3";"15";"0";""
"201900010247";"138 287 383";"Y01";"2";"0";"0";"2";"0";"0";"0";""
"201900010248";"138 287 381";"Z01";"1";"30";"0";"1";"1";"1";"1";""
"201900010249";"138 287 379";"B01";"2";"7";"0";"2";"8";"1";"1";""
"201900010249";"138 287 380";"A01";"1";"7";"0";"2";"3";"13";"1";""
"201900010250";"138 287 377";"B01";"3";"34";"0";"2";"4";"15";"0";""
"201900010250";"138 287 378";"A01";"3";"7";"0";"2";"1";"16";"1";""
"201900010251";"138 287 376";"A01";"1";"7";"2";"0";"8";"14";"1";""
"201900010252";"138 287 374";"B01";"2";"2";"0";"2";"7";"1";"1";""
"201900010252";"138 287 375";"A01";"2";"7";"0";"2";"6";"20";"1";""
"201900010253";"138 287 371";"C01";"3";"7";"0";"2";"1";"2";"0";""
"201900010253";"138 287 372";"B01";"3";"7";"0";"2";"4";"2";"0";""
"201900010253";"138 287 373";"A01";"3";"7";"0";"2";"5";"2";"0";""
"201900010254";"138 287 370";"A01";"2";"7";"0";"1";"1";"1";"1";""
"201900010255";"138 287 368";"A01";"3";"33";"0";"2";"0";"5";"0";""
"201900010255";"138 287 369";"B01";"3";"7";"0";"2";"2";"1";"0";""
"201900010256";"138 287 367";"A01";"1";"7";"0";"1";"1";"1";"1";""
"201900010257";"138 287 366";"A01";"2";"7";"4";"0";"3";"13";"1";""
"201900010258";"138 287 364";"B01";"1";"7";"8";"2";"8";"9";"1";""
"201900010258";"138 287 365";"A01";"3";"7";"8";"0";"2";"12";"1";""
"201900010259";"138 287 362";"B01";"2";"7";"0";"2";"3";"15";"1";""
"201900010259";"138 287 363";"A01";"1";"2";"0";"2";"1";"1";"1";""
"201900010260";"138 287 360";"A01";"1";"3";"0";"2";"0";"1";"1";""
"201900010260";"138 287 361";"B01";"2";"2";"0";"2";"1";"17";"1";""
"201900010261";"138 287 358";"B01";"1";"33";"0";"2";"7";"2";"1";""
"201900010261";"138 287 359";"A01";"1";"7";"0";"2";"8";"18";"1";""
"201900010262";"138 287 356";"A01";"2";"7";"0";"2";"8";"22";"1";""
"201900010262";"138 287 357";"B01";"2";"31";"0";"2";"1";"1";"1";""
"201900010263";"138 287 354";"B01";"3";"7";"0";"0";"3";"1";"1";""
"201900010263";"138 287 355";"A01";"3";"7";"0";"0";"3";"13";"1";""
"201900010264";"138 287 353";"A01";"3";"7";"0";"0";"3";"14";"0";""
"201900010265";"138 287 351";"A01";"2";"7";"0";"2";"3";"15";"1";""
"201900010265";"138 287 352";"B01";"2";"0";"0";"2";"0";"17";" -1";""
"201900010266";"138 287 349";"B01";"1";"7";"0";"0";"0";"2";"1";""
"201900010266";"138 287 350";"A01";"1";"30";"0";"0";"1";"2";"1";""
"201900010267";"138 287 348";"A01";"1";"7";"10";"0";"2";"1";"1";""
"201900010268";"138 287 346";"A01";"2";"7";"17";"0";"1";"14";"1";""
"201900010269";"138 287 343";"B01";"2";"7";"0";"2";"2";"15";"1";""
"201900010269";"138 287 344";"A01";"1";"34";"0";"2";"1";"2";"1";""
"201900010270";"138 287 342";"A01";"2";"7";"0";"0";"1";"1";"1";""
"201900010271";"138 287 340";"Z01";"1";"7";"0";"1";"2";"17";"1";""
"201900010271";"138 287 341";"A01";"1";"7";"0";"2";"8";"23";"1";""
"201900010272";"138 287 337";"A01";"1";"2";"0";"0";"0";"1";"1";""
"201900010273";"138 287 338";"B01";"1";"7";"0";"2";"0";"0";"1";""
"201900010273";"138 287 339";"A01";"1";"33";"0";"2";"6";"0";"1";""
"201900010274";"138 287 336";"A01";"0";"34";"0";"0";"1";"0";"1";""
"201900010275";"138 287 335";"A01";"2";"7";"8";"0";"2";"14";"1";""
"201900010276";"138 287 334";"A01";"1";"33";"13";"0";"1";"1";"1";""
"201900010277";"138 287 332";"Z01";"2";"7";"0";"2";"0";"26";"1";""
"201900010277";"138 287 333";"A01";"2";"30";"0";"2";"4";"26";"1";""
"201900010278";"138 287 329";"B01";"0";"37";"0";"2";"8";"15";"0";"1"
"201900010278";"138 287 331";"A01";"2";"7";"0";"2";"1";"17";"1";""
"201900010279";"138 287 330";"A01";"2";"32";"0";"0";"0";"1";"1";""
"201900010280";"138 287 327";"B01";"2";"7";"0";"2";"4";"15";"1";""
"201900010280";"138 287 328";"A01";"2";"99";"0";"2";"1";"26";"1";""
"201900010281";"138 287 326";"A01";"3";"36";"6";"0";"1";"14";"1";""
"201900010282";"138 287 324";"A01";"1";"7";"0";"2";"2";"15";"0";""
"201900010282";"138 287 325";"B01";"1";"2";"0";"2";"1";"1";"0";""
"201900010283";"138 287 322";"B01";"0";"7";"0";"2";"3";"1";"1";""
"201900010283";"138 287 323";"A01";"0";"7";"0";"2";"3";"1";"1";""
"201900010284";"138 287 320";"A01";"1";"7";"0";"2";"1";"9";"1";""
"201900010284";"138 287 321";"B01";"2";"7";"1";"2";"5";"2";"1";""
"201900010285";"138 287 317";"B01";"0";"7";"0";"2";"4";"2";"1";""
"201900010285";"138 287 318";"A01";"1";"7";"0";"2";"1";"2";"1";""
"201900010286";"138 287 319";"A01";"1";"33";"13";"0";"2";"1";"1";""
"201900010287";"138 287 316";"A01";"1";"33";"3";"0";"7";"1";"1";""
"201900010288";"138 287 314";"B01";"2";"3";"0";"2";"8";"0";"1";""
"201900010288";"138 287 315";"A01";"2";"32";"0";"2";"2";"1";"1";""
"201900010289";"138 287 313";"A01";"1";"33";"6";"0";"1";"26";"1";""
"201900010290";"138 287 311";"Z01";"0";"7";"1";"0";"0";"0";"0";""
"201900010290";"138 287 312";"B01";"0";"7";"1";"2";"6";"24";"1";""
"201900010291";"138 287 308";"A01";"0";"10";"0";"0";"4";"23";"1";""
"201900010291";"138 287 310";"B01";"0";"7";"0";"1";"1";"2";"1";""
"201900010292";"138 287 307";"A01";"1";"16";"0";"2";"2";"1";"1";""
"201900010292";"138 287 309";"B01";"1";"7";"0";"2";"3";"7";"1";""
"201900010293";"138 287 304";"B01";"3";"7";"0";"2";"2";"1";"1";""
"201900010293";"138 287 306";"A01";"3";"7";"0";"2";"3";"1";"1";""
"201900010294";"138 287 303";"B01";"3";"33";"0";"2";"1";"17";"0";""
"201900010294";"138 287 305";"A01";"3";"7";"0";"2";"3";"15";"0";""
"201900010295";"138 287 301";"A01";"0";"7";"0";"1";"1";"1";"1";""
"201900010296";"138 287 300";"B01";"2";"7";"0";"0";"0";"0";"1";""
"201900010296";"138 287 302";"A01";"1";"7";"0";"2";"1";"13";"1";""
"201900010297";"138 287 297";"B01";"2";"10";"0";"0";"3";"0";"0";""
"201900010297";"138 287 299";"A01";"1";"7";"0";"2";"3";"0";"0";""
"201900010298";"138 287 296";"B01";"0";"7";"0";"2";"4";"2";"1";""
"201900010298";"138 287 298";"A01";"2";"30";"0";"2";"1";"26";"1";""
"201900010299";"138 287 294";"B01";"1";"7";"0";"2";"3";"1";"1";""
"201900010299";"138 287 295";"A01";"2";"7";"0";"2";"3";"1";"1";""
"201900010300";"138 287 292";"A01";"0";"7";"0";"2";"1";"1";"1";""
"201900010300";"138 287 293";"B01";"0";"7";"0";"2";"4";"1";"1";""
"201900010301";"138 287 290";"B01";"2";"7";"0";"2";"1";"1";"6";""
"201900010301";"138 287 291";"A01";"1";"7";"0";"2";"1";"11";"6";""
"201900010302";"138 287 289";"A01";"1";"7";"2";"0";"5";"1";"1";""
"201900010303";"138 287 288";"A01";"1";"7";"13";"0";"0";"1";"1";""
"201900010304";"138 287 286";"A01";"2";"7";"0";"2";"1";"11";"0";""
"201900010304";"138 287 287";"B01";"1";"7";"0";"2";"1";"0";"6";""
"201900010305";"138 287 284";"B01";"2";"1";"0";"2";"1";"2";"2";""
"201900010305";"138 287 285";"A01";"1";"2";"0";"9";"1";"2";"1";""
"201900010306";"138 287 281";"A01";"2";"31";"0";"2";"1";"0";"1";""
"201900010306";"138 287 282";"B01";"2";"30";"0";"2";"4";"0";"1";""
"201900010306";"138 287 283";"C01";"1";"7";"0";"2";"3";"0";"1";""
"201900010307";"138 287 277";"A01";"2";"30";"0";"2";"3";"1";"1";""
"201900010307";"138 287 278";"B01";"3";"7";"0";"2";"1";"19";"1";""
"201900010307";"138 287 279";"C01";"1";"7";"0";"2";"1";"23";"1";""
"201900010308";"138 287 276";"A01";"1";"33";"0";"0";"7";"26";"1";""
"201900010309";"138 287 275";"A01";"1";"7";"10";"0";"3";"1";"1";""
"201900010310";"138 287 273";"A01";"3";"7";"0";"2";"1";"15";"1";""
"201900010310";"138 287 274";"B01";"3";"7";"0";"2";"1";"2";"1";""
"201900010311";"138 287 270";"A01";"3";"7";"0";"2";"8";"15";"1";""
"201900010311";"138 287 272";"B01";"2";"33";"0";"2";"1";"1";"1";""
"201900010312";"138 287 269";"B01";"0";"7";"0";"2";"1";"1";"1";""
"201900010312";"138 287 271";"A01";"0";"7";"0";"2";"8";"19";"1";""
"201900010313";"138 287 267";"A01";"1";"7";"0";"1";"7";"15";"1";""
"201900010314";"138 287 266";"A01";"2";"33";"0";"9";"1";"1";"1";""
"201900010314";"138 287 268";"B01";"3";"1";"0";"2";"4";"15";"5";""
"201900010315";"138 287 265";"A01";"1";"7";"13";"0";"1";"1";"1";""
"201900010316";"138 287 261";"B01";"1";"32";"0";"2";"1";"1";"1";""
"201900010316";"138 287 263";"A01";"2";"7";"0";"2";"3";"13";"1";""
"201900010317";"138 287 259";"A01";"1";"7";"0";"2";"1";"5";"1";""
"201900010317";"138 287 260";"B01";"2";"7";"0";"2";"1";"1";"1";""
"201900010318";"138 287 257";"A01";"1";"7";"0";"2";"3";"13";"1";""
"201900010318";"138 287 258";"B01";"2";"33";"0";"2";"1";"1";"1";""
"201900010319";"138 287 262";"A01";"1";"2";"13";"0";"1";"15";"1";""
"201900010320";"138 287 256";"A01";"0";"2";"0";"0";"7";"0";"1";""
"201900010321";"138 287 255";"A01";"2";"31";"0";"1";"1";"21";"1";""
"201900010322";"138 287 253";"A01";"1";"15";"2";"0";"0";"13";"1";""
"201900010322";"138 287 254";"B01";"2";"7";"0";"2";"2";"14";"1";""
"201900010323";"138 287 250";"A01";"2";"7";"0";"2";"6";"1";"1";""
"201900010323";"138 287 252";"B01";"2";"7";"0";"2";"2";"15";"1";""
"201900010324";"138 287 249";"B01";"1";"7";"4";"2";"3";"0";"1";""
"201900010324";"138 287 251";"A01";"2";"7";"0";"2";"3";"13";"1";""
"201900010325";"138 287 247";"A01";"1";"7";"15";"1";"1";"19";"1";""
"201900010326";"138 287 246";"B01";"3";"1";"0";"2";"1";"15";"5";""
"201900010326";"138 287 248";"A01";"3";"3";"0";"1";"3";"1";"0";""
"201900010327";"138 287 243";"B01";"3";"1";"0";"2";"7";"1";"0";""
"201900010327";"138 287 245";"A01";"3";"7";"0";"2";"1";"9";"1";""
"201900010328";"138 287 242";"B01";"1";"7";"0";"2";"1";"1";"1";""
"201900010328";"138 287 244";"A01";"2";"7";"0";"2";"1";"14";"1";""
"201900010329";"138 287 241";"B01";"3";"37";"0";"4";"0";"1";"1";"1"
"201900010330";"138 287 238";"A01";"3";"31";"4";"0";"1";"1";"1";""
"201900010331";"138 287 237";"A01";"3";"7";"0";"2";"6";"21";"1";""
"201900010331";"138 287 239";"B01";"3";"7";"0";"2";"6";"20";"1";""
"201900010332";"138 287 234";"B01";"3";"2";"0";"2";"1";"1";"0";""
"201900010332";"138 287 236";"A01";"3";"7";"0";"2";"7";"15";"0";""
"201900010333";"138 287 233";"B01";"1";"7";"0";"0";"0";"0";"1";""
"201900010333";"138 287 235";"A01";"2";"1";"0";"0";"0";"3";"5";""
"201900010334";"138 287 232";"A01";"3";"80";"0";"0";"3";"1";"3";""
"201900010335";"138 287 230";"A01";"3";"7";"0";"2";"7";"14";"1";""
"201900010335";"138 287 231";"A01";"2";"7";"0";"2";"2";"1";" -1";""
"201900010336";"138 287 228";"A01";"2";"1";"0";"0";"4";"2";"5";""
"201900010336";"138 287 229";"B01";"2";"7";"0";"2";"2";"2";"1";""
"201900010337";"138 287 225";"A01";"3";"7";"0";"2";"3";"15";"1";""
"201900010337";"138 287 227";"B01";"3";"2";"0";"2";"1";"1";"1";""
"201900010338";"138 287 224";"Z01";"1";"7";"0";"1";"3";"9";"1";""
"201900010339";"138 287 222";"B01";"3";"7";"0";"2";"0";"0";"0";""
"201900010339";"138 287 223";"A01";"3";"7";"0";"2";"0";"26";"0";""
"201900010340";"138 287 220";"A01";"3";"7";"14";"2";"1";"9";"1";""
"201900010340";"138 287 221";"B01";"1";"99";"14";"2";"8";"1";"0";""
"201900010341";"138 287 218";"B01";"3";"2";"0";"2";"8";"1";"1";""
"201900010341";"138 287 219";"A01";"3";"7";"0";"2";"2";"15";"1";""
"201900010342";"138 287 226";"A01";"1";"2";"2";"0";"9";"14";"1";""
"201900010343";"138 287 217";"A01";"3";"7";"0";"1";"1";"16";"0";""
"201900010344";"138 287 215";"B01";"1";"33";"0";"2";"1";"13";"1";""
"201900010344";"138 287 216";"A01";"1";"7";"0";"2";"6";"1";"1";""
"201900010345";"138 287 214";"A01";"1";"7";"8";"0";"3";"26";"1";""
"201900010346";"138 287 212";"A01";"1";"7";"15";"2";"3";"13";"1";""
"201900010346";"138 287 213";"B01";"2";"7";"7";"2";"3";"1";"1";""
"201900010347";"138 287 211";"A01";"3";"7";"0";"1";"4";"20";"1";""
"201900010348";"138 287 208";"B01";"2";"7";"0";"2";"6";"1";"1";""
"201900010348";"138 287 210";"A01";"2";"2";"0";"2";"2";"14";"1";""
"201900010349";"138 287 207";"B01";"3";"7";"0";"2";"4";"2";"1";""
"201900010349";"138 287 209";"A01";"3";"7";"0";"2";"1";"2";"1";""
"201900010350";"138 287 205";"Z01";"1";"7";"0";"1";"1";"26";"1";""
"201900010351";"138 287 204";"B01";"2";"7";"0";"2";"1";"1";"1";""
"201900010351";"138 287 206";"A01";"1";"7";"0";"2";"1";"13";"1";""
"201900010352";"138 287 200";"B01";"1";"7";"13";"2";"4";"2";"6";""
"201900010352";"138 287 202";"C01";"1";"7";"13";"2";"8";"13";"1";""
"201900010352";"138 287 203";"A01";"1";"7";"13";"2";"4";"14";"1";""
"201900010353";"138 287 198";"B01";"1";"7";"0";"2";"8";"15";"1";""
"201900010353";"138 287 199";"A01";"1";"33";"0";"2";"7";"17";"1";""
"201900010354";"138 287 197";"A01";"3";"7";"1";"0";"3";"2";"1";""
"201900010355";"138 287 194";"B01";"1";"33";"0";"2";"0";"0";"1";""
"201900010355";"138 287 195";"C01";"1";"33";"0";"2";"0";"0";"1";""
"201900010355";"138 287 196";"A01";"2";"7";"0";"2";"0";"1";"1";""
"201900010356";"138 287 192";"B01";"2";"33";"0";"2";"1";"1";"1";""
"201900010356";"138 287 193";"A01";"1";"7";"0";"2";"2";"15";"1";""
"201900010357";"138 287 191";"A01";"3";"33";"0";"2";"8";"13";"1";""
"201900010357";"138 287 201";"B01";"3";"33";"0";"2";"3";"17";"1";""
"201900010358";"138 287 190";"A01";"1";"33";"0";"1";"1";"1";"0";""
"201900010359";"138 287 186";"A01";"0";"7";"0";"0";"6";"15";"1";""
"201900010359";"138 287 189";"B01";"2";"33";"0";"2";"1";"17";"1";""
"201900010360";"138 287 187";"B01";"2";"33";"0";"2";"1";"1";"1";""
"201900010360";"138 287 188";"A01";"1";"7";"0";"2";"1";"15";"1";""
"201900010361";"138 287 184";"A01";"2";"10";"0";"1";"1";"15";"1";""
"201900010362";"138 287 185";"A01";"2";"2";"0";"0";"1";"1";"1";""
"201900010363";"138 287 182";"A01";"3";"7";"0";"2";"3";"10";"1";""
"201900010363";"138 287 183";"B01";"3";"33";"0";"2";"8";"2";"1";""
"201900010364";"138 287 180";"B01";"2";"10";"0";"2";"3";"1";"1";""
"201900010364";"138 287 181";"A01";"1";"7";"0";"2";"3";"13";"1";""
"201900010365";"138 287 177";"B01";"2";"31";"8";"2";"1";"17";"1";""
"201900010365";"138 287 178";"A01";"2";"7";"0";"0";"8";"15";"1";""
"201900010366";"138 287 175";"B01";"2";"1";"0";"0";"4";"15";"5";""
"201900010366";"138 287 176";"A01";"2";"33";"0";"0";"1";"1";"1";""
"201900010367";"138 287 173";"A01";"2";"7";"0";"2";"2";"9";"1";""
"201900010367";"138 287 174";"B01";"1";"33";"0";"2";"1";"1";"1";""
"201900010368";"138 287 179";"A01";"2";"30";"6";"0";"1";"1";"1";""
"201900010369";"138 287 170";"A01";"1";"30";"12";"0";"7";"14";"1";""
"201900010370";"138 287 168";"A01";"1";"31";"0";"2";"7";"1";"1";""
"201900010370";"138 287 169";"B01";"2";"7";"0";"2";"3";"26";"1";""
"201900010371";"138 287 171";"B01";"2";"7";"8";"2";"8";"1";"1";""
"201900010371";"138 287 172";"A01";"1";"33";"0";"2";"8";"5";"1";""
"201900010372";"138 287 165";"A01";"1";"7";"0";"2";"1";"2";"1";""
"201900010372";"138 287 166";"C01";"1";"7";"0";"2";"4";"2";"1";""
"201900010372";"138 287 167";"B01";"1";"7";"0";"2";"4";"2";"1";""
"201900010373";"138 287 163";"B01";"2";"7";"0";"2";"6";"1";"1";""
"201900010373";"138 287 164";"A01";"1";"7";"0";"2";"3";"13";"1";""
"201900010374";"138 287 162";"A01";"2";"31";"0";"4";"2";"0";"1";""
"201900010375";"138 287 161";"A01";"1";"31";"0";"0";"8";"1";"1";""
"201900010376";"138 287 160";"A01";"1";"7";"0";"1";"2";"1";"1";""
"201900010377";"138 287 159";"A01";"2";"30";"0";"0";"0";"0";"1";""
"201900010378";"138 287 157";"A01";"1";"7";"0";"2";"8";"15";"1";""
"201900010378";"138 287 158";"B01";"1";"33";"0";"2";"7";"17";"1";""
"201900010379";"138 287 153";"Z01";"1";"0";"0";"2";"2";"9";"1";""
"201900010379";"138 287 154";"A01";"1";"30";"0";"1";"7";"17";"1";""
"201900010380";"138 287 150";"A01";"2";"7";"0";"1";"1";"20";"1";""
"201900010381";"138 287 151";"B01";"1";"7";"0";"0";"6";"15";"1";""
"201900010381";"138 287 152";"A01";"1";"7";"0";"2";"1";"2";"0";""
"201900010382";"138 287 147";"B01";"3";"33";"0";"2";"1";"1";"1";""
"201900010382";"138 287 149";"A01";"0";"7";"0";"6";"3";"10";"1";""
"201900010383";"138 287 146";"B01";"1";"7";"0";"0";"6";"23";"1";""
"201900010383";"138 287 148";"A01";"1";"7";"0";"2";"2";"1";"1";""
"201900010384";"138 287 144";"B01";"1";"1";"0";"2";"8";"3";"5";""
"201900010384";"138 287 145";"A01";"2";"10";"0";"0";"1";"0";"6";""
"201900010385";"138 287 142";"A01";"2";"7";"0";"2";"3";"13";"1";""
"201900010385";"138 287 143";"B01";"1";"7";"0";"2";"3";"1";"1";""
"201900010386";"138 287 138";"A01";"2";"33";"5";"0";"8";"26";"1";""
"201900010387";"138 287 137";"A01";"1";"7";"6";"0";"1";"14";"1";""
"201900010388";"138 287 136";"A01";"2";"33";"13";"0";"2";"17";"1";""
"201900010389";"138 287 134";"B01";"2";"1";"0";"2";"1";"1";"2";""
"201900010389";"138 287 135";"A01";"1";"7";"0";"2";"7";"19";"1";""
"201900010390";"138 287 133";"A01";"1";"33";"0";"0";"7";"1";"1";""
"201900010391";"138 287 132";"A01";"1";"7";"0";"1";"3";"1";"1";""
"201900010392";"138 287 130";"B01";"2";"7";"0";"0";"1";"1";"1";""
"201900010392";"138 287 131";"A01";"1";"7";"0";"2";"3";"26";"1";""
"201900010393";"138 287 129";"A01";"0";"7";"0";"1";"2";"1";"1";""
"201900010394";"138 287 126";"B01";"1";"7";"0";"0";"4";"23";"1";""
"201900010394";"138 287 127";"C01";"2";"10";"0";"0";"3";"1";"1";""
"201900010394";"138 287 128";"A01";"1";"14";"0";"2";"1";"1";"1";""
"201900010395";"138 287 124";"B01";"1";"7";"0";"2";"1";"15";"1";""
"201900010395";"138 287 125";"G01";"2";"33";"0";"2";"1";"1";"1";""
"201900010396";"138 287 122";"B01";"1";"13";"0";"2";"3";"15";"1";""
"201900010396";"138 287 123";"A01";"1";"7";"0";"2";"1";"17";"1";""
"201900010397";"138 287 120";"B01";"2";"7";"0";"2";"0";"0";"1";""
"201900010397";"138 287 121";"A01";"2";"7";"0";"2";"1";"1";"1";""
"201900010398";"138 287 118";"B01";"0";"1";"0";"2";"2";"1";"5";""
"201900010398";"138 287 119";"A01";"3";"7";"0";"2";"3";"1";"1";""
"201900010399";"138 287 117";"A01";"1";"10";"0";"1";"7";"21";"1";""
"201900010400";"138 287 114";"A01";"1";"33";"0";"2";"1";"1";"1";""
"201900010400";"138 287 116";"B01";"2";"7";"0";"2";"3";"15";"1";""
"201900010401";"138 287 112";"C01";"1";"7";"0";"2";"1";"2";"1";""
"201900010401";"138 287 113";"B01";"1";"7";"0";"2";"1";"1";"1";""
"201900010401";"138 287 115";"A01";"2";"7";"0";"2";"1";"5";"1";""
"201900010402";"138 287 111";"A01";"1";"7";"4";"0";"3";"13";"1";""
"201900010403";"138 287 108";"B01";"3";"1";"0";"2";"7";"1";"5";""
"201900010403";"138 287 110";"A01";"0";"99";"0";"9";"1";"15";"1";""
"201900010404";"138 287 106";"A01";"2";"7";"0";"2";"7";"22";"1";""
"201900010404";"138 287 107";"B01";"2";"33";"0";"2";"3";"3";"1";""
"201900010404";"138 287 109";"C01";"2";"7";"0";"2";"4";"1";"2";""
"201900010405";"138 287 103";"B01";"2";"33";"0";"2";"2";"1";"1";""