"Num_Acc";"id_vehicule";"num_veh";"senc";"catv";"obs";"obsm";"choc";"manv";"motor";"occutc"
"201900011020";"138 286 014";"B01";"3";"34";"0";"2";"1";"1";"1";""
"201900011020";"138 286 015";"A01";"3";"7";"0";"2";"1";"19";"1";""
"201900011021";"138 286 013";"A01";"2";"7";"1";"0";"1";"13";"1";""
"201900011022";"138 286 011";"A01";"2";"13";"0";"2";"7";"17";"0";""
"201900011022";"138 286 012";"B01";"2";"7";"0";"2";"6";"23";"0";""
"201900011023";"138 286 009";"A01";"1";"7";"0";"2";"1";"19";"1";""
"201900011023";"138 286 010";"B01";"2";"34";"0";"2";"7";"1";"1";""
"201900011024";"138 286 008";"A01";"1";"7";"0";"1";"1";"1";"1";""
"201900011025";"138 286 006";"A01";"1";"7";"0";"1";"2";"26";"0";""
"201900011026";"138 286 005";"A01";"3";"7";"0";"1";"2";"26";"1";""
"201900011027";"138 286 004";"A01";"0";"7";"0";"1";"1";"1";"1";""
"201900011028";"138 286 002";"B01";"2";"7";"0";"2";"1";"1";"0";""
"201900011028";"138 286 003";"A01";"1";"7";"0";"2";"1";"15";"1";""
"201900011029";"138 286 001";"A01";"2";"7";"11";"0";"3";"1";"1";""
"201900011030";"138 286 000";"A01";"1";"7";"0";"1";"1";"1";"1";""
"201900011031";"138 285 997";"A01";"1";"7";"0";"2";"1";"2";"1";""
"201900011031";"138 285 998";"B01";"1";"7";"0";"2";"4";"2";"1";""
"201900011031";"138 285 999";"C01";"1";"7";"0";"2";"4";"23";"1";""
"201900011032";"138 285 995";"A01";"1";"7";"0";"2";"3";"15";"1";""
"201900011032";"138 285 996";"B01";"1";"7";"0";"2";"1";"1";"1";""
"201900011033";"138 285 994";"A01";"1";"33";"0";"0";"1";"1";"1";""
"201900011034";"138 285 992";"A01";"1";"7";"0";"2";"6";"11";"1";""
"201900011034";"138 285 993";"B01";"1";"33";"0";"2";"2";"3";"1";""
"201900011035";"138 285 991";"A01";"1";"37";"0";"1";"1";"7";"2";"1"
"201900011036";"138 285 990";"A01";"1";"1";"0";"1";"8";"7";"5";""
"201900011037";"138 285 988";"A01";"2";"50";"0";"2";"3";"18";"3";""
"201900011037";"138 285 989";"B01";"2";"7";"0";"2";"5";"23";"2";""
"201900011038";"138 285 986";"A01";"2";"7";"0";"2";"7";"22";"1";""
"201900011038";"138 285 987";"B01";"2";"1";"0";"2";"1";"1";"5";""
"201900011039";"138 285 984";"B01";"1";"7";"0";"2";"4";"2";"1";""
"201900011039";"138 285 985";"A01";"1";"7";"0";"2";"4";"23";"1";""
"201900011040";"138 285 983";"Z01";"2";"30";"0";"1";"1";"5";"0";""
"201900011041";"138 285 981";"B01";"2";"80";"0";"2";"3";"1";"2";""
"201900011041";"138 285 982";"A01";"1";"43";"0";"2";"3";"15";"1";""
"201900011042";"138 285 979";"Z01";"2";"10";"0";"2";"0";"10";"1";""
"201900011042";"138 285 980";"A01";"1";"30";"0";"2";"7";"1";"3";""
"201900011043";"138 285 978";"A01";"2";"7";"0";"1";"2";"16";"1";""
"201900011044";"138 285 977";"A01";"2";"7";"0";"1";"7";"1";"2";""
"201900011045";"138 285 975";"A01";"1";"7";"0";"2";"7";"1";"2";""
"201900011045";"138 285 976";"B01";"2";"2";"0";"2";"1";"1";"1";""
"201900011046";"138 285 973";"B01";"1";"33";"0";"2";"0";"17";"1";""
"201900011046";"138 285 974";"A01";"1";"7";"0";"2";"0";"13";"1";""
"201900011047";"138 285 971";"B01";"2";"7";"0";"2";"8";"1";"1";""
"201900011047";"138 285 972";"A01";"1";"33";"0";"2";"3";"17";"1";""
"201900011048";"138 285 969";"A01";"2";"10";"0";"1";"7";"1";"1";""
"201900011049";"138 285 968";"A01";"1";"1";"0";"1";"2";"1";"5";""
"201900011050";"138 285 967";"A01";"2";"50";"0";"0";"1";"1";"3";""
"201900011051";"138 285 965";"A01";"1";"43";"0";"2";"3";"9";"1";""
"201900011051";"138 285 966";"B01";"1";"37";"0";"2";"2";"16";"1";"1"
"201900011052";"138 285 963";"B01";"3";"7";"0";"9";"2";"9";"0";""
"201900011052";"138 285 964";"A01";"1";"50";"0";"2";"2";"1";"3";""
"201900011053";"138 285 960";"A01";"1";"7";"0";"1";"1";"26";"0";""
"201900011054";"138 285 958";"A01";"3";"30";"0";"2";"1";"9";"1";""
"201900011054";"138 285 959";"B01";"3";"32";"0";"2";"8";"1";"1";""
"201900011055";"138 285 956";"B01";"2";"33";"0";"2";"1";"1";"1";""
"201900011055";"138 285 957";"A01";"1";"7";"0";"2";"5";"15";"1";""
"201900011056";"138 285 955";"A01";"1";"3";"0";"1";"2";"16";"1";""
"201900011057";"138 285 953";"B01";"1";"33";"0";"2";"1";"1";"1";""
"201900011057";"138 285 954";"A01";"2";"7";"0";"2";"2";"15";"1";""
"201900011058";"138 285 951";"A01";"1";"7";"0";"2";"2";"15";"1";""
"201900011058";"138 285 952";"B01";"2";"33";"0";"2";"1";"1";"1";""
"201900011059";"138 285 949";"A01";"2";"10";"0";"2";"1";"15";"1";""
"201900011059";"138 285 950";"B01";"1";"33";"0";"2";"1";"1";"1";""
"201900011060";"138 285 948";"A01";"1";"7";"0";"1";"1";"1";"1";""
"201900011061";"138 285 946";"A01";"2";"7";"1";"2";"2";"17";"1";""
"201900011061";"138 285 947";"B01";"2";"10";"1";"2";"6";"24";"1";""
"201900011062";"138 285 944";"B01";"1";"3";"0";"2";"3";"15";"0";""
"201900011062";"138 285 945";"A01";"1";"30";"0";"2";"8";"17";"0";""
"201900011063";"138 285 942";"A01";"3";"30";"1";"0";"1";"1";"1";""
"201900011063";"138 285 943";"B01";"3";"7";"1";"0";"3";"26";"1";""
"201900011064";"138 285 940";"B01";"1";"7";"0";"2";"7";"1";"1";""
"201900011064";"138 285 941";"A01";"1";"7";"0";"2";"8";"11";"1";""
"201900011065";"138 285 939";"A01";"1";"7";"0";"1";"3";"1";"1";""
"201900011066";"138 285 937";"B01";"3";"14";"0";"2";"6";"23";"1";""
"201900011066";"138 285 938";"A01";"3";"13";"0";"0";"0";"0";"1";""
"201900011067";"138 285 931";"A01";"3";"7";"0";"2";"6";"1";"1";""
"201900011067";"138 285 932";"B01";"3";"7";"0";"2";"6";"1";"1";""
"201900011067";"138 285 933";"C01";"3";"7";"0";"2";"6";"1";"1";""
"201900011067";"138 285 934";"D01";"3";"7";"0";"2";"4";"0";"1";""
"201900011067";"138 285 935";"E01";"3";"7";"0";"2";"6";"1";"1";""
"201900011067";"138 285 936";"F01";"3";"7";"0";"2";"1";"1";"1";""
"201900011068";"138 285 930";"A01";"1";"7";"0";"1";"3";"1";"1";""
"201900011069";"138 285 929";"A01";"2";"7";"0";"1";"2";"21";"1";""
"201900011070";"138 285 928";"A01";"1";"7";"8";"0";"2";"16";"0";""
"201900011071";"138 285 927";"A01";"1";"33";"0";"2";"8";"17";"1";""
"201900011072";"138 285 925";"B01";"1";"60";"0";"2";"8";"19";"5";""
"201900011072";"138 285 926";"A01";"1";"7";"0";"1";"1";"1";"0";""
"201900011073";"138 285 923";"B01";"1";"7";"0";"2";"2";"15";"1";""
"201900011073";"138 285 924";"A01";"2";"32";"0";"2";"1";"1";"1";""
"201900011074";"138 285 921";"B01";"1";"7";"0";"2";"3";"15";"1";""
"201900011074";"138 285 922";"A01";"1";"7";"0";"2";"1";"1";"1";""
"201900011075";"138 285 920";"A01";"1";"99";"0";"1";"3";"19";"1";""
"201900011076";"138 285 918";"A01";"3";"7";"0";"2";"0";"9";"1";""
"201900011076";"138 285 919";"B01";"3";"32";"0";"2";"0";"1";"0";""
"201900011077";"138 285 916";"A01";"1";"3";"0";"2";"3";"2";"1";""
"201900011077";"138 285 917";"B01";"2";"32";"1";"2";"3";"11";"1";""
"201900011078";"138 285 914";"B01";"2";"33";"0";"0";"1";"9";"1";""
"201900011078";"138 285 915";"A01";"2";"34";"0";"0";"3";"9";"1";""
"201900011079";"138 285 912";"B01";"2";"1";"0";"2";"8";"1";"5";""
"201900011079";"138 285 913";"A01";"2";"14";"0";"2";"7";"16";"1";""
"201900011080";"138 285 910";"A01";"1";"30";"0";"2";"7";"3";"0";""
"201900011080";"138 285 911";"B01";"1";"0";"0";"0";"0";"0";"0";""
"201900011081";"138 285 908";"B01";"2";"33";"0";"2";"8";"9";"1";""
"201900011081";"138 285 909";"A01";"2";"7";"0";"2";"2";"1";"1";""
"201900011082";"138 285 906";"A01";"2";"32";"0";"2";"8";"14";"1";""
"201900011082";"138 285 907";"B01";"2";"7";"0";"2";"2";"16";"1";""
"201900011083";"138 285 904";"A01";"1";"7";"0";"2";"3";"23";"1";""
"201900011083";"138 285 905";"B01";"1";"2";"1";"0";"7";"17";"3";""
"201900011084";"138 285 903";"A01";"1";"7";"0";"5";"7";"1";"1";""
"201900011085";"138 285 901";"B01";"1";"10";"0";"2";"3";"1";"1";""
"201900011085";"138 285 902";"A01";"2";"2";"0";"2";"1";"13";"1";""
"201900011086";"138 285 899";"B01";"3";"7";"0";"2";"7";"1";"1";""
"201900011086";"138 285 900";"A01";"3";"60";"0";"2";"0";"9";"5";""
"201900011087";"138 285 898";"A01";"1";"2";"0";"0";"0";"1";"1";""
"201900011088";"138 285 896";"B01";"1";"7";"0";"2";"2";"17";"1";""
"201900011088";"138 285 897";"A01";"1";"7";"0";"2";"6";"2";"1";""
"201900011089";"138 285 894";"B01";"1";"33";"0";"0";"4";"2";"1";""
"201900011089";"138 285 895";"A01";"1";"7";"0";"2";"1";"2";"1";""
"201900011090";"138 285 892";"D01";"1";"10";"3";"1";"6";"23";"0";""
"201900011090";"138 285 893";"A01";"1";"10";"1";"1";"2";"2";"1";""
"201900011091";"138 285 891";"A01";"2";"7";"7";"0";"1";"16";"6";""
"201900011092";"138 285 889";"A01";"1";"10";"0";"2";"1";"1";"1";""
"201900011092";"138 285 890";"B01";"2";"7";"0";"2";"1";"1";"1";""
"201900011093";"138 285 887";"B01";"1";"7";"0";"2";"3";"1";"0";""
"201900011093";"138 285 888";"A01";"2";"7";"0";"2";"3";"1";"0";""
"201900011094";"138 285 885";"A01";"2";"7";"0";"2";"0";"15";"1";""
"201900011094";"138 285 886";"B01";"0";"2";"0";"2";"0";"15";"1";""
"201900011095";"138 285 883";"B01";"1";"7";"0";"0";"3";"1";"1";""
"201900011095";"138 285 884";"A01";"2";"7";"0";"0";"3";"1";"1";""
"201900011096";"138 285 882";"A01";"3";"7";"0";"1";"2";"0";"0";""
"201900011097";"138 285 881";"A01";"2";"33";"0";"0";"6";"1";"1";""
"201900011098";"138 285 879";"A01";"2";"2";"0";"2";"1";"13";"1";""
"201900011098";"138 285 880";"B01";"1";"7";"0";"2";"1";"1";"1";""
"201900011099";"138 285 877";"B01";"1";"1";"0";"2";"4";"2";"5";""
"201900011099";"138 285 878";"A01";"1";"7";"0";"2";"2";"2";"1";""
"201900011100";"138 285 876";"A01";"2";"7";"8";"0";"9";"1";"0";""
"201900011101";"138 285 875";"A01";"3";"7";"6";"0";"1";"1";"1";""
"201900011102";"138 285 874";"A01";"1";"7";"0";"5";"1";"1";"1";""
"201900011103";"138 285 872";"A01";"3";"7";"0";"2";"8";"1";"1";""
"201900011103";"138 285 873";"B01";"3";"1";"1";"2";"9";"15";"5";""
"201900011104";"138 285 871";"A01";"1";"7";"13";"0";"0";"1";"0";""
"201900011105";"138 285 868";"C01";"1";"7";"0";"2";"8";"1";"0";""
"201900011105";"138 285 869";"A01";"2";"7";"0";"2";"3";"13";"0";""
"201900011105";"138 285 870";"B01";"1";"7";"0";"2";"1";"1";"0";""
"201900011106";"138 285 866";"A01";"3";"7";"6";"2";"3";"1";"1";""
"201900011106";"138 285 867";"B01";"3";"15";"0";"2";"3";"1";"1";""
"201900011107";"138 285 864";"B01";"2";"7";"0";"2";"1";"17";"1";""
"201900011107";"138 285 865";"A01";"1";"34";"0";"2";"1";"1";"1";""
"201900011108";"138 285 862";"A01";"2";"7";"17";"0";"2";"14";"1";""
"201900011109";"138 285 860";"B01";"1";"2";"0";"2";"1";"1";"1";""
"201900011109";"138 285 861";"A01";"1";"7";"0";"2";"8";"19";"1";""
"201900011110";"138 285 858";"A01";"0";"7";"0";"9";"2";"2";"0";""
"201900011110";"138 285 859";"B01";"0";"1";"0";"2";"4";"2";"5";""
"201900011111";"138 285 857";"A01";"0";"33";"0";"0";"7";"0";"1";""
"201900011112";"138 285 856";"A01";"2";"7";"2";"0";"3";"1";"0";""
"201900011113";"138 285 855";"A01";"0";"7";"11";"0";"2";"1";"1";""
"201900011114";"138 285 853";"B01";"2";"7";"0";"2";"2";"2";"1";""
"201900011114";"138 285 854";"A01";"2";"13";"0";"0";"6";"20";"1";""
"201900011115";"138 285 851";"A01";"1";"33";"0";"0";"0";"13";"0";""
"201900011115";"138 285 852";"B01";"3";"7";"0";"2";"1";"1";"1";""
"201900011116";"138 285 850";"A01";"2";"31";"0";"0";"0";"1";"1";""
"201900011117";"138 285 847";"A01";"1";"7";"0";"0";"4";"23";"1";""
"201900011117";"138 285 848";"B01";"1";"7";"0";"2";"1";"1";"1";""
"201900011117";"138 285 849";"C01";"1";"7";"0";"2";"1";"1";"1";""
"201900011118";"138 285 846";"A01";"3";"7";"13";"0";"2";"1";"1";""
"201900011119";"138 285 843";"C01";"1";"7";"0";"0";"2";"1";"1";""
"201900011119";"138 285 844";"B01";"2";"10";"0";"2";"1";"1";"1";""
"201900011119";"138 285 845";"A01";"1";"2";"0";"2";"1";"13";"1";""
"201900011120";"138 285 842";"A01";"1";"7";"2";"0";"1";"1";"1";""
"201900011121";"138 285 841";"A01";"3";"7";"2";"0";"2";"1";"1";""
"201900011122";"138 285 839";"A01";"3";"2";"0";"2";"3";"1";"1";""
"201900011122";"138 285 840";"B01";"3";"7";"0";"2";"2";"19";"1";""
"201900011123";"138 285 838";"A01";"2";"7";"6";"0";"2";"1";"1";""
"201900011124";"138 285 837";"A01";"0";"7";"9";"0";"1";"1";"1";""
"201900011125";"138 285 836";"A01";"3";"7";"8";"0";"1";"1";"1";""
"201900011126";"138 285 834";"B01";"1";"13";"0";"2";"3";"1";"1";""
"201900011126";"138 285 835";"A01";"2";"7";"0";"2";"3";"13";"1";""
"201900011127";"138 285 833";"A01";"3";"7";"0";"1";"3";"1";"1";""
"201900011128";"138 285 832";"A01";"3";"7";"16";"9";"1";"2";"1";""
"201900011129";"138 285 830";"B01";"3";"7";"0";"2";"8";"1";"1";""
"201900011129";"138 285 831";"A01";"3";"7";"0";"2";"1";"1";"1";""
"201900011130";"138 285 828";"A01";"3";"7";"0";"2";"5";"4";"0";""
"201900011130";"138 285 829";"B01";"3";"2";"0";"2";"2";"1";"0";""
"201900011131";"138 285 827";"A01";"0";"7";"8";"0";"1";"1";"1";""
"201900011132";"138 285 826";"A01";"3";"7";"8";"0";"2";"14";"1";""
"201900011133";"138 285 825";"A01";"1";"7";"0";"1";"2";"1";"1";""
"201900011134";"138 285 824";"A01";"2";"7";"0";"1";"1";"1";"1";""
"201900011135";"138 285 821";"A01";"1";"7";"0";"2";"3";"1";"1";""
"201900011135";"138 285 822";"B01";"2";"7";"0";"2";"3";"1";"1";""
"201900011136";"138 285 820";"A01";"2";"7";"9";"0";"1";"13";"1";""
"201900011137";"138 285 818";"B01";"1";"7";"0";"2";"3";"15";"1";""
"201900011137";"138 285 819";"A01";"1";"33";"0";"2";"7";"17";"1";""
"201900011138";"138 285 817";"A01";"2";"7";"9";"0";"1";"2";"1";""
"201900011139";"138 285 815";"B01";"2";"7";"0";"2";"1";"1";"1";""
"201900011139";"138 285 816";"A01";"2";"7";"0";"2";"4";"1";"1";""
"201900011140";"138 285 812";"A01";"1";"7";"0";"2";"1";"2";"1";""
"201900011140";"138 285 813";"B01";"1";"7";"0";"2";"4";"2";"1";""
"201900011140";"138 285 814";"C01";"1";"7";"0";"2";"4";"2";"1";""
"201900011141";"138 285 811";"A01";"2";"3";"0";"0";"8";"17";"1";""
"201900011142";"138 285 808";"Z01";"2";"99";"0";"0";"0";"0";"0";""
"201900011142";"138 285 809";"C01";"2";"10";"0";"2";"8";"1";"1";""
"201900011142";"138 285 810";"B01";"2";"33";"0";"2";"0";"0";"1";""
"201900011143";"138 285 807";"A01";"1";"7";"4";"0";"3";"1";"1";""
"201900011144";"138 285 805";"B01";"2";"43";"0";"2";"8";"3";"1";""
"201900011144";"138 285 806";"A01";"2";"7";"0";"2";"2";"12";"1";""
"201900011145";"138 285 803";"A01";"2";"7";"0";"2";"1";"1";"1";""
"201900011145";"138 285 804";"B01";"2";"7";"0";"2";"4";"2";"1";""
"201900011146";"138 285 801";"B01";"1";"32";"0";"2";"3";"3";"1";""
"201900011146";"138 285 802";"A01";"1";"7";"0";"2";"2";"12";"1";""
"201900011147";"138 285 798";"A01";"3";"10";"0";"2";"1";"2";"1";""
"201900011147";"138 285 799";"B01";"3";"7";"0";"2";"4";"2";"1";""
"201900011147";"138 285 800";"C01";"3";"7";"0";"2";"4";"2";"1";""
"201900011148";"138 285 795";"A01";"1";"7";"0";"2";"1";"2";"1";""
"201900011148";"138 285 796";"C01";"1";"7";"0";"2";"4";"2";"1";""
"201900011148";"138 285 797";"B01";"1";"7";"0";"2";"4";"2";"1";""
"201900011149";"138 285 794";"A01";"1";"10";"0";"1";"2";"2";"1";""
"201900011150";"138 285 792";"A01";"1";"7";"0";"2";"4";"2";"1";""
"201900011150";"138 285 793";"B01";"1";"7";"0";"2";"1";"2";"1";""
"201900011151";"138 285 789";"B01";"1";"7";"0";"2";"3";"2";"1";""
"201900011151";"138 285 790";"C01";"1";"7";"0";"2";"3";"21";"1";""
"201900011151";"138 285 791";"A01";"1";"7";"0";"2";"5";"1";"1";""
"201900011152";"138 285 787";"A01";"2";"7";"0";"2";"6";"1";"1";""
"201900011152";"138 285 788";"B01";"2";"7";"0";"2";"2";"1";"1";""
"201900011153";"138 285 785";"B01";"0";"7";"0";"2";"3";"20";"1";""
"201900011153";"138 285 786";"A01";"3";"7";"0";"2";"2";"1";"1";""
"201900011154";"138 285 782";"A01";"2";"10";"0";"2";"1";"19";"1";""
"201900011154";"138 285 783";"B01";"2";"10";"0";"2";"8";"1";"1";""
"201900011155";"138 285 780";"B01";"1";"10";"0";"2";"4";"1";"1";""
"201900011155";"138 285 781";"A01";"1";"10";"0";"2";"1";"1";"1";""
"201900011156";"138 285 777";"A01";"1";"37";"0";"1";"2";"1";"1";"1"
"201900011157";"138 285 776";"A01";"3";"7";"0";"1";"1";"1";"1";""
"201900011158";"138 285 773";"C01";"2";"7";"0";"2";"4";"1";"1";""
"201900011158";"138 285 774";"B01";"2";"7";"0";"2";"4";"1";"1";""
"201900011158";"138 285 775";"A01";"2";"7";"0";"2";"1";"1";"1";""
"201900011159";"138 285 771";"Z01";"1";"30";"0";"2";"0";"0";"0";""
"201900011159";"138 285 772";"A01";"1";"30";"0";"2";"8";"1";"1";""
"201900011160";"138 285 770";"A01";"2";"32";"0";"1";"1";"1";"1";""
"201900011161";"138 285 769";"A01";"1";"7";"8";"0";"2";"1";"0";""
"201900011162";"138 285 768";"A01";"1";"7";"0";"1";"3";"1";"1";""
"201900011163";"138 285 767";"A01";"2";"7";"0";"1";"2";"1";"1";""
"201900011164";"138 285 765";"B01";"1";"30";"0";"2";"1";"26";"1";""
"201900011164";"138 285 766";"A01";"1";"7";"0";"2";"3";"15";"1";""
"201900011165";"138 285 763";"A01";"1";"7";"0";"2";"3";"10";"1";""
"201900011165";"138 285 764";"B01";"2";"2";"0";"2";"1";"26";"1";""
"201900011166";"138 285 761";"A01";"1";"7";"0";"2";"4";"23";"1";""
"201900011166";"138 285 762";"B01";"1";"2";"0";"2";"1";"1";"1";""
"201900011167";"138 285 759";"B01";"3";"10";"0";"2";"6";"0";"0";""
"201900011167";"138 285 760";"A01";"3";"31";"0";"2";"6";"26";"1";""
"201900011168";"138 285 757";"B01";"2";"30";"0";"2";"1";"17";"1";""
"201900011168";"138 285 758";"A01";"1";"7";"0";"2";"3";"13";"1";""
"201900011169";"138 285 755";"B01";"1";"50";"0";"2";"1";"2";"3";""
"201900011169";"138 285 756";"A01";"1";"10";"0";"1";"4";"1";"0";""
"201900011170";"138 285 753";"B01";"2";"7";"0";"2";"2";"1";"1";""
"201900011170";"138 285 754";"A01";"1";"7";"0";"2";"1";"1";"1";""
"201900011171";"138 285 752";"A01";"1";"1";"0";"1";"1";"2";"5";""
"201900011172";"138 285 750";"A01";"1";"7";"0";"2";"6";"23";"1";""
"201900011172";"138 285 751";"B01";"2";"7";"0";"2";"1";"1";"1";""
"201900011173";"138 285 748";"A01";"1";"7";"0";"2";"1";"19";"1";""
"201900011173";"138 285 749";"B01";"1";"30";"0";"2";"0";"1";"1";""
"201900011174";"138 285 745";"C01";"1";"7";"1";"2";"1";"2";"1";""
"201900011174";"138 285 746";"B01";"1";"7";"1";"0";"2";"2";"1";""
"201900011174";"138 285 747";"A01";"1";"7";"1";"0";"4";"2";"0";""
"201900011175";"138 285 744";"A01";"3";"7";"0";"1";"2";"1";"1";""
"201900011176";"138 285 743";"A01";"1";"7";"0";"1";"1";"1";"1";""
"201900011177";"138 285 741";"B01";"1";"7";"0";"9";"1";"26";"0";""
"201900011177";"138 285 742";"A01";"1";"31";"0";"2";"1";"3";"6";""
"201900011178";"138 285 739";"A01";"3";"7";"0";"2";"6";"0";"6";""
"201900011178";"138 285 740";"B01";"3";"7";"0";"2";"0";"0";"0";""
"201900011179";"138 285 737";"B01";"2";"7";"0";"0";"3";"9";"1";""
"201900011179";"138 285 738";"A01";"1";"7";"0";"2";"2";"1";"1";""
"201900011180";"138 285 735";"B01";"2";"7";"0";"2";"1";"1";"1";""
"201900011180";"138 285 736";"A01";"1";"7";"0";"2";"1";"13";"1";""
"201900011181";"138 285 734";"A01";"2";"7";"0";"1";"7";"1";"0";""
"201900011182";"138 285 732";"B01";"1";"32";"0";"2";"3";"0";"0";""
"201900011182";"138 285 733";"A01";"2";"7";"1";"2";"2";"15";"0";""
"201900011183";"138 285 730";"A01";"3";"7";"0";"2";"2";"21";"1";""
"201900011183";"138 285 731";"B01";"3";"30";"0";"0";"2";"15";"1";""
"201900011184";"138 285 727";"B01";"1";"1";"0";"2";"1";"1";"5";""
"201900011184";"138 285 728";"A01";"2";"7";"0";"2";"3";"1";"1";""
"201900011185";"138 285 724";"C01";"2";"10";"0";"2";"4";"2";"1";""
"201900011185";"138 285 725";"B01";"2";"10";"0";"2";"4";"2";"1";""
"201900011185";"138 285 726";"A01";"2";"7";"0";"2";"1";"2";"1";""
"201900011186";"138 285 722";"B01";"1";"32";"0";"9";"2";"1";"1";""
"201900011186";"138 285 723";"A01";"1";"7";"0";"2";"2";"2";"1";""
"201900011187";"138 285 719";"A01";"1";"7";"0";"2";"1";"9";"1";""
"201900011187";"138 285 720";"B01";"1";"2";"0";"2";"2";"1";"1";""
"201900011188";"138 285 717";"B01";"2";"7";"0";"2";"1";"2";"1";""
"201900011188";"138 285 718";"A01";"2";"33";"0";"2";"4";"2";"1";""
"201900011189";"138 285 715";"A01";"1";"1";"0";"2";"1";"21";"5";""
"201900011189";"138 285 716";"B01";"1";"7";"0";"2";"4";"23";"1";""
"201900011190";"138 285 714";"A01";"0";"7";"0";"1";"1";"1";"1";""
"201900011191";"138 285 713";"A01";"1";"10";"0";"1";"6";"2";"1";""
"201900011192";"138 285 712";"A01";"1";"7";"0";"1";"8";"4";"1";""
"201900011193";"138 285 710";"B01";"1";"30";"0";"2";"1";"1";"1";""
"201900011193";"138 285 711";"A01";"2";"10";"0";"2";"2";"15";"1";""
"201900011194";"138 285 708";"B01";"1";"33";"0";"2";"4";"0";"1";""
"201900011194";"138 285 709";"A01";"1";"33";"0";"2";"1";"26";"1";""
"201900011195";"138 285 706";"A01";"1";"30";"0";"2";"1";"13";"1";""
"201900011195";"138 285 707";"B01";"1";"7";"14";"0";"6";"23";"1";""
"201900011196";"138 285 704";"A01";"2";"7";"0";"2";"1";"1";"1";""
"201900011196";"138 285 705";"B01";"2";"3";"0";"2";"4";"23";"1";""
"201900011197";"138 285 703";"A01";"3";"7";"2";"0";"2";"26";"1";""
"201900011198";"138 285 701";"B01";"1";"33";"0";"2";"2";"1";"0";""
"201900011198";"138 285 702";"A01";"1";"10";"0";"2";"5";"21";"0";""
"201900011199";"138 285 699";"A01";"3";"30";"0";"2";"1";"5";"1";""
"201900011199";"138 285 700";"B01";"3";"7";"0";"2";"3";"15";"1";""
"201900011200";"138 285 697";"B01";"3";"7";"0";"6";"6";"26";"1";""
"201900011200";"138 285 698";"A01";"3";"7";"0";"2";"2";"1";"1";""
"201900011201";"138 285 696";"A01";"3";"7";"0";"1";"2";"1";"1";""
"201900011202";"138 285 694";"B01";"3";"7";"0";"2";"8";"15";"1";""
"201900011202";"138 285 695";"A01";"3";"7";"0";"2";"1";"9";"1";""
"201900011203";"138 285 693";"A01";"1";"7";"0";"0";"1";"26";"1";""
"201900011204";"138 285 691";"A01";"3";"7";"0";"2";"3";"1";"1";""
"201900011204";"138 285 692";"B01";"3";"7";"0";"2";"1";"1";"1";""
"201900011205";"138 285 690";"A01";"1";"7";"0";"1";"3";"1";"1";""
"201900011206";"138 285 689";"A01";"3";"10";"0";"1";"3";"15";"1";""
"201900011207";"138 285 687";"A01";"2";"7";"0";"2";"6";"16";"1";""
"201900011207";"138 285 688";"B01";"1";"1";"0";"2";"1";"19";"5";""
"201900011208";"138 285 685";"A01";"1";"21";"0";"2";"2";"15";"1";""
"201900011208";"138 285 686";"B01";"2";"7";"0";"2";"1";"1";"1";""
"201900011209";"138 285 683";"B01";"1";"13";"0";"0";"1";"0";"1";""
"201900011209";"138 285 684";"A01";"2";"7";"0";"2";"1";"1";"1";""
"201900011210";"138 285 682";"A01";"2";"7";"0";"0";"0";"13";"1";""
"201900011211";"138 285 680";"B01";"1";"7";"0";"2";"4";"2";"1";""
"201900011211";"138 285 681";"A01";"1";"31";"0";"2";"1";"2";"1";""
"201900011212";"138 285 678";"B01";"2";"33";"0";"2";"1";"9";"1";""
"201900011212";"138 285 679";"A01";"2";"7";"0";"2";"0";"2";"1";""
"201900011213";"138 285 677";"A01";"2";"10";"3";"0";"1";"0";"0";""
"201900011214";"138 285 675";"B01";"2";"7";"0";"2";"5";"1";"1";""
"201900011214";"138 285 676";"A01";"2";"32";"0";"2";"1";"3";"1";""
"201900011215";"138 285 673";"B01";"1";"10";"0";"2";"8";"0";"1";""
"201900011215";"138 285 674";"A01";"1";"31";"0";"2";"9";"1";"1";""
"201900011216";"138 285 671";"B01";"2";"7";"0";"2";"1";"1";"1";""
"201900011216";"138 285 672";"A01";"1";"7";"0";"2";"1";"13";"1";""
"201900011217";"138 285 670";"A01";"3";"99";"13";"0";"0";"14";"6";""
"201900011218";"138 285 668";"A01";"1";"7";"16";"0";"6";"24";"1";""
"201900011218";"138 285 669";"B01";"1";"31";"0";"2";"1";"1";"1";""
"201900011219";"138 285 666";"B01";"3";"2";"0";"0";"4";"2";"3";""
"201900011219";"138 285 667";"A01";"3";"7";"3";"2";"1";"2";"1";""
"201900011220";"138 285 664";"B01";"2";"33";"0";"2";"1";"1";"0";""
"201900011220";"138 285 665";"A01";"1";"7";"0";"2";"7";"10";"0";""
"201900011221";"138 285 663";"A01";"2";"7";"0";"1";"2";"15";"0";""
"201900011222";"138 285 661";"B01";"1";"60";"0";"2";"1";"1";"0";""
"201900011222";"138 285 662";"A01";"1";"7";"0";"9";"7";"26";"0";""
"201900011223";"138 285 659";"A01";"2";"7";"0";"2";"2";"14";"1";""
"201900011223";"138 285 660";"B01";"2";"7";"0";"2";"6";"1";"1";""
"201900011224";"138 285 658";"A01";"1";"7";"12";"0";"1";"1";"0";""