"Num_Acc";"id_vehicule";"num_veh";"senc";"catv";"obs";"obsm";"choc";"manv";"motor";"occutc"
"201900011620";"138 284 894";"B01";"1";"7";"0";"2";"6";"1";"1";""
"201900011620";"138 284 895";"A01";"1";"33";"0";"2";"1";"14";"1";""
"201900011621";"138 284 892";"B01";"1";"7";"4";"0";"4";"0";"1";""
"201900011621";"138 284 893";"A01";"1";"7";"0";"2";"0";"0";"1";""
"201900011622";"138 284 890";"B01";"1";"10";"0";"2";"4";"2";"1";""
"201900011622";"138 284 891";"A01";"1";"7";"3";"2";"1";"14";"1";""
"201900011623";"138 284 888";"B01";"2";"7";"0";"0";"5";"1";"1";""
"201900011623";"138 284 889";"A01";"2";"7";"0";"2";"1";"21";"1";""
"201900011624";"138 284 886";"B01";"2";"7";"0";"2";"4";"1";"1";""
"201900011624";"138 284 887";"A01";"2";"7";"0";"2";"1";"2";"1";""
"201900011625";"138 284 884";"B01";"2";"15";"0";"2";"5";"1";"1";""
"201900011625";"138 284 885";"A01";"2";"14";"0";"2";"3";"1";"1";""
"201900011626";"138 284 882";"B01";"1";"7";"0";"2";"4";"1";"1";""
"201900011626";"138 284 883";"A01";"1";"7";"3";"2";"1";"14";"1";""
"201900011627";"138 284 880";"B01";"2";"7";"0";"2";"4";"2";"1";""
"201900011627";"138 284 881";"A01";"2";"31";"0";"2";"1";"1";"1";""
"201900011628";"138 284 879";"A01";"2";"7";"4";"0";"1";"1";"1";""
"201900011629";"138 284 876";"B01";"1";"10";"0";"2";"4";"1";"1";""
"201900011629";"138 284 877";"C01";"1";"10";"0";"2";"4";"1";"1";""
"201900011629";"138 284 878";"A01";"1";"10";"0";"2";"1";"1";"1";""
"201900011630";"138 284 872";"D01";"1";"7";"0";"2";"4";"14";"0";""
"201900011630";"138 284 873";"B01";"1";"7";"4";"2";"9";"2";"0";""
"201900011630";"138 284 874";"C01";"1";"7";"0";"2";"4";"2";"0";""
"201900011630";"138 284 875";"A01";"1";"7";"4";"2";"9";"2";"0";""
"201900011631";"138 284 869";"A01";"2";"7";"0";"2";"1";"1";"1";""
"201900011631";"138 284 870";"C01";"2";"7";"0";"2";"0";"0";"1";""
"201900011631";"138 284 871";"B01";"2";"7";"0";"2";"4";"1";"1";""
"201900011632";"138 284 867";"B01";"1";"10";"0";"2";"5";"0";"1";""
"201900011632";"138 284 868";"A01";"1";"33";"0";"2";"0";"26";"1";""
"201900011633";"138 284 865";"B01";"1";"10";"0";"2";"6";"2";"1";""
"201900011633";"138 284 866";"A01";"1";"33";"0";"2";"1";"2";"1";""
"201900011634";"138 284 863";"A01";"1";"7";"0";"2";"1";"0";"1";""
"201900011634";"138 284 864";"B01";"1";"7";"0";"2";"4";"0";"0";""
"201900011635";"138 284 861";"A01";"2";"10";"0";"2";"7";"14";"1";""
"201900011635";"138 284 862";"B01";"2";"34";"0";"2";"6";"3";"1";""
"201900011636";"138 284 859";"A01";"1";"7";"0";"2";"1";"15";"1";""
"201900011636";"138 284 860";"B01";"1";"33";"0";"2";"8";"17";"1";""
"201900011637";"138 284 857";"A01";"2";"10";"0";"2";"2";"2";"1";""
"201900011637";"138 284 858";"B01";"2";"7";"0";"2";"4";"1";"1";""
"201900011638";"138 284 855";"B01";"2";"7";"0";"0";"0";"0";"1";""
"201900011638";"138 284 856";"A01";"2";"15";"0";"0";"0";"0";"1";""
"201900011639";"138 284 851";"A01";"2";"7";"4";"0";"3";"0";"1";""
"201900011640";"138 284 850";"A01";"2";"10";"6";"0";"2";"16";"1";""
"201900011641";"138 284 848";"A01";"2";"7";"0";"2";"4";"23";"1";""
"201900011641";"138 284 849";"B01";"1";"7";"0";"2";"1";"1";"1";""
"201900011642";"138 284 846";"B01";"2";"7";"0";"2";"7";"12";"1";""
"201900011642";"138 284 847";"A01";"2";"33";"0";"2";"1";"3";"1";""
"201900011643";"138 284 843";"A01";"2";"33";"0";"2";"7";"3";"1";""
"201900011643";"138 284 844";"B01";"2";"7";"0";"2";"6";"23";"1";""
"201900011643";"138 284 845";"C01";"2";"20";"0";"2";"5";"1";"6";""
"201900011644";"138 284 841";"A01";"2";"7";"0";"2";"3";"9";"1";""
"201900011644";"138 284 842";"B01";"2";"31";"0";"2";"2";"1";"1";""
"201900011645";"138 284 839";"B01";"1";"7";"0";"2";"5";"12";"1";""
"201900011645";"138 284 840";"A01";"1";"31";"0";"2";"1";"3";"1";""
"201900011646";"138 284 836";"A01";"1";"17";"0";"2";"7";"12";"1";""
"201900011646";"138 284 837";"B01";"1";"7";"0";"2";"6";"1";"1";""
"201900011646";"138 284 838";"C01";"1";"32";"0";"2";"1";"1";"1";""
"201900011647";"138 284 833";"A01";"1";"7";"0";"2";"1";"2";"1";""
"201900011647";"138 284 834";"C01";"1";"7";"0";"2";"4";"2";"1";""
"201900011647";"138 284 835";"B01";"1";"7";"0";"2";"4";"2";"1";""
"201900011648";"138 284 832";"Z01";"1";"0";"0";"1";"0";"0";"0";""
"201900011649";"138 284 830";"A01";"1";"31";"0";"2";"2";"12";"1";""
"201900011649";"138 284 831";"Z01";"1";"7";"0";"2";"8";"18";"0";""
"201900011650";"138 284 828";"B01";"1";"7";"0";"2";"6";"2";"1";""
"201900011650";"138 284 829";"A01";"1";"33";"0";"2";"1";"1";"1";""
"201900011651";"138 284 825";"A01";"2";"7";"0";"2";"3";"1";"1";""
"201900011651";"138 284 826";"C01";"2";"33";"0";"2";"3";"1";"1";""
"201900011651";"138 284 827";"B01";"2";"7";"0";"2";"5";"14";"1";""
"201900011652";"138 284 824";"A01";"1";"7";"4";"0";"1";"1";"1";""
"201900011653";"138 284 822";"B01";"1";"7";"0";"2";"4";"2";"1";""
"201900011653";"138 284 823";"A01";"1";"17";"0";"2";"1";"1";"1";""
"201900011654";"138 284 818";"A01";"2";"16";"0";"2";"1";"2";"1";""
"201900011654";"138 284 819";"C01";"2";"7";"0";"2";"4";"2";"1";""
"201900011654";"138 284 820";"D01";"2";"7";"0";"2";"4";"2";"1";""
"201900011654";"138 284 821";"B01";"2";"7";"0";"2";"4";"2";"1";""
"201900011655";"138 284 815";"A01";"2";"15";"0";"2";"1";"12";"1";""
"201900011655";"138 284 816";"C01";"2";"7";"0";"2";"1";"1";"1";""
"201900011655";"138 284 817";"B01";"2";"7";"0";"2";"6";"1";"1";""
"201900011656";"138 284 813";"B01";"2";"7";"0";"2";"3";"2";"1";""
"201900011656";"138 284 814";"A01";"2";"14";"0";"2";"5";"2";"1";""
"201900011657";"138 284 810";"A01";"1";"7";"1";"0";"1";"2";"1";""
"201900011657";"138 284 811";"C01";"1";"7";"0";"2";"7";"23";"1";""
"201900011657";"138 284 812";"B01";"1";"10";"0";"2";"4";"23";"1";""
"201900011658";"138 284 807";"C01";"2";"7";"0";"2";"7";"2";"1";""
"201900011658";"138 284 808";"B01";"2";"33";"0";"2";"4";"3";"1";""
"201900011658";"138 284 809";"A01";"2";"7";"0";"2";"1";"2";"1";""
"201900011659";"138 284 804";"A01";"1";"7";"0";"2";"4";"2";"1";""
"201900011659";"138 284 805";"C01";"1";"32";"0";"2";"1";"2";"1";""
"201900011659";"138 284 806";"B01";"1";"10";"0";"2";"1";"2";"1";""
"201900011660";"138 284 801";"C01";"1";"15";"0";"2";"4";"2";"1";""
"201900011660";"138 284 802";"B01";"1";"15";"0";"2";"4";"2";"1";""
"201900011660";"138 284 803";"A01";"1";"15";"0";"2";"1";"2";"1";""
"201900011661";"138 284 798";"A01";"2";"7";"0";"2";"1";"0";"1";""
"201900011661";"138 284 799";"C01";"2";"15";"0";"2";"4";"0";"1";""
"201900011661";"138 284 800";"B01";"2";"10";"0";"2";"4";"0";"1";""
"201900011662";"138 284 796";"B01";"2";"33";"0";"2";"8";"3";"1";""
"201900011662";"138 284 797";"A01";"2";"7";"0";"2";"7";"12";"1";""
"201900011663";"138 284 794";"B01";"2";"7";"0";"2";"1";"12";"1";""
"201900011663";"138 284 795";"A01";"2";"34";"0";"2";"4";"1";"1";""
"201900011664";"138 284 792";"A01";"1";"15";"0";"2";"7";"12";"1";""
"201900011664";"138 284 793";"B01";"1";"7";"0";"2";"1";"1";"1";""
"201900011665";"138 284 791";"A01";"1";"7";"4";"0";"2";"14";"1";""
"201900011666";"138 284 789";"A01";"2";"33";"0";"2";"1";"1";"1";""
"201900011666";"138 284 790";"B01";"2";"7";"0";"6";"5";"1";"1";""
"201900011667";"138 284 787";"Z01";"2";"7";"0";"2";"4";"26";"1";""
"201900011667";"138 284 788";"A01";"2";"7";"0";"2";"1";"1";"1";""
"201900011668";"138 284 783";"A01";"1";"7";"0";"2";"2";"14";"1";""
"201900011668";"138 284 784";"C01";"1";"7";"0";"2";"4";"2";"1";""
"201900011668";"138 284 785";"D01";"1";"7";"0";"2";"1";"2";"0";""
"201900011668";"138 284 786";"B01";"1";"7";"0";"2";"8";"1";"1";""
"201900011669";"138 284 777";"A01";"2";"32";"0";"2";"2";"1";"1";""
"201900011669";"138 284 778";"B01";"2";"7";"0";"0";"6";"11";"1";""
"201900011670";"138 284 775";"B01";"2";"10";"0";"2";"2";"12";"1";""
"201900011670";"138 284 776";"A01";"2";"14";"3";"2";"6";"1";"1";""
"201900011671";"138 284 773";"B01";"1";"7";"0";"2";"4";"9";"1";""
"201900011671";"138 284 774";"A01";"1";"7";"0";"2";"1";"9";"1";""
"201900011672";"138 284 772";"A01";"1";"7";"13";"0";"9";"11";"1";""
"201900011673";"138 284 770";"B01";"2";"33";"0";"2";"1";"26";"1";""
"201900011673";"138 284 771";"A01";"2";"7";"0";"2";"6";"26";"1";""
"201900011674";"138 284 769";"A01";"1";"33";"0";"2";"0";"1";"1";""
"201900011675";"138 284 766";"C01";"1";"7";"0";"2";"4";"2";"1";""
"201900011675";"138 284 767";"A01";"1";"7";"0";"2";"1";"2";"1";""
"201900011675";"138 284 768";"B01";"1";"7";"0";"2";"4";"2";"1";""
"201900011676";"138 284 764";"A01";"2";"33";"0";"2";"3";"3";"1";""
"201900011676";"138 284 765";"B01";"2";"7";"0";"2";"2";"12";"1";""
"201900011677";"138 284 762";"B01";"1";"7";"0";"2";"1";"14";"1";""
"201900011677";"138 284 763";"A01";"1";"7";"4";"2";"3";"21";"1";""
"201900011678";"138 284 760";"B01";"2";"7";"0";"2";"2";"12";"1";""
"201900011678";"138 284 761";"A01";"2";"15";"0";"2";"6";"2";"1";""
"201900011679";"138 284 755";"A01";"2";"32";"0";"2";"3";"11";"1";""
"201900011679";"138 284 756";"B01";"2";"33";"0";"2";"1";"3";"1";""
"201900011679";"138 284 757";"C01";"2";"7";"0";"2";"8";"23";"1";""
"201900011679";"138 284 758";"E01";"2";"10";"0";"2";"5";"1";"1";""
"201900011679";"138 284 759";"D01";"2";"7";"0";"2";"8";"23";"1";""
"201900011680";"138 284 751";"B01";"1";"7";"0";"2";"5";"2";"1";""
"201900011680";"138 284 752";"D01";"1";"7";"0";"2";"2";"12";"1";""
"201900011680";"138 284 753";"C01";"1";"7";"0";"2";"6";"2";"1";""
"201900011680";"138 284 754";"A01";"1";"7";"0";"2";"4";"2";"1";""
"201900011681";"138 284 747";"B01";"3";"7";"0";"2";"2";"0";"1";""
"201900011681";"138 284 748";"A01";"3";"7";"0";"2";"1";"0";"1";""
"201900011682";"138 284 740";"A01";"1";"7";"0";"0";"0";"1";"1";""
"201900011683";"138 284 737";"A01";"2";"7";"0";"2";"1";"15";"1";""
"201900011683";"138 284 738";"B01";"1";"7";"0";"2";"8";"1";"1";""
"201900011683";"138 284 739";"C01";"1";"10";"0";"2";"3";"23";"1";""
"201900011684";"138 284 735";"B01";"3";"34";"12";"2";"1";"9";"0";""
"201900011684";"138 284 736";"A01";"3";"10";"12";"2";"3";"15";"0";""
"201900011685";"138 284 733";"B01";"2";"7";"0";"2";"8";"1";"1";""
"201900011685";"138 284 734";"A01";"2";"7";"0";"2";"2";"12";"1";""
"201900011686";"138 284 731";"B01";"0";"32";"0";"0";"0";"0";"0";""
"201900011686";"138 284 732";"A01";"0";"7";"0";"0";"0";"13";"0";""
"201900011687";"138 284 729";"B01";"3";"7";"0";"2";"7";"16";"6";""
"201900011687";"138 284 730";"A01";"3";"32";"0";"2";"1";"26";"1";""
"201900011688";"138 284 727";"B01";"2";"7";"0";"2";"1";"1";"1";""
"201900011688";"138 284 728";"A01";"2";"2";"0";"2";"2";"16";"0";""
"201900011689";"138 284 726";"A01";"2";"30";"0";"0";"1";"1";"1";""
"201900011690";"138 284 723";"A01";"3";"7";"0";"2";"4";"26";"1";""
"201900011690";"138 284 724";"C01";"3";"7";"0";"2";"1";"14";"1";""
"201900011690";"138 284 725";"B01";"3";"7";"0";"2";"6";"1";"1";""
"201900011691";"138 284 722";"A01";"1";"33";"9";"0";"1";"26";"1";""
"201900011692";"138 284 718";"B01";"1";"0";"0";"2";"0";"26";"3";""
"201900011692";"138 284 719";"A01";"2";"10";"0";"2";"1";"16";"1";""
"201900011693";"138 284 716";"B01";"3";"7";"0";"2";"5";"15";"0";""
"201900011693";"138 284 717";"A01";"3";"1";"0";"2";"1";"1";"0";""
"201900011694";"138 284 713";"A01";"2";"7";"0";"2";"1";"2";"1";""
"201900011694";"138 284 714";"C01";"2";"7";"0";"2";"4";"2";"1";""
"201900011694";"138 284 715";"B01";"2";"7";"0";"2";"4";"2";"1";""
"201900011695";"138 284 711";"B01";"2";"33";"0";"2";"1";"17";"1";""
"201900011695";"138 284 712";"A01";"2";"7";"0";"2";"3";"11";"1";""
"201900011696";"138 284 709";"A01";"2";"7";"0";"2";"1";"2";"1";""
"201900011696";"138 284 710";"B01";"2";"7";"0";"2";"6";"1";"1";""
"201900011697";"138 284 707";"B01";"1";"2";"0";"2";"1";"1";"1";""
"201900011697";"138 284 708";"A01";"1";"7";"0";"2";"8";"20";"1";""
"201900011698";"138 284 704";"A01";"2";"13";"0";"2";"1";"15";"1";""
"201900011698";"138 284 705";"C01";"2";"37";"0";"2";"3";"23";"1";"1"
"201900011698";"138 284 706";"B01";"1";"2";"0";"2";"1";"1";"0";""
"201900011699";"138 284 701";"A01";"3";"99";"1";"2";"9";"2";"3";""
"201900011699";"138 284 702";"C01";"3";"7";"0";"6";"5";"23";"1";""
"201900011699";"138 284 703";"B01";"3";"7";"0";"6";"0";"23";"1";""
"201900011700";"138 284 699";"A01";"1";"7";"0";"2";"1";"2";"1";""
"201900011700";"138 284 700";"B01";"1";"7";"0";"2";"4";"11";"1";""
"201900011701";"138 284 697";"A01";"2";"7";"1";"0";"3";"13";"1";""
"201900011701";"138 284 698";"B01";"2";"7";"0";"2";"5";"24";"1";""
"201900011702";"138 284 695";"A01";"1";"7";"0";"2";"1";"1";"1";""
"201900011702";"138 284 696";"B01";"1";"7";"0";"2";"8";"1";"1";""
"201900011703";"138 284 691";"A01";"2";"7";"0";"1";"2";"1";"1";""
"201900011704";"138 284 689";"B01";"0";"15";"0";"2";"4";"24";"0";""
"201900011704";"138 284 690";"A01";"0";"7";"0";"2";"1";"2";"0";""
"201900011705";"138 284 688";"A01";"3";"7";"0";"1";"4";"0";"0";""
"201900011706";"138 284 687";"A01";"0";"7";"12";"0";"9";"1";"1";""
"201900011707";"138 284 682";"B01";"2";"7";"0";"2";"4";"23";"1";""
"201900011707";"138 284 683";"C01";"2";"7";"0";"2";"4";"23";"1";""
"201900011707";"138 284 684";"A01";"2";"7";"0";"2";"1";"1";"1";""
"201900011708";"138 284 680";"A01";"2";"7";"0";"2";"3";"1";"0";""
"201900011708";"138 284 681";"B01";"1";"1";"0";"2";"7";"26";"5";""
"201900011709";"138 284 679";"A01";"2";"7";"0";"1";"3";"26";"3";""
"201900011710";"138 284 675";"A01";"0";"7";"0";"1";"8";"1";"1";""
"201900011711";"138 284 672";"A01";"1";"7";"0";"2";"4";"2";"1";""
"201900011711";"138 284 673";"Z01";"1";"7";"0";"2";"1";"2";"0";""
"201900011712";"138 284 670";"A01";"0";"1";"0";"2";"3";"1";"5";""
"201900011712";"138 284 671";"Z01";"0";"7";"0";"2";"7";"17";"0";""
"201900011713";"138 284 666";"A01";"1";"7";"0";"2";"1";"1";"1";""
"201900011713";"138 284 667";"B01";"2";"7";"0";"2";"1";"23";"1";""
"201900011713";"138 284 668";"C01";"1";"7";"0";"2";"1";"23";"1";""
"201900011713";"138 284 669";"D01";"1";"10";"0";"2";"1";"23";"1";""
"201900011714";"138 284 665";"A01";"3";"7";"0";"1";"1";"16";"1";""
"201900011715";"138 284 664";"A01";"1";"7";"14";"6";"3";"1";"1";""
"201900011716";"138 284 663";"A01";"1";"10";"0";"1";"1";"1";"0";""
"201900011717";"138 284 658";"E01";"3";"7";"0";"2";"8";"1";"1";""
"201900011717";"138 284 659";"D01";"3";"7";"14";"0";"0";"0";"1";""
"201900011717";"138 284 660";"C01";"3";"7";"0";"6";"1";"1";"1";""
"201900011717";"138 284 661";"B01";"3";"7";"0";"2";"1";"1";"1";""
"201900011717";"138 284 662";"A01";"3";"33";"10";"2";"1";"2";"1";""
"201900011718";"138 284 656";"B01";"1";"7";"0";"2";"4";"1";"1";""
"201900011718";"138 284 657";"A01";"1";"7";"8";"2";"1";"1";"1";""
"201900011719";"138 284 654";"A01";"3";"30";"0";"2";"3";"13";"1";""
"201900011719";"138 284 655";"B01";"3";"7";"0";"2";"3";"1";"1";""
"201900011720";"138 284 653";"A01";"2";"7";"0";"1";"2";"1";"1";""
"201900011721";"138 284 652";"A01";"1";"32";"0";"1";"1";"1";"1";""
"201900011722";"138 284 650";"B01";"2";"7";"0";"2";"1";"1";"1";""
"201900011722";"138 284 651";"A01";"1";"7";"15";"2";"6";"1";"1";""
"201900011723";"138 284 649";"A01";"1";"7";"0";"1";"2";"1";"1";""
"201900011724";"138 284 647";"B01";"2";"1";"0";"0";"0";"0";"5";""
"201900011724";"138 284 648";"A01";"1";"7";"0";"2";"0";"1";"1";""
"201900011725";"138 284 645";"B01";"2";"7";"0";"2";"8";"15";"1";""
"201900011725";"138 284 646";"A01";"2";"2";"0";"2";"1";"17";"1";""
"201900011726";"138 284 643";"B01";"2";"80";"0";"2";"1";"1";"3";""
"201900011726";"138 284 644";"A01";"1";"7";"0";"2";"2";"15";"1";""
"201900011727";"138 284 641";"B01";"1";"7";"0";"2";"4";"1";"1";""
"201900011727";"138 284 642";"A01";"1";"7";"0";"2";"1";"1";"1";""
"201900011728";"138 284 638";"A01";"1";"7";"0";"2";"1";"2";"1";""
"201900011728";"138 284 639";"C01";"1";"10";"0";"2";"4";"2";"1";""
"201900011728";"138 284 640";"B01";"1";"7";"0";"2";"4";"2";"1";""
"201900011729";"138 284 635";"A01";"1";"7";"0";"2";"1";"12";"1";""
"201900011729";"138 284 636";"C01";"1";"15";"0";"2";"4";"1";"1";""
"201900011729";"138 284 637";"B01";"1";"7";"0";"2";"4";"1";"1";""
"201900011730";"138 284 633";"B01";"2";"33";"0";"2";"2";"1";"1";""
"201900011730";"138 284 634";"A01";"2";"7";"0";"2";"6";"11";"1";""
"201900011731";"138 284 632";"A01";"2";"34";"4";"2";"4";"1";"1";""
"201900011732";"138 284 627";"A01";"1";"7";"1";"0";"1";"2";"1";""
"201900011732";"138 284 628";"C01";"1";"7";"0";"2";"4";"2";"1";""
"201900011732";"138 284 629";"D01";"1";"7";"0";"2";"4";"2";"1";""
"201900011732";"138 284 630";"B01";"1";"7";"0";"2";"4";"2";"1";""
"201900011733";"138 284 625";"A01";"1";"7";"13";"0";"1";"1";"1";""
"201900011734";"138 284 623";"A01";"3";"7";"0";"2";"1";"1";"0";""
"201900011734";"138 284 624";"B01";"0";"7";"0";"2";"4";"0";"0";""
"201900011735";"138 284 622";"A01";"3";"30";"0";"0";"0";"1";"1";""
"201900011736";"138 284 620";"B01";"2";"10";"0";"2";"4";"2";"1";""
"201900011736";"138 284 621";"A01";"2";"33";"0";"2";"1";"2";"1";""
"201900011737";"138 284 619";"A01";"1";"7";"0";"1";"3";"15";"1";""
"201900011738";"138 284 617";"A01";"2";"7";"0";"2";"1";"1";"1";""
"201900011738";"138 284 618";"B01";"2";"7";"0";"2";"4";"1";"0";""
"201900011739";"138 284 616";"A01";"3";"7";"3";"0";"1";"13";"1";""
"201900011740";"138 284 614";"A01";"3";"7";"0";"2";"1";"15";"1";""
"201900011740";"138 284 615";"B01";"3";"33";"0";"2";"7";"1";"1";""
"201900011741";"138 284 612";"A01";"0";"7";"0";"2";"1";"15";"1";""
"201900011741";"138 284 613";"B01";"0";"33";"0";"2";"7";"1";"1";""
"201900011742";"138 284 610";"A01";"2";"7";"0";"2";"8";"17";"1";""
"201900011742";"138 284 611";"B01";"2";"2";"0";"2";"8";"17";"1";""
"201900011743";"138 284 609";"A01";"1";"7";"0";"1";"3";"1";"1";""
"201900011744";"138 284 603";"A01";"1";"1";"0";"2";"8";"19";"0";""
"201900011744";"138 284 604";"B01";"1";"7";"0";"2";"2";"1";"1";""
"201900011745";"138 284 601";"A01";"1";"7";"0";"6";"1";"1";"3";""
"201900011745";"138 284 602";"B01";"3";"1";"0";"2";"8";"19";"5";""
"201900011746";"138 284 600";"A01";"1";"7";"4";"0";"1";"26";"1";""
"201900011747";"138 284 599";"A01";"3";"33";"0";"0";"7";"26";"1";""
"201900011748";"138 284 597";"A01";"3";"7";"0";"6";"8";"26";"1";""
"201900011748";"138 284 598";"B01";"3";"14";"0";"2";"3";"26";"1";""
"201900011749";"138 284 595";"A01";"0";"7";"0";"2";"1";"2";"1";""
"201900011749";"138 284 596";"B01";"0";"7";"0";"2";"4";"2";"1";""
"201900011750";"138 284 594";"A01";"1";"10";"0";"1";"3";"15";"1";""
"201900011751";"138 284 592";"B01";"3";"7";"0";"2";"8";"1";"1";""
"201900011751";"138 284 593";"A01";"3";"10";"0";"2";"3";"13";"1";""
"201900011752";"138 284 590";"A01";"2";"7";"4";"0";"1";"1";"1";""
"201900011753";"138 284 589";"A01";"1";"7";"0";"1";"1";"1";"1";""
"201900011754";"138 284 587";"B01";"1";"7";"0";"0";"2";"1";"1";""
"201900011754";"138 284 588";"A01";"3";"7";"9";"2";"7";"15";"1";""
"201900011755";"138 284 583";"A01";"0";"7";"0";"2";"1";"1";"1";""
"201900011755";"138 284 584";"B01";"0";"7";"0";"2";"4";"1";"1";""
"201900011756";"138 284 581";"B01";"1";"7";"0";"2";"0";"1";"1";""
"201900011756";"138 284 582";"A01";"2";"7";"0";"2";"1";"19";"1";""
"201900011757";"138 284 580";"A01";"2";"7";"0";"1";"2";"1";"1";""
"201900011758";"138 284 578";"B01";"1";"33";"0";"2";"1";"17";"1";""
"201900011758";"138 284 579";"A01";"1";"7";"0";"2";"3";"15";"2";""
"201900011759";"138 284 577";"A01";"1";"7";"0";"0";"0";"0";"0";""
"201900011760";"138 284 576";"A01";"1";"30";"0";"0";"0";"1";"0";""
"201900011761";"138 284 575";"A01";"2";"7";"0";"1";"1";"1";"1";""
"201900011762";"138 284 574";"Z01";"3";"0";"0";"1";"0";"0";"0";""
"201900011763";"138 284 572";"B01";"2";"33";"0";"2";"5";"1";"1";""
"201900011763";"138 284 573";"A01";"2";"7";"0";"2";"3";"1";"1";""
"201900011764";"138 284 571";"A01";"2";"2";"0";"0";"8";"21";"1";""
"201900011765";"138 284 570";"A01";"2";"2";"0";"0";"7";"1";"1";""
"201900011766";"138 284 569";"A01";"1";"7";"0";"1";"1";"1";"1";""
"201900011767";"138 284 568";"A01";"1";"7";"0";"1";"1";"1";"1";""
"201900011768";"138 284 567";"B01";"1";"7";"0";"2";"1";"1";"1";""
"201900011769";"138 284 566";"A01";"1";"7";"0";"1";"1";"1";"1";""
"201900011770";"138 284 565";"A01";"2";"7";"0";"1";"2";"1";"1";""
"201900011771";"138 284 563";"B01";"3";"10";"0";"2";"2";"16";"0";""
"201900011771";"138 284 564";"A01";"3";"10";"0";"2";"2";"21";"0";""
"201900011772";"138 284 562";"A01";"2";"7";"2";"0";"1";"26";"1";""
"201900011773";"138 284 561";"A01";"3";"7";"10";"0";"1";"1";"1";""
"201900011774";"138 284 559";"B01";"2";"2";"0";"2";"1";"1";"1";""
"201900011774";"138 284 560";"A01";"3";"7";"0";"2";"5";"15";"1";""
"201900011775";"138 284 557";"A01";"3";"7";"0";"2";"3";"9";"1";""
"201900011775";"138 284 558";"B01";"3";"2";"0";"2";"1";"1";"1";""
"201900011776";"138 284 556";"A01";"1";"7";"3";"0";"1";"1";"1";""
"201900011777";"138 284 554";"B01";"3";"14";"0";"0";"7";"16";"1";""
"201900011777";"138 284 555";"A01";"3";"30";"0";"2";"1";"2";"1";""
"201900011778";"138 284 551";"A01";"2";"7";"0";"1";"7";"9";"1";""
"201900011779";"138 284 550";"A01";"2";"7";"4";"0";"3";"2";"1";""
"201900011780";"138 284 548";"A01";"1";"1";"0";"2";"8";"2";"5";""
"201900011780";"138 284 549";"Z01";"1";"7";"0";"2";"7";"17";"1";""
"201900011781";"138 284 546";"B01";"0";"10";"0";"2";"1";"1";"0";""
"201900011781";"138 284 547";"A01";"0";"1";"0";"2";"4";"1";"5";""
"201900011782";"138 284 545";"A01";"3";"7";"0";"1";"1";"15";"4";""
"201900011783";"138 284 543";"B01";"2";"7";"0";"2";"3";"1";"1";""
"201900011783";"138 284 544";"A01";"1";"30";"0";"2";"8";"19";"1";""
"201900011784";"138 284 542";"A01";"1";"7";"0";"1";"2";"1";"1";""
"201900011785";"138 284 540";"B01";"2";"2";"0";"2";"1";"1";"1";""
"201900011785";"138 284 541";"A01";"1";"7";"0";"2";"3";"15";"1";""
"201900011786";"138 284 538";"B01";"0";"14";"0";"2";"2";"1";"1";""
"201900011786";"138 284 539";"A01";"0";"7";"0";"2";"7";"1";"1";""
"201900011787";"138 284 536";"A01";"2";"7";"0";"2";"3";"9";"1";""
"201900011787";"138 284 537";"B01";"0";"7";"0";"2";"2";"1";"1";""
"201900011788";"138 284 534";"A01";"1";"7";"0";"2";"8";"9";"1";""
"201900011788";"138 284 535";"B01";"1";"7";"0";"2";"1";"1";"1";""
"201900011789";"138 284 530";"A01";"1";"7";"0";"2";"3";"13";"1";""
"201900011789";"138 284 531";"C01";"2";"7";"0";"2";"0";"1";"1";""
"201900011789";"138 284 532";"D01";"2";"7";"0";"2";"3";"1";"1";""
"201900011789";"138 284 533";"B01";"2";"7";"3";"2";"3";"1";"1";""
"201900011790";"138 284 528";"B01";"1";"2";"0";"2";"3";"2";"1";""
"201900011790";"138 284 529";"A01";"1";"7";"0";"2";"0";"0";"0";""
"201900011791";"138 284 526";"A01";"1";"7";"0";"2";"2";"19";"1";""
"201900011791";"138 284 527";"B01";"2";"7";"0";"2";"1";"1";"1";""
"201900011792";"138 284 523";"A01";"1";"7";"0";"2";"5";"10";"1";""
"201900011792";"138 284 524";"C01";"1";"7";"0";"2";"2";"10";"1";""
"201900011792";"138 284 525";"B01";"1";"34";"0";"2";"0";"1";"0";""
"201900011793";"138 284 521";"B01";"2";"7";"0";"2";"4";"1";"0";""
"201900011793";"138 284 522";"A01";"2";"7";"0";"2";"1";"1";"0";""
"201900011794";"138 284 519";"B01";"2";"7";"0";"2";"4";"1";"1";""
"201900011794";"138 284 520";"Z01";"2";"7";"0";"2";"1";"2";"1";""
"201900011795";"138 284 518";"A01";"2";"50";"1";"0";"1";"1";"3";""
"201900011796";"138 284 517";"A01";"1";"7";"0";"1";"2";"1";"1";""
"201900011797";"138 284 515";"A01";"0";"7";"0";"2";"2";"1";"0";""
"201900011797";"138 284 516";"B01";"0";"31";"0";"2";"1";"1";"0";""
"201900011798";"138 284 512";"A01";"1";"7";"0";"2";"1";"2";"1";""
"201900011798";"138 284 513";"B01";"1";"7";"0";"2";"4";"2";"1";""
"201900011799";"138 284 510";"A01";"2";"10";"0";"2";"1";"11";"1";""