"Num_Acc";"id_vehicule";"num_veh";"senc";"catv";"obs";"obsm";"choc";"manv";"motor";"occutc"
"201900011799";"138 284 511";"B01";"2";"34";"0";"2";"4";"1";"1";""
"201900011800";"138 284 509";"A01";"1";"7";"6";"0";"2";"1";"1";""
"201900011801";"138 284 507";"A01";"1";"33";"0";"1";"8";"3";"1";""
"201900011801";"138 284 508";"B01";"1";"7";"0";"2";"3";"1";"1";""
"201900011802";"138 284 505";"A01";"1";"7";"0";"2";"8";"22";"1";""
"201900011802";"138 284 506";"B01";"1";"31";"0";"2";"2";"17";"1";""
"201900011803";"138 284 504";"A01";"3";"33";"0";"0";"3";"1";"1";""
"201900011804";"138 284 503";"A01";"2";"30";"0";"0";"7";"1";"1";""
"201900011805";"138 284 501";"A01";"2";"7";"0";"2";"3";"13";"1";""
"201900011805";"138 284 502";"B01";"2";"30";"0";"2";"2";"17";"1";""
"201900011806";"138 284 498";"A01";"1";"7";"0";"2";"1";"2";"1";""
"201900011806";"138 284 499";"B01";"1";"7";"0";"2";"1";"2";"1";""
"201900011806";"138 284 500";"C01";"1";"7";"0";"2";"4";"2";"2";""
"201900011807";"138 284 497";"A01";"1";"10";"0";"1";"2";"1";"3";""
"201900011808";"138 284 496";"Z01";"1";"1";"0";"1";"0";"1";"5";""
"201900011809";"138 284 494";"B01";"1";"2";"0";"2";"1";"1";"1";""
"201900011809";"138 284 495";"A01";"1";"7";"0";"2";"2";"15";"1";""
"201900011810";"138 284 492";"A01";"1";"32";"0";"2";"7";"17";"1";""
"201900011810";"138 284 493";"B01";"1";"7";"0";"2";"3";"15";"1";""
"201900011811";"138 284 490";"A01";"3";"10";"0";"2";"5";"1";"1";""
"201900011811";"138 284 491";"B01";"3";"1";"0";"2";"1";"1";"5";""
"201900011812";"138 284 488";"A01";"1";"7";"0";"2";"2";"16";"1";""
"201900011812";"138 284 489";"B01";"1";"1";"0";"2";"0";"16";"5";""
"201900011813";"138 284 486";"B01";"1";"7";"0";"2";"3";"1";"1";""
"201900011813";"138 284 487";"A01";"2";"7";"0";"2";"1";"1";"1";""
"201900011814";"138 284 485";"A01";"3";"32";"12";"0";"0";"16";"1";""
"201900011815";"138 284 484";"A01";"2";"10";"0";"1";"5";"1";"1";""
"201900011816";"138 284 482";"A01";"1";"7";"12";"0";"0";"0";"1";""
"201900011816";"138 284 483";"B01";"1";"7";"0";"2";"0";"0";"1";""
"201900011817";"138 284 480";"B01";"1";"7";"0";"2";"3";"1";"1";""
"201900011817";"138 284 481";"A01";"2";"31";"0";"2";"1";"5";"0";""
"201900011818";"138 284 478";"B01";"2";"7";"0";"2";"7";"1";"1";""
"201900011818";"138 284 479";"A01";"2";"14";"0";"2";"6";"11";"1";""
"201900011819";"138 284 476";"B01";"2";"2";"0";"2";"1";"1";"1";""
"201900011819";"138 284 477";"A01";"1";"7";"0";"2";"1";"11";"1";""
"201900011820";"138 284 474";"B01";"1";"1";"0";"2";"8";"15";"5";""
"201900011820";"138 284 475";"A01";"1";"7";"0";"2";"7";"17";"1";""
"201900011821";"138 284 473";"A01";"1";"7";"0";"1";"2";"0";"1";""
"201900011822";"138 284 471";"A01";"1";"7";"0";"2";"3";"13";"1";""
"201900011822";"138 284 472";"B01";"2";"7";"0";"2";"1";"1";"1";""
"201900011823";"138 284 470";"A01";"3";"1";"0";"1";"1";"1";"5";""
"201900011824";"138 284 468";"B01";"0";"50";"0";"2";"4";"2";"3";""
"201900011824";"138 284 469";"A01";"3";"7";"0";"9";"2";"2";"1";""
"201900011825";"138 284 459";"A01";"1";"7";"0";"2";"4";"2";"1";""
"201900011825";"138 284 460";"B01";"1";"7";"0";"2";"4";"2";"1";""
"201900011825";"138 284 461";"C01";"1";"7";"0";"2";"4";"2";"1";""
"201900011825";"138 284 462";"D01";"1";"7";"0";"2";"1";"2";"1";""
"201900011825";"138 284 463";"E01";"1";"7";"0";"2";"1";"2";"1";""
"201900011825";"138 284 464";"F01";"1";"7";"0";"2";"4";"2";"1";""
"201900011825";"138 284 465";"G01";"1";"7";"0";"2";"1";"2";"1";""
"201900011825";"138 284 466";"H01";"1";"7";"0";"2";"1";"2";"1";""
"201900011825";"138 284 467";"I01";"1";"7";"0";"2";"6";"2";"1";""
"201900011826";"138 284 458";"A01";"1";"7";"3";"0";"7";"1";"1";""
"201900011827";"138 284 457";"A01";"2";"2";"0";"1";"1";"1";"1";""
"201900011828";"138 284 456";"A01";"3";"7";"0";"1";"2";"2";"1";""
"201900011829";"138 284 455";"A01";"1";"10";"6";"0";"1";"1";"1";""
"201900011830";"138 284 453";"B01";"1";"7";"0";"2";"8";"0";"1";""
"201900011830";"138 284 454";"A01";"2";"7";"6";"2";"7";"17";"1";""
"201900011831";"138 284 452";"A01";"1";"7";"13";"0";"0";"0";"1";""
"201900011832";"138 284 451";"A01";"0";"7";"6";"0";"1";"1";"1";""
"201900011833";"138 284 449";"A01";"1";"7";"13";"0";"0";"16";"1";""
"201900011834";"138 284 448";"A01";"1";"7";"5";"0";"3";"1";"1";""
"201900011835";"138 284 447";"A01";"3";"7";"3";"0";"7";"0";"1";""
"201900011836";"138 284 445";"B01";"2";"7";"0";"2";"5";"1";"1";""
"201900011836";"138 284 446";"A01";"1";"33";"0";"2";"1";"1";"1";""
"201900011837";"138 284 444";"A01";"2";"7";"2";"0";"1";"26";"1";""
"201900011838";"138 284 442";"A01";"2";"7";"0";"2";"3";"2";"1";""
"201900011838";"138 284 443";"B01";"2";"31";"0";"2";"1";"1";"1";""
"201900011839";"138 284 439";"A01";"2";"7";"0";"2";"1";"13";"1";""
"201900011839";"138 284 440";"B01";"1";"7";"0";"2";"8";"1";"1";""
"201900011839";"138 284 441";"C01";"1";"7";"0";"2";"1";"1";"1";""
"201900011840";"138 284 437";"A01";"1";"10";"0";"2";"1";"2";"1";""
"201900011840";"138 284 438";"B01";"1";"17";"0";"2";"4";"1";"1";""
"201900011841";"138 284 434";"A01";"2";"7";"13";"0";"6";"19";"0";""
"201900011841";"138 284 435";"C01";"1";"7";"0";"2";"1";"1";"1";""
"201900011842";"138 284 433";"A01";"0";"7";"6";"0";"2";"1";"3";""
"201900011843";"138 284 429";"B01";"2";"7";"0";"2";"8";"1";"1";""
"201900011843";"138 284 430";"A01";"2";"15";"0";"2";"2";"12";"1";""
"201900011844";"138 284 427";"B01";"2";"15";"0";"2";"2";"15";"1";""
"201900011844";"138 284 428";"A01";"1";"34";"0";"2";"1";"1";"1";""
"201900011845";"138 284 425";"A01";"2";"21";"0";"2";"6";"1";"1";""
"201900011845";"138 284 426";"B01";"2";"15";"0";"2";"2";"17";"1";""
"201900011846";"138 284 424";"A01";"1";"7";"0";"0";"0";"1";"1";""
"201900011847";"138 284 423";"A01";"2";"1";"0";"0";"0";"17";"5";""
"201900011848";"138 284 421";"B01";"2";"15";"0";"2";"5";"1";"1";""
"201900011848";"138 284 422";"A01";"2";"10";"0";"2";"3";"1";"1";""
"201900011849";"138 284 419";"B01";"2";"7";"0";"2";"1";"1";"1";""
"201900011849";"138 284 420";"A01";"1";"7";"0";"2";"1";"13";"1";""
"201900011850";"138 284 417";"A01";"1";"7";"0";"2";"2";"17";"1";""
"201900011850";"138 284 418";"B01";"1";"7";"4";"2";"6";"1";"1";""
"201900011851";"138 284 415";"A01";"1";"7";"0";"2";"1";"1";"1";""
"201900011851";"138 284 416";"B01";"2";"7";"0";"2";"1";"1";"1";""
"201900011852";"138 284 413";"B01";"1";"7";"0";"2";"3";"2";"0";""
"201900011852";"138 284 414";"A01";"2";"7";"0";"2";"3";"0";"0";""
"201900011853";"138 284 412";"A01";"2";"2";"15";"0";"1";"13";"1";""
"201900011854";"138 284 410";"A01";"2";"7";"0";"2";"1";"13";"0";""
"201900011854";"138 284 411";"B01";"1";"7";"0";"2";"1";"21";"0";""
"201900011855";"138 284 406";"D01";"2";"7";"4";"2";"1";"2";"1";""
"201900011855";"138 284 407";"C01";"2";"7";"4";"2";"4";"2";"1";""
"201900011855";"138 284 408";"B01";"2";"7";"4";"2";"4";"2";"1";""
"201900011855";"138 284 409";"A01";"2";"7";"4";"2";"4";"2";"1";""
"201900011856";"138 284 401";"A01";"2";"7";"0";"2";"7";"12";"1";""
"201900011856";"138 284 402";"B01";"2";"33";"0";"2";"1";"3";"1";""
"201900011857";"138 284 398";"B01";"1";"43";"0";"2";"2";"2";"1";""
"201900011857";"138 284 399";"C01";"1";"10";"0";"2";"3";"2";"1";""
"201900011857";"138 284 400";"A01";"1";"7";"0";"2";"3";"11";"1";""
"201900011858";"138 284 396";"B01";"1";"2";"0";"2";"4";"13";"1";""
"201900011858";"138 284 397";"A01";"1";"7";"0";"2";"1";"1";"1";""
"201900011859";"138 284 394";"A01";"1";"17";"0";"2";"6";"24";"1";""
"201900011859";"138 284 395";"B01";"1";"10";"1";"0";"1";"1";"1";""
"201900011860";"138 284 393";"A01";"1";"7";"4";"0";"3";"0";"1";""
"201900011861";"138 284 391";"A01";"2";"33";"0";"2";"7";"17";"1";""
"201900011861";"138 284 392";"B01";"2";"7";"0";"2";"8";"1";"1";""
"201900011862";"138 284 388";"A01";"0";"10";"0";"2";"2";"15";"1";""
"201900011862";"138 284 389";"B01";"0";"30";"0";"2";"1";"1";"1";""
"201900011863";"138 284 384";"A01";"2";"7";"0";"2";"1";"9";"1";""
"201900011863";"138 284 385";"B01";"1";"7";"0";"2";"1";"1";"1";""
"201900011864";"138 284 383";"A01";"3";"30";"0";"0";"7";"1";"1";""
"201900011865";"138 284 382";"A01";"2";"7";"0";"1";"1";"1";"1";""
"201900011866";"138 284 379";"A01";"3";"10";"0";"2";"1";"1";"1";""
"201900011866";"138 284 380";"C01";"3";"7";"0";"2";"4";"1";"1";""
"201900011866";"138 284 381";"B01";"3";"7";"0";"2";"4";"23";"1";""
"201900011867";"138 284 378";"A01";"2";"30";"0";"0";"8";"1";"1";""
"201900011868";"138 284 376";"A01";"2";"30";"0";"2";"1";"1";"1";""
"201900011868";"138 284 377";"B01";"2";"10";"0";"2";"4";"1";"1";""
"201900011869";"138 284 375";"A01";"2";"30";"14";"2";"2";"19";"6";""
"201900011870";"138 284 374";"A01";"3";"0";"0";"1";"0";"0";"0";""
"201900011871";"138 284 373";"A01";"1";"33";"15";"1";"1";"25";"0";""
"201900011872";"138 284 372";"A01";"1";"1";"0";"0";"1";"1";"5";""
"201900011873";"138 284 370";"B01";"2";"7";"16";"0";"0";"15";"1";""
"201900011873";"138 284 371";"A01";"1";"7";"0";"1";"2";"14";"1";""
"201900011874";"138 284 369";"A01";"2";"7";"0";"1";"3";"1";"1";""
"201900011875";"138 284 367";"B01";"0";"7";"0";"0";"5";"15";"0";""
"201900011875";"138 284 368";"A01";"1";"7";"14";"0";"3";"1";"0";""
"201900011876";"138 284 365";"A01";"2";"7";"0";"2";"1";"15";"1";""
"201900011876";"138 284 366";"B01";"1";"31";"0";"2";"0";"1";"1";""
"201900011877";"138 284 364";"A01";"2";"38";"0";"1";"1";"16";"1";"1"
"201900011878";"138 284 362";"A01";"1";"7";"0";"2";"3";"1";"0";""
"201900011878";"138 284 363";"B01";"2";"31";"0";"2";"7";"15";"0";""
"201900011879";"138 284 359";"A01";"3";"0";"8";"0";"0";"0";"0";""
"201900011880";"138 284 357";"B01";"2";"2";"0";"2";"1";"1";"1";""
"201900011880";"138 284 358";"A01";"2";"7";"0";"2";"2";"15";"1";""
"201900011881";"138 284 356";"A01";"3";"31";"4";"0";"1";"15";"1";""
"201900011882";"138 284 354";"B01";"2";"7";"0";"2";"4";"23";"0";""
"201900011882";"138 284 355";"A01";"2";"7";"0";"2";"1";"23";"0";""
"201900011883";"138 284 352";"A01";"3";"7";"0";"2";"5";"0";"1";""
"201900011883";"138 284 353";"B01";"3";"7";"0";"2";"2";"0";"1";""
"201900011884";"138 284 350";"B01";"1";"3";"0";"2";"6";"1";"1";""
"201900011884";"138 284 351";"A01";"2";"0";"0";"2";"3";"21";"3";""
"201900011885";"138 284 349";"A01";"3";"7";"0";"1";"1";"1";"0";""
"201900011886";"138 284 347";"A01";"3";"7";"0";"2";"3";"15";"0";""
"201900011886";"138 284 348";"B01";"3";"60";"0";"2";"1";"19";"0";""
"201900011887";"138 284 345";"B01";"2";"7";"0";"2";"6";"1";"1";""
"201900011887";"138 284 346";"A01";"2";"7";"0";"2";"2";"14";"1";""
"201900011888";"138 284 344";"A01";"2";"7";"14";"1";"2";"19";"0";""
"201900011889";"138 284 343";"A01";"3";"7";"0";"1";"1";"1";"1";""
"201900011890";"138 284 340";"B01";"1";"7";"0";"2";"1";"1";"1";""
"201900011890";"138 284 341";"A01";"2";"30";"0";"2";"1";"5";"1";""
"201900011891";"138 284 339";"A01";"1";"10";"0";"1";"1";"1";"1";""
"201900011892";"138 284 336";"A01";"1";"7";"0";"1";"1";"1";"0";""
"201900011893";"138 284 335";"A01";"2";"7";"0";"1";"2";"1";"1";""
"201900011894";"138 284 332";"A01";"3";"7";"0";"2";"1";"1";"1";""
"201900011894";"138 284 333";"B01";"3";"7";"0";"2";"1";"1";"0";""
"201900011895";"138 284 329";"A01";"3";"7";"0";"1";"1";"1";"2";""
"201900011896";"138 284 327";"B01";"1";"7";"0";"2";"3";"1";"1";""
"201900011896";"138 284 328";"A01";"2";"2";"0";"2";"2";"19";"1";""
"201900011897";"138 284 322";"A01";"2";"7";"0";"2";"1";"9";"1";""
"201900011897";"138 284 323";"B01";"3";"1";"0";"2";"1";"1";"5";""
"201900011898";"138 284 320";"B01";"2";"7";"0";"2";"1";"1";"1";""
"201900011898";"138 284 321";"A01";"1";"10";"0";"2";"1";"13";"1";""
"201900011899";"138 284 317";"A01";"1";"7";"0";"2";"1";"1";"1";""
"201900011899";"138 284 318";"B01";"1";"7";"0";"2";"4";"1";"1";""
"201900011899";"138 284 319";"C01";"1";"7";"0";"2";"4";"1";"1";""
"201900011900";"138 284 316";"H01";"0";"7";"0";"1";"1";"1";"1";""
"201900011901";"138 284 315";"E01";"0";"10";"0";"1";"1";"1";"1";""
"201900011902";"138 284 314";"A01";"0";"7";"0";"1";"1";"1";"1";""
"201900011903";"138 284 313";"A01";"1";"7";"0";"0";"3";"11";"1";""
"201900011904";"138 284 310";"A01";"1";"7";"0";"1";"3";"1";"1";""
"201900011905";"138 284 308";"B01";"1";"7";"0";"2";"6";"15";"1";""
"201900011905";"138 284 309";"A01";"1";"32";"0";"2";"1";"17";"1";""
"201900011906";"138 284 306";"B01";"1";"30";"0";"0";"2";"1";"1";""
"201900011906";"138 284 307";"A01";"1";"7";"0";"2";"3";"15";"1";""
"201900011907";"138 284 305";"A01";"3";"10";"0";"1";"0";"1";"1";""
"201900011908";"138 284 303";"A01";"1";"7";"0";"2";"2";"15";"1";""
"201900011908";"138 284 304";"B01";"2";"1";"0";"2";"1";"1";"5";""
"201900011909";"138 284 301";"B01";"2";"7";"0";"2";"4";"1";"1";""
"201900011909";"138 284 302";"A01";"2";"7";"0";"2";"1";"1";"1";""
"201900011910";"138 284 298";"A01";"2";"32";"0";"2";"1";"17";"1";""
"201900011910";"138 284 299";"B01";"1";"33";"0";"2";"3";"1";"1";""
"201900011910";"138 284 300";"C01";"2";"7";"0";"2";"8";"2";"1";""
"201900011911";"138 284 296";"B01";"1";"7";"0";"2";"3";"15";"1";""
"201900011911";"138 284 297";"A01";"0";"33";"0";"2";"7";"3";"1";""
"201900011912";"138 284 294";"A01";"3";"7";"0";"2";"3";"9";"1";""
"201900011912";"138 284 295";"B01";"3";"1";"0";"2";"1";"1";"5";""
"201900011913";"138 284 292";"B01";"0";"7";"0";"2";"1";"26";"1";""
"201900011913";"138 284 293";"A01";"3";"7";"0";"2";"5";"19";"1";""
"201900011914";"138 284 290";"B01";"1";"2";"0";"2";"1";"1";"1";""
"201900011914";"138 284 291";"A01";"1";"10";"0";"2";"8";"19";"1";""
"201900011915";"138 284 289";"A01";"2";"7";"14";"1";"3";"26";"0";""
"201900011916";"138 284 288";"A01";"3";"10";"0";"1";"2";"9";"0";""
"201900011917";"138 284 286";"A01";"1";"30";"0";"2";"1";"1";"1";""
"201900011917";"138 284 287";"B01";"1";"7";"0";"2";"4";"1";"1";""
"201900011918";"138 284 284";"B01";"1";"10";"0";"2";"1";"1";"0";""
"201900011918";"138 284 285";"A01";"2";"7";"0";"2";"1";"5";"0";""
"201900011919";"138 284 281";"A01";"0";"10";"0";"0";"0";"0";"0";""
"201900011919";"138 284 282";"B01";"2";"2";"0";"0";"0";"2";"1";""
"201900011919";"138 284 283";"C01";"2";"10";"0";"2";"0";"2";"1";""
"201900011920";"138 284 277";"Z01";"0";"7";"0";"2";"1";"0";"0";""
"201900011920";"138 284 278";"A01";"3";"7";"0";"2";"8";"19";"0";""
"201900011921";"138 284 272";"A01";"3";"7";"0";"2";"2";"15";"1";""
"201900011921";"138 284 273";"B01";"1";"7";"0";"2";"9";"1";"1";""
"201900011922";"138 284 271";"A01";"1";"7";"0";"1";"2";"1";"1";""
"201900011923";"138 284 270";"B01";"2";"50";"0";"2";"8";"1";"3";""
"201900011924";"138 284 269";"A01";"1";"7";"0";"1";"1";"1";"1";""
"201900011925";"138 284 268";"A01";"3";"7";"4";"0";"8";"13";"1";""
"201900011926";"138 284 267";"A01";"1";"7";"3";"0";"5";"1";"1";""
"201900011927";"138 284 265";"B01";"0";"1";"0";"2";"4";"23";"5";""
"201900011927";"138 284 266";"A01";"0";"7";"0";"2";"1";"1";"1";""
"201900011928";"138 284 264";"A01";"2";"7";"8";"0";"2";"14";"1";""
"201900011929";"138 284 261";"A01";"2";"7";"0";"2";"1";"1";"1";""
"201900011929";"138 284 262";"B01";"2";"7";"0";"2";"4";"1";"1";""
"201900011929";"138 284 263";"C01";"2";"7";"0";"2";"4";"1";"1";""
"201900011930";"138 284 259";"A01";"0";"3";"0";"2";"3";"13";"1";""
"201900011930";"138 284 260";"B01";"0";"7";"0";"2";"1";"1";"1";""
"201900011931";"138 284 257";"A01";"1";"7";"0";"2";"1";"0";"1";""
"201900011931";"138 284 258";"B01";"1";"7";"0";"2";"6";"0";"1";""
"201900011932";"138 284 255";"A01";"1";"33";"0";"2";"8";"0";"1";""
"201900011932";"138 284 256";"B01";"1";"7";"0";"2";"1";"0";"1";""
"201900011933";"138 284 254";"A01";"2";"7";"0";"1";"2";"1";"1";""
"201900011934";"138 284 252";"A01";"3";"7";"0";"2";"8";"1";"1";""
"201900011934";"138 284 253";"B01";"3";"7";"0";"2";"2";"1";"1";""
"201900011935";"138 284 250";"B01";"1";"1";"0";"2";"4";"0";"5";""
"201900011935";"138 284 251";"Z01";"1";"7";"0";"2";"0";"0";"0";""
"201900011936";"138 284 248";"B01";"3";"1";"0";"2";"1";"23";"0";""
"201900011936";"138 284 249";"A01";"3";"10";"0";"2";"4";"26";"1";""
"201900011937";"138 284 247";"A01";"3";"7";"1";"0";"1";"20";"1";""
"201900011938";"138 284 245";"A01";"3";"7";"0";"2";"3";"10";"1";""
"201900011938";"138 284 246";"B01";"3";"1";"0";"2";"1";"1";"5";""
"201900011939";"138 284 243";"B01";"3";"1";"0";"2";"7";"1";"5";""
"201900011939";"138 284 244";"A01";"3";"7";"0";"2";"1";"9";"1";""
"201900011940";"138 284 242";"A01";"1";"30";"0";"1";"1";"17";"1";""
"201900011941";"138 284 240";"B01";"2";"1";"0";"2";"0";"26";"5";""
"201900011941";"138 284 241";"Z01";"0";"7";"0";"0";"0";"0";"0";""
"201900011942";"138 284 238";"B01";"1";"7";"0";"2";"1";"1";"1";""
"201900011942";"138 284 239";"A01";"2";"7";"0";"2";"5";"15";"1";""
"201900011943";"138 284 237";"Z01";"3";"7";"0";"1";"2";"16";"1";""
"201900011944";"138 284 232";"B01";"1";"33";"0";"2";"5";"16";"1";""
"201900011944";"138 284 233";"A01";"2";"7";"0";"2";"3";"1";"1";""
"201900011945";"138 284 231";"A01";"2";"7";"0";"1";"2";"1";"1";""
"201900011946";"138 284 229";"A01";"1";"7";"0";"2";"6";"1";"1";""
"201900011946";"138 284 230";"B01";"1";"2";"0";"2";"1";"15";"1";""
"201900011947";"138 284 227";"A01";"2";"10";"0";"2";"3";"15";"1";""
"201900011947";"138 284 228";"B01";"1";"1";"0";"2";"1";"1";"5";""
"201900011948";"138 284 225";"B01";"1";"33";"0";"2";"1";"1";"1";""
"201900011948";"138 284 226";"A01";"2";"7";"0";"2";"3";"15";"1";""
"201900011949";"138 284 221";"D01";"0";"7";"0";"2";"4";"1";"1";""
"201900011949";"138 284 222";"C01";"0";"7";"0";"2";"4";"0";"1";""
"201900011949";"138 284 223";"B01";"0";"7";"0";"2";"4";"0";"1";""
"201900011949";"138 284 224";"A01";"0";"7";"0";"2";"1";"1";"1";""
"201900011950";"138 284 220";"A01";"2";"7";"0";"1";"1";"1";"1";""
"201900011951";"138 284 215";"A01";"1";"15";"0";"2";"1";"14";"1";""
"201900011951";"138 284 216";"B01";"1";"7";"0";"2";"9";"1";"1";""
"201900011951";"138 284 217";"C01";"1";"7";"0";"2";"9";"1";"1";""
"201900011951";"138 284 218";"D01";"1";"10";"0";"2";"9";"1";"1";""
"201900011951";"138 284 219";"E01";"1";"7";"0";"2";"9";"1";"1";""
"201900011952";"138 284 213";"A01";"2";"10";"0";"2";"1";"2";"1";""
"201900011952";"138 284 214";"B01";"2";"1";"0";"2";"4";"2";"5";""
"201900011953";"138 284 211";"A01";"3";"7";"0";"1";"6";"2";"3";""
"201900011954";"138 284 210";"A01";"1";"7";"0";"0";"1";"13";"1";""
"201900011955";"138 284 208";"B01";"0";"7";"0";"2";"1";"1";"1";""
"201900011955";"138 284 209";"A01";"0";"7";"0";"2";"2";"1";"1";""
"201900011956";"138 284 206";"B01";"3";"1";"0";"2";"1";"1";"0";""
"201900011956";"138 284 207";"A01";"0";"7";"0";"2";"2";"16";"1";""
"201900011957";"138 284 204";"B01";"2";"1";"0";"2";"4";"1";"5";""
"201900011957";"138 284 205";"A01";"2";"14";"0";"2";"1";"1";"1";""
"201900011958";"138 284 202";"B01";"2";"7";"0";"2";"1";"16";"1";""
"201900011958";"138 284 203";"A01";"1";"30";"0";"2";"1";"3";"1";""
"201900011959";"138 284 199";"C01";"3";"7";"0";"2";"3";"0";"1";""
"201900011959";"138 284 200";"B01";"3";"7";"0";"2";"3";"0";"1";""
"201900011959";"138 284 201";"A01";"3";"7";"0";"2";"2";"1";"1";""
"201900011960";"138 284 198";"A01";"1";"32";"0";"0";"7";"1";"1";""
"201900011961";"138 284 196";"A01";"2";"33";"1";"2";"1";"17";"1";""
"201900011961";"138 284 197";"B01";"2";"7";"0";"0";"0";"1";"1";""
"201900011962";"138 284 194";"A01";"1";"7";"2";"0";"1";"1";"1";""
"201900011963";"138 284 192";"B01";"1";"7";"0";"2";"1";"1";"1";""
"201900011963";"138 284 193";"A01";"1";"7";"0";"2";"1";"15";"1";""
"201900011964";"138 284 191";"A01";"1";"7";"0";"1";"1";"1";"0";""
"201900011965";"138 284 190";"A01";"1";"7";"0";"1";"5";"1";"1";""
"201900011966";"138 284 188";"A01";"1";"30";"0";"2";"1";"2";"1";""
"201900011966";"138 284 189";"B01";"1";"7";"0";"2";"6";"2";"1";""
"201900011967";"138 284 187";"A01";"2";"7";"8";"1";"3";"1";"1";""
"201900011968";"138 284 186";"A01";"3";"7";"1";"0";"1";"26";"1";""
"201900011969";"138 284 185";"A01";"2";"37";"0";"1";"2";"1";"1";"1"
"201900011970";"138 284 183";"A01";"1";"31";"0";"2";"4";"2";"1";""
"201900011970";"138 284 184";"B01";"1";"31";"0";"2";"1";"2";"1";""
"201900011971";"138 284 182";"A01";"2";"1";"0";"1";"1";"7";"5";""
"201900011972";"138 284 180";"A01";"1";"37";"0";"2";"6";"9";"1";"1"
"201900011972";"138 284 181";"B01";"1";"1";"0";"2";"2";"14";"5";""
"201900011973";"138 284 178";"B01";"1";"1";"0";"2";"1";"18";"5";""
"201900011973";"138 284 179";"A01";"1";"7";"0";"2";"2";"16";"1";""
"201900011974";"138 284 176";"A01";"2";"7";"0";"2";"2";"1";"1";""
"201900011974";"138 284 177";"B01";"3";"50";"0";"2";"1";"9";"3";""
"201900011975";"138 284 175";"A01";"1";"37";"0";"1";"2";"1";"4";"1"
"201900011976";"138 284 174";"A01";"2";"33";"0";"0";"0";"21";"1";""
"201900011977";"138 284 173";"A01";"3";"7";"0";"1";"6";"4";"1";""
"201900011978";"138 284 171";"B01";"2";"7";"1";"2";"3";"15";"1";""
"201900011978";"138 284 172";"A01";"2";"34";"0";"2";"1";"1";"1";""
"201900011979";"138 284 170";"A01";"1";"7";"0";"1";"3";"9";"1";""
"201900011980";"138 284 169";"A01";"1";"7";"0";"1";"8";"1";"1";""
"201900011981";"138 284 166";"A01";"2";"32";"0";"2";"3";"1";"1";""
"201900011981";"138 284 167";"B01";"2";"7";"0";"2";"3";"23";"1";""
"201900011981";"138 284 168";"Z01";"2";"7";"0";"2";"7";"22";"1";""
"201900011982";"138 284 165";"A01";"2";"37";"0";"0";"0";"21";"2";"2"
"201900011983";"138 284 163";"A01";"3";"1";"0";"2";"1";"1";"5";""
"201900011983";"138 284 164";"Z01";"3";"7";"0";"2";"1";"16";"1";""
"201900011984";"138 284 161";"A01";"1";"37";"0";"2";"2";"12";"1";"1"
"201900011984";"138 284 162";"B01";"1";"7";"0";"2";"3";"1";"1";""
"201900011985";"138 284 160";"A01";"2";"30";"0";"1";"7";"1";"1";""
"201900011986";"138 284 158";"B01";"2";"10";"0";"2";"8";"15";"1";""
"201900011986";"138 284 159";"A01";"2";"30";"0";"2";"1";"5";"1";""
"201900011987";"138 284 156";"B01";"2";"1";"0";"2";"0";"18";"5";""
"201900011987";"138 284 157";"A01";"2";"7";"0";"2";"0";"1";"1";""
"201900011988";"138 284 154";"A01";"2";"7";"0";"2";"1";"2";"3";""
"201900011988";"138 284 155";"B01";"2";"7";"0";"2";"4";"23";"2";""
"201900011989";"138 284 151";"A01";"2";"7";"0";"2";"3";"13";"1";""
"201900011989";"138 284 152";"B01";"2";"30";"0";"2";"8";"3";"3";""
"201900011989";"138 284 153";"C01";"2";"7";"0";"2";"7";"1";"1";""
"201900011990";"138 284 149";"B01";"2";"1";"0";"2";"1";"13";"5";""
"201900011990";"138 284 150";"A01";"1";"80";"0";"2";"1";"1";"2";""
"201900011991";"138 284 147";"A01";"3";"43";"0";"2";"8";"1";"1";""
"201900011991";"138 284 148";"B01";"3";"7";"0";"2";"2";"1";"1";""
"201900011992";"138 284 146";"A01";"2";"7";"0";"1";"4";"4";"1";""
"201900011993";"138 284 145";"A01";"2";"30";"0";"1";"1";"5";"1";""
"201900011994";"138 284 144";"A01";"0";"7";"0";"1";"2";"1";"0";""
"201900011995";"138 284 143";"A01";"2";"7";"0";"1";"2";"1";"1";""
"201900011996";"138 284 141";"B01";"1";"7";"0";"0";"0";"0";"1";""
"201900011996";"138 284 142";"A01";"1";"30";"0";"0";"0";"1";"1";""
"201900011997";"138 284 139";"A01";"0";"10";"0";"2";"3";"2";"0";""
"201900011997";"138 284 140";"B01";"0";"50";"0";"2";"2";"17";"3";""
"201900011998";"138 284 137";"A01";"0";"7";"0";"2";"5";"15";"1";""
"201900011998";"138 284 138";"B01";"0";"7";"0";"2";"2";"0";"1";""
"201900011999";"138 284 135";"A01";"1";"7";"0";"2";"3";"20";"0";""
"201900011999";"138 284 136";"B01";"1";"7";"0";"2";"2";"1";"0";""
"201900012000";"138 284 130";"B01";"2";"34";"0";"2";"2";"1";"1";""
"201900012000";"138 284 131";"A01";"2";"7";"0";"2";"3";"15";"1";""
"201900012001";"138 284 129";"A01";"1";"7";"0";"1";"3";"1";"0";""
"201900012002";"138 284 127";"A01";"1";"7";"0";"2";"1";"2";"1";""
"201900012002";"138 284 128";"B01";"1";"7";"14";"0";"4";"1";"1";""