"Num_Acc";"id_vehicule";"num_veh";"senc";"catv";"obs";"obsm";"choc";"manv";"motor";"occutc"
"201900012003";"138 284 125";"A01";"1";"10";"0";"2";"2";"1";"0";""
"201900012003";"138 284 126";"B01";"1";"7";"0";"2";"3";"1";"0";""
"201900012004";"138 284 123";"B01";"3";"1";"0";"2";"3";"16";"0";""
"201900012004";"138 284 124";"A01";"3";"7";"0";"2";"2";"15";"1";""
"201900012005";"138 284 122";"A01";"3";"7";"0";"1";"1";"1";"1";""
"201900012006";"138 284 120";"A01";"1";"7";"0";"0";"2";"15";"1";""
"201900012006";"138 284 121";"B01";"2";"32";"0";"0";"3";"26";"1";""
"201900012007";"138 284 119";"A01";"3";"7";"0";"1";"2";"23";"1";""
"201900012008";"138 284 117";"B01";"0";"7";"14";"0";"1";"2";"1";""
"201900012008";"138 284 118";"A01";"0";"14";"0";"0";"4";"23";"1";""
"201900012009";"138 284 116";"B01";"1";"1";"1";"0";"0";"21";"0";""
"201900012010";"138 284 114";"B01";"1";"33";"0";"2";"4";"2";"1";""
"201900012010";"138 284 115";"A01";"1";"7";"0";"2";"1";"9";"1";""
"201900012011";"138 284 113";"A01";"3";"33";"10";"0";"7";"17";"1";""
"201900012012";"138 284 112";"A01";"1";"33";"6";"0";"1";"14";"1";""
"201900012013";"138 284 111";"A01";"1";"7";"0";"1";"2";"2";"1";""
"201900012014";"138 284 109";"B01";"0";"7";"0";"2";"2";"1";"1";""
"201900012014";"138 284 110";"A01";"0";"32";"0";"2";"1";"5";"1";""
"201900012015";"138 284 107";"A01";"1";"2";"0";"2";"8";"16";"1";""
"201900012015";"138 284 108";"B01";"1";"7";"0";"2";"2";"1";"1";""
"201900012016";"138 284 105";"B01";"2";"7";"0";"2";"3";"1";"1";""
"201900012016";"138 284 106";"A01";"1";"7";"0";"2";"3";"13";"1";""
"201900012017";"138 284 102";"C01";"0";"7";"0";"2";"4";"23";"1";""
"201900012017";"138 284 103";"B01";"0";"7";"8";"2";"4";"23";"1";""
"201900012017";"138 284 104";"A01";"0";"10";"0";"2";"1";"1";"1";""
"201900012018";"138 284 100";"B01";"2";"7";"0";"2";"3";"1";"1";""
"201900012018";"138 284 101";"A01";"1";"7";"0";"2";"3";"17";"1";""
"201900012019";"138 284 099";"A01";"2";"7";"2";"0";"1";"1";"0";""
"201900012020";"138 284 098";"A01";"1";"7";"2";"0";"1";"1";"0";""
"201900012021";"138 284 097";"A01";"2";"7";"0";"0";"1";"1";"1";""
"201900012022";"138 284 095";"B01";"2";"7";"0";"2";"1";"1";"1";""
"201900012022";"138 284 096";"A01";"1";"7";"0";"2";"1";"13";"1";""
"201900012023";"138 284 093";"B01";"2";"99";"0";"2";"3";"1";"1";""
"201900012023";"138 284 094";"A01";"1";"7";"0";"2";"3";"13";"1";""
"201900012024";"138 284 092";"A01";"1";"21";"0";"0";"9";"1";"1";""
"201900012025";"138 284 090";"B01";"2";"7";"0";"2";"2";"2";"1";""
"201900012025";"138 284 091";"A01";"2";"7";"0";"0";"4";"2";"1";""
"201900012026";"138 284 088";"B01";"2";"1";"0";"2";"6";"1";"5";""
"201900012026";"138 284 089";"A01";"2";"7";"0";"2";"2";"17";"1";""
"201900012027";"138 284 087";"A01";"0";"33";"3";"0";"2";"1";"1";""
"201900012028";"138 284 085";"A01";"2";"33";"13";"0";"3";"1";"1";""
"201900012029";"138 284 083";"A01";"2";"7";"0";"2";"1";"1";"1";""
"201900012029";"138 284 084";"B01";"2";"7";"14";"0";"4";"1";"1";""
"201900012030";"138 284 080";"A01";"2";"2";"0";"2";"4";"2";"1";""
"201900012030";"138 284 081";"B01";"2";"7";"0";"0";"0";"15";"1";""
"201900012030";"138 284 082";"C01";"2";"2";"0";"2";"1";"2";"1";""
"201900012031";"138 284 072";"B01";"2";"7";"0";"2";"4";"2";"1";""
"201900012031";"138 284 073";"C01";"2";"33";"0";"0";"4";"2";"1";""
"201900012031";"138 284 074";"A01";"2";"17";"0";"2";"1";"2";"1";""
"201900012032";"138 284 071";"A01";"2";"7";"13";"0";"2";"1";"1";""
"201900012033";"138 284 069";"A01";"3";"7";"0";"2";"1";"15";"1";""
"201900012033";"138 284 070";"B01";"3";"33";"0";"2";"1";"1";"1";""
"201900012034";"138 284 067";"B01";"0";"1";"0";"2";"0";"0";"0";""
"201900012034";"138 284 068";"A01";"2";"7";"0";"9";"2";"0";"1";""
"201900012035";"138 284 065";"B01";"1";"7";"0";"2";"1";"1";"1";""
"201900012035";"138 284 066";"A01";"2";"7";"0";"2";"1";"13";"1";""
"201900012036";"138 284 063";"A01";"0";"33";"0";"2";"3";"2";"1";""
"201900012036";"138 284 064";"B01";"3";"7";"0";"2";"3";"13";"0";""
"201900012037";"138 284 061";"A01";"1";"32";"0";"2";"1";"17";"1";""
"201900012037";"138 284 062";"B01";"1";"21";"0";"2";"6";"15";"1";""
"201900012038";"138 284 060";"A01";"2";"7";"2";"0";"3";"13";"1";""
"201900012039";"138 284 058";"B01";"1";"1";"0";"2";"1";"1";"5";""
"201900012039";"138 284 059";"A01";"2";"7";"0";"2";"5";"15";"1";""
"201900012040";"138 284 057";"A01";"3";"7";"0";"1";"3";"2";"1";""
"201900012041";"138 284 052";"A01";"1";"7";"0";"0";"1";"0";"0";""
"201900012041";"138 284 053";"B01";"2";"7";"7";"0";"4";"0";"0";""
"201900012042";"138 284 051";"A01";"1";"7";"0";"1";"2";"2";"0";""
"201900012043";"138 284 050";"A01";"3";"7";"0";"1";"2";"1";"1";""
"201900012044";"138 284 048";"B01";"1";"14";"0";"2";"3";"1";"1";""
"201900012044";"138 284 049";"A01";"2";"7";"0";"2";"3";"1";"1";""
"201900012045";"138 284 047";"A01";"1";"7";"0";"1";"3";"1";"1";""
"201900012046";"138 284 046";"A01";"1";"7";"0";"0";"0";"1";"1";""
"201900012047";"138 284 044";"B01";"0";"31";"0";"2";"4";"15";"0";""
"201900012047";"138 284 045";"A01";"3";"7";"0";"2";"1";"2";"0";""
"201900012048";"138 284 041";"A01";"2";"7";"0";"1";"1";"16";"0";""
"201900012049";"138 284 039";"A01";"1";"10";"0";"2";"4";"1";"1";""
"201900012049";"138 284 040";"B01";"1";"7";"0";"2";"1";"2";"1";""
"201900012050";"138 284 037";"A01";"2";"33";"0";"2";"3";"18";"1";""
"201900012050";"138 284 038";"B01";"2";"33";"0";"2";"7";"14";"1";""
"201900012051";"138 284 035";"A01";"1";"10";"0";"0";"0";"11";"1";""
"201900012051";"138 284 036";"B01";"1";"33";"0";"0";"8";"1";"1";""
"201900012052";"138 284 032";"A01";"2";"7";"0";"2";"1";"2";"1";""
"201900012052";"138 284 033";"B01";"2";"7";"0";"2";"4";"23";"1";""
"201900012052";"138 284 034";"C01";"2";"7";"0";"2";"4";"23";"1";""
"201900012053";"138 284 031";"A01";"2";"7";"13";"0";"9";"14";"1";""
"201900012054";"138 284 029";"A01";"2";"7";"0";"2";"3";"11";"1";""
"201900012054";"138 284 030";"B01";"2";"33";"0";"2";"2";"3";"1";""
"201900012055";"138 284 027";"B01";"2";"33";"0";"2";"8";"3";"1";""
"201900012055";"138 284 028";"A01";"2";"7";"0";"2";"2";"12";"1";""
"201900012056";"138 284 026";"A01";"2";"10";"0";"0";"1";"1";"1";""
"201900012057";"138 284 025";"A01";"2";"31";"0";"2";"8";"1";"0";""
"201900012058";"138 284 022";"C01";"1";"7";"0";"2";"4";"2";"2";""
"201900012058";"138 284 023";"B01";"1";"7";"0";"2";"4";"2";"1";""
"201900012058";"138 284 024";"A01";"1";"10";"0";"2";"1";"2";"1";""
"201900012059";"138 284 020";"B01";"1";"32";"0";"2";"3";"3";"1";""
"201900012059";"138 284 021";"A01";"1";"7";"0";"2";"2";"12";"1";""
"201900012060";"138 284 017";"C01";"2";"17";"0";"2";"6";"1";"1";""
"201900012060";"138 284 018";"B01";"2";"32";"0";"2";"8";"3";"1";""
"201900012060";"138 284 019";"A01";"2";"7";"0";"2";"7";"12";"1";""
"201900012061";"138 284 015";"A01";"1";"7";"0";"2";"8";"11";"1";""
"201900012061";"138 284 016";"B01";"1";"7";"0";"2";"7";"1";"1";""
"201900012062";"138 284 014";"A01";"1";"7";"4";"0";"8";"13";"1";""
"201900012063";"138 284 009";"B01";"2";"7";"0";"2";"4";"2";"1";""
"201900012063";"138 284 010";"C01";"2";"32";"0";"2";"8";"3";"1";""
"201900012063";"138 284 011";"D01";"2";"7";"0";"2";"8";"2";"1";""
"201900012063";"138 284 012";"E01";"2";"7";"0";"0";"4";"2";"1";""
"201900012063";"138 284 013";"A01";"2";"7";"0";"2";"3";"14";"1";""
"201900012064";"138 284 006";"B01";"3";"34";"0";"2";"0";"1";"1";""
"201900012064";"138 284 007";"A01";"3";"7";"0";"2";"8";"1";"1";""
"201900012065";"138 284 002";"B01";"2";"30";"0";"2";"1";"1";"0";""
"201900012065";"138 284 003";"A01";"2";"7";"0";"2";"7";"15";"1";""
"201900012066";"138 284 000";"A01";"1";"7";"0";"1";"1";"1";"1";""
"201900012067";"138 283 999";"A01";"2";"7";"7";"1";"1";"3";"1";""
"201900012068";"138 283 998";"A01";"1";"7";"0";"1";"7";"1";"1";""
"201900012069";"138 283 996";"A01";"2";"7";"0";"2";"1";"2";"1";""
"201900012069";"138 283 997";"B01";"2";"7";"0";"2";"4";"2";"1";""
"201900012070";"138 283 995";"A01";"3";"3";"0";"1";"2";"1";"1";""
"201900012071";"138 283 993";"B01";"1";"7";"0";"2";"3";"19";"1";""
"201900012071";"138 283 994";"A01";"2";"7";"0";"2";"2";"15";"1";""
"201900012072";"138 283 991";"A01";"3";"7";"14";"0";"1";"9";"1";""
"201900012072";"138 283 992";"B01";"1";"7";"0";"2";"2";"1";"1";""
"201900012073";"138 283 989";"B01";"1";"7";"0";"2";"2";"1";"1";""
"201900012073";"138 283 990";"A01";"1";"7";"4";"2";"0";"9";"1";""
"201900012074";"138 283 987";"A01";"2";"33";"0";"2";"4";"12";"1";""
"201900012074";"138 283 988";"B01";"2";"7";"4";"2";"1";"1";"1";""
"201900012075";"138 283 984";"A01";"2";"7";"0";"2";"1";"1";"1";""
"201900012075";"138 283 985";"B01";"2";"2";"0";"2";"4";"1";"1";""
"201900012075";"138 283 986";"C01";"2";"7";"0";"2";"4";"1";"1";""
"201900012076";"138 283 982";"A01";"2";"7";"6";"2";"1";"17";"1";""
"201900012076";"138 283 983";"B01";"2";"7";"0";"2";"4";"15";"1";""
"201900012077";"138 283 981";"A01";"1";"7";"12";"1";"1";"14";"1";""
"201900012078";"138 283 980";"A01";"1";"30";"0";"0";"8";"0";"1";""
"201900012079";"138 283 979";"A01";"3";"7";"0";"1";"1";"11";"1";""
"201900012080";"138 283 977";"A01";"3";"7";"0";"2";"1";"1";"1";""
"201900012080";"138 283 978";"B01";"3";"7";"0";"2";"4";"1";"1";""
"201900012081";"138 283 975";"B01";"1";"2";"0";"2";"1";"1";"1";""
"201900012081";"138 283 976";"A01";"2";"7";"0";"2";"1";"15";"1";""
"201900012082";"138 283 973";"B01";"1";"33";"0";"2";"1";"17";"1";""
"201900012082";"138 283 974";"A01";"1";"7";"0";"2";"3";"15";"1";""
"201900012083";"138 283 972";"A01";"1";"7";"0";"1";"1";"17";"1";""
"201900012084";"138 283 970";"A01";"1";"30";"0";"9";"2";"1";"1";""
"201900012085";"138 283 969";"A01";"1";"7";"0";"0";"0";"17";"1";""
"201900012086";"138 283 965";"A01";"1";"10";"0";"2";"1";"1";"0";""
"201900012086";"138 283 966";"B01";"1";"7";"0";"2";"4";"1";"0";""
"201900012086";"138 283 967";"C01";"1";"7";"0";"2";"4";"2";"0";""
"201900012086";"138 283 968";"D01";"1";"10";"0";"2";"4";"1";"0";""
"201900012087";"138 283 963";"A01";"2";"37";"0";"1";"1";"7";"1";"1"
"201900012088";"138 283 961";"Z01";"1";"33";"0";"2";"8";"16";"1";""
"201900012088";"138 283 962";"A01";"2";"60";"0";"2";"0";"19";"5";""
"201900012089";"138 283 960";"B01";"1";"50";"1";"0";"5";"1";"3";""
"201900012090";"138 283 959";"A01";"2";"32";"0";"0";"3";"1";"1";""
"201900012091";"138 283 957";"B01";"1";"1";"0";"2";"1";"1";"5";""
"201900012091";"138 283 958";"A01";"1";"7";"0";"2";"8";"22";"1";""
"201900012092";"138 283 956";"A01";"1";"7";"0";"1";"3";"15";"1";""
"201900012093";"138 283 954";"B01";"1";"32";"0";"2";"1";"1";"1";""
"201900012093";"138 283 955";"A01";"2";"7";"0";"2";"2";"15";"1";""
"201900012094";"138 283 953";"A01";"1";"7";"0";"1";"1";"1";"1";""
"201900012095";"138 283 951";"A01";"3";"7";"0";"2";"2";"15";"1";""
"201900012095";"138 283 952";"Z01";"3";"7";"0";"2";"3";"1";"3";""
"201900012096";"138 283 949";"B01";"3";"10";"0";"2";"5";"1";"1";""
"201900012096";"138 283 950";"A01";"3";"34";"0";"2";"6";"18";"1";""
"201900012097";"138 283 947";"A01";"1";"7";"0";"2";"3";"15";"3";""
"201900012097";"138 283 948";"B01";"1";"2";"0";"2";"7";"1";"1";""
"201900012098";"138 283 945";"B01";"2";"7";"0";"2";"1";"1";"1";""
"201900012098";"138 283 946";"A01";"2";"10";"0";"2";"3";"1";"1";""
"201900012099";"138 283 943";"B01";"2";"7";"0";"2";"8";"10";"1";""
"201900012099";"138 283 944";"A01";"2";"30";"0";"2";"1";"1";"1";""
"201900012100";"138 283 941";"B01";"2";"7";"0";"2";"8";"1";"1";""
"201900012100";"138 283 942";"A01";"2";"32";"0";"2";"8";"1";"1";""
"201900012101";"138 283 940";"A01";"1";"7";"1";"0";"2";"14";"1";""
"201900012102";"138 283 938";"A01";"2";"30";"0";"2";"2";"17";"3";""
"201900012102";"138 283 939";"B01";"2";"7";"0";"2";"3";"15";"1";""
"201900012103";"138 283 936";"B01";"2";"33";"0";"2";"3";"7";"1";""
"201900012103";"138 283 937";"A01";"2";"10";"0";"2";"7";"16";"1";""
"201900012104";"138 283 935";"A01";"1";"7";"0";"1";"1";"1";"1";""
"201900012105";"138 283 934";"A01";"1";"7";"0";"1";"2";"1";"1";""
"201900012106";"138 283 933";"Z01";"2";"7";"0";"1";"0";"1";"0";""
"201900012107";"138 283 931";"A01";"1";"33";"0";"2";"8";"18";"1";""
"201900012107";"138 283 932";"B01";"1";"7";"0";"2";"7";"16";"1";""
"201900012108";"138 283 929";"A01";"3";"7";"0";"2";"1";"1";"1";""
"201900012108";"138 283 930";"B01";"3";"7";"0";"2";"5";"23";"1";""
"201900012109";"138 283 927";"B01";"1";"34";"0";"2";"2";"1";"1";""
"201900012109";"138 283 928";"A01";"1";"7";"0";"2";"8";"10";"1";""
"201900012110";"138 283 925";"B01";"1";"7";"0";"2";"6";"23";"3";""
"201900012110";"138 283 926";"A01";"1";"43";"0";"2";"1";"2";"1";""
"201900012111";"138 283 923";"A01";"1";"7";"0";"2";"1";"9";"1";""
"201900012111";"138 283 924";"B01";"1";"33";"0";"2";"5";"17";"1";""
"201900012112";"138 283 922";"A01";"2";"1";"1";"0";"7";"14";"5";""
"201900012113";"138 283 920";"A01";"2";"7";"0";"2";"3";"15";"1";""
"201900012113";"138 283 921";"B01";"2";"1";"0";"2";"1";"1";"5";""
"201900012114";"138 283 919";"Z01";"2";"7";"0";"1";"4";"20";"0";""
"201900012115";"138 283 917";"A01";"1";"32";"0";"2";"1";"17";"1";""
"201900012115";"138 283 918";"B01";"1";"7";"0";"2";"3";"15";"1";""
"201900012116";"138 283 915";"A01";"2";"32";"0";"2";"2";"17";"1";""
"201900012116";"138 283 916";"B01";"2";"7";"0";"2";"0";"15";"1";""
"201900012117";"138 283 912";"A01";"1";"30";"0";"2";"9";"1";"3";""
"201900012117";"138 283 913";"B01";"1";"7";"0";"2";"2";"23";"1";""
"201900012117";"138 283 914";"C01";"1";"7";"0";"2";"6";"23";"1";""
"201900012118";"138 283 911";"A01";"1";"37";"0";"1";"3";"1";"2";"4"
"201900012119";"138 283 909";"A01";"1";"7";"0";"2";"8";"10";"1";""
"201900012119";"138 283 910";"B01";"1";"2";"0";"2";"1";"1";"1";""
"201900012120";"138 283 908";"A01";"2";"37";"0";"1";"3";"1";"2";"1"
"201900012121";"138 283 907";"A01";"2";"7";"0";"1";"1";"1";"1";""
"201900012122";"138 283 905";"A01";"2";"32";"0";"2";"3";"21";"1";""
"201900012122";"138 283 906";"B01";"2";"1";"0";"2";"4";"1";"5";""
"201900012123";"138 283 904";"A01";"2";"1";"0";"1";"1";"1";"5";""
"201900012124";"138 283 902";"A01";"2";"7";"0";"2";"2";"15";"1";""
"201900012124";"138 283 903";"B01";"1";"1";"0";"2";"8";"1";"5";""
"201900012125";"138 283 901";"A01";"2";"7";"1";"1";"1";"4";"2";""
"201900012126";"138 283 900";"Z01";"1";"30";"0";"1";"0";"16";"1";""
"201900012127";"138 283 898";"B01";"2";"33";"0";"2";"5";"23";"1";""
"201900012127";"138 283 899";"A01";"2";"10";"0";"2";"3";"15";"1";""
"201900012128";"138 283 897";"A01";"2";"10";"0";"1";"8";"15";"1";""
"201900012129";"138 283 896";"A01";"1";"10";"0";"1";"4";"4";"1";""
"201900012130";"138 283 894";"B01";"2";"7";"0";"2";"1";"1";"1";""
"201900012130";"138 283 895";"A01";"2";"1";"0";"2";"7";"1";"5";""
"201900012131";"138 283 893";"Z01";"2";"7";"0";"1";"0";"15";"3";""
"201900012132";"138 283 891";"B01";"2";"1";"0";"2";"5";"13";"5";""
"201900012132";"138 283 892";"A01";"2";"10";"0";"2";"5";"17";"1";""
"201900012133";"138 283 890";"A01";"2";"7";"0";"1";"1";"7";"2";""
"201900012134";"138 283 888";"B01";"2";"30";"0";"2";"7";"1";"3";""
"201900012134";"138 283 889";"A01";"2";"7";"0";"2";"8";"15";"0";""
"201900012135";"138 283 887";"A01";"1";"7";"0";"1";"1";"7";"1";""
"201900012136";"138 283 885";"A01";"1";"1";"0";"2";"0";"1";"5";""
"201900012136";"138 283 886";"Z01";"1";"30";"0";"2";"0";"16";"1";""
"201900012137";"138 283 883";"A01";"1";"2";"0";"2";"1";"7";"1";""
"201900012137";"138 283 884";"B01";"1";"7";"0";"2";"3";"15";"1";""
"201900012138";"138 283 882";"A01";"2";"32";"0";"0";"0";"1";"1";""
"201900012139";"138 283 880";"A01";"1";"7";"0";"2";"3";"15";"2";""
"201900012139";"138 283 881";"B01";"1";"33";"0";"2";"7";"1";"1";""
"201900012140";"138 283 878";"A01";"1";"7";"0";"2";"2";"14";"1";""
"201900012140";"138 283 879";"B01";"1";"33";"0";"2";"6";"1";"1";""
"201900012141";"138 283 877";"A01";"1";"7";"8";"0";"3";"13";"1";""
"201900012142";"138 283 874";"A01";"2";"1";"11";"0";"1";"12";"5";""
"201900012143";"138 283 873";"Z01";"3";"30";"8";"0";"0";"14";"0";""
"201900012144";"138 283 871";"A01";"1";"30";"0";"2";"3";"2";"1";""
"201900012144";"138 283 872";"B01";"1";"7";"0";"2";"4";"15";"1";""
"201900012145";"138 283 869";"B01";"1";"30";"0";"2";"2";"1";"1";""
"201900012145";"138 283 870";"A01";"1";"7";"0";"2";"3";"15";"1";""
"201900012146";"138 283 867";"A01";"3";"14";"0";"2";"7";"14";"1";""
"201900012146";"138 283 868";"B01";"3";"32";"0";"2";"8";"1";"1";""
"201900012147";"138 283 865";"B01";"1";"32";"0";"2";"7";"1";"1";""
"201900012147";"138 283 866";"A01";"1";"7";"0";"2";"3";"15";"1";""
"201900012148";"138 283 864";"A01";"1";"33";"0";"0";"1";"1";"1";""
"201900012149";"138 283 862";"B01";"1";"7";"0";"2";"8";"15";"1";""
"201900012149";"138 283 863";"A01";"1";"30";"0";"2";"7";"17";"1";""
"201900012150";"138 283 861";"A01";"1";"34";"11";"0";"1";"13";"1";""
"201900012151";"138 283 860";"A01";"2";"50";"0";"1";"1";"5";"3";""
"201900012152";"138 283 858";"A01";"1";"7";"0";"2";"3";"2";"1";""
"201900012152";"138 283 859";"B01";"1";"33";"0";"2";"5";"23";"1";""
"201900012153";"138 283 855";"A01";"2";"7";"0";"2";"8";"22";"1";""
"201900012153";"138 283 856";"B01";"2";"33";"0";"2";"9";"17";"1";""
"201900012153";"138 283 857";"C01";"1";"7";"0";"2";"3";"1";"1";""
"201900012154";"138 283 853";"A01";"1";"10";"0";"2";"2";"15";"1";""
"201900012154";"138 283 854";"B01";"2";"32";"0";"2";"3";"1";"1";""
"201900012155";"138 283 851";"B01";"2";"2";"0";"2";"1";"1";"1";""
"201900012155";"138 283 852";"A01";"2";"1";"0";"2";"0";"11";"5";""
"201900012156";"138 283 849";"A01";"1";"34";"0";"2";"1";"1";"1";""
"201900012156";"138 283 850";"Z01";"1";"1";"0";"2";"8";"9";"5";""
"201900012157";"138 283 847";"B01";"2";"7";"0";"2";"1";"1";"1";""
"201900012157";"138 283 848";"A01";"2";"50";"0";"2";"8";"1";"3";""
"201900012158";"138 283 846";"A01";"2";"30";"15";"1";"1";"17";"1";""
"201900012159";"138 283 845";"A01";"2";"30";"7";"0";"1";"14";"1";""
"201900012160";"138 283 844";"A01";"2";"33";"0";"1";"2";"1";"1";""
"201900012161";"138 283 842";"B01";"1";"31";"0";"2";"3";"18";"1";""
"201900012161";"138 283 843";"A01";"1";"7";"0";"2";"2";"14";"1";""
"201900012162";"138 283 840";"A01";"2";"33";"14";"2";"2";"1";"1";""
"201900012162";"138 283 841";"B01";"2";"7";"0";"2";"0";"16";"1";""
"201900012163";"138 283 839";"A01";"1";"31";"0";"2";"0";"15";"1";""
"201900012164";"138 283 837";"B01";"1";"1";"0";"2";"1";"17";"5";""
"201900012164";"138 283 838";"A01";"3";"10";"0";"2";"3";"1";"1";""
"201900012165";"138 283 836";"Z01";"2";"7";"0";"1";"0";"1";"0";""
"201900012166";"138 283 835";"A01";"2";"30";"0";"1";"2";"1";"1";""
"201900012167";"138 283 833";"A01";"1";"30";"0";"2";"1";"7";"1";""
"201900012167";"138 283 834";"B01";"1";"7";"0";"2";"2";"16";"1";""
"201900012168";"138 283 831";"A01";"2";"7";"0";"2";"7";"15";"2";""
"201900012168";"138 283 832";"B01";"1";"34";"0";"2";"1";"1";"1";""
"201900012169";"138 283 830";"A01";"1";"2";"1";"0";"7";"14";"3";""
"201900012170";"138 283 828";"B01";"2";"7";"0";"2";"6";"15";"0";""
"201900012170";"138 283 829";"A01";"2";"30";"0";"2";"1";"1";"0";""
"201900012171";"138 283 826";"B01";"1";"30";"0";"2";"2";"13";"1";""
"201900012171";"138 283 827";"A01";"1";"7";"0";"2";"3";"22";"1";""
"201900012172";"138 283 825";"A01";"1";"3";"0";"1";"2";"1";"0";""
"201900012173";"138 283 823";"Z01";"2";"7";"0";"2";"8";"10";"1";""
"201900012173";"138 283 824";"B01";"1";"2";"0";"2";"1";"26";"1";""
"201900012174";"138 283 821";"B01";"1";"32";"0";"2";"1";"1";"1";""
"201900012174";"138 283 822";"A01";"2";"7";"0";"2";"1";"15";"1";""
"201900012175";"138 283 820";"A01";"1";"7";"8";"0";"1";"2";"1";""
"201900012176";"138 283 818";"B01";"1";"7";"0";"2";"3";"15";"1";""
"201900012176";"138 283 819";"A01";"0";"33";"0";"2";"3";"17";"1";""
"201900012177";"138 283 817";"A01";"0";"7";"12";"0";"1";"1";"1";""
"201900012178";"138 283 815";"B01";"2";"30";"0";"2";"1";"1";"1";""
"201900012178";"138 283 816";"A01";"1";"7";"0";"2";"7";"15";"1";""
"201900012179";"138 283 813";"B01";"1";"2";"1";"2";"2";"1";"0";""
"201900012179";"138 283 814";"A01";"1";"33";"0";"2";"2";"14";"1";""
"201900012180";"138 283 812";"A01";"1";"10";"1";"0";"1";"1";"1";""
"201900012181";"138 283 811";"A01";"1";"7";"1";"0";"1";"1";"0";""
"201900012182";"138 283 809";"A01";"2";"7";"0";"2";"1";"1";"1";""
"201900012182";"138 283 810";"B01";"2";"33";"0";"2";"4";"1";"1";""
"201900012183";"138 283 807";"B01";"2";"2";"0";"2";"3";"1";"1";""
"201900012183";"138 283 808";"A01";"1";"7";"0";"2";"1";"15";"1";""
"201900012184";"138 283 803";"A01";"1";"7";"0";"2";"1";"15";"1";""
"201900012184";"138 283 804";"B01";"2";"33";"0";"2";"3";"1";"1";""
"201900012185";"138 283 801";"B01";"3";"32";"0";"2";"1";"1";"1";""
"201900012185";"138 283 802";"A01";"3";"10";"0";"2";"8";"1";"1";""
"201900012186";"138 283 798";"A01";"2";"10";"8";"2";"3";"13";"1";""
"201900012186";"138 283 799";"B01";"1";"34";"0";"2";"2";"1";"1";""
"201900012186";"138 283 800";"T01";"1";"10";"0";"0";"0";"0";"1";""
"201900012187";"138 283 796";"B01";"1";"33";"0";"2";"1";"1";"1";""
"201900012187";"138 283 797";"A01";"1";"7";"0";"1";"5";"19";"1";""
"201900012188";"138 283 794";"A01";"1";"7";"0";"2";"1";"1";"0";""
"201900012188";"138 283 795";"B01";"1";"7";"0";"2";"2";"1";"0";""
"201900012189";"138 283 791";"B01";"1";"7";"0";"2";"5";"1";"1";""
"201900012189";"138 283 792";"C01";"2";"99";"0";"2";"1";"9";"1";""
"201900012189";"138 283 793";"A01";"1";"2";"0";"2";"1";"16";"1";""
"201900012190";"138 283 789";"A01";"1";"3";"12";"0";"3";"26";"1";""
"201900012190";"138 283 790";"B01";"1";"1";"16";"2";"1";"1";"5";""
"201900012191";"138 283 788";"A01";"1";"10";"1";"0";"2";"21";"0";""
"201900012192";"138 283 787";"A01";"2";"32";"0";"0";"1";"26";"1";""
"201900012193";"138 283 785";"B01";"3";"13";"0";"0";"1";"1";"6";""
"201900012193";"138 283 786";"A01";"3";"13";"0";"0";"7";"1";"0";""
"201900012194";"138 283 773";"B01";"1";"7";"0";"2";"1";"1";"1";""
"201900012194";"138 283 774";"A01";"2";"30";"0";"0";"8";"1";"1";""
"201900012195";"138 283 771";"B01";"1";"34";"1";"2";"7";"2";"0";""
"201900012195";"138 283 772";"A01";"1";"7";"1";"2";"8";"16";"6";""
"201900012196";"138 283 770";"A01";"1";"7";"0";"1";"1";"1";"0";""
"201900012197";"138 283 768";"A01";"3";"1";"0";"2";"3";"0";"0";""
"201900012197";"138 283 769";"B01";"1";"7";"0";"6";"1";"1";"1";""
"201900012198";"138 283 766";"B01";"0";"2";"0";"2";"1";"1";"1";""
"201900012198";"138 283 767";"A01";"0";"7";"0";"0";"6";"20";"0";""
"201900012199";"138 283 765";"A01";"1";"10";"0";"1";"3";"15";"1";""
"201900012200";"138 283 763";"A01";"2";"2";"0";"2";"1";"2";"3";""
"201900012200";"138 283 764";"B01";"2";"7";"0";"2";"4";"2";"0";""
"201900012201";"138 283 762";"A01";"1";"7";"1";"0";"9";"1";"1";""
"201900012202";"138 283 761";"A01";"1";"7";"12";"0";"8";"13";"1";""
"201900012203";"138 283 759";"B01";"1";"7";"0";"2";"6";"23";"0";""
"201900012203";"138 283 760";"A01";"1";"30";"0";"2";"1";"2";"0";""
"201900012204";"138 283 757";"B01";"1";"10";"0";"2";"1";"15";"1";""
"201900012204";"138 283 758";"A01";"1";"10";"0";"2";"7";"15";"1";""
"201900012205";"138 283 756";"A01";"2";"33";"2";"0";"1";"1";"0";""
"201900012206";"138 283 753";"B01";"2";"7";"0";"2";"1";"1";"1";""
"201900012206";"138 283 754";"A01";"1";"7";"0";"2";"1";"1";"1";""
"201900012207";"138 283 752";"A01";"1";"7";"0";"1";"1";"26";"1";""
"201900012208";"138 283 751";"A01";"1";"31";"1";"0";"3";"21";"1";""
"201900012209";"138 283 750";"A01";"3";"10";"0";"2";"6";"15";"1";""
"201900012210";"138 283 749";"A01";"2";"7";"0";"1";"2";"2";"1";""
"201900012211";"138 283 747";"A01";"1";"1";"0";"2";"1";"15";"0";""