"Num_Acc";"id_vehicule";"num_veh";"senc";"catv";"obs";"obsm";"choc";"manv";"motor";"occutc"
"201900012806";"138 282 625";"B01";"1";"80";"0";"0";"8";"19";"3";""
"201900012806";"138 282 626";"A01";"1";"7";"0";"0";"1";"15";"0";""
"201900012807";"138 282 622";"C01";"1";"7";"0";"2";"3";"2";"1";""
"201900012807";"138 282 623";"B01";"0";"7";"0";"2";"8";"2";"1";""
"201900012807";"138 282 624";"A01";"3";"33";"0";"2";"9";"2";"1";""
"201900012808";"138 282 620";"B01";"3";"7";"0";"2";"8";"11";"1";""
"201900012808";"138 282 621";"A01";"3";"7";"0";"2";"1";"1";"1";""
"201900012809";"138 282 618";"B01";"1";"7";"0";"2";"8";"1";"1";""
"201900012809";"138 282 619";"A01";"2";"33";"0";"2";"8";"1";"1";""
"201900012810";"138 282 616";"B01";"2";"33";"0";"2";"3";"1";"1";""
"201900012810";"138 282 617";"A01";"1";"7";"0";"2";"8";"1";"1";""
"201900012811";"138 282 615";"A01";"1";"7";"2";"0";"2";"1";"2";""
"201900012812";"138 282 612";"A01";"1";"33";"0";"0";"0";"1";"1";""
"201900012813";"138 282 611";"A01";"0";"2";"1";"0";"1";"2";"6";""
"201900012814";"138 282 609";"B01";"2";"1";"0";"0";"8";"2";"5";""
"201900012814";"138 282 610";"A01";"2";"15";"0";"9";"2";"2";"1";""
"201900012815";"138 282 608";"A01";"3";"36";"2";"0";"0";"0";"1";""
"201900012816";"138 282 606";"A01";"3";"7";"0";"0";"8";"15";"1";""
"201900012816";"138 282 607";"B01";"3";"33";"0";"2";"1";"1";"1";""
"201900012817";"138 282 604";"B01";"3";"1";"0";"0";"4";"15";"5";""
"201900012817";"138 282 605";"A01";"3";"7";"0";"2";"2";"17";"1";""
"201900012818";"138 282 603";"A01";"1";"7";"13";"0";"2";"0";"1";""
"201900012819";"138 282 602";"A01";"2";"7";"8";"0";"1";"17";"1";""
"201900012820";"138 282 601";"A01";"1";"7";"13";"0";"3";"1";"1";""
"201900012821";"138 282 598";"C01";"1";"7";"0";"2";"6";"2";"1";""
"201900012821";"138 282 599";"B01";"1";"33";"0";"2";"4";"2";"1";""
"201900012821";"138 282 600";"A01";"1";"7";"0";"2";"2";"2";"1";""
"201900012822";"138 282 597";"A01";"3";"10";"0";"1";"2";"1";"1";""
"201900012823";"138 282 595";"B01";"2";"7";"0";"2";"4";"1";"1";""
"201900012823";"138 282 596";"A01";"2";"7";"0";"2";"1";"1";"1";""
"201900012824";"138 282 593";"A01";"2";"7";"0";"0";"0";"13";"1";""
"201900012824";"138 282 594";"B01";"1";"7";"13";"0";"9";"21";"1";""
"201900012825";"138 282 591";"A01";"2";"7";"0";"2";"1";"15";"0";""
"201900012825";"138 282 592";"B01";"1";"33";"0";"2";"1";"0";"0";""
"201900012826";"138 282 590";"A01";"2";"7";"0";"1";"2";"1";"1";""
"201900012827";"138 282 587";"A01";"2";"33";"0";"2";"3";"1";"1";""
"201900012827";"138 282 588";"B01";"1";"7";"0";"9";"3";"5";"1";""
"201900012828";"138 282 584";"A01";"1";"7";"0";"2";"1";"2";"1";""
"201900012828";"138 282 585";"B01";"1";"7";"0";"2";"4";"1";"1";""
"201900012828";"138 282 586";"C01";"1";"7";"0";"2";"4";"1";"1";""
"201900012829";"138 282 583";"A01";"2";"7";"0";"1";"1";"1";"1";""
"201900012830";"138 282 581";"B01";"2";"7";"0";"2";"1";"1";"1";""
"201900012830";"138 282 582";"A01";"1";"7";"0";"2";"1";"1";"1";""
"201900012831";"138 282 580";"A01";"2";"7";"0";"1";"3";"21";"1";""
"201900012832";"138 282 577";"A01";"3";"7";"0";"2";"4";"26";"0";""
"201900012832";"138 282 578";"B01";"3";"7";"0";"2";"1";"23";"0";""
"201900012833";"138 282 576";"A01";"2";"34";"0";"1";"1";"1";"1";""
"201900012834";"138 282 574";"A01";"3";"7";"0";"1";"2";"9";"1";""
"201900012835";"138 282 573";"A01";"3";"7";"0";"1";"1";"1";"1";""
"201900012836";"138 282 571";"B01";"2";"2";"0";"2";"3";"1";"1";""
"201900012836";"138 282 572";"A01";"1";"7";"0";"2";"7";"22";"1";""
"201900012837";"138 282 570";"A01";"3";"7";"0";"1";"1";"1";"0";""
"201900012838";"138 282 562";"A01";"1";"7";"0";"2";"1";"1";"1";""
"201900012838";"138 282 563";"C01";"1";"7";"0";"2";"1";"23";"1";""
"201900012838";"138 282 564";"D01";"1";"7";"0";"2";"4";"23";"1";""
"201900012838";"138 282 565";"B01";"2";"7";"0";"2";"1";"1";"1";""
"201900012839";"138 282 558";"A01";"2";"7";"0";"2";"7";"15";"1";""
"201900012839";"138 282 559";"B01";"1";"2";"0";"2";"8";"1";"1";""
"201900012840";"138 282 557";"A01";"0";"3";"0";"1";"3";"1";"1";""
"201900012841";"138 282 554";"B01";"3";"7";"0";"0";"7";"24";"1";""
"201900012841";"138 282 555";"A01";"0";"7";"1";"0";"2";"1";"1";""
"201900012842";"138 282 552";"B01";"2";"10";"0";"2";"1";"1";"1";""
"201900012842";"138 282 553";"A01";"1";"7";"0";"2";"7";"15";"1";""
"201900012843";"138 282 551";"A01";"0";"7";"0";"1";"3";"1";"1";""
"201900012844";"138 282 548";"A01";"3";"3";"0";"0";"7";"15";"3";""
"201900012845";"138 282 546";"B01";"3";"7";"0";"2";"7";"15";"1";""
"201900012845";"138 282 547";"A01";"3";"7";"0";"2";"1";"1";"1";""
"201900012846";"138 282 545";"A01";"3";"7";"0";"1";"2";"16";"1";""
"201900012847";"138 282 543";"A01";"1";"7";"0";"2";"3";"15";"1";""
"201900012847";"138 282 544";"B01";"2";"31";"0";"2";"1";"1";"1";""
"201900012848";"138 282 541";"A01";"1";"7";"0";"2";"1";"9";"1";""
"201900012848";"138 282 542";"B01";"1";"1";"0";"2";"4";"1";"5";""
"201900012849";"138 282 539";"B01";"1";"7";"0";"2";"4";"2";"0";""
"201900012849";"138 282 540";"A01";"2";"7";"0";"2";"1";"2";"1";""
"201900012850";"138 282 538";"A01";"1";"7";"1";"0";"6";"2";"1";""
"201900012851";"138 282 537";"A01";"3";"31";"0";"0";"8";"26";"1";""
"201900012852";"138 282 535";"A01";"1";"7";"0";"6";"2";"17";"1";""
"201900012852";"138 282 536";"B01";"1";"1";"0";"2";"3";"1";"5";""
"201900012853";"138 282 531";"A01";"1";"7";"0";"2";"1";"19";"1";""
"201900012853";"138 282 532";"B01";"1";"7";"0";"2";"3";"1";"1";""
"201900012854";"138 282 530";"B01";"3";"7";"0";"1";"2";"26";"1";""
"201900012855";"138 282 529";"A01";"1";"7";"0";"1";"2";"10";"1";""
"201900012856";"138 282 527";"A01";"1";"7";"0";"2";"7";"16";"1";""
"201900012856";"138 282 528";"B01";"1";"1";"0";"2";"3";"1";"5";""
"201900012857";"138 282 525";"B01";"1";"7";"0";"2";"4";"1";"1";""
"201900012857";"138 282 526";"A01";"1";"7";"0";"2";"1";"1";"1";""
"201900012858";"138 282 522";"A01";"1";"7";"0";"2";"1";"2";"1";""
"201900012858";"138 282 523";"B01";"1";"7";"0";"2";"4";"1";"1";""
"201900012859";"138 282 520";"A01";"0";"2";"0";"2";"7";"1";"1";""
"201900012859";"138 282 521";"Z01";"0";"7";"0";"2";"3";"2";"1";""
"201900012860";"138 282 518";"A01";"1";"7";"0";"2";"3";"13";"1";""
"201900012860";"138 282 519";"B01";"2";"7";"0";"2";"3";"1";"1";""
"201900012861";"138 282 516";"A01";"2";"7";"0";"2";"3";"15";"1";""
"201900012861";"138 282 517";"B01";"1";"2";"0";"2";"1";"1";"1";""
"201900012862";"138 282 514";"A01";"3";"7";"0";"2";"3";"15";"1";""
"201900012862";"138 282 515";"B01";"3";"1";"0";"2";"1";"1";"5";""
"201900012863";"138 282 513";"A01";"2";"7";"0";"1";"2";"1";"1";""
"201900012864";"138 282 511";"B01";"0";"50";"0";"2";"4";"19";"3";""
"201900012864";"138 282 512";"A01";"0";"40";"0";"9";"4";"1";"3";""
"201900012865";"138 282 510";"A01";"3";"10";"0";"1";"3";"1";"1";""
"201900012866";"138 282 508";"B01";"1";"7";"0";"2";"1";"1";"1";""
"201900012866";"138 282 509";"A01";"2";"7";"0";"2";"7";"15";"1";""
"201900012867";"138 282 505";"A01";"1";"7";"6";"0";"1";"19";"1";""
"201900012868";"138 282 504";"A01";"2";"7";"0";"1";"2";"1";"1";""
"201900012869";"138 282 501";"Z01";"1";"7";"0";"2";"1";"1";"0";""
"201900012870";"138 282 499";"A01";"0";"30";"0";"2";"1";"17";"1";""
"201900012870";"138 282 500";"B01";"3";"7";"0";"2";"6";"15";"1";""
"201900012871";"138 282 497";"B01";"2";"33";"0";"2";"1";"1";"1";""
"201900012871";"138 282 498";"A01";"3";"7";"0";"2";"6";"0";"1";""
"201900012872";"138 282 495";"A01";"3";"7";"0";"2";"1";"1";"1";""
"201900012872";"138 282 496";"B01";"2";"2";"0";"2";"3";"1";"1";""
"201900012873";"138 282 493";"B01";"2";"2";"0";"2";"3";"1";"1";""
"201900012873";"138 282 494";"A01";"2";"7";"0";"2";"8";"15";"1";""
"201900012874";"138 282 491";"B01";"1";"7";"0";"2";"6";"17";"0";""
"201900012874";"138 282 492";"A01";"2";"7";"0";"2";"3";"1";"0";""
"201900012875";"138 282 489";"A01";"3";"31";"0";"2";"1";"21";"1";""
"201900012875";"138 282 490";"B01";"3";"7";"0";"2";"1";"11";"1";""
"201900012876";"138 282 487";"A01";"1";"10";"0";"2";"7";"12";"1";""
"201900012876";"138 282 488";"B01";"1";"32";"0";"2";"8";"1";"1";""
"201900012877";"138 282 484";"B01";"2";"33";"0";"2";"5";"1";"1";""
"201900012877";"138 282 485";"C01";"2";"33";"0";"2";"1";"3";"1";""
"201900012877";"138 282 486";"A01";"2";"33";"0";"2";"3";"3";"1";""
"201900012878";"138 282 483";"A01";"2";"7";"0";"1";"1";"15";"2";""
"201900012879";"138 282 482";"A01";"2";"1";"0";"1";"3";"1";"5";""
"201900012880";"138 282 481";"A01";"1";"7";"0";"1";"2";"1";"1";""
"201900012881";"138 282 479";"Z01";"1";"7";"0";"2";"0";"1";"1";""
"201900012881";"138 282 480";"B01";"1";"30";"0";"2";"8";"1";"1";""
"201900012882";"138 282 477";"A01";"1";"30";"0";"2";"1";"1";"1";""
"201900012882";"138 282 478";"B01";"2";"7";"0";"2";"7";"15";"1";""
"201900012883";"138 282 475";"A01";"1";"1";"0";"2";"1";"5";"5";""
"201900012883";"138 282 476";"B01";"2";"1";"0";"2";"1";"1";"5";""
"201900012884";"138 282 474";"A01";"1";"7";"0";"1";"3";"1";"2";""
"201900012885";"138 282 472";"B01";"2";"33";"0";"2";"1";"1";"1";""
"201900012885";"138 282 473";"A01";"2";"7";"0";"2";"8";"10";"1";""
"201900012886";"138 282 470";"A01";"2";"43";"0";"2";"1";"2";"1";""
"201900012886";"138 282 471";"B01";"2";"7";"0";"2";"4";"23";"1";""
"201900012887";"138 282 468";"Z01";"2";"7";"0";"2";"0";"14";"0";""
"201900012887";"138 282 469";"A01";"2";"33";"0";"2";"0";"24";"1";""
"201900012888";"138 282 466";"B01";"1";"80";"0";"2";"8";"1";"2";""
"201900012888";"138 282 467";"A01";"1";"7";"0";"2";"7";"14";"1";""
"201900012889";"138 282 464";"B01";"1";"1";"0";"2";"1";"18";"5";""
"201900012889";"138 282 465";"A01";"1";"14";"0";"2";"2";"1";"1";""
"201900012890";"138 282 462";"B01";"1";"7";"0";"2";"1";"15";"1";""
"201900012890";"138 282 463";"A01";"2";"1";"0";"2";"7";"19";"5";""
"201900012891";"138 282 461";"A01";"2";"43";"0";"1";"2";"1";"1";""
"201900012892";"138 282 459";"B01";"1";"10";"0";"2";"2";"1";"1";""
"201900012892";"138 282 460";"A01";"1";"34";"0";"2";"3";"9";"1";""
"201900012893";"138 282 457";"A01";"2";"33";"0";"2";"4";"23";"1";""
"201900012893";"138 282 458";"Z01";"2";"10";"0";"2";"1";"2";"1";""
"201900012894";"138 282 455";"B01";"1";"33";"0";"2";"7";"1";"1";""
"201900012894";"138 282 456";"A01";"1";"1";"0";"2";"8";"16";"5";""
"201900012895";"138 282 453";"A01";"2";"7";"0";"2";"1";"1";"1";""
"201900012895";"138 282 454";"B01";"1";"2";"0";"2";"7";"15";"1";""
"201900012896";"138 282 452";"A01";"1";"50";"0";"0";"0";"25";"3";""
"201900012897";"138 282 451";"A01";"1";"10";"0";"1";"1";"16";"1";""
"201900012898";"138 282 450";"A01";"1";"31";"14";"0";"2";"1";"1";""
"201900012899";"138 282 449";"A01";"1";"7";"0";"1";"1";"26";"1";""
"201900012900";"138 282 448";"A01";"2";"7";"8";"0";"1";"19";"1";""
"201900012901";"138 282 447";"A01";"2";"7";"0";"1";"3";"26";"0";""
"201900012902";"138 282 446";"A01";"2";"10";"0";"1";"7";"16";"1";""
"201900012903";"138 282 445";"A01";"1";"7";"0";"1";"7";"26";"3";""
"201900012904";"138 282 443";"A01";"3";"15";"0";"2";"7";"9";"0";""
"201900012904";"138 282 444";"B01";"3";"33";"0";"2";"7";"1";"0";""
"201900012905";"138 282 442";"Z01";"3";"37";"0";"0";"0";"26";"1";"0"
"201900012906";"138 282 440";"B01";"1";"7";"0";"2";"4";"23";"1";""
"201900012906";"138 282 441";"A01";"1";"34";"1";"0";"1";"2";"1";""
"201900012907";"138 282 438";"B01";"1";"32";"0";"2";"2";"1";"1";""
"201900012907";"138 282 439";"A01";"1";"7";"0";"2";"3";"26";"1";""
"201900012908";"138 282 437";"A01";"3";"10";"0";"1";"1";"13";"1";""
"201900012909";"138 282 435";"B01";"2";"17";"0";"2";"7";"0";"1";""
"201900012909";"138 282 436";"A01";"2";"33";"0";"2";"8";"3";"1";""
"201900012910";"138 282 433";"B01";"1";"1";"0";"2";"4";"15";"5";""
"201900012910";"138 282 434";"A01";"1";"10";"0";"2";"1";"1";"1";""
"201900012911";"138 282 431";"A01";"0";"7";"0";"2";"1";"11";"1";""
"201900012911";"138 282 432";"B01";"0";"1";"0";"2";"3";"2";"5";""
"201900012912";"138 282 429";"A01";"2";"7";"0";"2";"2";"10";"1";""
"201900012912";"138 282 430";"B01";"2";"33";"0";"2";"1";"1";"1";""
"201900012913";"138 282 427";"A01";"3";"7";"0";"2";"1";"15";"1";""
"201900012913";"138 282 428";"B01";"1";"33";"0";"2";"8";"1";"1";""
"201900012914";"138 282 426";"A01";"2";"7";"0";"1";"2";"1";"1";""
"201900012915";"138 282 425";"A01";"3";"7";"0";"1";"1";"1";"1";""
"201900012916";"138 282 422";"C01";"1";"7";"0";"0";"4";"16";"1";""
"201900012916";"138 282 423";"B01";"1";"33";"0";"2";"4";"0";"1";""
"201900012916";"138 282 424";"A01";"1";"7";"0";"2";"1";"26";"1";""
"201900012917";"138 282 420";"B01";"1";"31";"0";"2";"7";"9";"0";""
"201900012917";"138 282 421";"A01";"1";"7";"0";"2";"8";"9";"0";""
"201900012918";"138 282 418";"A01";"1";"7";"0";"2";"3";"15";"1";""
"201900012918";"138 282 419";"B01";"0";"34";"0";"2";"3";"1";"0";""
"201900012919";"138 282 416";"A01";"2";"7";"0";"2";"2";"1";"1";""
"201900012919";"138 282 417";"B01";"2";"2";"0";"2";"5";"3";"1";""
"201900012920";"138 282 415";"Z01";"1";"7";"0";"1";"1";"0";"0";""
"201900012921";"138 282 413";"B01";"2";"7";"0";"2";"8";"1";"1";""
"201900012921";"138 282 414";"A01";"1";"7";"0";"2";"1";"1";"1";""
"201900012922";"138 282 411";"A01";"2";"7";"0";"2";"3";"1";"1";""
"201900012922";"138 282 412";"B01";"1";"7";"0";"2";"2";"15";"1";""
"201900012923";"138 282 409";"B01";"1";"34";"0";"2";"2";"17";"1";""
"201900012923";"138 282 410";"A01";"1";"7";"0";"2";"3";"1";"1";""
"201900012924";"138 282 407";"B01";"3";"32";"0";"2";"3";"1";"1";""
"201900012924";"138 282 408";"A01";"3";"10";"0";"2";"2";"13";"1";""
"201900012925";"138 282 406";"A01";"2";"33";"0";"6";"0";"1";"1";""
"201900012926";"138 282 405";"A01";"2";"7";"2";"0";"1";"1";"1";""
"201900012927";"138 282 404";"A01";"3";"37";"0";"1";"3";"1";"1";"1"
"201900012928";"138 282 402";"A01";"1";"7";"0";"2";"2";"17";"1";""
"201900012928";"138 282 403";"B01";"1";"2";"0";"2";"8";"15";"1";""
"201900012929";"138 282 400";"B01";"2";"17";"0";"2";"3";"23";"1";""
"201900012929";"138 282 401";"A01";"1";"7";"0";"2";"3";"26";"1";""
"201900012930";"138 282 399";"A01";"2";"7";"0";"0";"2";"1";"1";""
"201900012931";"138 282 398";"A01";"2";"7";"4";"0";"1";"1";"1";""
"201900012932";"138 282 397";"A01";"2";"33";"0";"0";"8";"1";"1";""
"201900012933";"138 282 396";"A01";"3";"7";"0";"1";"1";"20";"1";""
"201900012934";"138 282 394";"B01";"1";"7";"0";"2";"1";"1";"1";""
"201900012934";"138 282 395";"A01";"2";"7";"0";"2";"1";"13";"1";""
"201900012935";"138 282 392";"B01";"0";"2";"0";"2";"8";"1";"1";""
"201900012935";"138 282 393";"A01";"0";"10";"0";"2";"1";"19";"1";""
"201900012936";"138 282 390";"A01";"3";"7";"0";"9";"2";"2";"3";""
"201900012936";"138 282 391";"B01";"0";"1";"0";"0";"4";"2";"5";""
"201900012937";"138 282 389";"A01";"2";"7";"0";"9";"1";"1";"1";""
"201900012938";"138 282 387";"A01";"3";"2";"0";"2";"1";"2";"1";""
"201900012938";"138 282 388";"B01";"0";"37";"0";"0";"4";"2";"1";"1"
"201900012939";"138 282 386";"A01";"1";"7";"0";"0";"9";"0";"1";""
"201900012940";"138 282 385";"A01";"1";"7";"2";"0";"3";"1";"1";""
"201900012941";"138 282 384";"A01";"3";"33";"15";"0";"1";"1";"1";""
"201900012942";"138 282 382";"A01";"1";"7";"0";"2";"7";"19";"1";""
"201900012942";"138 282 383";"B01";"1";"7";"0";"2";"1";"1";"1";""
"201900012943";"138 282 381";"A01";"3";"7";"0";"0";"9";"1";"1";""
"201900012944";"138 282 380";"A01";"1";"7";"0";"1";"3";"15";"1";""
"201900012945";"138 282 376";"C01";"1";"7";"0";"2";"1";"23";"1";""
"201900012945";"138 282 377";"B01";"1";"7";"0";"2";"6";"23";"1";""
"201900012945";"138 282 378";"A01";"2";"7";"0";"2";"8";"18";"1";""
"201900012945";"138 282 379";"D01";"2";"15";"0";"2";"2";"16";"1";""
"201900012946";"138 282 375";"A01";"1";"31";"8";"0";"1";"25";"1";""
"201900012947";"138 282 372";"A01";"2";"7";"0";"2";"1";"13";"1";""
"201900012947";"138 282 373";"B01";"1";"17";"0";"2";"1";"1";"1";""
"201900012947";"138 282 374";"C01";"2";"7";"0";"2";"7";"21";"1";""
"201900012948";"138 282 371";"A01";"1";"7";"6";"0";"9";"13";"1";""
"201900012949";"138 282 369";"B01";"0";"7";"9";"2";"3";"1";"1";""
"201900012949";"138 282 370";"A01";"3";"7";"0";"2";"3";"13";"1";""
"201900012950";"138 282 368";"A01";"1";"33";"0";"0";"7";"16";"1";""
"201900012951";"138 282 367";"A01";"1";"7";"0";"1";"2";"1";"1";""
"201900012952";"138 282 366";"A01";"1";"7";"0";"1";"1";"1";"1";""
"201900012953";"138 282 365";"A01";"0";"7";"6";"0";"1";"0";"1";""
"201900012954";"138 282 364";"A01";"2";"7";"3";"0";"7";"14";"1";""
"201900012955";"138 282 362";"A01";"1";"7";"0";"2";"6";"17";"0";""
"201900012955";"138 282 363";"B01";"2";"7";"0";"2";"3";"1";"0";""
"201900012956";"138 282 360";"B01";"1";"17";"0";"2";"2";"1";"1";""
"201900012956";"138 282 361";"A01";"2";"7";"0";"2";"3";"15";"1";""
"201900012957";"138 282 359";"A01";"0";"7";"0";"1";"1";"1";"0";""
"201900012958";"138 282 357";"B01";"1";"1";"0";"2";"3";"1";"5";""
"201900012958";"138 282 358";"A01";"2";"10";"0";"2";"3";"15";"1";""
"201900012959";"138 282 352";"B01";"2";"7";"0";"2";"3";"1";"1";""
"201900012959";"138 282 353";"A01";"0";"7";"0";"2";"1";"19";"1";""
"201900012960";"138 282 351";"A01";"1";"7";"0";"1";"2";"1";"1";""
"201900012961";"138 282 349";"A01";"3";"7";"0";"1";"2";"1";"0";""
"201900012962";"138 282 348";"A01";"0";"7";"6";"0";"1";"1";"1";""
"201900012963";"138 282 346";"A01";"1";"7";"0";"2";"8";"15";"1";""
"201900012963";"138 282 347";"B01";"2";"2";"0";"2";"1";"1";"1";""
"201900012964";"138 282 345";"A01";"3";"7";"13";"0";"3";"26";"1";""
"201900012965";"138 282 344";"A01";"2";"7";"6";"0";"1";"1";"1";""
"201900012966";"138 282 341";"A01";"2";"2";"0";"0";"8";"1";"1";""
"201900012967";"138 282 339";"B01";"2";"15";"0";"2";"2";"1";"1";""
"201900012967";"138 282 340";"A01";"1";"7";"10";"2";"2";"13";"1";""
"201900012968";"138 282 338";"A01";"2";"7";"3";"0";"2";"1";"1";""
"201900012969";"138 282 336";"B01";"2";"14";"0";"2";"2";"13";"1";""
"201900012969";"138 282 337";"A01";"2";"7";"0";"0";"6";"11";"1";""
"201900012970";"138 282 335";"A01";"2";"7";"3";"0";"3";"1";"1";""
"201900012971";"138 282 333";"B01";"0";"32";"0";"2";"1";"1";"1";""
"201900012971";"138 282 334";"A01";"0";"32";"0";"2";"1";"5";"1";""
"201900012972";"138 282 332";"A01";"3";"32";"0";"1";"2";"1";"1";""
"201900012973";"138 282 330";"B01";"3";"7";"0";"2";"1";"1";"1";""
"201900012973";"138 282 331";"A01";"3";"7";"0";"2";"1";"1";"1";""
"201900012974";"138 282 328";"A01";"3";"7";"0";"2";"6";"15";"1";""
"201900012974";"138 282 329";"B01";"3";"7";"0";"2";"1";"1";"1";""
"201900012975";"138 282 326";"A01";"0";"1";"0";"0";"8";"0";"5";""
"201900012975";"138 282 327";"B01";"2";"7";"0";"0";"7";"1";"1";""
"201900012976";"138 282 324";"B01";"1";"7";"0";"0";"3";"17";"1";""
"201900012976";"138 282 325";"A01";"1";"7";"0";"0";"2";"17";"1";""
"201900012977";"138 282 322";"A01";"1";"7";"0";"2";"3";"0";"1";""
"201900012977";"138 282 323";"B01";"2";"7";"0";"2";"6";"0";"0";""
"201900012978";"138 282 321";"A01";"1";"7";"6";"0";"1";"1";"1";""
"201900012979";"138 282 319";"A01";"3";"7";"0";"1";"2";"0";"1";""
"201900012980";"138 282 317";"A01";"3";"7";"0";"2";"8";"15";"1";""
"201900012980";"138 282 318";"B01";"1";"7";"0";"2";"3";"1";"1";""
"201900012981";"138 282 315";"B01";"2";"7";"0";"2";"8";"15";"1";""
"201900012981";"138 282 316";"A01";"2";"2";"0";"2";"2";"17";"1";""
"201900012982";"138 282 314";"A01";"1";"7";"2";"0";"7";"14";"6";""
"201900012983";"138 282 311";"A01";"1";"7";"0";"2";"3";"13";"1";""
"201900012983";"138 282 312";"B01";"2";"7";"0";"2";"3";"1";"1";""
"201900012983";"138 282 313";"C01";"2";"7";"0";"2";"8";"21";"1";""
"201900012984";"138 282 309";"B01";"2";"14";"0";"2";"7";"21";"1";""
"201900012984";"138 282 310";"A01";"1";"7";"0";"2";"2";"13";"1";""
"201900012985";"138 282 307";"B01";"1";"30";"0";"2";"1";"2";"1";""
"201900012985";"138 282 308";"A01";"1";"10";"0";"9";"3";"26";"1";""
"201900012986";"138 282 305";"A01";"2";"7";"0";"1";"1";"9";"1";""
"201900012987";"138 282 302";"A01";"2";"7";"0";"0";"1";"11";"1";""
"201900012987";"138 282 303";"B01";"1";"7";"0";"0";"1";"1";"1";""
"201900012988";"138 282 300";"B01";"3";"1";"0";"2";"1";"0";"5";""
"201900012988";"138 282 301";"A01";"2";"7";"0";"2";"3";"15";"1";""
"201900012989";"138 282 298";"A01";"1";"7";"0";"2";"4";"1";"1";""
"201900012989";"138 282 299";"B01";"1";"7";"0";"2";"1";"2";"1";""
"201900012990";"138 282 297";"A01";"2";"7";"3";"0";"1";"0";"1";""
"201900012991";"138 282 296";"A01";"2";"7";"4";"0";"1";"26";"1";""
"201900012992";"138 282 294";"B01";"2";"7";"0";"2";"1";"1";"1";""
"201900012992";"138 282 295";"A01";"2";"7";"0";"2";"4";"23";"1";""
"201900012993";"138 282 293";"A01";"1";"7";"4";"0";"1";"13";"1";""
"201900012994";"138 282 290";"A01";"1";"7";"0";"2";"3";"1";"1";""
"201900012994";"138 282 291";"B01";"1";"7";"0";"2";"5";"1";"1";""
"201900012994";"138 282 292";"C01";"1";"7";"0";"2";"4";"1";"1";""
"201900012995";"138 282 288";"A01";"1";"33";"0";"2";"1";"3";"1";""
"201900012995";"138 282 289";"B01";"1";"10";"0";"2";"3";"11";"1";""
"201900012996";"138 282 286";"A01";"2";"33";"4";"2";"1";"3";"1";""
"201900012996";"138 282 287";"Z01";"2";"0";"0";"2";"0";"11";"0";""
"201900012997";"138 282 283";"C01";"2";"17";"0";"2";"5";"1";"1";""
"201900012997";"138 282 284";"B01";"2";"10";"0";"2";"2";"1";"1";""
"201900012997";"138 282 285";"A01";"2";"7";"3";"2";"3";"9";"1";""
"201900012998";"138 282 280";"C01";"1";"7";"0";"2";"3";"2";"1";""
"201900012998";"138 282 281";"B01";"1";"7";"0";"2";"8";"2";"1";""
"201900012998";"138 282 282";"A01";"1";"32";"0";"2";"7";"17";"1";""
"201900012999";"138 282 276";"A01";"1";"7";"0";"2";"4";"1";"1";""
"201900012999";"138 282 277";"B01";"1";"33";"0";"2";"1";"1";"1";""
"201900013000";"138 282 271";"A01";"2";"30";"0";"1";"1";"17";"1";""
"201900013001";"138 282 269";"B01";"1";"10";"0";"2";"5";"15";"0";""
"201900013001";"138 282 270";"A01";"2";"10";"0";"2";"1";"2";"0";""
"201900013002";"138 282 267";"B01";"1";"7";"0";"2";"3";"15";"1";""
"201900013002";"138 282 268";"A01";"1";"7";"0";"2";"3";"1";"0";""
"201900013003";"138 282 263";"B01";"1";"7";"0";"2";"8";"1";"1";""
"201900013003";"138 282 264";"A01";"1";"7";"0";"2";"7";"9";"1";""
"201900013004";"138 282 261";"B01";"1";"1";"0";"2";"0";"1";"5";""
"201900013004";"138 282 262";"A01";"1";"7";"0";"2";"3";"1";"1";""
"201900013005";"138 282 260";"A01";"2";"50";"2";"0";"1";"26";"3";""
"201900013006";"138 282 258";"A01";"1";"40";"0";"2";"1";"5";"3";""
"201900013006";"138 282 259";"B01";"0";"15";"0";"2";"7";"1";"1";""
"201900013007";"138 282 256";"A01";"1";"7";"0";"2";"2";"0";"0";""
"201900013007";"138 282 257";"B01";"2";"7";"0";"2";"3";"0";"0";""
"201900013008";"138 282 255";"A01";"1";"7";"4";"0";"1";"14";"1";""
"201900013009";"138 282 254";"W01";"3";"10";"0";"1";"2";"19";"1";""
"201900013010";"138 282 253";"A01";"2";"32";"0";"1";"1";"26";"1";""
"201900013011";"138 282 251";"B01";"1";"7";"0";"2";"3";"1";"1";""
"201900013011";"138 282 252";"A01";"1";"99";"0";"2";"7";"19";"3";""
"201900013012";"138 282 250";"A01";"2";"10";"0";"1";"3";"21";"1";""
"201900013013";"138 282 248";"B01";"2";"30";"0";"2";"0";"0";"1";""
"201900013013";"138 282 249";"A01";"1";"7";"0";"2";"2";"1";"1";""
"201900013014";"138 282 246";"A01";"3";"7";"0";"2";"2";"19";"1";""
"201900013014";"138 282 247";"B01";"1";"34";"0";"2";"1";"2";"1";""
"201900013015";"138 282 243";"C01";"0";"99";"0";"0";"0";"0";"0";""
"201900013015";"138 282 244";"B01";"0";"34";"0";"0";"0";"0";"0";""
"201900013015";"138 282 245";"A01";"0";"34";"0";"2";"7";"17";"1";""
"201900013016";"138 282 242";"A01";"0";"30";"0";"0";"2";"1";"1";""
"201900013017";"138 282 240";"B01";"2";"33";"0";"2";"7";"3";"1";""