"Num_Acc";"id_vehicule";"num_veh";"senc";"catv";"obs";"obsm";"choc";"manv";"motor";"occutc"
"201900013017";"138 282 241";"A01";"2";"15";"0";"2";"3";"15";"1";""
"201900013018";"138 282 236";"A01";"2";"7";"0";"2";"6";"11";"1";""
"201900013018";"138 282 237";"B01";"2";"32";"0";"2";"2";"1";"1";""
"201900013019";"138 282 234";"B01";"1";"7";"0";"2";"1";"15";"1";""
"201900013019";"138 282 235";"A01";"1";"30";"0";"2";"3";"18";"1";""
"201900013020";"138 282 232";"A01";"0";"10";"0";"2";"3";"26";"0";""
"201900013020";"138 282 233";"F01";"0";"30";"0";"2";"7";"17";"0";""
"201900013021";"138 282 230";"A01";"1";"7";"0";"2";"1";"15";"1";""
"201900013021";"138 282 231";"B01";"2";"33";"0";"2";"1";"1";"1";""
"201900013022";"138 282 229";"A01";"2";"7";"0";"1";"1";"1";"1";""
"201900013023";"138 282 228";"A01";"2";"7";"13";"0";"1";"1";"1";""
"201900013024";"138 282 225";"A01";"1";"2";"12";"0";"1";"1";"1";""
"201900013025";"138 282 222";"A01";"2";"15";"4";"0";"1";"14";"1";""
"201900013026";"138 282 220";"B01";"3";"14";"0";"2";"2";"1";"1";""
"201900013026";"138 282 221";"A01";"3";"7";"0";"2";"8";"19";"1";""
"201900013027";"138 282 218";"A01";"3";"7";"0";"2";"5";"13";"1";""
"201900013027";"138 282 219";"B01";"3";"7";"0";"2";"1";"1";"1";""
"201900013028";"138 282 217";"A01";"1";"34";"0";"1";"1";"17";"1";""
"201900013029";"138 282 216";"A01";"1";"7";"2";"0";"1";"13";"1";""
"201900013030";"138 282 214";"A01";"3";"7";"0";"2";"3";"9";"1";""
"201900013030";"138 282 215";"B01";"3";"2";"0";"2";"1";"1";"1";""
"201900013031";"138 282 212";"B01";"1";"17";"0";"2";"6";"2";"0";""
"201900013031";"138 282 213";"A01";"1";"7";"0";"2";"5";"2";"0";""
"201900013032";"138 282 210";"A01";"1";"15";"0";"2";"1";"1";"1";""
"201900013032";"138 282 211";"B01";"2";"7";"3";"0";"2";"15";"1";""
"201900013033";"138 282 208";"A01";"2";"10";"0";"2";"2";"5";"0";""
"201900013033";"138 282 209";"B01";"1";"7";"0";"2";"3";"1";"0";""
"201900013034";"138 282 207";"A01";"1";"7";"2";"0";"3";"1";"1";""
"201900013035";"138 282 205";"A01";"1";"7";"0";"2";"1";"2";"1";""
"201900013035";"138 282 206";"B01";"1";"7";"0";"0";"4";"1";"1";""
"201900013036";"138 282 204";"A01";"1";"31";"5";"9";"1";"17";"1";""
"201900013037";"138 282 202";"A01";"1";"7";"0";"2";"3";"13";"1";""
"201900013037";"138 282 203";"B01";"2";"15";"0";"2";"3";"1";"1";""
"201900013038";"138 282 201";"A01";"1";"7";"2";"0";"3";"1";"1";""
"201900013039";"138 282 200";"A01";"2";"7";"13";"0";"1";"16";"1";""
"201900013040";"138 282 199";"A01";"1";"7";"0";"1";"1";"1";"1";""
"201900013041";"138 282 198";"A01";"2";"7";"2";"0";"1";"14";"1";""
"201900013042";"138 282 197";"A01";"2";"7";"0";"1";"2";"19";"1";""
"201900013043";"138 282 194";"A01";"3";"7";"0";"2";"3";"15";"1";""
"201900013043";"138 282 195";"B01";"3";"2";"0";"2";"8";"1";"1";""
"201900013044";"138 282 192";"B01";"0";"3";"0";"0";"3";"15";"1";""
"201900013044";"138 282 193";"A01";"2";"2";"0";"0";"1";"1";"1";""
"201900013045";"138 282 190";"A01";"2";"33";"0";"2";"8";"1";"1";""
"201900013045";"138 282 191";"B01";"1";"7";"0";"2";"3";"17";"1";""
"201900013046";"138 282 189";"A01";"1";"2";"0";"0";"8";"1";"1";""
"201900013047";"138 282 188";"A01";"3";"7";"8";"0";"7";"1";"1";""
"201900013048";"138 282 187";"A01";"2";"7";"1";"1";"1";"2";"1";""
"201900013049";"138 282 186";"A01";"0";"7";"0";"1";"3";"1";"1";""
"201900013050";"138 282 183";"A01";"1";"7";"0";"2";"1";"13";"0";""
"201900013050";"138 282 184";"B01";"2";"7";"0";"2";"5";"15";"0";""
"201900013050";"138 282 185";"C01";"2";"7";"0";"2";"1";"1";"0";""
"201900013051";"138 282 181";"A01";"1";"7";"0";"2";"3";"9";"1";""
"201900013051";"138 282 182";"B01";"1";"1";"0";"2";"7";"1";"5";""
"201900013052";"138 282 180";"A01";"3";"7";"0";"1";"2";"1";"1";""
"201900013053";"138 282 178";"A01";"1";"2";"0";"2";"1";"2";"1";""
"201900013053";"138 282 179";"B01";"1";"10";"0";"0";"5";"2";"1";""
"201900013054";"138 282 177";"A01";"3";"7";"0";"1";"2";"15";"1";""
"201900013055";"138 282 175";"A01";"1";"7";"3";"2";"2";"2";"1";""
"201900013055";"138 282 176";"B01";"1";"15";"0";"2";"6";"2";"1";""
"201900013056";"138 282 174";"A01";"1";"17";"0";"1";"2";"2";"1";""
"201900013057";"138 282 173";"A01";"1";"17";"3";"0";"2";"1";"6";""
"201900013058";"138 282 171";"A01";"2";"32";"0";"2";"1";"0";"1";""
"201900013058";"138 282 172";"B01";"2";"7";"0";"0";"5";"1";"1";""
"201900013059";"138 282 170";"A01";"2";"2";"0";"0";"7";"16";"1";""
"201900013060";"138 282 169";"A01";"3";"33";"14";"0";"1";"1";"1";""
"201900013061";"138 282 167";"B01";"2";"31";"0";"2";"1";"1";"1";""
"201900013061";"138 282 168";"A01";"1";"7";"0";"2";"3";"11";"1";""
"201900013062";"138 282 166";"A01";"2";"15";"8";"0";"3";"1";"1";""
"201900013063";"138 282 164";"B01";"0";"7";"0";"2";"1";"19";"0";""
"201900013063";"138 282 165";"A01";"0";"7";"16";"2";"2";"15";"0";""
"201900013064";"138 282 163";"A01";"3";"7";"0";"1";"2";"1";"2";""
"201900013065";"138 282 162";"A01";"1";"7";"2";"0";"2";"0";"1";""
"201900013066";"138 282 161";"A01";"3";"7";"0";"1";"1";"1";"0";""
"201900013067";"138 282 159";"B01";"1";"7";"0";"2";"3";"1";"1";""
"201900013067";"138 282 160";"A01";"2";"34";"0";"2";"1";"17";"1";""
"201900013068";"138 282 157";"B01";"2";"7";"0";"2";"4";"2";"0";""
"201900013068";"138 282 158";"A01";"2";"7";"0";"2";"1";"2";"0";""
"201900013069";"138 282 155";"B01";"0";"33";"0";"2";"1";"1";"1";""
"201900013069";"138 282 156";"A01";"0";"10";"0";"2";"5";"10";"1";""
"201900013070";"138 282 154";"A01";"0";"7";"0";"1";"1";"26";"0";""
"201900013071";"138 282 152";"B01";"1";"33";"0";"2";"1";"1";"1";""
"201900013071";"138 282 153";"A01";"2";"7";"0";"2";"2";"15";"1";""
"201900013072";"138 282 150";"B01";"1";"7";"0";"2";"3";"16";"1";""
"201900013072";"138 282 151";"A01";"1";"33";"0";"2";"1";"1";"1";""
"201900013073";"138 282 149";"A01";"1";"7";"0";"0";"2";"1";"1";""
"201900013074";"138 282 147";"A01";"2";"33";"7";"2";"0";"21";"1";""
"201900013074";"138 282 148";"B01";"1";"10";"7";"2";"1";"1";"1";""
"201900013075";"138 282 145";"B01";"2";"7";"0";"2";"3";"1";"1";""
"201900013075";"138 282 146";"A01";"1";"7";"0";"2";"1";"13";"1";""
"201900013076";"138 282 144";"A01";"2";"7";"0";"0";"9";"1";"1";""
"201900013077";"138 282 141";"C01";"1";"7";"0";"2";"1";"0";"1";""
"201900013077";"138 282 142";"B01";"1";"14";"0";"0";"8";"0";"1";""
"201900013077";"138 282 143";"A01";"2";"7";"0";"2";"1";"0";"1";""
"201900013078";"138 282 140";"A01";"2";"7";"13";"0";"1";"1";"1";""
"201900013079";"138 282 138";"B01";"2";"7";"0";"2";"1";"0";"1";""
"201900013079";"138 282 139";"A01";"2";"7";"4";"2";"5";"1";"1";""
"201900013080";"138 282 136";"B01";"2";"10";"0";"2";"6";"1";"1";""
"201900013080";"138 282 137";"A01";"2";"7";"0";"2";"2";"17";"1";""
"201900013081";"138 282 133";"A01";"1";"7";"0";"2";"1";"1";"1";""
"201900013081";"138 282 134";"B01";"1";"7";"0";"2";"4";"2";"1";""
"201900013081";"138 282 135";"C01";"1";"7";"0";"2";"4";"2";"1";""
"201900013082";"138 282 131";"B01";"2";"7";"0";"2";"0";"1";"1";""
"201900013082";"138 282 132";"A01";"2";"33";"0";"2";"0";"0";"1";""
"201900013083";"138 282 130";"A01";"1";"33";"3";"0";"7";"14";"1";""
"201900013084";"138 282 127";"B01";"1";"7";"0";"2";"4";"2";"1";""
"201900013084";"138 282 128";"C01";"1";"15";"0";"2";"4";"2";"1";""
"201900013084";"138 282 129";"A01";"1";"7";"0";"2";"1";"2";"1";""
"201900013085";"138 282 125";"A01";"1";"43";"0";"2";"1";"2";"1";""
"201900013085";"138 282 126";"B01";"1";"7";"0";"2";"5";"2";"1";""
"201900013086";"138 282 124";"A01";"1";"33";"0";"0";"7";"3";"1";""
"201900013087";"138 282 121";"A01";"1";"7";"0";"2";"1";"2";"1";""
"201900013087";"138 282 122";"B01";"1";"7";"0";"2";"4";"2";"1";""
"201900013087";"138 282 123";"C01";"1";"7";"0";"0";"4";"2";"1";""
"201900013088";"138 282 119";"B01";"1";"7";"0";"2";"4";"1";"1";""
"201900013088";"138 282 120";"A01";"1";"7";"0";"2";"1";"1";"1";""
"201900013089";"138 282 117";"Z01";"2";"7";"0";"2";"8";"13";"0";""
"201900013089";"138 282 118";"A01";"2";"33";"0";"2";"2";"3";"1";""
"201900013090";"138 282 115";"A01";"2";"7";"0";"2";"6";"11";"1";""
"201900013090";"138 282 116";"B01";"2";"33";"0";"2";"1";"3";"1";""
"201900013091";"138 282 113";"B01";"2";"33";"0";"2";"2";"3";"1";""
"201900013091";"138 282 114";"A01";"2";"10";"0";"2";"8";"11";"1";""
"201900013092";"138 282 111";"A01";"1";"7";"0";"2";"1";"1";"1";""
"201900013092";"138 282 112";"B01";"1";"10";"0";"2";"4";"2";"1";""
"201900013093";"138 282 108";"C01";"2";"7";"0";"2";"4";"1";"1";""
"201900013093";"138 282 109";"B01";"2";"7";"0";"2";"4";"1";"1";""
"201900013093";"138 282 110";"A01";"2";"7";"0";"2";"1";"1";"1";""
"201900013094";"138 282 104";"C01";"1";"7";"0";"2";"1";"1";"1";""
"201900013094";"138 282 105";"B01";"1";"7";"0";"2";"4";"1";"1";""
"201900013094";"138 282 106";"A01";"1";"7";"0";"0";"4";"1";"1";""
"201900013095";"138 282 102";"B01";"2";"7";"12";"2";"8";"1";"1";""
"201900013095";"138 282 103";"A01";"2";"7";"12";"2";"3";"5";"1";""
"201900013096";"138 282 101";"A01";"2";"99";"0";"1";"7";"26";"1";""
"201900013097";"138 282 097";"B01";"3";"10";"0";"2";"4";"23";"1";""
"201900013097";"138 282 098";"A01";"3";"13";"0";"1";"1";"9";"1";""
"201900013098";"138 282 095";"B01";"1";"7";"0";"2";"3";"15";"1";""
"201900013098";"138 282 096";"A01";"1";"7";"0";"2";"7";"2";"1";""
"201900013099";"138 282 089";"A01";"2";"7";"0";"2";"1";"2";"1";""
"201900013099";"138 282 090";"B01";"2";"7";"0";"2";"4";"23";"1";""
"201900013099";"138 282 091";"C01";"2";"7";"0";"2";"4";"2";"1";""
"201900013100";"138 282 088";"A01";"2";"7";"15";"0";"1";"0";"1";""
"201900013101";"138 282 087";"A01";"0";"3";"0";"1";"1";"1";"1";""
"201900013102";"138 282 085";"B01";"1";"7";"0";"2";"2";"9";"1";""
"201900013102";"138 282 086";"A01";"3";"1";"0";"2";"2";"15";"5";""
"201900013103";"138 282 083";"B01";"1";"7";"4";"2";"4";"2";"1";""
"201900013103";"138 282 084";"A01";"1";"7";"4";"2";"1";"2";"1";""
"201900013104";"138 282 082";"A01";"1";"7";"0";"1";"0";"1";"0";""
"201900013105";"138 282 081";"A01";"1";"7";"13";"0";"3";"1";"1";""
"201900013106";"138 282 079";"A01";"1";"7";"0";"2";"1";"2";"0";""
"201900013106";"138 282 080";"B01";"1";"7";"0";"0";"4";"2";"1";""
"201900013107";"138 282 078";"A01";"1";"7";"6";"0";"8";"2";"1";""
"201900013108";"138 282 077";"A01";"0";"7";"0";"0";"8";"4";"1";""
"201900013109";"138 282 075";"A01";"0";"7";"0";"2";"1";"15";"1";""
"201900013109";"138 282 076";"B01";"0";"30";"0";"2";"3";"1";"1";""
"201900013110";"138 282 073";"A01";"2";"7";"0";"2";"2";"0";"1";""
"201900013110";"138 282 074";"B01";"2";"7";"0";"2";"6";"11";"1";""
"201900013111";"138 282 072";"A01";"3";"7";"0";"1";"2";"26";"1";""
"201900013112";"138 282 071";"A01";"2";"7";"0";"1";"1";"1";"1";""
"201900013113";"138 282 070";"A01";"1";"7";"3";"0";"1";"1";"1";""
"201900013114";"138 282 069";"A01";"2";"7";"2";"0";"1";"2";"1";""
"201900013115";"138 282 068";"A01";"2";"2";"0";"0";"7";"26";"1";""
"201900013116";"138 282 064";"A01";"2";"33";"0";"2";"1";"1";"1";""
"201900013116";"138 282 065";"B01";"1";"7";"0";"2";"6";"26";"1";""
"201900013117";"138 282 063";"A01";"0";"7";"0";"0";"3";"2";"1";""
"201900013118";"138 282 061";"A01";"1";"10";"0";"2";"7";"15";"1";""
"201900013118";"138 282 062";"B01";"1";"7";"0";"2";"1";"1";"1";""
"201900013119";"138 282 059";"A01";"1";"7";"0";"2";"1";"2";"1";""
"201900013119";"138 282 060";"B01";"1";"7";"0";"2";"4";"2";"1";""
"201900013120";"138 282 058";"A01";"3";"7";"0";"1";"1";"9";"1";""
"201900013121";"138 282 054";"B01";"1";"33";"0";"2";"2";"1";"1";""
"201900013121";"138 282 055";"A01";"1";"7";"0";"2";"6";"2";"1";""
"201900013122";"138 282 053";"A01";"1";"31";"14";"0";"0";"0";"1";""
"201900013123";"138 282 051";"B01";"3";"10";"0";"2";"3";"1";"1";""
"201900013123";"138 282 052";"A01";"3";"7";"0";"2";"3";"1";"1";""
"201900013124";"138 282 049";"A01";"2";"10";"0";"2";"2";"15";"1";""
"201900013124";"138 282 050";"B01";"2";"33";"0";"2";"1";"0";"1";""
"201900013125";"138 282 047";"B01";"2";"37";"0";"2";"3";"2";"0";"2"
"201900013125";"138 282 048";"A01";"2";"3";"0";"2";"7";"19";"0";""
"201900013126";"138 282 045";"B01";"3";"7";"0";"2";"4";"2";"1";""
"201900013126";"138 282 046";"A01";"3";"7";"0";"1";"1";"26";"1";""
"201900013127";"138 282 043";"B01";"3";"1";"0";"2";"1";"1";"0";""
"201900013127";"138 282 044";"A01";"3";"7";"0";"2";"2";"15";"1";""
"201900013128";"138 282 036";"A01";"0";"7";"0";"1";"0";"0";"1";""
"201900013129";"138 282 034";"A01";"1";"7";"0";"2";"1";"2";"1";""
"201900013129";"138 282 035";"B01";"1";"7";"0";"2";"4";"2";"1";""
"201900013130";"138 282 032";"B01";"2";"30";"0";"2";"3";"15";"1";""
"201900013130";"138 282 033";"A01";"1";"33";"0";"2";"7";"17";"1";""
"201900013131";"138 282 030";"B01";"2";"7";"0";"2";"3";"1";"1";""
"201900013131";"138 282 031";"A01";"1";"1";"0";"2";"2";"16";"5";""
"201900013132";"138 282 029";"A01";"1";"7";"0";"1";"1";"1";"1";""
"201900013133";"138 282 028";"A01";"3";"2";"0";"0";"0";"1";"1";""
"201900013134";"138 282 025";"A01";"0";"2";"0";"2";"1";"17";"1";""
"201900013134";"138 282 026";"C01";"0";"37";"0";"2";"0";"1";"1";"1"
"201900013134";"138 282 027";"B01";"0";"7";"0";"2";"8";"15";"1";""
"201900013135";"138 282 022";"A01";"0";"7";"0";"1";"4";"4";"1";""
"201900013136";"138 282 019";"A01";"0";"33";"0";"2";"1";"1";"1";""
"201900013136";"138 282 020";"B01";"0";"33";"0";"2";"4";"0";"1";""
"201900013137";"138 282 017";"A01";"2";"7";"0";"2";"1";"10";"1";""
"201900013137";"138 282 018";"B01";"1";"32";"0";"2";"8";"1";"1";""
"201900013138";"138 282 014";"A01";"1";"7";"0";"1";"2";"15";"1";""
"201900013139";"138 282 012";"A01";"1";"7";"0";"2";"2";"9";"1";""
"201900013139";"138 282 013";"B01";"1";"2";"0";"2";"3";"18";"1";""
"201900013140";"138 282 009";"B01";"2";"1";"0";"2";"3";"1";"5";""
"201900013140";"138 282 010";"A01";"1";"7";"0";"2";"3";"15";"1";""
"201900013141";"138 282 007";"A01";"1";"7";"0";"2";"5";"15";"1";""
"201900013141";"138 282 008";"B01";"2";"7";"0";"2";"1";"1";"1";""
"201900013142";"138 282 005";"B01";"1";"15";"0";"2";"2";"12";"1";""
"201900013142";"138 282 006";"A01";"1";"7";"0";"2";"2";"11";"1";""
"201900013143";"138 282 004";"A01";"1";"2";"0";"1";"0";"1";"1";""
"201900013144";"138 282 002";"B01";"2";"1";"0";"2";"0";"19";"5";""
"201900013144";"138 282 003";"A01";"1";"7";"0";"2";"1";"1";"1";""
"201900013145";"138 282 000";"A01";"1";"7";"0";"2";"3";"16";"1";""
"201900013145";"138 282 001";"B01";"1";"2";"0";"2";"7";"1";"1";""
"201900013146";"138 281 999";"A01";"1";"7";"1";"0";"2";"1";"1";""
"201900013147";"138 281 998";"A01";"1";"7";"0";"1";"1";"15";"1";""
"201900013148";"138 281 997";"Z01";"3";"7";"0";"1";"1";"0";"0";""
"201900013149";"138 281 995";"A01";"3";"7";"0";"2";"7";"15";"1";""
"201900013149";"138 281 996";"B01";"3";"7";"0";"2";"1";"1";"1";""
"201900013150";"138 281 994";"A01";"2";"10";"0";"1";"1";"1";"1";""
"201900013151";"138 281 993";"Z01";"1";"7";"1";"0";"1";"1";"1";""
"201900013152";"138 281 992";"A01";"1";"7";"0";"1";"1";"1";"1";""
"201900013153";"138 281 991";"A01";"1";"7";"0";"1";"1";"1";"1";""
"201900013154";"138 281 989";"B01";"3";"1";"0";"2";"1";"26";"5";""
"201900013154";"138 281 990";"A01";"3";"7";"0";"9";"1";"26";"1";""
"201900013155";"138 281 987";"A01";"1";"7";"0";"1";"1";"1";"1";""
"201900013156";"138 281 986";"A01";"3";"7";"0";"2";"1";"15";"1";""
"201900013157";"138 281 984";"A01";"1";"7";"0";"2";"1";"2";"1";""
"201900013157";"138 281 985";"B01";"1";"7";"0";"2";"4";"2";"1";""
"201900013158";"138 281 982";"A01";"3";"7";"0";"2";"8";"19";"1";""
"201900013158";"138 281 983";"B01";"3";"33";"0";"2";"1";"1";"1";""
"201900013159";"138 281 980";"A01";"3";"7";"0";"2";"1";"13";"1";""
"201900013159";"138 281 981";"B01";"3";"7";"0";"2";"1";"1";"1";""
"201900013160";"138 281 979";"A01";"3";"7";"0";"2";"1";"15";"0";""
"201900013161";"138 281 976";"A01";"3";"7";"0";"2";"1";"1";"0";""
"201900013161";"138 281 977";"B01";"3";"7";"0";"2";"1";"23";"0";""
"201900013161";"138 281 978";"C01";"3";"7";"0";"2";"4";"23";"0";""
"201900013162";"138 281 975";"A01";"3";"10";"0";"1";"4";"4";"1";""
"201900013163";"138 281 974";"A01";"0";"33";"0";"1";"1";"1";"1";""
"201900013164";"138 281 973";"A01";"0";"7";"0";"1";"1";"1";"1";""
"201900013165";"138 281 972";"A01";"0";"7";"8";"0";"1";"14";"1";""
"201900013166";"138 281 970";"B01";"2";"31";"0";"2";"8";"1";"1";""
"201900013166";"138 281 971";"A01";"1";"7";"0";"2";"1";"15";"1";""
"201900013167";"138 281 969";"A01";"1";"7";"6";"0";"1";"1";"1";""
"201900013168";"138 281 968";"A01";"1";"7";"14";"0";"1";"1";"1";""
"201900013169";"138 281 966";"A01";"1";"7";"0";"2";"1";"2";"1";""
"201900013169";"138 281 967";"B01";"1";"7";"0";"2";"4";"2";"1";""
"201900013170";"138 281 964";"A01";"0";"7";"0";"2";"2";"1";"1";""
"201900013170";"138 281 965";"B01";"0";"7";"0";"2";"5";"0";"1";""
"201900013171";"138 281 960";"A01";"2";"7";"0";"2";"3";"1";"1";""
"201900013171";"138 281 961";"B01";"2";"7";"0";"2";"6";"1";"1";""
"201900013172";"138 281 958";"A01";"1";"7";"0";"2";"1";"2";"1";""
"201900013172";"138 281 959";"B01";"1";"7";"0";"2";"4";"2";"1";""
"201900013173";"138 281 956";"B01";"3";"7";"0";"2";"3";"1";"1";""
"201900013173";"138 281 957";"A01";"3";"7";"0";"2";"1";"19";"1";""
"201900013174";"138 281 954";"A01";"3";"7";"0";"1";"2";"1";"1";""
"201900013175";"138 281 952";"Z01";"0";"7";"0";"2";"1";"1";"0";""
"201900013175";"138 281 953";"A01";"0";"7";"0";"2";"8";"1";"1";""
"201900013176";"138 281 951";"A01";"0";"7";"13";"0";"9";"1";"1";""
"201900013177";"138 281 949";"Z01";"1";"2";"0";"2";"0";"0";"0";""
"201900013177";"138 281 950";"B01";"3";"33";"0";"0";"0";"0";"0";""
"201900013178";"138 281 948";"A01";"1";"30";"0";"0";"0";"0";"1";""
"201900013179";"138 281 947";"A01";"2";"7";"0";"1";"3";"1";"0";""
"201900013180";"138 281 946";"A01";"1";"7";"12";"0";"1";"26";"1";""
"201900013181";"138 281 945";"A01";"1";"7";"0";"1";"3";"1";"1";""
"201900013182";"138 281 943";"Z01";"1";"7";"0";"2";"2";"12";"0";""
"201900013182";"138 281 944";"A01";"1";"33";"0";"2";"8";"1";"1";""
"201900013183";"138 281 942";"A01";"2";"7";"8";"1";"1";"1";"1";""
"201900013184";"138 281 941";"A01";"1";"7";"0";"1";"1";"1";"1";""
"201900013185";"138 281 939";"B01";"2";"33";"0";"2";"1";"1";"1";""
"201900013185";"138 281 940";"A01";"1";"10";"0";"2";"5";"15";"1";""
"201900013186";"138 281 937";"B01";"2";"7";"0";"2";"5";"9";"1";""
"201900013186";"138 281 938";"A01";"2";"33";"0";"2";"3";"1";"1";""
"201900013187";"138 281 935";"B01";"2";"2";"0";"2";"1";"17";"1";""
"201900013187";"138 281 936";"A01";"2";"7";"0";"2";"3";"10";"1";""
"201900013188";"138 281 934";"A01";"2";"50";"0";"0";"0";"25";"3";""
"201900013189";"138 281 932";"Z01";"1";"7";"0";"2";"0";"1";"0";""
"201900013189";"138 281 933";"A01";"1";"50";"0";"2";"7";"1";"3";""
"201900013190";"138 281 930";"A01";"1";"33";"0";"2";"1";"17";"1";""
"201900013190";"138 281 931";"B01";"3";"10";"0";"2";"8";"15";"1";""
"201900013191";"138 281 928";"A01";"1";"7";"0";"1";"1";"1";"1";""
"201900013192";"138 281 927";"A01";"0";"40";"0";"1";"1";"1";"3";""
"201900013193";"138 281 926";"A01";"1";"7";"0";"1";"1";"1";"1";""
"201900013194";"138 281 924";"A01";"1";"7";"0";"2";"1";"2";"1";""
"201900013194";"138 281 925";"B01";"1";"7";"0";"2";"4";"1";"1";""
"201900013195";"138 281 918";"A01";"3";"7";"0";"2";"3";"13";"1";""
"201900013195";"138 281 919";"B01";"3";"7";"0";"2";"1";"23";"1";""
"201900013196";"138 281 916";"A01";"1";"7";"0";"2";"2";"18";"1";""
"201900013196";"138 281 917";"B01";"1";"7";"0";"2";"8";"0";"1";""
"201900013197";"138 281 915";"A01";"1";"31";"0";"0";"0";"1";"1";""
"201900013198";"138 281 914";"A01";"1";"7";"11";"0";"1";"1";"1";""
"201900013199";"138 281 912";"B01";"2";"33";"0";"2";"4";"2";"1";""
"201900013199";"138 281 913";"A01";"2";"7";"0";"2";"1";"2";"1";""
"201900013200";"138 281 910";"A01";"1";"7";"12";"0";"1";"13";"1";""
"201900013201";"138 281 908";"A01";"2";"7";"0";"2";"2";"15";"1";""
"201900013201";"138 281 909";"B01";"1";"7";"0";"2";"1";"1";"1";""
"201900013202";"138 281 906";"B01";"2";"30";"0";"2";"1";"17";"1";""
"201900013202";"138 281 907";"A01";"2";"7";"0";"2";"3";"13";"1";""
"201900013203";"138 281 904";"B01";"2";"33";"0";"2";"7";"17";"1";""
"201900013203";"138 281 905";"A01";"1";"7";"0";"2";"1";"19";"1";""
"201900013204";"138 281 903";"A01";"1";"30";"0";"1";"1";"17";"1";""
"201900013205";"138 281 901";"A01";"3";"7";"0";"2";"2";"15";"1";""
"201900013205";"138 281 902";"B01";"3";"33";"0";"2";"1";"26";"1";""
"201900013206";"138 281 900";"A01";"1";"37";"0";"1";"2";"1";"1";"1"
"201900013207";"138 281 898";"B01";"3";"7";"0";"2";"3";"1";"1";""
"201900013207";"138 281 899";"A01";"3";"7";"0";"2";"3";"13";"1";""
"201900013208";"138 281 896";"A01";"1";"13";"0";"2";"3";"15";"0";""
"201900013208";"138 281 897";"B01";"2";"33";"0";"2";"1";"14";"1";""
"201900013209";"138 281 895";"A01";"3";"7";"12";"0";"1";"9";"1";""
"201900013210";"138 281 892";"A01";"1";"30";"0";"0";"0";"1";"1";""
"201900013211";"138 281 890";"A01";"3";"7";"0";"2";"3";"1";"1";""
"201900013211";"138 281 891";"B01";"3";"7";"0";"2";"2";"15";"1";""
"201900013212";"138 281 887";"C01";"1";"7";"0";"2";"4";"2";"1";""
"201900013212";"138 281 888";"B01";"1";"7";"0";"2";"4";"2";"1";""
"201900013212";"138 281 889";"A01";"1";"7";"0";"2";"3";"2";"1";""
"201900013213";"138 281 886";"A01";"1";"7";"10";"0";"1";"26";"1";""
"201900013214";"138 281 884";"A01";"1";"31";"0";"2";"1";"1";"1";""
"201900013214";"138 281 885";"B01";"1";"7";"0";"2";"4";"1";"1";""
"201900013215";"138 281 882";"A01";"1";"7";"0";"2";"1";"15";"1";""
"201900013215";"138 281 883";"B01";"2";"10";"0";"2";"6";"1";"1";""
"201900013216";"138 281 881";"A01";"1";"7";"0";"1";"1";"15";"1";""
"201900013217";"138 281 880";"A01";"3";"7";"0";"1";"3";"19";"1";""
"201900013218";"138 281 879";"A01";"1";"7";"0";"1";"1";"15";"1";""
"201900013219";"138 281 877";"A01";"3";"50";"0";"2";"1";"19";"3";""
"201900013219";"138 281 878";"B01";"1";"32";"0";"2";"2";"1";"3";""
"201900013220";"138 281 874";"C01";"1";"7";"0";"2";"4";"2";"1";""
"201900013220";"138 281 875";"B01";"1";"7";"0";"2";"4";"2";"1";""
"201900013220";"138 281 876";"A01";"1";"10";"0";"2";"1";"2";"1";""
"201900013221";"138 281 873";"Z01";"3";"7";"0";"1";"1";"26";"0";""
"201900013222";"138 281 871";"B01";"2";"7";"0";"2";"3";"15";"1";""
"201900013222";"138 281 872";"A01";"1";"34";"0";"2";"1";"1";"1";""
"201900013223";"138 281 869";"B01";"2";"7";"0";"2";"3";"15";"1";""
"201900013223";"138 281 870";"A01";"2";"32";"0";"2";"2";"17";"1";""
"201900013224";"138 281 868";"A01";"3";"10";"0";"0";"2";"1";"1";""
"201900013225";"138 281 866";"A01";"3";"7";"0";"2";"3";"9";"1";""
"201900013225";"138 281 867";"B01";"2";"7";"0";"2";"2";"1";"1";""
"201900013226";"138 281 864";"B01";"1";"7";"0";"1";"4";"1";"1";""
"201900013226";"138 281 865";"A01";"1";"7";"0";"2";"1";"1";"1";""
"201900013227";"138 281 863";"A01";"1";"7";"0";"1";"0";"1";"1";""
"201900013228";"138 281 861";"A01";"2";"10";"0";"2";"6";"9";"1";""
"201900013228";"138 281 862";"B01";"2";"2";"0";"2";"1";"1";"1";""
"201900013229";"138 281 858";"A01";"1";"13";"0";"2";"1";"1";"0";""
"201900013229";"138 281 859";"B01";"1";"10";"0";"2";"4";"1";"0";""
"201900013229";"138 281 860";"C01";"1";"7";"0";"2";"4";"1";"0";""
"201900013230";"138 281 856";"A01";"2";"7";"0";"2";"3";"10";"1";""
"201900013230";"138 281 857";"B01";"2";"2";"0";"2";"1";"1";"1";""
"201900013231";"138 281 852";"A01";"1";"7";"0";"2";"1";"0";"1";""
"201900013231";"138 281 853";"B01";"1";"1";"0";"2";"7";"1";"0";""
"201900013232";"138 281 851";"A01";"3";"7";"0";"0";"9";"1";"1";""