"Num_Acc";"id_vehicule";"num_veh";"senc";"catv";"obs";"obsm";"choc";"manv";"motor";"occutc"
"201900013233";"138 281 848";"A01";"1";"7";"0";"2";"1";"19";"1";""
"201900013233";"138 281 849";"B01";"1";"7";"0";"2";"3";"1";"1";""
"201900013233";"138 281 850";"C01";"1";"7";"0";"2";"8";"1";"1";""
"201900013234";"138 281 846";"A01";"1";"7";"0";"2";"1";"1";"1";""
"201900013234";"138 281 847";"B01";"2";"7";"0";"2";"8";"0";"1";""
"201900013235";"138 281 839";"A01";"0";"2";"0";"2";"8";"1";"1";""
"201900013235";"138 281 840";"B01";"0";"7";"0";"2";"2";"1";"1";""
"201900013236";"138 281 837";"B01";"0";"1";"1";"0";"1";"1";"5";""
"201900013236";"138 281 838";"A01";"0";"7";"0";"2";"2";"24";"1";""
"201900013237";"138 281 829";"A01";"2";"7";"0";"1";"3";"16";"1";""
"201900013237";"138 281 830";"B01";"0";"60";"0";"2";"9";"19";"5";""
"201900013238";"138 281 827";"A01";"0";"7";"0";"2";"1";"15";"1";""
"201900013238";"138 281 828";"B01";"0";"7";"0";"2";"6";"1";"1";""
"201900013239";"138 281 826";"A01";"0";"32";"11";"0";"0";"13";"1";""
"201900013240";"138 281 824";"B01";"0";"33";"0";"2";"8";"15";"1";""
"201900013240";"138 281 825";"A01";"0";"7";"0";"2";"7";"1";"1";""
"201900013241";"138 281 822";"Z01";"0";"7";"0";"2";"0";"7";"1";""
"201900013241";"138 281 823";"A01";"0";"32";"0";"2";"7";"15";"1";""
"201900013242";"138 281 819";"A01";"0";"30";"0";"0";"8";"1";"1";""
"201900013243";"138 281 816";"A01";"2";"7";"0";"2";"3";"16";"1";""
"201900013243";"138 281 817";"B01";"1";"7";"0";"2";"2";"1";"1";""
"201900013244";"138 281 814";"B01";"3";"1";"0";"2";"1";"0";"5";""
"201900013244";"138 281 815";"A01";"3";"10";"0";"2";"3";"15";"1";""
"201900013245";"138 281 810";"A01";"3";"7";"0";"0";"0";"0";"1";""
"201900013245";"138 281 811";"B01";"3";"1";"0";"2";"1";"1";"5";""
"201900013246";"138 281 808";"B01";"2";"33";"0";"2";"1";"26";"1";""
"201900013246";"138 281 809";"A01";"1";"7";"0";"2";"8";"10";"1";""
"201900013247";"138 281 807";"A01";"2";"7";"0";"1";"3";"1";"6";""
"201900013248";"138 281 806";"A01";"1";"7";"0";"1";"3";"1";"1";""
"201900013249";"138 281 804";"B01";"2";"2";"0";"2";"5";"1";"6";""
"201900013249";"138 281 805";"A01";"2";"10";"0";"2";"3";"9";"0";""
"201900013250";"138 281 803";"A01";"1";"30";"0";"1";"0";"1";"1";""
"201900013251";"138 281 802";"A01";"1";"7";"0";"1";"4";"26";"1";""
"201900013252";"138 281 799";"C01";"2";"7";"0";"2";"4";"2";"1";""
"201900013252";"138 281 800";"B01";"2";"7";"0";"2";"4";"2";"1";""
"201900013252";"138 281 801";"A01";"2";"7";"0";"2";"1";"2";"1";""
"201900013253";"138 281 796";"C01";"1";"7";"0";"2";"4";"2";"1";""
"201900013253";"138 281 797";"B01";"1";"7";"0";"2";"4";"2";"1";""
"201900013253";"138 281 798";"A01";"1";"7";"0";"2";"1";"2";"1";""
"201900013254";"138 281 795";"A01";"1";"33";"0";"0";"0";"1";"1";""
"201900013255";"138 281 793";"B01";"1";"7";"0";"1";"3";"1";"1";""
"201900013255";"138 281 794";"A01";"2";"7";"0";"1";"1";"1";"1";""
"201900013256";"138 281 791";"A01";"3";"2";"0";"2";"1";"1";"1";""
"201900013256";"138 281 792";"B01";"3";"7";"0";"2";"3";"9";"1";""
"201900013257";"138 281 789";"B01";"3";"7";"0";"2";"1";"1";"2";""
"201900013257";"138 281 790";"A01";"3";"30";"0";"2";"1";"13";"1";""
"201900013258";"138 281 787";"A01";"1";"33";"0";"2";"1";"2";"1";""
"201900013258";"138 281 788";"B01";"1";"7";"0";"2";"6";"23";"1";""
"201900013259";"138 281 786";"A01";"2";"7";"15";"0";"1";"1";"1";""
"201900013260";"138 281 782";"B01";"1";"7";"0";"2";"4";"2";"1";""
"201900013260";"138 281 783";"A01";"1";"7";"0";"2";"1";"2";"1";""
"201900013261";"138 281 781";"A01";"1";"7";"0";"1";"1";"1";"1";""
"201900013262";"138 281 779";"A01";"2";"30";"0";"2";"2";"15";"1";""
"201900013262";"138 281 780";"B01";"2";"7";"0";"2";"1";"19";"1";""
"201900013263";"138 281 777";"A01";"1";"1";"0";"2";"2";"9";"5";""
"201900013263";"138 281 778";"B01";"1";"7";"0";"9";"6";"1";"1";""
"201900013264";"138 281 776";"A01";"1";"7";"0";"1";"1";"1";"1";""
"201900013265";"138 281 774";"A01";"1";"7";"0";"2";"1";"13";"1";""
"201900013265";"138 281 775";"B01";"1";"7";"0";"2";"3";"5";"1";""
"201900013266";"138 281 772";"A01";"1";"7";"0";"2";"9";"1";"1";""
"201900013266";"138 281 773";"B01";"1";"3";"0";"2";"9";"1";"1";""
"201900013267";"138 281 771";"A01";"1";"7";"0";"1";"0";"1";"1";""
"201900013268";"138 281 769";"B01";"1";"7";"0";"2";"1";"1";"0";""
"201900013268";"138 281 770";"A01";"1";"7";"0";"2";"1";"5";"1";""
"201900013269";"138 281 767";"A01";"1";"7";"0";"2";"3";"9";"1";""
"201900013269";"138 281 768";"B01";"1";"2";"0";"2";"1";"15";"1";""
"201900013270";"138 281 765";"A01";"2";"7";"0";"2";"2";"2";"0";""
"201900013270";"138 281 766";"B01";"2";"7";"0";"2";"4";"2";"0";""
"201900013271";"138 281 763";"B01";"0";"7";"0";"2";"2";"15";"0";""
"201900013271";"138 281 764";"A01";"2";"2";"0";"2";"7";"1";"1";""
"201900013272";"138 281 762";"A01";"1";"30";"0";"0";"7";"0";"1";""
"201900013273";"138 281 759";"A01";"1";"7";"0";"2";"2";"0";"1";""
"201900013273";"138 281 760";"B01";"1";"1";"0";"2";"9";"0";"5";""
"201900013273";"138 281 761";"C01";"0";"7";"0";"2";"8";"0";"1";""
"201900013274";"138 281 757";"A01";"2";"30";"0";"2";"1";"1";"1";""
"201900013274";"138 281 758";"B01";"2";"14";"0";"2";"3";"16";"1";""
"201900013275";"138 281 756";"A01";"2";"7";"0";"1";"2";"17";"1";""
"201900013276";"138 281 754";"B01";"0";"1";"0";"2";"2";"16";"5";""
"201900013276";"138 281 755";"A01";"0";"7";"0";"2";"5";"16";"1";""
"201900013277";"138 281 752";"B01";"0";"7";"0";"2";"3";"26";"1";""
"201900013277";"138 281 753";"A01";"0";"30";"0";"2";"1";"26";"1";""
"201900013278";"138 281 751";"A01";"0";"7";"0";"1";"1";"5";"1";""
"201900013279";"138 281 749";"A01";"0";"1";"0";"2";"1";"2";"5";""
"201900013279";"138 281 750";"B01";"0";"7";"0";"2";"5";"2";"1";""
"201900013280";"138 281 747";"B01";"1";"7";"0";"2";"2";"16";"1";""
"201900013280";"138 281 748";"A01";"1";"32";"0";"2";"8";"18";"1";""
"201900013281";"138 281 745";"A01";"2";"32";"0";"2";"6";"1";"1";""
"201900013281";"138 281 746";"B01";"3";"7";"0";"2";"6";"15";"1";""
"201900013282";"138 281 743";"B01";"1";"2";"0";"2";"5";"2";"1";""
"201900013282";"138 281 744";"A01";"1";"10";"0";"2";"1";"9";"1";""
"201900013283";"138 281 742";"A01";"1";"7";"0";"1";"2";"19";"1";""
"201900013284";"138 281 741";"A01";"3";"33";"12";"0";"1";"1";"1";""
"201900013285";"138 281 739";"A01";"3";"31";"0";"2";"1";"1";"1";""
"201900013285";"138 281 740";"B01";"3";"7";"0";"2";"2";"15";"1";""
"201900013286";"138 281 737";"B01";"2";"1";"1";"0";"1";"21";"6";""
"201900013286";"138 281 738";"A01";"2";"7";"0";"2";"8";"24";"1";""
"201900013287";"138 281 735";"B01";"1";"7";"0";"2";"6";"14";"0";""
"201900013287";"138 281 736";"A01";"1";"34";"0";"2";"2";"3";"0";""
"201900013288";"138 281 734";"A01";"2";"7";"0";"1";"1";"1";"1";""
"201900013289";"138 281 732";"B01";"1";"7";"0";"0";"4";"2";"1";""
"201900013289";"138 281 733";"A01";"1";"7";"0";"2";"1";"2";"1";""
"201900013290";"138 281 730";"Z01";"1";"7";"0";"2";"1";"1";"1";""
"201900013290";"138 281 731";"A01";"1";"1";"0";"2";"4";"1";"5";""
"201900013291";"138 281 728";"B01";"2";"7";"0";"2";"1";"1";"1";""
"201900013291";"138 281 729";"A01";"1";"50";"0";"2";"1";"19";"3";""
"201900013292";"138 281 724";"A01";"0";"7";"0";"2";"1";"1";"1";""
"201900013292";"138 281 725";"B01";"0";"33";"0";"2";"4";"1";"1";""
"201900013292";"138 281 726";"C01";"0";"7";"0";"2";"4";"1";"1";""
"201900013293";"138 281 722";"A01";"2";"34";"0";"2";"1";"1";"1";""
"201900013293";"138 281 723";"B01";"1";"7";"0";"2";"0";"20";"1";""
"201900013294";"138 281 720";"A01";"2";"37";"0";"2";"2";"1";"1";"1"
"201900013294";"138 281 721";"B01";"1";"1";"0";"2";"1";"1";"0";""
"201900013295";"138 281 718";"A01";"2";"7";"0";"2";"3";"1";"1";""
"201900013295";"138 281 719";"B01";"1";"2";"0";"2";"1";"1";"1";""
"201900013296";"138 281 716";"B01";"2";"33";"0";"2";"7";"1";"1";""
"201900013296";"138 281 717";"A01";"1";"7";"0";"2";"1";"15";"1";""
"201900013297";"138 281 714";"B01";"2";"33";"0";"2";"0";"0";"1";""
"201900013297";"138 281 715";"A01";"1";"7";"0";"2";"8";"1";"1";""
"201900013298";"138 281 713";"A01";"1";"33";"0";"0";"0";"1";"1";""
"201900013299";"138 281 711";"B01";"2";"7";"0";"2";"1";"1";"1";""
"201900013299";"138 281 712";"A01";"2";"7";"0";"2";"4";"1";"1";""
"201900013300";"138 281 710";"A01";"0";"33";"3";"0";"0";"1";"1";""
"201900013301";"138 281 709";"A01";"0";"7";"4";"0";"1";"1";"1";""
"201900013302";"138 281 707";"B01";"0";"7";"0";"2";"1";"15";"1";""
"201900013302";"138 281 708";"A01";"0";"30";"0";"2";"8";"17";"1";""
"201900013303";"138 281 706";"A01";"0";"10";"0";"1";"1";"1";"1";""
"201900013304";"138 281 704";"B01";"1";"33";"0";"2";"8";"3";"1";""
"201900013304";"138 281 705";"A01";"1";"7";"0";"2";"7";"12";"1";""
"201900013305";"138 281 702";"A01";"0";"7";"0";"2";"1";"1";"1";""
"201900013305";"138 281 703";"B01";"0";"7";"0";"2";"3";"1";"0";""
"201900013306";"138 281 701";"A01";"1";"34";"3";"0";"0";"11";"0";""
"201900013307";"138 281 697";"A01";"3";"7";"0";"2";"1";"17";"1";""
"201900013307";"138 281 698";"B01";"0";"7";"0";"2";"8";"15";"1";""
"201900013308";"138 281 694";"A01";"3";"7";"8";"0";"1";"14";"1";""
"201900013309";"138 281 693";"A01";"2";"7";"8";"0";"3";"0";"1";""
"201900013310";"138 281 688";"A01";"1";"7";"0";"2";"1";"13";"1";""
"201900013310";"138 281 689";"B01";"2";"7";"0";"2";"1";"1";"1";""
"201900013311";"138 281 686";"B01";"1";"7";"0";"2";"7";"1";"1";""
"201900013311";"138 281 687";"A01";"3";"10";"0";"2";"4";"4";"1";""
"201900013312";"138 281 683";"A01";"1";"7";"0";"2";"1";"2";"1";""
"201900013312";"138 281 684";"B01";"1";"1";"0";"2";"6";"0";"5";""
"201900013313";"138 281 681";"B01";"1";"7";"0";"2";"3";"15";"1";""
"201900013313";"138 281 682";"A01";"2";"33";"0";"2";"1";"1";"0";""
"201900013314";"138 281 677";"A01";"1";"7";"0";"2";"1";"1";"1";""
"201900013314";"138 281 678";"B01";"1";"7";"0";"0";"4";"1";"1";""
"201900013315";"138 281 676";"A01";"1";"7";"0";"1";"5";"13";"0";""
"201900013316";"138 281 675";"A01";"1";"7";"0";"1";"2";"1";"1";""
"201900013317";"138 281 674";"A01";"1";"1";"0";"0";"0";"1";"5";""
"201900013318";"138 281 672";"B01";"1";"7";"0";"2";"1";"0";"1";""
"201900013318";"138 281 673";"A01";"1";"7";"0";"2";"6";"4";"1";""
"201900013319";"138 281 670";"B01";"1";"7";"0";"2";"0";"0";"1";""
"201900013319";"138 281 671";"A01";"1";"7";"0";"2";"3";"15";"1";""
"201900013320";"138 281 668";"B01";"2";"34";"1";"0";"7";"17";"1";""
"201900013320";"138 281 669";"A01";"2";"7";"0";"2";"8";"23";"1";""
"201900013321";"138 281 666";"B01";"1";"34";"0";"2";"1";"2";"1";""
"201900013321";"138 281 667";"A01";"1";"10";"0";"2";"8";"15";"1";""
"201900013322";"138 281 664";"A01";"0";"7";"0";"2";"7";"15";"1";""
"201900013322";"138 281 665";"B01";"0";"7";"0";"2";"1";"1";"1";""
"201900013323";"138 281 662";"B01";"2";"7";"0";"2";"1";"16";"1";""
"201900013323";"138 281 663";"A01";"1";"7";"0";"2";"1";"5";"1";""
"201900013324";"138 281 660";"B01";"1";"2";"0";"2";"2";"1";"1";""
"201900013324";"138 281 661";"A01";"2";"7";"0";"2";"3";"9";"1";""
"201900013325";"138 281 658";"B01";"1";"7";"0";"2";"1";"1";"1";""
"201900013325";"138 281 659";"A01";"1";"33";"0";"2";"5";"1";"1";""
"201900013326";"138 281 656";"A01";"3";"7";"0";"2";"1";"21";"0";""
"201900013326";"138 281 657";"B01";"3";"7";"0";"2";"7";"0";"0";""
"201900013327";"138 281 653";"C01";"1";"7";"0";"2";"8";"26";"1";""
"201900013327";"138 281 654";"B01";"2";"7";"0";"2";"6";"26";"1";""
"201900013327";"138 281 655";"A01";"1";"7";"0";"2";"3";"26";"1";""
"201900013328";"138 281 651";"B01";"2";"7";"0";"2";"5";"26";"1";""
"201900013328";"138 281 652";"A01";"2";"30";"0";"2";"1";"26";"1";""
"201900013329";"138 281 649";"A01";"1";"7";"4";"2";"1";"14";"1";""
"201900013329";"138 281 650";"B01";"1";"7";"0";"2";"1";"1";"1";""
"201900013330";"138 281 647";"B01";"2";"33";"0";"2";"7";"3";"1";""
"201900013330";"138 281 648";"A01";"2";"10";"0";"2";"6";"11";"1";""
"201900013331";"138 281 645";"A01";"2";"7";"0";"2";"4";"2";"1";""
"201900013331";"138 281 646";"Z01";"2";"10";"0";"2";"1";"2";"0";""
"201900013332";"138 281 643";"B01";"1";"10";"0";"2";"2";"5";"1";""
"201900013332";"138 281 644";"A01";"2";"31";"0";"2";"1";"1";"1";""
"201900013333";"138 281 641";"A01";"1";"10";"0";"2";"3";"1";"1";""
"201900013333";"138 281 642";"B01";"1";"1";"0";"2";"6";"19";"5";""
"201900013334";"138 281 639";"A01";"2";"1";"0";"2";"1";"9";"5";""
"201900013334";"138 281 640";"B01";"1";"7";"0";"2";"3";"1";"1";""
"201900013335";"138 281 637";"B01";"1";"2";"0";"2";"8";"1";"1";""
"201900013335";"138 281 638";"A01";"1";"10";"0";"2";"5";"15";"1";""
"201900013336";"138 281 635";"B01";"1";"7";"0";"2";"7";"16";"1";""
"201900013336";"138 281 636";"A01";"1";"33";"0";"2";"3";"18";"1";""
"201900013337";"138 281 634";"A01";"1";"32";"0";"1";"1";"1";"1";""
"201900013338";"138 281 633";"A01";"2";"7";"0";"1";"3";"1";"1";""
"201900013339";"138 281 631";"A01";"2";"33";"0";"2";"1";"2";"1";""
"201900013339";"138 281 632";"B01";"2";"10";"0";"2";"4";"2";"1";""
"201900013340";"138 281 629";"B01";"2";"33";"0";"2";"8";"16";"1";""
"201900013340";"138 281 630";"A01";"1";"7";"0";"2";"2";"15";"1";""
"201900013341";"138 281 628";"A01";"1";"1";"12";"0";"8";"14";"5";""
"201900013342";"138 281 627";"A01";"2";"1";"12";"0";"1";"14";"5";""
"201900013343";"138 281 625";"A01";"2";"7";"0";"2";"3";"1";"1";""
"201900013343";"138 281 626";"B01";"2";"33";"0";"2";"3";"14";"1";""
"201900013344";"138 281 623";"A01";"1";"10";"0";"2";"2";"15";"1";""
"201900013344";"138 281 624";"B01";"2";"30";"0";"2";"3";"1";"1";""
"201900013345";"138 281 621";"A01";"2";"7";"0";"2";"8";"22";"1";""
"201900013345";"138 281 622";"B01";"2";"33";"0";"2";"0";"1";"1";""
"201900013346";"138 281 620";"A01";"2";"30";"0";"1";"1";"17";"3";""
"201900013347";"138 281 618";"A01";"1";"1";"0";"2";"4";"1";"5";""
"201900013347";"138 281 619";"B01";"1";"33";"0";"2";"1";"1";"1";""
"201900013348";"138 281 616";"B01";"1";"30";"0";"2";"3";"1";"3";""
"201900013348";"138 281 617";"A01";"1";"7";"0";"2";"6";"13";"1";""
"201900013349";"138 281 615";"A01";"1";"7";"0";"1";"2";"1";"2";""
"201900013350";"138 281 613";"A01";"1";"7";"0";"2";"2";"15";"1";""
"201900013350";"138 281 614";"B01";"2";"42";"0";"2";"1";"1";"1";""
"201900013351";"138 281 610";"A01";"3";"7";"0";"1";"7";"7";"1";""
"201900013352";"138 281 608";"A01";"1";"32";"0";"2";"4";"2";"1";""
"201900013352";"138 281 609";"Z01";"1";"7";"0";"2";"1";"2";"1";""
"201900013353";"138 281 606";"A01";"1";"7";"0";"2";"6";"15";"1";""
"201900013353";"138 281 607";"B01";"1";"1";"0";"2";"2";"1";"5";""
"201900013354";"138 281 604";"A01";"1";"10";"1";"0";"1";"1";"1";""
"201900013354";"138 281 605";"B01";"0";"10";"1";"0";"6";"24";"0";""
"201900013355";"138 281 602";"B01";"1";"7";"0";"2";"4";"23";"0";""
"201900013355";"138 281 603";"A01";"1";"33";"0";"2";"4";"2";"1";""
"201900013356";"138 281 600";"A01";"0";"7";"0";"2";"3";"1";"1";""
"201900013356";"138 281 601";"B01";"0";"31";"0";"2";"2";"2";"1";""
"201900013357";"138 281 598";"A01";"1";"7";"0";"2";"2";"1";"1";""
"201900013357";"138 281 599";"B01";"1";"7";"0";"2";"1";"1";"1";""
"201900013358";"138 281 597";"Z01";"3";"7";"0";"1";"4";"20";"1";""
"201900013359";"138 281 595";"B01";"1";"1";"1";"0";"1";"1";"5";""
"201900013359";"138 281 596";"A01";"1";"7";"0";"2";"8";"24";"1";""
"201900013360";"138 281 593";"A01";"2";"33";"0";"6";"1";"5";"1";""
"201900013360";"138 281 594";"B01";"1";"1";"0";"2";"1";"1";"0";""
"201900013361";"138 281 590";"A01";"1";"7";"0";"2";"2";"9";"1";""
"201900013361";"138 281 591";"B01";"1";"33";"0";"2";"1";"17";"1";""
"201900013362";"138 281 589";"A01";"3";"7";"0";"1";"1";"16";"1";""
"201900013363";"138 281 587";"A01";"2";"7";"0";"1";"1";"1";"1";""
"201900013364";"138 281 585";"B01";"0";"33";"0";"2";"8";"1";"1";""
"201900013364";"138 281 586";"A01";"0";"7";"0";"2";"7";"1";"1";""
"201900013365";"138 281 584";"A01";"1";"3";"0";"1";"2";"1";"1";""
"201900013366";"138 281 582";"A01";"2";"7";"0";"1";"3";"9";"1";""
"201900013367";"138 281 574";"A01";"1";"7";"0";"2";"1";"1";"1";""
"201900013367";"138 281 575";"B01";"1";"7";"0";"2";"4";"1";"1";""
"201900013368";"138 281 573";"A01";"2";"7";"0";"0";"0";"14";"1";""
"201900013369";"138 281 571";"B01";"0";"50";"0";"2";"3";"11";"3";""
"201900013369";"138 281 572";"Z01";"0";"7";"0";"0";"0";"0";"0";""
"201900013370";"138 281 570";"A01";"2";"7";"0";"1";"4";"4";"1";""
"201900013371";"138 281 568";"B01";"2";"33";"0";"2";"1";"1";"1";""
"201900013371";"138 281 569";"A01";"1";"10";"0";"2";"3";"1";"1";""
"201900013372";"138 281 566";"B01";"3";"3";"0";"2";"3";"1";"1";""
"201900013372";"138 281 567";"A01";"3";"3";"0";"2";"2";"19";"1";""
"201900013373";"138 281 565";"A01";"3";"7";"0";"1";"7";"1";"1";""
"201900013374";"138 281 563";"A01";"3";"7";"0";"2";"2";"2";"1";""
"201900013374";"138 281 564";"B01";"3";"1";"0";"2";"4";"2";"5";""
"201900013375";"138 281 562";"A01";"0";"30";"0";"1";"1";"16";"1";""
"201900013376";"138 281 561";"A01";"1";"40";"0";"1";"2";"1";"3";""
"201900013377";"138 281 557";"A01";"1";"7";"0";"2";"0";"1";"1";""
"201900013377";"138 281 558";"B01";"1";"33";"0";"0";"7";"1";"1";""
"201900013378";"138 281 554";"A01";"1";"7";"0";"2";"1";"1";"1";""
"201900013378";"138 281 555";"C01";"3";"7";"0";"2";"5";"1";"1";""
"201900013378";"138 281 556";"B01";"3";"7";"0";"2";"4";"2";"1";""
"201900013379";"138 281 553";"A01";"2";"7";"0";"1";"1";"1";"0";""
"201900013380";"138 281 552";"A01";"1";"7";"0";"0";"2";"21";"1";""
"201900013381";"138 281 547";"B01";"2";"7";"0";"2";"4";"2";"1";""
"201900013381";"138 281 548";"A01";"2";"7";"0";"2";"1";"2";"1";""
"201900013382";"138 281 546";"A01";"0";"7";"0";"1";"3";"1";"1";""
"201900013383";"138 281 544";"A01";"1";"32";"0";"2";"1";"17";"1";""
"201900013383";"138 281 545";"B01";"0";"7";"0";"2";"8";"15";"1";""
"201900013384";"138 281 542";"C01";"1";"7";"1";"2";"1";"26";"1";""
"201900013384";"138 281 543";"A01";"1";"7";"0";"2";"4";"26";"1";""
"201900013385";"138 281 539";"A01";"1";"7";"0";"2";"1";"0";"0";""
"201900013385";"138 281 540";"C01";"2";"2";"1";"2";"4";"5";"0";""
"201900013385";"138 281 541";"B01";"2";"7";"0";"2";"2";"5";"0";""
"201900013386";"138 281 537";"B01";"1";"7";"1";"1";"2";"17";"1";""
"201900013386";"138 281 538";"A01";"3";"7";"0";"0";"0";"23";"1";""
"201900013387";"138 281 535";"B01";"3";"7";"0";"2";"8";"1";"1";""
"201900013387";"138 281 536";"A01";"3";"7";"0";"2";"1";"26";"1";""
"201900013388";"138 281 530";"A01";"3";"30";"11";"0";"0";"2";"1";""
"201900013389";"138 281 529";"A01";"1";"7";"2";"1";"1";"14";"1";""
"201900013390";"138 281 528";"A01";"2";"7";"0";"1";"0";"1";"1";""
"201900013391";"138 281 526";"B01";"1";"13";"0";"2";"3";"2";"1";""
"201900013391";"138 281 527";"A01";"1";"7";"0";"2";"2";"1";"1";""
"201900013392";"138 281 524";"B01";"1";"7";"0";"2";"6";"15";"1";""
"201900013392";"138 281 525";"A01";"1";"33";"0";"2";"1";"17";"1";""
"201900013393";"138 281 522";"A01";"3";"30";"0";"2";"1";"15";"1";""
"201900013393";"138 281 523";"B01";"3";"7";"0";"2";"7";"15";"1";""
"201900013394";"138 281 520";"A01";"2";"7";"0";"2";"3";"15";"1";""
"201900013394";"138 281 521";"B01";"1";"33";"0";"2";"8";"1";"1";""
"201900013395";"138 281 518";"A01";"1";"10";"0";"2";"1";"2";"1";""
"201900013395";"138 281 519";"B01";"1";"10";"0";"2";"4";"2";"1";""
"201900013396";"138 281 517";"A01";"1";"14";"0";"1";"0";"16";"1";""
"201900013397";"138 281 514";"A01";"1";"34";"0";"2";"1";"17";"1";""
"201900013397";"138 281 515";"B01";"1";"7";"0";"2";"3";"13";"1";""
"201900013397";"138 281 516";"C01";"2";"7";"0";"2";"6";"1";"1";""
"201900013398";"138 281 512";"B01";"1";"43";"0";"2";"2";"1";"1";""
"201900013398";"138 281 513";"A01";"1";"7";"0";"2";"3";"10";"1";""
"201900013399";"138 281 511";"Z01";"2";"7";"0";"1";"3";"1";"1";""
"201900013400";"138 281 510";"A01";"3";"50";"0";"0";"0";"1";"3";""
"201900013401";"138 281 508";"A01";"2";"30";"0";"2";"3";"18";"1";""
"201900013401";"138 281 509";"B01";"2";"7";"0";"2";"7";"16";"1";""
"201900013402";"138 281 507";"A01";"2";"7";"0";"1";"1";"1";"2";""
"201900013403";"138 281 505";"B01";"1";"31";"0";"2";"2";"1";"1";""
"201900013403";"138 281 506";"A01";"1";"1";"0";"2";"2";"13";"5";""
"201900013404";"138 281 503";"A01";"1";"30";"0";"2";"1";"7";"1";""
"201900013404";"138 281 504";"B01";"1";"10";"0";"2";"2";"16";"1";""
"201900013405";"138 281 502";"A01";"1";"7";"0";"1";"1";"1";"1";""
"201900013406";"138 281 501";"A01";"2";"2";"1";"0";"1";"14";"1";""
"201900013407";"138 281 500";"A01";"2";"7";"0";"1";"4";"20";"1";""
"201900013408";"138 281 498";"A01";"2";"7";"0";"2";"2";"15";"1";""
"201900013408";"138 281 499";"B01";"1";"2";"0";"2";"3";"1";"1";""
"201900013409";"138 281 496";"A01";"1";"37";"0";"2";"3";"2";"1";"2"
"201900013409";"138 281 497";"B01";"1";"7";"0";"2";"5";"2";"1";""
"201900013410";"138 281 495";"A01";"1";"30";"0";"0";"0";"1";"1";""
"201900013411";"138 281 493";"A01";"1";"33";"0";"2";"3";"12";"1";""
"201900013411";"138 281 494";"B01";"1";"7";"0";"2";"5";"12";"1";""
"201900013412";"138 281 491";"A01";"1";"7";"0";"2";"3";"1";"1";""
"201900013412";"138 281 492";"B01";"2";"1";"0";"2";"0";"1";"5";""
"201900013413";"138 281 489";"Z01";"1";"7";"0";"2";"0";"10";"1";""
"201900013413";"138 281 490";"A01";"2";"33";"0";"2";"1";"1";"1";""
"201900013414";"138 281 487";"A01";"3";"7";"0";"2";"2";"1";"2";""
"201900013414";"138 281 488";"B01";"1";"50";"0";"2";"0";"16";"3";""
"201900013415";"138 281 485";"B01";"2";"32";"0";"2";"2";"18";"1";""
"201900013415";"138 281 486";"A01";"2";"7";"0";"2";"2";"1";"1";""
"201900013416";"138 281 484";"Z01";"2";"10";"0";"1";"1";"1";"1";""
"201900013417";"138 281 483";"A01";"1";"34";"0";"1";"1";"1";"1";""
"201900013418";"138 281 481";"B01";"1";"33";"0";"2";"7";"1";"1";""
"201900013418";"138 281 482";"A01";"1";"7";"0";"2";"6";"15";"1";""
"201900013419";"138 281 480";"A01";"1";"7";"1";"0";"1";"1";"1";""
"201900013420";"138 281 478";"A01";"2";"14";"0";"2";"1";"2";"1";""
"201900013420";"138 281 479";"B01";"2";"10";"0";"2";"4";"2";"1";""
"201900013421";"138 281 476";"A01";"0";"7";"0";"2";"2";"15";"1";""
"201900013421";"138 281 477";"B01";"2";"10";"0";"2";"3";"1";"1";""
"201900013422";"138 281 474";"B01";"2";"37";"0";"2";"3";"0";"0";"3"
"201900013422";"138 281 475";"A01";"2";"7";"0";"2";"7";"16";"0";""
"201900013423";"138 281 472";"B01";"1";"34";"0";"2";"1";"1";"1";""
"201900013423";"138 281 473";"A01";"1";"7";"0";"2";"3";"20";"1";""
"201900013424";"138 281 470";"A01";"1";"32";"0";"2";"1";"3";"1";""
"201900013424";"138 281 471";"B01";"1";"10";"0";"2";"6";"2";"6";""
"201900013425";"138 281 468";"B01";"1";"7";"0";"2";"2";"1";"1";""
"201900013425";"138 281 469";"A01";"0";"30";"0";"2";"1";"2";"1";""
"201900013426";"138 281 467";"A01";"3";"33";"0";"0";"3";"14";"1";""
"201900013427";"138 281 465";"B01";"1";"10";"0";"2";"3";"2";"1";""
"201900013427";"138 281 466";"A01";"2";"7";"0";"2";"3";"13";"1";""
"201900013428";"138 281 463";"A01";"1";"7";"0";"2";"0";"15";"0";""
"201900013428";"138 281 464";"B01";"1";"32";"0";"2";"1";"1";"0";""
"201900013429";"138 281 461";"A01";"2";"3";"0";"2";"4";"2";"0";""
"201900013429";"138 281 462";"B01";"2";"10";"0";"2";"1";"2";"0";""
"201900013430";"138 281 457";"A01";"1";"2";"0";"2";"1";"13";"1";""
"201900013430";"138 281 458";"B01";"2";"7";"0";"2";"2";"15";"1";""
"201900013431";"138 281 455";"B01";"0";"99";"0";"2";"1";"26";"0";""
"201900013431";"138 281 456";"A01";"0";"7";"8";"1";"2";"15";"0";""
"201900013432";"138 281 453";"A01";"2";"10";"0";"2";"1";"1";"1";""
"201900013432";"138 281 454";"B01";"0";"10";"0";"2";"0";"0";"1";""
"201900013433";"138 281 451";"A01";"1";"7";"0";"2";"7";"15";"1";""