"Num_Acc";"id_vehicule";"num_veh";"senc";"catv";"obs";"obsm";"choc";"manv";"motor";"occutc"
"201900013840";"138 280 655";"A01";"2";"7";"0";"2";"6";"1";"1";""
"201900013841";"138 280 650";"A01";"3";"33";"0";"9";"1";"13";"1";""
"201900013841";"138 280 651";"B01";"3";"33";"0";"9";"1";"1";"1";""
"201900013842";"138 280 648";"B01";"1";"30";"0";"2";"1";"17";"1";""
"201900013842";"138 280 649";"A01";"1";"30";"0";"2";"4";"13";"1";""
"201900013843";"138 280 647";"A01";"1";"7";"0";"1";"1";"26";"1";""
"201900013844";"138 280 644";"A01";"1";"2";"0";"2";"9";"17";"1";""
"201900013844";"138 280 645";"B01";"1";"7";"0";"2";"1";"1";"2";""
"201900013844";"138 280 646";"C01";"2";"7";"0";"2";"3";"5";"1";""
"201900013845";"138 280 642";"A01";"1";"30";"0";"2";"1";"16";"6";""
"201900013845";"138 280 643";"B01";"1";"7";"0";"0";"1";"15";"1";""
"201900013846";"138 280 641";"A01";"3";"33";"0";"0";"3";"1";"1";""
"201900013847";"138 280 640";"A01";"2";"1";"0";"2";"2";"1";"1";""
"201900013848";"138 280 638";"B01";"3";"7";"0";"2";"4";"2";"1";""
"201900013848";"138 280 639";"A01";"3";"33";"0";"2";"1";"2";"1";""
"201900013849";"138 280 634";"B01";"1";"33";"0";"2";"1";"1";"1";""
"201900013849";"138 280 635";"A01";"1";"10";"0";"2";"3";"10";"1";""
"201900013850";"138 280 632";"B01";"1";"33";"0";"0";"0";"3";"1";""
"201900013850";"138 280 633";"A01";"1";"10";"0";"0";"0";"11";"1";""
"201900013851";"138 280 630";"A01";"1";"38";"0";"2";"7";"17";"1";"1"
"201900013851";"138 280 631";"B01";"1";"1";"0";"0";"0";"0";"5";""
"201900013852";"138 280 629";"A01";"2";"7";"0";"1";"1";"1";"1";""
"201900013853";"138 280 628";"A01";"0";"7";"0";"1";"1";"1";"0";""
"201900013854";"138 280 627";"A01";"1";"7";"0";"1";"2";"1";"1";""
"201900013855";"138 280 626";"A01";"3";"60";"0";"0";"0";"15";"5";""
"201900013856";"138 280 623";"C01";"3";"7";"0";"2";"0";"0";"0";""
"201900013856";"138 280 624";"B01";"2";"7";"0";"2";"0";"0";"1";""
"201900013856";"138 280 625";"A01";"3";"7";"0";"2";"3";"21";"1";""
"201900013857";"138 280 621";"B01";"1";"7";"0";"2";"3";"1";"1";""
"201900013857";"138 280 622";"A01";"2";"7";"0";"2";"1";"1";"1";""
"201900013858";"138 280 619";"B01";"1";"1";"0";"2";"3";"1";"0";""
"201900013858";"138 280 620";"A01";"1";"15";"0";"2";"2";"16";"1";""
"201900013859";"138 280 617";"A01";"2";"7";"0";"2";"1";"2";"1";""
"201900013859";"138 280 618";"B01";"1";"7";"1";"2";"7";"1";"0";""
"201900013860";"138 280 616";"A01";"2";"1";"0";"1";"1";"1";"5";""
"201900013861";"138 280 614";"A01";"1";"7";"0";"2";"6";"2";"0";""
"201900013861";"138 280 615";"B01";"1";"33";"0";"2";"2";"2";"1";""
"201900013862";"138 280 612";"A01";"1";"1";"0";"2";"1";"5";"5";""
"201900013862";"138 280 613";"B01";"2";"7";"0";"6";"1";"9";"1";""
"201900013863";"138 280 611";"A01";"2";"33";"0";"2";"0";"2";"1";""
"201900013864";"138 280 610";"A01";"3";"30";"0";"1";"1";"0";"1";""
"201900013865";"138 280 608";"A01";"1";"7";"0";"2";"5";"12";"1";""
"201900013865";"138 280 609";"B01";"1";"33";"0";"2";"1";"3";"1";""
"201900013866";"138 280 606";"B01";"1";"7";"0";"0";"5";"23";"1";""
"201900013866";"138 280 607";"A01";"1";"30";"0";"2";"1";"21";"1";""
"201900013867";"138 280 604";"A01";"1";"7";"0";"2";"2";"1";"1";""
"201900013867";"138 280 605";"B01";"1";"7";"0";"2";"3";"1";"1";""
"201900013868";"138 280 602";"A01";"1";"50";"14";"0";"1";"13";"3";""
"201900013868";"138 280 603";"B01";"2";"7";"0";"2";"6";"23";"1";""
"201900013869";"138 280 601";"A01";"1";"7";"0";"1";"1";"26";"0";""
"201900013870";"138 280 599";"B01";"2";"7";"0";"6";"3";"1";"1";""
"201900013870";"138 280 600";"A01";"1";"50";"0";"2";"1";"5";"3";""
"201900013871";"138 280 597";"A01";"1";"32";"0";"2";"7";"17";"0";""
"201900013871";"138 280 598";"B01";"1";"7";"0";"2";"8";"15";"0";""
"201900013872";"138 280 595";"B01";"3";"10";"0";"2";"1";"1";"1";""
"201900013872";"138 280 596";"A01";"3";"30";"0";"2";"1";"5";"1";""
"201900013873";"138 280 593";"A01";"3";"7";"0";"2";"0";"9";"1";""
"201900013873";"138 280 594";"B01";"3";"2";"0";"2";"0";"0";"1";""
"201900013874";"138 280 591";"A01";"2";"7";"0";"2";"1";"2";"1";""
"201900013874";"138 280 592";"B01";"2";"7";"0";"2";"4";"2";"1";""
"201900013875";"138 280 590";"A01";"3";"31";"8";"0";"1";"21";"0";""
"201900013876";"138 280 585";"A01";"1";"7";"0";"1";"2";"1";"0";""
"201900013877";"138 280 581";"B01";"0";"7";"0";"2";"3";"13";"1";""
"201900013877";"138 280 582";"A01";"0";"31";"0";"2";"7";"13";"1";""
"201900013878";"138 280 579";"A01";"0";"7";"0";"2";"1";"17";"1";""
"201900013878";"138 280 580";"B01";"0";"7";"8";"0";"8";"15";"1";""
"201900013879";"138 280 578";"A01";"1";"7";"0";"1";"1";"2";"1";""
"201900013880";"138 280 577";"A01";"3";"1";"8";"0";"1";"1";"5";""
"201900013881";"138 280 576";"Z01";"1";"0";"0";"1";"1";"1";"0";""
"201900013882";"138 280 574";"A01";"1";"37";"0";"2";"1";"17";"1";"1"
"201900013882";"138 280 575";"B01";"1";"7";"0";"2";"1";"1";"1";""
"201900013883";"138 280 572";"B01";"2";"7";"0";"2";"1";"19";"1";""
"201900013883";"138 280 573";"A01";"2";"2";"0";"2";"7";"19";"1";""
"201900013884";"138 280 571";"A01";"1";"7";"15";"0";"1";"13";"1";""
"201900013885";"138 280 569";"A01";"1";"7";"0";"2";"6";"20";"1";""
"201900013885";"138 280 570";"B01";"1";"33";"0";"2";"7";"1";"1";""
"201900013886";"138 280 567";"A01";"2";"7";"0";"2";"1";"9";"1";""
"201900013886";"138 280 568";"B01";"1";"7";"0";"2";"3";"1";"1";""
"201900013887";"138 280 566";"A01";"2";"7";"3";"0";"1";"0";"0";""
"201900013888";"138 280 564";"B01";"3";"7";"0";"2";"2";"1";"1";""
"201900013888";"138 280 565";"A01";"3";"7";"0";"2";"3";"9";"1";""
"201900013889";"138 280 562";"A01";"2";"32";"0";"2";"1";"17";"0";""
"201900013889";"138 280 563";"B01";"2";"7";"0";"2";"8";"1";"0";""
"201900013890";"138 280 560";"B01";"2";"7";"0";"2";"1";"0";"1";""
"201900013890";"138 280 561";"A01";"2";"7";"0";"2";"4";"2";"1";""
"201900013891";"138 280 556";"A01";"0";"30";"0";"2";"3";"18";"1";""
"201900013891";"138 280 557";"B01";"3";"7";"0";"2";"2";"16";"0";""
"201900013892";"138 280 554";"B01";"2";"7";"0";"2";"6";"1";"0";""
"201900013892";"138 280 555";"A01";"1";"7";"0";"2";"1";"2";"0";""
"201900013893";"138 280 552";"B01";"1";"7";"0";"2";"3";"24";"0";""
"201900013893";"138 280 553";"A01";"1";"37";"0";"1";"5";"0";"0";"1"
"201900013894";"138 280 551";"B01";"1";"3";"1";"1";"2";"21";"0";""
"201900013895";"138 280 549";"A01";"1";"7";"0";"2";"2";"15";"1";""
"201900013895";"138 280 550";"B01";"2";"7";"0";"2";"3";"1";"1";""
"201900013896";"138 280 547";"B01";"3";"1";"0";"2";"8";"1";"0";""
"201900013896";"138 280 548";"A01";"1";"14";"0";"2";"1";"1";"0";""
"201900013897";"138 280 545";"B01";"1";"32";"0";"2";"1";"1";"1";""
"201900013897";"138 280 546";"A01";"2";"7";"0";"2";"2";"16";"1";""
"201900013898";"138 280 543";"B01";"1";"33";"0";"2";"1";"1";"1";""
"201900013898";"138 280 544";"A01";"2";"7";"0";"2";"1";"15";"1";""
"201900013899";"138 280 541";"A01";"3";"7";"0";"2";"3";"15";"0";""
"201900013899";"138 280 542";"B01";"3";"1";"0";"2";"8";"15";"5";""
"201900013900";"138 280 539";"B01";"1";"32";"0";"9";"0";"0";"0";""
"201900013900";"138 280 540";"A01";"3";"1";"0";"2";"0";"19";"5";""
"201900013901";"138 280 538";"A01";"1";"7";"0";"1";"1";"1";"1";""
"201900013902";"138 280 536";"B01";"1";"7";"0";"2";"5";"4";"1";""
"201900013902";"138 280 537";"A01";"1";"7";"0";"2";"6";"9";"1";""
"201900013903";"138 280 534";"B01";"0";"0";"0";"0";"0";"0";"0";""
"201900013903";"138 280 535";"A01";"0";"7";"0";"2";"2";"1";"0";""
"201900013904";"138 280 530";"A01";"3";"3";"0";"2";"0";"11";"1";""
"201900013904";"138 280 531";"B01";"3";"31";"0";"2";"2";"1";"1";""
"201900013905";"138 280 527";"A01";"3";"7";"0";"2";"1";"9";"1";""
"201900013905";"138 280 528";"C01";"3";"7";"0";"2";"4";"0";"1";""
"201900013905";"138 280 529";"B01";"3";"7";"0";"2";"4";"0";"1";""
"201900013906";"138 280 525";"Z01";"0";"3";"0";"1";"2";"26";"0";""
"201900013907";"138 280 524";"A01";"1";"10";"0";"1";"1";"9";"1";""
"201900013908";"138 280 523";"A01";"2";"34";"0";"1";"1";"26";"1";""
"201900013909";"138 280 521";"B01";"1";"34";"0";"2";"1";"26";"1";""
"201900013909";"138 280 522";"A01";"1";"99";"0";"2";"2";"26";"1";""
"201900013910";"138 280 520";"A01";"3";"7";"1";"0";"2";"26";"0";""
"201900013911";"138 280 518";"B01";"3";"7";"0";"2";"2";"10";"1";""
"201900013911";"138 280 519";"A01";"3";"7";"0";"2";"1";"1";"1";""
"201900013912";"138 280 517";"A01";"2";"30";"0";"1";"1";"17";"1";""
"201900013913";"138 280 514";"C01";"1";"34";"0";"2";"7";"1";"1";""
"201900013913";"138 280 515";"A01";"1";"30";"0";"2";"1";"1";"1";""
"201900013913";"138 280 516";"B01";"1";"10";"0";"2";"4";"23";"1";""
"201900013914";"138 280 513";"A01";"2";"3";"1";"0";"8";"1";"1";""
"201900013915";"138 280 512";"A01";"1";"37";"0";"1";"6";"19";"3";"1"
"201900013916";"138 280 510";"A01";"3";"7";"0";"2";"8";"11";"1";""
"201900013916";"138 280 511";"B01";"3";"3";"0";"2";"7";"1";"0";""
"201900013917";"138 280 508";"B01";"1";"10";"0";"2";"3";"24";"1";""
"201900013917";"138 280 509";"A01";"1";"7";"1";"0";"2";"1";"1";""
"201900013918";"138 280 507";"A01";"1";"33";"0";"2";"1";"1";"1";""
"201900013919";"138 280 505";"A01";"1";"37";"0";"2";"2";"12";"1";"1"
"201900013919";"138 280 506";"B01";"1";"60";"0";"2";"0";"19";"5";""
"201900013920";"138 280 503";"A01";"1";"34";"0";"2";"7";"17";"6";""
"201900013920";"138 280 504";"B01";"1";"14";"0";"2";"3";"15";"6";""
"201900013921";"138 280 502";"A01";"1";"33";"3";"0";"1";"15";"1";""
"201900013922";"138 280 501";"A01";"2";"7";"0";"1";"2";"1";"1";""
"201900013923";"138 280 498";"B01";"1";"10";"0";"2";"4";"23";"1";""
"201900013923";"138 280 499";"C01";"1";"7";"0";"2";"4";"23";"1";""
"201900013923";"138 280 500";"A01";"1";"7";"0";"2";"1";"2";"1";""
"201900013924";"138 280 497";"A01";"2";"7";"0";"1";"2";"2";"1";""
"201900013925";"138 280 495";"A01";"2";"33";"0";"2";"8";"13";"1";""
"201900013925";"138 280 496";"B01";"2";"7";"0";"2";"6";"26";"1";""
"201900013926";"138 280 493";"A01";"1";"7";"0";"2";"1";"2";"1";""
"201900013926";"138 280 494";"B01";"1";"1";"0";"2";"7";"14";"5";""
"201900013927";"138 280 492";"A01";"3";"7";"0";"1";"1";"21";"1";""
"201900013928";"138 280 491";"A01";"1";"30";"0";"0";"0";"1";"1";""
"201900013929";"138 280 489";"A01";"1";"10";"0";"2";"3";"0";"1";""
"201900013929";"138 280 490";"B01";"1";"7";"0";"2";"4";"2";"2";""
"201900013930";"138 280 485";"B01";"1";"33";"0";"2";"7";"1";"0";""
"201900013930";"138 280 486";"A01";"1";"7";"0";"2";"1";"15";"0";""
"201900013931";"138 280 483";"A01";"2";"7";"0";"6";"1";"9";"0";""
"201900013931";"138 280 484";"B01";"1";"80";"0";"2";"7";"26";"3";""
"201900013932";"138 280 481";"B01";"1";"17";"0";"2";"5";"19";"1";""
"201900013932";"138 280 482";"A01";"1";"2";"0";"2";"1";"18";"1";""
"201900013933";"138 280 479";"B01";"1";"7";"0";"2";"3";"19";"1";""
"201900013933";"138 280 480";"A01";"1";"33";"0";"2";"1";"16";"1";""
"201900013934";"138 280 477";"B01";"1";"10";"0";"2";"4";"23";"1";""
"201900013934";"138 280 478";"A01";"1";"13";"0";"2";"1";"19";"1";""
"201900013935";"138 280 476";"A01";"1";"7";"0";"1";"3";"19";"1";""
"201900013936";"138 280 474";"B01";"1";"1";"0";"2";"1";"15";"5";""
"201900013936";"138 280 475";"A01";"1";"7";"0";"1";"3";"15";"1";""
"201900013937";"138 280 473";"A01";"1";"7";"9";"0";"1";"19";"1";""
"201900013938";"138 280 472";"A01";"3";"7";"0";"1";"3";"16";"1";""
"201900013939";"138 280 470";"A01";"1";"7";"0";"6";"3";"22";"1";""
"201900013939";"138 280 471";"B01";"1";"1";"1";"0";"2";"1";"0";""
"201900013940";"138 280 469";"A01";"1";"7";"6";"0";"2";"14";"1";""
"201900013941";"138 280 465";"B01";"3";"2";"0";"2";"1";"0";"1";""
"201900013941";"138 280 466";"A01";"3";"7";"0";"2";"1";"1";"1";""
"201900013942";"138 280 463";"B01";"1";"33";"0";"2";"8";"1";"1";""
"201900013942";"138 280 464";"A01";"2";"7";"0";"2";"1";"15";"1";""
"201900013943";"138 280 462";"A01";"1";"7";"0";"1";"1";"17";"1";""
"201900013944";"138 280 460";"B01";"0";"7";"0";"2";"3";"9";"0";""
"201900013944";"138 280 461";"A01";"0";"33";"0";"2";"1";"1";"1";""
"201900013945";"138 280 459";"A01";"1";"7";"0";"1";"3";"15";"1";""
"201900013946";"138 280 458";"A01";"1";"7";"0";"1";"1";"15";"1";""
"201900013947";"138 280 456";"B01";"2";"31";"0";"2";"1";"0";"0";""
"201900013947";"138 280 457";"A01";"2";"7";"0";"2";"3";"10";"0";""
"201900013948";"138 280 455";"A01";"3";"32";"0";"1";"1";"1";"1";""
"201900013949";"138 280 453";"B01";"3";"7";"0";"2";"4";"0";"1";""
"201900013949";"138 280 454";"A01";"3";"7";"0";"2";"1";"2";"1";""
"201900013950";"138 280 449";"B01";"2";"10";"0";"2";"2";"15";"1";""
"201900013950";"138 280 450";"A01";"2";"10";"8";"2";"2";"1";"1";""
"201900013951";"138 280 448";"A01";"2";"7";"0";"1";"1";"16";"1";""
"201900013952";"138 280 446";"B01";"2";"7";"0";"0";"4";"23";"1";""
"201900013952";"138 280 447";"A01";"2";"7";"0";"2";"1";"2";"1";""
"201900013953";"138 280 444";"A01";"3";"10";"0";"2";"3";"15";"1";""
"201900013953";"138 280 445";"B01";"3";"32";"0";"2";"2";"2";"1";""
"201900013954";"138 280 442";"A01";"3";"10";"0";"2";"3";"2";"1";""
"201900013954";"138 280 443";"B01";"3";"2";"0";"2";"1";"0";"1";""
"201900013955";"138 280 440";"B01";"3";"32";"0";"2";"4";"26";"1";""
"201900013955";"138 280 441";"A01";"3";"31";"0";"2";"3";"2";"1";""
"201900013956";"138 280 439";"A01";"2";"7";"9";"0";"2";"14";"1";""
"201900013957";"138 280 438";"A01";"1";"7";"0";"0";"3";"1";"1";""
"201900013958";"138 280 436";"B01";"2";"33";"0";"2";"1";"1";"1";""
"201900013958";"138 280 437";"A01";"1";"7";"0";"2";"2";"15";"1";""
"201900013959";"138 280 435";"A01";"2";"7";"2";"0";"1";"1";"1";""
"201900013960";"138 280 434";"A01";"2";"17";"0";"1";"1";"17";"1";""
"201900013961";"138 280 432";"A01";"1";"7";"0";"2";"3";"13";"1";""
"201900013961";"138 280 433";"B01";"2";"7";"0";"2";"1";"0";"1";""
"201900013962";"138 280 431";"A01";"1";"7";"6";"0";"7";"13";"1";""
"201900013963";"138 280 429";"B01";"3";"7";"0";"2";"8";"1";"1";""
"201900013963";"138 280 430";"A01";"3";"32";"0";"2";"3";"13";"1";""
"201900013964";"138 280 426";"C01";"2";"7";"0";"2";"1";"1";"1";""
"201900013964";"138 280 427";"B01";"1";"1";"0";"2";"1";"13";"5";""
"201900013964";"138 280 428";"A01";"1";"1";"0";"2";"1";"13";"5";""
"201900013965";"138 280 425";"A01";"1";"33";"0";"0";"1";"1";"1";""
"201900013966";"138 280 424";"A01";"1";"7";"1";"1";"1";"1";"1";""
"201900013967";"138 280 420";"A01";"1";"7";"0";"2";"2";"19";"1";""
"201900013967";"138 280 421";"B01";"1";"7";"0";"2";"1";"1";"1";""
"201900013968";"138 280 419";"A01";"0";"7";"2";"0";"1";"1";"0";""
"201900013969";"138 280 418";"A01";"1";"33";"0";"5";"2";"1";"1";""
"201900013970";"138 280 417";"A01";"2";"7";"0";"6";"9";"1";"1";""
"201900013971";"138 280 415";"A01";"2";"7";"0";"2";"1";"5";"1";""
"201900013971";"138 280 416";"B01";"1";"7";"0";"2";"1";"1";"1";""
"201900013972";"138 280 413";"A01";"3";"2";"0";"2";"1";"5";"1";""
"201900013972";"138 280 414";"B01";"3";"7";"0";"2";"3";"1";"1";""
"201900013973";"138 280 412";"A01";"2";"7";"2";"0";"3";"16";"1";""
"201900013974";"138 280 410";"B01";"2";"7";"0";"2";"1";"1";"1";""
"201900013974";"138 280 411";"A01";"1";"7";"0";"2";"1";"13";"1";""
"201900013975";"138 280 408";"A01";"0";"1";"0";"2";"1";"1";"5";""
"201900013975";"138 280 409";"B01";"0";"34";"0";"2";"1";"1";"1";""
"201900013976";"138 280 407";"A01";"1";"33";"2";"0";"0";"1";"1";""
"201900013977";"138 280 406";"A01";"2";"7";"0";"1";"2";"1";"1";""
"201900013978";"138 280 402";"A01";"1";"7";"0";"2";"3";"2";"1";""
"201900013978";"138 280 403";"B01";"1";"7";"0";"0";"5";"2";"1";""
"201900013978";"138 280 404";"C01";"1";"7";"0";"0";"5";"2";"1";""
"201900013978";"138 280 405";"D01";"1";"7";"0";"0";"6";"2";"1";""
"201900013979";"138 280 400";"B01";"3";"14";"0";"2";"3";"1";"1";""
"201900013979";"138 280 401";"A01";"3";"7";"0";"2";"6";"13";"1";""
"201900013980";"138 280 399";"A01";"2";"2";"0";"0";"0";"14";"1";""
"201900013981";"138 280 398";"A01";"2";"7";"6";"0";"1";"1";"1";""
"201900013982";"138 280 397";"A01";"1";"33";"3";"0";"7";"1";"1";""
"201900013983";"138 280 395";"A01";"2";"3";"0";"0";"3";"10";"1";""
"201900013983";"138 280 396";"B01";"2";"7";"0";"2";"1";"1";"1";""
"201900013984";"138 280 393";"B01";"0";"7";"0";"2";"7";"15";"0";""
"201900013984";"138 280 394";"A01";"0";"2";"0";"2";"1";"1";"0";""
"201900013985";"138 280 392";"A01";"2";"7";"3";"0";"1";"14";"1";""
"201900013986";"138 280 391";"A01";"3";"2";"0";"0";"0";"1";"0";""
"201900013987";"138 280 390";"A01";"1";"7";"2";"0";"1";"1";"1";""
"201900013988";"138 280 388";"B01";"1";"10";"0";"2";"1";"1";"1";""
"201900013988";"138 280 389";"A01";"2";"7";"0";"2";"1";"13";"1";""
"201900013989";"138 280 387";"A01";"2";"15";"17";"0";"1";"0";"1";""
"201900013990";"138 280 386";"A01";"2";"7";"4";"0";"3";"1";"1";""
"201900013991";"138 280 385";"A01";"1";"14";"0";"0";"9";"1";"1";""
"201900013992";"138 280 383";"A01";"2";"7";"0";"2";"8";"13";"0";""
"201900013992";"138 280 384";"B01";"1";"33";"0";"2";"8";"17";"0";""
"201900013993";"138 280 382";"A01";"1";"33";"0";"0";"7";"1";"1";""
"201900013994";"138 280 381";"A01";"0";"34";"0";"0";"0";"2";"1";""
"201900013995";"138 280 380";"A01";"3";"7";"6";"0";"3";"1";"1";""
"201900013996";"138 280 379";"A01";"2";"7";"15";"0";"1";"1";"1";""
"201900013997";"138 280 378";"A01";"1";"33";"16";"0";"1";"14";"1";""
"201900013998";"138 280 375";"A01";"1";"7";"0";"2";"3";"13";"1";""
"201900013998";"138 280 376";"B01";"2";"7";"0";"2";"3";"1";"1";""
"201900013998";"138 280 377";"C01";"2";"7";"0";"2";"3";"1";"1";""
"201900013999";"138 280 374";"A01";"0";"7";"0";"1";"1";"20";"1";""
"201900014000";"138 280 372";"B01";"0";"7";"0";"2";"1";"2";"1";""
"201900014000";"138 280 373";"A01";"0";"7";"0";"0";"4";"23";"1";""
"201900014001";"138 280 370";"B01";"0";"7";"0";"0";"4";"1";"1";""
"201900014001";"138 280 371";"A01";"0";"7";"0";"0";"1";"1";"1";""
"201900014002";"138 280 368";"B01";"0";"7";"0";"2";"1";"1";"1";""
"201900014002";"138 280 369";"A01";"0";"7";"0";"2";"1";"5";"1";""
"201900014003";"138 280 367";"A01";"2";"7";"0";"1";"3";"19";"1";""
"201900014004";"138 280 366";"A01";"1";"7";"4";"0";"3";"17";"1";""
"201900014005";"138 280 365";"A01";"2";"7";"0";"0";"1";"21";"1";""
"201900014006";"138 280 363";"A01";"1";"33";"0";"2";"1";"17";"1";""
"201900014006";"138 280 364";"B01";"2";"7";"0";"0";"4";"15";"1";""
"201900014007";"138 280 362";"A01";"1";"33";"0";"0";"0";"1";"1";""
"201900014008";"138 280 360";"B01";"1";"99";"0";"2";"5";"13";"1";""
"201900014008";"138 280 361";"A01";"2";"7";"0";"2";"3";"1";"1";""
"201900014009";"138 280 358";"B01";"3";"7";"0";"2";"1";"1";"6";""
"201900014009";"138 280 359";"A01";"3";"7";"0";"2";"3";"26";"6";""
"201900014010";"138 280 357";"A01";"3";"7";"0";"1";"0";"15";"0";""
"201900014011";"138 280 356";"A01";"2";"7";"0";"1";"2";"1";"1";""
"201900014012";"138 280 354";"A01";"2";"7";"3";"2";"2";"1";"1";""
"201900014012";"138 280 355";"B01";"2";"7";"0";"2";"2";"1";"1";""
"201900014013";"138 280 352";"A01";"2";"10";"3";"6";"1";"1";"1";""
"201900014014";"138 280 351";"A01";"1";"7";"3";"0";"1";"1";"1";""
"201900014015";"138 280 349";"B01";"1";"33";"0";"2";"1";"9";"1";""
"201900014015";"138 280 350";"A01";"1";"7";"0";"0";"5";"1";"1";""
"201900014016";"138 280 347";"B01";"3";"1";"0";"2";"1";"19";"5";""
"201900014016";"138 280 348";"A01";"0";"7";"0";"2";"3";"1";"1";""
"201900014017";"138 280 346";"A01";"3";"2";"12";"0";"7";"1";"1";""
"201900014018";"138 280 345";"A01";"0";"7";"0";"0";"1";"1";"1";""
"201900014019";"138 280 343";"A01";"2";"7";"0";"2";"1";"1";"1";""
"201900014019";"138 280 344";"B01";"2";"7";"0";"0";"4";"1";"1";""
"201900014020";"138 280 342";"A01";"1";"10";"4";"0";"1";"0";"1";""
"201900014021";"138 280 338";"A01";"3";"7";"0";"2";"8";"10";"1";""
"201900014021";"138 280 339";"B01";"3";"33";"0";"2";"1";"1";"1";""
"201900014022";"138 280 336";"B01";"1";"7";"0";"9";"8";"1";"1";""
"201900014022";"138 280 337";"A01";"0";"7";"0";"2";"1";"26";"1";""
"201900014023";"138 280 335";"A01";"2";"7";"8";"0";"2";"14";"1";""
"201900014024";"138 280 334";"A01";"2";"7";"2";"0";"1";"1";"1";""
"201900014025";"138 280 331";"A01";"2";"32";"9";"0";"9";"5";"1";""
"201900014026";"138 280 329";"B01";"1";"7";"0";"0";"6";"2";"1";""
"201900014026";"138 280 330";"A01";"1";"33";"0";"2";"1";"2";"1";""
"201900014027";"138 280 327";"B01";"2";"33";"3";"2";"9";"2";"1";""
"201900014027";"138 280 328";"A01";"2";"7";"0";"2";"7";"2";"1";""
"201900014028";"138 280 326";"A01";"2";"7";"4";"0";"3";"1";"1";""
"201900014029";"138 280 324";"A01";"2";"7";"3";"2";"2";"12";"1";""
"201900014029";"138 280 325";"B01";"2";"7";"3";"2";"1";"1";"1";""
"201900014030";"138 280 322";"A01";"2";"7";"0";"2";"1";"5";"1";""
"201900014030";"138 280 323";"B01";"1";"7";"0";"2";"1";"0";"1";""
"201900014031";"138 280 320";"B01";"2";"7";"0";"2";"1";"1";"2";""
"201900014031";"138 280 321";"A01";"1";"7";"0";"2";"1";"13";"1";""
"201900014032";"138 280 319";"A01";"3";"7";"2";"0";"1";"26";"1";""
"201900014033";"138 280 318";"A01";"3";"7";"13";"0";"0";"1";"1";""
"201900014034";"138 280 316";"B01";"0";"7";"0";"2";"4";"15";"1";""
"201900014034";"138 280 317";"A01";"3";"33";"0";"2";"1";"17";"1";""
"201900014035";"138 280 315";"A01";"1";"33";"8";"0";"0";"1";"1";""
"201900014036";"138 280 313";"A01";"1";"7";"3";"0";"4";"2";"1";""
"201900014036";"138 280 314";"B01";"1";"15";"0";"0";"1";"2";"1";""
"201900014037";"138 280 312";"A01";"1";"2";"0";"0";"8";"1";"1";""
"201900014038";"138 280 310";"B01";"3";"7";"0";"2";"3";"1";"1";""
"201900014038";"138 280 311";"A01";"3";"36";"0";"2";"2";"13";"1";""
"201900014039";"138 280 309";"A01";"3";"7";"16";"0";"9";"1";"1";""
"201900014040";"138 280 308";"A01";"3";"7";"2";"0";"1";"26";"1";""
"201900014041";"138 280 307";"A01";"1";"7";"2";"0";"5";"1";"1";""
"201900014042";"138 280 305";"A01";"1";"7";"4";"2";"1";"1";"1";""
"201900014042";"138 280 306";"B01";"1";"99";"3";"0";"0";"1";"1";""
"201900014043";"138 280 303";"A01";"1";"7";"0";"2";"1";"1";"1";""
"201900014043";"138 280 304";"B01";"2";"7";"0";"2";"1";"1";"1";""
"201900014044";"138 280 302";"A01";"1";"7";"2";"0";"2";"0";"1";""
"201900014045";"138 280 301";"A01";"2";"33";"0";"1";"1";"17";"0";""
"201900014046";"138 280 299";"A01";"1";"33";"0";"2";"1";"2";"1";""
"201900014046";"138 280 300";"B01";"1";"7";"0";"2";"4";"15";"1";""
"201900014047";"138 280 297";"A01";"2";"7";"0";"2";"3";"13";"1";""
"201900014047";"138 280 298";"B01";"1";"7";"0";"2";"3";"0";"1";""
"201900014048";"138 280 294";"A01";"3";"7";"0";"2";"8";"19";"1";""
"201900014048";"138 280 295";"B01";"1";"7";"0";"2";"1";"1";"1";""
"201900014048";"138 280 296";"C01";"2";"7";"0";"2";"1";"1";"1";""
"201900014049";"138 280 293";"A01";"0";"7";"16";"9";"1";"1";"1";""
"201900014050";"138 280 291";"B01";"2";"7";"0";"2";"1";"1";"1";""
"201900014050";"138 280 292";"A01";"1";"33";"0";"2";"1";"5";"1";""
"201900014051";"138 280 290";"A01";"3";"2";"0";"1";"0";"0";"0";""
"201900014052";"138 280 289";"A01";"1";"7";"17";"0";"9";"1";"1";""
"201900014053";"138 280 288";"A01";"2";"7";"16";"0";"1";"26";"1";""
"201900014054";"138 280 287";"A01";"1";"33";"0";"0";"0";"0";"1";""
"201900014055";"138 280 284";"C01";"2";"33";"0";"2";"1";"1";"1";""
"201900014055";"138 280 285";"B01";"2";"33";"0";"2";"1";"1";"1";""
"201900014055";"138 280 286";"A01";"1";"7";"0";"2";"1";"15";"1";""
"201900014056";"138 280 283";"A01";"3";"33";"0";"0";"0";"15";"1";""
"201900014057";"138 280 282";"A01";"1";"33";"0";"0";"7";"1";"1";""
"201900014058";"138 280 281";"A01";"3";"7";"0";"1";"3";"15";"1";""
"201900014059";"138 280 280";"A01";"0";"7";"0";"1";"2";"1";"1";""