"Num_Acc";"id_vehicule";"num_veh";"senc";"catv";"obs";"obsm";"choc";"manv";"motor";"occutc"
"201900014262";"138 279 886";"A01";"2";"7";"0";"2";"1";"1";"1";""
"201900014262";"138 279 887";"B01";"1";"7";"0";"2";"4";"1";"1";""
"201900014263";"138 279 884";"B01";"1";"7";"0";"2";"4";"1";"1";""
"201900014263";"138 279 885";"A01";"1";"7";"0";"2";"1";"12";"1";""
"201900014264";"138 279 881";"A01";"2";"10";"0";"2";"8";"13";"1";""
"201900014264";"138 279 882";"B01";"2";"7";"0";"2";"5";"0";"2";""
"201900014264";"138 279 883";"C01";"2";"7";"15";"0";"2";"1";"1";""
"201900014265";"138 279 880";"A01";"2";"31";"0";"0";"7";"3";"0";""
"201900014266";"138 279 878";"B01";"2";"33";"0";"2";"3";"1";"1";""
"201900014266";"138 279 879";"A01";"2";"7";"0";"2";"5";"12";"2";""
"201900014267";"138 279 875";"A01";"2";"7";"0";"2";"1";"2";"1";""
"201900014267";"138 279 876";"B01";"2";"10";"0";"2";"4";"2";"1";""
"201900014267";"138 279 877";"C01";"2";"7";"0";"2";"4";"2";"1";""
"201900014268";"138 279 872";"A01";"2";"7";"0";"2";"1";"2";"1";""
"201900014268";"138 279 873";"B01";"2";"7";"0";"2";"4";"2";"1";""
"201900014268";"138 279 874";"C01";"2";"7";"0";"2";"4";"2";"1";""
"201900014269";"138 279 871";"A01";"1";"7";"4";"0";"3";"1";"1";""
"201900014270";"138 279 868";"C01";"2";"7";"0";"2";"1";"2";"1";""
"201900014270";"138 279 869";"B01";"2";"7";"0";"2";"4";"2";"1";""
"201900014270";"138 279 870";"A01";"2";"7";"0";"2";"1";"2";"1";""
"201900014271";"138 279 865";"A01";"2";"7";"0";"2";"1";"1";"1";""
"201900014271";"138 279 866";"B01";"2";"7";"0";"2";"4";"1";"1";""
"201900014271";"138 279 867";"C01";"2";"7";"0";"2";"4";"1";"1";""
"201900014272";"138 279 864";"A01";"2";"7";"0";"0";"3";"1";"1";""
"201900014273";"138 279 863";"A01";"2";"7";"0";"0";"2";"12";"0";""
"201900014274";"138 279 861";"A01";"1";"33";"0";"2";"1";"0";"1";""
"201900014274";"138 279 862";"B01";"1";"7";"0";"2";"4";"0";"1";""
"201900014275";"138 279 859";"B01";"1";"7";"0";"2";"6";"12";"1";""
"201900014275";"138 279 860";"A01";"1";"33";"0";"2";"1";"3";"1";""
"201900014276";"138 279 857";"A01";"2";"7";"0";"2";"1";"2";"1";""
"201900014276";"138 279 858";"B01";"2";"7";"0";"2";"4";"23";"0";""
"201900014277";"138 279 855";"B01";"2";"7";"0";"2";"3";"11";"1";""
"201900014277";"138 279 856";"A01";"2";"33";"0";"2";"1";"3";"1";""
"201900014278";"138 279 853";"A01";"1";"7";"0";"2";"2";"14";"1";""
"201900014278";"138 279 854";"B01";"1";"33";"0";"2";"1";"1";"1";""
"201900014279";"138 279 849";"D01";"1";"7";"0";"2";"4";"2";"1";""
"201900014279";"138 279 850";"C01";"1";"7";"0";"2";"4";"2";"1";""
"201900014279";"138 279 851";"B01";"1";"7";"0";"2";"4";"2";"1";""
"201900014279";"138 279 852";"A01";"1";"7";"0";"2";"1";"2";"1";""
"201900014280";"138 279 846";"A01";"1";"7";"4";"0";"3";"0";"0";""
"201900014281";"138 279 844";"B01";"1";"17";"0";"2";"6";"23";"1";""
"201900014281";"138 279 845";"A01";"1";"7";"0";"2";"3";"2";"0";""
"201900014282";"138 279 842";"B01";"1";"7";"0";"2";"3";"11";"1";""
"201900014282";"138 279 843";"A01";"1";"33";"0";"2";"1";"3";"1";""
"201900014283";"138 279 840";"A01";"1";"7";"0";"2";"2";"12";"1";""
"201900014283";"138 279 841";"B01";"1";"7";"0";"2";"6";"1";"1";""
"201900014284";"138 279 837";"A01";"1";"7";"0";"2";"1";"5";"1";""
"201900014284";"138 279 838";"B01";"1";"7";"0";"2";"2";"1";"1";""
"201900014284";"138 279 839";"C01";"1";"10";"0";"2";"1";"1";"1";""
"201900014285";"138 279 835";"A01";"1";"10";"0";"2";"1";"2";"1";""
"201900014285";"138 279 836";"B01";"1";"7";"0";"2";"4";"2";"1";""
"201900014286";"138 279 833";"B01";"1";"10";"0";"2";"5";"2";"1";""
"201900014286";"138 279 834";"A01";"1";"33";"0";"2";"1";"2";"1";""
"201900014287";"138 279 832";"A01";"1";"17";"0";"0";"1";"26";"1";""
"201900014288";"138 279 831";"A01";"2";"31";"0";"0";"8";"9";"1";""
"201900014289";"138 279 826";"E01";"2";"7";"0";"2";"1";"1";"1";""
"201900014289";"138 279 827";"D01";"2";"7";"0";"2";"2";"1";"1";""
"201900014289";"138 279 828";"C01";"1";"7";"0";"2";"1";"0";"1";""
"201900014289";"138 279 829";"B01";"1";"10";"0";"2";"1";"0";"1";""
"201900014289";"138 279 830";"A01";"1";"7";"0";"0";"4";"0";"1";""
"201900014290";"138 279 825";"A01";"1";"34";"3";"0";"3";"3";"1";""
"201900014291";"138 279 821";"B01";"1";"7";"0";"2";"4";"1";"1";""
"201900014291";"138 279 822";"C01";"1";"7";"0";"2";"4";"1";"1";""
"201900014291";"138 279 823";"A01";"1";"7";"0";"2";"1";"1";"1";""
"201900014292";"138 279 819";"A01";"1";"33";"0";"2";"1";"0";"1";""
"201900014292";"138 279 820";"B01";"1";"7";"0";"2";"4";"0";"1";""
"201900014293";"138 279 816";"C01";"2";"7";"0";"0";"1";"0";"1";""
"201900014293";"138 279 817";"B01";"2";"7";"4";"2";"2";"1";"1";""
"201900014293";"138 279 818";"A01";"2";"7";"0";"2";"6";"18";"1";""
"201900014294";"138 279 814";"A01";"1";"7";"0";"2";"1";"2";"1";""
"201900014294";"138 279 815";"B01";"1";"10";"0";"2";"4";"2";"1";""
"201900014295";"138 279 812";"B01";"2";"43";"0";"2";"4";"2";"1";""
"201900014295";"138 279 813";"A01";"2";"7";"0";"2";"1";"2";"1";""
"201900014296";"138 279 811";"A01";"1";"33";"0";"0";"9";"3";"1";""
"201900014297";"138 279 809";"A01";"1";"33";"0";"2";"8";"3";"1";""
"201900014297";"138 279 810";"B01";"1";"10";"0";"2";"7";"12";"1";""
"201900014298";"138 279 807";"Z01";"1";"7";"0";"2";"1";"0";"0";""
"201900014298";"138 279 808";"A01";"1";"33";"0";"2";"4";"2";"1";""
"201900014299";"138 279 805";"A01";"2";"31";"0";"2";"1";"3";"1";""
"201900014299";"138 279 806";"B01";"2";"7";"0";"2";"4";"11";"1";""
"201900014300";"138 279 802";"C01";"2";"7";"0";"2";"4";"2";"1";""
"201900014300";"138 279 803";"B01";"2";"7";"0";"2";"4";"2";"1";""
"201900014300";"138 279 804";"A01";"2";"7";"0";"2";"1";"2";"1";""
"201900014301";"138 279 800";"B01";"2";"7";"0";"2";"6";"23";"1";""
"201900014301";"138 279 801";"A01";"2";"34";"1";"0";"1";"3";"1";""
"201900014302";"138 279 798";"A01";"1";"14";"0";"2";"5";"12";"1";""
"201900014302";"138 279 799";"B01";"1";"7";"0";"2";"8";"1";"1";""
"201900014303";"138 279 796";"B01";"2";"34";"0";"2";"7";"3";"1";""
"201900014303";"138 279 797";"A01";"2";"7";"0";"2";"3";"11";"1";""
"201900014304";"138 279 794";"Z01";"2";"10";"0";"2";"8";"11";"0";""
"201900014304";"138 279 795";"A01";"2";"33";"0";"2";"7";"3";"1";""
"201900014305";"138 279 792";"A01";"2";"7";"0";"2";"7";"12";"1";""
"201900014305";"138 279 793";"B01";"2";"33";"0";"2";"8";"3";"1";""
"201900014306";"138 279 791";"A01";"2";"7";"13";"0";"9";"13";"1";""
"201900014307";"138 279 790";"A01";"2";"7";"4";"0";"3";"13";"1";""
"201900014308";"138 279 788";"A01";"2";"7";"0";"2";"4";"23";"1";""
"201900014308";"138 279 789";"B01";"2";"10";"1";"0";"1";"1";"1";""
"201900014309";"138 279 785";"A01";"2";"7";"0";"2";"4";"23";"1";""
"201900014309";"138 279 786";"Z01";"2";"7";"1";"0";"1";"1";"1";""
"201900014309";"138 279 787";"B01";"2";"7";"0";"2";"4";"23";"1";""
"201900014310";"138 279 783";"B01";"2";"7";"0";"2";"5";"12";"1";""
"201900014310";"138 279 784";"A01";"2";"43";"0";"2";"1";"3";"1";""
"201900014311";"138 279 782";"A01";"2";"7";"4";"0";"3";"13";"1";""
"201900014312";"138 279 781";"A01";"1";"7";"0";"0";"9";"14";"1";""
"201900014313";"138 279 780";"A01";"2";"33";"0";"0";"9";"1";"1";""
"201900014314";"138 279 779";"A01";"2";"7";"3";"0";"2";"14";"1";""
"201900014315";"138 279 777";"B01";"1";"7";"0";"2";"1";"1";"1";""
"201900014315";"138 279 778";"A01";"1";"7";"0";"2";"4";"11";"1";""
"201900014316";"138 279 776";"A01";"2";"43";"15";"0";"9";"1";"1";""
"201900014317";"138 279 774";"B01";"1";"7";"4";"2";"8";"1";"1";""
"201900014317";"138 279 775";"A01";"1";"7";"4";"2";"3";"13";"1";""
"201900014318";"138 279 772";"A01";"1";"33";"0";"2";"1";"1";"1";""
"201900014318";"138 279 773";"Z01";"1";"10";"0";"2";"4";"1";"0";""
"201900014319";"138 279 770";"B01";"2";"7";"0";"2";"3";"13";"1";""
"201900014319";"138 279 771";"A01";"2";"32";"0";"2";"7";"21";"1";""
"201900014320";"138 279 767";"B01";"2";"7";"0";"2";"2";"2";"1";""
"201900014320";"138 279 768";"C01";"2";"10";"0";"2";"6";"2";"1";""
"201900014320";"138 279 769";"A01";"2";"34";"0";"2";"3";"3";"1";""
"201900014321";"138 279 764";"C01";"1";"7";"0";"2";"6";"2";"1";""
"201900014321";"138 279 765";"B01";"1";"7";"0";"2";"6";"2";"1";""
"201900014321";"138 279 766";"A01";"1";"33";"0";"2";"0";"0";"1";""
"201900014322";"138 279 763";"A01";"1";"43";"0";"0";"9";"1";"1";""
"201900014323";"138 279 761";"A01";"1";"7";"0";"2";"1";"2";"1";""
"201900014323";"138 279 762";"B01";"1";"7";"0";"2";"4";"2";"1";""
"201900014324";"138 279 760";"A01";"2";"7";"4";"0";"1";"14";"1";""
"201900014325";"138 279 759";"A01";"1";"7";"3";"0";"1";"14";"1";""
"201900014326";"138 279 757";"A01";"1";"10";"0";"2";"1";"2";"1";""
"201900014326";"138 279 758";"B01";"1";"7";"0";"2";"4";"2";"1";""
"201900014327";"138 279 755";"B01";"2";"7";"0";"2";"7";"12";"1";""
"201900014327";"138 279 756";"A01";"2";"33";"0";"2";"8";"3";"1";""
"201900014328";"138 279 753";"B01";"2";"7";"0";"2";"4";"2";"1";""
"201900014328";"138 279 754";"A01";"2";"7";"0";"2";"1";"2";"1";""
"201900014329";"138 279 751";"A01";"1";"33";"0";"2";"7";"3";"1";""
"201900014329";"138 279 752";"B01";"1";"7";"0";"2";"8";"11";"1";""
"201900014330";"138 279 750";"A01";"2";"7";"7";"0";"1";"14";"1";""
"201900014331";"138 279 749";"A01";"1";"7";"0";"0";"9";"0";"1";""
"201900014332";"138 279 747";"B01";"1";"7";"0";"2";"3";"11";"1";""
"201900014332";"138 279 748";"A01";"1";"33";"0";"2";"2";"3";"1";""
"201900014333";"138 279 746";"A01";"2";"33";"0";"0";"9";"13";"1";""
"201900014334";"138 279 743";"B01";"2";"7";"0";"2";"8";"21";"1";""
"201900014334";"138 279 744";"C01";"2";"15";"0";"2";"4";"2";"1";""
"201900014334";"138 279 745";"A01";"2";"17";"0";"2";"1";"2";"1";""
"201900014335";"138 279 742";"A01";"1";"7";"13";"0";"9";"26";"1";""
"201900014336";"138 279 739";"B01";"2";"7";"0";"2";"5";"1";"1";""
"201900014336";"138 279 740";"C01";"2";"10";"0";"2";"7";"1";"1";""
"201900014336";"138 279 741";"A01";"2";"7";"0";"2";"3";"1";"1";""
"201900014337";"138 279 738";"A01";"1";"34";"14";"0";"9";"1";"1";""
"201900014338";"138 279 736";"A01";"1";"7";"4";"2";"3";"1";"1";""
"201900014338";"138 279 737";"B01";"1";"7";"0";"2";"5";"2";"1";""
"201900014339";"138 279 735";"A01";"1";"7";"3";"0";"3";"13";"1";""
"201900014340";"138 279 733";"A01";"2";"7";"0";"2";"1";"1";"1";""
"201900014340";"138 279 734";"B01";"2";"7";"0";"2";"4";"2";"1";""
"201900014341";"138 279 731";"Z01";"1";"7";"0";"2";"2";"1";"0";""
"201900014341";"138 279 732";"A01";"1";"7";"0";"2";"6";"1";"1";""
"201900014342";"138 279 730";"A01";"1";"7";"4";"0";"2";"16";"1";""
"201900014343";"138 279 727";"B01";"2";"7";"0";"2";"4";"23";"1";""
"201900014343";"138 279 728";"C01";"2";"7";"0";"2";"4";"23";"1";""
"201900014343";"138 279 729";"A01";"2";"7";"1";"0";"1";"2";"1";""
"201900014344";"138 279 725";"A01";"2";"33";"0";"2";"8";"1";"1";""
"201900014344";"138 279 726";"B01";"2";"7";"0";"2";"7";"12";"1";""
"201900014345";"138 279 723";"A01";"1";"10";"0";"2";"1";"1";"1";""
"201900014345";"138 279 724";"B01";"1";"7";"0";"2";"6";"2";"1";""
"201900014346";"138 279 721";"B01";"2";"10";"0";"2";"4";"1";"1";""
"201900014346";"138 279 722";"A01";"2";"7";"0";"2";"1";"26";"1";""
"201900014347";"138 279 718";"C01";"2";"33";"0";"2";"1";"3";"1";""
"201900014347";"138 279 719";"B01";"2";"10";"0";"2";"8";"1";"1";""
"201900014347";"138 279 720";"A01";"2";"7";"0";"2";"7";"1";"1";""
"201900014348";"138 279 715";"B01";"1";"7";"0";"2";"4";"2";"2";""
"201900014348";"138 279 716";"C01";"1";"7";"0";"2";"4";"2";"2";""
"201900014348";"138 279 717";"A01";"1";"7";"0";"2";"1";"2";"1";""
"201900014349";"138 279 712";"B01";"1";"7";"0";"2";"8";"1";"1";""
"201900014349";"138 279 713";"C01";"1";"17";"0";"2";"4";"1";"1";""
"201900014349";"138 279 714";"A01";"1";"31";"0";"2";"2";"3";"1";""
"201900014350";"138 279 710";"B01";"2";"10";"0";"2";"4";"2";"1";""
"201900014350";"138 279 711";"A01";"2";"7";"0";"2";"1";"2";"1";""
"201900014351";"138 279 708";"B01";"2";"7";"0";"2";"4";"2";"2";""
"201900014351";"138 279 709";"A01";"2";"7";"0";"2";"1";"2";"1";""
"201900014352";"138 279 707";"A01";"1";"7";"3";"0";"1";"0";"1";""
"201900014353";"138 279 705";"A01";"2";"7";"0";"2";"2";"14";"1";""
"201900014353";"138 279 706";"B01";"2";"10";"4";"2";"8";"1";"1";""
"201900014354";"138 279 703";"B01";"1";"7";"0";"2";"4";"1";"1";""
"201900014354";"138 279 704";"A01";"1";"7";"0";"2";"1";"0";"1";""
"201900014355";"138 279 698";"D01";"1";"7";"0";"2";"4";"2";"1";""
"201900014355";"138 279 699";"B01";"1";"7";"0";"2";"4";"2";"1";""
"201900014355";"138 279 700";"E01";"1";"10";"0";"2";"4";"2";"1";""
"201900014355";"138 279 701";"C01";"1";"7";"0";"2";"4";"2";"1";""
"201900014355";"138 279 702";"A01";"1";"17";"0";"2";"1";"2";"1";""
"201900014356";"138 279 697";"A01";"2";"7";"4";"0";"3";"20";"1";""
"201900014357";"138 279 694";"C01";"1";"7";"0";"2";"4";"2";"1";""
"201900014357";"138 279 695";"Z01";"1";"7";"0";"2";"1";"2";"1";""
"201900014357";"138 279 696";"B01";"1";"7";"0";"2";"4";"2";"1";""
"201900014358";"138 279 691";"B01";"1";"7";"0";"2";"4";"2";"1";""
"201900014358";"138 279 692";"C01";"1";"7";"0";"2";"4";"2";"1";""
"201900014358";"138 279 693";"A01";"1";"7";"0";"2";"1";"2";"1";""
"201900014359";"138 279 689";"A01";"2";"7";"0";"2";"5";"12";"1";""
"201900014359";"138 279 690";"B01";"2";"33";"0";"2";"1";"3";"1";""
"201900014360";"138 279 686";"B01";"2";"7";"0";"2";"4";"2";"1";""
"201900014360";"138 279 687";"C01";"2";"7";"0";"2";"4";"2";"1";""
"201900014360";"138 279 688";"A01";"2";"7";"0";"2";"1";"2";"1";""
"201900014361";"138 279 684";"A01";"1";"7";"1";"0";"1";"1";"1";""
"201900014361";"138 279 685";"B01";"1";"7";"0";"2";"4";"23";"1";""
"201900014362";"138 279 682";"A01";"2";"33";"0";"2";"2";"3";"1";""
"201900014362";"138 279 683";"B01";"2";"7";"0";"2";"6";"1";"1";""
"201900014363";"138 279 680";"A01";"2";"33";"0";"2";"1";"2";"1";""
"201900014363";"138 279 681";"B01";"2";"7";"0";"2";"6";"2";"1";""
"201900014364";"138 279 678";"B01";"1";"7";"0";"2";"6";"1";"1";""
"201900014364";"138 279 679";"A01";"1";"15";"0";"2";"2";"12";"1";""
"201900014365";"138 279 677";"A01";"1";"7";"3";"0";"1";"14";"1";""
"201900014366";"138 279 676";"A01";"1";"7";"3";"0";"1";"14";"1";""
"201900014367";"138 279 675";"A01";"1";"7";"3";"0";"1";"13";"1";""
"201900014368";"138 279 673";"A01";"1";"7";"0";"2";"1";"1";"1";""
"201900014368";"138 279 674";"B01";"1";"7";"0";"2";"4";"2";"1";""
"201900014369";"138 279 671";"Z01";"1";"7";"0";"2";"7";"12";"1";""
"201900014369";"138 279 672";"A01";"1";"33";"0";"2";"8";"3";"1";""
"201900014370";"138 279 670";"A01";"1";"7";"4";"0";"8";"13";"1";""
"201900014371";"138 279 667";"B01";"2";"7";"0";"2";"1";"12";"1";""
"201900014371";"138 279 668";"C01";"2";"7";"0";"2";"8";"11";"1";""
"201900014371";"138 279 669";"A01";"2";"7";"0";"2";"6";"1";"1";""
"201900014372";"138 279 665";"A01";"1";"31";"0";"2";"5";"1";"0";""
"201900014372";"138 279 666";"Z01";"2";"7";"0";"0";"0";"0";"0";""
"201900014373";"138 279 663";"B01";"1";"10";"0";"2";"4";"26";"1";""
"201900014373";"138 279 664";"A01";"1";"13";"1";"2";"1";"26";"1";""
"201900014374";"138 279 660";"C01";"2";"10";"0";"2";"4";"23";"1";""
"201900014374";"138 279 661";"B01";"2";"7";"0";"2";"6";"23";"1";""
"201900014374";"138 279 662";"A01";"2";"33";"0";"2";"1";"12";"1";""
"201900014375";"138 279 658";"B01";"2";"7";"0";"2";"3";"2";"1";""
"201900014375";"138 279 659";"A01";"2";"7";"0";"2";"5";"2";"1";""
"201900014376";"138 279 656";"B01";"2";"33";"0";"2";"8";"3";"1";""
"201900014376";"138 279 657";"A01";"2";"7";"0";"2";"2";"12";"1";""
"201900014377";"138 279 654";"B01";"1";"7";"0";"2";"5";"2";"1";""
"201900014377";"138 279 655";"A01";"1";"10";"0";"2";"1";"1";"1";""
"201900014378";"138 279 652";"B01";"2";"7";"0";"2";"1";"2";"1";""
"201900014378";"138 279 653";"A01";"2";"7";"0";"2";"1";"14";"1";""
"201900014379";"138 279 651";"A01";"2";"33";"3";"2";"8";"3";"1";""
"201900014380";"138 279 650";"A01";"2";"7";"3";"0";"3";"13";"1";""
"201900014381";"138 279 648";"A01";"2";"7";"0";"2";"4";"11";"1";""
"201900014381";"138 279 649";"B01";"2";"10";"0";"2";"1";"1";"1";""
"201900014382";"138 279 647";"A01";"1";"16";"4";"0";"1";"6";"1";""
"201900014383";"138 279 645";"B01";"2";"2";"0";"2";"4";"12";"1";""
"201900014383";"138 279 646";"A01";"2";"2";"0";"2";"1";"26";"1";""
"201900014384";"138 279 641";"A01";"2";"33";"0";"2";"1";"2";"1";""
"201900014384";"138 279 642";"B01";"2";"33";"0";"2";"4";"1";"1";""
"201900014385";"138 279 638";"C01";"1";"10";"0";"2";"4";"2";"1";""
"201900014385";"138 279 639";"B01";"1";"7";"0";"2";"4";"2";"1";""
"201900014385";"138 279 640";"A01";"1";"7";"0";"2";"1";"2";"1";""
"201900014386";"138 279 632";"A01";"1";"7";"0";"2";"8";"1";"1";""
"201900014386";"138 279 633";"B01";"1";"7";"0";"2";"4";"1";"1";""
"201900014386";"138 279 634";"C01";"1";"7";"0";"2";"4";"1";"1";""
"201900014386";"138 279 635";"D01";"1";"7";"0";"2";"4";"1";"1";""
"201900014386";"138 279 636";"E01";"1";"15";"0";"2";"7";"1";"1";""
"201900014386";"138 279 637";"F01";"1";"15";"0";"2";"1";"1";"1";""
"201900014387";"138 279 629";"A01";"2";"17";"0";"2";"1";"1";"1";""
"201900014387";"138 279 630";"B01";"2";"17";"0";"2";"4";"23";"1";""
"201900014387";"138 279 631";"C01";"2";"17";"0";"2";"4";"23";"1";""
"201900014388";"138 279 627";"A01";"2";"7";"0";"2";"1";"2";"1";""
"201900014388";"138 279 628";"B01";"2";"7";"0";"2";"4";"2";"1";""
"201900014389";"138 279 625";"B01";"2";"7";"0";"2";"4";"26";"1";""
"201900014389";"138 279 626";"A01";"2";"10";"0";"2";"1";"26";"1";""
"201900014390";"138 279 623";"B01";"2";"7";"0";"2";"4";"23";"1";""
"201900014390";"138 279 624";"A01";"2";"7";"0";"2";"1";"0";"1";""
"201900014391";"138 279 621";"B01";"2";"31";"0";"2";"8";"3";"1";""
"201900014391";"138 279 622";"A01";"2";"10";"0";"2";"7";"12";"1";""
"201900014392";"138 279 619";"A01";"1";"7";"4";"0";"1";"1";"1";""
"201900014393";"138 279 617";"B01";"1";"34";"0";"2";"1";"3";"1";""
"201900014393";"138 279 618";"A01";"1";"7";"0";"2";"5";"12";"1";""
"201900014394";"138 279 614";"C01";"2";"7";"0";"2";"1";"2";"1";""
"201900014394";"138 279 615";"B01";"2";"7";"0";"2";"4";"2";"1";""
"201900014394";"138 279 616";"A01";"2";"7";"0";"2";"4";"2";"1";""
"201900014395";"138 279 611";"A01";"1";"10";"0";"2";"4";"1";"1";""
"201900014395";"138 279 612";"B01";"1";"7";"0";"2";"1";"1";"1";""
"201900014396";"138 279 607";"A01";"1";"7";"0";"2";"3";"21";"1";""
"201900014396";"138 279 608";"B01";"1";"7";"0";"2";"4";"2";"4";""
"201900014397";"138 279 604";"C01";"2";"10";"0";"2";"1";"2";"0";""
"201900014397";"138 279 605";"B01";"2";"33";"0";"2";"4";"2";"0";""
"201900014397";"138 279 606";"A01";"2";"7";"0";"2";"1";"2";"0";""
"201900014398";"138 279 602";"B01";"2";"7";"0";"2";"5";"1";"1";""
"201900014398";"138 279 603";"A01";"2";"7";"0";"2";"1";"2";"1";""
"201900014399";"138 279 599";"C01";"1";"7";"0";"2";"5";"11";"1";""
"201900014399";"138 279 600";"B01";"1";"7";"0";"2";"5";"1";"1";""
"201900014399";"138 279 601";"A01";"1";"43";"0";"2";"8";"3";"1";""
"201900014400";"138 279 596";"A01";"2";"10";"0";"2";"2";"2";"1";""
"201900014400";"138 279 597";"B01";"2";"7";"0";"2";"4";"2";"1";""
"201900014400";"138 279 598";"C01";"2";"7";"0";"2";"4";"1";"1";""
"201900014401";"138 279 594";"A01";"2";"33";"0";"2";"8";"1";"1";""
"201900014401";"138 279 595";"B01";"2";"15";"0";"2";"5";"12";"1";""
"201900014402";"138 279 592";"B01";"2";"7";"0";"2";"4";"1";"1";""
"201900014402";"138 279 593";"A01";"2";"7";"0";"2";"1";"1";"1";""
"201900014403";"138 279 589";"A01";"1";"15";"0";"2";"1";"2";"1";""
"201900014403";"138 279 590";"C01";"1";"15";"0";"2";"4";"2";"1";""
"201900014403";"138 279 591";"B01";"1";"15";"0";"2";"4";"2";"1";""
"201900014404";"138 279 587";"B01";"2";"7";"0";"2";"8";"1";"1";""
"201900014404";"138 279 588";"A01";"2";"7";"4";"2";"3";"17";"1";""
"201900014405";"138 279 584";"C01";"1";"7";"0";"2";"4";"1";"1";""
"201900014405";"138 279 585";"A01";"1";"7";"0";"2";"1";"1";"1";""
"201900014405";"138 279 586";"B01";"1";"7";"0";"2";"4";"1";"1";""
"201900014406";"138 279 583";"A01";"1";"17";"4";"0";"1";"21";"1";""
"201900014407";"138 279 581";"A01";"2";"7";"0";"2";"6";"11";"1";""
"201900014407";"138 279 582";"B01";"2";"7";"0";"2";"7";"2";"1";""
"201900014408";"138 279 578";"A01";"1";"10";"0";"2";"1";"2";"1";""
"201900014408";"138 279 579";"B01";"1";"7";"0";"2";"4";"2";"1";""
"201900014408";"138 279 580";"C01";"1";"17";"0";"2";"4";"2";"1";""
"201900014409";"138 279 576";"A01";"2";"33";"0";"2";"4";"2";"1";""
"201900014409";"138 279 577";"B01";"2";"34";"0";"2";"1";"2";"1";""
"201900014410";"138 279 574";"B01";"1";"7";"0";"2";"4";"2";"1";""
"201900014410";"138 279 575";"A01";"1";"10";"0";"2";"1";"2";"1";""
"201900014411";"138 279 573";"A01";"1";"7";"0";"0";"0";"21";"1";""
"201900014412";"138 279 568";"B01";"2";"7";"0";"2";"8";"9";"1";""
"201900014412";"138 279 569";"A01";"2";"7";"0";"2";"2";"26";"1";""
"201900014413";"138 279 565";"C01";"1";"7";"0";"2";"4";"23";"1";""
"201900014413";"138 279 566";"B01";"1";"7";"0";"2";"4";"2";"1";""
"201900014413";"138 279 567";"A01";"1";"7";"0";"2";"1";"2";"1";""
"201900014414";"138 279 564";"A01";"1";"33";"6";"0";"7";"3";"1";""
"201900014415";"138 279 561";"A01";"2";"15";"0";"2";"2";"12";"1";""
"201900014415";"138 279 562";"B01";"2";"7";"0";"2";"8";"1";"1";""
"201900014416";"138 279 555";"B01";"2";"7";"0";"2";"3";"1";"1";""
"201900014416";"138 279 556";"A01";"1";"7";"0";"2";"3";"13";"1";""
"201900014417";"138 279 553";"B01";"2";"2";"0";"2";"2";"17";"0";""
"201900014417";"138 279 554";"A01";"1";"10";"0";"2";"3";"19";"1";""
"201900014418";"138 279 551";"B01";"2";"99";"0";"2";"2";"5";"5";""
"201900014418";"138 279 552";"A01";"1";"20";"1";"2";"1";"5";"1";""
"201900014419";"138 279 545";"A01";"3";"7";"0";"2";"7";"14";"1";""
"201900014419";"138 279 546";"B01";"0";"7";"14";"0";"3";"2";"1";""
"201900014420";"138 279 544";"A01";"3";"7";"0";"1";"1";"9";"1";""
"201900014421";"138 279 542";"B01";"3";"7";"0";"2";"4";"1";"1";""
"201900014421";"138 279 543";"A01";"3";"7";"0";"2";"1";"9";"1";""
"201900014422";"138 279 541";"A01";"1";"7";"0";"1";"1";"16";"1";""
"201900014423";"138 279 539";"B01";"2";"7";"0";"2";"3";"16";"1";""
"201900014423";"138 279 540";"A01";"1";"7";"0";"2";"1";"1";"1";""
"201900014424";"138 279 537";"A01";"3";"10";"6";"2";"7";"9";"1";""
"201900014424";"138 279 538";"B01";"3";"7";"0";"2";"1";"1";"1";""
"201900014425";"138 279 534";"B01";"2";"7";"0";"2";"3";"1";"1";""
"201900014425";"138 279 535";"A01";"1";"7";"0";"2";"3";"13";"1";""
"201900014425";"138 279 536";"C01";"2";"7";"0";"2";"3";"1";"1";""
"201900014426";"138 279 533";"A01";"3";"7";"1";"0";"1";"26";"2";""
"201900014427";"138 279 532";"A01";"1";"7";"0";"1";"1";"2";"1";""
"201900014428";"138 279 531";"A01";"1";"33";"0";"0";"7";"17";"1";""
"201900014429";"138 279 529";"A01";"1";"10";"0";"2";"1";"15";"0";""
"201900014429";"138 279 530";"B01";"2";"10";"0";"2";"3";"2";"0";""
"201900014430";"138 279 527";"B01";"1";"10";"0";"2";"6";"23";"0";""
"201900014430";"138 279 528";"A01";"1";"10";"0";"2";"1";"2";"0";""
"201900014431";"138 279 525";"B01";"3";"7";"0";"2";"3";"2";"1";""
"201900014431";"138 279 526";"Z01";"3";"10";"0";"2";"7";"13";"1";""
"201900014432";"138 279 505";"A01";"0";"2";"0";"2";"3";"5";"1";""
"201900014432";"138 279 506";"B01";"0";"7";"0";"2";"3";"21";"1";""
"201900014433";"138 279 503";"B01";"1";"7";"0";"2";"2";"1";"0";""
"201900014433";"138 279 504";"A01";"2";"7";"0";"2";"2";"11";"0";""
"201900014434";"138 279 501";"B01";"2";"7";"0";"2";"8";"11";"0";""
"201900014434";"138 279 502";"A01";"2";"31";"0";"2";"1";"1";"0";""