"Num_Acc";"id_vehicule";"num_veh";"senc";"catv";"obs";"obsm";"choc";"manv";"motor";"occutc"
"201900014619";"138 279 120";"C01";"1";"7";"0";"2";"5";"1";"1";""
"201900014620";"138 279 116";"A01";"2";"7";"0";"2";"3";"9";"1";""
"201900014620";"138 279 117";"B01";"2";"33";"0";"2";"7";"1";"1";""
"201900014621";"138 279 115";"A01";"2";"7";"2";"0";"1";"1";"1";""
"201900014622";"138 279 113";"A01";"3";"7";"0";"2";"2";"1";"1";""
"201900014622";"138 279 114";"B01";"3";"34";"0";"2";"8";"1";"1";""
"201900014623";"138 279 112";"A01";"2";"7";"14";"0";"3";"26";"0";""
"201900014624";"138 279 111";"A01";"2";"7";"0";"1";"1";"2";"1";""
"201900014625";"138 279 110";"A01";"3";"20";"0";"1";"6";"25";"1";""
"201900014626";"138 279 107";"B01";"2";"7";"0";"2";"6";"9";"1";""
"201900014626";"138 279 108";"A01";"2";"0";"0";"2";"1";"26";"5";""
"201900014627";"138 279 105";"A01";"1";"37";"0";"2";"7";"13";"0";"2"
"201900014627";"138 279 106";"B01";"1";"17";"0";"2";"4";"16";"1";""
"201900014628";"138 279 103";"B01";"1";"7";"0";"2";"1";"1";"1";""
"201900014628";"138 279 104";"A01";"2";"7";"0";"2";"1";"15";"1";""
"201900014629";"138 279 102";"A01";"1";"7";"0";"1";"2";"1";"1";""
"201900014630";"138 279 101";"A01";"1";"7";"0";"1";"3";"15";"1";""
"201900014631";"138 279 099";"A01";"1";"7";"0";"1";"1";"0";"1";""
"201900014632";"138 279 098";"A01";"0";"7";"0";"1";"0";"0";"1";""
"201900014633";"138 279 096";"B01";"0";"7";"0";"2";"1";"1";"1";""
"201900014633";"138 279 097";"A01";"0";"7";"0";"2";"5";"15";"1";""
"201900014634";"138 279 093";"B01";"1";"7";"0";"2";"0";"1";"1";""
"201900014634";"138 279 094";"A01";"2";"7";"0";"1";"1";"19";"1";""
"201900014635";"138 279 092";"A01";"1";"7";"0";"9";"3";"9";"1";""
"201900014636";"138 279 091";"A01";"1";"30";"12";"0";"1";"0";"1";""
"201900014637";"138 279 088";"A01";"3";"50";"0";"0";"0";"25";"3";""
"201900014638";"138 279 087";"A01";"1";"7";"13";"0";"1";"1";"1";""
"201900014639";"138 279 086";"A01";"1";"7";"0";"1";"2";"17";"1";""
"201900014640";"138 279 084";"B01";"2";"2";"0";"2";"1";"15";"1";""
"201900014640";"138 279 085";"A01";"1";"7";"0";"2";"2";"1";"1";""
"201900014641";"138 279 082";"A01";"2";"30";"0";"2";"1";"1";"1";""
"201900014641";"138 279 083";"B01";"1";"7";"0";"2";"2";"1";"1";""
"201900014642";"138 279 081";"A01";"0";"7";"0";"1";"2";"1";"1";""
"201900014643";"138 279 080";"B01";"1";"7";"0";"1";"1";"1";"1";""
"201900014644";"138 279 079";"A01";"2";"7";"0";"1";"2";"1";"1";""
"201900014645";"138 279 077";"A01";"2";"7";"0";"2";"3";"15";"1";""
"201900014645";"138 279 078";"B01";"1";"1";"0";"2";"1";"1";"5";""
"201900014646";"138 279 076";"A01";"2";"7";"2";"0";"1";"14";"1";""
"201900014647";"138 279 074";"A01";"2";"7";"0";"2";"5";"15";"1";""
"201900014647";"138 279 075";"B01";"1";"30";"0";"2";"1";"1";"1";""
"201900014648";"138 279 072";"A01";"3";"7";"0";"1";"7";"2";"0";""
"201900014649";"138 279 069";"A01";"1";"7";"0";"1";"1";"1";"1";""
"201900014650";"138 279 068";"A01";"3";"7";"0";"1";"0";"1";" -1";""
"201900014651";"138 279 066";"A01";"2";"7";"0";"2";"3";"13";"1";""
"201900014651";"138 279 067";"B01";"1";"7";"0";"2";"3";"1";"1";""
"201900014652";"138 279 065";"A01";"1";"7";"0";"1";"1";"1";"1";""
"201900014653";"138 279 063";"B01";"1";"1";"0";"2";"1";"16";"5";""
"201900014653";"138 279 064";"A01";"1";"7";"0";"2";"1";"16";"1";""
"201900014654";"138 279 062";"A01";"1";"7";"0";"1";"1";"15";"1";""
"201900014655";"138 279 060";"A01";"1";"7";"0";"2";"1";"1";"1";""
"201900014655";"138 279 061";"B01";"1";"7";"0";"2";"4";"1";"1";""
"201900014656";"138 279 058";"B01";"1";"1";"0";"2";"1";"1";"5";""
"201900014656";"138 279 059";"Z01";"1";"7";"0";"2";"1";"1";"1";""
"201900014657";"138 279 056";"A01";"1";"7";"0";"2";"7";"16";"2";""
"201900014657";"138 279 057";"B01";"1";"1";"0";"2";"1";"1";"5";""
"201900014658";"138 279 054";"B01";"2";"7";"0";"2";"2";"1";"1";""
"201900014658";"138 279 055";"A01";"1";"2";"0";"2";"1";"9";"1";""
"201900014659";"138 279 051";"A01";"2";"7";"0";"2";"8";"10";"1";""
"201900014659";"138 279 052";"B01";"1";"7";"0";"2";"3";"1";"1";""
"201900014659";"138 279 053";"C01";"2";"7";"0";"0";"0";"0";"1";""
"201900014660";"138 279 049";"B01";"2";"1";"0";"2";"1";"1";"5";""
"201900014660";"138 279 050";"A01";"2";"7";"0";"2";"2";"16";"1";""
"201900014661";"138 279 047";"A01";"3";"7";"0";"2";"1";"15";"1";""
"201900014661";"138 279 048";"B01";"3";"2";"0";"2";"1";"1";"1";""
"201900014662";"138 279 045";"B01";"2";"7";"0";"0";"4";"2";"1";""
"201900014662";"138 279 046";"A01";"2";"7";"1";"2";"1";"2";"1";""
"201900014663";"138 279 042";"B01";"2";"2";"0";"2";"1";"1";"1";""
"201900014663";"138 279 043";"A01";"2";"7";"0";"2";"6";"15";"1";""
"201900014664";"138 279 040";"A01";"1";"7";"0";"2";"1";"1";"1";""
"201900014664";"138 279 041";"B01";"2";"2";"0";"2";"1";"5";"1";""
"201900014665";"138 279 038";"Z01";"2";"7";"0";"2";"0";"2";"0";""
"201900014665";"138 279 039";"B01";"3";"7";"0";"2";"5";"16";"1";""
"201900014666";"138 279 036";"A01";"1";"7";"0";"2";"3";"24";"1";""
"201900014666";"138 279 037";"B01";"1";"1";"1";"0";"1";"1";"0";""
"201900014667";"138 279 035";"Z01";"3";"30";"0";"1";"1";"26";"1";""
"201900014668";"138 279 034";"A01";"2";"7";"4";"0";"3";"1";"1";""
"201900014669";"138 279 031";"C01";"1";"7";"0";"2";"6";"23";"1";""
"201900014669";"138 279 032";"B01";"1";"7";"0";"2";"5";"23";"1";""
"201900014669";"138 279 033";"A01";"1";"7";"0";"2";"3";"1";"1";""
"201900014670";"138 279 030";"A01";"0";"7";"0";"1";"1";"1";"1";""
"201900014671";"138 279 028";"B01";"3";"1";"0";"2";"1";"1";"5";""
"201900014671";"138 279 029";"A01";"3";"7";"0";"6";"3";"16";"1";""
"201900014672";"138 279 026";"A01";"1";"7";"0";"2";"3";"15";"1";""
"201900014672";"138 279 027";"B01";"1";"31";"0";"2";"1";"1";"1";""
"201900014673";"138 279 024";"A01";"1";"7";"0";"2";"1";"13";"1";""
"201900014673";"138 279 025";"B01";"2";"7";"0";"2";"1";"1";"1";""
"201900014674";"138 279 022";"B01";"2";"31";"0";"2";"1";"1";"1";""
"201900014674";"138 279 023";"A01";"1";"10";"0";"2";"5";"15";"1";""
"201900014675";"138 279 021";"A01";"1";"7";"0";"1";"2";"1";"1";""
"201900014676";"138 279 015";"B01";"2";"7";"0";"2";"1";"1";"1";""
"201900014676";"138 279 016";"A01";"1";"7";"0";"2";"8";"1";"1";""
"201900014677";"138 279 013";"B01";"3";"7";"0";"2";"2";"1";"1";""
"201900014677";"138 279 014";"A01";"3";"33";"0";"2";"1";"13";"1";""
"201900014678";"138 279 011";"B01";"0";"10";"0";"2";"7";"1";"1";""
"201900014678";"138 279 012";"A01";"0";"10";"0";"2";"1";"15";"1";""
"201900014679";"138 279 009";"A01";"2";"33";"0";"2";"1";"17";"1";""
"201900014679";"138 279 010";"B01";"2";"7";"0";"2";"3";"19";"1";""
"201900014680";"138 279 007";"B01";"2";"7";"0";"2";"4";"23";"1";""
"201900014680";"138 279 008";"A01";"2";"7";"0";"2";"1";"1";"1";""
"201900014681";"138 279 005";"A01";"3";"7";"0";"2";"3";"15";"1";""
"201900014681";"138 279 006";"B01";"3";"32";"0";"2";"1";"1";"0";""
"201900014682";"138 279 003";"B01";"2";"32";"0";"2";"1";"1";"1";""
"201900014682";"138 279 004";"A01";"1";"7";"0";"2";"2";"15";"1";""
"201900014683";"138 279 002";"A01";"1";"7";"0";"1";"1";"1";"1";""
"201900014684";"138 279 001";"A01";"2";"7";"0";"1";"1";"1";"1";""
"201900014685";"138 278 999";"A01";"1";"7";"0";"2";"1";"19";"1";""
"201900014685";"138 279 000";"B01";"1";"7";"0";"2";"1";"19";"1";""
"201900014686";"138 278 997";"B01";"1";"7";"0";"2";"6";"23";"1";""
"201900014686";"138 278 998";"A01";"1";"31";"0";"2";"1";"2";"1";""
"201900014687";"138 278 995";"B01";"1";"7";"0";"2";"2";"16";"1";""
"201900014687";"138 278 996";"A01";"1";"33";"0";"2";"3";"18";"1";""
"201900014688";"138 278 994";"A01";"2";"31";"0";"0";"0";"21";"1";""
"201900014689";"138 278 993";"A01";"2";"33";"0";"0";"8";"1";"1";""
"201900014690";"138 278 991";"B01";"1";"7";"0";"2";"3";"9";"1";""
"201900014690";"138 278 992";"A01";"1";"30";"0";"2";"1";"1";"1";""
"201900014691";"138 278 989";"B01";"1";"33";"0";"2";"8";"1";"1";""
"201900014691";"138 278 990";"A01";"2";"7";"0";"2";"2";"15";"1";""
"201900014692";"138 278 987";"B01";"1";"50";"0";"2";"7";"19";"3";""
"201900014692";"138 278 988";"A01";"1";"7";"0";"2";"1";"1";"1";""
"201900014693";"138 278 985";"A01";"1";"7";"0";"2";"7";"9";"1";""
"201900014693";"138 278 986";"B01";"1";"30";"0";"2";"1";"1";"1";""
"201900014694";"138 278 982";"C01";"1";"7";"0";"2";"3";"1";"1";""
"201900014694";"138 278 983";"B01";"2";"7";"0";"2";"1";"23";"1";""
"201900014694";"138 278 984";"A01";"2";"7";"0";"2";"1";"2";"1";""
"201900014695";"138 278 980";"A01";"1";"30";"0";"2";"1";"14";"1";""
"201900014695";"138 278 981";"B01";"1";"7";"0";"2";"3";"9";"1";""
"201900014696";"138 278 977";"A01";"1";"3";"0";"1";"1";"1";"1";""
"201900014697";"138 278 975";"A01";"2";"7";"0";"2";"3";"15";"1";""
"201900014697";"138 278 976";"B01";"2";"33";"0";"2";"7";"17";"1";""
"201900014698";"138 278 974";"A01";"2";"50";"12";"0";"0";"19";"3";""
"201900014699";"138 278 972";"A01";"3";"7";"0";"2";"1";"1";"1";""
"201900014699";"138 278 973";"B01";"3";"50";"0";"2";"7";"1";"0";""
"201900014700";"138 278 970";"B01";"1";"2";"0";"2";"7";"1";"1";""
"201900014700";"138 278 971";"A01";"1";"7";"0";"2";"1";"9";"1";""
"201900014701";"138 278 969";"A01";"1";"30";"8";"0";"1";"1";"1";""
"201900014702";"138 278 967";"B01";"2";"30";"0";"2";"1";"16";"3";""
"201900014702";"138 278 968";"A01";"1";"7";"0";"2";"1";"15";"1";""
"201900014703";"138 278 966";"A01";"1";"7";"0";"1";"1";"15";"1";""
"201900014704";"138 278 965";"A01";"1";"7";"0";"1";"1";"1";"1";""
"201900014705";"138 278 963";"A01";"2";"7";"9";"2";"1";"17";"1";""
"201900014705";"138 278 964";"T01";"2";"99";"0";"0";"0";"15";"6";""
"201900014706";"138 278 962";"A01";"1";"7";"0";"1";"5";"20";"4";""
"201900014707";"138 278 960";"A01";"1";"7";"0";"2";"1";"15";"1";""
"201900014707";"138 278 961";"B01";"2";"1";"0";"2";"2";"5";"0";""
"201900014708";"138 278 959";"A01";"1";"2";"15";"0";"1";"25";"1";""
"201900014709";"138 278 957";"A01";"1";"3";"0";"6";"3";"1";"1";""
"201900014709";"138 278 958";"B01";"1";"1";"0";"2";"1";"1";"5";""
"201900014710";"138 278 955";"A01";"1";"7";"0";"2";"2";"16";"2";""
"201900014710";"138 278 956";"B01";"1";"32";"0";"2";"4";"16";"0";""
"201900014711";"138 278 953";"B01";"3";"10";"0";"2";"3";"10";"1";""
"201900014711";"138 278 954";"A01";"3";"7";"1";"2";"2";"17";"1";""
"201900014712";"138 278 951";"A01";"3";"7";"0";"2";"0";"26";"0";""
"201900014712";"138 278 952";"B01";"3";"34";"0";"0";"0";"0";"0";""
"201900014713";"138 278 950";"A01";"0";"7";"0";"1";"3";"1";"1";""
"201900014714";"138 278 948";"A01";"1";"7";"0";"0";"1";"0";"0";""
"201900014714";"138 278 949";"B01";"1";"7";"0";"0";"4";"0";"0";""
"201900014715";"138 278 946";"B01";"2";"7";"2";"2";"3";"1";"1";""
"201900014715";"138 278 947";"A01";"1";"21";"0";"2";"6";"13";"1";""
"201900014716";"138 278 942";"B01";"1";"7";"0";"0";"4";"2";"1";""
"201900014716";"138 278 943";"A01";"1";"7";"16";"0";"1";"1";"1";""
"201900014717";"138 278 940";"B01";"1";"17";"0";"2";"4";"2";"1";""
"201900014717";"138 278 941";"A01";"1";"7";"0";"2";"1";"2";"1";""
"201900014718";"138 278 938";"A01";"2";"10";"0";"2";"1";"2";"1";""
"201900014718";"138 278 939";"B01";"2";"17";"0";"2";"4";"2";"1";""
"201900014719";"138 278 935";"C01";"1";"7";"0";"2";"1";"1";"1";""
"201900014719";"138 278 936";"B01";"1";"7";"0";"2";"1";"1";"1";""
"201900014719";"138 278 937";"A01";"2";"7";"0";"2";"1";"5";"1";""
"201900014720";"138 278 932";"C01";"1";"15";"0";"2";"8";"1";"0";""
"201900014720";"138 278 933";"B01";"2";"7";"0";"2";"3";"1";"0";""
"201900014720";"138 278 934";"A01";"2";"7";"0";"2";"3";"17";"0";""
"201900014721";"138 278 931";"A01";"2";"7";"2";"0";"3";"11";"1";""
"201900014722";"138 278 930";"A01";"1";"7";"13";"0";"1";"9";"1";""
"201900014723";"138 278 928";"B01";"1";"7";"0";"2";"4";"2";"1";""
"201900014723";"138 278 929";"A01";"1";"7";"0";"2";"2";"2";"1";""
"201900014724";"138 278 927";"A01";"1";"7";"16";"0";"9";"14";"1";""
"201900014725";"138 278 925";"B01";"1";"7";"0";"2";"3";"1";"1";""
"201900014725";"138 278 926";"A01";"2";"7";"0";"2";"3";"1";"1";""
"201900014726";"138 278 922";"A01";"2";"7";"0";"2";"1";"2";"1";""
"201900014726";"138 278 923";"B01";"2";"7";"0";"2";"4";"2";"1";""
"201900014726";"138 278 924";"C01";"2";"7";"0";"0";"4";"1";"1";""
"201900014727";"138 278 920";"B01";"2";"10";"0";"2";"3";"1";"1";""
"201900014727";"138 278 921";"A01";"1";"7";"0";"2";"3";"1";"1";""
"201900014728";"138 278 918";"B01";"0";"21";"0";"0";"4";"1";"1";""
"201900014728";"138 278 919";"A01";"3";"7";"0";"2";"1";"1";"1";""
"201900014729";"138 278 917";"A01";"2";"7";"2";"0";"1";"0";"1";""
"201900014730";"138 278 914";"B01";"1";"15";"0";"2";"1";"1";"1";""
"201900014730";"138 278 915";"A01";"2";"7";"0";"2";"1";"13";"1";""
"201900014731";"138 278 913";"A01";"2";"7";"2";"0";"1";"1";"1";""
"201900014732";"138 278 912";"A01";"1";"7";"2";"0";"8";"1";"1";""
"201900014733";"138 278 911";"A01";"2";"7";"8";"0";"1";"0";"1";""
"201900014734";"138 278 910";"A01";"1";"7";"17";"0";"3";"1";"1";""
"201900014735";"138 278 908";"A01";"1";"31";"8";"0";"1";"14";"1";""
"201900014736";"138 278 907";"A01";"3";"7";"0";"1";"1";"1";"1";""
"201900014737";"138 278 903";"A01";"2";"10";"0";"0";"3";"2";"1";""
"201900014738";"138 278 902";"A01";"2";"10";"13";"0";"7";"1";"1";""
"201900014739";"138 278 900";"B01";"3";"1";"0";"0";"4";"2";"5";""
"201900014739";"138 278 901";"A01";"3";"7";"0";"2";"2";"2";"0";""
"201900014740";"138 278 898";"A01";"1";"7";"0";"2";"3";"1";"1";""
"201900014740";"138 278 899";"B01";"2";"7";"0";"2";"3";"17";"1";""
"201900014741";"138 278 896";"B01";"2";"7";"0";"0";"0";"1";"1";""
"201900014741";"138 278 897";"A01";"1";"17";"0";"0";"0";"1";"1";""
"201900014742";"138 278 894";"B01";"0";"2";"0";"2";"1";"1";"1";""
"201900014742";"138 278 895";"A01";"0";"7";"0";"2";"1";"15";"1";""
"201900014743";"138 278 892";"A01";"2";"7";"0";"2";"3";"15";"1";""
"201900014743";"138 278 893";"B01";"1";"31";"0";"2";"1";"17";"1";""
"201900014744";"138 278 890";"B01";"0";"2";"0";"2";"1";"1";"1";""
"201900014744";"138 278 891";"A01";"0";"7";"0";"2";"3";"10";"2";""
"201900014745";"138 278 887";"C01";"1";"10";"14";"0";"1";"1";"1";""
"201900014745";"138 278 888";"B01";"1";"10";"14";"0";"1";"1";"1";""
"201900014745";"138 278 889";"A01";"2";"17";"0";"0";"1";"1";"1";""
"201900014746";"138 278 882";"B01";"1";"7";"11";"2";"8";"0";"0";""
"201900014746";"138 278 883";"A01";"1";"7";"0";"2";"1";"0";"0";""
"201900014747";"138 278 880";"B01";"1";"7";"4";"2";"3";"0";"0";""
"201900014747";"138 278 881";"A01";"1";"7";"0";"9";"7";"1";"0";""
"201900014748";"138 278 878";"B01";"2";"2";"0";"2";"7";"0";"1";""
"201900014748";"138 278 879";"A01";"0";"7";"0";"2";"2";"26";"1";""
"201900014749";"138 278 876";"B01";"1";"2";"0";"2";"1";"17";"1";""
"201900014749";"138 278 877";"A01";"2";"7";"0";"2";"3";"15";"1";""
"201900014750";"138 278 874";"B01";"2";"7";"0";"2";"5";"1";"1";""
"201900014750";"138 278 875";"A01";"2";"33";"0";"2";"1";"1";"1";""
"201900014751";"138 278 871";"A01";"3";"7";"0";"0";"4";"20";"1";""
"201900014752";"138 278 869";"B01";"2";"7";"0";"9";"8";"1";"1";""
"201900014752";"138 278 870";"A01";"1";"31";"0";"2";"0";"1";"1";""
"201900014753";"138 278 867";"A01";"1";"7";"0";"2";"3";"9";"1";""
"201900014753";"138 278 868";"B01";"1";"2";"0";"2";"2";"1";"1";""
"201900014754";"138 278 865";"B01";"2";"7";"0";"2";"1";"1";"1";""
"201900014754";"138 278 866";"A01";"1";"2";"0";"0";"8";"15";"1";""
"201900014755";"138 278 863";"A01";"2";"7";"0";"2";"1";"9";"1";""
"201900014755";"138 278 864";"B01";"1";"80";"0";"0";"7";"1";"3";""
"201900014756";"138 278 860";"B01";"3";"1";"0";"2";"1";"26";"6";""
"201900014756";"138 278 861";"A01";"1";"33";"0";"2";"8";"1";"0";""
"201900014757";"138 278 857";"A01";"2";"33";"1";"2";"7";"1";"1";""
"201900014757";"138 278 858";"B01";"2";"33";"0";"2";"8";"1";"1";""
"201900014757";"138 278 859";"C01";"1";"7";"0";"2";"2";"21";"1";""
"201900014758";"138 278 856";"A01";"3";"7";"0";"1";"3";"1";"1";""
"201900014759";"138 278 854";"B01";"2";"7";"0";"2";"3";"1";"1";""
"201900014759";"138 278 855";"A01";"1";"7";"0";"2";"3";"5";"1";""
"201900014760";"138 278 850";"B01";"3";"7";"0";"2";"1";"5";"1";""
"201900014760";"138 278 851";"A01";"3";"7";"0";"2";"1";"1";"1";""
"201900014761";"138 278 848";"A01";"3";"36";"0";"2";"8";"19";"1";""
"201900014761";"138 278 849";"B01";"3";"7";"0";"2";"1";"1";"0";""
"201900014762";"138 278 847";"A01";"2";"7";"4";"0";"5";"1";"1";""
"201900014763";"138 278 846";"A01";"2";"31";"0";"0";"7";"9";"1";""
"201900014764";"138 278 843";"A01";"2";"7";"0";"2";"3";"1";"1";""
"201900014764";"138 278 844";"B01";"2";"7";"0";"2";"7";"23";"1";""
"201900014765";"138 278 840";"A01";"1";"7";"0";"2";"1";"2";"0";""
"201900014765";"138 278 841";"C01";"1";"7";"0";"2";"1";"2";"1";""
"201900014765";"138 278 842";"B01";"1";"7";"0";"2";"4";"2";"1";""
"201900014766";"138 278 837";"C01";"1";"7";"0";"2";"4";"1";"1";""
"201900014766";"138 278 838";"B01";"1";"7";"0";"2";"4";"2";"1";""
"201900014766";"138 278 839";"A01";"1";"99";"0";"2";"1";"2";"1";""
"201900014767";"138 278 833";"A01";"2";"7";"0";"1";"1";"2";"1";""
"201900014768";"138 278 832";"A01";"1";"43";"3";"0";"2";"23";"1";""
"201900014769";"138 278 830";"A01";"1";"7";"1";"0";"1";"2";"1";""
"201900014769";"138 278 831";"B01";"1";"7";"0";"2";"4";"23";"1";""
"201900014770";"138 278 829";"A01";"1";"31";"3";"0";"1";"3";"1";""
"201900014771";"138 278 826";"C01";"2";"7";"0";"2";"4";"2";"1";""
"201900014771";"138 278 827";"B01";"2";"7";"0";"2";"4";"2";"1";""
"201900014771";"138 278 828";"A01";"2";"7";"0";"2";"1";"2";"1";""
"201900014772";"138 278 825";"A01";"2";"7";"5";"0";"1";"11";"1";""
"201900014773";"138 278 823";"A01";"2";"33";"0";"2";"2";"2";"1";""
"201900014773";"138 278 824";"B01";"2";"7";"0";"2";"5";"1";"1";""
"201900014774";"138 278 821";"B01";"2";"33";"0";"2";"1";"3";"1";""
"201900014774";"138 278 822";"A01";"2";"7";"0";"2";"6";"11";"1";""
"201900014775";"138 278 819";"A01";"2";"7";"0";"1";"1";"14";"1";""
"201900014776";"138 278 817";"B01";"3";"30";"0";"2";"7";"1";"1";""
"201900014776";"138 278 818";"A01";"3";"7";"0";"2";"4";"4";"1";""
"201900014777";"138 278 815";"B01";"2";"34";"0";"2";"1";"1";"1";""
"201900014777";"138 278 816";"A01";"1";"7";"0";"2";"1";"15";"1";""
"201900014778";"138 278 813";"B01";"1";"7";"0";"2";"4";"0";"1";""
"201900014778";"138 278 814";"A01";"1";"7";"0";"2";"1";"1";"1";""
"201900014779";"138 278 811";"B01";"3";"7";"0";"2";"1";"1";"1";""
"201900014779";"138 278 812";"A01";"3";"7";"0";"2";"7";"19";"1";""
"201900014780";"138 278 810";"A01";"1";"2";"0";"2";"1";"1";"0";""
"201900014781";"138 278 808";"B01";"3";"7";"0";"2";"2";"1";"0";""
"201900014781";"138 278 809";"A01";"3";"7";"0";"2";"5";"4";"0";""
"201900014782";"138 278 807";"A01";"0";"30";"1";"0";"0";"0";"0";""
"201900014783";"138 278 806";"A01";"2";"7";"0";"1";"4";"4";"1";""
"201900014784";"138 278 804";"B01";"1";"7";"0";"2";"6";"19";"1";""
"201900014784";"138 278 805";"A01";"2";"7";"0";"2";"2";"19";"1";""
"201900014785";"138 278 802";"A01";"3";"10";"0";"2";"3";"1";"1";""
"201900014785";"138 278 803";"B01";"3";"7";"0";"2";"6";"15";"1";""
"201900014786";"138 278 800";"A01";"1";"33";"0";"2";"0";"1";"1";""
"201900014786";"138 278 801";"B01";"2";"7";"0";"2";"8";"0";"1";""
"201900014787";"138 278 798";"B01";"0";"7";"0";"2";"1";"15";"1";""
"201900014787";"138 278 799";"A01";"0";"32";"0";"2";"1";"1";"1";""
"201900014788";"138 278 794";"A01";"1";"80";"0";"2";"1";"15";"2";""
"201900014788";"138 278 795";"B01";"2";"30";"0";"2";"8";"1";"1";""
"201900014789";"138 278 792";"A01";"2";"50";"0";"2";"7";"19";"3";""
"201900014789";"138 278 793";"Z01";"2";"7";"0";"2";"1";"15";"0";""
"201900014790";"138 278 789";"B01";"1";"7";"0";"2";"8";"1";"1";""
"201900014790";"138 278 790";"A01";"1";"10";"0";"2";"3";"1";"1";""
"201900014790";"138 278 791";"C01";"2";"80";"0";"2";"1";"25";"2";""
"201900014791";"138 278 787";"A01";"2";"7";"0";"2";"2";"15";"1";""
"201900014791";"138 278 788";"B01";"1";"31";"0";"2";"1";"1";"1";""
"201900014792";"138 278 786";"A01";"1";"7";"0";"1";"2";"1";"2";""
"201900014793";"138 278 785";"A01";"2";"7";"0";"1";"7";"1";"1";""
"201900014794";"138 278 784";"A01";"1";"7";"12";"0";"1";"13";"1";""
"201900014795";"138 278 782";"A01";"2";"10";"0";"2";"3";"15";"1";""
"201900014795";"138 278 783";"B01";"2";"33";"0";"2";"2";"17";"1";""
"201900014796";"138 278 781";"A01";"2";"7";"0";"1";"2";"1";"1";""
"201900014797";"138 278 779";"B01";"2";"10";"0";"2";"1";"2";"1";""
"201900014797";"138 278 780";"A01";"2";"7";"0";"2";"4";"2";"1";""
"201900014798";"138 278 777";"B01";"2";"10";"0";"2";"8";"13";"1";""
"201900014798";"138 278 778";"A01";"2";"31";"0";"2";"7";"17";"1";""
"201900014799";"138 278 775";"B01";"1";"37";"0";"2";"3";"1";"0";"2"
"201900014799";"138 278 776";"A01";"1";"7";"0";"2";"2";"1";"1";""
"201900014800";"138 278 773";"A01";"2";"7";"0";"2";"1";"23";"2";""
"201900014800";"138 278 774";"B01";"1";"32";"0";"2";"2";"1";"1";""
"201900014801";"138 278 771";"A01";"2";"7";"0";"0";"1";"0";"0";""
"201900014801";"138 278 772";"B01";"2";"32";"0";"0";"0";"0";"0";""
"201900014802";"138 278 769";"A01";"3";"30";"0";"2";"1";"5";"1";""
"201900014802";"138 278 770";"B01";"1";"14";"0";"2";"2";"1";"1";""
"201900014803";"138 278 768";"A01";"1";"7";"0";"1";"3";"1";"1";""
"201900014804";"138 278 766";"A01";"1";"10";"0";"2";"8";"1";"1";""
"201900014804";"138 278 767";"Y01";"2";"1";"0";"2";"1";"1";"0";""
"201900014805";"138 278 764";"B01";"1";"34";"9";"2";"8";"1";"1";""
"201900014805";"138 278 765";"A01";"1";"7";"0";"2";"1";"15";"1";""
"201900014806";"138 278 763";"A01";"2";"7";"0";"1";"6";"4";"1";""
"201900014807";"138 278 762";"A01";"3";"7";"0";"1";"1";"1";"1";""
"201900014808";"138 278 761";"A01";"2";"33";"0";"1";"1";"26";"1";""
"201900014809";"138 278 760";"A01";"1";"7";"0";"1";"3";"15";"3";""
"201900014810";"138 278 758";"A01";"1";"1";"0";"2";"4";"1";"5";""
"201900014810";"138 278 759";"Z01";"1";"7";"0";"2";"0";"0";"0";""
"201900014811";"138 278 756";"A01";"2";"7";"0";"2";"2";"16";"1";""
"201900014811";"138 278 757";"B01";"2";"31";"0";"2";"3";"18";"1";""
"201900014812";"138 278 755";"A01";"3";"7";"0";"1";"1";"15";"1";""
"201900014813";"138 278 753";"B01";"3";"34";"0";"2";"2";"1";"1";""
"201900014813";"138 278 754";"A01";"3";"7";"0";"2";"3";"15";"1";""
"201900014814";"138 278 752";"A01";"3";"7";"2";"0";"1";"17";"1";""
"201900014815";"138 278 751";"A01";"2";"33";"16";"0";"0";"1";"1";""
"201900014816";"138 278 749";"B01";"1";"7";"0";"2";"1";"1";"1";""
"201900014816";"138 278 750";"A01";"2";"7";"0";"2";"1";"11";"1";""
"201900014817";"138 278 747";"B01";"1";"7";"0";"2";"2";"1";"1";""
"201900014817";"138 278 748";"A01";"1";"2";"0";"2";"8";"15";"1";""
"201900014818";"138 278 746";"A01";"0";"2";"0";"5";"0";"0";"0";""
"201900014819";"138 278 744";"A01";"2";"30";"0";"2";"1";"1";"1";""
"201900014819";"138 278 745";"B01";"1";"7";"0";"2";"5";"15";"1";""
"201900014820";"138 278 742";"A01";"2";"7";"0";"2";"3";"1";"1";""
"201900014820";"138 278 743";"B01";"1";"33";"0";"0";"7";"1";"1";""
"201900014821";"138 278 740";"B01";"3";"1";"0";"2";"1";"1";"5";""
"201900014821";"138 278 741";"A01";"3";"7";"0";"9";"2";"1";"6";""
"201900014822";"138 278 739";"A01";"2";"7";"0";"1";"2";"1";"1";""
"201900014823";"138 278 738";"A01";"1";"7";"0";"1";"1";"1";"1";""
"201900014824";"138 278 737";"A01";"2";"7";"0";"1";"2";"1";"1";""
"201900014825";"138 278 735";"A01";"3";"7";"6";"2";"1";"2";"1";""
"201900014825";"138 278 736";"B01";"3";"33";"0";"0";"4";"20";"1";""