"Num_Acc";"id_vehicule";"num_veh";"senc";"catv";"obs";"obsm";"choc";"manv";"motor";"occutc"
"201900015242";"138 277 979";"A01";"2";"7";"0";"2";"1";"2";"1";""
"201900015242";"138 277 980";"B01";"2";"7";"0";"2";"3";"2";"1";""
"201900015242";"138 277 981";"C01";"2";"7";"0";"2";"5";"2";"1";""
"201900015242";"138 277 982";"D01";"2";"7";"0";"2";"4";"2";"1";""
"201900015243";"138 277 976";"A01";"1";"7";"0";"2";"3";"11";"1";""
"201900015243";"138 277 977";"B01";"1";"33";"0";"2";"1";"3";"1";""
"201900015243";"138 277 978";"C01";"1";"10";"0";"2";"4";"1";"1";""
"201900015244";"138 277 974";"A01";"1";"7";"0";"2";"1";"1";"1";""
"201900015244";"138 277 975";"B01";"1";"7";"0";"0";"4";"1";"1";""
"201900015245";"138 277 972";"A01";"1";"7";"0";"2";"7";"12";"1";""
"201900015245";"138 277 973";"B01";"1";"43";"0";"2";"8";"1";"1";""
"201900015246";"138 277 969";"C01";"2";"7";"0";"2";"1";"1";"1";""
"201900015246";"138 277 970";"B01";"2";"17";"0";"2";"2";"1";"1";""
"201900015246";"138 277 971";"A01";"2";"7";"0";"2";"6";"11";"1";""
"201900015247";"138 277 967";"B01";"2";"7";"0";"2";"4";"2";"1";""
"201900015247";"138 277 968";"A01";"2";"7";"0";"2";"1";"2";"1";""
"201900015248";"138 277 964";"C01";"2";"7";"0";"2";"3";"1";"1";""
"201900015248";"138 277 965";"B01";"2";"7";"0";"2";"4";"2";"1";""
"201900015248";"138 277 966";"A01";"2";"7";"0";"2";"1";"2";"1";""
"201900015249";"138 277 963";"A01";"2";"7";"13";"0";"9";"21";"1";""
"201900015250";"138 277 961";"B01";"1";"7";"4";"2";"3";"2";"1";""
"201900015250";"138 277 962";"A01";"1";"7";"4";"0";"1";"1";"1";""
"201900015251";"138 277 958";"B01";"2";"10";"0";"2";"5";"1";"1";""
"201900015251";"138 277 959";"A01";"2";"34";"0";"2";"1";"12";"1";""
"201900015252";"138 277 956";"A01";"3";"50";"9";"0";"0";"19";"3";""
"201900015253";"138 277 955";"A01";"1";"7";"0";"1";"1";"1";"0";""
"201900015254";"138 277 953";"A01";"1";"33";"0";"2";"1";"26";"0";""
"201900015254";"138 277 954";"B01";"1";"10";"0";"2";"4";"2";"0";""
"201900015255";"138 277 950";"A01";"2";"7";"0";"1";"0";"0";"1";""
"201900015256";"138 277 949";"A01";"1";"7";"0";"1";"2";"15";"1";""
"201900015257";"138 277 947";"A01";"2";"7";"0";"2";"2";"15";"1";""
"201900015257";"138 277 948";"B01";"2";"33";"0";"2";"1";"15";"1";""
"201900015258";"138 277 945";"A01";"1";"7";"0";"2";"2";"15";"1";""
"201900015258";"138 277 946";"Y01";"1";"1";"0";"2";"1";"1";"5";""
"201900015259";"138 277 942";"C01";"1";"7";"0";"2";"4";"2";"1";""
"201900015259";"138 277 943";"B01";"1";"7";"0";"2";"4";"2";"1";""
"201900015259";"138 277 944";"A01";"1";"7";"0";"2";"1";"2";"1";""
"201900015260";"138 277 940";"A01";"1";"7";"0";"2";"1";"9";"1";""
"201900015260";"138 277 941";"B01";"1";"7";"0";"2";"7";"1";"1";""
"201900015261";"138 277 938";"A01";"1";"7";"0";"2";"1";"2";"1";""
"201900015261";"138 277 939";"B01";"1";"33";"0";"2";"4";"26";"1";""
"201900015262";"138 277 936";"A01";"1";"14";"0";"2";"1";"1";"1";""
"201900015262";"138 277 937";"B01";"1";"10";"0";"2";"4";"1";"1";""
"201900015263";"138 277 935";"A01";"2";"7";"0";"0";"1";"25";"1";""
"201900015264";"138 277 934";"A01";"1";"34";"0";"1";"1";"1";"1";""
"201900015265";"138 277 929";"B01";"3";"34";"0";"0";"1";"23";"0";""
"201900015265";"138 277 930";"A01";"3";"10";"0";"0";"0";"26";"0";""
"201900015266";"138 277 927";"B01";"3";"7";"0";"2";"2";"15";"1";""
"201900015266";"138 277 928";"A01";"3";"30";"0";"2";"1";"2";"1";""
"201900015267";"138 277 926";"A01";"3";"7";"0";"0";"1";"9";"1";""
"201900015268";"138 277 924";"B01";"3";"33";"0";"2";"3";"1";"1";""
"201900015268";"138 277 925";"A01";"3";"7";"0";"2";"1";"15";"1";""
"201900015269";"138 277 922";"B01";"1";"2";"0";"2";"1";"1";"0";""
"201900015269";"138 277 923";"A01";"1";"7";"0";"2";"3";"15";"0";""
"201900015270";"138 277 920";"A01";"1";"7";"0";"2";"0";"15";"0";""
"201900015270";"138 277 921";"B01";"1";"7";"0";"2";"1";"1";"0";""
"201900015271";"138 277 918";"B01";"2";"1";"0";"2";"1";"1";"5";""
"201900015271";"138 277 919";"A01";"1";"3";"0";"1";"2";"15";"1";""
"201900015272";"138 277 917";"A01";"2";"60";"0";"1";"7";"2";"5";""
"201900015273";"138 277 915";"B01";"2";"1";"0";"2";"6";"1";"5";""
"201900015273";"138 277 916";"A01";"3";"7";"0";"2";"1";"15";"1";""
"201900015274";"138 277 912";"A01";"1";"7";"0";"0";"1";"26";"0";""
"201900015274";"138 277 913";"B01";"1";"7";"0";"2";"4";"1";"0";""
"201900015274";"138 277 914";"C01";"1";"7";"0";"2";"4";"2";"0";""
"201900015275";"138 277 910";"B01";"2";"3";"0";"2";"9";"1";"0";""
"201900015275";"138 277 911";"A01";"1";"7";"0";"2";"3";"15";"6";""
"201900015276";"138 277 909";"A01";"3";"99";"12";"0";"1";"26";"5";""
"201900015277";"138 277 907";"A01";"0";"7";"0";"2";"3";"15";"1";""
"201900015277";"138 277 908";"B01";"0";"7";"0";"2";"3";"1";"1";""
"201900015278";"138 277 906";"A01";"1";"33";"0";"0";"3";"21";"1";""
"201900015279";"138 277 903";"C01";"3";"1";"0";"2";"1";"23";"5";""
"201900015279";"138 277 904";"A01";"3";"7";"14";"2";"1";"17";"1";""
"201900015279";"138 277 905";"B01";"0";"7";"0";"2";"1";"1";"1";""
"201900015280";"138 277 901";"A01";"3";"1";"0";"2";"1";"1";"5";""
"201900015280";"138 277 902";"B01";"3";"7";"0";"2";"0";"0";"0";""
"201900015281";"138 277 899";"A01";"1";"10";"0";"2";"2";"15";"1";""
"201900015281";"138 277 900";"B01";"2";"7";"0";"2";"1";"1";"1";""
"201900015282";"138 277 896";"A01";"3";"37";"0";"1";"1";"1";"3";"1"
"201900015283";"138 277 889";"A01";"1";"7";"0";"1";"1";"15";"0";""
"201900015284";"138 277 888";"A01";"1";"7";"0";"1";"3";"16";"0";""
"201900015285";"138 277 882";"A01";"0";"10";"0";"2";"8";"15";"0";""
"201900015285";"138 277 883";"B01";"3";"2";"0";"2";"1";"1";"1";""
"201900015286";"138 277 880";"A01";"1";"7";"0";"2";"3";"13";"1";""
"201900015286";"138 277 881";"B01";"2";"7";"0";"2";"0";"0";"1";""
"201900015287";"138 277 879";"A01";"2";"7";"14";"0";"1";"1";"1";""
"201900015288";"138 277 878";"A01";"1";"7";"0";"1";"1";"1";"1";""
"201900015289";"138 277 877";"A01";"2";"1";"0";"2";"3";"17";"5";""
"201900015290";"138 277 874";"A01";"1";"7";"0";"2";"3";"1";"1";""
"201900015290";"138 277 875";"B01";"1";"33";"0";"2";"4";"23";"1";""
"201900015290";"138 277 876";"C01";"2";"7";"0";"2";"1";"1";"1";""
"201900015291";"138 277 873";"A01";"2";"10";"0";"1";"4";"4";"1";""
"201900015292";"138 277 871";"B01";"2";"1";"0";"2";"0";"0";"5";""
"201900015292";"138 277 872";"A01";"1";"7";"0";"2";"5";"1";"1";""
"201900015293";"138 277 869";"B01";"2";"1";"1";"0";"0";"13";"5";""
"201900015293";"138 277 870";"A01";"3";"7";"0";"0";"0";"24";"1";""
"201900015294";"138 277 867";"A01";"1";"7";"0";"2";"1";"1";"1";""
"201900015294";"138 277 868";"B01";"1";"7";"0";"2";"1";"15";"1";""
"201900015295";"138 277 866";"A01";"1";"7";"0";"2";"1";"9";"1";""
"201900015296";"138 277 862";"A01";"1";"7";"0";"2";"1";"16";"1";""
"201900015296";"138 277 863";"B01";"1";"33";"0";"2";"1";"1";"1";""
"201900015297";"138 277 860";"B01";"1";"7";"0";"2";"5";"19";"1";""
"201900015297";"138 277 861";"A01";"1";"7";"0";"2";"1";"1";"1";""
"201900015298";"138 277 858";"A01";"1";"7";"0";"2";"1";"2";"1";""
"201900015298";"138 277 859";"B01";"1";"7";"0";"2";"4";"2";"1";""
"201900015299";"138 277 856";"A01";"1";"7";"0";"2";"7";"15";"1";""
"201900015299";"138 277 857";"B01";"1";"7";"0";"2";"8";"1";"1";""
"201900015300";"138 277 854";"B01";"1";"1";"0";"2";"1";"5";"5";""
"201900015300";"138 277 855";"A01";"1";"7";"0";"9";"1";"0";"1";""
"201900015301";"138 277 853";"A01";"1";"7";"0";"1";"1";"2";"1";""
"201900015302";"138 277 851";"A01";"1";"7";"0";"2";"1";"2";"1";""
"201900015302";"138 277 852";"B01";"1";"2";"0";"2";"4";"2";"1";""
"201900015303";"138 277 848";"A01";"1";"7";"0";"2";"1";"26";"0";""
"201900015303";"138 277 849";"B01";"1";"7";"0";"2";"4";"0";"0";""
"201900015303";"138 277 850";"C01";"1";"7";"0";"2";"4";"0";"0";""
"201900015304";"138 277 847";"A01";"1";"7";"0";"2";"1";"26";"0";""
"201900015305";"138 277 845";"A01";"1";"7";"0";"2";"1";"1";"1";""
"201900015305";"138 277 846";"B01";"1";"7";"0";"2";"0";"0";"1";""
"201900015306";"138 277 843";"B01";"1";"7";"0";"2";"4";"23";"1";""
"201900015306";"138 277 844";"A01";"1";"7";"0";"2";"1";"1";"1";""
"201900015307";"138 277 842";"Z01";"2";"7";"0";"1";"2";"16";"1";""
"201900015308";"138 277 840";"A01";"0";"1";"0";"2";"1";"1";"5";""
"201900015308";"138 277 841";"B01";"0";"7";"0";"2";"3";"1";"1";""
"201900015309";"138 277 838";"A01";"0";"33";"0";"2";"2";"17";"1";""
"201900015309";"138 277 839";"B01";"0";"7";"0";"2";"8";"15";"1";""
"201900015310";"138 277 837";"A01";"0";"7";"0";"1";"2";"17";"1";""
"201900015311";"138 277 835";"A01";"0";"7";"0";"2";"1";"2";"1";""
"201900015311";"138 277 836";"B01";"0";"37";"0";"2";"4";"23";"1";"2"
"201900015312";"138 277 834";"A01";"1";"7";"0";"1";"0";"0";"1";""
"201900015313";"138 277 833";"A01";"1";"30";"0";"0";"9";"0";"1";""
"201900015314";"138 277 832";"Z01";"3";"0";"0";"1";"0";" -1";" -1";""
"201900015315";"138 277 830";"B01";"1";"7";"0";"2";"3";"0";"1";""
"201900015315";"138 277 831";"A01";"1";"7";"0";"2";"0";"0";"1";""
"201900015316";"138 277 829";"A01";"1";"34";"0";"1";"1";"1";"1";""
"201900015317";"138 277 827";"Z01";"0";"7";"0";"2";"0";"9";"6";""
"201900015317";"138 277 828";"B01";"0";"32";"0";"2";"0";"1";"1";""
"201900015318";"138 277 826";"A01";"1";"7";"0";"1";"0";"1";"1";""
"201900015319";"138 277 824";"B01";"1";"31";"0";"2";"2";"26";"1";""
"201900015319";"138 277 825";"A01";"1";"7";"0";"2";"8";"9";"0";""
"201900015320";"138 277 823";"A01";"1";"7";"1";"0";"2";"1";"1";""
"201900015321";"138 277 821";"A01";"2";"34";"14";"2";"2";"17";"1";""
"201900015321";"138 277 822";"B01";"1";"7";"0";"2";"3";"9";"1";""
"201900015322";"138 277 820";"A01";"0";"10";"0";"1";"1";"1";"1";""
"201900015323";"138 277 818";"B01";"2";"15";"0";"2";"5";"16";"1";""
"201900015323";"138 277 819";"A01";"2";"7";"0";"2";"3";"18";"1";""
"201900015324";"138 277 817";"A01";"1";"7";"4";"0";"7";"1";"1";""
"201900015325";"138 277 815";"B01";"2";"7";"0";"2";"3";"1";"1";""
"201900015325";"138 277 816";"A01";"1";"7";"0";"2";"3";"13";"1";""
"201900015326";"138 277 813";"B01";"0";"2";"0";"0";"4";"1";"1";""
"201900015326";"138 277 814";"A01";"0";"7";"0";"0";"1";"1";"1";""
"201900015327";"138 277 811";"B01";"3";"7";"0";"2";"0";"0";"1";""
"201900015327";"138 277 812";"A01";"1";"1";"0";"2";"0";"19";"5";""
"201900015328";"138 277 808";"A01";"1";"7";"0";"2";"1";"1";"1";""
"201900015328";"138 277 809";"B01";"1";"7";"0";"2";"4";"1";"1";""
"201900015328";"138 277 810";"C01";"1";"7";"0";"2";"4";"1";"1";""
"201900015329";"138 277 805";"A01";"1";"10";"0";"1";"5";"26";"1";""
"201900015330";"138 277 804";"A01";"2";"10";"0";"1";"1";"1";"1";""
"201900015331";"138 277 801";"C01";"1";"7";"0";"2";"3";"26";"1";""
"201900015331";"138 277 802";"B01";"2";"7";"0";"2";"3";"26";"1";""
"201900015331";"138 277 803";"A01";"1";"32";"0";"2";"9";"17";"1";""
"201900015332";"138 277 800";"A01";"0";"7";"3";"0";"8";"13";"1";""
"201900015333";"138 277 798";"A01";"0";"7";"0";"2";"0";"0";"0";""
"201900015333";"138 277 799";"B01";"2";"2";"0";"2";"3";"0";"1";""
"201900015334";"138 277 797";"A01";"2";"7";"0";"1";"4";"4";"0";""
"201900015335";"138 277 795";"A01";"2";"7";"0";"2";"7";"15";"1";""
"201900015335";"138 277 796";"B01";"1";"2";"0";"2";"1";"1";"1";""
"201900015336";"138 277 794";"B01";" -1";"0";" -1";" -1";" -1";" -1";" -1";""
"201900015337";"138 277 792";"B01";"1";"7";"0";"0";"0";"0";"1";""
"201900015337";"138 277 793";"A01";"1";"30";"0";"0";"0";"0";"1";""
"201900015338";"138 277 790";"B01";"1";"31";"0";"2";"1";"1";"1";""
"201900015338";"138 277 791";"A01";"1";"7";"0";"2";"3";"15";"1";""
"201900015339";"138 277 788";"B01";"2";"7";"0";"2";"5";"2";"1";""
"201900015339";"138 277 789";"A01";"2";"33";"0";"2";"1";"2";"1";""
"201900015340";"138 277 786";"B01";"2";"10";"0";"2";"5";"2";"1";""
"201900015340";"138 277 787";"A01";"2";"33";"0";"2";"3";"2";"1";""
"201900015341";"138 277 785";"A01";"1";"33";"3";"0";"3";"13";"1";""
"201900015342";"138 277 783";"B01";"1";"33";"0";"2";"3";"1";"1";""
"201900015342";"138 277 784";"A01";"1";"7";"0";"2";"7";"12";"1";""
"201900015343";"138 277 782";"A01";"1";"33";"0";"0";"7";"1";"1";""
"201900015344";"138 277 781";"A01";"1";"37";"0";"1";"2";"16";"1";"1"
"201900015345";"138 277 779";"B01";"1";"7";"0";"2";"4";"2";"1";""
"201900015345";"138 277 780";"A01";"1";"10";"0";"2";"1";"2";"1";""
"201900015346";"138 277 778";"A01";"3";"2";"15";"0";"1";"1";"1";""
"201900015347";"138 277 777";"A01";"1";"2";"3";"0";"1";"1";"0";""
"201900015348";"138 277 774";"C01";"2";"7";"0";"0";"1";"23";"1";""
"201900015348";"138 277 775";"A01";"1";"7";"1";"0";"1";"1";"1";""
"201900015348";"138 277 776";"B01";"1";"21";"0";"2";"7";"23";"1";""
"201900015349";"138 277 772";"B01";"2";"7";"0";"2";"3";"1";"1";""
"201900015349";"138 277 773";"A01";"1";"7";"0";"2";"1";"13";"1";""
"201900015350";"138 277 769";"A01";"1";"7";"0";"2";"1";"17";"1";""
"201900015350";"138 277 770";"B01";"2";"7";"0";"2";"3";"1";"1";""
"201900015350";"138 277 771";"C01";"1";"17";"0";"2";"8";"1";"1";""
"201900015351";"138 277 767";"B01";"1";"13";"13";"2";"2";"1";"0";""
"201900015351";"138 277 768";"A01";"2";"7";"13";"2";"1";"1";"0";""
"201900015352";"138 277 765";"A01";"1";"7";"0";"2";"2";"19";"1";""
"201900015352";"138 277 766";"B01";"1";"7";"0";"2";"3";"1";"1";""
"201900015353";"138 277 763";"A01";"2";"7";"15";"0";"1";"1";"1";""
"201900015353";"138 277 764";"B01";"2";"7";"15";"0";"4";"1";"1";""
"201900015354";"138 277 762";"A01";"2";"7";"2";"0";"1";"13";"1";""
"201900015355";"138 277 761";"B01";"3";"7";"0";"0";"2";"1";"1";""
"201900015356";"138 277 759";"B01";"2";"7";"0";"0";"6";"24";"0";""
"201900015356";"138 277 760";"A01";"2";"17";"1";"0";"2";"14";"0";""
"201900015357";"138 277 756";"A01";"1";"7";"3";"0";"1";"1";"1";""
"201900015357";"138 277 757";"B01";"1";"7";"1";"0";"1";"1";"1";""
"201900015357";"138 277 758";"C01";"1";"7";"1";"0";"7";"1";"1";""
"201900015358";"138 277 754";"B01";"2";"7";"0";"2";"3";"1";"1";""
"201900015358";"138 277 755";"A01";"1";"7";"0";"2";"3";"13";"1";""
"201900015359";"138 277 752";"A01";"2";"7";"0";"2";"1";"13";"1";""
"201900015359";"138 277 753";"B01";"1";"17";"0";"2";"3";"1";"1";""
"201900015360";"138 277 750";"B01";"2";"7";"0";"0";"8";"1";"1";""
"201900015360";"138 277 751";"A01";"2";"7";"0";"2";"2";"1";"1";""
"201900015361";"138 277 748";"B01";"1";"15";"0";"2";"2";"1";"1";""
"201900015361";"138 277 749";"A01";"1";"7";"0";"0";"8";"19";"1";""
"201900015362";"138 277 747";"A01";"2";"7";"6";"0";"9";"14";"1";""
"201900015363";"138 277 745";"A01";"2";"7";"0";"9";"1";"1";"1";""
"201900015363";"138 277 746";"B01";"2";"7";"1";"0";"1";"11";"1";""
"201900015364";"138 277 744";"A01";"2";"38";"2";"0";"2";"1";"1";"1"
"201900015365";"138 277 742";"A01";"2";"7";"3";"0";"1";"0";"1";""
"201900015365";"138 277 743";"B01";"2";"7";"0";"2";"1";"1";"1";""
"201900015366";"138 277 740";"B01";"2";"7";"0";"2";"6";"2";"1";""
"201900015366";"138 277 741";"A01";"2";"33";"3";"2";"2";"2";"1";""
"201900015367";"138 277 738";"B01";"0";"7";"0";"9";"2";"1";"1";""
"201900015367";"138 277 739";"A01";"3";"2";"0";"2";"3";"1";"1";""
"201900015368";"138 277 737";"A01";"1";"7";"0";"1";"1";"16";"1";""
"201900015369";"138 277 736";"A01";"2";"7";"4";"0";"3";"1";"1";""
"201900015370";"138 277 735";"A01";"2";"7";"2";"0";"8";"1";"0";""
"201900015371";"138 277 733";"A01";"2";"7";"0";"2";"1";"13";"1";""
"201900015371";"138 277 734";"B01";"1";"7";"0";"2";"3";"1";"1";""
"201900015372";"138 277 731";"A01";"2";"7";"0";"2";"1";"15";"1";""
"201900015372";"138 277 732";"B01";"1";"33";"0";"2";"1";"1";"1";""
"201900015373";"138 277 729";"A01";"1";"2";"0";"2";"1";"3";"1";""
"201900015373";"138 277 730";"B01";"2";"7";"0";"2";"3";"19";"1";""
"201900015374";"138 277 728";"A01";"1";"7";"8";"0";"2";"1";"1";""
"201900015375";"138 277 726";"B01";"2";"7";"0";"0";"8";"19";"1";""
"201900015375";"138 277 727";"A01";"1";"7";"0";"2";"3";"1";"1";""
"201900015376";"138 277 725";"A01";"2";"7";"0";"1";"6";"4";"1";""
"201900015377";"138 277 724";"A01";"1";"31";"14";"0";"0";"17";"1";""
"201900015378";"138 277 721";"A01";"2";"7";"3";"2";"3";"5";"1";""
"201900015378";"138 277 722";"B01";"1";"7";"3";"2";"3";"1";"1";""
"201900015378";"138 277 723";"C01";"1";"7";"0";"9";"1";"17";"1";""
"201900015379";"138 277 719";"B01";"1";"7";"0";"2";"1";"1";"1";""
"201900015379";"138 277 720";"A01";"2";"7";"0";"0";"1";"1";"1";""
"201900015380";"138 277 718";"A01";"1";"7";"0";"1";"2";"1";"1";""
"201900015381";"138 277 717";"A01";"1";"7";"8";"0";"0";"1";"1";""
"201900015382";"138 277 716";"A01";"2";"7";"3";"0";"3";"13";"1";""
"201900015383";"138 277 715";"A01";"0";"7";"0";"1";"1";"15";"1";""
"201900015384";"138 277 714";"A01";"0";"7";"0";"1";"2";"1";"0";""
"201900015385";"138 277 713";"A01";"2";"7";"0";"1";"1";"1";"1";""
"201900015386";"138 277 712";"A01";"1";"7";"2";"0";"1";"0";"1";""
"201900015387";"138 277 711";"A01";"3";"7";"13";"0";"2";"0";"1";""
"201900015388";"138 277 710";"A01";"1";"7";"2";"0";"1";"14";"1";""
"201900015389";"138 277 708";"B01";"2";"2";"0";"2";"1";"1";"1";""
"201900015389";"138 277 709";"A01";"1";"7";"0";"2";"1";"15";"2";""
"201900015390";"138 277 706";"B01";"2";"33";"0";"2";"4";"16";"0";""
"201900015390";"138 277 707";"A01";"2";"33";"0";"2";"1";"1";"0";""
"201900015391";"138 277 702";"A01";"1";"7";"4";"2";"4";"9";"1";""
"201900015391";"138 277 703";"B01";"1";"10";"0";"2";"1";"9";"1";""
"201900015391";"138 277 704";"C01";"1";"7";"0";"2";"2";"1";"1";""
"201900015392";"138 277 700";"A01";"2";"7";"0";"2";"4";"1";"1";""
"201900015392";"138 277 701";"B01";"0";"7";"0";"2";"1";"1";"1";""
"201900015393";"138 277 697";"A01";"2";"7";"0";"2";"3";"2";"1";""
"201900015393";"138 277 698";"B01";"2";"7";"0";"2";"5";"1";"1";""
"201900015393";"138 277 699";"C01";"2";"7";"0";"2";"4";"2";"1";""
"201900015394";"138 277 696";"A01";"1";"10";"4";"0";"3";"21";"1";""
"201900015395";"138 277 693";"A01";"1";"7";"0";"2";"7";"12";"1";""
"201900015395";"138 277 694";"B01";"1";"33";"0";"2";"8";"3";"1";""
"201900015395";"138 277 695";"C01";"1";"7";"0";"2";"6";"1";"1";""
"201900015396";"138 277 691";"A01";"2";"7";"13";"2";"3";"13";"1";""
"201900015396";"138 277 692";"B01";"2";"7";"0";"2";"7";"1";"1";""
"201900015397";"138 277 689";"A01";"2";"7";"4";"0";"3";"1";"1";""
"201900015398";"138 277 687";"A01";"2";"7";"0";"2";"1";"2";"1";""
"201900015398";"138 277 688";"B01";"2";"7";"0";"2";"4";"2";"1";""
"201900015399";"138 277 685";"A01";"1";"15";"1";"1";"1";"1";"1";""
"201900015399";"138 277 686";"C01";"1";"7";"1";"1";"0";"1";"1";""
"201900015400";"138 277 683";"B01";"2";"7";"0";"2";"5";"14";"1";""
"201900015400";"138 277 684";"A01";"2";"33";"0";"2";"3";"3";"1";""
"201900015401";"138 277 679";"B01";"1";"7";"0";"2";"4";"23";"1";""
"201900015401";"138 277 680";"D01";"2";"7";"0";"2";"1";"12";"1";""
"201900015401";"138 277 681";"C01";"2";"7";"0";"2";"4";"23";"1";""
"201900015401";"138 277 682";"A01";"2";"7";"0";"2";"4";"23";"1";""
"201900015402";"138 277 678";"A01";"1";"7";"3";"0";"1";"1";"1";""
"201900015403";"138 277 676";"C01";"3";"7";"0";"1";"1";"0";"1";""
"201900015403";"138 277 677";"A01";"2";"7";"1";"0";"1";"1";"1";""
"201900015404";"138 277 675";"A01";"2";"7";"0";"1";"4";"4";"1";""
"201900015405";"138 277 673";"A01";"1";"7";"0";"2";"4";"2";"1";""
"201900015405";"138 277 674";"B01";"1";"7";"0";"2";"1";"2";"1";""
"201900015406";"138 277 672";"A01";"2";"1";"0";"1";"1";"1";"0";""
"201900015407";"138 277 671";"A01";"1";"7";"0";"1";"2";"1";"1";""
"201900015408";"138 277 670";"A01";"1";"7";"0";"1";"1";"15";"1";""
"201900015409";"138 277 669";"A01";"1";"37";"0";"1";"2";"16";"1";"1"
"201900015410";"138 277 668";"A01";"2";"7";"0";"1";"1";"15";"1";""
"201900015411";"138 277 667";"A01";"1";"10";"0";"1";"1";"9";"1";""
"201900015412";"138 277 666";"A01";"0";"7";"5";"0";"9";"1";"1";""
"201900015413";"138 277 663";"A01";"3";"7";"0";"2";"2";"0";"0";""
"201900015413";"138 277 664";"B01";"3";"2";"0";"2";"0";"0";"0";""
"201900015414";"138 277 660";"A01";"0";"7";"0";"2";"1";"2";"1";""
"201900015414";"138 277 661";"C01";"0";"7";"0";"2";"4";"23";"1";""
"201900015414";"138 277 662";"B01";"0";"7";"0";"2";"4";"23";"1";""
"201900015415";"138 277 658";"B01";"1";"33";"0";"2";"1";"13";"1";""
"201900015415";"138 277 659";"A01";"1";"7";"0";"2";"1";"15";"1";""
"201900015416";"138 277 655";"A01";"1";"7";"0";"2";"1";"2";"1";""
"201900015416";"138 277 656";"C01";"2";"7";"0";"2";"4";"2";"1";""
"201900015416";"138 277 657";"B01";"2";"7";"0";"2";"4";"2";"1";""
"201900015417";"138 277 654";"A01";"2";"30";"8";"0";"0";"13";"1";""
"201900015418";"138 277 652";"C01";"0";"7";"0";"2";"3";"9";"1";""
"201900015418";"138 277 653";"B01";"0";"2";"0";"2";"1";"1";"1";""
"201900015419";"138 277 651";"A01";"1";"7";"0";"1";"2";"2";"0";""
"201900015420";"138 277 646";"A01";"1";"7";"0";"1";"1";"1";"1";""
"201900015421";"138 277 643";"B01";"1";"7";"0";"2";"4";"2";"1";""
"201900015421";"138 277 644";"C01";"1";"7";"0";"2";"5";"1";"1";""
"201900015421";"138 277 645";"A01";"1";"7";"0";"2";"1";"2";"1";""
"201900015422";"138 277 641";"B01";"1";"7";"0";"2";"0";"0";"1";""
"201900015422";"138 277 642";"A01";"1";"7";"0";"2";"0";"0";"1";""
"201900015423";"138 277 640";"A01";"1";"7";"0";"1";"2";"14";"1";""
"201900015424";"138 277 638";"A01";"1";"7";"0";"2";"3";"5";"1";""
"201900015424";"138 277 639";"B01";"2";"7";"0";"2";"6";"1";"1";""
"201900015425";"138 277 636";"A01";"2";"2";"0";"2";"1";"26";"1";""
"201900015425";"138 277 637";"B01";"1";"7";"0";"2";"3";"26";"1";""
"201900015426";"138 277 635";"A01";"1";"7";"0";"1";"1";"16";"1";""
"201900015427";"138 277 633";"B01";"1";"1";"0";"2";"1";"1";"5";""
"201900015427";"138 277 634";"A01";"0";"10";"0";"2";"2";"0";"1";""
"201900015428";"138 277 632";"A01";"0";"7";"0";"1";"7";"1";"1";""
"201900015429";"138 277 631";"A01";"2";"7";"0";"1";"1";"1";"1";""
"201900015430";"138 277 629";"A01";"3";"7";"0";"1";"7";"16";"1";""
"201900015430";"138 277 630";"B01";"3";"7";"0";"2";"1";"16";"1";""
"201900015431";"138 277 628";"A01";"1";"7";"0";"1";"2";"1";"1";""
"201900015432";"138 277 626";"B01";"0";"10";"0";"2";"3";"1";"1";""
"201900015432";"138 277 627";"A01";"0";"32";"0";"2";"3";"5";"1";""
"201900015433";"138 277 624";"A01";"1";"7";"0";"2";"2";"9";"1";""
"201900015433";"138 277 625";"B01";"1";"7";"0";"2";"2";"1";"1";""
"201900015434";"138 277 623";"A01";"1";"7";"1";"0";"3";"1";"1";""
"201900015435";"138 277 622";"A01";"1";"7";"0";"1";"0";"1";"1";""
"201900015436";"138 277 621";"A01";"1";"10";"0";"1";"5";"4";"6";""
"201900015437";"138 277 619";"B01";"2";"32";"0";"2";"3";"1";"1";""
"201900015437";"138 277 620";"A01";"1";"7";"0";"2";"1";"10";"1";""
"201900015438";"138 277 618";"A01";"2";"37";"0";"1";"2";"1";"1";"1"
"201900015439";"138 277 616";"B01";"1";"7";"0";"2";"6";"1";"2";""
"201900015439";"138 277 617";"A01";"1";"34";"0";"2";"7";"1";"1";""
"201900015440";"138 277 614";"B01";"1";"7";"0";"2";"2";"1";"1";""
"201900015440";"138 277 615";"A01";"1";"7";"0";"2";"3";"14";"1";""
"201900015441";"138 277 612";"B01";"2";"32";"0";"2";"7";"17";"1";""
"201900015441";"138 277 613";"A01";"2";"7";"0";"2";"1";"10";"1";""
"201900015442";"138 277 610";"A01";"1";"7";"0";"2";"5";"16";"1";""
"201900015442";"138 277 611";"B01";"1";"1";"0";"2";"1";"1";"5";""
"201900015443";"138 277 608";"B01";"1";"30";"0";"2";"1";"1";"1";""
"201900015443";"138 277 609";"A01";"1";"10";"0";"2";"3";"10";"1";""
"201900015444";"138 277 606";"B01";"2";"7";"0";"2";"4";"16";"1";""
"201900015444";"138 277 607";"A01";"2";"1";"0";"2";"4";"1";"5";""
"201900015445";"138 277 604";"A01";"3";"7";"0";"2";"2";"1";"1";""