"Num_Acc";"id_vehicule";"num_veh";"senc";"catv";"obs";"obsm";"choc";"manv";"motor";"occutc"
"201900015445";"138 277 605";"B01";"1";"2";"0";"2";"1";"8";"1";""
"201900015446";"138 277 602";"A01";"3";"7";"0";"2";"3";"11";"1";""
"201900015446";"138 277 603";"B01";"3";"1";"0";"2";"4";"11";"0";""
"201900015447";"138 277 600";"A01";"1";"7";"0";"2";"3";"11";"0";""
"201900015447";"138 277 601";"B01";"1";"31";"0";"2";"2";"17";"0";""
"201900015448";"138 277 598";"A01";"1";"32";"1";"0";"1";"2";"0";""
"201900015448";"138 277 599";"B01";"1";"7";"14";"0";"2";"2";"0";""
"201900015449";"138 277 596";"Z01";"1";"13";"1";"2";"8";"13";"1";""
"201900015449";"138 277 597";"A01";"1";"7";"0";"1";"8";"1";"1";""
"201900015450";"138 277 595";"A01";"2";"7";"15";"1";"2";"13";"1";""
"201900015451";"138 277 593";"A01";"2";"7";"0";"2";"1";"1";"1";""
"201900015451";"138 277 594";"B01";"1";"7";"2";"2";"8";"1";"1";""
"201900015452";"138 277 592";"A01";"3";"7";"0";"1";"3";"20";"0";""
"201900015453";"138 277 590";"A01";"1";"2";"0";"0";"7";"19";"1";""
"201900015453";"138 277 591";"B01";"1";"7";"0";"2";"1";"1";"1";""
"201900015454";"138 277 588";"A01";"2";"2";"0";"0";"7";"23";"1";""
"201900015454";"138 277 589";"B01";"2";"2";"0";"2";"3";"21";"1";""
"201900015455";"138 277 586";"A01";"1";"1";"0";"2";"8";"1";"5";""
"201900015455";"138 277 587";"B01";"2";"7";"0";"2";"3";"1";"1";""
"201900015456";"138 277 585";"A01";"2";"2";"0";"1";"1";"1";"1";""
"201900015457";"138 277 584";"A01";"1";"2";"12";"0";"7";"1";"1";""
"201900015458";"138 277 582";"B01";"1";"7";"0";"2";"1";"1";"1";""
"201900015458";"138 277 583";"A01";"2";"7";"0";"0";"8";"19";"1";""
"201900015459";"138 277 581";"A01";"2";"7";"0";"1";"1";"1";"1";""
"201900015460";"138 277 580";"A01";"1";"15";"11";"1";"2";"1";"1";""
"201900015461";"138 277 577";"B01";"1";"14";"0";"2";"4";"15";"1";""
"201900015461";"138 277 578";"A01";"1";"7";"0";"2";"1";"1";"1";""
"201900015462";"138 277 576";"A01";"1";"7";"0";"1";"2";"1";"1";""
"201900015463";"138 277 575";"A01";"1";"7";"13";"0";"2";"1";"1";""
"201900015464";"138 277 574";"A01";"1";"7";"0";"0";"8";"1";"1";""
"201900015465";"138 277 572";"B01";"2";"2";"0";"2";"1";"9";"1";""
"201900015465";"138 277 573";"A01";"1";"7";"0";"0";"5";"1";"1";""
"201900015466";"138 277 571";"A01";"1";"7";"0";"1";"1";"1";"1";""
"201900015467";"138 277 569";"A01";"3";"7";"0";"1";"1";"2";"1";""
"201900015468";"138 277 568";"A01";"2";"7";"0";"2";"0";"17";"1";""
"201900015469";"138 277 566";"B01";"1";"33";"0";"2";"1";"3";"1";""
"201900015469";"138 277 567";"A01";"2";"7";"0";"2";"8";"11";"1";""
"201900015470";"138 277 562";"A01";"1";"7";"0";"1";"1";"1";"1";""
"201900015471";"138 277 561";"A01";"2";"7";"0";"1";"5";"4";"4";""
"201900015472";"138 277 557";"D01";"1";"1";"0";"2";"0";"1";"5";""
"201900015472";"138 277 558";"C01";"1";"7";"0";"2";"0";"1";"1";""
"201900015473";"138 277 555";"B01";"0";"7";"0";"2";"2";"15";"1";""
"201900015473";"138 277 556";"A01";"1";"7";"0";"2";"7";"2";"1";""
"201900015474";"138 277 551";"D01";"1";"7";"0";"2";"4";"2";"1";""
"201900015474";"138 277 552";"B01";"1";"7";"0";"2";"9";"2";"1";""
"201900015474";"138 277 553";"C01";"1";"7";"0";"2";"9";"2";"1";""
"201900015474";"138 277 554";"A01";"1";"10";"0";"2";"1";"2";"1";""
"201900015475";"138 277 550";"A01";"1";"10";"3";"0";"1";"15";"1";""
"201900015476";"138 277 548";"A01";"1";"14";"0";"2";"4";"2";"1";""
"201900015476";"138 277 549";"B01";"1";"7";"0";"2";"1";"2";"1";""
"201900015477";"138 277 547";"A01";"3";"10";"0";"1";"2";"20";"1";""
"201900015478";"138 277 546";"A01";"3";"7";"0";"1";"3";"1";"1";""
"201900015479";"138 277 544";"A01";"3";"10";"0";"2";"1";"1";"1";""
"201900015479";"138 277 545";"B01";"3";"7";"0";"2";"3";"15";"1";""
"201900015480";"138 277 543";"A01";"2";"31";"0";"2";"1";"17";"1";""
"201900015481";"138 277 541";"B01";"1";"7";"0";"6";"1";"1";"1";""
"201900015481";"138 277 542";"A01";"2";"1";"0";"2";"1";"5";"0";""
"201900015482";"138 277 540";"A01";"1";"7";"0";"0";"1";"26";"1";""
"201900015483";"138 277 539";"A01";"1";"37";"0";"1";"2";"1";"1";"1"
"201900015484";"138 277 537";"A01";"1";"7";"0";"2";"1";"26";"1";""
"201900015484";"138 277 538";"B01";"1";"30";"0";"2";"1";"2";"1";""
"201900015485";"138 277 535";"B01";"1";"7";"0";"2";"1";"1";"1";""
"201900015485";"138 277 536";"A01";"2";"1";"0";"2";"3";"19";"5";""
"201900015486";"138 277 533";"B01";"1";"7";"0";"2";"8";"15";"1";""
"201900015486";"138 277 534";"A01";"1";"33";"0";"2";"8";"17";"1";""
"201900015487";"138 277 530";"B01";"1";"7";"0";"0";"0";"0";"1";""
"201900015487";"138 277 531";"A01";"2";"2";"0";"2";"1";"1";"1";""
"201900015488";"138 277 527";"A01";"2";"7";"0";"1";"2";"26";"1";""
"201900015489";"138 277 526";"A01";"1";"7";"2";"0";"3";"13";"1";""
"201900015490";"138 277 525";"A01";"2";"7";"0";"1";"0";"0";"0";""
"201900015491";"138 277 523";"B01";"3";"7";"0";"2";"3";"15";"1";""
"201900015491";"138 277 524";"A01";"3";"7";"0";"2";"2";"1";"1";""
"201900015492";"138 277 522";"A01";"2";"7";"0";"1";"1";"1";"1";""
"201900015493";"138 277 521";"A01";"2";"32";"0";"2";"1";"26";"1";""
"201900015494";"138 277 519";"A01";"1";"7";"0";"2";"7";"15";"0";""
"201900015494";"138 277 520";"B01";"2";"7";"0";"2";"1";"1";"0";""
"201900015495";"138 277 517";"A01";"1";"7";"8";"0";"3";"16";"0";""
"201900015495";"138 277 518";"B01";"2";"7";"0";"2";"2";"1";"1";""
"201900015496";"138 277 515";"A01";"1";"7";"0";"0";"1";"1";"1";""
"201900015496";"138 277 516";"B01";"3";"1";"0";"2";"8";"19";"5";""
"201900015497";"138 277 513";"A01";"2";"33";"0";"2";"1";"1";"0";""
"201900015497";"138 277 514";"B01";"2";"7";"0";"2";"3";"1";"0";""
"201900015498";"138 277 511";"B01";"2";"34";"0";"2";"1";"1";"1";""
"201900015498";"138 277 512";"A01";"1";"7";"0";"2";"2";"15";"1";""
"201900015499";"138 277 510";"A01";"2";"32";"0";"0";"8";"26";"1";""
"201900015500";"138 277 508";"B01";"2";"7";"0";"2";"3";"20";"1";""
"201900015500";"138 277 509";"A01";"1";"33";"0";"2";"0";"0";"1";""
"201900015501";"138 277 506";"A01";"1";"7";"0";"2";"3";"15";"1";""
"201900015501";"138 277 507";"B01";"2";"2";"0";"2";"1";"1";"1";""
"201900015502";"138 277 505";"A01";"3";"7";"4";"0";"1";"9";"1";""
"201900015503";"138 277 504";"A01";"3";"7";"9";"0";"2";"1";"1";""
"201900015504";"138 277 501";"A01";"2";"7";"0";"2";"1";"1";"1";""
"201900015504";"138 277 502";"C01";"2";"7";"0";"1";"4";"1";"1";""
"201900015504";"138 277 503";"B01";"2";"7";"0";"2";"1";"1";"1";""
"201900015505";"138 277 500";"A01";"1";"7";"0";"1";"8";"15";"1";""
"201900015506";"138 277 499";"A01";"2";"7";"0";"1";"3";"15";"1";""
"201900015507";"138 277 498";"A01";"2";"7";"4";"0";"3";"1";"1";""
"201900015508";"138 277 496";"B01";"3";"7";"0";"2";"6";"1";"1";""
"201900015508";"138 277 497";"A01";"3";"30";"0";"2";"1";"1";"1";""
"201900015509";"138 277 495";"A01";"1";"7";"0";"1";"2";"1";"1";""
"201900015510";"138 277 493";"A01";"1";"7";"0";"2";"1";"2";"1";""
"201900015510";"138 277 494";"B01";"1";"7";"0";"2";"4";"2";"1";""
"201900015511";"138 277 491";"B01";"3";"7";"0";"2";"7";"1";"1";""
"201900015511";"138 277 492";"A01";"3";"7";"0";"2";"1";"9";"1";""
"201900015512";"138 277 489";"B01";"3";"7";"0";"2";"1";"1";"1";""
"201900015512";"138 277 490";"A01";"3";"7";"0";"2";"1";"1";"1";""
"201900015513";"138 277 488";"A01";"1";"7";"0";"1";"1";"1";"1";""
"201900015514";"138 277 486";"B01";"1";"7";"1";"2";"1";"1";"1";""
"201900015514";"138 277 487";"A01";"2";"7";"0";"2";"1";"13";"1";""
"201900015515";"138 277 485";"A01";"1";"99";"0";"1";"2";"1";"2";""
"201900015516";"138 277 484";"A01";"3";"7";"0";"1";"2";"16";"1";""
"201900015517";"138 277 483";"A01";"2";"7";"0";"1";"2";"1";"1";""
"201900015518";"138 277 482";"A01";"1";"7";"0";"1";"1";"1";"1";""
"201900015519";"138 277 479";"A01";"3";"7";"0";"1";"3";"1";"1";""
"201900015520";"138 277 471";"A01";"1";"10";"0";"2";"1";"1";"1";""
"201900015520";"138 277 472";"B01";"3";"7";"0";"2";"8";"0";"1";""
"201900015521";"138 277 469";"B01";"2";"7";"0";"2";"2";"16";"1";""
"201900015521";"138 277 470";"A01";"3";"7";"0";"2";"3";"1";"1";""
"201900015522";"138 277 467";"B01";"3";"7";"8";"2";"8";"15";"1";""
"201900015522";"138 277 468";"A01";"3";"7";"0";"2";"2";"17";"1";""
"201900015523";"138 277 466";"Z01";"1";"0";"0";"1";"1";"1";"0";""
"201900015524";"138 277 465";"A01";"3";"7";"0";"0";"7";"14";"1";""
"201900015525";"138 277 463";"A01";"1";"7";"0";"1";"2";"2";"1";""
"201900015526";"138 277 462";"A01";"1";"7";"0";"1";"2";"1";"1";""
"201900015527";"138 277 461";"A01";"2";"7";"0";"1";"1";"1";"1";""
"201900015528";"138 277 460";"A01";"1";"7";"0";"1";"1";"1";"1";""
"201900015529";"138 277 458";"B01";"3";"31";"0";"2";"0";"21";"1";""
"201900015529";"138 277 459";"A01";"3";"7";"0";"0";"0";"19";"1";""
"201900015530";"138 277 454";"A01";"3";"7";"0";"2";"2";"19";"1";""
"201900015530";"138 277 455";"B01";"3";"7";"0";"2";"2";"1";"1";""
"201900015531";"138 277 452";"B01";"1";"30";"0";"2";"0";"0";"1";""
"201900015531";"138 277 453";"A01";"1";"37";"0";"2";"8";"15";"0";"1"
"201900015532";"138 277 451";"A01";"3";"38";"1";"1";"5";"10";"1";"1"
"201900015533";"138 277 445";"B01";"0";"31";"0";"2";"1";"1";"1";""
"201900015533";"138 277 446";"A01";"0";"7";"0";"2";"1";"15";"1";""
"201900015534";"138 277 435";"A01";"3";"7";"0";"1";"1";"11";"1";""
"201900015535";"138 277 433";"B01";"0";"2";"0";"2";"1";"1";"1";""
"201900015535";"138 277 434";"A01";"0";"7";"0";"2";"4";"20";"1";""
"201900015536";"138 277 431";"B01";"0";"7";"0";"2";"7";"1";"1";""
"201900015536";"138 277 432";"A01";"0";"7";"0";"2";"1";"1";"1";""
"201900015537";"138 277 430";"A01";"2";"30";"14";"0";"0";"1";"1";""
"201900015538";"138 277 428";"A01";"2";"7";"0";"2";"1";"2";"1";""
"201900015538";"138 277 429";"B01";"2";"3";"0";"2";"4";"2";"1";""
"201900015539";"138 277 425";"B01";"0";"7";"0";"1";"4";"4";" -1";""
"201900015540";"138 277 424";"A01";"2";"7";"0";"1";"3";"15";"1";""
"201900015541";"138 277 423";"A01";"3";"7";"0";"1";"4";"20";"1";""
"201900015542";"138 277 422";"A01";"2";"43";"3";"0";"7";"1";"1";""
"201900015543";"138 277 420";"A01";"1";"7";"0";"2";"2";"2";"0";""
"201900015543";"138 277 421";"B01";"1";"7";"0";"2";"4";"2";"0";""
"201900015544";"138 277 418";"B01";"1";"7";"0";"0";"5";"23";"6";""
"201900015544";"138 277 419";"A01";"1";"31";"0";"2";"1";"21";"6";""
"201900015545";"138 277 417";"A01";"3";"10";"0";"1";"1";"13";"1";""
"201900015546";"138 277 411";"A01";"2";"7";"8";"0";"2";"16";"1";""
"201900015547";"138 277 409";"B01";"2";"50";"0";"2";"7";"19";"3";""
"201900015547";"138 277 410";"A01";"1";"7";"0";"2";"1";"1";"1";""
"201900015548";"138 277 406";"B01";"2";"2";"0";"2";"1";"1";"0";""
"201900015548";"138 277 407";"A01";"1";"7";"0";"2";"8";"1";"1";""
"201900015549";"138 277 405";"A01";"1";"7";"0";"1";"2";"15";"1";""
"201900015550";"138 277 402";"A01";"2";"7";"0";"2";"3";"17";"0";""
"201900015550";"138 277 403";"B01";"1";"7";"0";"2";"3";"15";"0";""
"201900015550";"138 277 404";"C01";"2";"37";"0";"2";"6";"1";"1";"1"
"201900015551";"138 277 401";"Z01";"3";"7";"0";"1";"0";"0";"0";""
"201900015552";"138 277 399";"B01";"1";"2";"0";"2";"2";"17";"1";""
"201900015552";"138 277 400";"A01";"1";"7";"0";"2";"8";"15";"1";""
"201900015553";"138 277 397";"B01";"2";"7";"0";"2";"1";"1";"1";""
"201900015553";"138 277 398";"A01";"1";"7";"0";"2";"1";"13";"1";""
"201900015554";"138 277 393";"A01";"2";"7";"0";"2";"2";"15";"1";""
"201900015554";"138 277 394";"B01";"1";"7";"0";"2";"1";"1";"0";""
"201900015555";"138 277 391";"B01";"1";"34";"0";"2";"1";"1";"1";""
"201900015555";"138 277 392";"A01";"2";"7";"0";"2";"2";"15";"1";""
"201900015556";"138 277 389";"A01";"2";"7";"0";"2";"7";"17";"1";""
"201900015556";"138 277 390";"B01";"2";"10";"0";"2";"3";"15";"1";""
"201900015557";"138 277 388";"A01";"1";"7";"0";"1";"1";"15";"1";""
"201900015558";"138 277 386";"A01";"0";"7";"0";"2";"1";"0";"0";""
"201900015558";"138 277 387";"B01";"2";"33";"0";"2";"0";"0";"1";""
"201900015559";"138 277 384";"B01";"1";"3";"0";"2";"3";"21";"1";""
"201900015559";"138 277 385";"Z01";"3";"0";"0";"2";"0";"15";"0";""
"201900015560";"138 277 382";"A01";"1";"40";"0";"1";"2";"1";"3";""
"201900015560";"138 277 383";"B01";"2";"1";"0";"4";"8";"9";"5";""
"201900015561";"138 277 380";"A01";"1";"30";"0";"1";"0";"26";"1";""
"201900015561";"138 277 381";"Z01";"1";"7";"0";"2";"7";"26";"0";""
"201900015562";"138 277 379";"A01";"1";"34";"12";"0";"0";"26";"1";""
"201900015563";"138 277 377";"A01";"1";"10";"0";"2";"0";"9";"1";""
"201900015563";"138 277 378";"B01";"3";"1";"0";"2";"0";"0";"0";""
"201900015564";"138 277 374";"A01";"1";"7";"0";"2";"1";"17";"1";""
"201900015564";"138 277 375";"B01";"1";"7";"0";"2";"4";"1";"1";""
"201900015564";"138 277 376";"C01";"2";"7";"0";"2";"1";"1";"1";""
"201900015565";"138 277 373";"A01";"3";"7";"0";"1";"1";"2";"0";""
"201900015566";"138 277 371";"B01";"2";"1";"0";"2";"1";"1";"5";""
"201900015566";"138 277 372";"A01";"1";"7";"0";"2";"3";"15";"1";""
"201900015567";"138 277 369";"B01";"2";"1";"0";"2";"2";"10";"5";""
"201900015567";"138 277 370";"A01";"1";"7";"0";"2";"2";"1";"1";""
"201900015568";"138 277 367";"A01";"1";"7";"0";"2";"2";"2";"1";""
"201900015568";"138 277 368";"B01";"1";"7";"0";"2";"4";"2";"2";""
"201900015569";"138 277 365";"B01";"2";"50";"0";"2";"1";"19";"3";""
"201900015569";"138 277 366";"A01";"1";"7";"0";"2";"1";"1";"1";""
"201900015570";"138 277 363";"A01";"1";"1";"0";"2";"1";"13";"5";""
"201900015570";"138 277 364";"B01";"2";"1";"0";"2";"1";"1";"5";""
"201900015571";"138 277 361";"B01";"1";"30";"0";"2";"4";"2";"1";""
"201900015571";"138 277 362";"A01";"1";"7";"0";"2";"1";"2";"1";""
"201900015572";"138 277 359";"B01";"1";"2";"0";"2";"0";"1";"1";""
"201900015572";"138 277 360";"A01";"1";"7";"0";"2";"6";"15";"1";""
"201900015573";"138 277 358";"A01";"1";"7";"0";"1";"3";"1";"1";""
"201900015574";"138 277 357";"A01";"1";"7";"1";"1";"1";"26";"1";""
"201900015575";"138 277 355";"B01";"2";"1";"0";"2";"2";"1";"5";""
"201900015575";"138 277 356";"A01";"1";"7";"0";"2";"3";"24";"1";""
"201900015576";"138 277 353";"A01";"1";"1";"0";"2";"1";"26";"5";""
"201900015576";"138 277 354";"B01";"2";"1";"0";"2";"5";"26";"5";""
"201900015577";"138 277 351";"B01";"0";"37";"0";"2";"6";"1";"6";"2"
"201900015577";"138 277 352";"A01";"1";"10";"0";"2";"5";"3";"1";""
"201900015578";"138 277 349";"A01";"1";"7";"0";"2";"2";"15";"1";""
"201900015578";"138 277 350";"B01";"2";"31";"0";"2";"1";"1";"1";""
"201900015579";"138 277 347";"B01";"1";"7";"0";"2";"4";"2";"1";""
"201900015579";"138 277 348";"A01";"1";"7";"0";"2";"1";"2";"1";""
"201900015580";"138 277 345";"B01";"1";"33";"0";"2";"1";"2";"1";""
"201900015580";"138 277 346";"A01";"1";"7";"0";"2";"5";"19";"1";""
"201900015581";"138 277 344";"A01";"1";"7";"2";"0";"1";"14";"1";""
"201900015582";"138 277 343";"A01";"1";"1";"0";"1";"1";"1";"5";""
"201900015583";"138 277 341";"B01";"1";"7";"0";"2";"4";"2";"1";""
"201900015583";"138 277 342";"A01";"1";"7";"0";"2";"1";"2";"1";""
"201900015584";"138 277 340";"A01";"1";"7";"0";"1";"1";"2";"1";""
"201900015585";"138 277 338";"B01";"3";"7";"0";"2";"4";"1";"1";""
"201900015585";"138 277 339";"A01";"3";"7";"0";"2";"1";"1";"1";""
"201900015586";"138 277 337";"A01";"1";"7";"1";"0";"3";"13";"1";""
"201900015587";"138 277 335";"A01";"1";"7";"0";"2";"1";"2";"1";""
"201900015587";"138 277 336";"C01";"1";"7";"0";"1";"6";"2";"1";""
"201900015588";"138 277 334";"A01";"3";"7";"2";"0";"2";"15";"0";""
"201900015589";"138 277 333";"A01";"2";"37";"0";"1";"2";"1";"3";"1"
"201900015590";"138 277 331";"B01";"1";"7";"0";"2";"2";"1";"1";""
"201900015590";"138 277 332";"A01";"2";"33";"0";"2";"7";"5";"1";""
"201900015591";"138 277 329";"B01";"1";"33";"0";"2";"1";"1";"1";""
"201900015591";"138 277 330";"A01";"3";"7";"0";"2";"3";"19";"1";""
"201900015592";"138 277 327";"B01";"1";"32";"0";"2";"4";"2";"1";""
"201900015592";"138 277 328";"A01";"1";"7";"0";"2";"1";"2";"1";""
"201900015593";"138 277 326";"A01";"3";"7";"0";"1";"1";"15";"1";""
"201900015594";"138 277 325";"A01";"1";"7";"0";"1";"1";"1";"1";""
"201900015595";"138 277 324";"A01";"1";"7";"0";"1";"5";"1";"1";""
"201900015596";"138 277 322";"A01";"2";"7";"6";"2";"3";"15";"1";""
"201900015596";"138 277 323";"B01";"1";"7";"9";"2";"1";"2";"0";""
"201900015597";"138 277 321";"A01";"1";"13";"0";"1";"3";"13";"1";""
"201900015598";"138 277 319";"B01";"1";"10";"0";"2";"4";"21";"1";""
"201900015598";"138 277 320";"A01";"1";"2";"0";"2";"1";"21";"1";""
"201900015599";"138 277 317";"A01";"3";"10";"0";"2";"1";"2";"1";""
"201900015599";"138 277 318";"B01";"3";"3";"8";"0";"4";"2";"1";""
"201900015600";"138 277 315";"B01";"2";"7";"0";"2";"6";"15";"1";""
"201900015600";"138 277 316";"A01";"1";"7";"8";"2";"1";"0";"1";""
"201900015601";"138 277 314";"A01";"1";"7";"0";"1";"2";"16";"1";""
"201900015602";"138 277 308";"B01";"1";"7";"0";"2";"2";"1";"1";""
"201900015602";"138 277 309";"A01";"1";"7";"0";"2";"3";"26";"1";""
"201900015603";"138 277 307";"A01";"0";"7";"0";"1";"2";"1";"0";""
"201900015604";"138 277 305";"B01";"2";"1";"0";"2";"1";"26";"5";""
"201900015604";"138 277 306";"A01";"1";"7";"0";"2";"2";"15";"1";""
"201900015605";"138 277 302";"A01";"1";"10";"1";"0";"3";"1";"1";""
"201900015606";"138 277 301";"A01";"3";"7";"8";"0";"3";"13";"1";""
"201900015607";"138 277 300";"A01";"2";"7";"8";"1";"2";"16";"1";""
"201900015608";"138 277 299";"Z01";"1";"7";"0";"1";"2";"1";"0";""
"201900015609";"138 277 295";"A01";"1";"7";"0";"1";"2";"1";"1";""
"201900015610";"138 277 294";"A01";"3";"33";"0";"0";"8";"1";"1";""
"201900015611";"138 277 292";"B01";"2";"7";"0";"2";"4";"1";"1";""
"201900015611";"138 277 293";"A01";"2";"2";"0";"2";"1";"2";"1";""
"201900015612";"138 277 291";"A01";"1";"7";"7";"0";"1";"16";"1";""
"201900015613";"138 277 290";"A01";"2";"7";"0";"1";"2";"15";"1";""
"201900015614";"138 277 288";"A01";"1";"7";"0";"2";"3";"13";"1";""
"201900015614";"138 277 289";"B01";"2";"7";"0";"2";"1";"1";"1";""
"201900015615";"138 277 287";"A01";"2";"7";"13";"0";"2";"14";"1";""
"201900015616";"138 277 286";"A01";"1";"7";"0";"1";"2";"1";"0";""
"201900015617";"138 277 284";"A01";"1";"7";"0";"2";"6";"1";"1";""
"201900015617";"138 277 285";"B01";"1";"1";"0";"2";"1";"1";"5";""
"201900015618";"138 277 282";"B01";"1";"1";"0";"2";"1";"1";"5";""
"201900015618";"138 277 283";"C01";"1";"7";"0";"9";"0";"2";" -1";""
"201900015619";"138 277 281";"A01";"1";"7";"6";"0";"1";"1";"1";""
"201900015620";"138 277 279";"A01";"1";"50";"0";"2";"1";"1";"3";""
"201900015620";"138 277 280";"B01";"1";"7";"0";"2";"1";"1";"1";""
"201900015621";"138 277 277";"B01";"1";"7";"0";"2";"3";"1";"1";""
"201900015621";"138 277 278";"A01";"1";"7";"0";"2";"2";"1";"1";""
"201900015622";"138 277 276";"A01";"1";"10";"0";"1";"2";"1";"1";""
"201900015623";"138 277 274";"B01";"1";"7";"0";"2";"2";"1";"1";""
"201900015623";"138 277 275";"A01";"1";"7";"0";"2";"1";"1";"1";""
"201900015624";"138 277 273";"A01";"1";"7";"0";"0";"7";"15";"1";""
"201900015625";"138 277 271";"B01";"1";"7";"0";"2";"1";"1";"1";""
"201900015625";"138 277 272";"A01";"1";"7";"0";"2";"1";"5";"1";""
"201900015626";"138 277 269";"A01";"1";"7";"0";"2";"1";"2";"1";""
"201900015626";"138 277 270";"B01";"1";"10";"0";"2";"4";"2";"1";""
"201900015627";"138 277 267";"A01";"1";"1";"0";" -1";"3";"5";"0";""
"201900015627";"138 277 268";"B01";"2";"40";"0";"6";"3";"5";"3";""
"201900015628";"138 277 266";"A01";"3";"0";"9";"1";"4";"25";"0";""
"201900015629";"138 277 264";"B01";"1";"15";"0";"2";"6";"2";"1";""
"201900015629";"138 277 265";"A01";"1";"7";"0";"2";"1";"2";"1";""
"201900015630";"138 277 263";"Z01";"1";"0";"0";"1";"1";"13";"0";""
"201900015631";"138 277 261";"B01";"2";"7";"0";"2";"8";"1";"1";""
"201900015631";"138 277 262";"A01";"1";"32";"0";"2";"3";"1";"1";""
"201900015632";"138 277 260";"A01";"0";"2";"14";"0";"7";"1";"1";""
"201900015633";"138 277 258";"A01";"0";"7";"0";"2";"1";"15";"1";""
"201900015633";"138 277 259";"B01";"0";"33";"0";"2";"8";"1";"1";""
"201900015634";"138 277 256";"B01";"0";"7";"0";"2";"7";"1";"1";""
"201900015634";"138 277 257";"A01";"0";"7";"0";"2";"2";"1";"1";""
"201900015635";"138 277 254";"A01";"2";"7";"0";"2";"8";"11";"1";""
"201900015635";"138 277 255";"B01";"1";"33";"0";"2";"2";"17";"1";""
"201900015636";"138 277 253";"A01";"0";"1";"1";"0";"0";"0";"5";""
"201900015637";"138 277 251";"B01";"1";"1";"0";"2";"4";"0";"5";""
"201900015637";"138 277 252";"A01";"1";"7";"0";"2";"0";"0";"1";""
"201900015638";"138 277 250";"A01";"1";"3";"15";"0";"1";"0";"1";""
"201900015639";"138 277 248";"A01";"1";"7";"0";"2";"1";"0";"1";""
"201900015639";"138 277 249";"B01";"1";"7";"0";"2";"4";"0";"1";""
"201900015640";"138 277 247";"A01";"1";"7";"0";"1";"7";"0";"1";""
"201900015641";"138 277 245";"B01";"1";"7";"0";"2";"1";"0";"1";""
"201900015641";"138 277 246";"A01";"1";"7";"0";"2";"8";"0";"1";""
"201900015642";"138 277 244";"A01";"1";"1";"0";"0";"0";"26";"5";""
"201900015643";"138 277 242";"B01";"3";"7";"0";"6";"8";"0";"1";""
"201900015643";"138 277 243";"A01";"3";"1";"1";"0";"7";"26";"5";""
"201900015644";"138 277 241";"A01";"1";"7";"0";"0";"2";"0";"1";""
"201900015645";"138 277 240";"A01";"1";"7";"13";"0";"9";"13";"1";""
"201900015646";"138 277 238";"B01";"1";"7";"0";"2";"6";"1";"1";""
"201900015646";"138 277 239";"A01";"1";"33";"0";"2";"1";"19";"1";""
"201900015647";"138 277 237";"A01";"0";"7";"0";"1";"1";"1";"1";""
"201900015648";"138 277 235";"B01";"1";"7";"0";"2";"1";"15";"1";""
"201900015648";"138 277 236";"A01";"1";"1";"0";"2";"1";"1";"5";""
"201900015649";"138 277 233";"A01";"1";"30";"0";"2";"1";"15";"1";""
"201900015649";"138 277 234";"B01";"1";"7";"0";"2";"1";"1";"1";""
"201900015650";"138 277 231";"B01";"1";"1";"0";"2";"7";"1";"5";""
"201900015650";"138 277 232";"A01";"1";"7";"0";"2";"8";"9";"1";""
"201900015651";"138 277 230";"A01";"2";"20";"0";"1";"3";"19";"1";""
"201900015652";"138 277 228";"B01";"3";"7";"0";"0";"4";"26";"0";""
"201900015652";"138 277 229";"A01";"1";"2";"0";"2";"2";"21";"1";""
"201900015653";"138 277 225";"A01";"3";"1";"0";"2";"1";"19";"5";""
"201900015653";"138 277 226";"B01";"3";"7";"0";"2";"3";"1";"1";""
"201900015654";"138 277 223";"B01";"2";"33";"0";"2";"9";"1";"1";""
"201900015654";"138 277 224";"A01";"2";"7";"0";"2";"7";"15";"1";""
"201900015655";"138 277 221";"B01";"2";"7";"0";"2";"4";"1";"1";""
"201900015655";"138 277 222";"A01";"2";"33";"0";"2";"1";"1";"1";""
"201900015656";"138 277 219";"B01";"2";"7";"0";"2";"4";"1";"0";""
"201900015656";"138 277 220";"A01";"2";"7";"0";"2";"1";"2";"0";""
"201900015657";"138 277 217";"B01";"2";"80";"0";"2";"7";"19";"3";""
"201900015657";"138 277 218";"A01";"1";"33";"0";"2";"1";"1";"1";""
"201900015658";"138 277 215";"B01";"1";"80";"0";"2";"7";"1";"3";""
"201900015658";"138 277 216";"A01";"1";"7";"0";"2";"3";"1";"1";""
"201900015659";"138 277 214";"A01";"1";"50";"0";"0";"0";"1";"3";""
"201900015660";"138 277 213";"A01";"1";"37";"0";"1";"2";"1";"1";"1"
"201900015661";"138 277 211";"B01";"1";"7";"0";"2";"1";"1";"0";""
"201900015661";"138 277 212";"A01";"1";"1";"0";"2";"5";"19";"5";""
"201900015662";"138 277 209";"B01";"2";"7";"0";"2";"2";"1";"1";""
"201900015662";"138 277 210";"A01";"2";"7";"0";"2";"2";"9";"1";""
"201900015663";"138 277 207";"B01";"2";"7";"0";"2";"1";"1";"0";""
"201900015663";"138 277 208";"A01";"1";"7";"0";"2";"7";"15";"1";""
"201900015664";"138 277 205";"B01";"2";"7";"13";"2";"4";"26";"1";""
"201900015664";"138 277 206";"A01";"2";"7";"13";"0";"4";"2";"1";""
"201900015665";"138 277 203";"A01";"2";"7";"0";"2";"1";"11";"1";""
"201900015665";"138 277 204";"B01";"2";"31";"0";"2";"1";"1";"1";""