"Num_Acc";"id_vehicule";"num_veh";"senc";"catv";"obs";"obsm";"choc";"manv";"motor";"occutc"
"201900015881";"138 276 836";"B01";"3";"1";"0";"2";"3";"9";"5";""
"201900015882";"138 276 833";"B01";"0";"7";"0";"2";"1";"1";"0";""
"201900015882";"138 276 834";"A01";"0";"7";"0";"2";"2";"13";"0";""
"201900015883";"138 276 832";"A01";"1";"33";"0";"0";"1";"1";"1";""
"201900015884";"138 276 831";"A01";"1";"31";"13";"0";"7";"1";"0";""
"201900015885";"138 276 829";"A01";"1";"7";"0";"9";"1";"17";"1";""
"201900015885";"138 276 830";"C01";"2";"1";"0";"2";"1";"1";"5";""
"201900015886";"138 276 827";"A01";"2";"33";"0";"2";"1";"13";"1";""
"201900015886";"138 276 828";"B01";"1";"7";"0";"2";"1";"1";"1";""
"201900015887";"138 276 825";"A01";"1";"33";"0";"2";"1";"1";"1";""
"201900015887";"138 276 826";"B01";"2";"7";"0";"2";"3";"1";"1";""
"201900015888";"138 276 824";"A01";"1";"33";"0";"0";"8";"15";"1";""
"201900015889";"138 276 823";"A01";"3";"7";"16";"0";"9";"0";"1";""
"201900015890";"138 276 821";"B01";"0";"33";"0";"2";"1";"1";"1";""
"201900015890";"138 276 822";"A01";"0";"7";"0";"0";"2";"15";"1";""
"201900015891";"138 276 818";"C01";"2";"14";"0";"2";"3";"1";"1";""
"201900015891";"138 276 819";"B01";"2";"14";"0";"2";"3";"1";"1";""
"201900015891";"138 276 820";"A01";"1";"7";"0";"2";"3";"13";"1";""
"201900015892";"138 276 816";"A01";"2";"7";"0";"2";"6";"9";"1";""
"201900015892";"138 276 817";"B01";"1";"33";"0";"2";"3";"1";"1";""
"201900015893";"138 276 814";"B01";"2";"1";"0";"2";"2";"19";"5";""
"201900015893";"138 276 815";"A01";"3";"15";"0";"1";"2";"26";"1";""
"201900015894";"138 276 813";"A01";"3";"7";"2";"0";"7";"1";"1";""
"201900015895";"138 276 810";"A01";"3";"7";"6";"0";"2";"1";"1";""
"201900015896";"138 276 808";"B01";"1";"7";"8";"2";"2";"1";"1";""
"201900015896";"138 276 809";"A01";"3";"7";"0";"2";"3";"15";"1";""
"201900015897";"138 276 806";"A01";"1";"30";"0";"2";"1";"1";"1";""
"201900015897";"138 276 807";"B01";"2";"33";"0";"2";"8";"1";"1";""
"201900015898";"138 276 804";"A01";"1";"10";"0";"2";"4";"2";"1";""
"201900015898";"138 276 805";"B01";"1";"1";"0";"2";"1";"2";"5";""
"201900015899";"138 276 802";"A01";"1";"10";"0";"2";"4";"4";"1";""
"201900015899";"138 276 803";"B01";"1";"30";"8";"2";"8";"1";"1";""
"201900015900";"138 276 801";"A01";"1";"30";"11";"0";"3";"13";"3";""
"201900015901";"138 276 799";"A01";"1";"31";"0";"2";"1";"2";"1";""
"201900015901";"138 276 800";"B01";"1";"10";"0";"2";"4";"23";"1";""
"201900015902";"138 276 798";"A01";"1";"7";"0";"1";"5";"26";"1";""
"201900015903";"138 276 796";"A01";"1";"7";"0";"2";"6";"1";"1";""
"201900015903";"138 276 797";"B01";"1";"7";"0";"2";"1";"1";"0";""
"201900015904";"138 276 794";"B01";"2";"7";"0";"2";"1";"26";"0";""
"201900015904";"138 276 795";"A01";"1";"7";"0";"2";"2";"9";"1";""
"201900015905";"138 276 792";"A01";"3";"13";"0";"2";"2";"26";"1";""
"201900015905";"138 276 793";"B01";"3";"32";"0";"2";"8";"2";"0";""
"201900015906";"138 276 790";"B01";"1";"30";"0";"2";"8";"2";"1";""
"201900015906";"138 276 791";"A01";"2";"30";"0";"2";"1";"1";"1";""
"201900015907";"138 276 789";"A01";"1";"7";"1";"0";"1";"13";"1";""
"201900015908";"138 276 788";"A01";"1";"7";"8";"0";"1";"1";"1";""
"201900015909";"138 276 786";"B01";"1";"7";"0";"2";"6";"1";"1";""
"201900015909";"138 276 787";"A01";"1";"32";"0";"2";"1";"17";"1";""
"201900015910";"138 276 784";"B01";"1";"7";"0";"2";"0";"0";"0";""
"201900015910";"138 276 785";"A01";"1";"7";"8";"2";"4";"19";"0";""
"201900015911";"138 276 782";"B01";"1";"37";"0";"2";"6";"0";"1";"1"
"201900015911";"138 276 783";"A01";"1";"30";"0";"2";"1";"17";"1";""
"201900015912";"138 276 779";"A01";"3";"33";"0";"2";"8";"3";"1";""
"201900015912";"138 276 780";"B01";"3";"7";"0";"2";"6";"23";"1";""
"201900015912";"138 276 781";"C01";"3";"7";"0";"2";"5";"23";"1";""
"201900015913";"138 276 777";"B01";"1";"7";"0";"2";"3";"9";"1";""
"201900015913";"138 276 778";"A01";"1";"7";"0";"2";"2";"26";"1";""
"201900015914";"138 276 775";"B01";"1";"10";"12";"0";"1";"19";"1";""
"201900015914";"138 276 776";"A01";"1";"10";"12";"0";"1";"19";"1";""
"201900015915";"138 276 773";"B01";"1";"7";"0";"2";"2";"15";"1";""
"201900015915";"138 276 774";"A01";"2";"30";"0";"2";"7";"17";"1";""
"201900015916";"138 276 771";"B01";"1";"7";"0";"2";"3";"1";"1";""
"201900015916";"138 276 772";"A01";"2";"7";"0";"2";"3";"1";"1";""
"201900015917";"138 276 770";"A01";"1";"7";"0";"1";"1";"21";"1";""
"201900015918";"138 276 768";"A01";"1";"7";"12";"2";"4";"9";"1";""
"201900015918";"138 276 769";"B01";"1";"37";"12";"2";"2";"0";"1";"3"
"201900015919";"138 276 766";"A01";"2";"7";"0";"2";"4";"1";"0";""
"201900015919";"138 276 767";"B01";"2";"7";"0";"2";"1";"2";"0";""
"201900015920";"138 276 764";"B01";"2";"34";"0";"2";"3";"1";"1";""
"201900015920";"138 276 765";"A01";"3";"7";"0";"2";"2";"15";"1";""
"201900015921";"138 276 762";"B01";"3";"7";"0";"2";"1";"1";"1";""
"201900015921";"138 276 763";"A01";"3";"7";"8";"2";"7";"15";"1";""
"201900015922";"138 276 760";"B01";"1";"2";"0";"2";"7";"17";"0";""
"201900015922";"138 276 761";"A01";"1";"10";"0";"2";"8";"17";"6";""
"201900015923";"138 276 758";"B01";"3";"34";"0";"2";"1";"1";"6";""
"201900015923";"138 276 759";"A01";"3";"99";"0";"2";"5";"1";"0";""
"201900015924";"138 276 756";"B01";"1";"33";"0";"2";"8";"1";"1";""
"201900015924";"138 276 757";"A01";"1";"7";"0";"2";"1";"1";"1";""
"201900015925";"138 276 755";"A01";"2";"7";"0";"1";"2";"17";"1";""
"201900015926";"138 276 753";"B01";"2";"1";"1";"0";"1";"18";"5";""
"201900015926";"138 276 754";"A01";"2";"10";"1";"0";"8";"24";"1";""
"201900015927";"138 276 751";"A01";"2";"7";"0";"6";"3";"23";"0";""
"201900015927";"138 276 752";"B01";"3";"1";"14";"0";"1";"25";"5";""
"201900015928";"138 276 749";"B01";"1";"10";"0";"2";"1";"13";"1";""
"201900015928";"138 276 750";"A01";"2";"7";"0";"2";"1";"13";"1";""
"201900015929";"138 276 747";"B01";"2";"7";"0";"2";"3";"15";"1";""
"201900015929";"138 276 748";"A01";"2";"7";"9";"2";"1";"17";"1";""
"201900015930";"138 276 745";"A01";"1";"7";"0";"2";"7";"15";"2";""
"201900015930";"138 276 746";"B01";"3";"33";"0";"2";"1";"1";"1";""
"201900015931";"138 276 744";"A01";"1";"7";"0";"1";"0";"0";"1";""
"201900015932";"138 276 742";"N01";"3";"7";"0";"2";"3";"0";"1";""
"201900015932";"138 276 743";"A01";"1";"30";"0";"2";"1";"0";"1";""
"201900015933";"138 276 741";"A01";"3";"7";"15";"0";"1";"14";"1";""
"201900015934";"138 276 739";"B01";"2";"32";"0";"2";"6";"1";"1";""
"201900015934";"138 276 740";"A01";"2";"7";"0";"2";"1";"1";"1";""
"201900015935";"138 276 737";"B01";"1";"1";"0";"2";"3";"0";"5";""
"201900015935";"138 276 738";"A01";"2";"7";"0";"2";"2";"15";"1";""
"201900015936";"138 276 735";"B01";"1";"50";"0";"2";"1";"15";"3";""
"201900015936";"138 276 736";"A01";"2";"10";"0";"2";"3";"1";"1";""
"201900015937";"138 276 733";"B01";"1";"7";"0";"0";"6";"24";"1";""
"201900015937";"138 276 734";"A01";"1";"7";"0";"2";"2";"14";"1";""
"201900015938";"138 276 731";"B01";"2";"7";"0";"0";"5";"17";"1";""
"201900015938";"138 276 732";"A01";"2";"33";"0";"0";"3";"17";"1";""
"201900015939";"138 276 729";"B01";"2";"7";"0";"0";"6";"1";"1";""
"201900015939";"138 276 730";"A01";"2";"7";"0";"2";"2";"17";"1";""
"201900015940";"138 276 728";"A01";"1";"7";"5";"0";"2";"1";"1";""
"201900015941";"138 276 726";"B01";"0";"1";"0";"9";"1";"15";"5";""
"201900015941";"138 276 727";"A01";"0";"7";"0";"9";"8";"6";"1";""
"201900015942";"138 276 724";"B01";"1";"36";"0";"2";"1";"1";"1";""
"201900015942";"138 276 725";"A01";"2";"7";"0";"2";"2";"15";"1";""
"201900015943";"138 276 723";"A01";"1";"7";"1";"0";"2";"1";"1";""
"201900015944";"138 276 722";"A01";"3";"31";"2";"0";"0";"0";"1";""
"201900015945";"138 276 720";"A01";"2";"7";"0";"2";"1";"15";"1";""
"201900015945";"138 276 721";"B01";"1";"2";"0";"2";"1";"1";"1";""
"201900015946";"138 276 718";"A01";"1";"33";"0";"2";"3";"26";"1";""
"201900015946";"138 276 719";"B01";"2";"7";"0";"2";"2";"9";"1";""
"201900015947";"138 276 716";"A01";"3";"10";"0";"2";"2";"19";"1";""
"201900015947";"138 276 717";"B01";"2";"43";"0";"2";"1";"1";"1";""
"201900015948";"138 276 714";"A01";"1";"14";"1";"0";"2";"1";"1";""
"201900015948";"138 276 715";"B01";"1";"7";"0";"0";"6";"23";"2";""
"201900015949";"138 276 713";"A01";"3";"99";"0";"0";"0";"1";"1";""
"201900015950";"138 276 711";"B01";"2";"7";"0";"2";"3";"1";"6";""
"201900015950";"138 276 712";"A01";"1";"7";"0";"2";"3";"1";"0";""
"201900015951";"138 276 710";"A01";"2";"33";"13";"0";"0";"1";"1";""
"201900015952";"138 276 708";"B01";"2";"1";"0";"2";"4";"1";"5";""
"201900015952";"138 276 709";"A01";"2";"7";"0";"9";"2";"1";"1";""
"201900015953";"138 276 706";"B01";"2";"7";"0";"2";"1";"1";"1";""
"201900015953";"138 276 707";"A01";"1";"33";"0";"2";"1";"17";"1";""
"201900015954";"138 276 705";"A01";"2";"7";"7";"0";"1";"1";"1";""
"201900015955";"138 276 703";"A01";"1";"7";"0";"1";"3";"1";"0";""
"201900015956";"138 276 700";"A01";"3";"50";"0";"2";"6";"25";"3";""
"201900015956";"138 276 701";"B01";"3";"7";"0";"9";"2";"26";"1";""
"201900015957";"138 276 698";"B01";"2";"17";"0";"0";"6";"1";"1";""
"201900015957";"138 276 699";"A01";"2";"7";"0";"2";"1";"2";"1";""
"201900015958";"138 276 695";"A01";"2";"13";"0";"1";"2";"1";"0";""
"201900015959";"138 276 693";"B01";"0";"7";"0";"0";"6";"1";"1";""
"201900015959";"138 276 694";"A01";"0";"33";"0";"2";"1";"15";"1";""
"201900015960";"138 276 692";"A01";"2";"2";"1";"0";"7";"0";"6";""
"201900015961";"138 276 691";"A01";"2";"7";"0";"1";"2";"1";"1";""
"201900015962";"138 276 687";"B01";"2";"7";"0";"2";"3";"1";"1";""
"201900015962";"138 276 688";"A01";"1";"7";"0";"2";"3";"5";"1";""
"201900015963";"138 276 685";"A01";"2";"7";"0";"2";"1";"19";"1";""
"201900015963";"138 276 686";"B01";"2";"30";"0";"2";"7";"1";"1";""
"201900015964";"138 276 683";"B01";"2";"33";"0";"2";"7";"21";"1";""
"201900015964";"138 276 684";"A01";"1";"7";"0";"2";"2";"23";"1";""
"201900015965";"138 276 681";"B01";"2";"7";"0";"2";"8";"1";"1";""
"201900015965";"138 276 682";"A01";"2";"7";"0";"2";"3";"1";"1";""
"201900015966";"138 276 680";"A01";"1";"7";"4";"0";"6";"17";"1";""
"201900015967";"138 276 678";"B01";"1";"7";"0";"2";"7";"1";"0";""
"201900015967";"138 276 679";"A01";"1";"33";"0";"2";"8";"15";"0";""
"201900015968";"138 276 676";"A01";"1";"7";"0";"2";"5";"13";"1";""
"201900015968";"138 276 677";"B01";"2";"14";"0";"2";"1";"1";"1";""
"201900015969";"138 276 675";"A01";"2";"15";"0";"0";"0";"1";"1";""
"201900015970";"138 276 673";"B01";"1";"7";"0";"2";"1";"1";"1";""
"201900015970";"138 276 674";"A01";"1";"7";"0";"2";"7";"19";"1";""
"201900015971";"138 276 671";"B01";"1";"10";"0";"2";"3";"1";"1";""
"201900015971";"138 276 672";"A01";"2";"10";"0";"2";"3";"13";"1";""
"201900015972";"138 276 670";"A01";"2";"7";"15";"0";"0";"1";"1";""
"201900015973";"138 276 667";"A01";"1";"10";"0";"2";"1";"1";"1";""
"201900015973";"138 276 668";"B01";"1";"7";"0";"2";"5";"23";"1";""
"201900015973";"138 276 669";"C01";"2";"7";"0";"2";"1";"1";"1";""
"201900015974";"138 276 665";"B01";"2";"7";"0";"2";"1";"1";"1";""
"201900015974";"138 276 666";"A01";"1";"7";"0";"2";"1";"13";"1";""
"201900015975";"138 276 663";"B01";"2";"7";"0";"2";"7";"9";"1";""
"201900015975";"138 276 664";"A01";"1";"7";"14";"2";"1";"1";"1";""
"201900015976";"138 276 662";"A01";"2";"7";"2";"0";"1";"13";"1";""
"201900015977";"138 276 661";"A01";"1";"7";"13";"0";"9";"13";"1";""
"201900015978";"138 276 659";"A01";"2";"33";"13";"0";"1";"16";"1";""
"201900015978";"138 276 660";"B01";"2";"33";"13";"0";"1";"16";"1";""
"201900015979";"138 276 657";"B01";"2";"7";"0";"2";"3";"1";"1";""
"201900015979";"138 276 658";"A01";"1";"7";"0";"2";"3";"13";"1";""
"201900015980";"138 276 656";"A01";"1";"33";"0";"0";"0";"26";"1";""
"201900015981";"138 276 654";"B01";"2";"7";"0";"2";"3";"1";"1";""
"201900015981";"138 276 655";"A01";"1";"33";"13";"2";"1";"1";"1";""
"201900015982";"138 276 652";"B01";"2";"7";"0";"0";"6";"2";"1";""
"201900015982";"138 276 653";"A01";"2";"2";"0";"2";"1";"2";"1";""
"201900015983";"138 276 650";"B01";"2";"7";"0";"2";"2";"13";"0";""
"201900015983";"138 276 651";"A01";"1";"7";"0";"2";"1";"1";"6";""
"201900015984";"138 276 648";"A01";"3";"15";"0";"2";"1";"1";"1";""
"201900015984";"138 276 649";"B01";"3";"7";"0";"0";"2";"13";"1";""
"201900015985";"138 276 646";"A01";"2";"7";"0";"9";"2";"1";"1";""
"201900015985";"138 276 647";"B01";"2";"1";"0";"0";"8";"19";"5";""
"201900015986";"138 276 644";"A01";"2";"15";"0";"2";"2";"1";"1";""
"201900015986";"138 276 645";"B01";"0";"99";"0";"2";"3";"15";"1";""
"201900015987";"138 276 643";"A01";"2";"2";"0";"0";"8";"15";"1";""
"201900015988";"138 276 642";"A01";"1";"7";"0";"1";"1";"1";"0";""
"201900015989";"138 276 640";"A01";"0";"7";"0";"2";"2";"1";"0";""
"201900015989";"138 276 641";"B01";"1";"7";"0";"2";"3";"1";"0";""
"201900015990";"138 276 638";"A01";"1";"7";"0";"0";"7";"15";"1";""
"201900015990";"138 276 639";"B01";"2";"33";"0";"2";"1";"1";"1";""
"201900015991";"138 276 637";"A01";"1";"33";"0";"0";"0";"23";"1";""
"201900015992";"138 276 635";"B01";"2";"2";"0";"2";"1";"1";"1";""
"201900015992";"138 276 636";"A01";"1";"7";"0";"2";"1";"15";"1";""
"201900015993";"138 276 633";"A01";"2";"7";"1";"2";"1";"5";"1";""
"201900015993";"138 276 634";"B01";"1";"7";"0";"2";"3";"1";"1";""
"201900015994";"138 276 632";"A01";"1";"7";"0";"0";"9";"1";"1";""
"201900015995";"138 276 629";"C01";"2";"33";"0";"2";"1";"1";"1";""
"201900015995";"138 276 630";"B01";"1";"1";"0";"2";"1";"5";"5";""
"201900015995";"138 276 631";"A01";"1";"1";"0";"2";"1";"5";"5";""
"201900015996";"138 276 627";"B01";"2";"7";"0";"2";"3";"17";"1";""
"201900015996";"138 276 628";"A01";"1";"2";"0";"2";"3";"1";"1";""
"201900015997";"138 276 626";"A01";"1";"7";"13";"0";"1";"14";"1";""
"201900015998";"138 276 624";"B01";"1";"7";"0";"0";"1";"1";"1";""
"201900015998";"138 276 625";"A01";"2";"7";"0";"0";"2";"1";"1";""
"201900015999";"138 276 623";"A01";"3";"7";"2";"0";"1";"1";"1";""
"201900016000";"138 276 622";"A01";"3";"7";"6";"0";"1";"1";"1";""
"201900016001";"138 276 620";"A01";"2";"7";"0";"0";"8";"26";"1";""
"201900016001";"138 276 621";"B01";"1";"33";"0";"2";"8";"1";"1";""
"201900016002";"138 276 619";"A01";"2";"7";"0";"0";"8";"1";"0";""
"201900016003";"138 276 617";"A01";"2";"7";"0";"2";"3";"1";"1";""
"201900016003";"138 276 618";"B01";"2";"10";"0";"2";"2";"19";"1";""
"201900016004";"138 276 616";"A01";"1";"33";"8";"0";"7";"0";"1";""
"201900016005";"138 276 614";"A01";"0";"7";"0";"2";"7";"19";"1";""
"201900016005";"138 276 615";"B01";"1";"7";"0";"2";"1";"1";"1";""
"201900016006";"138 276 612";"A01";"1";"7";"0";"2";"3";"15";"1";""
"201900016006";"138 276 613";"B01";"2";"33";"0";"2";"0";"21";"1";""
"201900016007";"138 276 611";"A01";"3";"31";"0";"0";"0";"0";"1";""
"201900016008";"138 276 608";"A01";"0";"10";"0";"2";"3";"1";"1";""
"201900016008";"138 276 609";"B01";"0";"7";"0";"2";"3";"1";"1";""
"201900016009";"138 276 607";"A01";"2";"7";"2";"0";"7";"14";"1";""
"201900016010";"138 276 606";"A01";"2";"33";"13";"0";"1";"15";"1";""
"201900016011";"138 276 604";"A01";"1";"7";"0";"2";"3";"9";"1";""
"201900016011";"138 276 605";"B01";"1";"7";"0";"2";"3";"1";"1";""
"201900016012";"138 276 603";"A01";"2";"7";"13";"0";"0";"1";"1";""
"201900016013";"138 276 601";"B01";"2";"7";"0";"2";"3";"21";"0";""
"201900016013";"138 276 602";"A01";"1";"7";"0";"2";"3";"15";"0";""
"201900016014";"138 276 600";"A01";"1";"7";"0";"1";"2";"1";"1";""
"201900016015";"138 276 599";"A01";"2";"7";"2";"0";"7";"1";"0";""
"201900016016";"138 276 598";"A01";"3";"7";"13";"6";"7";"1";"1";""
"201900016017";"138 276 595";"A01";"1";"7";"1";"2";"1";"1";"1";""
"201900016017";"138 276 596";"B01";"2";"21";"0";"2";"6";"21";"1";""
"201900016017";"138 276 597";"C01";"0";"7";"0";"0";"8";"22";"1";""
"201900016018";"138 276 594";"A01";"1";"2";"6";"0";"7";"14";"1";""
"201900016019";"138 276 593";"A01";"2";"1";"0";"0";"8";"1";"5";""
"201900016020";"138 276 591";"B01";"2";"7";"0";"2";"3";"1";"1";""
"201900016020";"138 276 592";"A01";"1";"7";"14";"2";"8";"5";"1";""
"201900016021";"138 276 590";"A01";"1";"7";"8";"0";"3";"2";"1";""
"201900016022";"138 276 588";"B01";"0";"1";"0";"2";"4";"1";"5";""
"201900016022";"138 276 589";"A01";"0";"7";"0";"9";"1";"1";"1";""
"201900016023";"138 276 586";"B01";"1";"7";"0";"2";"7";"1";"1";""
"201900016023";"138 276 587";"A01";"0";"36";"0";"2";"1";"9";"1";""
"201900016024";"138 276 584";"A01";"3";"7";"0";"2";"2";"17";"1";""
"201900016024";"138 276 585";"B01";"3";"1";"0";"2";"4";"1";"5";""
"201900016025";"138 276 583";"A01";"2";"7";"13";"0";"2";"1";"1";""
"201900016026";"138 276 582";"A01";"1";"33";"3";"0";"0";"26";"1";""
"201900016027";"138 276 580";"B01";"1";"7";"0";"2";"0";"0";"0";""
"201900016027";"138 276 581";"A01";"1";"1";"0";"0";"8";"1";"5";""
"201900016028";"138 276 578";"B01";"3";"3";"8";"0";"4";"1";"1";""
"201900016028";"138 276 579";"A01";"0";"7";"0";"2";"1";"2";"1";""
"201900016029";"138 276 577";"A01";"2";"7";"13";"0";"1";"1";"1";""
"201900016030";"138 276 575";"A01";"1";"2";"1";"0";"1";"0";"0";""
"201900016031";"138 276 571";"A01";"3";"7";"2";"0";"1";"1";"1";""
"201900016032";"138 276 569";"A01";"3";"7";"0";"2";"1";"15";"1";""
"201900016032";"138 276 570";"B01";"3";"33";"0";"2";"5";"2";"1";""
"201900016033";"138 276 567";"A01";"0";"10";"0";"2";"2";"15";"0";""
"201900016033";"138 276 568";"B01";"2";"33";"0";"2";"1";"1";"0";""
"201900016034";"138 276 566";"A01";"0";"2";"14";"0";"0";"0";"0";""
"201900016035";"138 276 564";"B01";"3";"1";"0";"0";"4";"2";"0";""
"201900016035";"138 276 565";"A01";"3";"7";"0";"2";"1";"2";"0";""
"201900016036";"138 276 562";"B01";"2";"7";"0";"2";"1";"1";"1";""
"201900016036";"138 276 563";"A01";"1";"15";"0";"2";"1";"13";"1";""
"201900016037";"138 276 560";"A01";"2";"7";"0";"2";"1";"13";"1";""
"201900016037";"138 276 561";"B01";"1";"7";"0";"2";"1";"1";"1";""
"201900016038";"138 276 559";"A01";"2";"33";"0";"0";"9";"1";"1";""
"201900016039";"138 276 557";"A01";"2";"33";"13";"2";"3";"1";"1";""
"201900016039";"138 276 558";"B01";"1";"7";"0";"2";"8";"1";"1";""
"201900016040";"138 276 556";"A01";"2";"33";"0";"0";"8";"2";"1";""
"201900016041";"138 276 554";"A01";"2";"10";"2";"2";"2";"1";"1";""
"201900016041";"138 276 555";"B01";"1";"7";"0";"2";"3";"1";"1";""
"201900016042";"138 276 553";"A01";"3";"7";"13";"0";"8";"13";"1";""
"201900016043";"138 276 550";"C01";"1";"7";"0";"2";"4";"2";"1";""
"201900016043";"138 276 551";"B01";"1";"7";"0";"2";"6";"2";"1";""
"201900016043";"138 276 552";"A01";"1";"14";"0";"2";"1";"2";"1";""
"201900016044";"138 276 548";"A01";"1";"7";"0";"2";"1";"13";"1";""
"201900016044";"138 276 549";"B01";"2";"7";"0";"2";"1";"1";"1";""
"201900016045";"138 276 546";"A01";"1";"7";"0";"2";"3";"13";"1";""
"201900016045";"138 276 547";"B01";"1";"7";"0";"2";"3";"1";"1";""
"201900016046";"138 276 545";"A01";"2";"7";"0";"0";"0";"13";"1";""
"201900016047";"138 276 543";"B01";"0";"1";"0";"2";"5";"12";"5";""
"201900016047";"138 276 544";"A01";"0";"7";"0";"2";"1";"9";"1";""
"201900016048";"138 276 542";"A01";"2";"33";"0";"0";"7";"0";"1";""
"201900016049";"138 276 539";"A01";"2";"13";"0";"2";"3";"1";"1";""
"201900016049";"138 276 540";"C01";"1";"7";"0";"2";"1";"1";"1";""
"201900016049";"138 276 541";"B01";"2";"7";"0";"2";"4";"15";"1";""
"201900016050";"138 276 537";"B01";"1";"7";"0";"2";"3";"15";"1";""
"201900016050";"138 276 538";"A01";"1";"7";"0";"2";"7";"17";"1";""
"201900016051";"138 276 536";"A01";"1";"2";"13";"0";"1";"1";"1";""
"201900016052";"138 276 534";"A01";"2";"7";"0";"2";"1";"1";"1";""
"201900016052";"138 276 535";"B01";"1";"7";"0";"2";"3";"1";"1";""
"201900016053";"138 276 532";"A01";"2";"1";"0";"2";"1";"1";"5";""
"201900016053";"138 276 533";"B01";"1";"7";"0";"9";"1";"15";"1";""
"201900016054";"138 276 530";"A01";"1";"31";"0";"2";"1";"0";"1";""
"201900016054";"138 276 531";"B01";"2";"7";"0";"2";"1";"0";"1";""
"201900016055";"138 276 528";"B01";"1";"7";"0";"2";"8";"1";"1";""
"201900016055";"138 276 529";"A01";"1";"7";"0";"2";"1";"1";"1";""
"201900016056";"138 276 527";"A01";"3";"7";"2";"2";"2";"1";"1";""
"201900016057";"138 276 525";"A01";"3";"7";"0";"2";"7";"1";"0";""
"201900016057";"138 276 526";"B01";"0";"7";"0";"2";"1";"1";"0";""
"201900016058";"138 276 523";"A01";"3";"7";"0";"2";"3";"15";"1";""
"201900016058";"138 276 524";"B01";"1";"7";"0";"2";"2";"1";"1";""
"201900016059";"138 276 522";"A01";"0";"36";"0";"0";"0";"0";"1";""
"201900016060";"138 276 521";"A01";"1";"33";"7";"0";"3";"15";"1";""
"201900016061";"138 276 517";"A01";"2";"7";"3";"0";"9";"2";"1";""
"201900016062";"138 276 515";"A01";"1";"7";"0";"2";"1";"2";"1";""
"201900016062";"138 276 516";"B01";"1";"7";"0";"2";"5";"2";"1";""
"201900016063";"138 276 514";"A01";"1";"2";"8";"0";"1";"1";"1";""
"201900016064";"138 276 511";"C01";"1";"10";"0";"0";"4";"23";"1";""
"201900016064";"138 276 512";"B01";"1";"7";"0";"2";"4";"23";"1";""
"201900016064";"138 276 513";"A01";"1";"7";"0";"2";"1";"1";"1";""
"201900016065";"138 276 510";"A01";"1";"7";"4";"0";"8";"26";"1";""
"201900016066";"138 276 509";"A01";"3";"7";"13";"0";"3";"1";"1";""
"201900016067";"138 276 508";"A01";"3";"1";"0";"0";"0";"26";"5";""
"201900016068";"138 276 506";"B01";"2";"7";"0";"2";"5";"1";"1";""
"201900016068";"138 276 507";"A01";"2";"17";"0";"2";"3";"11";"1";""
"201900016069";"138 276 504";"A01";"0";"33";"0";"2";"3";"17";"1";""
"201900016069";"138 276 505";"B01";"0";"7";"0";"2";"5";"15";"1";""
"201900016070";"138 276 502";"A01";"3";"7";"0";"2";"1";"1";"1";""
"201900016070";"138 276 503";"B01";"3";"7";"0";"2";"1";"1";"1";""
"201900016071";"138 276 500";"A01";"3";"7";"0";"2";"2";"19";"1";""
"201900016071";"138 276 501";"B01";"2";"32";"0";"2";"3";"1";"1";""
"201900016072";"138 276 498";"B01";"1";"7";"17";"2";"3";"1";"1";""
"201900016072";"138 276 499";"A01";"2";"7";"0";"2";"2";"13";"1";""
"201900016073";"138 276 496";"A01";"2";"7";"0";"2";"7";"10";"1";""
"201900016073";"138 276 497";"B01";"1";"7";"0";"2";"1";"1";"1";""
"201900016074";"138 276 495";"A01";"1";"7";"8";"0";"3";"1";"1";""
"201900016075";"138 276 493";"B01";"1";"1";"0";"2";"4";"14";"0";""
"201900016075";"138 276 494";"A01";"1";"7";"0";"2";"2";"17";"1";""
"201900016076";"138 276 491";"A01";"1";"7";"0";"2";"3";"13";"1";""
"201900016076";"138 276 492";"B01";"1";"7";"0";"2";"6";"1";"1";""
"201900016077";"138 276 489";"B01";"3";"7";"0";"2";"7";"19";"0";""
"201900016077";"138 276 490";"A01";"3";"7";"0";"2";"2";"1";"0";""
"201900016078";"138 276 487";"A01";"2";"7";"0";"2";"8";"15";"1";""
"201900016078";"138 276 488";"B01";"2";"7";"0";"2";"8";"17";"1";""
"201900016079";"138 276 485";"A01";"2";"7";"0";"2";"2";"9";"1";""
"201900016079";"138 276 486";"B01";"2";"7";"0";"2";"3";"16";"1";""
"201900016080";"138 276 479";"C01";"2";"10";"0";"2";"3";"1";"1";""
"201900016080";"138 276 480";"B01";"2";"10";"0";"2";"3";"1";"1";""
"201900016080";"138 276 481";"A01";"1";"10";"6";"2";"1";"0";"1";""
"201900016081";"138 276 476";"A01";"2";"7";"0";"2";"3";"5";"1";""
"201900016081";"138 276 477";"B01";"1";"7";"0";"2";"3";"1";"1";""
"201900016081";"138 276 478";"C01";"1";"7";"1";"2";"8";"1";"1";""
"201900016082";"138 276 474";"B01";"2";"7";"0";"2";"3";"1";"0";""
"201900016082";"138 276 475";"A01";"1";"7";"0";"2";"3";"13";"0";""
"201900016083";"138 276 472";"B01";"2";"7";"0";"2";"8";"1";"1";""
"201900016083";"138 276 473";"A01";"1";"33";"0";"2";"8";"17";"1";""
"201900016084";"138 276 470";"B01";"1";"7";"0";"0";"6";"2";"0";""
"201900016084";"138 276 471";"A01";"1";"33";"0";"2";"1";"2";"6";""