"Num_Acc";"id_vehicule";"num_veh";"senc";"catv";"obs";"obsm";"choc";"manv";"motor";"occutc"
"201900016085";"138 276 468";"A01";"2";"7";"0";"2";"3";"17";"1";""
"201900016085";"138 276 469";"B01";"1";"7";"0";"2";"6";"1";"1";""
"201900016086";"138 276 466";"B01";"0";"13";"0";"2";"1";"2";"1";""
"201900016086";"138 276 467";"A01";"0";"7";"0";"2";"4";"2";"1";""
"201900016087";"138 276 465";"A01";"0";"7";"12";"0";"1";"15";"1";""
"201900016088";"138 276 464";"A01";"0";"7";"0";"1";"3";"19";"0";""
"201900016089";"138 276 462";"A01";"1";"33";"0";"2";"3";"9";"1";""
"201900016089";"138 276 463";"B01";"1";"10";"0";"2";"6";"1";"1";""
"201900016090";"138 276 457";"B01";"1";"33";"8";"0";"3";"0";"1";""
"201900016090";"138 276 458";"A01";"1";"7";"0";"2";"2";"16";"1";""
"201900016091";"138 276 454";"B01";"3";"33";"0";"2";"7";"26";"1";""
"201900016091";"138 276 455";"A01";"3";"3";"0";"2";"1";"9";"1";""
"201900016092";"138 276 453";"Z01";"3";"99";"0";"1";"1";"16";"3";""
"201900016093";"138 276 451";"B01";"3";"50";"0";"2";"7";"1";"3";""
"201900016093";"138 276 452";"A01";"3";"7";"0";"6";"2";"9";"0";""
"201900016094";"138 276 450";"A01";"1";"7";"0";"1";"4";"4";"0";""
"201900016095";"138 276 447";"Z01";"1";"3";"0";"2";"1";"2";"1";""
"201900016095";"138 276 448";"B01";"1";"3";"0";"2";"4";"1";"1";""
"201900016095";"138 276 449";"C01";"1";"37";"0";"2";"4";"1";"1";"1"
"201900016096";"138 276 446";"A01";"1";"99";"0";"1";"7";"1";"0";""
"201900016097";"138 276 445";"A01";"1";"7";"0";"1";"1";"11";"1";""
"201900016098";"138 276 443";"A01";"3";"3";"0";"2";"1";"15";"0";""
"201900016098";"138 276 444";"B01";"3";"32";"0";"2";"7";"17";"0";""
"201900016099";"138 276 442";"A01";"1";"7";"0";"1";"2";"1";"1";""
"201900016100";"138 276 440";"B01";"3";"31";"0";"2";"1";"1";"0";""
"201900016100";"138 276 441";"A01";"3";"7";"0";"2";"1";"21";"0";""
"201900016101";"138 276 438";"A01";"2";"7";"0";"2";"1";"1";"1";""
"201900016101";"138 276 439";"B01";"1";"7";"0";"2";"3";"1";"1";""
"201900016102";"138 276 436";"A01";"2";"7";"0";"2";"2";"14";"1";""
"201900016102";"138 276 437";"B01";"2";"7";"0";"2";"8";"9";"1";""
"201900016103";"138 276 433";"A01";"1";"7";"0";"2";"6";"26";"1";""
"201900016103";"138 276 434";"B01";"1";"7";"0";"2";"2";"13";"1";""
"201900016103";"138 276 435";"C01";"1";"33";"0";"2";"7";"26";"1";""
"201900016104";"138 276 432";"A01";"2";"10";"0";"1";"1";"1";"1";""
"201900016105";"138 276 430";"B01";"2";"60";"0";"2";"0";"0";"5";""
"201900016105";"138 276 431";"A01";"2";"7";"0";"6";"3";"1";"1";""
"201900016106";"138 276 428";"Z01";"2";"7";"0";"2";"1";"0";"0";""
"201900016106";"138 276 429";"B01";"3";"1";"0";"2";"8";"1";"0";""
"201900016107";"138 276 427";"A01";"2";"13";"0";"1";"1";"16";"1";""
"201900016108";"138 276 425";"A01";"2";"43";"0";"2";"7";"17";"0";""
"201900016108";"138 276 426";"B01";"2";"13";"0";"2";"3";"2";"0";""
"201900016109";"138 276 423";"A01";"3";"7";"0";"2";"6";"21";"1";""
"201900016109";"138 276 424";"B01";"3";"33";"0";"2";"7";"17";"1";""
"201900016110";"138 276 422";"A01";"3";"7";"0";"1";"4";"26";"0";""
"201900016111";"138 276 420";"B01";"1";"2";"0";"2";"1";"16";"1";""
"201900016111";"138 276 421";"A01";"1";"2";"0";"0";"4";"15";"1";""
"201900016112";"138 276 419";"A01";"2";"2";"0";"0";"0";"1";"1";""
"201900016113";"138 276 417";"B01";"1";"7";"0";"0";"7";"1";"1";""
"201900016113";"138 276 418";"A01";"1";"30";"0";"2";"1";"1";"1";""
"201900016114";"138 276 415";"B01";"2";"38";"0";"2";"1";"1";"1";"2"
"201900016114";"138 276 416";"A01";"1";"33";"0";"2";"9";"17";"1";""
"201900016115";"138 276 414";"A01";"3";"2";"0";"0";"0";"1";"1";""
"201900016116";"138 276 412";"B01";"1";"33";"0";"2";"1";"21";"1";""
"201900016116";"138 276 413";"A01";"0";"7";"0";"2";"6";"15";"2";""
"201900016117";"138 276 410";"A01";"2";"33";"0";"2";"1";"1";"1";""
"201900016117";"138 276 411";"B01";"2";"7";"0";"2";"5";"1";"1";""
"201900016118";"138 276 408";"B01";"2";"1";"0";"2";"1";"1";"5";""
"201900016118";"138 276 409";"A01";"0";"7";"0";"9";"3";"15";"0";""
"201900016119";"138 276 405";"A01";"1";"7";"0";"2";"5";"15";"1";""
"201900016119";"138 276 406";"B01";"1";"7";"0";"2";"3";"1";"1";""
"201900016119";"138 276 407";"C01";"2";"7";"0";"2";"3";"1";"1";""
"201900016120";"138 276 404";"A01";"2";"7";"13";"0";"0";"14";"1";""
"201900016121";"138 276 403";"A01";"2";"7";"15";"0";"1";"1";"1";""
"201900016122";"138 276 402";"A01";"0";"7";"6";"0";"8";"1";"1";""
"201900016123";"138 276 401";"A01";"1";"2";"0";"0";"0";"1";"1";""
"201900016124";"138 276 398";"C01";"2";"7";"0";"2";"1";"1";"1";""
"201900016124";"138 276 399";"B01";"2";"10";"0";"2";"1";"1";"1";""
"201900016124";"138 276 400";"A01";"1";"7";"0";"2";"1";"13";"1";""
"201900016125";"138 276 397";"A01";"3";"7";"0";"1";"2";"1";"1";""
"201900016126";"138 276 396";"A01";"0";"7";"13";"0";"2";"14";"0";""
"201900016127";"138 276 394";"A01";"2";"7";"0";"2";"5";"15";"1";""
"201900016127";"138 276 395";"B01";"2";"33";"0";"2";"3";"17";"1";""
"201900016128";"138 276 392";"B01";"1";"33";"0";"2";"1";"1";"1";""
"201900016128";"138 276 393";"A01";"1";"7";"0";"2";"3";"15";"1";""
"201900016129";"138 276 391";"A01";"2";"7";"17";"0";"3";"1";"1";""
"201900016130";"138 276 389";"B01";"1";"33";"0";"2";"1";"1";"1";""
"201900016130";"138 276 390";"A01";"2";"10";"0";"2";"7";"15";"1";""
"201900016131";"138 276 387";"B01";"2";"7";"0";"2";"1";"1";"1";""
"201900016131";"138 276 388";"A01";"1";"7";"0";"2";"1";"13";"1";""
"201900016132";"138 276 385";"A01";"2";"10";"0";"2";"1";"16";"1";""
"201900016132";"138 276 386";"A01";"1";"7";"0";"2";"2";"1";"1";""
"201900016133";"138 276 384";"A01";"3";"1";"0";"0";"2";"1";"5";""
"201900016134";"138 276 383";"A01";"1";"34";"13";"0";"1";"1";"1";""
"201900016135";"138 276 381";"A01";"2";"31";"0";"2";"1";"1";"1";""
"201900016135";"138 276 382";"B01";"1";"7";"0";"2";"2";"15";"1";""
"201900016136";"138 276 380";"A01";"1";"33";"8";"0";"2";"1";"1";""
"201900016137";"138 276 377";"A01";"2";"33";"13";"0";"7";"18";"1";""
"201900016138";"138 276 376";"A01";"1";"7";"13";"0";"7";"1";"1";""
"201900016139";"138 276 375";"A01";"1";"7";"2";"0";"2";"1";"1";""
"201900016140";"138 276 374";"A01";"3";"0";"0";"1";"2";"1";"0";""
"201900016141";"138 276 372";"B01";"3";"1";"0";"0";"4";"2";"5";""
"201900016141";"138 276 373";"A01";"3";"7";"0";"2";"2";"2";"1";""
"201900016142";"138 276 370";"A01";"1";"7";"0";"2";"2";"15";"1";""
"201900016142";"138 276 371";"B01";"2";"1";"0";"2";"1";"1";"5";""
"201900016143";"138 276 365";"A01";"2";"30";"12";"0";"1";"1";"6";""
"201900016144";"138 276 364";"A01";"1";"7";"14";"0";"3";"13";"1";""
"201900016145";"138 276 362";"B01";"2";"10";"0";"2";"1";"1";"1";""
"201900016145";"138 276 363";"A01";"1";"7";"0";"2";"1";"17";"1";""
"201900016146";"138 276 359";"C01";"2";"99";"0";"0";"4";"1";"0";""
"201900016146";"138 276 360";"B01";"2";"17";"0";"0";"4";"1";"0";""
"201900016146";"138 276 361";"A01";"2";"7";"0";"2";"1";"1";"0";""
"201900016147";"138 276 354";"E01";"1";"7";"0";"2";"4";"2";"0";""
"201900016147";"138 276 355";"D01";"1";"7";"0";"2";"4";"2";"0";""
"201900016147";"138 276 356";"C01";"1";"7";"0";"2";"4";"2";"0";""
"201900016147";"138 276 357";"B01";"1";"7";"0";"2";"4";"2";"0";""
"201900016147";"138 276 358";"A01";"1";"7";"0";"2";"1";"2";"0";""
"201900016148";"138 276 353";"A01";"1";"7";"4";"0";"1";"21";"1";""
"201900016149";"138 276 350";"B01";"2";"1";"0";"2";"4";"0";"5";""
"201900016149";"138 276 351";"A01";"2";"7";"0";"9";"2";"1";"1";""
"201900016150";"138 276 349";"A01";"2";"3";"0";"1";"3";"1";"1";""
"201900016151";"138 276 348";"A01";"2";"7";"2";"0";"2";"14";"1";""
"201900016152";"138 276 347";"A01";"2";"7";"0";"0";"1";"1";"1";""
"201900016153";"138 276 346";"A01";"1";"7";"13";"0";"3";"1";"1";""
"201900016154";"138 276 343";"A01";"0";"2";"0";"2";"2";"9";"1";""
"201900016154";"138 276 344";"B01";"1";"7";"0";"2";"3";"1";"1";""
"201900016154";"138 276 345";"C01";"1";"7";"0";"2";"3";"1";"1";""
"201900016155";"138 276 341";"B01";"2";"10";"0";"0";"8";"1";"1";""
"201900016155";"138 276 342";"A01";"2";"99";"0";"2";"1";"0";"0";""
"201900016156";"138 276 339";"A01";"3";"3";"0";"0";"2";"1";"0";""
"201900016157";"138 276 337";"B01";"2";"17";"0";"2";"7";"17";"1";""
"201900016157";"138 276 338";"A01";"2";"7";"0";"2";"1";"1";"1";""
"201900016158";"138 276 336";"A01";"3";"1";"0";"0";"1";"0";"5";""
"201900016159";"138 276 334";"B01";"3";"7";"0";"2";"3";"15";"1";""
"201900016159";"138 276 335";"A01";"3";"1";"0";"2";"2";"1";"5";""
"201900016160";"138 276 332";"A01";"2";"7";"0";"2";"3";"1";"1";""
"201900016160";"138 276 333";"B01";"2";"1";"0";"2";"7";"6";"5";""
"201900016161";"138 276 329";"C01";"1";"7";"0";"2";"4";"23";"1";""
"201900016161";"138 276 330";"B01";"1";"7";"1";"2";"4";"2";"1";""
"201900016161";"138 276 331";"A01";"1";"7";"1";"2";"1";"2";"1";""
"201900016162";"138 276 327";"A01";"1";"33";"0";"2";"1";"17";"1";""
"201900016162";"138 276 328";"B01";"1";"30";"0";"2";"8";"15";"1";""
"201900016163";"138 276 325";"B01";"2";"7";"0";"0";"4";"23";"1";""
"201900016163";"138 276 326";"A01";"2";"32";"14";"0";"1";"2";"1";""
"201900016164";"138 276 324";"A01";"2";"33";"8";"0";"1";"2";"6";""
"201900016165";"138 276 322";"A01";"1";"7";"0";"2";"3";"1";"1";""
"201900016165";"138 276 323";"B01";"2";"7";"0";"2";"6";"1";"1";""
"201900016166";"138 276 320";"A01";"2";"7";"0";"2";"1";"2";"5";""
"201900016166";"138 276 321";"B01";"2";"7";"0";"2";"4";"2";"1";""
"201900016167";"138 276 319";"A01";"1";"7";"7";"0";"1";"1";"1";""
"201900016168";"138 276 317";"B01";"1";"1";"0";"2";"4";"1";"5";""
"201900016168";"138 276 318";"A01";"1";"7";"0";"6";"1";"9";"1";""
"201900016169";"138 276 315";"A01";"1";"33";"0";"2";"1";"12";"1";""
"201900016169";"138 276 316";"B01";"1";"7";"0";"2";"4";"23";"1";""
"201900016170";"138 276 314";"A01";"2";"33";"0";"6";"1";"17";"1";""
"201900016171";"138 276 313";"A01";"1";"33";"0";"0";"8";"3";"1";""
"201900016172";"138 276 311";"B01";"2";"7";"0";"0";"4";"2";"1";""
"201900016172";"138 276 312";"A01";"2";"7";"0";"2";"1";"1";"1";""
"201900016173";"138 276 309";"B01";"2";"7";"0";"2";"6";"2";"1";""
"201900016173";"138 276 310";"A01";"2";"17";"0";"2";"2";"2";"1";""
"201900016174";"138 276 307";"A01";"1";"7";"0";"2";"4";"2";"1";""
"201900016174";"138 276 308";"B01";"1";"7";"0";"2";"1";"2";"1";""
"201900016175";"138 276 304";"C01";"2";"7";"0";"2";"6";"1";"1";""
"201900016175";"138 276 305";"B01";"2";"33";"0";"2";"1";"1";"1";""
"201900016175";"138 276 306";"A01";"2";"7";"0";"2";"8";"0";"1";""
"201900016176";"138 276 303";"A01";"2";"7";"12";"0";"7";"12";"1";""
"201900016177";"138 276 301";"B01";"2";"15";"0";"2";"4";"1";"1";""
"201900016177";"138 276 302";"A01";"2";"10";"0";"2";"1";"1";"1";""
"201900016178";"138 276 300";"A01";"2";"7";"3";"0";"1";"2";"1";""
"201900016179";"138 276 297";"A01";"2";"7";"0";"2";"1";"2";"1";""
"201900016179";"138 276 298";"C01";"2";"10";"0";"2";"4";"2";"1";""
"201900016179";"138 276 299";"B01";"2";"7";"0";"2";"4";"2";"1";""
"201900016180";"138 276 294";"A01";"3";"99";"5";"2";"8";"17";"0";""
"201900016180";"138 276 295";"B01";"3";"99";"0";"2";"3";"1";"0";""
"201900016181";"138 276 293";"A01";"1";"7";"3";"0";"7";"1";"1";""
"201900016182";"138 276 289";"A01";"0";"1";"8";"0";"0";"1";"5";""
"201900016183";"138 276 287";"B01";"0";"7";"0";"0";"0";"15";"1";""
"201900016183";"138 276 288";"A01";"0";"32";"0";"2";"0";"15";"1";""
"201900016184";"138 276 285";"A01";"1";"7";"0";"2";"2";"16";"1";""
"201900016184";"138 276 286";"B01";"1";"7";"0";"2";"3";"16";"1";""
"201900016185";"138 276 284";"A01";"1";"7";"0";"1";"1";"1";"1";""
"201900016186";"138 276 283";"A01";"2";"37";"0";"1";"5";"16";"1";"1"
"201900016187";"138 276 281";"B01";"2";"2";"0";"2";"8";"1";"1";""
"201900016187";"138 276 282";"A01";"1";"7";"14";"0";"3";"1";"1";""
"201900016188";"138 276 280";"A01";"1";"30";"0";"1";"1";"0";"1";""
"201900016189";"138 276 278";"A01";"1";"31";"0";"2";"2";"17";"1";""
"201900016189";"138 276 279";"B01";"1";"10";"0";"0";"3";"11";"0";""
"201900016190";"138 276 276";"B01";"2";"33";"0";"2";"6";"3";"1";""
"201900016190";"138 276 277";"A01";"2";"7";"0";"2";"7";"1";"1";""
"201900016191";"138 276 274";"A01";"3";"10";"0";"2";"1";"13";"1";""
"201900016191";"138 276 275";"B01";"3";"7";"0";"2";"1";"1";"1";""
"201900016192";"138 276 273";"A01";"1";"30";"14";"6";"2";"21";"6";""
"201900016193";"138 276 272";"A01";"2";"7";"14";"1";"3";"19";"6";""
"201900016194";"138 276 268";"A01";"3";"7";"0";"2";"6";"16";"1";""
"201900016194";"138 276 269";"B01";"3";"2";"0";"2";"7";"16";"1";""
"201900016195";"138 276 267";"A01";"1";"1";"0";"0";"1";"0";"5";""
"201900016196";"138 276 265";"B01";"2";"50";"0";"0";"0";"7";"3";""
"201900016196";"138 276 266";"A01";"1";"7";"0";"0";"0";"15";"1";""
"201900016197";"138 276 263";"C01";"3";"0";"0";"2";"0";"0";" -1";""
"201900016197";"138 276 264";"B01";"3";"37";"0";"2";"3";"1";"1";"1"
"201900016198";"138 276 261";"B01";"1";"7";"0";"2";"8";"1";"1";""
"201900016198";"138 276 262";"A01";"1";"50";"0";"2";"1";"19";"3";""
"201900016199";"138 276 259";"A01";"1";"2";"0";"2";"0";"8";"6";""
"201900016199";"138 276 260";"B01";"2";"7";"0";"2";"7";"15";"0";""
"201900016200";"138 276 257";"B01";"1";"7";"0";"2";"1";"1";"1";""
"201900016200";"138 276 258";"A01";"1";"7";"0";"2";"6";"1";"1";""
"201900016201";"138 276 255";"A01";"1";"30";"0";"0";"1";"25";"1";""
"201900016202";"138 276 254";"A01";"1";"7";"0";"1";"1";"26";"1";""
"201900016203";"138 276 252";"B01";"1";"33";"0";"2";"1";"1";"1";""
"201900016203";"138 276 253";"A01";"1";"7";"0";"2";"3";"10";"1";""
"201900016204";"138 276 250";"A01";"3";"7";"12";"0";"9";"16";"1";""
"201900016205";"138 276 248";"B01";"0";"7";"0";"2";"2";"1";"1";""
"201900016205";"138 276 249";"A01";"0";"7";"0";"2";"3";"1";"1";""
"201900016206";"138 276 246";"A01";"2";"7";"0";"2";"1";"15";"1";""
"201900016206";"138 276 247";"B01";"1";"31";"0";"2";"1";"1";"1";""
"201900016207";"138 276 244";"Z01";"2";"7";"0";"2";"1";"1";"0";""
"201900016207";"138 276 245";"A01";"1";"3";"0";"2";"1";"13";"1";""
"201900016208";"138 276 242";"A01";"2";"7";"0";"2";"3";"1";"1";""
"201900016208";"138 276 243";"B01";"1";"10";"0";"2";"2";"1";"1";""
"201900016209";"138 276 240";"A01";"3";"7";"0";"2";"2";"15";"1";""
"201900016209";"138 276 241";"B01";"3";"33";"0";"2";"1";"1";"1";""
"201900016210";"138 276 239";"A01";"1";"34";"0";"1";"3";"21";"1";""
"201900016211";"138 276 232";"A01";"1";"31";"4";"0";"1";"0";"1";""
"201900016212";"138 276 230";"A01";"0";"7";"0";"2";"1";"1";"1";""
"201900016212";"138 276 231";"B01";"0";"33";"0";"2";"7";"1";"1";""
"201900016213";"138 276 226";"A01";"1";"7";"0";"0";"2";"2";"1";""
"201900016213";"138 276 227";"B01";"1";"2";"0";"0";"6";"2";"3";""
"201900016214";"138 276 220";"A01";"2";"7";"0";"2";"1";"1";"1";""
"201900016214";"138 276 221";"B01";"2";"7";"0";"2";"4";"23";"1";""
"201900016214";"138 276 222";"C01";"2";"7";"0";"2";"2";"23";"1";""
"201900016214";"138 276 223";"D01";"2";"7";"0";"2";"1";"1";"1";""
"201900016215";"138 276 216";"B01";"1";"7";"0";"2";"1";"1";"1";""
"201900016215";"138 276 217";"A01";"3";"50";"0";"2";"8";"19";"3";""
"201900016216";"138 276 215";"A01";"0";"7";"6";"0";"1";"14";"1";""
"201900016217";"138 276 214";"A01";"0";"7";"8";"0";"2";"14";"1";""
"201900016218";"138 276 213";"A01";"2";"7";"4";"0";"3";"13";"1";""
"201900016219";"138 276 211";"A01";"2";"7";"0";"2";"1";"2";"1";""
"201900016219";"138 276 212";"B01";"2";"7";"0";"2";"6";"2";"1";""
"201900016220";"138 276 208";"A01";"1";"7";"0";"2";"1";"2";"1";""
"201900016220";"138 276 209";"B01";"1";"7";"0";"2";"4";"2";"1";""
"201900016220";"138 276 210";"C01";"1";"7";"0";"2";"4";"2";"1";""
"201900016221";"138 276 207";"A01";"3";"7";"0";"1";"1";"1";"1";""
"201900016222";"138 276 205";"A01";"3";"7";"0";"2";"1";"0";"1";""
"201900016222";"138 276 206";"B01";"3";"7";"0";"2";"3";"0";"1";""
"201900016223";"138 276 202";"A01";"1";"7";"0";"2";"2";"15";"1";""
"201900016223";"138 276 203";"B01";"2";"1";"0";"2";"0";"1";"5";""
"201900016224";"138 276 200";"B01";"2";"1";"0";"2";"1";"19";"5";""
"201900016224";"138 276 201";"Z01";"1";"7";"0";"2";"1";"16";"1";""
"201900016225";"138 276 198";"B01";"1";"7";"0";"2";"1";"1";"1";""
"201900016225";"138 276 199";"A01";"1";"31";"0";"2";"8";"16";"1";""
"201900016226";"138 276 196";"B01";"2";"1";"0";"2";"1";"1";"5";""
"201900016226";"138 276 197";"A01";"1";"7";"0";"2";"1";"16";"1";""
"201900016227";"138 276 195";"A01";"1";"7";"0";"1";"1";"1";"1";""
"201900016228";"138 276 193";"A01";"1";"7";"0";"2";"7";"16";"1";""
"201900016228";"138 276 194";"B01";"2";"1";"0";"2";"8";"1";"5";""
"201900016229";"138 276 191";"B01";"2";"7";"0";"2";"6";"13";"0";""
"201900016229";"138 276 192";"A01";"2";"31";"0";"2";"7";"11";"1";""
"201900016230";"138 276 190";"A01";"1";"7";"0";"1";"1";"15";"1";""
"201900016231";"138 276 189";"A01";"0";"2";"8";"0";"1";"26";"1";""
"201900016232";"138 276 187";"B01";"1";"1";"0";"2";"1";"1";"5";""
"201900016232";"138 276 188";"A01";"2";"7";"0";"2";"3";"15";"1";""
"201900016233";"138 276 183";"B01";"3";"10";"0";"2";"1";"1";"1";""
"201900016233";"138 276 184";"A01";"0";"10";"0";"2";"2";"15";"1";""
"201900016234";"138 276 182";"A01";"1";"7";"0";"1";"7";"1";"1";""
"201900016235";"138 276 181";"A01";"2";"7";"0";"1";"3";"16";"1";""
"201900016236";"138 276 179";"A01";"2";"7";"0";"2";"1";"2";"1";""
"201900016236";"138 276 180";"B01";"2";"7";"0";"0";"0";"0";"1";""
"201900016237";"138 276 177";"A01";"2";"10";"0";"2";"3";"1";"1";""
"201900016237";"138 276 178";"B01";"1";"2";"0";"2";"1";"1";"2";""
"201900016238";"138 276 176";"A01";"1";"7";"13";"0";"1";"1";"1";""
"201900016239";"138 276 174";"B01";"1";"60";"0";"2";"1";"19";"5";""
"201900016239";"138 276 175";"A01";"1";"7";"0";"2";"2";"1";"0";""
"201900016240";"138 276 173";"A01";"1";"1";"0";"0";"0";"1";"5";""
"201900016241";"138 276 172";"A01";"1";"1";"0";"1";"7";"25";"5";""
"201900016242";"138 276 171";"A01";"2";"50";"8";"0";"1";"1";"3";""
"201900016243";"138 276 170";"A01";"1";"2";"12";"0";"2";"1";"0";""
"201900016244";"138 276 169";"A01";"1";"7";"1";"0";"2";"20";"0";""
"201900016245";"138 276 167";"A01";"1";"7";"0";"2";"1";"1";"0";""
"201900016245";"138 276 168";"B01";"2";"1";"0";"2";"1";"5";"5";""
"201900016246";"138 276 166";"A01";"2";"2";"1";"0";"1";"18";"1";""
"201900016247";"138 276 164";"A01";"2";"7";"0";"2";"1";"15";"1";""
"201900016247";"138 276 165";"B01";"1";"32";"0";"2";"1";"1";"1";""
"201900016248";"138 276 163";"A01";"2";"7";"0";"1";"1";"1";"1";""
"201900016249";"138 276 162";"Z01";"0";"7";"0";"1";"0";"1";"0";""
"201900016250";"138 276 161";"A01";"1";"7";"0";"1";"7";"1";"1";""
"201900016251";"138 276 160";"A01";"1";"7";"0";"1";"7";"1";"1";""
"201900016252";"138 276 158";"A01";"1";"7";"0";"2";"1";"1";"1";""
"201900016252";"138 276 159";"B01";"1";"7";"0";"2";"4";"1";"1";""
"201900016253";"138 276 156";"A01";"2";"7";"0";"2";"1";"2";"1";""
"201900016253";"138 276 157";"B01";"2";"38";"0";"2";"4";"1";"1";"1"
"201900016254";"138 276 153";"A01";"2";"33";"0";"2";"0";"12";"1";""
"201900016254";"138 276 154";"B01";"1";"7";"0";"2";"3";"9";"1";""
"201900016254";"138 276 155";"C01";"1";"7";"0";"2";"1";"23";"1";""
"201900016255";"138 276 150";"A01";"2";"10";"0";"2";"1";"1";"1";""
"201900016255";"138 276 151";"B01";"2";"7";"0";"2";"4";"1";"1";""
"201900016255";"138 276 152";"C01";"2";"7";"0";"2";"4";"1";"1";""
"201900016256";"138 276 148";"A01";"1";"7";"0";"2";"1";"1";"1";""
"201900016256";"138 276 149";"B01";"1";"33";"0";"2";"4";"1";"1";""
"201900016257";"138 276 146";"B01";"1";"33";"0";"2";"1";"1";"1";""
"201900016257";"138 276 147";"A01";"2";"7";"0";"2";"7";"15";"1";""
"201900016258";"138 276 144";"A01";"3";"7";"0";"6";"8";"10";"1";""
"201900016258";"138 276 145";"B01";"1";"33";"0";"2";"1";"1";"1";""
"201900016259";"138 276 142";"A01";"0";"7";"0";"2";"2";"15";"1";""
"201900016259";"138 276 143";"B01";"0";"7";"0";"2";"1";"1";"1";""
"201900016260";"138 276 140";"B01";"0";"7";"0";"2";"5";"1";"1";""
"201900016260";"138 276 141";"A01";"0";"7";"0";"2";"1";"1";"1";""
"201900016261";"138 276 139";"A01";"2";"7";"1";"0";"2";"14";"1";""
"201900016262";"138 276 135";"A01";"1";"7";"0";"2";"0";"14";"1";""
"201900016262";"138 276 136";"B01";"1";"1";"0";"2";"8";"1";"5";""
"201900016263";"138 276 133";"B01";"0";"7";"0";"2";"1";"1";"1";""
"201900016263";"138 276 134";"A01";"1";"7";"0";"2";"3";"19";"1";""
"201900016264";"138 276 130";"C01";"1";"7";"0";"2";"5";"2";"1";""
"201900016264";"138 276 131";"B01";"1";"7";"0";"2";"4";"2";"1";""
"201900016264";"138 276 132";"A01";"1";"7";"0";"6";"4";"21";"1";""
"201900016265";"138 276 128";"A01";"2";"33";"0";"0";"0";"17";"1";""
"201900016266";"138 276 120";"B01";"3";"7";"0";"2";"8";"0";"1";""
"201900016266";"138 276 121";"A01";"3";"7";"0";"2";"3";"15";"1";""
"201900016267";"138 276 095";"A01";"3";"7";"0";"2";"3";"9";"1";""
"201900016267";"138 276 096";"B01";"3";"17";"0";"2";"1";"1";"1";""
"201900016268";"138 276 094";"A01";"2";"7";"6";"0";"3";"26";"1";""
"201900016269";"138 276 093";"A01";"1";"7";"0";"1";"5";"26";"1";""
"201900016270";"138 276 091";"A01";"2";"10";"0";"2";"1";"2";"1";""
"201900016270";"138 276 092";"B01";"2";"7";"0";"2";"4";"23";"1";""
"201900016271";"138 276 090";"A01";"1";"7";"0";"1";"1";"1";"1";""
"201900016272";"138 276 089";"A01";"1";"32";"0";"0";"7";"1";"1";""
"201900016273";"138 276 087";"B01";"1";"7";"0";"2";"7";"26";"1";""
"201900016273";"138 276 088";"A01";"1";"2";"0";"2";"1";"1";"1";""
"201900016274";"138 276 085";"A01";"1";"7";"0";"2";"3";"15";"1";""
"201900016274";"138 276 086";"B01";"1";"37";"0";"2";"3";"1";"1";"1"
"201900016275";"138 276 083";"B01";"1";"7";"0";"2";"3";"1";"0";""
"201900016275";"138 276 084";"A01";"1";"7";"0";"2";"2";"1";"1";""
"201900016276";"138 276 082";"A01";"1";"37";"0";"1";"1";"1";"1";"1"
"201900016277";"138 276 081";"A01";"3";"10";"0";"1";"2";"9";"1";""
"201900016278";"138 276 080";"A01";"3";"7";"7";"0";"1";"13";"1";""
"201900016279";"138 276 063";"A01";"2";"7";"0";"2";"3";"9";"1";""
"201900016279";"138 276 064";"B01";"2";"80";"0";"2";"7";"1";"3";""
"201900016280";"138 276 062";"A01";"3";"7";"0";"1";"3";"13";"1";""
"201900016281";"138 276 060";"B01";"1";"7";"0";"2";"8";"10";"1";""
"201900016281";"138 276 061";"A01";"2";"33";"0";"2";"1";"1";"1";""
"201900016282";"138 276 058";"A01";"1";"35";"1";"2";"7";"2";"1";""
"201900016282";"138 276 059";"B01";"1";"7";"1";"0";"8";"0";"1";""
"201900016283";"138 276 056";"A01";"1";"7";"1";"2";"7";"10";"1";""
"201900016283";"138 276 057";"B01";"1";"31";"14";"2";"2";"2";"1";""
"201900016284";"138 276 051";"B01";"0";"2";"0";"2";"1";"1";"1";""
"201900016284";"138 276 052";"C01";"0";"7";"0";"2";"7";"24";"1";""
"201900016284";"138 276 053";"A01";"0";"7";"0";"2";"5";"15";"1";""
"201900016285";"138 276 049";"A01";"0";"7";"0";"2";"1";"2";"1";""
"201900016285";"138 276 050";"B01";"0";"7";"1";"2";"1";"2";"1";""
"201900016286";"138 276 044";"A01";"3";"7";"9";"1";"5";"1";"0";""
"201900016287";"138 276 036";"A01";"1";"7";"0";"2";"1";"2";"1";""
"201900016287";"138 276 037";"B01";"1";"7";"0";"2";"4";"2";"1";""
"201900016288";"138 276 034";"A01";"2";"7";"0";"2";"1";"15";"0";""
"201900016288";"138 276 035";"B01";"2";"1";"0";"2";"7";"1";"5";""
"201900016289";"138 276 033";"A01";"1";"1";"0";"0";"1";"1";"5";""
"201900016290";"138 276 032";"A01";"1";"7";"0";"1";"1";"1";"1";""
"201900016291";"138 276 030";"A01";"1";"20";"0";"2";"3";"0";"1";""
"201900016291";"138 276 031";"B01";"1";"7";"0";"2";"9";"11";"1";""
"201900016292";"138 276 029";"A01";"1";"30";"0";"0";"0";"0";"1";""