"Num_Acc";"id_vehicule";"num_veh";"senc";"catv";"obs";"obsm";"choc";"manv";"motor";"occutc"
"201900016293";"138 276 028";"A01";"1";"1";"0";"0";"0";"26";"5";""
"201900016294";"138 276 025";"A01";"0";"7";"0";"1";"5";"26";"1";""
"201900016295";"138 276 024";"A01";"3";"7";"6";"0";"1";"14";"0";""
"201900016296";"138 276 020";"A01";"3";"1";"0";"0";"1";"1";"5";""
"201900016297";"138 276 019";"A01";"1";"15";"0";"1";"7";"1";"1";""
"201900016298";"138 276 017";"A01";"3";"7";"0";"2";"3";"1";"1";""
"201900016298";"138 276 018";"B01";"3";"7";"0";"2";"3";"1";"1";""
"201900016299";"138 276 015";"A01";"3";"10";"0";"2";"2";"1";"1";""
"201900016299";"138 276 016";"B01";"3";"7";"0";"2";"3";"1";"1";""
"201900016300";"138 276 014";"A01";"1";"34";"0";"1";"1";"1";"1";""
"201900016301";"138 276 011";"A01";"2";"30";"0";"2";"1";"1";"1";""
"201900016301";"138 276 012";"B01";"1";"7";"0";"2";"3";"15";"0";""
"201900016302";"138 276 010";"A01";"2";"7";"0";"1";"2";"1";"1";""
"201900016303";"138 276 009";"A01";"0";"7";"0";"1";"1";"1";"1";""
"201900016304";"138 276 002";"A01";"2";"7";"0";"2";"7";"23";"1";""
"201900016304";"138 276 003";"B01";"2";"1";"1";"0";"1";"1";"0";""
"201900016305";"138 276 001";"A01";"1";"7";"0";"1";"2";"1";"1";""
"201900016306";"138 275 999";"A01";"1";"7";"0";"2";"2";"15";"1";""
"201900016306";"138 276 000";"B01";"1";"31";"0";"2";"1";"1";"1";""
"201900016307";"138 275 997";"A01";"1";"10";"0";"2";"3";"2";"1";""
"201900016307";"138 275 998";"B01";"0";"7";"0";"2";"1";"2";"1";""
"201900016308";"138 275 996";"A01";"2";"7";"0";"1";"2";"9";"1";""
"201900016309";"138 275 995";"A01";"1";"7";"5";"0";"3";"1";"1";""
"201900016310";"138 275 993";"B01";"2";"7";"0";"2";"6";"15";"1";""
"201900016310";"138 275 994";"A01";"2";"33";"0";"2";"1";"1";"1";""
"201900016311";"138 275 984";"B01";"1";"10";"0";"2";"1";"19";"1";""
"201900016311";"138 275 985";"A01";"1";"7";"0";"2";"2";"19";"1";""
"201900016312";"138 275 981";"A01";"2";"7";"0";"2";"4";"2";"1";""
"201900016312";"138 275 982";"C01";"2";"7";"0";"2";"1";"2";"1";""
"201900016312";"138 275 983";"B01";"2";"7";"0";"0";"9";"2";"1";""
"201900016313";"138 275 979";"A01";"1";"7";"0";"2";"3";"13";"1";""
"201900016313";"138 275 980";"B01";"2";"10";"0";"2";"3";"26";"1";""
"201900016314";"138 275 975";"D01";"2";"7";"0";"2";"5";"1";"1";""
"201900016314";"138 275 976";"B01";"2";"7";"0";"2";"5";"23";"1";""
"201900016314";"138 275 977";"C01";"2";"17";"0";"2";"1";"1";"0";""
"201900016314";"138 275 978";"A01";"2";"7";"0";"0";"0";"0";"1";""
"201900016315";"138 275 973";"B01";"2";"99";"0";"2";"0";"19";"3";""
"201900016315";"138 275 974";"A01";"2";"7";"0";"2";"0";"1";"1";""
"201900016316";"138 275 971";"B01";"3";"3";"0";"2";"8";"1";"1";""
"201900016316";"138 275 972";"A01";"3";"3";"0";"2";"1";"1";"1";""
"201900016317";"138 275 969";"A01";"1";"10";"0";"2";"1";"1";"1";""
"201900016317";"138 275 970";"B01";"2";"7";"0";"2";"8";"15";"1";""
"201900016318";"138 275 967";"B01";"2";"7";"0";"2";"3";"15";"0";""
"201900016318";"138 275 968";"A01";"1";"37";"0";"2";"2";"1";"0";"1"
"201900016319";"138 275 965";"A01";"1";"7";"0";"2";"3";"1";"1";""
"201900016319";"138 275 966";"B01";"1";"32";"0";"2";"7";"1";"1";""
"201900016320";"138 275 963";"B01";"1";"7";"0";"2";"6";"2";"0";""
"201900016320";"138 275 964";"A01";"1";"34";"0";"2";"6";"2";"0";""
"201900016321";"138 275 962";"A01";"0";"31";"0";"0";"8";"26";"1";""
"201900016322";"138 275 960";"A01";"1";"7";"0";"2";"0";"1";"0";""
"201900016322";"138 275 961";"B01";"1";"7";"0";"2";"0";"0";"1";""
"201900016323";"138 275 958";"A01";"0";"7";"0";"2";"2";"2";"1";""
"201900016323";"138 275 959";"B01";"0";"32";"0";"2";"1";"2";"1";""
"201900016324";"138 275 956";"A01";"3";"7";"0";"2";"1";"1";"1";""
"201900016324";"138 275 957";"B01";"3";"7";"0";"2";"3";"15";"1";""
"201900016325";"138 275 954";"A01";"1";"7";"0";"2";"4";"21";"1";""
"201900016325";"138 275 955";"B01";"1";"7";"0";"2";"1";"2";"1";""
"201900016326";"138 275 952";"B01";"2";"7";"0";"0";"5";"2";"1";""
"201900016326";"138 275 953";"A01";"2";"2";"0";"2";"1";"26";"1";""
"201900016327";"138 275 950";"A01";"3";"7";"0";"6";"1";"1";"1";""
"201900016327";"138 275 951";"B01";"3";"7";"0";"2";"4";"1";"1";""
"201900016328";"138 275 949";"A01";"3";"7";"4";"0";"1";"1";"1";""
"201900016329";"138 275 948";"A01";"3";"7";"0";"1";"2";"9";"1";""
"201900016330";"138 275 946";"A01";"3";"7";"0";"2";"7";"17";"1";""
"201900016330";"138 275 947";"B01";"3";"1";"0";"2";"8";"2";"5";""
"201900016331";"138 275 944";"A01";"3";"1";"0";"2";"1";"15";"5";""
"201900016331";"138 275 945";"B01";"3";"7";"0";"2";"3";"2";"1";""
"201900016332";"138 275 943";"A01";"1";"33";"0";"0";"7";"1";"1";""
"201900016333";"138 275 941";"C01";" -1";"7";" -1";" -1";" -1";" -1";" -1";""
"201900016333";"138 275 942";"D01";" -1";"7";" -1";" -1";" -1";" -1";" -1";""
"201900016334";"138 275 936";"B01";"3";"1";"0";"2";"7";"1";"5";""
"201900016334";"138 275 937";"A01";"3";"7";"0";"2";"1";"9";"1";""
"201900016335";"138 275 934";"B01";"2";"10";"0";"1";"3";"1";"6";""
"201900016335";"138 275 935";"A01";"2";"33";"0";"1";"1";"1";"6";""
"201900016336";"138 275 933";"A01";"1";"13";"0";"1";"1";"1";"6";""
"201900016337";"138 275 931";"A01";"1";"35";"0";"2";"8";"1";"0";""
"201900016337";"138 275 932";"B01";"1";"7";"0";"2";"7";"0";"0";""
"201900016338";"138 275 927";"D01";"3";"7";"0";"2";"5";"1";"1";""
"201900016338";"138 275 928";"B01";"3";"7";"0";"2";"3";"1";"1";""
"201900016338";"138 275 929";"C01";"3";"10";"0";"2";"8";"1";"0";""
"201900016338";"138 275 930";"A01";"3";"32";"0";"1";"1";"3";"1";""
"201900016339";"138 275 925";"B01";"3";"37";"0";"2";"3";"1";"0";"1"
"201900016339";"138 275 926";"A01";"3";"7";"0";"2";"3";"1";"1";""
"201900016340";"138 275 924";"A01";"2";"32";"0";"1";"1";"17";"1";""
"201900016341";"138 275 923";"A01";"1";"7";"1";"0";"2";"5";"1";""
"201900016342";"138 275 921";"A01";"2";"33";"0";"2";"7";"23";"1";""
"201900016342";"138 275 922";"B01";"2";"7";"0";"2";"7";"0";"0";""
"201900016343";"138 275 919";"B01";"2";"34";"0";"2";"0";"0";"1";""
"201900016343";"138 275 920";"A01";"2";"7";"0";"2";"0";"0";"1";""
"201900016344";"138 275 918";"A01";"2";"7";"0";"1";"1";"15";"0";""
"201900016345";"138 275 917";"A01";"2";"10";"1";"1";"2";"1";"1";""
"201900016346";"138 275 916";"A01";"3";"7";"0";"1";"3";"1";"1";""
"201900016347";"138 275 914";"A01";"1";"7";"0";"2";"2";"9";"0";""
"201900016347";"138 275 915";"B01";"1";"32";"0";"2";"7";"0";"0";""
"201900016348";"138 275 912";"A01";"3";"30";"0";"2";"8";"1";"1";""
"201900016348";"138 275 913";"B01";"3";"7";"0";"2";"6";"26";"1";""
"201900016349";"138 275 910";"A01";"1";"7";"0";"2";"1";"1";"1";""
"201900016349";"138 275 911";"B01";"1";"7";"15";"2";"8";"1";"1";""
"201900016350";"138 275 908";"B01";"1";"32";"0";"2";"1";"2";"1";""
"201900016350";"138 275 909";"A01";"1";"7";"0";"2";"5";"23";"1";""
"201900016351";"138 275 906";"B01";"2";"7";"0";"2";"5";"1";"0";""
"201900016351";"138 275 907";"A01";"1";"7";"0";"1";"1";"9";"0";""
"201900016352";"138 275 904";"A01";"3";"7";"0";"2";"1";"0";"1";""
"201900016352";"138 275 905";"B01";"3";"7";"0";"2";"1";"0";"1";""
"201900016353";"138 275 903";"A01";"3";"7";"11";"0";"1";"15";"0";""
"201900016354";"138 275 901";"A01";"3";"7";"0";"2";"5";"15";"0";""
"201900016354";"138 275 902";"B01";"3";"2";"0";"2";"5";"0";"0";""
"201900016355";"138 275 900";"A01";"0";"31";"0";"1";"1";"3";"0";""
"201900016356";"138 275 898";"A01";"0";"7";"0";"2";"4";"16";"0";""
"201900016356";"138 275 899";"B01";"0";"7";"0";"2";"9";"21";"0";""
"201900016357";"138 275 896";"A01";"1";"7";"0";"2";"7";"26";"0";""
"201900016357";"138 275 897";"B01";"0";"7";"0";"2";"8";"26";"0";""
"201900016358";"138 275 895";"A01";"0";"7";"0";"1";"1";"15";"0";""
"201900016359";"138 275 892";"A01";"1";"33";"0";"0";"8";"9";"1";""
"201900016360";"138 275 891";"A01";"1";"7";"4";"0";"3";"13";"1";""
"201900016361";"138 275 889";"A01";"1";"7";"3";"2";"1";"1";"1";""
"201900016361";"138 275 890";"B01";"1";"7";"0";"2";"4";"2";"1";""
"201900016362";"138 275 888";"A01";"2";"32";"0";"0";"9";"16";"1";""
"201900016363";"138 275 887";"A01";"1";"7";"3";"0";"1";"21";"1";""
"201900016364";"138 275 886";"A01";"1";"7";"3";"0";"3";"13";"1";""
"201900016365";"138 275 885";"A01";"1";"7";"4";"0";"1";"14";"1";""
"201900016366";"138 275 884";"A01";"2";"7";"4";"2";"1";"1";"1";""
"201900016367";"138 275 882";"A01";"1";"7";"0";"2";"4";"1";"1";""
"201900016367";"138 275 883";"B01";"1";"10";"0";"2";"1";"12";"1";""
"201900016368";"138 275 881";"A01";"2";"7";"3";"0";"0";"26";"1";""
"201900016369";"138 275 879";"A01";"1";"10";"0";"2";"2";"16";"1";""
"201900016369";"138 275 880";"B01";"1";"1";"0";"2";"8";"1";"5";""
"201900016370";"138 275 878";"A01";"1";"7";"0";"1";"1";"1";"1";""
"201900016371";"138 275 877";"A01";"3";"33";"16";"0";"0";"1";"1";""
"201900016372";"138 275 875";"A01";"3";"31";"0";"2";"8";"1";"1";""
"201900016372";"138 275 876";"A01";"3";"7";"0";"2";"3";"15";"1";""
"201900016373";"138 275 873";"B01";"3";"7";" -1";"2";"4";"1";"1";""
"201900016373";"138 275 874";"A01";"3";"7";" -1";"2";"1";"1";"1";""
"201900016374";"138 275 871";"B01";"1";"30";"0";"2";"7";"26";"1";""
"201900016374";"138 275 872";"A01";"3";"7";"0";"6";"3";"9";"1";""
"201900016375";"138 275 868";"C01";"0";"10";"0";"2";"1";"1";"1";""
"201900016375";"138 275 869";"B01";"0";"7";"0";"2";"1";"1";"1";""
"201900016375";"138 275 870";"A01";"3";"10";"0";"2";"1";"13";"1";""
"201900016376";"138 275 867";"A01";"1";"10";"0";"1";"1";"15";"1";""
"201900016377";"138 275 863";"A01";"1";"34";"0";"2";"1";"26";"0";""
"201900016377";"138 275 864";"B01";"1";"10";"0";"2";"6";"20";"0";""
"201900016378";"138 275 862";"A01";"3";"7";"8";"0";"1";"13";"1";""
"201900016379";"138 275 860";"A01";"2";"10";"0";"2";"1";"1";"1";""
"201900016379";"138 275 861";"B01";"2";"10";"0";"2";"5";"1";"1";""
"201900016380";"138 275 858";"B01";"3";"31";"0";"2";"2";"1";"1";""
"201900016380";"138 275 859";"A01";"3";"7";"0";"2";"3";"15";"1";""
"201900016381";"138 275 856";"A01";"3";"7";"0";"2";"7";"10";"1";""
"201900016381";"138 275 857";"B01";"3";"7";"0";"2";"1";"26";"1";""
"201900016382";"138 275 854";"B01";"1";"30";"0";"2";"7";"1";"1";""
"201900016382";"138 275 855";"A01";"3";"10";"0";"2";"1";"26";"1";""
"201900016383";"138 275 853";"L01";"1";"7";"0";"1";"2";"26";"1";""
"201900016384";"138 275 852";"A01";"1";"7";"6";"0";"1";"26";"1";""
"201900016385";"138 275 851";"A01";"3";"1";"8";"0";"1";"1";"5";""
"201900016386";"138 275 849";"B01";"1";"31";"0";"2";"1";"1";"1";""
"201900016386";"138 275 850";"A01";"2";"10";"0";"2";"2";"15";"1";""
"201900016387";"138 275 848";"A01";"3";"10";"0";"1";"1";"1";"1";""
"201900016388";"138 275 847";"A01";"2";"1";"14";"0";"1";"26";"5";""
"201900016389";"138 275 844";"C01";"3";"10";"0";"2";"1";"1";"1";""
"201900016389";"138 275 845";"B01";"3";"7";"0";"2";"8";"1";"1";""
"201900016389";"138 275 846";"A01";"3";"10";"0";"2";"1";"13";"1";""
"201900016390";"138 275 841";"A01";"1";"7";"0";"2";"1";"26";"6";""
"201900016390";"138 275 842";"B01";"2";"7";"0";"2";"1";"1";"1";""
"201900016390";"138 275 843";"C01";"1";"7";"0";"2";"1";"1";"0";""
"201900016391";"138 275 840";"B01";"2";"1";"14";"2";"3";"21";"5";""
"201900016392";"138 275 838";"B01";"0";"1";"0";"0";"3";"1";"5";""
"201900016392";"138 275 839";"A01";"0";"7";"0";"2";"1";"15";"1";""
"201900016393";"138 275 836";"B01";"1";"3";"0";"2";"1";"1";"1";""
"201900016393";"138 275 837";"A01";"1";"3";"0";"2";"2";"15";"1";""
"201900016394";"138 275 834";"B01";"2";"1";"0";"2";"6";"0";"6";""
"201900016394";"138 275 835";"A01";"1";"30";"0";"2";"4";"14";"1";""
"201900016395";"138 275 832";"A01";"2";"30";"0";"2";"6";"1";"1";""
"201900016395";"138 275 833";"B01";"2";"32";"0";"2";"7";"1";"1";""
"201900016396";"138 275 829";"A01";"1";"30";"0";"2";"1";"3";"1";""
"201900016396";"138 275 830";"C01";"1";"7";"0";"6";"6";"1";"1";""
"201900016396";"138 275 831";"B01";"2";"14";"0";"2";"8";"1";"1";""
"201900016397";"138 275 827";"B01";"2";"2";"5";"2";"5";"21";"6";""
"201900016397";"138 275 828";"A01";"2";"7";"14";"2";"3";"26";"6";""
"201900016398";"138 275 825";"A01";"1";"7";"0";"2";"6";"5";"1";""
"201900016398";"138 275 826";"B01";"2";"30";"0";"2";"1";"5";"1";""
"201900016399";"138 275 824";"A01";"1";"30";"0";"1";"1";"1";"1";""
"201900016400";"138 275 822";"A01";"1";"7";"15";"0";"1";"1";"0";""
"201900016401";"138 275 820";"A01";"1";"31";"0";"2";"1";"9";"1";""
"201900016401";"138 275 821";"B01";"1";"37";"0";"2";"3";"9";"1";"1"
"201900016402";"138 275 818";"B01";"1";"7";"0";"2";"4";"1";"1";""
"201900016402";"138 275 819";"A01";"1";"32";"0";"2";"1";"2";"1";""
"201900016403";"138 275 814";"A01";"1";"7";"0";"2";"1";"1";"1";""
"201900016403";"138 275 815";"B01";"1";"7";"0";"2";"4";"2";"1";""
"201900016403";"138 275 816";"C01";"1";"7";"0";"2";"4";"0";"0";""
"201900016403";"138 275 817";"D01";"1";"7";"0";"2";"4";"2";"1";""
"201900016404";"138 275 810";"D01";"3";"10";"0";"2";"1";"2";"1";""
"201900016404";"138 275 811";"C01";"3";"7";"0";"2";"4";"2";"1";""
"201900016404";"138 275 812";"B01";"3";"10";"0";"2";"4";"2";"1";""
"201900016404";"138 275 813";"A01";"3";"7";"0";"2";"4";"2";"1";""
"201900016405";"138 275 808";"A01";"1";"7";"0";"2";"5";"15";"1";""
"201900016405";"138 275 809";"B01";"2";"1";"0";"2";"1";"26";"5";""
"201900016406";"138 275 807";"A01";"3";"7";"0";"1";"2";"17";"1";""
"201900016407";"138 275 806";"A01";"2";"30";"0";"0";"7";"1";"1";""
"201900016408";"138 275 804";"B01";"2";"7";"0";"2";"1";"1";"0";""
"201900016408";"138 275 805";"A01";"2";"7";"0";"2";"4";"9";"1";""
"201900016409";"138 275 802";"B01";"2";"33";"0";"2";"7";"1";"1";""
"201900016409";"138 275 803";"A01";"1";"10";"0";"2";"1";"19";"1";""
"201900016410";"138 275 801";"A01";"3";"30";"0";"0";"0";"15";"1";""
"201900016411";"138 275 799";"B01";"2";"1";"0";"2";"1";"0";"5";""
"201900016411";"138 275 800";"A01";"1";"2";"0";"2";"2";"0";"1";""
"201900016412";"138 275 797";"A01";"2";"30";"1";"2";"1";"21";"1";""
"201900016412";"138 275 798";"B01";"1";"10";"0";"2";"1";"15";"1";""
"201900016413";"138 275 793";"A01";"0";"7";"0";"2";"1";"2";"1";""
"201900016413";"138 275 794";"B01";"0";"7";"0";"2";"1";"2";"1";""
"201900016413";"138 275 795";"C01";"0";"7";"0";"2";"4";"2";"1";""
"201900016414";"138 275 792";"B01";"3";"7";"0";"2";"7";"1";"1";""
"201900016415";"138 275 790";"A01";"3";"7";"0";"2";"1";"5";"1";""
"201900016415";"138 275 791";"B01";"3";"7";"0";"2";"1";"1";"1";""
"201900016416";"138 275 788";"A01";"2";"10";"0";"2";"2";"12";"1";""
"201900016416";"138 275 789";"B01";"2";"31";"0";"2";"8";"1";"1";""
"201900016417";"138 275 787";"A01";"1";"7";"0";"1";"1";"1";"1";""
"201900016418";"138 275 785";"B01";"2";"7";"0";"2";"4";"2";"1";""
"201900016418";"138 275 786";"A01";"2";"7";"0";"2";"1";"2";"1";""
"201900016419";"138 275 781";"B01";"1";"7";"0";"2";"8";"1";"1";""
"201900016419";"138 275 782";"A01";"2";"33";"1";"2";"2";"9";"1";""
"201900016420";"138 275 779";"B01";"2";"10";"0";"2";"8";"1";"1";""
"201900016420";"138 275 780";"A01";"1";"7";"1";"2";"1";"14";"1";""
"201900016421";"138 275 776";"A01";"2";"7";"12";"1";"6";"10";"1";""
"201900016422";"138 275 775";"A01";"2";"10";"0";"1";"1";"1";"1";""
"201900016423";"138 275 766";"D01";"0";"7";"0";"2";"4";"1";"1";""
"201900016423";"138 275 767";"C01";"0";"7";"0";"2";"4";"1";"3";""
"201900016423";"138 275 768";"B01";"0";"7";"0";"2";"4";"1";"1";""
"201900016423";"138 275 769";"A01";"0";"7";"0";"2";"1";"1";"1";""
"201900016424";"138 275 764";"B01";"1";"7";"0";"2";"4";"1";"1";""
"201900016424";"138 275 765";"A01";"1";"7";"0";"2";"1";"1";"1";""
"201900016425";"138 275 760";"Y01";"3";"1";"0";"2";"4";"19";"0";""
"201900016425";"138 275 761";"A01";"3";"7";"0";"2";"1";"15";"1";""
"201900016426";"138 275 758";"B01";"3";"7";"0";"2";"1";"0";"1";""
"201900016426";"138 275 759";"A01";"3";"32";"0";"2";"8";"15";"1";""
"201900016427";"138 275 756";"A01";"1";"7";"0";"1";"4";"20";"1";""
"201900016428";"138 275 754";"B01";"1";"1";"0";"2";"6";"2";"5";""
"201900016428";"138 275 755";"A01";"1";"7";"0";"2";"2";"2";"1";""
"201900016429";"138 275 752";"A01";"2";"1";"0";"2";"1";"1";"5";""
"201900016429";"138 275 753";"B01";"1";"7";"0";"2";"2";"15";"1";""
"201900016430";"138 275 750";"B01";"3";"7";"0";"9";"1";"9";"0";""
"201900016430";"138 275 751";"A01";"1";"20";"0";"2";"4";"9";"0";""
"201900016431";"138 275 746";"B01";"2";"7";"0";"2";"2";"1";"1";""
"201900016431";"138 275 747";"A01";"1";"7";"0";"2";"3";"15";"1";""
"201900016432";"138 275 745";"Z01";"2";"7";"0";"1";"0";"1";"1";""
"201900016433";"138 275 743";"A01";"2";"7";"0";"2";"1";"1";"1";""
"201900016433";"138 275 744";"B01";"2";"7";"0";"2";"4";"1";"1";""
"201900016434";"138 275 741";"B01";"1";"7";"0";"2";"1";"1";"1";""
"201900016434";"138 275 742";"A01";"1";"7";"0";"2";"1";"13";"1";""
"201900016435";"138 275 739";"B01";"1";"2";"0";"2";"1";"1";"1";""
"201900016435";"138 275 740";"A01";"1";"16";"0";"2";"2";"15";"1";""
"201900016436";"138 275 738";"A01";"3";"37";"4";"0";"3";"1";"1";"1"
"201900016437";"138 275 736";"B01";"1";"7";"0";"2";"1";"2";"1";""
"201900016437";"138 275 737";"A01";"1";"7";"0";"2";"3";"15";"1";""
"201900016438";"138 275 731";"A01";"0";"7";"0";"2";"7";"23";"1";""
"201900016438";"138 275 732";"Y01";"3";"1";"0";"2";"1";"18";"5";""
"201900016439";"138 275 729";"A01";"3";"15";"0";"0";"0";"26";"0";""
"201900016440";"138 275 727";"A01";"2";"7";"2";"0";"1";"26";"1";""
"201900016441";"138 275 718";"F01";"2";"7";"14";"0";"1";"1";"1";""
"201900016441";"138 275 719";"B01";"2";"7";"0";"2";"0";"1";"1";""
"201900016441";"138 275 720";"G01";"2";"7";"14";"0";"1";"1";"1";""
"201900016441";"138 275 721";"E01";"2";"7";"14";"0";"0";"1";"1";""
"201900016441";"138 275 722";"D01";"2";"7";"14";"0";"1";"1";"1";""
"201900016441";"138 275 723";"C01";"2";"17";"14";"0";"1";"1";"1";""
"201900016441";"138 275 724";"A01";"2";"43";"13";"0";"1";"14";"1";""
"201900016442";"138 275 717";"A01";"1";"7";"0";"2";"3";"1";"1";""
"201900016443";"138 275 715";"B01";"2";"7";"0";"2";"2";"15";"1";""
"201900016443";"138 275 716";"A01";"1";"7";"0";"2";"3";"1";"1";""
"201900016444";"138 275 714";"A01";"1";"7";"1";"0";"1";"13";"1";""
"201900016445";"138 275 713";"Z01";"1";"7";"0";"1";"1";"1";"0";""
"201900016446";"138 275 712";"A01";"1";"7";"0";"1";"1";"15";"1";""
"201900016447";"138 275 710";"A01";"1";"7";"0";"2";"1";"16";"1";""
"201900016447";"138 275 711";"B01";"1";"7";"0";"2";"1";"15";"0";""
"201900016448";"138 275 709";"A01";"1";"7";"0";"1";"1";"15";"1";""
"201900016449";"138 275 708";"A01";"1";"7";"0";"1";"2";"1";"1";""
"201900016450";"138 275 706";"B01";"0";"7";"0";"2";"3";"1";"1";""
"201900016450";"138 275 707";"A01";"0";"10";"0";"2";"2";"1";"1";""
"201900016451";"138 275 704";"B01";"0";"7";"0";"2";"1";"1";"1";""
"201900016451";"138 275 705";"A01";"0";"16";"0";"2";"7";"13";"1";""
"201900016452";"138 275 702";"A01";"1";"2";"0";"2";"1";"1";"1";""
"201900016452";"138 275 703";"B01";"1";"7";"0";"2";"3";"20";"1";""
"201900016453";"138 275 700";"B01";"0";"7";"0";"2";"1";"1";"1";""
"201900016453";"138 275 701";"A01";"0";"7";"0";"2";"1";"15";"1";""
"201900016454";"138 275 698";"A01";"1";"30";"0";"2";"0";"2";"1";""
"201900016454";"138 275 699";"B01";"1";"30";"0";"2";"9";"2";"1";""
"201900016455";"138 275 696";"B01";"1";"2";"0";"2";"8";"19";"1";""
"201900016455";"138 275 697";"A01";"1";"7";"0";"2";"3";"15";"1";""
"201900016456";"138 275 695";"A01";"1";"7";"8";"0";"7";"19";"1";""
"201900016457";"138 275 693";"A01";"0";"10";"9";"2";"7";"15";"1";""
"201900016457";"138 275 694";"B01";"0";"7";"0";"2";"1";"2";"1";""
"201900016458";"138 275 692";"A01";"2";"13";"9";"0";"7";"1";"1";""
"201900016459";"138 275 690";"A01";"1";"7";"0";"2";"5";"15";"1";""
"201900016459";"138 275 691";"B01";"2";"2";"0";"2";"1";"1";"1";""
"201900016460";"138 275 688";"A01";"2";"7";"0";"2";"6";"15";"1";""
"201900016460";"138 275 689";"B01";"1";"33";"0";"2";"3";"17";"1";""
"201900016461";"138 275 686";"B01";"2";"1";"0";"2";"4";"1";"5";""
"201900016461";"138 275 687";"A01";"2";"7";"0";"2";"2";"1";"1";""
"201900016462";"138 275 685";"A01";"0";"2";"5";"0";"1";"0";"1";""
"201900016463";"138 275 683";"A01";"1";"32";"0";"2";"3";"1";"1";""
"201900016463";"138 275 684";"B01";"1";"17";"0";"2";"5";"12";"1";""
"201900016464";"138 275 682";"A01";"3";"7";"0";"1";"4";"4";"1";""
"201900016465";"138 275 680";"A01";"3";"30";"0";"0";"0";"21";"1";""
"201900016465";"138 275 681";"B01";"3";"7";"0";"0";"0";"21";"1";""
"201900016466";"138 275 676";"A01";"2";"10";"0";"2";"1";"1";" -1";""
"201900016466";"138 275 677";"B01";"2";"7";"0";"2";"4";"1";" -1";""
"201900016467";"138 275 674";"A01";"1";"7";"0";"1";"1";"15";"1";""
"201900016468";"138 275 670";"A01";"3";"7";"13";"2";"1";"21";"1";""
"201900016468";"138 275 671";"B01";"0";"1";"0";"0";"0";"0";"5";""
"201900016469";"138 275 668";"B01";"2";"7";"0";"2";"1";"9";"1";""
"201900016469";"138 275 669";"A01";"3";"1";"0";"2";"7";"1";"5";""
"201900016470";"138 275 665";"A01";"3";"7";"0";"1";"1";"1";"1";""
"201900016471";"138 275 663";"B01";"3";"7";"0";"2";"1";"15";"1";""
"201900016471";"138 275 664";"A01";"3";"7";"0";"2";"3";"1";"1";""
"201900016472";"138 275 661";"B01";"2";"7";"0";"2";"3";"1";" -1";""
"201900016472";"138 275 662";"A01";"1";"7";"0";"2";"3";"13";" -1";""
"201900016473";"138 275 659";"A01";"0";"30";"0";"2";"8";"9";"1";""
"201900016473";"138 275 660";"B01";"0";"7";"0";"2";"1";"1";"1";""
"201900016474";"138 275 657";"B01";"2";"32";"0";"2";"8";"3";"1";""
"201900016474";"138 275 658";"A01";"2";"7";"0";"2";"7";"12";"1";""
"201900016475";"138 275 653";"A01";"1";"10";"4";"2";"2";"12";"1";""
"201900016475";"138 275 654";"B01";"1";"7";"0";"2";"8";"1";"1";""
"201900016475";"138 275 655";"C01";"1";"7";"0";"2";"8";"1";"1";""
"201900016475";"138 275 656";"D01";"1";"7";"0";"2";"8";"1";"1";""
"201900016476";"138 275 651";"A01";"1";"33";"0";"2";"1";"1";"1";""
"201900016476";"138 275 652";"B01";"2";"7";"0";"2";"5";"1";"1";""
"201900016477";"138 275 649";"B01";"1";"1";"0";"2";"1";"5";"5";""
"201900016477";"138 275 650";"A01";"2";"10";"0";"2";"1";"1";"1";""
"201900016478";"138 275 647";"A01";"1";"7";"0";"2";"7";"16";"1";""
"201900016478";"138 275 648";"B01";"1";"32";"0";"2";"8";"1";"1";""
"201900016479";"138 275 645";"A01";"2";"7";"0";"2";"1";"2";"1";""
"201900016479";"138 275 646";"B01";"2";"7";"0";"2";"4";"23";"1";""
"201900016480";"138 275 644";"Z01";"2";"7";"0";"1";"1";"1";"1";""
"201900016481";"138 275 642";"B01";"1";"33";"0";"2";"1";"17";"1";""
"201900016481";"138 275 643";"A01";"1";"10";"0";"2";"3";"10";"1";""
"201900016482";"138 275 640";"A01";"1";"7";"0";"2";"5";"23";"1";""
"201900016482";"138 275 641";"B01";"1";"30";"0";"2";"1";"2";"1";""
"201900016483";"138 275 639";"A01";"1";"7";"0";"1";"2";"1";"1";""
"201900016484";"138 275 637";"A01";"1";"50";"0";"2";"1";"25";"3";""
"201900016484";"138 275 638";"B01";"2";"7";"0";"2";"8";"16";"1";""
"201900016485";"138 275 634";"A01";"1";"3";"0";"1";"1";"15";"1";""
"201900016486";"138 275 633";"A01";"2";"7";"2";"0";"3";"16";"1";""
"201900016487";"138 275 632";"A01";"2";"7";"0";"1";"1";"15";"1";""
"201900016488";"138 275 631";"A01";"2";"32";"0";"2";"1";"1";"0";""
"201900016489";"138 275 627";"A01";"1";"10";"0";"2";"6";"1";"0";""
"201900016489";"138 275 628";"B01";"3";"32";"0";"0";"7";"0";"0";""
"201900016490";"138 275 624";"B01";"2";"7";"0";"2";"6";"15";"0";""
"201900016490";"138 275 625";"A01";"2";"7";"0";"2";"3";"15";"0";""
"201900016491";"138 275 623";"Z01";"1";"7";"0";"1";"2";"16";"0";""
"201900016492";"138 275 621";"A01";"1";"7";"0";"2";"1";"0";"0";""