"Num_Acc";"id_vehicule";"num_veh";"senc";"catv";"obs";"obsm";"choc";"manv";"motor";"occutc"
"201900017303";"138 274 052";"B01";"1";"2";"0";"2";"8";"1";"0";""
"201900017304";"138 274 049";"A01";"2";"7";"0";"1";"2";"15";"1";""
"201900017305";"138 274 047";"B01";"2";"7";"0";"2";"3";"26";"1";""
"201900017305";"138 274 048";"A01";"1";"7";"0";"2";"0";"0";"1";""
"201900017306";"138 274 046";"A01";"0";"43";"0";"1";"0";"2";" -1";""
"201900017307";"138 274 044";"B01";"2";"7";"0";"2";"4";"26";"1";""
"201900017307";"138 274 045";"A01";"2";"7";"0";"2";"1";"26";"1";""
"201900017308";"138 274 042";"B01";"1";"33";"0";"2";"3";"17";"1";""
"201900017308";"138 274 043";"A01";"1";"7";"0";"2";"1";"9";"1";""
"201900017309";"138 274 040";"B01";"2";"2";"0";"2";"7";"1";"1";""
"201900017309";"138 274 041";"A01";"3";"7";"0";"2";"1";"9";"1";""
"201900017310";"138 274 038";"A01";"2";"7";"0";"2";"3";"0";"1";""
"201900017310";"138 274 039";"B01";"1";"33";"0";"2";"1";"16";"1";""
"201900017311";"138 274 034";"A01";"2";"10";"0";"2";"1";"26";"1";""
"201900017311";"138 274 035";"B01";"2";"7";"0";"2";"4";"1";"1";""
"201900017311";"138 274 036";"C01";"1";"7";"0";"2";"4";"0";"1";""
"201900017311";"138 274 037";"D01";"2";"7";"0";"2";"5";"1";"1";""
"201900017312";"138 274 032";"A01";"1";"33";"0";"2";"1";"9";"1";""
"201900017312";"138 274 033";"B01";"1";"7";"0";"2";"3";"13";"1";""
"201900017313";"138 274 031";"Z01";"1";"30";"0";"1";"1";"7";"3";""
"201900017314";"138 274 030";"A01";"2";"7";"0";"1";"1";"7";"2";""
"201900017315";"138 274 028";"Z01";"2";"7";"0";"2";"7";"16";"0";""
"201900017315";"138 274 029";"A01";"2";"1";"0";"2";"1";"7";"5";""
"201900017316";"138 274 027";"Z01";"1";"31";"0";"1";"1";"1";"1";""
"201900017317";"138 274 026";"A01";"3";"7";"9";"0";"1";"21";"1";""
"201900017318";"138 274 023";"A01";"1";"7";"14";"2";"7";"11";"2";""
"201900017318";"138 274 024";"B01";"2";"7";"0";"2";"8";"1";"1";""
"201900017318";"138 274 025";"C01";"2";"7";"0";"2";"4";"1";"1";""
"201900017319";"138 274 022";"A01";"1";"34";"0";"1";"1";"15";"1";""
"201900017320";"138 274 021";"A01";"2";"50";"0";"1";"1";"15";"3";""
"201900017321";"138 274 018";"A01";"1";"33";"0";"2";"1";"12";"1";""
"201900017321";"138 274 019";"B01";"1";"7";"0";"2";"5";"15";"1";""
"201900017321";"138 274 020";"C01";"1";"13";"0";"2";"6";"1";"1";""
"201900017322";"138 274 016";"B01";"2";"1";"0";"2";"4";"1";"5";""
"201900017322";"138 274 017";"A01";"2";"10";"0";"2";"2";"22";"1";""
"201900017323";"138 274 014";"B01";"2";"32";"0";"2";"2";"17";"1";""
"201900017323";"138 274 015";"A01";"2";"7";"0";"2";"3";"13";"1";""
"201900017324";"138 274 013";"A01";"1";"30";"9";"0";"1";"14";"3";""
"201900017325";"138 274 012";"A01";"1";"7";"0";"1";"1";"1";"2";""
"201900017326";"138 274 010";"B01";"2";"2";"0";"2";"2";"17";"1";""
"201900017326";"138 274 011";"A01";"2";"10";"0";"2";"8";"15";"1";""
"201900017327";"138 274 008";"Z01";"3";"7";"0";"2";"3";"1";"1";""
"201900017327";"138 274 009";"A01";"3";"7";"0";"2";"1";"9";"1";""
"201900017328";"138 274 006";"A01";"0";"1";"0";"2";"2";"2";"5";""
"201900017328";"138 274 007";"B01";"0";"37";"0";"0";"6";"23";"1";"1"
"201900017329";"138 274 004";"B01";"1";"37";"0";"2";"6";"24";"1";"1"
"201900017329";"138 274 005";"A01";"1";"33";"1";"0";"2";"17";"1";""
"201900017330";"138 274 002";"B01";"2";"2";"0";"2";"4";"15";"0";""
"201900017330";"138 274 003";"A01";"2";"7";"0";"2";"1";"17";"0";""
"201900017331";"138 274 001";"A01";"3";"10";"6";"0";"1";"1";"1";""
"201900017332";"138 274 000";"A01";"0";"7";"0";"1";"2";"1";"1";""
"201900017333";"138 273 998";"T01";"1";"7";"1";"0";"1";"0";"1";""
"201900017334";"138 273 996";"A01";"3";"33";"0";"0";"0";"0";"1";""
"201900017334";"138 273 997";"B01";"3";"7";"0";"0";"0";"0";"1";""
"201900017335";"138 273 994";"A01";"1";"10";"0";"2";"3";"15";"1";""
"201900017335";"138 273 995";"B01";"2";"10";"0";"2";"1";"1";"1";""
"201900017336";"138 273 992";"B01";"1";"7";"12";"2";"3";"1";"1";""
"201900017336";"138 273 993";"A01";"3";"1";"12";"2";"5";"9";"5";""
"201900017337";"138 273 990";"A01";"1";"7";"0";"2";"8";"15";"1";""
"201900017337";"138 273 991";"B01";"1";"32";"0";"2";"2";"17";"1";""
"201900017338";"138 273 989";"A01";"3";"7";"0";"1";"3";"1";"0";""
"201900017339";"138 273 988";"A01";"1";"7";"0";"1";"1";"15";"1";""
"201900017340";"138 273 986";"B01";"2";"34";"0";"2";"4";"2";"1";""
"201900017340";"138 273 987";"A01";"2";"7";"0";"2";"1";"2";"1";""
"201900017341";"138 273 984";"B01";"2";"34";"0";"2";"3";"1";"1";""
"201900017341";"138 273 985";"A01";"2";"7";"0";"2";"3";"1";"1";""
"201900017342";"138 273 982";"B01";"3";"7";"0";"2";"4";"1";"1";""
"201900017342";"138 273 983";"A01";"3";"7";"0";"2";"1";"16";"1";""
"201900017343";"138 273 980";"A01";"2";"7";"0";"2";"2";"1";"1";""
"201900017343";"138 273 981";"B01";"1";"33";"0";"2";"1";"1";"1";""
"201900017344";"138 273 978";"A01";"1";"7";"0";"2";"3";"15";"1";""
"201900017344";"138 273 979";"B01";"1";"33";"0";"2";"7";"4";"1";""
"201900017345";"138 273 976";"B01";"2";"7";"0";"2";"4";"10";"1";""
"201900017345";"138 273 977";"A01";"2";"33";"0";"2";"1";"1";"1";""
"201900017346";"138 273 975";"A01";"2";"7";"0";"1";"2";"2";"2";""
"201900017347";"138 273 972";"A01";"2";"7";"3";"2";"2";"2";"1";""
"201900017347";"138 273 973";"B01";"2";"17";"0";"0";"6";"2";"1";""
"201900017348";"138 273 969";"A01";"1";"7";"0";"2";"1";"1";"1";""
"201900017348";"138 273 970";"B01";"1";"7";"0";"0";"6";"1";"1";""
"201900017348";"138 273 971";"C01";"2";"7";"0";"2";"1";"1";"1";""
"201900017349";"138 273 968";"A01";"1";"33";"2";"0";"1";"1";"1";""
"201900017350";"138 273 967";"A01";"1";"7";"0";"0";"0";"1";"1";""
"201900017351";"138 273 966";"A01";"1";"7";"3";"0";"3";"1";"1";""
"201900017352";"138 273 963";"C01";"1";"7";"3";"0";"3";"1";"1";""
"201900017352";"138 273 964";"B01";"1";"7";"0";"2";"1";"1";"1";""
"201900017352";"138 273 965";"A01";"2";"7";"0";"2";"1";"5";"1";""
"201900017353";"138 273 961";"B01";"2";"7";"0";"0";"4";"2";"1";""
"201900017353";"138 273 962";"A01";"2";"30";"0";"2";"1";"2";"1";""
"201900017354";"138 273 959";"B01";"2";"2";"0";"0";"4";"2";"1";""
"201900017354";"138 273 960";"A01";"2";"7";"0";"2";"1";"2";"1";""
"201900017355";"138 273 958";"A01";"1";"7";"2";"0";"2";"14";"1";""
"201900017356";"138 273 956";"A01";"3";"7";"0";"0";"3";"15";"1";""
"201900017356";"138 273 957";"B01";"2";"7";"0";"2";"3";"1";"1";""
"201900017357";"138 273 954";"A01";"2";"21";"0";"9";"5";"17";"1";""
"201900017357";"138 273 955";"B01";"2";"60";"0";"2";"3";"13";"5";""
"201900017358";"138 273 953";"A01";"1";"7";"2";"0";"3";"1";"1";""
"201900017359";"138 273 951";"A01";"2";"2";"0";"2";"3";"13";"1";""
"201900017359";"138 273 952";"B01";"1";"7";"0";"2";"3";"1";"1";""
"201900017360";"138 273 950";"A01";"2";"33";"13";"0";"1";"0";"1";""
"201900017361";"138 273 948";"B01";"1";"7";"0";"2";"1";"15";"0";""
"201900017361";"138 273 949";"A01";"2";"31";"0";"2";"8";"1";"0";""
"201900017362";"138 273 947";"A01";"0";"10";"6";"0";"1";"1";"1";""
"201900017363";"138 273 945";"A01";"1";"7";"0";"2";"2";"15";"1";""
"201900017363";"138 273 946";"B01";"2";"2";"0";"2";"1";"1";"1";""
"201900017364";"138 273 942";"C01";"2";"15";"0";"2";"3";"23";"1";""
"201900017364";"138 273 943";"B01";"1";"2";"0";"2";"1";"3";"1";""
"201900017364";"138 273 944";"A01";"1";"7";"0";"2";"3";"15";"1";""
"201900017365";"138 273 941";"A01";"1";"15";"13";"0";"7";"1";"1";""
"201900017366";"138 273 940";"A01";"3";"33";"0";"5";"2";"1";"1";""
"201900017367";"138 273 937";"A01";"2";"7";"6";"0";"1";"2";"0";""
"201900017368";"138 273 936";"A01";"1";"32";"0";"1";"8";"12";"0";""
"201900017369";"138 273 935";"A01";"1";"2";"14";"0";"1";"12";"1";""
"201900017370";"138 273 933";"A01";"1";"7";"0";"2";"1";"0";"1";""
"201900017370";"138 273 934";"B01";"2";"7";"0";"2";"1";"1";"1";""
"201900017371";"138 273 931";"B01";"1";"33";"0";"2";"3";"1";"1";""
"201900017371";"138 273 932";"A01";"2";"7";"0";"2";"7";"19";"1";""
"201900017372";"138 273 929";"B01";"2";"7";"8";"0";"1";"16";"1";""
"201900017372";"138 273 930";"A01";"2";"7";"0";"0";"4";"16";"1";""
"201900017373";"138 273 927";"B01";"0";"7";"0";"2";"3";"9";"0";""
"201900017373";"138 273 928";"A01";"0";"7";"0";"0";"5";"26";"1";""
"201900017374";"138 273 925";"A01";"2";"7";"0";"2";"2";"1";"1";""
"201900017374";"138 273 926";"B01";"3";"7";"7";"2";"1";"1";"1";""
"201900017375";"138 273 923";"B01";"1";"2";"0";"2";"3";"1";"1";""
"201900017375";"138 273 924";"A01";"2";"7";"0";"2";"2";"15";"1";""
"201900017376";"138 273 921";"B01";"1";"32";"0";"2";"2";"5";"1";""
"201900017376";"138 273 922";"A01";"2";"7";"0";"2";"7";"1";"1";""
"201900017377";"138 273 919";"A01";"2";"7";"0";"2";"7";"15";"1";""
"201900017377";"138 273 920";"B01";"1";"34";"0";"2";"1";"18";"1";""
"201900017378";"138 273 917";"A01";"1";"2";"0";"2";"1";"17";"1";""
"201900017378";"138 273 918";"B01";"2";"7";"0";"2";"3";"26";"1";""
"201900017379";"138 273 916";"A01";"2";"7";"15";"0";"9";"1";"1";""
"201900017380";"138 273 914";"B01";"3";"38";"0";"2";"5";"1";"1";"1"
"201900017380";"138 273 915";"A01";"3";"1";"0";"2";"8";"1";"5";""
"201900017381";"138 273 912";"B01";"2";"10";"0";"2";"4";"2";"1";""
"201900017381";"138 273 913";"A01";"2";"10";"0";"2";"2";"2";"1";""
"201900017382";"138 273 909";"A01";"2";"7";"0";"1";"1";"1";"1";""
"201900017383";"138 273 907";"B01";"0";"7";"0";"2";"2";"1";"1";""
"201900017383";"138 273 908";"A01";"3";"7";"0";"2";"3";"9";"1";""
"201900017384";"138 273 905";"B01";"2";"1";"0";"2";"1";"1";"5";""
"201900017384";"138 273 906";"A01";"1";"7";"0";"9";"7";"15";"1";""
"201900017385";"138 273 903";"B01";"1";"7";"0";"2";"4";"1";"0";""
"201900017385";"138 273 904";"A01";"1";"32";"0";"2";"8";"1";"6";""
"201900017386";"138 273 902";"A01";"2";"10";"0";"1";"1";"1";"1";""
"201900017387";"138 273 901";"A01";"2";"7";"0";"1";"1";"1";"1";""
"201900017388";"138 273 900";"A01";"1";"33";"0";"0";"0";"0";"1";""
"201900017389";"138 273 898";"B01";"3";"1";"0";"2";"7";"10";"5";""
"201900017389";"138 273 899";"A01";"3";"7";"0";"2";"2";"16";"1";""
"201900017390";"138 273 897";"A01";"2";"7";"13";"0";"1";"1";"1";""
"201900017391";"138 273 896";"A01";"1";"7";"6";"0";"1";"1";"1";""
"201900017392";"138 273 895";"A01";"3";"7";"0";"1";"3";"1";"0";""
"201900017393";"138 273 894";"A01";"0";"2";"0";"0";"0";"26";"1";""
"201900017394";"138 273 891";"B01";"1";"80";"0";"2";"1";"1";"3";""
"201900017394";"138 273 892";"A01";"2";"7";"0";"2";"3";"15";"1";""
"201900017395";"138 273 889";"A01";"2";"33";"0";"2";"1";"3";"1";""
"201900017395";"138 273 890";"B01";"2";"10";"0";"2";"3";"22";"1";""
"201900017396";"138 273 887";"A01";"2";"10";"0";"2";"4";"1";"1";""
"201900017396";"138 273 888";"Z01";"2";"7";"0";"2";"1";"12";"1";""
"201900017397";"138 273 881";"A01";"2";"7";"0";"2";"4";"1";"1";""
"201900017397";"138 273 882";"B01";"2";"7";"0";"2";"4";"2";"1";""
"201900017397";"138 273 883";"C01";"2";"7";"0";"2";"4";"2";"1";""
"201900017397";"138 273 884";"D01";"2";"10";"0";"2";"1";"2";"1";""
"201900017397";"138 273 885";"E01";"2";"7";"0";"2";"4";"2";"1";""
"201900017397";"138 273 886";"F01";"2";"7";"0";"2";"1";"2";"1";""
"201900017398";"138 273 878";"C01";"1";"7";"0";"2";"4";"23";"1";""
"201900017398";"138 273 879";"B01";"1";"7";"0";"2";"4";"23";"1";""
"201900017398";"138 273 880";"A01";"1";"7";"0";"2";"1";"2";"1";""
"201900017399";"138 273 876";"A01";"2";"7";"0";"2";"8";"11";"1";""
"201900017399";"138 273 877";"B01";"2";"33";"3";"2";"7";"3";"1";""
"201900017400";"138 273 870";"A01";"1";"10";"0";"2";"1";"1";"1";""
"201900017400";"138 273 871";"B01";"1";"17";"0";"2";"3";"12";"1";""
"201900017400";"138 273 872";"C01";"1";"14";"0";"2";"4";"1";"1";""
"201900017400";"138 273 873";"D01";"1";"10";"0";"2";"8";"13";"1";""
"201900017400";"138 273 874";"E01";"1";"14";"0";"2";"2";"1";"1";""
"201900017400";"138 273 875";"F01";"1";"7";"0";"2";"4";"1";"1";""
"201900017401";"138 273 869";"A01";"2";"7";"4";"0";"1";"21";"1";""
"201900017402";"138 273 867";"A01";"2";"7";"0";"2";"6";"11";"1";""
"201900017402";"138 273 868";"B01";"2";"33";"0";"2";"2";"3";"1";""
"201900017403";"138 273 866";"A01";"1";"31";"0";"0";"8";"2";"1";""
"201900017404";"138 273 864";"B01";"1";"10";"0";"2";"4";"2";"1";""
"201900017404";"138 273 865";"A01";"1";"7";"0";"2";"1";"2";"1";""
"201900017405";"138 273 862";"B01";"1";"10";"0";"2";"2";"15";"1";""
"201900017405";"138 273 863";"A01";"2";"33";"0";"2";"1";"1";"1";""
"201900017406";"138 273 861";"A01";"1";"7";"0";"1";"1";"3";"0";""
"201900017407";"138 273 859";"Z01";"1";"7";"0";"2";"6";"1";"0";""
"201900017407";"138 273 860";"A01";"1";"31";"0";"2";"2";"3";"1";""
"201900017408";"138 273 858";"A01";"2";"34";"0";"0";"0";"1";"1";""
"201900017409";"138 273 856";"B01";"1";"7";"0";"2";"4";"23";"1";""
"201900017409";"138 273 857";"A01";"1";"7";"0";"2";"1";"2";"1";""
"201900017410";"138 273 853";"C01";"1";"7";"0";"2";"5";"23";"1";""
"201900017410";"138 273 854";"B01";"1";"7";"0";"2";"4";"23";"1";""
"201900017410";"138 273 855";"A01";"1";"17";"0";"2";"1";"2";"1";""
"201900017411";"138 273 852";"A01";"1";"32";"0";"1";"1";"1";"1";""
"201900017412";"138 273 851";"A01";"2";"1";"0";"1";"8";"1";"5";""
"201900017413";"138 273 849";"A01";"1";"10";"0";"2";"3";"20";"1";""
"201900017413";"138 273 850";"B01";"1";"32";"1";"2";"9";"17";"1";""
"201900017414";"138 273 847";"B01";"3";"7";"0";"2";"3";"1";"1";""
"201900017414";"138 273 848";"A01";"3";"32";"0";"2";"7";"16";"1";""
"201900017415";"138 273 845";"B01";"2";"7";"0";"2";"3";"22";"2";""
"201900017415";"138 273 846";"A01";"2";"30";"0";"2";"2";"1";"1";""
"201900017416";"138 273 843";"B01";"2";"7";"0";"2";"3";"10";"1";""
"201900017416";"138 273 844";"A01";"2";"33";"0";"2";"1";"17";"1";""
"201900017417";"138 273 842";"A01";"1";"34";"0";"0";"7";"16";"1";""
"201900017418";"138 273 840";"B01";"1";"7";"0";"2";"5";"23";"1";""
"201900017418";"138 273 841";"A01";"1";"7";"0";"2";"3";"13";"1";""
"201900017419";"138 273 839";"A01";"1";"50";"0";"0";"0";"1";"3";""
"201900017420";"138 273 837";"A01";"2";"7";"0";"2";"5";"15";"1";""
"201900017420";"138 273 838";"B01";"1";"31";"0";"2";"1";"2";"1";""
"201900017421";"138 273 834";"A01";"2";"7";"0";"2";"1";"9";"1";""
"201900017421";"138 273 835";"B01";"1";"7";"0";"2";"8";"1";"1";""
"201900017421";"138 273 836";"C01";"1";"10";"0";"2";"3";"1";"1";""
"201900017422";"138 273 832";"B01";"2";"7";"0";"2";"1";"1";"1";""
"201900017422";"138 273 833";"A01";"1";"7";"0";"2";"5";"15";"1";""
"201900017423";"138 273 830";"B01";"2";"33";"0";"2";"1";"1";"1";""
"201900017423";"138 273 831";"A01";"1";"7";"0";"2";"3";"10";"1";""
"201900017424";"138 273 829";"A01";"0";"3";"0";"0";"1";"16";"0";""
"201900017425";"138 273 827";"A01";"1";"32";"1";"0";"2";"17";"1";""
"201900017425";"138 273 828";"B01";"2";"1";"1";"0";"1";"20";"5";""
"201900017426";"138 273 824";"C01";"1";"7";"0";"2";"4";"2";"0";""
"201900017426";"138 273 825";"B01";"1";"7";"0";"2";"4";"2";"0";""
"201900017426";"138 273 826";"A01";"1";"7";"0";"2";"1";"2";"0";""
"201900017427";"138 273 822";"B01";"3";"7";"0";"2";"4";"23";"0";""
"201900017427";"138 273 823";"A01";"3";"7";"0";"2";"1";"26";"0";""
"201900017428";"138 273 821";"A01";"1";"7";"0";"1";"2";"1";"1";""
"201900017429";"138 273 819";"B01";"2";"32";"0";"2";"4";"2";"1";""
"201900017429";"138 273 820";"A01";"2";"10";"0";"2";"1";"2";"1";""
"201900017430";"138 273 817";"A01";"2";"7";"0";"2";"1";"2";"1";""
"201900017430";"138 273 818";"B01";"2";"7";"0";"2";"4";"2";"1";""
"201900017431";"138 273 816";"A01";"0";"7";"0";"1";"3";"19";"0";""
"201900017432";"138 273 814";"B01";"0";"30";"0";"2";"7";"1";"1";""
"201900017432";"138 273 815";"A01";"0";"3";"0";"2";"8";"15";"1";""
"201900017433";"138 273 812";"A01";"1";"7";"0";"2";"6";"16";"1";""
"201900017433";"138 273 813";"B01";"1";"32";"0";"2";"7";"26";"1";""
"201900017434";"138 273 810";"A01";"3";"7";"0";"2";"2";"15";"1";""
"201900017434";"138 273 811";"B01";"3";"7";"0";"2";"3";"1";"1";""
"201900017435";"138 273 807";"B01";"2";"2";"1";"2";"8";"1";"1";""
"201900017435";"138 273 808";"A01";"1";"7";"14";"2";"3";"15";"1";""
"201900017435";"138 273 809";"C01";"2";"7";"0";"2";"1";"23";"1";""
"201900017436";"138 273 806";"A01";"1";"10";"8";"0";"3";"1";"1";""
"201900017437";"138 273 805";"A01";"1";"2";"12";"0";"1";"1";"1";""
"201900017438";"138 273 804";"A01";"1";"34";"0";"0";"7";"1";"1";""
"201900017439";"138 273 802";"B01";"2";"17";"4";"2";"2";"1";"1";""
"201900017439";"138 273 803";"A01";"2";"14";"4";"2";"3";"1";"1";""
"201900017440";"138 273 800";"A01";"2";"33";"0";"2";"1";"2";"6";""
"201900017440";"138 273 801";"B01";"2";"7";"0";"0";"4";"2";"6";""
"201900017441";"138 273 798";"B01";"2";"7";"0";"2";"1";"1";"1";""
"201900017441";"138 273 799";"A01";"2";"7";"3";"2";"5";"26";"1";""
"201900017442";"138 273 795";"A01";"2";"7";"2";"0";"9";"1";"1";""
"201900017443";"138 273 793";"B01";"2";"7";"0";"2";"3";"1";"1";""
"201900017443";"138 273 794";"A01";"1";"7";"0";"0";"1";"13";"6";""
"201900017444";"138 273 788";"B01";"1";"7";"0";"2";"1";"13";"1";""
"201900017444";"138 273 789";"A01";"2";"17";"0";"2";"3";"1";"1";""
"201900017445";"138 273 786";"B01";"2";"7";"0";"2";"8";"1";"1";""
"201900017445";"138 273 787";"A01";"2";"7";"0";"2";"2";"15";"1";""
"201900017446";"138 273 783";"B01";"2";"10";"0";"2";"3";"1";"1";""
"201900017446";"138 273 784";"A01";"1";"10";"0";"2";"3";"13";"1";""
"201900017447";"138 273 781";"B01";"2";"2";"0";"2";"7";"1";"1";""
"201900017447";"138 273 782";"A01";"1";"7";"0";"2";"1";"1";"1";""
"201900017448";"138 273 780";"A01";"2";"7";"2";"0";"7";"14";"1";""
"201900017449";"138 273 779";"A01";"2";"10";"0";"1";"2";"1";"1";""
"201900017450";"138 273 777";"B01";"3";"7";"0";"9";"2";"1";"1";""
"201900017450";"138 273 778";"A01";"3";"1";"0";"2";"1";"25";"5";""
"201900017451";"138 273 776";"A01";"1";"7";"6";"0";"1";"1";"1";""
"201900017452";"138 273 774";"B01";"1";"7";"0";"2";"1";"1";"0";""
"201900017452";"138 273 775";"A01";"2";"7";"0";"2";"1";"15";"0";""
"201900017453";"138 273 772";"A01";"1";"7";"0";"2";"1";"2";"1";""
"201900017453";"138 273 773";"B01";"1";"33";"0";"0";"4";"23";"1";""
"201900017454";"138 273 770";"A01";"3";"7";"0";"9";"3";"1";"1";""
"201900017454";"138 273 771";"B01";"3";"1";"0";"2";"8";"1";"5";""
"201900017455";"138 273 769";"A01";"1";"7";"13";"0";"3";"13";"1";""
"201900017456";"138 273 764";"A01";"2";"7";"0";"1";"1";"1";"1";""
"201900017457";"138 273 762";"B01";"1";"7";"0";"2";"2";"1";"1";""
"201900017457";"138 273 763";"A01";"1";"10";"0";"2";"8";"17";"1";""
"201900017458";"138 273 760";"B01";"3";"2";"0";"2";"8";"1";"1";""
"201900017458";"138 273 761";"A01";"3";"7";"0";"2";"1";"9";"1";""
"201900017459";"138 273 759";"A01";"1";"33";"0";"0";"3";"15";"1";""
"201900017460";"138 273 757";"A01";"2";"7";"0";"2";"1";"2";"1";""
"201900017460";"138 273 758";"B01";"2";"15";"0";"0";"4";"1";"1";""
"201900017461";"138 273 754";"A01";"0";"7";"0";"2";"3";"9";"0";""
"201900017461";"138 273 755";"B01";"0";"7";"0";"0";"3";"1";"1";""
"201900017462";"138 273 752";"A01";"2";"33";"0";"2";"1";"17";"6";""
"201900017462";"138 273 753";"B01";"1";"33";"0";"2";"1";"1";"6";""
"201900017463";"138 273 751";"A01";"0";"2";"0";"1";"1";"1";"1";""
"201900017464";"138 273 750";"A01";"1";"33";"1";"0";"8";"1";"1";""
"201900017465";"138 273 746";"D01";"1";"7";"0";"2";"9";"2";"1";""
"201900017465";"138 273 747";"C01";"2";"15";"0";"0";"1";"2";"1";""
"201900017465";"138 273 748";"B01";"1";"7";"0";"0";"9";"0";"1";""
"201900017465";"138 273 749";"A01";"1";"7";"0";"0";"4";"0";"1";""
"201900017466";"138 273 744";"B01";"2";"14";"0";"2";"2";"1";" -1";""
"201900017466";"138 273 745";"A01";"2";"7";"0";"2";"2";"11";"1";""
"201900017467";"138 273 742";"B01";"2";"7";"0";"2";"6";"1";"1";""
"201900017467";"138 273 743";"A01";"2";"7";"0";"2";"2";"1";"1";""
"201900017468";"138 273 741";"A01";"1";"7";"2";"0";"1";"11";"1";""
"201900017469";"138 273 740";"A01";"3";"7";"13";"0";"2";"1";"1";""
"201900017470";"138 273 738";"B01";"0";"7";"0";"2";"2";"9";"1";""
"201900017470";"138 273 739";"A01";"0";"7";"0";"2";"3";"1";"1";""
"201900017471";"138 273 736";"A01";"1";"2";"0";"2";"7";"1";"1";""
"201900017471";"138 273 737";"B01";"3";"7";"0";"2";"3";"15";"1";""
"201900017472";"138 273 735";"A01";"3";"7";"16";"0";"0";"1";"1";""
"201900017473";"138 273 733";"A01";"1";"33";"0";"2";"1";"17";"1";""
"201900017473";"138 273 734";"B01";"2";"7";"0";"2";"3";"1";"1";""
"201900017474";"138 273 731";"B01";"3";"7";"0";"2";"3";"1";"1";""
"201900017474";"138 273 732";"A01";"3";"7";"0";"2";"3";"5";"1";""
"201900017475";"138 273 729";"B01";"2";"7";"0";"2";"5";"1";"2";""
"201900017475";"138 273 730";"A01";"2";"15";"0";"2";"3";"11";"1";""
"201900017476";"138 273 728";"A01";"2";"7";"6";"0";"1";"17";"1";""
"201900017477";"138 273 724";"A01";"2";"36";"0";"2";"1";"2";"1";""
"201900017477";"138 273 725";"B01";"2";"7";"0";"2";"8";"1";"1";""
"201900017477";"138 273 726";"C01";"2";"7";"0";"2";"3";"1";"1";""
"201900017477";"138 273 727";"D01";"2";"7";"0";"2";"6";"1";"1";""
"201900017478";"138 273 723";"A01";"1";"33";"2";"0";"1";"1";"1";""
"201900017479";"138 273 720";"A01";"2";"7";"0";"2";"2";"17";"1";""
"201900017479";"138 273 721";"B01";"2";"1";"0";"0";"4";"1";"5";""
"201900017480";"138 273 719";"A01";"1";"10";"0";"0";"8";"13";"1";""
"201900017481";"138 273 718";"A01";"1";"7";"5";"0";"4";"1";"1";""
"201900017482";"138 273 717";"A01";"1";"7";"16";"0";"0";"2";"1";""
"201900017483";"138 273 716";"A01";"2";"7";"8";"0";"9";"1";"1";""
"201900017484";"138 273 715";"A01";"2";"7";"13";"0";"8";"13";"1";""
"201900017485";"138 273 714";"A01";"2";"3";"13";"0";"3";"0";"1";""
"201900017486";"138 273 713";"A01";"1";"7";"0";"1";"1";"1";"1";""
"201900017487";"138 273 711";"B01";"2";"7";"0";"2";"2";"1";"1";""
"201900017487";"138 273 712";"A01";"1";"7";"0";"2";"1";"13";"1";""
"201900017488";"138 273 710";"A01";"1";"33";"0";"6";"1";"1";"1";""
"201900017489";"138 273 708";"A01";"2";"7";"0";"2";"1";"1";"1";""
"201900017489";"138 273 709";"B01";"1";"1";"0";"2";"2";"15";"5";""
"201900017490";"138 273 707";"A01";"2";"10";"16";"0";"1";"1";"1";""
"201900017491";"138 273 705";"B01";"2";"7";"0";"2";"2";"1";"1";""
"201900017491";"138 273 706";"A01";"2";"2";"0";"2";"8";"9";"1";""
"201900017492";"138 273 704";"A01";"2";"7";"2";"0";"1";"1";"1";""
"201900017493";"138 273 703";"A01";"2";"7";"8";"0";"1";"1";"1";""
"201900017494";"138 273 702";"A01";"1";"7";"6";"0";"2";"1";"1";""
"201900017495";"138 273 700";"A01";"2";"7";"0";"2";"3";"17";"1";""
"201900017495";"138 273 701";"B01";"2";"1";"0";"0";"4";"13";"5";""
"201900017496";"138 273 698";"A01";"1";"7";"0";"2";"8";"19";"1";""
"201900017496";"138 273 699";"B01";"1";"7";"0";"2";"1";"1";"1";""
"201900017497";"138 273 696";"A01";"2";"33";"0";"2";"1";"15";"1";""
"201900017497";"138 273 697";"B01";"2";"7";"0";"2";"2";"1";"1";""
"201900017498";"138 273 694";"A01";"2";"7";"3";"2";"5";"23";"1";""
"201900017498";"138 273 695";"B01";"2";"7";"0";"2";"1";"1";"1";""
"201900017499";"138 273 693";"A01";"1";"7";"2";"0";"3";"1";"0";""
"201900017500";"138 273 692";"A01";"3";"7";"0";"0";"0";"1";"1";""
"201900017501";"138 273 691";"A01";"1";"10";"0";"1";"4";"4";"1";""
"201900017502";"138 273 689";"B01";"2";"3";"0";"2";"1";"1";"1";""
"201900017502";"138 273 690";"A01";"1";"2";"0";"2";"1";"13";"1";""
"201900017503";"138 273 687";"A01";"1";"33";"6";"2";"7";"1";"1";""
"201900017503";"138 273 688";"B01";"2";"7";"0";"2";"6";"15";"1";""
"201900017504";"138 273 684";"C01";"1";"7";"0";"9";"3";"1";"1";""
"201900017504";"138 273 685";"B01";"2";"21";"0";"0";"0";"1";"0";""