"Num_Acc";"id_vehicule";"num_veh";"senc";"catv";"obs";"obsm";"choc";"manv";"motor";"occutc"
"201900017717";"138 273 310";"B01";"2";"7";"0";"2";"6";"1";"1";""
"201900017717";"138 273 311";"A01";"2";"7";"0";"2";"2";"14";"1";""
"201900017718";"138 273 309";"A01";"2";"32";"0";"0";"9";"0";"1";""
"201900017719";"138 273 306";"B01";"3";"1";"0";"2";"4";"2";"5";""
"201900017719";"138 273 307";"A01";"3";"7";"0";"6";"1";"2";"1";""
"201900017720";"138 273 303";"B01";"3";"33";"0";"2";"1";"1";"1";""
"201900017720";"138 273 304";"A01";"3";"7";"0";"2";"2";"9";"1";""
"201900017721";"138 273 301";"A01";"2";"7";"0";"2";"2";"1";"1";""
"201900017721";"138 273 302";"B01";"1";"7";"0";"2";"3";"1";"1";""
"201900017722";"138 273 298";"A01";"1";"7";"0";"1";"2";"2";"1";""
"201900017723";"138 273 297";"A01";"0";"7";"0";"1";"1";"16";"1";""
"201900017724";"138 273 295";"A01";"1";"7";"0";"2";"1";"19";"1";""
"201900017724";"138 273 296";"B01";"1";"33";"0";"2";"8";"1";"1";""
"201900017725";"138 273 293";"B01";"1";"10";"0";"2";"5";"1";"1";""
"201900017725";"138 273 294";"A01";"1";"99";"0";"2";"1";"1";"1";""
"201900017726";"138 273 291";"A01";"1";"7";"1";"0";"7";"9";"1";""
"201900017726";"138 273 292";"B01";"0";"7";"0";"0";"6";"22";"0";""
"201900017727";"138 273 290";"A01";"1";"7";"0";"1";"1";"15";"1";""
"201900017728";"138 273 287";"C01";"3";"7";"0";"2";"4";"23";"1";""
"201900017728";"138 273 288";"B01";"3";"7";"0";"2";"4";"23";"1";""
"201900017728";"138 273 289";"A01";"3";"7";"0";"2";"1";"26";"1";""
"201900017729";"138 273 285";"A01";"1";"7";"0";"2";"3";"0";"1";""
"201900017729";"138 273 286";"B01";"1";"7";"0";"2";"2";"0";"1";""
"201900017730";"138 273 283";"A01";"3";"7";"0";"2";"1";"0";"0";""
"201900017730";"138 273 284";"B01";"3";"7";"0";"2";"7";"0";"0";""
"201900017731";"138 273 281";"B01";"2";"31";"0";"2";"1";"1";"1";""
"201900017731";"138 273 282";"A01";"1";"7";"0";"2";"2";"15";"1";""
"201900017732";"138 273 280";"A01";"3";"7";"0";" -1";"2";"2";"1";""
"201900017733";"138 273 279";"A01";"2";"7";"0";"1";"3";"19";"1";""
"201900017734";"138 273 277";"A01";"0";"7";"0";"2";"1";"1";"1";""
"201900017734";"138 273 278";"B01";"0";"7";"0";"2";"4";"1";"1";""
"201900017735";"138 273 275";"A01";"2";"7";"0";"2";"3";"1";"1";""
"201900017735";"138 273 276";"B01";"1";"50";"0";"2";"1";"19";"3";""
"201900017736";"138 273 273";"B01";"1";"10";"0";"2";"6";"1";"1";""
"201900017736";"138 273 274";"A01";"1";"7";"0";"2";"1";"1";"1";""
"201900017737";"138 273 271";"A01";"1";"33";"0";"2";"3";"3";"1";""
"201900017737";"138 273 272";"B01";"1";"7";"0";"2";"2";"12";"1";""
"201900017738";"138 273 268";"A01";"2";"7";"0";"2";"1";"2";"1";""
"201900017738";"138 273 269";"B01";"2";"7";"0";"2";"4";"2";"1";""
"201900017738";"138 273 270";"C01";"2";"7";"0";"2";"4";"2";"1";""
"201900017739";"138 273 266";"B01";"2";"14";"0";"2";"4";"1";"1";""
"201900017739";"138 273 267";"A01";"2";"7";"0";"2";"4";"12";"1";""
"201900017740";"138 273 265";"A01";"2";"7";"3";"0";"8";"13";"1";""
"201900017741";"138 273 263";"B01";"2";"7";"0";"2";"6";"1";"1";""
"201900017741";"138 273 264";"A01";"2";"43";"0";"2";"2";"17";"1";""
"201900017742";"138 273 259";"D01";"1";"10";"0";"2";"4";"23";"1";""
"201900017742";"138 273 260";"C01";"1";"7";"0";"2";"4";"23";"1";""
"201900017742";"138 273 261";"B01";"1";"7";"0";"2";"4";"23";"1";""
"201900017742";"138 273 262";"A01";"1";"14";"1";"0";"1";"2";"1";""
"201900017743";"138 273 257";"A01";"2";"10";"0";"2";"1";"9";"1";""
"201900017743";"138 273 258";"B01";"1";"10";"0";"2";"3";"0";"1";""
"201900017744";"138 273 255";"A01";"3";"10";"0";"2";"8";"1";"1";""
"201900017744";"138 273 256";"B01";"3";"30";"0";"2";"1";"1";"1";""
"201900017745";"138 273 254";"A01";"1";"7";"12";"0";"2";"25";"1";""
"201900017746";"138 273 252";"B01";"1";"7";"0";"2";"1";"19";"1";""
"201900017746";"138 273 253";"A01";"2";"34";"0";"2";"4";"19";"1";""
"201900017747";"138 273 250";"B01";"2";"33";"0";"2";"0";"1";"1";""
"201900017747";"138 273 251";"A01";"1";"99";"0";"2";"2";"15";"1";""
"201900017748";"138 273 248";"B01";"2";"7";"0";"2";"1";"0";"1";""
"201900017748";"138 273 249";"A01";"1";"7";"0";"2";"1";"11";"1";""
"201900017749";"138 273 247";"A01";"1";"31";"12";"0";"7";"26";"1";""
"201900017750";"138 273 245";"A01";"2";"31";"1";"2";"1";"1";"1";""
"201900017750";"138 273 246";"B01";"1";"7";"0";"2";"5";"15";"1";""
"201900017751";"138 273 243";"B01";"1";"7";"0";"2";"4";"2";"1";""
"201900017751";"138 273 244";"A01";"1";"7";"0";"2";"3";"2";"1";""
"201900017752";"138 273 241";"B01";"3";"7";"0";"2";"3";"15";"1";""
"201900017752";"138 273 242";"A01";"0";"30";"0";"2";"1";"1";"1";""
"201900017753";"138 273 238";"A01";"3";"30";"0";"0";"0";"0";"6";""
"201900017754";"138 273 237";"A01";"0";"7";"9";"0";"1";"1";"1";""
"201900017755";"138 273 235";"A01";"2";"7";"0";"6";"2";"19";"0";""
"201900017755";"138 273 236";"B01";"2";"99";"0";"2";"6";"1";"3";""
"201900017756";"138 273 233";"A01";"3";"7";"0";"2";"2";"15";"0";""
"201900017756";"138 273 234";"B01";"3";"7";"0";"2";"1";"1";"0";""
"201900017757";"138 273 231";"A01";"1";"3";"0";"2";"1";"1";"1";""
"201900017757";"138 273 232";"B01";"1";"3";"0";"2";"8";"1";"1";""
"201900017758";"138 273 229";"A01";"2";"7";"0";"2";"3";"1";"0";""
"201900017758";"138 273 230";"B01";"1";"7";"0";"2";"3";"17";"0";""
"201900017759";"138 273 228";"A01";"2";"7";"0";"1";"7";"1";"1";""
"201900017760";"138 273 226";"B01";"2";"33";"0";"2";"2";"1";"1";""
"201900017760";"138 273 227";"A01";"1";"10";"0";"2";"6";"15";"1";""
"201900017761";"138 273 224";"A01";"2";"3";"0";"2";"1";"1";"1";""
"201900017761";"138 273 225";"B01";"2";"7";"0";"2";"4";"23";"1";""
"201900017762";"138 273 222";"B01";"1";"10";"0";"2";"5";"15";"1";""
"201900017762";"138 273 223";"A01";"1";"7";"0";"2";"1";"2";"1";""
"201900017763";"138 273 220";"B01";"3";"7";"0";"2";"3";"15";"1";""
"201900017763";"138 273 221";"A01";"3";"30";"0";"2";"1";"2";"1";""
"201900017764";"138 273 218";"A01";"2";"10";"0";"2";"7";"20";"1";""
"201900017764";"138 273 219";"B01";"1";"33";"0";"2";"1";"1";"1";""
"201900017765";"138 273 216";"B01";"3";"7";"0";"0";"0";"19";"1";""
"201900017765";"138 273 217";"A01";"1";"32";"0";"2";"1";"14";"0";""
"201900017766";"138 273 211";"A01";"3";"7";"0";"1";"3";"15";"1";""
"201900017767";"138 273 209";"A01";"1";"30";"0";"2";"1";"15";"1";""
"201900017767";"138 273 210";"B01";"1";"7";"0";"2";"1";"2";"1";""
"201900017768";"138 273 207";"A01";"1";"32";"0";"2";"0";"0";"1";""
"201900017768";"138 273 208";"B01";"1";"7";"0";"2";"8";"26";"1";""
"201900017769";"138 273 204";"A01";"2";"7";"6";"2";"0";"0";"1";""
"201900017769";"138 273 205";"B01";"2";"7";"6";"0";"0";"0";"1";""
"201900017769";"138 273 206";"D01";"2";"7";"9";"2";"0";"1";"0";""
"201900017770";"138 273 202";"A01";"2";"33";"0";"2";"8";"13";"1";""
"201900017770";"138 273 203";"B01";"1";"7";"0";"2";"8";"1";"1";""
"201900017771";"138 273 201";"A01";"1";"30";"0";"0";"1";"14";"1";""
"201900017772";"138 273 199";"A01";"1";"10";"0";"2";"1";"9";"1";""
"201900017772";"138 273 200";"B01";"2";"33";"0";"2";"7";"1";"1";""
"201900017773";"138 273 196";"A01";"0";"33";"8";"0";"1";"1";"1";""
"201900017774";"138 273 193";"A01";"2";"37";"0";"1";"1";"26";"1";"1"
"201900017775";"138 273 183";"A01";"1";"7";"0";"2";"2";"15";"1";""
"201900017775";"138 273 184";"B01";"2";"2";"0";"2";"1";"0";"1";""
"201900017776";"138 273 179";"D01";"2";"7";"0";"2";"1";"1";"1";""
"201900017776";"138 273 180";"C01";"2";"7";"0";"2";"4";"1";"0";""
"201900017776";"138 273 181";"B01";"2";"7";"0";"2";"3";"1";"1";""
"201900017776";"138 273 182";"A01";"2";"7";"0";"2";"7";"17";"1";""
"201900017777";"138 273 175";"A01";"1";"33";"0";"2";"1";"2";"1";""
"201900017777";"138 273 176";"B01";"1";"7";"0";"2";"5";"2";"1";""
"201900017778";"138 273 174";"A01";"1";"1";"0";"1";"0";"25";"5";""
"201900017779";"138 273 172";"A01";"2";"7";"0";"2";"1";"2";"0";""
"201900017779";"138 273 173";"B01";"2";"7";"0";"1";"4";"2";"0";""
"201900017780";"138 273 170";"B01";"1";"1";"0";"2";"0";"0";"5";""
"201900017780";"138 273 171";"A01";"1";"10";"0";"2";"1";"9";"1";""
"201900017781";"138 273 169";"A01";"1";"7";"0";"1";"3";"1";"1";""
"201900017782";"138 273 167";"A01";"2";"2";"0";"2";"8";"16";"1";""
"201900017782";"138 273 168";"B01";"3";"33";"0";"2";"8";"0";"1";""
"201900017783";"138 273 165";"A01";"2";"7";"0";"2";"2";"1";"1";""
"201900017783";"138 273 166";"B01";"2";"1";"0";"2";"4";"1";"5";""
"201900017784";"138 273 163";"B01";"3";"7";"0";"2";"3";"15";"1";""
"201900017784";"138 273 164";"A01";"3";"33";"0";"2";"1";"1";"1";""
"201900017785";"138 273 162";"A01";"2";"30";"0";"0";"0";"1";"1";""
"201900017786";"138 273 160";"A01";"2";"7";"0";"1";"1";"19";"1";""
"201900017786";"138 273 161";"B01";"1";"1";"0";"2";"7";"1";"5";""
"201900017787";"138 273 158";"A01";"2";"7";"0";"1";"2";"21";"6";""
"201900017788";"138 273 152";"B01";"3";"17";"0";"2";"4";"23";"1";""
"201900017788";"138 273 153";"A01";"3";"7";"0";"2";"1";"2";"1";""
"201900017789";"138 273 147";"A01";"1";"7";"8";"0";"7";"1";"1";""
"201900017790";"138 273 145";"B01";"1";"33";"0";"2";"4";"2";"1";""
"201900017790";"138 273 146";"A01";"1";"7";"0";"2";"1";"2";"1";""
"201900017791";"138 273 143";"A01";"1";"7";"0";"2";"1";"9";"1";""
"201900017791";"138 273 144";"B01";"1";"7";"0";"2";"4";"9";"1";""
"201900017792";"138 273 142";"A01";"1";"1";"10";"0";"0";"0";"5";""
"201900017793";"138 273 140";"A01";"1";"7";"0";"2";"5";"1";"1";""
"201900017793";"138 273 141";"B01";"2";"7";"0";"2";"2";"1";"1";""
"201900017794";"138 273 138";"A01";"3";"7";"0";"2";"3";"16";"1";""
"201900017794";"138 273 139";"B01";"2";"7";"0";"2";"1";"1";"1";""
"201900017795";"138 273 136";"B01";"2";"10";"0";"2";"4";"1";"1";""
"201900017795";"138 273 137";"A01";"2";"32";"0";"2";"1";"2";"1";""
"201900017796";"138 273 133";"C01";"1";"1";"0";"2";"7";"2";"5";""
"201900017796";"138 273 134";"B01";"2";"1";"0";"2";"7";"0";"5";""
"201900017796";"138 273 135";"A01";"2";"7";"0";"6";"3";"9";"1";""
"201900017797";"138 273 131";"A01";"1";"7";"0";"2";"3";"15";"1";""
"201900017797";"138 273 132";"Z01";"2";"7";"0";"2";"8";"1";"1";""
"201900017798";"138 273 129";"A01";"2";"7";"0";"2";"3";"9";"1";""
"201900017798";"138 273 130";"B01";"2";"7";"0";"2";"5";"26";"1";""
"201900017799";"138 273 128";"A01";"2";"10";"0";"1";"7";"1";"1";""
"201900017800";"138 273 126";"B01";"2";"7";"0";"0";"0";"13";"1";""
"201900017800";"138 273 127";"A01";"1";"33";"13";"0";"3";"26";"1";""
"201900017801";"138 273 124";"B01";"2";"30";"0";"2";"1";"0";"0";""
"201900017801";"138 273 125";"A01";"3";"7";"0";"2";"6";"15";"0";""
"201900017802";"138 273 121";"A01";"3";"7";"0";"2";"1";"26";"1";""
"201900017802";"138 273 122";"B01";"3";"7";"0";"2";"3";"0";"1";""
"201900017803";"138 273 119";"B01";"0";"1";"0";"2";"4";"1";"5";""
"201900017803";"138 273 120";"A01";"0";"7";"0";"2";"1";"1";"1";""
"201900017804";"138 273 118";"A01";"1";"7";"1";"0";"2";"14";"1";""
"201900017805";"138 273 117";"A01";"1";"7";"0";"1";"1";"26";"1";""
"201900017806";"138 273 116";"A01";"1";"7";"2";"0";"4";"1";"1";""
"201900017807";"138 273 115";"A01";"1";"2";"16";"0";"0";"15";"1";""
"201900017808";"138 273 114";"A01";"1";"7";"0";"1";"2";"1";"1";""
"201900017809";"138 273 112";"B01";"1";"7";"0";"2";"0";"1";"1";""
"201900017809";"138 273 113";"A01";"1";"1";"0";"2";"0";"1";"5";""
"201900017810";"138 273 111";"A01";"1";"7";"0";"1";"1";"1";"1";""
"201900017811";"138 273 109";"B01";"1";"7";"0";"2";"7";"1";"1";""
"201900017811";"138 273 110";"A01";"1";"7";"0";"2";"8";"13";"1";""
"201900017812";"138 273 108";"A01";"1";"7";"0";"1";"2";"1";"0";""
"201900017813";"138 273 106";"B01";"1";"7";"0";"2";"4";"23";"1";""
"201900017813";"138 273 107";"A01";"1";"7";"0";"2";"1";"1";"1";""
"201900017814";"138 273 104";"B01";"1";"7";"0";"2";"2";"1";"1";""
"201900017814";"138 273 105";"A01";"1";"7";"0";"2";"8";"15";"1";""
"201900017815";"138 273 103";"Z01";"1";"7";"0";"1";"1";"1";"1";""
"201900017816";"138 273 101";"B01";"3";"7";"0";"2";"1";"1";"1";""
"201900017816";"138 273 102";"A01";"3";"10";"0";"2";"2";"15";"1";""
"201900017817";"138 273 099";"B01";"1";"2";"0";"2";"1";"1";"1";""
"201900017817";"138 273 100";"A01";"1";"7";"0";"2";"1";"1";"1";""
"201900017818";"138 273 097";"A01";"0";"33";"0";"2";"1";"1";"1";""
"201900017818";"138 273 098";"B01";"0";"10";"0";"2";"1";"1";"1";""
"201900017819";"138 273 095";"B01";"2";"33";"0";"6";"7";"1";"0";""
"201900017819";"138 273 096";"A01";"2";"60";"0";"2";"5";"19";"5";""
"201900017820";"138 273 093";"A01";"1";"1";"0";"0";"0";"0";"5";""
"201900017821";"138 273 090";"A01";"1";"7";"0";"2";"1";"13";"1";""
"201900017821";"138 273 091";"B01";"2";"17";"0";"2";"1";"1";"1";""
"201900017821";"138 273 092";"C01";"1";"7";"0";"2";"8";"1";"1";""
"201900017822";"138 273 088";"B01";"0";"1";"0";"2";"7";"1";"5";""
"201900017822";"138 273 089";"A01";"0";"7";"0";"2";"1";"1";"1";""
"201900017823";"138 273 086";"B01";"2";"7";"0";"2";"8";"11";"1";""
"201900017823";"138 273 087";"A01";"1";"33";"0";"2";"7";"1";"1";""
"201900017824";"138 273 085";"A01";"3";"33";"0";"2";"0";"1";"1";""
"201900017825";"138 273 084";"A01";"3";"7";"0";"1";"2";"16";"1";""
"201900017826";"138 273 083";"A01";"1";"33";"0";"1";"1";"1";"1";""
"201900017827";"138 273 082";"A01";"0";"2";"12";"0";"0";"14";"1";""
"201900017828";"138 273 080";"A01";"1";"7";"0";"2";"2";"15";"1";""
"201900017828";"138 273 081";"B01";"2";"2";"0";"2";"1";"0";"1";""
"201900017829";"138 273 078";"A01";"1";"7";"1";"0";"1";"11";"1";""
"201900017829";"138 273 079";"B01";"1";"10";"0";"0";"4";"23";" -1";""
"201900017830";"138 273 077";"A01";"1";"33";"1";"0";"1";"1";"1";""
"201900017831";"138 273 075";"A01";"1";"10";"12";"0";"5";"16";"3";""
"201900017831";"138 273 076";"B01";"1";"1";"1";"0";"1";"1";"5";""
"201900017832";"138 273 072";"C01";"3";"7";"0";"2";"1";"2";"1";""
"201900017832";"138 273 073";"B01";"3";"7";"0";"2";"4";"2";"1";""
"201900017832";"138 273 074";"A01";"3";"7";"0";"2";"4";"2";"1";""
"201900017833";"138 273 070";"B01";"1";"10";"0";"2";"8";"15";"1";""
"201900017833";"138 273 071";"A01";"1";"32";"0";"2";"1";"17";"1";""
"201900017834";"138 273 068";"A01";"2";"7";"0";"2";"1";"9";"1";""
"201900017834";"138 273 069";"B01";"2";"7";"3";"2";"1";"1";"1";""
"201900017835";"138 273 066";"A01";"1";"7";"0";"2";"3";"9";"1";""
"201900017835";"138 273 067";"B01";"1";"1";"0";"2";"5";"9";"5";""
"201900017836";"138 273 065";"A01";"3";"7";"0";"1";"2";"2";"1";""
"201900017837";"138 273 063";"B01";"2";"33";"0";"2";"7";"1";"1";""
"201900017837";"138 273 064";"Z01";"2";"7";"0";"0";"0";"0";"0";""
"201900017838";"138 273 061";"A01";"3";"7";"8";"2";"9";"16";"1";""
"201900017838";"138 273 062";"B01";"3";"7";"0";"2";"2";"16";"1";""
"201900017839";"138 273 058";"A01";"3";"10";"0";"2";"1";"1";"1";""
"201900017839";"138 273 059";"B01";"3";"10";"0";"2";"4";"1";"1";""
"201900017839";"138 273 060";"C01";"3";"10";"0";"2";"4";"1";"1";""
"201900017840";"138 273 056";"B01";"3";"1";"0";"2";"8";"19";"5";""
"201900017840";"138 273 057";"Z01";"2";"0";"0";"2";"1";"0";"1";""
"201900017841";"138 273 054";"B01";"2";"7";"0";"2";"3";"15";"1";""
"201900017841";"138 273 055";"Z01";"1";"7";"0";"2";"1";"1";"1";""
"201900017842";"138 273 052";"B01";"0";"33";"0";"2";"1";"9";"1";""
"201900017842";"138 273 053";"Z01";"0";"7";"0";"2";"5";"1";"1";""
"201900017843";"138 273 051";"A01";"1";"10";"0";"1";"3";"1";"1";""
"201900017844";"138 273 050";"A01";"3";"2";"1";"0";"1";"1";"1";""
"201900017845";"138 273 048";"A01";"0";"7";"0";"2";"3";"9";"1";""
"201900017845";"138 273 049";"B01";"1";"33";"0";"2";"2";"1";"1";""
"201900017846";"138 273 047";"A01";"1";"7";"0";"1";"3";"1";"1";""
"201900017847";"138 273 045";"B01";"0";"7";"0";"2";"3";"1";"1";""
"201900017847";"138 273 046";"A01";"0";"31";"0";"2";"7";"17";"1";""
"201900017848";"138 273 044";"B01";" -1";"7";" -1";" -1";" -1";" -1";" -1";""
"201900017849";"138 273 042";"B01";"3";"30";"0";"2";"0";"1";"1";""
"201900017849";"138 273 043";"A01";"3";"37";"0";"2";"7";"19";"1";"1"
"201900017850";"138 273 038";"A01";"1";"7";"0";"2";"8";"18";"1";""
"201900017850";"138 273 039";"C01";"1";"7";"0";"2";"1";"0";"1";""
"201900017850";"138 273 040";"B01";"1";"7";"0";"2";"8";"2";"1";""
"201900017851";"138 273 036";"A01";"3";"7";"0";"2";"1";"26";"1";""
"201900017851";"138 273 037";"B01";"3";"7";"0";"2";"7";"0";"1";""
"201900017852";"138 273 034";"Z01";"2";"7";"0";"2";"1";"1";"0";""
"201900017852";"138 273 035";"B01";"2";"33";"0";"2";"4";"0";"0";""
"201900017853";"138 273 032";"B01";"2";"37";"0";"2";"3";"2";"1";"1"
"201900017853";"138 273 033";"A01";"2";"15";"0";"2";"5";"2";"1";""
"201900017854";"138 273 030";"B01";"3";"1";"0";"2";"2";"1";"5";""
"201900017854";"138 273 031";"A01";"3";"7";"0";"6";"1";"15";"1";""
"201900017855";"138 273 028";"A01";"1";"30";"0";"2";"1";"25";"1";""
"201900017855";"138 273 029";"B01";"0";"7";"0";"2";"2";"26";"1";""
"201900017856";"138 273 026";"A01";"1";"7";"0";"2";"1";"2";"1";""
"201900017856";"138 273 027";"B01";"1";"2";"0";"2";"4";"2";"1";""
"201900017857";"138 273 024";"B01";"2";"7";"0";"2";"4";"1";"6";""
"201900017857";"138 273 025";"A01";"2";"2";"0";"2";"4";"1";"6";""
"201900017858";"138 273 023";"A01";"3";"7";"0";"1";"1";"11";"1";""
"201900017859";"138 273 021";"B01";"2";"7";"0";"2";"5";"0";"1";""
"201900017859";"138 273 022";"A01";"2";"7";"0";"2";"3";"2";"1";""
"201900017860";"138 273 019";"A01";"2";"10";"0";"2";"1";"17";"1";""
"201900017860";"138 273 020";"B01";"2";"7";"0";"2";"8";"15";"1";""
"201900017861";"138 273 016";"A01";"2";"33";"0";"2";"8";"3";"1";""
"201900017861";"138 273 017";"B01";"2";"7";"0";"2";"7";"1";"1";""
"201900017861";"138 273 018";"C01";"2";"7";"0";"2";"6";"1";"1";""
"201900017862";"138 273 015";"A01";"2";"32";"0";"2";"7";"3";"1";""
"201900017863";"138 273 013";"A01";"1";"7";"0";"2";"8";"1";"1";""
"201900017863";"138 273 014";"B01";"1";"7";"0";"2";"1";"1";"1";""
"201900017864";"138 273 012";"A01";"1";"50";"0";"1";"1";"7";"3";""
"201900017865";"138 273 010";"Z01";"1";"7";"0";"2";"5";"1";"1";""
"201900017865";"138 273 011";"A01";"2";"50";"0";"2";"1";"1";"3";""
"201900017866";"138 273 008";"B01";"1";"7";"0";"2";"6";"1";"1";""
"201900017866";"138 273 009";"A01";"2";"1";"0";"2";"0";"1";"5";""
"201900017867";"138 273 006";"B01";"2";"1";"0";"2";"1";"1";"5";""
"201900017867";"138 273 007";"A01";"1";"1";"0";"2";"1";"1";"5";""
"201900017868";"138 273 005";"A01";"1";"43";"0";"1";"1";"1";"1";""
"201900017869";"138 273 003";"Z01";"1";"10";"0";"2";"0";"1";"1";""
"201900017869";"138 273 004";"A01";"1";"60";"0";"2";"0";"1";"5";""
"201900017870";"138 273 001";"B01";"2";"30";"0";"2";"7";"1";"3";""
"201900017870";"138 273 002";"A01";"2";"60";"0";"2";"8";"19";"5";""
"201900017871";"138 272 999";"A01";"1";"33";"1";"2";"8";"15";"1";""
"201900017871";"138 273 000";"B01";"2";"7";"0";"2";"3";"1";"1";""
"201900017872";"138 272 997";"A01";"1";"7";"0";"2";"2";"1";"1";""
"201900017872";"138 272 998";"B01";"2";"7";"0";"2";"3";"1";"0";""
"201900017873";"138 272 995";"B01";"2";"1";"0";"2";"0";"1";"5";""
"201900017873";"138 272 996";"A01";"2";"10";"0";"2";"3";"22";"1";""
"201900017874";"138 272 993";"B01";"1";"31";"0";"2";"7";"1";"1";""
"201900017874";"138 272 994";"A01";"1";"30";"0";"2";"8";"13";"3";""
"201900017875";"138 272 991";"B01";"2";"7";"0";"2";"5";"14";"1";""
"201900017875";"138 272 992";"A01";"2";"34";"0";"2";"3";"18";"1";""
"201900017876";"138 272 990";"A01";"2";"50";"0";"0";"1";"7";"3";""
"201900017877";"138 272 988";"B01";"2";"1";"0";"2";"1";"2";"5";""
"201900017877";"138 272 989";"A01";"2";"7";"0";"2";"6";"23";"1";""
"201900017878";"138 272 987";"Z01";"1";"7";"0";"1";"1";"1";"0";""
"201900017879";"138 272 985";"B01";"2";"43";"0";"2";"3";"1";"1";""
"201900017879";"138 272 986";"A01";"2";"7";"0";"2";"2";"16";"1";""
"201900017880";"138 272 983";"B01";"1";"7";"0";"2";"2";"1";"1";""
"201900017880";"138 272 984";"A01";"2";"33";"0";"2";"7";"1";"1";""
"201900017881";"138 272 979";"D01";"1";"7";"0";"2";"4";"23";"3";""
"201900017881";"138 272 980";"C01";"1";"7";"0";"2";"3";"23";"1";""
"201900017881";"138 272 981";"B01";"1";"33";"0";"2";"4";"23";"1";""
"201900017881";"138 272 982";"A01";"1";"10";"0";"2";"1";"2";"1";""
"201900017882";"138 272 978";"A01";"1";"43";"0";"2";"0";"13";"0";""
"201900017883";"138 272 977";"A01";"1";"30";"0";"0";"0";"1";"1";""
"201900017884";"138 272 975";"A01";"1";"30";"0";"2";"1";"17";"1";""
"201900017884";"138 272 976";"Z01";"1";"7";"0";"2";"8";"26";"0";""
"201900017885";"138 272 973";"A01";"3";"13";"0";"2";"2";"16";"0";""
"201900017885";"138 272 974";"B01";"3";"2";"0";"2";"6";"18";"0";""
"201900017886";"138 272 971";"A01";"1";"7";"0";"2";"2";"9";"0";""
"201900017886";"138 272 972";"B01";"2";"7";"0";"2";"3";"0";"0";""
"201900017887";"138 272 970";"Z01";"1";"7";"0";"1";"1";"2";"0";""
"201900017888";"138 272 967";"A01";"1";"7";"0";"1";"1";"26";"6";""
"201900017889";"138 272 966";"A01";"1";"3";"14";"0";"3";"21";"1";""
"201900017890";"138 272 963";"C01";"3";"7";"0";"2";"4";"2";"1";""
"201900017890";"138 272 964";"B01";"2";"7";"0";"2";"4";"2";"1";""
"201900017890";"138 272 965";"A01";"2";"7";"0";"2";"1";"2";"1";""
"201900017891";"138 272 961";"A01";"2";"34";"0";"2";"3";"1";"1";""
"201900017891";"138 272 962";"B01";"2";"7";"0";"2";"2";"1";"1";""
"201900017892";"138 272 959";"B01";"1";"7";"0";"2";"1";"19";"1";""
"201900017892";"138 272 960";"A01";"1";"33";"0";"2";"8";"19";"1";""
"201900017893";"138 272 958";"A01";"3";"17";"3";"0";"3";"13";"1";""
"201900017894";"138 272 956";"B01";"2";"7";"0";"2";"1";"1";"1";""
"201900017894";"138 272 957";"A01";"2";"7";"0";"2";"4";"1";"1";""
"201900017895";"138 272 954";"A01";"0";"7";"0";"2";"3";"15";"6";""
"201900017895";"138 272 955";"B01";"0";"2";"0";"2";"8";"0";"0";""
"201900017896";"138 272 952";"A01";"0";"1";"0";"2";"1";"1";"5";""
"201900017896";"138 272 953";"B01";"1";"2";"0";"2";"0";"0";"0";""
"201900017897";"138 272 950";"A01";"2";"99";"0";"2";"1";"5";"1";""
"201900017897";"138 272 951";"B01";"2";"7";"0";"2";"1";"1";"1";""
"201900017898";"138 272 948";"A01";"2";"10";"0";"2";"1";"1";"1";""
"201900017898";"138 272 949";"B01";"2";"7";"0";"2";"8";"9";"1";""
"201900017899";"138 272 946";"B01";"1";"7";"0";"2";"3";"9";"1";""
"201900017899";"138 272 947";"A01";"3";"7";"0";"2";"2";"15";"1";""
"201900017900";"138 272 944";"A01";"3";"33";"0";"2";"1";"1";"1";""
"201900017900";"138 272 945";"B01";"3";"7";"0";"2";"3";"1";"1";""
"201900017901";"138 272 943";"A01";"1";"7";"0";"1";"1";"1";"1";""
"201900017902";"138 272 942";"A01";"1";"99";"0";"1";"1";"19";"1";""
"201900017903";"138 272 940";"B01";"1";"37";"0";"6";"4";"2";"1";"2"
"201900017903";"138 272 941";"A01";"1";"37";"0";"2";"1";"19";"0";"1"
"201900017904";"138 272 938";"A01";"2";"10";"0";"2";"3";"15";"1";""
"201900017904";"138 272 939";"B01";"2";"32";"0";"2";"1";"17";"1";""
"201900017905";"138 272 937";"A01";"1";"1";"0";"1";"8";"11";"5";""
"201900017906";"138 272 936";"A01";"2";"7";"0";"1";"8";"1";"1";""
"201900017907";"138 272 934";"B01";"1";"34";"0";"2";"1";"1";"0";""
"201900017907";"138 272 935";"A01";"2";"7";"1";"2";"5";"15";"0";""
"201900017908";"138 272 932";"B01";"2";"7";"0";"2";"3";"23";"1";""
"201900017908";"138 272 933";"A01";"1";"10";"0";"2";"1";"16";"3";""
"201900017909";"138 272 931";"A01";"0";"30";"0";"1";"1";"19";"1";""
"201900017910";"138 272 930";"A01";"2";"33";"16";"0";"0";"1";"1";""
"201900017911";"138 272 928";"A01";"1";"7";"0";"2";"1";"1";"1";""
"201900017911";"138 272 929";"B01";"2";"7";"0";"2";"1";"1";"1";""
"201900017912";"138 272 925";"C01";"1";"7";"0";"2";"1";"2";"1";""