"Num_Acc";"id_vehicule";"num_veh";"senc";"catv";"obs";"obsm";"choc";"manv";"motor";"occutc"
"201900018104";"138 272 544";"A01";"2";"2";"0";"2";"8";"1";"1";""
"201900018105";"138 272 540";"A01";"1";"7";"0";"2";"2";"12";"1";""
"201900018105";"138 272 541";"B01";"1";"7";"0";"2";"6";"1";"1";""
"201900018105";"138 272 542";"C01";"1";"7";"0";"2";"8";"1";"1";""
"201900018106";"138 272 539";"A01";"1";"50";"0";"0";"0";"26";"3";""
"201900018107";"138 272 538";"A01";"1";"7";"0";"1";"4";"4";"1";""
"201900018108";"138 272 536";"A01";"1";"7";"0";"0";"8";"1";"1";""
"201900018108";"138 272 537";"B01";"1";"31";"0";"2";"1";"1";"1";""
"201900018109";"138 272 535";"A01";"1";"13";"1";"1";"2";"12";"1";""
"201900018110";"138 272 533";"A01";"2";"7";"0";"1";"3";"2";"1";""
"201900018110";"138 272 534";"B01";"0";"50";"0";"0";"3";"1";"3";""
"201900018111";"138 272 531";"B01";"1";"7";"0";"2";"2";"10";"1";""
"201900018111";"138 272 532";"A01";"1";"34";"0";"2";"8";"1";"1";""
"201900018112";"138 272 529";"B01";"3";"7";"0";"2";"2";"1";"0";""
"201900018112";"138 272 530";"A01";"3";"10";"0";"2";"5";"15";"0";""
"201900018113";"138 272 528";"A01";"3";"1";"0";"1";"1";"16";"5";""
"201900018114";"138 272 527";"A01";"1";"33";"0";"0";"8";"1";"1";""
"201900018115";"138 272 526";"A01";"3";"7";"1";"2";"1";"21";"1";""
"201900018116";"138 272 525";"A01";"1";"43";"0";"1";"1";"1";"1";""
"201900018117";"138 272 523";"A01";"1";"7";"0";"2";"3";"16";"6";""
"201900018117";"138 272 524";"B01";"1";"7";"0";"2";"2";"2";"6";""
"201900018118";"138 272 521";"A01";"2";"7";"0";"2";"1";"15";"1";""
"201900018118";"138 272 522";"B01";"1";"7";"0";"2";"3";"1";"1";""
"201900018119";"138 272 520";"A01";"3";"3";"0";"1";"1";"9";"0";""
"201900018120";"138 272 518";"B01";"1";"7";"0";"2";"7";"1";"1";""
"201900018120";"138 272 519";"A01";"2";"2";"0";"2";"1";"1";"1";""
"201900018121";"138 272 516";"A01";"1";"7";"0";"2";"1";"9";"1";""
"201900018121";"138 272 517";"B01";"1";"7";"0";"2";"4";"1";"1";""
"201900018122";"138 272 514";"A01";"2";"30";"0";"2";"7";"1";"0";""
"201900018122";"138 272 515";"B01";"1";"7";"0";"2";"1";"1";"0";""
"201900018123";"138 272 512";"A01";"2";"50";"0";"2";"1";"26";"3";""
"201900018123";"138 272 513";"B01";"1";"7";"0";"2";"1";"15";"1";""
"201900018124";"138 272 511";"A01";"1";"7";"0";"1";"1";"1";"0";""
"201900018125";"138 272 510";"A01";"1";"7";"0";"1";"1";"1";"0";""
"201900018126";"138 272 508";"A01";"2";"34";"0";"2";"6";"18";"1";""
"201900018126";"138 272 509";"B01";"2";"7";"0";"2";"2";"20";"1";""
"201900018127";"138 272 506";"A01";"1";"1";"9";"0";"2";"1";"5";""
"201900018127";"138 272 507";"B01";"1";"7";"9";"0";"3";"1";"0";""
"201900018128";"138 272 505";"A01";"2";"7";"0";"1";"7";"1";"1";""
"201900018129";"138 272 503";"A01";"2";"31";"0";"2";"7";"8";"0";""
"201900018129";"138 272 504";"B01";"2";"7";"0";"2";"8";"15";"0";""
"201900018130";"138 272 501";"B01";"3";"1";"9";"0";"7";"5";"5";""
"201900018130";"138 272 502";"A01";"3";"7";"9";"0";"3";"1";"0";""
"201900018131";"138 272 499";"B01";"2";"7";"0";"2";"3";"2";"1";""
"201900018131";"138 272 500";"A01";"1";"1";"0";"2";"1";"2";"0";""
"201900018132";"138 272 497";"B01";"3";"34";"0";"2";"1";"1";"1";""
"201900018132";"138 272 498";"A01";"3";"7";"0";"2";"5";"1";"1";""
"201900018133";"138 272 495";"A01";"1";"7";"0";"2";"1";"1";"1";""
"201900018133";"138 272 496";"B01";"2";"7";"0";"2";"3";"1";"1";""
"201900018134";"138 272 493";"A01";"2";"10";"0";"2";"0";"0";"0";""
"201900018134";"138 272 494";"B01";"2";"7";"0";"2";"4";"26";"0";""
"201900018135";"138 272 491";"A01";"1";"7";"0";"2";"3";"15";"0";""
"201900018135";"138 272 492";"B01";"1";"2";"0";"2";"1";"17";"0";""
"201900018136";"138 272 489";"A01";"3";"32";"0";"2";"1";"2";"0";""
"201900018136";"138 272 490";"B01";"1";"7";"0";"2";"4";"1";"0";""
"201900018137";"138 272 487";"B01";"1";"7";"0";"2";"4";"1";"1";""
"201900018137";"138 272 488";"A01";"1";"7";"0";"2";"1";"1";"1";""
"201900018138";"138 272 485";"B01";"2";"32";"0";"2";"3";"1";"1";""
"201900018138";"138 272 486";"A01";"2";"7";"0";"2";"7";"12";"1";""
"201900018139";"138 272 483";"A01";"2";"10";"0";"2";"3";"10";"1";""
"201900018139";"138 272 484";"B01";"2";"43";"0";"2";"6";"1";"1";""
"201900018140";"138 272 480";"A01";"3";"7";"0";"2";"1";"1";"1";""
"201900018140";"138 272 481";"C01";"0";"10";"1";"0";"0";"0";"1";""
"201900018140";"138 272 482";"B01";"3";"7";"1";"0";"5";"1";"1";""
"201900018141";"138 272 476";"B01";"2";"3";"0";"2";"7";"16";"0";""
"201900018141";"138 272 477";"A01";"2";"33";"0";"2";"8";"3";"0";""
"201900018142";"138 272 475";"A01";"3";"7";"12";"0";"1";"5";"0";""
"201900018143";"138 272 473";"A01";"1";"10";"0";"2";"7";"26";"1";""
"201900018143";"138 272 474";"B01";"2";"1";"0";"2";"8";"2";"0";""
"201900018144";"138 272 472";"A01";"1";"30";"0";"0";"7";"16";"1";""
"201900018145";"138 272 471";"A01";"2";"7";"0";"1";"3";"1";"1";""
"201900018146";"138 272 469";"A01";"2";"30";"0";"2";"1";"5";"1";""
"201900018146";"138 272 470";"B01";"1";"7";"0";"2";"3";"2";"1";""
"201900018147";"138 272 467";"B01";"2";"7";"0";"2";"2";"2";"0";""
"201900018147";"138 272 468";"A01";"1";"50";"0";"2";"0";"1";"3";""
"201900018148";"138 272 465";"A01";"1";"7";"0";"2";"2";"16";"1";""
"201900018148";"138 272 466";"B01";"1";"50";"0";"2";"1";"2";"3";""
"201900018149";"138 272 464";"A01";"1";"7";"0";"0";"0";"0";"0";""
"201900018150";"138 272 462";"B01";"1";"32";"1";"2";"1";"1";"1";""
"201900018150";"138 272 463";"A01";"1";"7";"0";"2";"0";"12";"0";""
"201900018151";"138 272 460";"A01";"2";"7";"0";"2";"3";"1";"1";""
"201900018151";"138 272 461";"B01";"1";"1";"0";"2";"4";"1";"6";""
"201900018152";"138 272 459";"A01";"2";"7";"0";"1";"1";"1";"0";""
"201900018153";"138 272 458";"A01";"3";"10";"0";"1";"3";"26";"1";""
"201900018154";"138 272 457";"A01";"2";"50";"0";"1";"1";"26";"3";""
"201900018155";"138 272 455";"B01";"1";"1";"1";"0";"7";"3";"5";""
"201900018155";"138 272 456";"A01";"1";"10";"0";"2";"8";"22";"1";""
"201900018156";"138 272 454";"A01";"1";"7";"0";"1";"3";"21";"1";""
"201900018157";"138 272 452";"A01";"1";"50";"0";"2";"1";"0";"3";""
"201900018157";"138 272 453";"B01";"1";"7";"0";"1";"1";"19";"1";""
"201900018158";"138 272 451";"A01";"3";"10";"0";"1";"2";"26";"1";""
"201900018159";"138 272 450";"A01";"2";"30";"9";"0";"0";"1";"0";""
"201900018160";"138 272 448";"B01";"2";"1";"0";"2";"4";"19";"0";""
"201900018160";"138 272 449";"A01";"1";"7";"0";"2";"2";"9";"0";""
"201900018161";"138 272 446";"B01";"2";"50";"0";"2";"0";"0";"3";""
"201900018161";"138 272 447";"A01";"1";"7";"0";"6";"0";"0";"1";""
"201900018162";"138 272 445";"A01";"1";"40";"0";"1";"2";"2";"3";""
"201900018163";"138 272 444";"A01";"2";"7";"0";"1";"3";"15";"1";""
"201900018164";"138 272 442";"A01";"1";"7";"0";"2";"3";"1";"1";""
"201900018164";"138 272 443";"B01";"1";"50";"0";"2";"1";"25";"3";""
"201900018165";"138 272 441";"A01";"1";"7";"0";"1";"2";"1";"1";""
"201900018166";"138 272 439";"A01";"2";"7";"0";"6";"1";"15";"1";""
"201900018166";"138 272 440";"B01";"1";"1";"0";"2";"1";"1";"0";""
"201900018167";"138 272 437";"A01";"2";"7";"0";"2";"1";"2";"1";""
"201900018167";"138 272 438";"B01";"2";"7";"0";"2";"4";"23";"1";""
"201900018168";"138 272 436";"A01";"1";"3";"0";"1";"1";"20";"1";""
"201900018169";"138 272 434";"B01";"3";"7";"0";"2";"8";"19";"1";""
"201900018169";"138 272 435";"A01";"1";"31";"0";"2";"1";"1";"1";""
"201900018170";"138 272 432";"B01";"1";"7";"0";"2";"1";"1";"1";""
"201900018170";"138 272 433";"A01";"1";"7";"0";"0";"0";"0";"0";""
"201900018171";"138 272 430";"B01";"1";"7";"0";"2";"7";"1";"1";""
"201900018171";"138 272 431";"A01";"1";"7";"0";"2";"3";"9";"1";""
"201900018172";"138 272 428";"A01";"1";"7";"0";"2";"1";"11";"1";""
"201900018172";"138 272 429";"B01";"1";"7";"0";"2";"4";"1";"1";""
"201900018173";"138 272 426";"B01";"1";"7";"0";"2";"6";"11";"1";""
"201900018173";"138 272 427";"A01";"1";"7";"0";"2";"2";"21";"1";""
"201900018174";"138 272 424";"A01";"1";"7";"0";"2";"1";"16";"1";""
"201900018174";"138 272 425";"B01";"1";"7";"13";"2";"7";"1";"1";""
"201900018175";"138 272 422";"B01";"1";"2";"0";"2";"0";"0";"0";""
"201900018175";"138 272 423";"A01";"1";"3";"0";"2";"8";"13";"0";""
"201900018176";"138 272 421";"A01";"2";"7";"0";"0";"1";"0";"1";""
"201900018177";"138 272 419";"B01";"2";"32";"1";"2";"8";"1";"1";""
"201900018177";"138 272 420";"A01";"2";"7";"1";"2";"2";"15";"1";""
"201900018178";"138 272 418";"A01";"1";"7";"0";"1";"3";"1";"1";""
"201900018179";"138 272 416";"A01";"2";"7";"0";"2";"1";"2";"1";""
"201900018179";"138 272 417";"B01";"2";"7";"0";"2";"4";"2";"1";""
"201900018180";"138 272 415";"A01";"2";"37";"0";"1";"3";"1";"1";"1"
"201900018181";"138 272 413";"A01";"1";"7";"0";"2";"1";"2";"1";""
"201900018181";"138 272 414";"B01";"1";"7";"0";"2";"4";"1";"1";""
"201900018182";"138 272 412";"A01";"1";"30";"0";"1";"1";"14";"1";""
"201900018183";"138 272 409";"C01";"1";"7";"0";"2";"8";"24";"1";""
"201900018183";"138 272 410";"B01";"2";"10";"0";"2";"4";"2";"1";""
"201900018183";"138 272 411";"A01";"2";"10";"0";"2";"2";"2";"1";""
"201900018184";"138 272 408";"A01";"1";"7";"0";"1";"1";"1";"1";""
"201900018185";"138 272 407";"A01";"2";"30";"4";"0";"0";"1";"1";""
"201900018186";"138 272 405";"B01";"2";"7";"0";"2";"4";"26";"1";""
"201900018186";"138 272 406";"A01";"2";"31";"0";"2";"1";"26";"0";""
"201900018187";"138 272 404";"A01";"1";"7";"0";"1";"2";"16";"1";""
"201900018188";"138 272 402";"B01";"1";"33";"0";"2";"0";"13";"1";""
"201900018188";"138 272 403";"A01";"1";"33";"0";"2";"0";"2";"1";""
"201900018189";"138 272 401";"A01";"2";"33";"0";"1";"1";"0";"1";""
"201900018190";"138 272 399";"B01";"1";"7";"0";"2";"4";"1";"1";""
"201900018190";"138 272 400";"A01";"1";"7";"0";"2";"1";"2";"1";""
"201900018191";"138 272 398";"A01";"1";"7";"0";"1";"2";"1";"1";""
"201900018192";"138 272 395";"A01";"2";"7";"1";"0";"1";"14";"1";""
"201900018193";"138 272 394";"A01";"2";"7";"6";"0";"1";"15";"2";""
"201900018194";"138 272 392";"B01";"1";"37";"0";"2";"2";"8";"2";"1"
"201900018194";"138 272 393";"A01";"2";"30";"0";"2";"3";"15";"1";""
"201900018195";"138 272 390";"B01";"2";"7";"0";"2";"1";"1";"1";""
"201900018195";"138 272 391";"A01";"1";"7";"0";"2";"1";"13";"1";""
"201900018196";"138 272 388";"A01";"2";"7";"0";"2";"2";"15";"1";""
"201900018196";"138 272 389";"B01";"1";"33";"0";"2";"1";"1";"1";""
"201900018197";"138 272 386";"B01";"1";"32";"0";"2";"1";"1";"1";""
"201900018197";"138 272 387";"A01";"2";"50";"0";"2";"1";"5";"3";""
"201900018198";"138 272 384";"B01";"2";"1";"0";"2";"8";"19";"5";""
"201900018198";"138 272 385";"A01";"2";"31";"0";"6";"1";"1";"1";""
"201900018199";"138 272 383";"A01";"1";"10";"0";"1";"1";"17";"1";""
"201900018200";"138 272 381";"B01";"1";"7";"0";"2";"1";"1";"1";""
"201900018200";"138 272 382";"A01";"1";"10";"0";"2";"5";"1";"1";""
"201900018201";"138 272 379";"B01";"1";"37";"0";"2";"4";"23";"1";"1"
"201900018201";"138 272 380";"A01";"1";"30";"14";"0";"1";"26";"1";""
"201900018202";"138 272 378";"A01";"3";"7";"3";"2";"3";"16";"1";""
"201900018203";"138 272 377";"A01";"1";"7";"0";"1";"1";"26";"1";""
"201900018204";"138 272 375";"A01";"3";"7";"0";"2";"2";"9";"1";""
"201900018204";"138 272 376";"B01";"3";"32";"0";"2";"3";"1";"1";""
"201900018205";"138 272 373";"A01";"0";"7";"0";"2";"8";"19";"1";""
"201900018205";"138 272 374";"B01";"0";"1";"0";"0";"0";"0";"0";""
"201900018206";"138 272 371";"A01";"1";"7";"0";"2";"1";"13";"1";""
"201900018206";"138 272 372";"B01";"2";"34";"0";"2";"4";"1";"1";""
"201900018207";"138 272 370";"A01";"1";"30";"0";"2";"1";"1";"0";""
"201900018208";"138 272 368";"B01";"1";"10";"0";"2";"2";"1";"1";""
"201900018208";"138 272 369";"A01";"1";"7";"0";"2";"6";"15";"1";""
"201900018209";"138 272 366";"B01";"3";"33";"0";"0";"8";"1";"1";""
"201900018209";"138 272 367";"A01";"3";"7";"0";"0";"0";"15";"1";""
"201900018210";"138 272 365";"A01";"1";"33";"1";"0";"1";"25";"1";""
"201900018211";"138 272 363";"A01";"1";"7";"0";"2";"2";"15";"1";""
"201900018211";"138 272 364";"B01";"2";"7";"0";"2";"3";"1";"1";""
"201900018212";"138 272 362";"A01";"0";"7";"8";"1";"7";"19";"1";""
"201900018213";"138 272 361";"A01";"1";"34";"12";"0";"1";"1";"1";""
"201900018214";"138 272 359";"A01";"1";"7";"0";"2";"3";"1";"6";""
"201900018214";"138 272 360";"B01";"2";"7";"0";"2";"3";"1";"6";""
"201900018215";"138 272 357";"A01";"2";"31";"0";"2";"4";"11";"1";""
"201900018215";"138 272 358";"B01";"2";"7";"0";"2";"1";"2";"1";""
"201900018216";"138 272 355";"A01";"3";"31";"0";"2";"1";"9";"1";""
"201900018216";"138 272 356";"B01";"1";"7";"0";"2";"2";"1";"1";""
"201900018217";"138 272 353";"A01";"1";"10";"0";"1";"5";"23";"0";""
"201900018217";"138 272 354";"Y01";"1";"50";"1";"0";"1";"17";"3";""
"201900018218";"138 272 351";"A01";"1";"7";"0";"2";"7";"15";"1";""
"201900018218";"138 272 352";"B01";"2";"31";"0";"2";"7";"1";"1";""
"201900018219";"138 272 349";"A01";"1";"7";"0";"2";"1";"7";"1";""
"201900018219";"138 272 350";"B01";"1";"7";"0";"2";"3";"12";"1";""
"201900018220";"138 272 348";"A01";"3";"7";"0";"1";"3";"1";"0";""
"201900018221";"138 272 346";"A01";"3";"7";"0";"2";"8";"2";"1";""
"201900018221";"138 272 347";"B01";"3";"17";"0";"2";"7";"19";"1";""
"201900018222";"138 272 344";"B01";"2";"7";"0";"2";"4";"2";"1";""
"201900018222";"138 272 345";"A01";"2";"7";"0";"2";"1";"2";"1";""
"201900018223";"138 272 342";"A01";"3";"7";"0";"2";"1";"0";"1";""
"201900018223";"138 272 343";"B01";"3";"7";"0";"2";"6";"0";"1";""
"201900018224";"138 272 340";"A01";"1";"7";"0";"2";"1";"5";"1";""
"201900018224";"138 272 341";"B01";"2";"33";"0";"2";"1";"1";"1";""
"201900018225";"138 272 339";"A01";"3";"7";"0";"1";"1";"1";"1";""
"201900018226";"138 272 335";"B01";"1";"1";"0";"2";"1";"1";"5";""
"201900018226";"138 272 336";"A01";"2";"7";"0";"2";"6";"15";"1";""
"201900018227";"138 272 334";"A01";"1";"7";"0";"1";"3";"1";"1";""
"201900018228";"138 272 333";"A01";"0";"30";"0";"0";"8";"1";"1";""
"201900018229";"138 272 332";"A01";"2";"10";"0";"1";"3";"15";"1";""
"201900018230";"138 272 330";"B01";"1";"80";"0";"2";"1";"1";"3";""
"201900018230";"138 272 331";"A01";"2";"7";"0";"2";"3";"9";"1";""
"201900018231";"138 272 326";"D01";"2";"7";"0";"0";"1";"1";"1";""
"201900018231";"138 272 327";"C01";"2";"7";"0";"0";"1";"1";"1";""
"201900018231";"138 272 328";"B01";"2";"33";"0";"0";"6";"13";"1";""
"201900018231";"138 272 329";"A01";"2";"7";"0";"2";"1";"13";"1";""
"201900018232";"138 272 323";"A01";"0";"7";"0";"1";"1";"1";"1";""
"201900018233";"138 272 319";"A01";"1";"7";"0";"2";"1";"15";"1";""
"201900018233";"138 272 320";"B01";"2";"31";"0";"2";"8";"1";"1";""
"201900018234";"138 272 318";"A01";"1";"7";"0";"1";"7";"1";"1";""
"201900018235";"138 272 317";"A01";"0";"7";"8";"0";"2";"13";"1";""
"201900018236";"138 272 316";"A01";"1";"7";"4";"0";"0";"0";"1";""
"201900018237";"138 272 314";"A01";"2";"7";"0";"0";"1";"1";"1";""
"201900018238";"138 272 312";"B01";"1";"30";"0";"2";"1";"1";"0";""
"201900018238";"138 272 313";"A01";"2";"7";"0";"2";"3";"5";"1";""
"201900018239";"138 272 311";"Z01";"1";"7";"0";"1";"1";"0";"0";""
"201900018240";"138 272 309";"Z01";"2";"7";"0";"2";"0";"15";"0";""
"201900018240";"138 272 310";"A01";"1";"30";"0";"2";"2";"1";"1";""
"201900018241";"138 272 307";"B01";"2";"7";"0";"2";"2";"2";"1";""
"201900018241";"138 272 308";"A01";"2";"1";"0";"2";"7";"19";"5";""
"201900018242";"138 272 305";"B01";"1";"2";"0";"0";"0";"0";"1";""
"201900018242";"138 272 306";"A01";"2";"7";"0";"2";"1";"9";"1";""
"201900018243";"138 272 304";"A01";"2";"10";"0";"1";"1";"1";"1";""
"201900018244";"138 272 302";"B01";"2";"7";"0";"2";"1";"1";"1";""
"201900018244";"138 272 303";"A01";"1";"7";"13";"2";"1";"1";"1";""
"201900018245";"138 272 300";"A01";"3";"7";"0";"1";"2";"16";"0";""
"201900018246";"138 272 299";"A01";"1";"7";"0";"1";"1";"1";"1";""
"201900018247";"138 272 297";"A01";"1";"7";"0";"2";"3";"10";"1";""
"201900018247";"138 272 298";"B01";"1";"2";"0";"2";"7";"1";"1";""
"201900018248";"138 272 294";"Z01";"1";"7";"0";"2";"1";"1";"1";""
"201900018248";"138 272 295";"A01";"1";"7";"0";"2";"1";"15";"1";""
"201900018249";"138 272 293";"A01";"2";"7";"0";"1";"2";"1";"1";""
"201900018250";"138 272 292";"A01";"2";"7";"0";"2";"1";"2";"1";""
"201900018251";"138 272 290";"C01";"2";"7";"0";"2";"1";"2";" -1";""
"201900018251";"138 272 291";"B01";"2";"10";"0";"2";"4";"23";"1";""
"201900018252";"138 272 288";"A01";"2";"2";"0";"2";"1";"2";"1";""
"201900018252";"138 272 289";"B01";"1";"7";"0";"2";"5";"1";"1";""
"201900018253";"138 272 286";"A01";"1";"7";"0";"2";"1";"0";"1";""
"201900018253";"138 272 287";"B01";"1";"7";"0";"2";"4";"0";"1";""
"201900018254";"138 272 285";"A01";"1";"7";"0";"1";"0";"0";"1";""
"201900018255";"138 272 284";"A01";"1";"7";"3";"0";"0";"0";"1";""
"201900018256";"138 272 283";"A01";"1";"7";"0";"1";"1";"0";"1";""
"201900018257";"138 272 280";"C01";"2";"7";"0";"0";"4";"0";"0";""
"201900018257";"138 272 281";"B01";"2";"7";"0";"2";"4";"0";"0";""
"201900018257";"138 272 282";"A01";"2";"7";"0";"2";"1";"0";"0";""
"201900018258";"138 272 278";"B01";"0";"7";"0";"2";"2";"0";"1";""
"201900018258";"138 272 279";"A01";"0";"33";"0";"2";"1";"9";"1";""
"201900018259";"138 272 276";"A01";"0";"7";"0";"2";"3";"15";"1";""
"201900018259";"138 272 277";"B01";"3";"1";"0";"2";"3";"0";"5";""
"201900018260";"138 272 273";"C01";"0";"7";"0";"2";"4";"1";"1";""
"201900018260";"138 272 274";"B01";"0";"7";"0";"2";"4";"2";"1";""
"201900018260";"138 272 275";"A01";"0";"7";"0";"2";"1";"2";"1";""
"201900018261";"138 272 270";"A01";"2";"7";"0";"2";"1";"1";"1";""
"201900018261";"138 272 271";"C01";"2";"7";"0";"2";"4";"0";"1";""
"201900018261";"138 272 272";"B01";"2";"7";"0";"2";"1";"1";"1";""
"201900018262";"138 272 269";"Z01";"0";"7";"0";"1";"1";"1";"1";""
"201900018263";"138 272 268";"A01";"3";"7";"0";"1";"1";"1";"1";""
"201900018264";"138 272 267";"A01";"1";"2";"11";"0";"1";"1";"1";""
"201900018265";"138 272 263";"B01";"1";"7";"0";"2";"1";"1";"1";""
"201900018265";"138 272 264";"A01";"2";"3";"0";"2";"8";"19";"1";""
"201900018266";"138 272 260";"C01";"1";"7";"0";"2";"4";"1";"1";""
"201900018266";"138 272 261";"B01";"1";"7";"0";"2";"4";"1";"1";""
"201900018266";"138 272 262";"A01";"1";"7";"0";"2";"1";"1";"1";""
"201900018267";"138 272 258";"A01";"0";"7";"0";"2";"1";"1";"1";""
"201900018267";"138 272 259";"B01";"0";"7";"0";"2";"4";"0";"1";""
"201900018268";"138 272 256";"A01";"2";"7";"0";"2";"1";"15";"1";""
"201900018268";"138 272 257";"B01";"1";"2";"0";"2";"1";"1";"1";""
"201900018269";"138 272 254";"B01";"2";"7";"0";"2";"1";"1";"1";""
"201900018269";"138 272 255";"A01";"1";"7";"0";"2";"8";"19";"1";""
"201900018270";"138 272 253";"A01";"3";"7";"0";"1";"1";"1";"1";""
"201900018271";"138 272 250";"A01";"1";"33";"0";"2";"1";"2";"1";""
"201900018271";"138 272 251";"B01";"1";"7";"0";"2";"6";"1";"1";""
"201900018271";"138 272 252";"C01";"2";"10";"0";"2";"8";"1";"1";""
"201900018272";"138 272 248";"B01";"1";"7";"0";"2";"4";"23";"1";""
"201900018272";"138 272 249";"A01";"1";"7";"0";"2";"1";"2";"1";""
"201900018273";"138 272 246";"A01";"3";"7";"0";"2";"3";"1";"1";""
"201900018273";"138 272 247";"B01";"3";"50";"0";"2";"2";"0";"3";""
"201900018274";"138 272 244";"B01";"2";"10";"0";"2";"4";"23";"1";""
"201900018274";"138 272 245";"A01";"2";"30";"14";"0";"1";"1";"1";""
"201900018275";"138 272 242";"A01";"0";"7";"0";"2";"8";"1";"0";""
"201900018275";"138 272 243";"B01";"0";"2";"0";"2";"2";"16";"0";""
"201900018276";"138 272 240";"B01";"3";"32";"0";"2";"1";"1";"1";""
"201900018276";"138 272 241";"A01";"1";"7";"0";"2";"2";"15";"1";""
"201900018277";"138 272 238";"B01";"3";"2";"0";"2";"2";"1";"1";""
"201900018277";"138 272 239";"A01";"3";"7";"0";"2";"2";"1";"1";""
"201900018278";"138 272 236";"B01";"1";"7";"0";"2";"8";"1";"1";""
"201900018278";"138 272 237";"A01";"1";"7";"0";"2";"7";"1";"1";""
"201900018279";"138 272 233";"B01";"3";"7";"0";"2";"0";"0";"0";""
"201900018279";"138 272 234";"A01";"3";"7";"1";"0";"2";"1";"1";""
"201900018280";"138 272 231";"B01";"1";"7";"0";"2";"4";"2";"1";""
"201900018280";"138 272 232";"A01";"1";"7";"0";"2";"1";"2";"1";""
"201900018281";"138 272 229";"A01";"3";"33";"0";"2";"1";"1";"1";""
"201900018281";"138 272 230";"B01";"3";"32";"0";"2";"4";"16";"1";""
"201900018282";"138 272 228";"A01";"2";"7";"1";"0";"2";"14";"1";""
"201900018283";"138 272 227";"A01";"1";"7";"0";"1";"1";"1";"1";""
"201900018284";"138 272 225";"A01";"1";"7";"0";"2";"5";"1";"1";""
"201900018284";"138 272 226";"B01";"0";"1";"0";"2";"8";"2";"6";""
"201900018285";"138 272 223";"A01";"1";"33";"0";"2";"1";"2";"1";""
"201900018285";"138 272 224";"B01";"1";"7";"0";"2";"5";"2";"1";""
"201900018286";"138 272 222";"A01";"1";"7";"0";"1";"3";"17";"3";""
"201900018287";"138 272 220";"B01";"1";"1";"0";"2";"1";"1";"5";""
"201900018287";"138 272 221";"A01";"1";"7";"0";"2";"0";"16";"1";""
"201900018288";"138 272 219";"A01";"1";"33";"0";"1";"1";"1";"1";""
"201900018289";"138 272 217";"B01";"2";"50";"0";"2";"8";"19";"3";""
"201900018289";"138 272 218";"A01";"2";"7";"0";"2";"3";"16";"2";""
"201900018290";"138 272 216";"A01";"1";"10";"0";"1";"3";"1";"1";""
"201900018291";"138 272 214";"B01";"1";"7";"0";"2";"4";"23";"1";""
"201900018291";"138 272 215";"A01";"1";"7";"0";"2";"1";"2";"1";""
"201900018292";"138 272 213";"A01";"1";"50";"0";"0";"1";"1";"3";""
"201900018293";"138 272 211";"A01";"1";"30";"0";"2";"1";"2";"1";""
"201900018293";"138 272 212";"B01";"1";"7";"0";"2";"6";"2";"1";""
"201900018294";"138 272 210";"A01";"2";"30";"0";"0";"7";"1";"1";""
"201900018295";"138 272 208";"Z01";"1";"2";"0";"2";"8";"11";"0";""
"201900018295";"138 272 209";"A01";"1";"32";"0";"2";"3";"1";"1";""
"201900018296";"138 272 205";"A01";"1";"31";"0";"2";"7";"3";"1";""
"201900018296";"138 272 206";"B01";"1";"10";"0";"2";"5";"23";"1";""
"201900018296";"138 272 207";"Z01";"1";"10";"0";"2";"3";"22";"3";""
"201900018297";"138 272 204";"A01";"2";"33";"0";"2";"0";"2";"1";""
"201900018298";"138 272 203";"A01";"1";"7";"6";"0";"3";"26";"1";""
"201900018299";"138 272 201";"A01";"3";"31";"0";"2";"1";"2";"1";""
"201900018299";"138 272 202";"B01";"0";"7";"0";"0";"4";"1";"1";""
"201900018300";"138 272 200";"A01";"1";"7";"0";"1";"3";"1";"0";""
"201900018301";"138 272 198";"A01";"1";"7";"0";"2";"2";"16";"1";""
"201900018301";"138 272 199";"B01";"1";"31";"0";"2";"6";"2";"1";""
"201900018302";"138 272 196";"A01";"2";"7";"0";"9";"3";"15";"1";""
"201900018302";"138 272 197";"B01";"1";"1";"0";"2";"1";"1";"0";""
"201900018303";"138 272 194";"A01";"1";"2";"0";"2";"1";"0";"1";""
"201900018303";"138 272 195";"B01";"2";"7";"0";"2";"3";"15";"1";""
"201900018304";"138 272 192";"A01";"3";"7";"0";"2";"3";"15";"1";""
"201900018304";"138 272 193";"B01";"0";"31";"0";"2";"8";"1";"1";""
"201900018305";"138 272 190";"A01";"3";"7";"4";"0";"4";"23";"1";""
"201900018305";"138 272 191";"B01";"3";"7";"4";"6";"1";"2";"1";""
"201900018306";"138 272 189";"A01";"1";"7";"4";"0";"1";"26";"1";""
"201900018307";"138 272 187";"B01";"0";"2";"0";"2";"1";"1";"0";""
"201900018307";"138 272 188";"A01";"0";"3";"0";"2";"2";"15";"0";""
"201900018308";"138 272 186";"A01";"3";"7";"0";"1";"1";"9";"1";""
"201900018309";"138 272 184";"A01";"1";"7";"0";"2";"1";"1";"1";""
"201900018309";"138 272 185";"B01";"2";"7";"0";"2";"8";"1";"1";""
"201900018310";"138 272 183";"A01";"1";"3";"0";"1";"1";"1";"1";""
"201900018311";"138 272 181";"A01";"0";"34";"0";"2";"7";"17";"0";""
"201900018311";"138 272 182";"B01";"0";"3";"0";"2";"3";"15";"0";""