"Num_Acc";"id_vehicule";"num_veh";"senc";"catv";"obs";"obsm";"choc";"manv";"motor";"occutc"
"201900018312";"138 272 179";"A01";"0";"7";"0";"2";"2";"11";"0";""
"201900018312";"138 272 180";"B01";"0";"33";"0";"2";"1";"1";"0";""
"201900018313";"138 272 177";"A01";"2";"30";"0";"2";"0";"0";"1";""
"201900018313";"138 272 178";"B01";"1";"10";"0";"2";"8";"19";"1";""
"201900018314";"138 272 175";"A01";"2";"7";"0";"2";"1";"2";"1";""
"201900018314";"138 272 176";"B01";"2";"33";"0";"2";"4";"23";"1";""
"201900018315";"138 272 174";"A01";"3";"13";"0";"1";"7";"14";"1";""
"201900018316";"138 272 173";"A01";"2";"7";"0";"1";"1";"1";"2";""
"201900018317";"138 272 170";"A01";"3";"7";"0";"2";"8";"20";"1";""
"201900018317";"138 272 171";"B01";"3";"34";"1";"2";"1";"2";"1";""
"201900018317";"138 272 172";"C01";"3";"7";"0";"2";"1";"24";"1";""
"201900018318";"138 272 168";"B01";"1";"7";"0";"2";"1";"26";"1";""
"201900018318";"138 272 169";"RA01";"1";"7";"0";"2";"7";"26";"1";""
"201900018319";"138 272 166";"B01";"2";"7";"0";"2";"3";"1";"1";""
"201900018319";"138 272 167";"A01";"1";"7";"0";"2";"1";"13";"1";""
"201900018320";"138 272 165";"A01";"2";"7";"1";"0";"1";"1";"1";""
"201900018321";"138 272 163";"B01";"3";"7";"0";"2";"1";"1";"1";""
"201900018321";"138 272 164";"A01";"3";"7";"0";"0";"4";"23";"1";""
"201900018322";"138 272 160";"A01";"1";"7";"8";"0";"1";"1";"1";""
"201900018323";"138 272 158";"B01";"1";"33";"0";"2";"1";"13";"1";""
"201900018323";"138 272 159";"A01";"2";"7";"0";"2";"1";"1";"1";""
"201900018324";"138 272 157";"A01";"1";"7";"0";"1";"1";"1";"1";""
"201900018325";"138 272 154";"C01";"2";"7";"0";"2";"1";"1";"1";""
"201900018325";"138 272 155";"B01";"2";"7";"0";"2";"1";"1";"1";""
"201900018325";"138 272 156";"A01";"1";"7";"0";"2";"1";"5";"1";""
"201900018326";"138 272 153";"A01";"3";"10";"0";"1";"1";"15";"1";""
"201900018327";"138 272 152";"A01";"1";"10";"0";"6";"1";"1";"0";""
"201900018328";"138 272 151";"A01";"2";"17";"4";"0";"2";"0";"1";""
"201900018329";"138 272 149";"B01";"2";"15";"0";"2";"3";"1";"1";""
"201900018329";"138 272 150";"A01";"1";"10";"0";"2";"1";"13";"1";""
"201900018330";"138 272 148";"A01";"1";"33";"0";"6";"1";"1";"1";""
"201900018331";"138 272 147";"A01";"0";"7";"6";"0";"9";"1";"1";""
"201900018332";"138 272 146";"A01";"2";"7";"0";"1";"1";"1";"1";""
"201900018333";"138 272 145";"A01";"1";"7";"0";"1";"1";"1";"1";""
"201900018334";"138 272 143";"B01";"2";"2";"0";"2";"1";"1";"0";""
"201900018334";"138 272 144";"A01";"1";"10";"0";"9";"2";"15";"1";""
"201900018335";"138 272 142";"A01";"2";"7";"8";"0";"1";"1";"1";""
"201900018336";"138 272 140";"A01";"1";"7";"0";"2";"3";"17";"1";""
"201900018336";"138 272 141";"B01";"2";"7";"0";"2";"3";"1";"1";""
"201900018337";"138 272 138";"A01";"2";"7";"0";"2";"4";"2";"1";""
"201900018337";"138 272 139";"B01";"2";"7";"0";"2";"1";"2";"1";""
"201900018338";"138 272 137";"A01";"1";"7";"0";"1";"1";"1";"0";""
"201900018339";"138 272 135";"B01";"2";"1";"0";"2";"4";"1";"5";""
"201900018339";"138 272 136";"A01";"2";"7";"0";"2";"2";"2";"0";""
"201900018340";"138 272 134";"A01";"1";"7";"0";"1";"2";"1";"1";""
"201900018341";"138 272 133";"A01";"1";"7";"0";"1";"1";"1";"1";""
"201900018342";"138 272 132";"A01";"2";"7";"2";"0";"1";"1";"0";""
"201900018343";"138 272 128";"B01";"2";"33";"0";"2";"1";"1";"1";""
"201900018343";"138 272 129";"A01";"2";"7";"0";"2";"7";"9";"1";""
"201900018344";"138 272 127";"A01";"2";"7";"8";"0";"1";"0";"1";""
"201900018345";"138 272 126";"A01";"1";"7";"13";"0";"0";"14";"1";""
"201900018346";"138 272 125";"A01";"2";"34";"0";"0";"0";"1";"1";""
"201900018347";"138 272 123";"A01";"1";"7";"0";"2";"1";"5";"1";""
"201900018347";"138 272 124";"B01";"2";"15";"0";"2";"3";"1";"1";""
"201900018348";"138 272 121";"B01";"1";"2";"0";"2";"1";"1";"1";""
"201900018348";"138 272 122";"A01";"3";"21";"0";"2";"5";"15";"1";""
"201900018349";"138 272 120";"A01";"1";"7";"13";"0";"1";"1";"0";""
"201900018350";"138 272 118";"A01";"2";"7";"0";"2";"2";"1";"0";""
"201900018350";"138 272 119";"B01";"1";"7";"0";"2";"5";"15";"0";""
"201900018351";"138 272 117";"A01";"2";"7";"2";"0";"1";"14";"1";""
"201900018352";"138 272 116";"A01";"2";"7";"4";"0";"1";"11";"1";""
"201900018353";"138 272 114";"B01";"1";"7";"0";"0";"4";"2";"1";""
"201900018353";"138 272 115";"A01";"1";"7";"0";"2";"1";"2";"1";""
"201900018354";"138 272 112";"B01";"3";"7";"0";"2";"1";"16";"1";""
"201900018354";"138 272 113";"A01";"1";"33";"0";"2";"7";"1";"1";""
"201900018355";"138 272 111";"A01";"3";"33";"13";"0";"1";"1";"1";""
"201900018356";"138 272 110";"A01";"1";"10";"8";"0";"1";"13";"1";""
"201900018357";"138 272 109";"A01";"0";"7";"0";"1";"1";"16";"1";""
"201900018358";"138 272 108";"A01";"1";"7";"8";"0";"2";"0";"1";""
"201900018359";"138 272 107";"A01";"2";"7";"0";"1";"1";"1";"1";""
"201900018360";"138 272 106";"A01";"1";"7";"8";"0";"7";"1";"1";""
"201900018361";"138 272 105";"A01";"2";"7";"13";"0";"2";"0";"1";""
"201900018362";"138 272 104";"A01";"0";"2";"0";"6";"7";"1";"1";""
"201900018363";"138 272 103";"A01";"1";"2";"0";"0";"8";"1";"1";""
"201900018364";"138 272 101";"B01";"2";"7";"0";"2";"3";"1";"1";""
"201900018364";"138 272 102";"A01";"2";"14";"0";"2";"7";"12";"1";""
"201900018365";"138 272 098";"C01";"1";"10";"0";"2";"1";"1";"1";""
"201900018365";"138 272 099";"B01";"1";"10";"0";"2";"4";"1";"1";""
"201900018365";"138 272 100";"A01";"1";"7";"0";"2";"4";"1";"1";""
"201900018366";"138 272 096";"B01";"1";"7";"0";"2";"2";"1";"1";""
"201900018366";"138 272 097";"Z01";"1";"7";"0";"2";"3";"3";"1";""
"201900018367";"138 272 094";"B01";"1";"7";"0";"2";"5";"1";"1";""
"201900018367";"138 272 095";"A01";"1";"32";"0";"2";"1";"11";"1";""
"201900018368";"138 272 092";"A01";"2";"33";"3";"2";"8";"9";"1";""
"201900018368";"138 272 093";"B01";"2";"7";"0";"2";"7";"14";"1";""
"201900018369";"138 272 090";"A01";"1";"7";"0";"2";"2";"14";"1";""
"201900018369";"138 272 091";"B01";"1";"43";"0";"2";"6";"3";"1";""
"201900018370";"138 272 089";"A01";"1";"10";"4";"0";"3";"1";"1";""
"201900018371";"138 272 088";"A01";"1";"14";"0";"0";"0";"15";"1";""
"201900018372";"138 272 086";"B01";"2";"7";"0";"2";"1";"1";"1";""
"201900018372";"138 272 087";"A01";"2";"7";"4";"2";"3";"21";"1";""
"201900018373";"138 272 082";"A01";"2";"10";"0";"2";"1";"2";"1";""
"201900018373";"138 272 083";"B01";"2";"7";"0";"2";"4";"2";"1";""
"201900018373";"138 272 084";"C01";"2";"10";"0";"2";"4";"2";"1";""
"201900018373";"138 272 085";"D01";"2";"10";"0";"2";"4";"2";"1";""
"201900018374";"138 272 080";"A01";"1";"7";"0";"2";"1";"1";"1";""
"201900018374";"138 272 081";"B01";"1";"7";"0";"2";"6";"2";"1";""
"201900018375";"138 272 076";"D01";"1";"7";"0";"2";"4";"2";"1";""
"201900018375";"138 272 077";"C01";"1";"7";"0";"2";"4";"2";"1";""
"201900018375";"138 272 078";"B01";"1";"7";"0";"2";"4";"2";"1";""
"201900018375";"138 272 079";"A01";"1";"7";"0";"2";"1";"2";"1";""
"201900018376";"138 272 072";"D01";"1";"7";"0";"2";"8";"2";"1";""
"201900018376";"138 272 073";"C01";"1";"7";"0";"2";"6";"2";"1";""
"201900018376";"138 272 074";"B01";"1";"7";"0";"2";"5";"2";"1";""
"201900018376";"138 272 075";"A01";"1";"7";"0";"2";"1";"13";"1";""
"201900018377";"138 272 070";"A01";"1";"32";"0";"2";"4";"2";"1";""
"201900018377";"138 272 071";"Z01";"1";"7";"0";"2";"1";"2";"1";""
"201900018378";"138 272 068";"B01";"1";"7";"0";"2";"4";"2";"1";""
"201900018378";"138 272 069";"A01";"1";"7";"0";"2";"1";"2";"1";""
"201900018379";"138 272 066";"B01";"1";"10";"0";"2";"4";"2";"1";""
"201900018379";"138 272 067";"A01";"1";"33";"0";"2";"1";"2";"1";""
"201900018380";"138 272 065";"A01";"2";"7";"0";"2";"1";"2";"1";""
"201900018381";"138 272 064";"A01";"2";"7";"13";"0";"1";"13";"1";""
"201900018382";"138 272 061";"B01";"1";"7";"0";"2";"4";"23";"1";""
"201900018382";"138 272 062";"A01";"1";"7";"14";"0";"1";"26";"1";""
"201900018383";"138 272 058";"C01";"2";"7";"0";"2";"4";"1";"1";""
"201900018383";"138 272 059";"B01";"2";"10";"0";"0";"4";"1";"1";""
"201900018383";"138 272 060";"A01";"2";"7";"0";"2";"1";"26";"1";""
"201900018384";"138 272 055";"A01";"2";"30";"14";"0";"0";"0";"1";""
"201900018385";"138 272 053";"A01";"1";"7";"0";" -1";"1";"1";"1";""
"201900018385";"138 272 054";"B01";"1";"3";"0";"2";"3";"1";"1";""
"201900018386";"138 272 052";"A01";"3";"7";"8";"0";"2";"1";"1";""
"201900018387";"138 272 051";"A01";"3";"7";"1";"1";"2";"19";"1";""
"201900018388";"138 272 050";"A01";"3";"7";"8";"0";"1";"26";"1";""
"201900018389";"138 272 048";"A01";"3";"7";"0";"2";"1";"2";"0";""
"201900018389";"138 272 049";"B01";"3";"7";"0";"2";"4";"2";"0";""
"201900018390";"138 272 047";"A01";"3";"30";"0";"0";"0";"15";"0";""
"201900018391";"138 272 046";"A01";"2";"7";"0";"1";"3";"2";"0";""
"201900018392";"138 272 044";"C01";"1";"33";"0";"2";"1";"1";"1";""
"201900018392";"138 272 045";"A01";"1";"7";"0";"2";"6";"15";"1";""
"201900018393";"138 272 042";"A01";"0";"7";"0";"2";"7";"1";"1";""
"201900018393";"138 272 043";"B01";"1";"2";"0";"2";"1";"1";"1";""
"201900018394";"138 272 040";"B01";"1";"7";"0";"2";"6";"1";"0";""
"201900018394";"138 272 041";"A01";"2";"7";"0";"2";"7";"1";"0";""
"201900018395";"138 272 038";"A01";"3";"7";"0";"2";"1";"2";"1";""
"201900018395";"138 272 039";"B01";"3";"7";"14";"0";"4";"2";"1";""
"201900018396";"138 272 037";"A01";"3";"7";"0";"1";"1";"1";"2";""
"201900018397";"138 272 036";"A01";"3";"7";"15";"0";"8";"26";"1";""
"201900018398";"138 272 035";"A01";"3";"30";"0";"0";"7";"16";"1";""
"201900018399";"138 272 031";"B01";"3";"7";"0";"2";"1";"1";"0";""
"201900018399";"138 272 032";"A01";"3";"7";"0";"2";"1";"13";"0";""
"201900018400";"138 272 029";"A01";"1";"7";"0";"2";"7";"13";"1";""
"201900018400";"138 272 030";"B01";"1";"10";"0";"2";"1";"0";"1";""
"201900018401";"138 272 028";"A01";"1";"10";"1";"0";"2";"14";"1";""
"201900018402";"138 272 026";"A01";"2";"7";"0";"2";"8";"10";"1";""
"201900018402";"138 272 027";"B01";"1";"7";"0";"2";"1";"1";"1";""
"201900018403";"138 272 024";"A01";"2";"31";"0";"2";"1";"2";"1";""
"201900018403";"138 272 025";"B01";"2";"7";"0";"2";"5";"23";"2";""
"201900018404";"138 272 020";"A01";"1";"7";"0";"2";"3";"0";"1";""
"201900018404";"138 272 021";"B01";"1";"32";"0";"2";"4";"0";"1";""
"201900018405";"138 272 018";"A01";"2";"7";"0";"0";"4";"1";" -1";""
"201900018405";"138 272 019";"A01";"0";"7";"0";"2";"4";"1";"1";""
"201900018406";"138 272 016";"B01";"1";"7";"0";"2";"8";"1";"1";""
"201900018406";"138 272 017";"A01";"1";"15";"0";"2";"7";"12";"1";""
"201900018407";"138 272 013";"C01";"1";"7";"0";"2";"1";"1";"0";""
"201900018407";"138 272 014";"B01";"1";"7";"0";"2";"1";"1";"1";""
"201900018407";"138 272 015";"D01";"1";"7";"0";"2";"4";"1";"1";""
"201900018408";"138 272 012";"A01";"2";"10";"0";"1";"2";"1";"1";""
"201900018409";"138 272 010";"A01";"2";"1";"0";"2";"1";"15";"5";""
"201900018409";"138 272 011";"B01";"1";"7";"0";"2";"3";"1";"1";""
"201900018410";"138 272 008";"B01";"1";"7";"0";"2";"4";"1";"1";""
"201900018410";"138 272 009";"A01";"1";"7";"0";"2";"1";"1";"1";""
"201900018411";"138 272 005";"A01";"2";"7";"0";"2";"1";"2";"1";""
"201900018411";"138 272 006";"B01";"2";"7";"0";"2";"4";"2";"1";""
"201900018411";"138 272 007";"C01";"2";"7";"0";"0";"5";"15";"1";""
"201900018412";"138 272 003";"B01";"0";"31";"0";"0";"0";"1";"0";""
"201900018412";"138 272 004";"A01";"0";"7";"0";"2";"2";"9";"0";""
"201900018413";"138 272 002";"A01";"0";"7";"0";"1";"1";"1";"0";""
"201900018414";"138 271 999";"A01";"0";"7";"1";"2";"1";"26";"0";""
"201900018414";"138 272 000";"B01";"0";"7";"0";"2";"4";"0";"0";""
"201900018414";"138 272 001";"C01";"0";"31";"0";"2";"4";"21";"0";""
"201900018415";"138 271 997";"A01";"0";"7";"0";"2";"1";"15";"0";""
"201900018415";"138 271 998";"B01";"0";"7";"0";"2";"3";"1";"0";""
"201900018416";"138 271 995";"A01";"0";"7";"0";"2";"1";"2";"0";""
"201900018416";"138 271 996";"B01";"0";"7";"0";"2";"4";"2";"0";""
"201900018417";"138 271 993";"B01";"3";"80";"0";"2";"7";"1";"3";""
"201900018417";"138 271 994";"A01";"3";"7";"0";"2";"1";"1";"1";""
"201900018418";"138 271 992";"A01";"2";"7";"0";"1";"1";"15";"1";""
"201900018419";"138 271 991";"A01";"2";"7";"0";"1";"1";"9";"1";""
"201900018420";"138 271 986";"A01";"3";"7";"0";"2";"1";"2";"1";""
"201900018420";"138 271 987";"C01";"3";"7";"0";"2";"4";"1";"1";""
"201900018420";"138 271 988";"B01";"3";"7";"0";"2";"5";"1";"1";""
"201900018421";"138 271 985";"A01";"1";"33";"10";"0";"0";"1";"1";""
"201900018422";"138 271 984";"A01";"1";"7";"0";"1";"2";"1";"1";""
"201900018423";"138 271 982";"A01";"3";"7";"0";"2";"0";"15";"1";""
"201900018423";"138 271 983";"B01";"3";"1";"0";"2";"8";"4";"5";""
"201900018424";"138 271 981";"A01";"3";"7";"0";"1";"2";"2";"1";""
"201900018425";"138 271 980";"A01";"3";"7";"0";"1";"2";"1";"1";""
"201900018426";"138 271 978";"A01";"1";"7";"0";"2";"1";"1";"1";""
"201900018426";"138 271 979";"B01";"1";"10";"0";"2";"4";"23";"1";""
"201900018427";"138 271 977";"A01";"2";"7";"0";"1";"2";"1";"1";""
"201900018428";"138 271 975";"B01";"1";"31";"0";"2";"2";"2";"1";""
"201900018428";"138 271 976";"A01";"1";"7";"0";"2";"6";"11";"1";""
"201900018429";"138 271 974";"A01";"2";"80";"12";"0";"1";"26";"3";""
"201900018430";"138 271 972";"A01";"0";"7";"0";"2";"8";"9";"1";""
"201900018430";"138 271 973";"B01";"0";"7";"0";"2";"2";"1";"1";""
"201900018431";"138 271 969";"A01";"1";"10";"0";"2";"1";"1";"1";""
"201900018431";"138 271 970";"C01";"1";"7";"0";"2";"4";"1";"1";""
"201900018431";"138 271 971";"B01";"1";"7";"0";"2";"9";"1";"1";""
"201900018432";"138 271 968";"A01";"3";"7";"0";"1";"0";"0";"1";""
"201900018433";"138 271 966";"B01";"0";"7";"0";"2";"3";"9";"1";""
"201900018433";"138 271 967";"A01";"3";"99";"0";"2";"1";"26";"0";""
"201900018434";"138 271 964";"B01";"3";"7";"0";"2";"4";"0";"1";""
"201900018434";"138 271 965";"A01";"3";"7";"0";"2";"1";"21";"1";""
"201900018435";"138 271 962";"B01";"3";"7";"0";"2";"3";"13";"1";""
"201900018435";"138 271 963";"A01";"3";"30";"0";"2";"3";"9";"6";""
"201900018436";"138 271 960";"A01";"2";"7";"0";"2";"2";"14";"1";""
"201900018436";"138 271 961";"B01";"2";"7";"0";"2";"8";"1";"1";""
"201900018437";"138 271 958";"B01";"0";"2";"0";"2";"7";"1";"1";""
"201900018437";"138 271 959";"A01";"0";"7";"0";"2";"1";"9";"1";""
"201900018438";"138 271 956";"A01";"1";"7";"0";"2";"3";"9";"1";""
"201900018438";"138 271 957";"B01";"2";"7";"0";"2";"2";"1";"1";""
"201900018439";"138 271 954";"A01";"1";"7";"0";"2";"1";"1";"1";""
"201900018439";"138 271 955";"B01";"1";"7";"0";"2";"4";"1";"0";""
"201900018440";"138 271 952";"B01";"3";"7";"0";"2";"8";"9";"2";""
"201900018440";"138 271 953";"A01";"0";"30";"0";"2";"1";"1";"0";""
"201900018441";"138 271 950";"Y01";"1";"1";"0";"2";"3";"15";"5";""
"201900018441";"138 271 951";"A01";"1";"7";"0";"2";"8";"26";"1";""
"201900018442";"138 271 948";"A01";"1";"7";"0";"2";"2";"1";"0";""
"201900018442";"138 271 949";"B01";"0";"7";"0";"2";"8";"2";"0";""
"201900018443";"138 271 946";"A01";"1";"7";"0";"2";"1";"2";"1";""
"201900018443";"138 271 947";"B01";"1";"7";"0";"2";"4";"23";"1";""
"201900018444";"138 271 945";"A01";"2";"2";"7";"0";"1";"21";"1";""
"201900018445";"138 271 942";"A01";"1";"7";"0";"2";"0";"16";"0";""
"201900018445";"138 271 943";"C01";"2";"7";"0";"2";"3";"15";"1";""
"201900018445";"138 271 944";"B01";"1";"30";"0";"2";"1";"1";"0";""
"201900018446";"138 271 940";"A01";"3";"7";"9";"2";"8";"26";"0";""
"201900018446";"138 271 941";"B01";"3";"7";"0";"2";"6";"23";"0";""
"201900018447";"138 271 936";"A01";"1";"1";"0";"0";"1";"1";"5";""
"201900018448";"138 271 935";"A01";"1";"7";"2";"0";"0";"26";"1";""
"201900018449";"138 271 933";"B01";"2";"7";"0";"2";"8";"0";"1";""
"201900018449";"138 271 934";"A01";"2";"30";"0";"2";"1";"1";"1";""
"201900018450";"138 271 932";"A01";"1";"7";"0";"1";"1";"1";"1";""
"201900018451";"138 271 930";"A01";"1";"7";"0";"2";"2";"15";"1";""
"201900018451";"138 271 931";"B01";"1";"33";"0";"2";"1";"19";"1";""
"201900018452";"138 271 926";"C01";"1";"10";"0";"2";"1";"1";" -1";""
"201900018452";"138 271 927";"D01";"1";"10";"0";"0";"4";"1";"1";""
"201900018453";"138 271 925";"A01";"2";"7";"0";"1";"6";"3";"1";""
"201900018454";"138 271 923";"B01";"0";"7";"0";"2";"7";"18";"1";""
"201900018454";"138 271 924";"A01";"0";"37";"0";"2";"1";"16";"1";"1"
"201900018455";"138 271 922";"A01";"0";"32";"12";"0";"7";"25";"1";""
"201900018456";"138 271 921";"A01";"2";"0";"0";"1";"1";"3";"1";""
"201900018457";"138 271 919";"A01";"1";"30";"0";"2";"1";"17";"1";""
"201900018457";"138 271 920";"B01";"1";"10";"0";"2";"3";"15";"1";""
"201900018458";"138 271 917";"B01";"0";"34";"0";"2";"1";"0";"0";""
"201900018458";"138 271 918";"A01";"0";"7";"0";"2";"3";"15";"0";""
"201900018459";"138 271 915";"B01";"0";"7";"0";"2";"2";"5";"1";""
"201900018459";"138 271 916";"A01";"0";"7";"0";"2";"1";"5";"1";""
"201900018460";"138 271 913";"A01";"2";"7";"0";"2";"1";"1";"1";""
"201900018460";"138 271 914";"B01";"2";"7";"0";"0";"4";"1";"1";""
"201900018461";"138 271 911";"B01";"0";"7";"0";"2";"6";"2";"1";""
"201900018461";"138 271 912";"A01";"0";"7";"0";"2";"2";"2";"1";""
"201900018462";"138 271 908";"B01";"3";"30";"0";"2";"9";"26";"1";""
"201900018462";"138 271 909";"A01";"3";"32";"0";"2";"9";"26";"1";""
"201900018462";"138 271 910";"C01";"2";"30";"0";"2";"9";"1";"1";""
"201900018463";"138 271 906";"B01";"0";"34";"0";"2";"1";"1";"0";""
"201900018463";"138 271 907";"A01";"0";"10";"0";"2";"2";"20";"1";""
"201900018464";"138 271 904";"B01";"2";"2";"0";"2";"7";"17";"1";""
"201900018464";"138 271 905";"A01";"2";"7";"0";"2";"3";"1";"1";""
"201900018465";"138 271 902";"A01";"2";"7";"0";"2";"1";"1";"0";""
"201900018465";"138 271 903";"B01";"1";"7";"0";"2";"1";"11";"0";""
"201900018466";"138 271 900";"A01";"0";"7";"0";"6";"1";"15";"1";""
"201900018466";"138 271 901";"B01";"2";"32";"0";"2";"1";"3";"1";""
"201900018467";"138 271 899";"A01";"0";"7";"9";"0";"1";"0";"0";""
"201900018468";"138 271 897";"A01";"2";"34";"0";"2";"7";"7";"1";""
"201900018468";"138 271 898";"B01";"1";"7";"0";"2";"1";"1";"1";""
"201900018469";"138 271 896";"A01";"1";"37";"0";"1";"1";"0";"1";"1"
"201900018470";"138 271 894";"B01";"2";"7";"0";"2";"4";"23";"1";""
"201900018470";"138 271 895";"A01";"2";"30";"0";"2";"1";"0";"1";""
"201900018471";"138 271 893";"Z01";"1";"7";"0";"1";"1";"1";"0";""
"201900018472";"138 271 891";"A01";"1";"7";"0";"2";"3";"15";"1";""
"201900018472";"138 271 892";"B01";"1";"31";"0";"2";"2";"2";"0";""
"201900018473";"138 271 890";"A01";"3";"33";"0";"2";"0";"9";"0";""
"201900018474";"138 271 886";"D01";"1";"7";"0";"0";"0";"0";"0";""
"201900018474";"138 271 887";"B01";"0";"10";"0";"0";"0";"0";"0";""
"201900018474";"138 271 888";"C01";"0";"33";"0";"0";"1";"0";"0";""
"201900018474";"138 271 889";"A01";"1";"34";"0";"0";"1";"0";"0";""
"201900018475";"138 271 884";"B01";"0";"7";"0";"2";"1";"0";"1";""
"201900018475";"138 271 885";"A01";"0";"33";"0";"2";"0";"12";"1";""
"201900018476";"138 271 882";"B01";"2";"7";"0";"2";"1";"1";"1";""
"201900018476";"138 271 883";"A01";"1";"7";"0";"2";"1";"21";"1";""
"201900018477";"138 271 881";"Z01";"1";"7";"0";"1";"1";"26";"0";""
"201900018478";"138 271 879";"A01";"1";"7";"0";"2";"1";"19";"0";""
"201900018478";"138 271 880";"B01";"3";"30";"0";"2";"7";"19";"1";""
"201900018479";"138 271 877";"B01";"3";"7";"0";"2";"5";"14";"1";""
"201900018479";"138 271 878";"A01";"3";"7";"0";"2";"3";"14";"2";""
"201900018480";"138 271 876";"A01";"2";"7";"0";"1";"1";"1";"1";""
"201900018481";"138 271 874";"B01";"3";"37";"0";"2";"0";"0";"1";"1"
"201900018481";"138 271 875";"A01";"1";"32";"0";"2";"0";"1";"1";""
"201900018482";"138 271 872";"A01";"3";"3";"0";"1";"2";"17";"1";""
"201900018483";"138 271 871";"A01";"2";"7";"6";"0";"1";"0";"1";""
"201900018484";"138 271 867";"B01";"1";"32";"0";"2";"1";"1";"1";""
"201900018484";"138 271 868";"A01";"2";"7";"0";"2";"1";"15";"1";""
"201900018485";"138 271 866";"A01";"1";"10";"0";"1";"0";"1";"0";""
"201900018486";"138 271 864";"B01";"1";"33";"0";"2";"1";"17";"1";""
"201900018486";"138 271 865";"A01";"1";"7";"0";"2";"3";"15";"1";""
"201900018487";"138 271 862";"B01";"2";"32";"0";"2";"0";"1";"1";""
"201900018487";"138 271 863";"A01";"2";"7";"0";"2";"0";"15";"1";""
"201900018488";"138 271 860";"B01";"3";"34";"0";"2";"1";"1";"1";""
"201900018488";"138 271 861";"A01";"3";"10";"0";"6";"2";"15";"1";""
"201900018489";"138 271 859";"A01";"2";"7";"1";"0";"2";"14";"1";""
"201900018490";"138 271 857";"B01";"2";"2";"0";"2";"1";"1";"1";""
"201900018490";"138 271 858";"A01";"2";"7";"0";"2";"0";"10";"1";""
"201900018491";"138 271 855";"A01";"1";"31";"0";"2";"3";"2";"1";""
"201900018491";"138 271 856";"B01";"1";"7";"0";"2";"7";"2";"1";""
"201900018492";"138 271 853";"A01";"1";"7";"0";"2";"2";"12";"1";""
"201900018492";"138 271 854";"B01";"1";"33";"0";"2";"3";"3";"1";""
"201900018493";"138 271 851";"A01";"2";"7";"0";"2";"0";"12";"1";""
"201900018493";"138 271 852";"B01";"2";"34";"0";"2";"8";"3";"1";""
"201900018494";"138 271 849";"A01";"1";"10";"4";"2";"6";"9";"1";""
"201900018494";"138 271 850";"Z01";"1";"7";"0";"2";"2";"1";"1";""
"201900018495";"138 271 847";"A01";"2";"7";"0";"2";"8";"12";"1";""
"201900018495";"138 271 848";"B01";"2";"31";"0";"2";"8";"3";"1";""
"201900018496";"138 271 845";"A01";"1";"33";"0";"2";"2";"3";"1";""
"201900018496";"138 271 846";"B01";"1";"7";"0";"2";"6";"1";"1";""
"201900018497";"138 271 843";"A01";"1";"15";"0";"2";"1";"2";"1";""
"201900018497";"138 271 844";"B01";"1";"33";"0";"2";"4";"23";"1";""
"201900018498";"138 271 839";"A01";"2";"7";"0";"2";"1";"2";"1";""
"201900018498";"138 271 840";"B01";"2";"7";"0";"2";"4";"2";"1";""
"201900018498";"138 271 841";"C01";"2";"7";"0";"2";"4";"2";"1";""
"201900018498";"138 271 842";"D01";"2";"7";"0";"2";"4";"2";"1";""
"201900018499";"138 271 837";"A01";"1";"33";"0";"2";"1";"11";"1";""
"201900018499";"138 271 838";"B01";"1";"7";"0";"2";"6";"1";"1";""
"201900018500";"138 271 835";"A01";"1";"32";"0";"2";"7";"15";"1";""
"201900018500";"138 271 836";"B01";"2";"33";"0";"2";"1";"1";"1";""
"201900018501";"138 271 833";"A01";"1";"7";"0";"2";"7";"15";"1";""
"201900018501";"138 271 834";"B01";"1";"32";"0";"2";"2";"1";"1";""
"201900018502";"138 271 832";"Z01";"1";"7";"0";"1";"3";"1";"0";""
"201900018503";"138 271 830";"A01";"1";"7";"0";"2";"3";"15";"1";""
"201900018503";"138 271 831";"B01";"1";"2";"0";"2";"7";"17";"1";""
"201900018504";"138 271 828";"A01";"2";"7";"0";"2";"3";"9";"1";""
"201900018504";"138 271 829";"B01";"2";"2";"0";"2";"1";"1";"1";""
"201900018505";"138 271 827";"A01";"2";"7";"0";"1";"2";"16";"1";""
"201900018506";"138 271 826";"Z01";"1";"7";"0";"1";"3";"9";"0";""
"201900018507";"138 271 825";"A01";"1";"32";"0";"1";"1";"1";"1";""
"201900018508";"138 271 824";"A01";"1";"33";"12";"0";"7";"14";"1";""
"201900018509";"138 271 823";"A01";"1";"7";"8";"0";"1";"12";"1";""
"201900018510";"138 271 821";"B01";"1";"7";"0";"2";"7";"1";"1";""
"201900018510";"138 271 822";"A01";"1";"33";"0";"2";"3";"18";"1";""
"201900018511";"138 271 819";"B01";"2";"1";"0";"2";"1";"1";"5";""
"201900018511";"138 271 820";"A01";"1";"7";"0";"2";"2";"10";"1";""
"201900018512";"138 271 817";"A01";"1";"30";"0";"2";"2";"2";"1";""
"201900018512";"138 271 818";"B01";"1";"7";"0";"2";"6";"23";"1";""
"201900018513";"138 271 815";"A01";"2";"30";"0";"2";"1";"1";"1";""
"201900018513";"138 271 816";"B01";"1";"7";"0";"2";"2";"15";"1";""
"201900018514";"138 271 814";"A01";"2";"34";"0";"1";"3";"1";"1";""
"201900018515";"138 271 813";"A01";"1";"10";"12";"0";"3";"13";"1";""
"201900018516";"138 271 811";"A01";"2";"30";"0";"2";"5";"16";"1";""