"Num_Acc";"id_vehicule";"num_veh";"senc";"catv";"obs";"obsm";"choc";"manv";"motor";"occutc"
"201900018944";"138 271 053";"A01";"2";"7";"0";"2";"3";"1";"0";""
"201900018945";"138 271 050";"B01";"0";"7";"0";"2";"3";"0";"0";""
"201900018945";"138 271 051";"A01";"0";"7";"0";"2";"3";"0";"0";""
"201900018946";"138 271 048";"A01";"2";"7";"0";"2";"3";"1";"1";""
"201900018946";"138 271 049";"B01";"3";"7";"0";"0";"8";"19";"1";""
"201900018947";"138 271 046";"B01";"3";"7";"0";"2";"1";"1";"0";""
"201900018947";"138 271 047";"A01";"3";"7";"0";"2";"1";"17";"0";""
"201900018948";"138 271 044";"B01";"1";"32";"0";"0";"1";"1";"1";""
"201900018948";"138 271 045";"A01";"1";"7";"0";"0";"2";"19";"1";""
"201900018949";"138 271 042";"B01";"2";"10";"0";"2";"1";"1";"1";""
"201900018949";"138 271 043";"A01";"1";"10";"0";"2";"2";"15";"1";""
"201900018950";"138 271 040";"B01";"2";"7";"14";"0";"1";"1";"1";""
"201900018950";"138 271 041";"A01";"2";"7";"11";"0";"1";"1";"1";""
"201900018951";"138 271 038";"B01";"2";"10";"0";"2";"3";"1";"1";""
"201900018951";"138 271 039";"A01";"1";"7";"0";"2";"3";"13";"1";""
"201900018952";"138 271 037";"A01";"1";"7";"3";"0";"2";"1";"1";""
"201900018953";"138 271 036";"A01";"2";"7";"0";"1";"2";"1";"1";""
"201900018954";"138 271 032";"A01";"3";"7";"0";"2";"3";"13";"1";""
"201900018954";"138 271 033";"B01";"3";"2";"0";"2";"1";"17";"1";""
"201900018955";"138 271 030";"A01";"1";"7";"0";"0";"7";"1";"1";""
"201900018955";"138 271 031";"B01";"1";"2";"0";"2";"1";"19";"1";""
"201900018956";"138 271 029";"A01";"1";"7";"13";"0";"2";"1";"1";""
"201900018957";"138 271 027";"A01";"3";"31";"0";"2";"7";"1";"1";""
"201900018957";"138 271 028";"B01";"3";"7";"0";"2";"1";"15";"1";""
"201900018958";"138 271 025";"A01";"2";"1";"0";"2";"4";"1";"0";""
"201900018958";"138 271 026";"Z01";"2";"7";"0";"2";"1";"1";"1";""
"201900018959";"138 271 024";"A01";"1";"7";"6";"0";"7";"1";"1";""
"201900018960";"138 271 022";"B01";"1";"31";"0";"0";"4";"2";"1";""
"201900018960";"138 271 023";"A01";"1";"32";"0";"2";"7";"1";"1";""
"201900018961";"138 271 020";"B01";"0";"7";"0";"2";"1";"1";"1";""
"201900018961";"138 271 021";"A01";"0";"7";"0";"2";"1";"5";"1";""
"201900018962";"138 271 018";"B01";"2";"7";"0";"2";"1";"1";"1";""
"201900018962";"138 271 019";"A01";"1";"50";"0";"2";"2";"19";"3";""
"201900018963";"138 271 017";"A01";"0";"7";"0";"1";"1";"1";"1";""
"201900018964";"138 271 016";"A01";"0";"7";"2";"0";"1";"1";"1";""
"201900018965";"138 271 014";"B01";"0";"7";"0";"2";"7";"1";"1";""
"201900018965";"138 271 015";"A01";"0";"31";"0";"2";"9";"14";"1";""
"201900018966";"138 271 012";"B01";"3";"1";"0";"2";"1";"1";"0";""
"201900018966";"138 271 013";"A01";"3";"7";"0";"6";"3";"9";"1";""
"201900018967";"138 271 003";"D01";"2";"7";"0";"2";"4";"2";"0";""
"201900018967";"138 271 004";"C01";"2";"7";"0";"2";"4";"2";"0";""
"201900018967";"138 271 005";"B01";"2";"7";"0";"2";"4";"23";"0";""
"201900018967";"138 271 006";"A01";"2";"7";"0";"2";"1";"2";"0";""
"201900018968";"138 271 002";"A01";"3";"10";"0";"1";"2";"1";"1";""
"201900018969";"138 270 998";"B01";"1";"7";"0";"2";"4";"2";"1";""
"201900018969";"138 270 999";"A01";"1";"7";"0";"2";"1";"2";"1";""
"201900018970";"138 270 996";"A01";"1";"7";"11";"2";"2";"15";"1";""
"201900018970";"138 270 997";"B01";"2";"7";"11";"2";"3";"1";"1";""
"201900018971";"138 270 995";"A01";"1";"33";"0";"1";"1";"17";"0";""
"201900018972";"138 270 993";"A01";"1";"31";"0";"2";"7";"17";"1";""
"201900018972";"138 270 994";"B01";"1";"7";"0";"2";"8";"15";"1";""
"201900018973";"138 270 990";"C01";"1";"15";"1";"2";"1";"2";"1";""
"201900018973";"138 270 991";"B01";"1";"7";"0";"2";"1";"2";"1";""
"201900018973";"138 270 992";"A01";"1";"7";"0";"2";"1";"2";"1";""
"201900018974";"138 270 988";"A01";"3";"7";"15";"0";"1";"0";"0";""
"201900018974";"138 270 989";"C01";"3";"7";"0";"2";"3";"0";"0";""
"201900018975";"138 270 984";"Z01";"0";"7";"0";"2";"1";"2";"1";""
"201900018975";"138 270 985";"C01";"0";"7";"0";"2";"4";"23";"1";""
"201900018975";"138 270 986";"B01";"1";"7";"0";"2";"4";"23";"1";""
"201900018975";"138 270 987";"A01";"0";"7";"0";"2";"4";"23";"1";""
"201900018976";"138 270 982";"B01";"3";"38";"0";"2";"8";"1";"1";"1"
"201900018976";"138 270 983";"A01";"0";"7";"0";"2";"8";"1";"1";""
"201900018977";"138 270 981";"A01";"3";"7";"0";"1";"2";"15";"1";""
"201900018978";"138 270 980";"A01";"1";"7";"0";"1";"4";"4";"1";""
"201900018979";"138 270 978";"B01";"1";"7";"0";"2";"3";"1";"1";""
"201900018979";"138 270 979";"A01";"1";"7";"0";"2";"2";"12";"1";""
"201900018980";"138 270 975";"A01";"1";"43";"0";"2";"1";"2";"1";""
"201900018980";"138 270 976";"B01";"1";"7";"0";"2";"1";"2";"1";""
"201900018980";"138 270 977";"C01";"1";"7";"0";"2";"4";"23";"1";""
"201900018981";"138 270 973";"B01";"3";"37";"0";"2";"1";"1";"1";"1"
"201900018981";"138 270 974";"A01";"3";"41";"0";"2";"1";"1";"1";""
"201900018982";"138 270 968";"A01";"1";"7";"0";"2";"3";"15";"1";""
"201900018982";"138 270 969";"B01";"2";"33";"0";"2";"7";"1";"1";""
"201900018983";"138 270 966";"B01";"1";"50";"1";"2";"8";"1";"3";""
"201900018983";"138 270 967";"A01";"1";"10";"0";"2";"7";"17";"1";""
"201900018984";"138 270 964";"A01";"2";"7";"0";"2";"3";"13";"2";""
"201900018984";"138 270 965";"B01";"1";"7";"0";"2";"3";"1";"1";""
"201900018985";"138 270 963";"A01";"2";"7";"0";"1";"4";"4";"1";""
"201900018986";"138 270 961";"B01";"2";"31";"0";"2";"8";"15";"1";""
"201900018986";"138 270 962";"A01";"2";"33";"0";"2";"1";"17";"1";""
"201900018987";"138 270 959";"A01";"1";"7";"0";"2";"1";"16";"1";""
"201900018987";"138 270 960";"B01";"1";"1";"0";"2";"1";"1";"5";""
"201900018988";"138 270 957";"B01";"1";"1";"0";"2";"1";"5";"5";""
"201900018988";"138 270 958";"A01";"1";"33";"0";"2";"1";"1";"1";""
"201900018989";"138 270 956";"A01";"0";"7";"2";"0";"1";"15";"3";""
"201900018990";"138 270 954";"B01";"1";"7";"0";"2";"4";"23";"2";""
"201900018990";"138 270 955";"A01";"1";"7";"0";"2";"1";"2";"1";""
"201900018991";"138 270 952";"B01";"2";"1";"0";"2";"2";"1";"5";""
"201900018991";"138 270 953";"A01";"2";"7";"0";"2";"3";"22";"1";""
"201900018992";"138 270 951";"A01";"1";"7";"0";"1";"2";"1";"1";""
"201900018993";"138 270 949";"A01";"1";"7";"0";"2";"3";"10";"1";""
"201900018993";"138 270 950";"B01";"1";"30";"0";"2";"1";"1";"3";""
"201900018994";"138 270 947";"B01";"2";"32";"0";"2";"1";"1";"1";""
"201900018994";"138 270 948";"A01";"1";"7";"0";"2";"1";"15";"1";""
"201900018995";"138 270 945";"Z01";"1";"7";"0";"2";"4";"2";"0";""
"201900018995";"138 270 946";"A01";"1";"1";"0";"2";"1";"2";"5";""
"201900018996";"138 270 944";"A01";"2";"7";"0";"1";"3";"15";"1";""
"201900018997";"138 270 942";"A01";"3";"7";"0";"2";"3";"15";"1";""
"201900018997";"138 270 943";"B01";"3";"2";"0";"2";"1";"1";"1";""
"201900018998";"138 270 941";"A01";"2";"7";"0";"1";"4";"20";"1";""
"201900018999";"138 270 940";"A01";"2";"7";"0";"1";"2";"1";"1";""
"201900019000";"138 270 939";"A01";"2";"7";"0";"1";"6";"1";"1";""
"201900019001";"138 270 938";"A01";"3";"7";"0";"0";"4";"2";"0";""
"201900019002";"138 270 937";"A01";"0";"7";"0";"1";"3";"26";"1";""
"201900019003";"138 270 936";"A01";"1";"30";"0";"0";"0";"1";"1";""
"201900019004";"138 270 935";"A01";"3";"7";"0";"1";"2";"15";"1";""
"201900019005";"138 270 933";"A01";"2";"10";"0";"2";"1";"5";"1";""
"201900019005";"138 270 934";"B01";"1";"32";"0";"2";"1";"0";"1";""
"201900019006";"138 270 931";"A01";"1";"3";"0";"2";"1";"26";"1";""
"201900019006";"138 270 932";"B01";"1";"3";"0";"2";"4";"1";"1";""
"201900019007";"138 270 929";"A01";"1";"7";"0";"2";"0";"0";"1";""
"201900019007";"138 270 930";"B01";"2";"34";"0";"2";"1";"1";"0";""
"201900019008";"138 270 928";"A01";"2";"60";"0";"0";"0";"1";"5";""
"201900019009";"138 270 927";"A01";"1";"7";"0";"1";"8";"1";"1";""
"201900019010";"138 270 925";"B01";"3";"33";"0";"2";"5";"15";"1";""
"201900019010";"138 270 926";"A01";"3";"7";"0";"2";"1";"1";"1";""
"201900019011";"138 270 923";"A01";"2";"7";"1";"2";"1";"1";"1";""
"201900019011";"138 270 924";"B01";"2";"7";"0";"0";"5";"1";"1";""
"201900019012";"138 270 921";"B01";"2";"7";"0";"2";"3";"26";"1";""
"201900019012";"138 270 922";"A01";"1";"7";"0";"2";"3";"13";"1";""
"201900019013";"138 270 919";"A01";"2";"2";"0";"2";"2";"17";"1";""
"201900019013";"138 270 920";"B01";"2";"2";"0";"2";"8";"15";"1";""
"201900019014";"138 270 915";"B01";"1";"17";"1";"0";"1";"1";"1";""
"201900019014";"138 270 916";"A01";"1";"17";"0";"0";"4";"23";"1";""
"201900019015";"138 270 913";"B01";"2";"33";"0";"2";"1";"1";"1";""
"201900019015";"138 270 914";"A01";"2";"7";"0";"2";"2";"9";"1";""
"201900019016";"138 270 912";"A01";"2";"1";"14";"0";"2";"14";"5";""
"201900019017";"138 270 911";"A01";"2";"7";"0";"1";"2";"1";"0";""
"201900019018";"138 270 910";"A01";"0";"33";"6";"0";"2";"0";"1";""
"201900019019";"138 270 908";"A01";"1";"7";"13";"2";"2";"17";"1";""
"201900019019";"138 270 909";"B01";"1";"7";"13";"0";"6";"1";"1";""
"201900019020";"138 270 907";"A01";"3";"2";"2";"0";"1";"13";"1";""
"201900019021";"138 270 905";"B01";"3";"1";"0";"2";"4";"2";"5";""
"201900019021";"138 270 906";"A01";"3";"7";"0";"2";"1";"2";"0";""
"201900019022";"138 270 903";"A01";"2";"7";"0";"2";"2";"11";"1";""
"201900019022";"138 270 904";"B01";"1";"7";"0";"2";"3";"1";"1";""
"201900019023";"138 270 901";"B01";"1";"7";"0";"2";"1";"1";"1";""
"201900019023";"138 270 902";"A01";"2";"7";"0";"2";"8";"13";"1";""
"201900019024";"138 270 899";"A01";"0";"2";"0";"2";"1";"0";"1";""
"201900019024";"138 270 900";"B01";"0";"7";"0";"2";"1";"1";"1";""
"201900019025";"138 270 897";"A01";"2";"1";"0";"2";"8";"0";"5";""
"201900019025";"138 270 898";"B01";"2";"15";"0";"2";"2";"2";"1";""
"201900019026";"138 270 896";"A01";"1";"7";"0";"1";"2";"1";"1";""
"201900019027";"138 270 894";"B01";"1";"7";"0";"2";"3";"1";"1";""
"201900019027";"138 270 895";"A01";"2";"33";"0";"2";"1";"13";"1";""
"201900019028";"138 270 892";"A01";"2";"10";"0";"2";"8";"10";"1";""
"201900019028";"138 270 893";"B01";"2";"2";"0";"2";"1";"2";"1";""
"201900019029";"138 270 891";"A01";"1";"7";"0";"0";"9";"0";"1";""
"201900019030";"138 270 889";"A01";"1";"7";"0";"2";"3";"1";"1";""
"201900019030";"138 270 890";"B01";"1";"7";"0";"2";"3";"1";"1";""
"201900019031";"138 270 887";"B01";"3";"15";"0";"2";"2";"20";"1";""
"201900019031";"138 270 888";"A01";"1";"7";"0";"1";"1";"1";"1";""
"201900019032";"138 270 886";"A01";"2";"33";"13";"0";"0";"26";"0";""
"201900019033";"138 270 881";"A01";"2";"17";"1";"1";"0";"1";"1";""
"201900019034";"138 270 879";"B01";"1";"7";"0";"2";"1";"1";"1";""
"201900019034";"138 270 880";"A01";"2";"7";"0";"2";"1";"1";"1";""
"201900019035";"138 270 878";"A01";"3";"33";"6";"0";"1";"1";"1";""
"201900019036";"138 270 877";"A01";"1";"7";"6";"0";"1";"14";"1";""
"201900019037";"138 270 875";"B01";"1";"7";"0";"2";"6";"1";"1";""
"201900019037";"138 270 876";"A01";"1";"33";"0";"2";"1";"17";"1";""
"201900019038";"138 270 874";"A01";"1";"7";"13";"0";"9";"1";"1";""
"201900019039";"138 270 873";"A01";"0";"7";"8";"0";"1";"1";"1";""
"201900019040";"138 270 871";"B01";"2";"10";"0";"2";"3";"1";"1";""
"201900019040";"138 270 872";"A01";"1";"33";"0";"2";"3";"13";"1";""
"201900019041";"138 270 869";"B01";"1";"10";"0";"2";"3";"0";"6";""
"201900019041";"138 270 870";"A01";"2";"14";"13";"2";"1";"13";"6";""
"201900019042";"138 270 867";"B01";"0";"7";"0";"2";"3";"23";"1";""
"201900019042";"138 270 868";"A01";"2";"7";"0";"2";"2";"21";"1";""
"201900019043";"138 270 865";"B01";"2";"7";"0";"0";"6";"15";"0";""
"201900019043";"138 270 866";"A01";"2";"33";"0";"2";"1";"2";"0";""
"201900019044";"138 270 862";"A01";"2";"7";"0";"2";"1";"1";"1";""
"201900019044";"138 270 863";"B01";"2";"14";"0";"0";"4";"1";"1";""
"201900019044";"138 270 864";"C01";"2";"7";"0";"2";"4";"1";"1";""
"201900019045";"138 270 860";"A01";"1";"7";"0";"2";"1";"1";"1";""
"201900019045";"138 270 861";"B01";"1";"13";"0";"0";"4";"1";"1";""
"201900019046";"138 270 858";"B01";"0";"33";"0";"2";"1";"9";"1";""
"201900019046";"138 270 859";"A01";"2";"33";"0";"0";"6";"1";"1";""
"201900019047";"138 270 857";"A01";"1";"7";"0";"1";"3";"1";"1";""
"201900019048";"138 270 852";"C01";"0";"7";"6";"0";"6";"0";"1";""
"201900019048";"138 270 853";"B01";"3";"7";"0";"0";"6";"23";"1";""
"201900019048";"138 270 854";"A01";"0";"7";"1";"1";"1";"1";"1";""
"201900019049";"138 270 850";"A01";"3";"7";"0";"2";"3";"15";"1";""
"201900019049";"138 270 851";"B01";"2";"33";"0";"2";"1";"1";"1";""
"201900019050";"138 270 848";"A01";"1";"33";"0";"2";"1";"1";"1";""
"201900019050";"138 270 849";"B01";"2";"10";"0";"2";"3";"15";"1";""
"201900019051";"138 270 846";"A01";"2";"37";"0";"2";"2";"1";"1";"1"
"201900019051";"138 270 847";"B01";"1";"7";"0";"2";"3";"15";"1";""
"201900019052";"138 270 844";"B01";"0";"7";"0";"2";"3";"1";"1";""
"201900019052";"138 270 845";"A01";"0";"33";"0";"2";"3";"1";"1";""
"201900019053";"138 270 843";"A01";"1";"7";"13";"0";"0";"0";"0";""
"201900019054";"138 270 842";"A01";"3";"7";"0";"1";"1";"1";"1";""
"201900019055";"138 270 841";"A01";"3";"10";"0";"1";"1";"1";"1";""
"201900019056";"138 270 840";"A01";"1";"7";"8";"0";"1";"14";"1";""
"201900019057";"138 270 839";"A01";"0";"34";"0";"0";"7";"1";"1";""
"201900019058";"138 270 838";"A01";"0";"33";"6";"0";"1";"0";"1";""
"201900019059";"138 270 837";"A01";"2";"7";"8";"0";"8";"5";"1";""
"201900019060";"138 270 835";"B01";"2";"1";"0";"2";"1";"1";"5";""
"201900019060";"138 270 836";"A01";"1";"7";"0";"0";"2";"15";"1";""
"201900019061";"138 270 833";"A01";"3";"7";"0";"2";"8";"15";"1";""
"201900019061";"138 270 834";"B01";"3";"13";"0";"2";"1";"13";"1";""
"201900019062";"138 270 831";"A01";"1";"1";"0";"2";"3";"25";"5";""
"201900019062";"138 270 832";"B01";"1";"7";"0";"9";"2";"1";"1";""
"201900019063";"138 270 829";"A01";"1";"7";"0";"2";"3";"13";"1";""
"201900019063";"138 270 830";"B01";"2";"7";"0";"2";"3";"1";"1";""
"201900019064";"138 270 828";"A01";"2";"7";"8";"0";"2";"1";"1";""
"201900019065";"138 270 827";"A01";"1";"7";"0";"0";"9";"0";"0";""
"201900019066";"138 270 826";"A01";"2";"7";"2";"0";"2";"1";"1";""
"201900019067";"138 270 825";"A01";"0";"7";"8";"0";"2";"0";"1";""
"201900019068";"138 270 823";"A01";"1";"7";"0";"2";"4";"1";"1";""
"201900019068";"138 270 824";"B01";"1";"7";"0";"2";"1";"2";"1";""
"201900019069";"138 270 821";"A01";"0";"7";"0";"2";" -1";"0";" -1";""
"201900019069";"138 270 822";"B01";"0";"7";"0";"2";"0";"0";" -1";""
"201900019070";"138 270 815";"D01";"1";"7";"0";"2";"4";"2";"1";""
"201900019070";"138 270 816";"C01";"1";"10";"0";"2";"4";"2";"0";""
"201900019070";"138 270 817";"B01";"1";"10";"0";"2";"1";"2";"0";""
"201900019070";"138 270 818";"A01";"1";"7";"0";"2";"1";"2";"1";""
"201900019071";"138 270 813";"A01";"2";"7";"0";"2";"1";"1";"1";""
"201900019071";"138 270 814";"B01";"2";"31";"0";"2";"4";"1";"0";""
"201900019072";"138 270 811";"B01";"2";"7";"0";"2";"5";"12";"6";""
"201900019072";"138 270 812";"A01";"2";"31";"0";"2";"5";"26";"6";""
"201900019073";"138 270 809";"B01";"2";"7";"0";"2";"6";"0";"1";""
"201900019073";"138 270 810";"A01";"2";"15";"0";"2";"1";"26";"1";""
"201900019074";"138 270 807";"A01";"1";"33";"0";"2";"5";"14";"1";""
"201900019074";"138 270 808";"B01";"1";"7";"0";"2";"5";"17";"1";""
"201900019075";"138 270 804";"C01";"2";"7";"0";"2";"4";"1";"1";""
"201900019075";"138 270 805";"B01";"2";"31";"0";"2";"7";"1";"1";""
"201900019075";"138 270 806";"A01";"2";"7";"0";"2";"8";"11";"1";""
"201900019076";"138 270 799";"E01";"1";"7";"0";"2";"4";"2";"1";""
"201900019076";"138 270 800";"D01";"1";"10";"0";"2";"1";"2";"1";""
"201900019076";"138 270 801";"C01";"1";"7";"0";"2";"1";"2";"1";""
"201900019076";"138 270 802";"B01";"1";"7";"0";"2";"1";"2";"1";""
"201900019076";"138 270 803";"A01";"1";"7";"0";"2";"1";"2";"1";""
"201900019077";"138 270 797";"B01";"2";"10";"0";"2";"5";"12";"1";""
"201900019077";"138 270 798";"A01";"2";"33";"0";"2";"1";"3";"1";""
"201900019078";"138 270 795";"A01";"1";"7";"0";"2";"3";"0";"1";""
"201900019078";"138 270 796";"B01";"1";"7";"0";"2";"5";"0";"1";""
"201900019079";"138 270 791";"A01";"3";"1";"0";"2";"3";"19";"6";""
"201900019079";"138 270 792";"B01";"1";"7";"0";"2";"7";"1";"1";""
"201900019080";"138 270 788";"B01";"2";"7";"8";"2";"3";"1";"1";""
"201900019080";"138 270 789";"A01";"0";"7";"8";"2";"2";"15";"1";""
"201900019080";"138 270 790";"C01";"2";"7";"0";"2";"1";"23";"1";""
"201900019081";"138 270 785";"C01";"1";"7";"0";"2";"1";"1";"1";""
"201900019081";"138 270 786";"B01";"1";"7";"0";"2";"4";"1";"1";""
"201900019081";"138 270 787";"A01";"1";"7";"0";"2";"4";"1";"1";""
"201900019082";"138 270 782";"A01";"3";"7";"0";"2";"1";"2";"1";""
"201900019082";"138 270 783";"B01";"3";"7";"0";"2";"1";"2";"1";""
"201900019082";"138 270 784";"C01";"0";"1";"0";"2";"0";"19";"5";""
"201900019083";"138 270 780";"B01";"2";"2";"0";"2";"1";"1";"1";""
"201900019083";"138 270 781";"A01";"1";"7";"0";"2";"7";"15";"1";""
"201900019084";"138 270 779";"A01";"1";"50";"0";"1";"3";"26";"3";""
"201900019085";"138 270 778";"A01";"1";"1";"0";"0";"0";"14";"5";""
"201900019086";"138 270 776";"A01";"1";"7";"0";"1";"2";"26";"1";""
"201900019086";"138 270 777";"Y01";"3";"0";"0";"2";"0";"0";"0";""
"201900019087";"138 270 774";"A01";"1";"33";"0";"2";"4";"17";"1";""
"201900019087";"138 270 775";"B01";"1";"2";"0";"2";"1";"13";"1";""
"201900019088";"138 270 772";"A01";"1";"7";"0";"2";"2";"26";"1";""
"201900019088";"138 270 773";"B01";"1";"30";"0";"2";"1";"1";"1";""
"201900019089";"138 270 770";"B01";"2";"33";"0";"2";"1";"1";"1";""
"201900019089";"138 270 771";"A01";"1";"7";"0";"2";"3";"15";"1";""
"201900019090";"138 270 768";"A01";"1";"30";"0";"2";"1";"17";"1";""
"201900019090";"138 270 769";"B01";"1";"7";"0";"2";"3";"17";"1";""
"201900019091";"138 270 767";"A01";"1";"50";"0";"0";"0";"25";"3";""
"201900019092";"138 270 765";"A01";"1";"7";"0";"2";"2";"1";"1";""
"201900019092";"138 270 766";"B01";"1";"50";"0";"2";"1";"1";"3";""
"201900019093";"138 270 763";"B01";"2";"7";"0";"2";"7";"1";"1";""
"201900019093";"138 270 764";"A01";"1";"7";"0";"2";"3";"1";"1";""
"201900019094";"138 270 762";"A01";"1";"7";"0";"1";"2";"26";"1";""
"201900019095";"138 270 760";"A01";"3";"1";"0";"2";"3";"19";"5";""
"201900019095";"138 270 761";"B01";"2";"32";"0";"2";"1";"21";"1";""
"201900019096";"138 270 758";"A01";"1";"7";"0";"2";"3";"1";"1";""
"201900019096";"138 270 759";"B01";"2";"1";"0";"2";"8";"15";"5";""
"201900019097";"138 270 756";"B01";"2";"7";"0";"2";"3";"19";"6";""
"201900019097";"138 270 757";"A01";"2";"10";"0";"2";"2";"9";"6";""
"201900019098";"138 270 754";"B01";"3";"1";"0";"2";"7";"15";"5";""
"201900019098";"138 270 755";"A01";"3";"7";"0";"2";"1";"1";"1";""
"201900019099";"138 270 751";"B01";"3";"7";"0";"2";"3";"5";"1";""
"201900019099";"138 270 752";"A01";"3";"7";"0";"2";"3";"5";"1";""
"201900019100";"138 270 750";"A01";"3";"99";"6";"0";"1";"26";"1";""
"201900019101";"138 270 749";"A01";"1";"7";"0";"1";"1";"0";"5";""
"201900019102";"138 270 747";"B01";"2";"7";"0";"2";"6";"12";"1";""
"201900019102";"138 270 748";"A01";"2";"43";"0";"2";"1";"3";"1";""
"201900019103";"138 270 745";"A01";"2";"7";"0";"2";"2";"1";"1";""
"201900019103";"138 270 746";"B01";"2";"7";"0";"2";"6";"23";"1";""
"201900019104";"138 270 743";"B01";"2";"7";"0";"2";"5";"15";"1";""
"201900019104";"138 270 744";"A01";"1";"34";"0";"2";"1";"26";"1";""
"201900019105";"138 270 741";"B01";"1";"7";"0";"2";"3";"1";"1";""
"201900019105";"138 270 742";"A01";"2";"7";"0";"2";"3";"13";"1";""
"201900019106";"138 270 739";"B01";"2";"1";"0";"2";"1";"1";"6";""
"201900019106";"138 270 740";"Y01";"1";"7";"12";"0";"8";"1";"0";""
"201900019107";"138 270 728";"D01";"2";"7";"0";"0";"4";"0";"1";""
"201900019107";"138 270 729";"C01";"2";"7";"0";"2";"4";"0";"1";""
"201900019107";"138 270 730";"B01";"2";"7";"0";"2";"4";"0";"1";""
"201900019107";"138 270 731";"A01";"2";"7";"0";"2";"1";"0";"1";""
"201900019108";"138 270 721";"A01";"0";"7";"15";"0";"3";"13";"1";""
"201900019109";"138 270 719";"A01";"3";"32";"0";"2";"1";"18";"1";""
"201900019109";"138 270 720";"B01";"3";"7";"0";"2";"2";"15";"0";""
"201900019110";"138 270 718";"Z01";"2";"7";"8";"6";"1";"1";"1";""
"201900019111";"138 270 716";"B01";"2";"7";"0";"2";"5";"2";"1";""
"201900019111";"138 270 717";"A01";"2";"7";"0";"2";"1";"2";"1";""
"201900019112";"138 270 715";"A01";"1";"7";"0";"0";"0";"1";" -1";""
"201900019113";"138 270 712";"A01";"1";"10";"14";"1";"1";"15";"1";""
"201900019114";"138 270 710";"A01";"1";"7";"0";"2";"7";"15";"1";""
"201900019114";"138 270 711";"B01";"1";"33";"0";"2";"1";"1";"1";""
"201900019115";"138 270 708";"B01";"2";"1";"0";"0";"5";"1";"5";""
"201900019115";"138 270 709";"A01";"1";"7";"0";"2";"1";"1";"1";""
"201900019116";"138 270 707";"A01";"1";"7";"0";"1";"1";"1";"1";""
"201900019117";"138 270 705";"B01";"1";"7";"0";"2";"6";"1";"1";""
"201900019117";"138 270 706";"A01";"1";"10";"0";"2";"1";"1";"1";""
"201900019118";"138 270 704";"A01";"2";"7";"0";"1";"1";"15";"1";""
"201900019119";"138 270 703";"A01";"1";"7";"0";"1";"4";"20";"1";""
"201900019120";"138 270 701";"A01";"2";"30";"0";"2";"3";"21";"1";""
"201900019120";"138 270 702";"B01";"2";"7";"0";"2";"5";"2";"1";""
"201900019121";"138 270 699";"A01";"1";"7";"0";"2";"4";"26";"1";""
"201900019121";"138 270 700";"B01";"1";"1";"0";"2";"1";"2";"0";""
"201900019122";"138 270 697";"B01";"1";"1";"0";"2";"5";"9";"5";""
"201900019122";"138 270 698";"A01";"2";"7";"0";"2";"1";"0";"1";""
"201900019123";"138 270 695";"B01";"2";"7";"0";"2";"1";"2";"1";""
"201900019123";"138 270 696";"A01";"2";"7";"0";"1";"1";"1";"1";""
"201900019124";"138 270 693";"A01";"1";"7";"0";"2";"1";"2";"1";""
"201900019124";"138 270 694";"B01";"1";"7";"0";"2";"4";"1";"1";""
"201900019125";"138 270 691";"B01";"2";"1";"0";"2";"8";"1";"5";""
"201900019125";"138 270 692";"A01";"1";"10";"0";"2";"2";"15";"1";""
"201900019126";"138 270 688";"A01";"1";"7";"0";"1";"1";"26";"0";""
"201900019127";"138 270 687";"A01";"1";"7";"0";"1";"1";"26";"0";""
"201900019128";"138 270 684";"B01";"1";"7";"0";"2";"1";"5";"1";""
"201900019128";"138 270 685";"A01";"1";"7";"0";"2";"1";"5";"1";""
"201900019129";"138 270 683";"A01";"1";"7";"0";"1";"9";"1";"1";""
"201900019130";"138 270 681";"A01";"1";"7";"0";"2";"1";"13";"1";""
"201900019130";"138 270 682";"B01";"1";"7";"0";"2";"1";"1";"1";""
"201900019131";"138 270 679";"A01";"1";"7";"0";"2";"3";"16";"1";""
"201900019131";"138 270 680";"B01";"1";"7";"0";"2";"1";"2";"1";""
"201900019132";"138 270 677";"A01";"3";"7";"0";"2";"1";"16";"1";""
"201900019132";"138 270 678";"B01";"0";"1";"0";"2";"8";"19";"0";""
"201900019133";"138 270 676";"A01";"1";"33";"13";"0";"9";"21";"1";""
"201900019134";"138 270 674";"B01";"2";"1";"0";"2";"1";"1";"5";""
"201900019134";"138 270 675";"A01";"0";"7";"0";"0";"7";"16";"1";""
"201900019135";"138 270 672";"A01";"1";"7";"0";"2";"1";"13";"1";""
"201900019135";"138 270 673";"B01";"2";"7";"0";"2";"1";"1";"1";""
"201900019136";"138 270 671";"A01";"1";"7";"0";"1";"1";"1";"1";""
"201900019137";"138 270 666";"A01";"1";"7";"0";"2";"6";"9";"1";""
"201900019137";"138 270 667";"B01";"1";"15";"0";"2";"2";"1";"1";""
"201900019138";"138 270 663";"A01";"1";"7";"0";"0";"4";"2";"1";""
"201900019138";"138 270 664";"B01";"1";"7";"0";"2";"4";"2";"1";""
"201900019138";"138 270 665";"C01";"1";"7";"0";"2";"1";"2";"1";""
"201900019139";"138 270 661";"A01";"1";"10";"0";"2";"1";"2";"1";""
"201900019139";"138 270 662";"B01";"1";"7";"0";"2";"4";"2";"1";""
"201900019140";"138 270 658";"A01";"2";"31";"0";"2";"3";"3";"1";""
"201900019140";"138 270 659";"B01";"2";"7";"0";"2";"7";"12";"1";""