"Num_Acc";"id_vehicule";"num_veh";"senc";"catv";"obs";"obsm";"choc";"manv";"motor";"occutc"
"201900019140";"138 270 660";"C01";"2";"7";"0";"2";"5";"1";"1";""
"201900019141";"138 270 656";"A01";"1";"15";"0";"2";"2";"12";"1";""
"201900019141";"138 270 657";"B01";"1";"7";"0";"2";"3";"1";"1";""
"201900019142";"138 270 654";"B01";"2";"7";"0";"2";"6";"11";"1";""
"201900019142";"138 270 655";"A01";"2";"34";"0";"2";"1";"1";"1";""
"201900019143";"138 270 652";"A01";"2";"42";"0";"2";"1";"21";"1";""
"201900019143";"138 270 653";"B01";"2";"7";"0";"2";"5";"23";"1";""
"201900019144";"138 270 650";"B01";"2";"7";"0";"2";"3";"0";"1";""
"201900019144";"138 270 651";"A01";"2";"7";"0";"2";"9";"26";"1";""
"201900019145";"138 270 649";"A01";"1";"7";"3";"0";"9";"21";"1";""
"201900019146";"138 270 647";"B01";"2";"7";"0";"2";"6";"1";"1";""
"201900019146";"138 270 648";"A01";"2";"7";"0";"2";"2";"1";"1";""
"201900019147";"138 270 645";"A01";"1";"7";"0";"2";"5";"12";"1";""
"201900019147";"138 270 646";"B01";"1";"31";"0";"2";"3";"3";"1";""
"201900019148";"138 270 642";"A01";"2";"33";"0";"2";"8";"3";"1";""
"201900019148";"138 270 643";"B01";"2";"15";"0";"2";"8";"1";"1";""
"201900019148";"138 270 644";"Z01";"2";"7";"0";"2";"0";"0";"1";""
"201900019149";"138 270 640";"B01";"2";"7";"0";"2";"7";"1";"1";""
"201900019149";"138 270 641";"A01";"2";"33";"0";"2";"8";"13";"1";""
"201900019150";"138 270 638";"A01";"2";"7";"0";"2";"1";"1";"1";""
"201900019150";"138 270 639";"B01";"2";"10";"0";"2";"4";"2";"1";""
"201900019151";"138 270 637";"A01";"1";"7";"0";"1";"2";"1";"1";""
"201900019152";"138 270 634";"C01";"2";"7";"0";"2";"4";"2";"1";""
"201900019152";"138 270 635";"B01";"2";"7";"0";"2";"1";"2";"1";""
"201900019152";"138 270 636";"A01";"2";"7";"0";"2";"1";"2";"1";""
"201900019153";"138 270 632";"B01";"2";"43";"0";"2";"2";"3";"1";""
"201900019153";"138 270 633";"A01";"2";"7";"0";"2";"8";"11";"1";""
"201900019154";"138 270 630";"B01";"1";"2";"0";"2";"5";"23";"1";""
"201900019154";"138 270 631";"A01";"1";"7";"0";"2";"1";"11";"1";""
"201900019155";"138 270 628";"B01";"1";"7";"0";"2";"4";"12";"1";""
"201900019155";"138 270 629";"A01";"1";"33";"0";"2";"1";"3";"1";""
"201900019156";"138 270 626";"A01";"1";"7";"0";"2";"1";"2";"1";""
"201900019156";"138 270 627";"B01";"1";"7";"0";"2";"4";"1";"1";""
"201900019157";"138 270 623";"C01";"3";"7";"0";"2";"6";"23";"1";""
"201900019157";"138 270 624";"B01";"3";"7";"0";"2";"4";"23";"1";""
"201900019157";"138 270 625";"A01";"3";"7";"0";"2";"1";"2";"1";""
"201900019158";"138 270 621";"A01";"0";"7";"0";"1";"1";"1";"1";""
"201900019158";"138 270 622";"B01";"0";"33";"0";"0";"0";"0";"1";""
"201900019159";"138 270 619";"A01";"1";"10";"0";"2";"3";"1";"0";""
"201900019159";"138 270 620";"B01";"1";"2";"0";"2";"1";"23";"0";""
"201900019160";"138 270 617";"B01";"3";"7";"0";"2";"1";"2";"1";""
"201900019160";"138 270 618";"A01";"3";"7";"0";"0";"4";"23";"1";""
"201900019161";"138 270 616";"A01";"1";"7";"0";"1";"2";"1";"1";""
"201900019162";"138 270 614";"A01";"2";"32";"0";"2";"8";"2";"1";""
"201900019162";"138 270 615";"Z01";"1";"33";"0";"2";"7";"2";"1";""
"201900019163";"138 270 612";"B01";"1";"7";"0";"2";"4";"1";"0";""
"201900019163";"138 270 613";"A01";"1";"7";"0";"2";"4";"1";"0";""
"201900019164";"138 270 611";"A01";"2";"34";"8";"0";"1";"1";"1";""
"201900019165";"138 270 607";"A01";"3";"7";"0";"2";"6";"2";"1";""
"201900019165";"138 270 608";"B01";"3";"33";"0";"2";"1";"2";"1";""
"201900019166";"138 270 606";"A01";"3";"7";"0";"1";"8";"15";"1";""
"201900019167";"138 270 605";"A01";"1";"7";"0";"1";"1";"26";"1";""
"201900019168";"138 270 604";"A01";"2";"7";"0";"1";"2";"21";"1";""
"201900019169";"138 270 600";"A01";"1";"7";"0";"9";"2";"26";"0";""
"201900019170";"138 270 596";"A01";"2";"31";"0";"0";"7";"26";"1";""
"201900019171";"138 270 592";"B01";"3";"37";"0";"2";"2";"1";"1";"1"
"201900019171";"138 270 593";"A01";"3";"32";"0";"2";"3";"15";"1";""
"201900019172";"138 270 590";"A01";"1";"33";"0";"2";"1";"1";"1";""
"201900019172";"138 270 591";"B01";"2";"7";"0";"2";"7";"15";"1";""
"201900019173";"138 270 588";"B01";"3";"10";"0";"2";"4";"1";"1";""
"201900019173";"138 270 589";"A01";"3";"7";"0";"2";"1";"26";"1";""
"201900019174";"138 270 585";"B01";"2";"7";"0";"2";"3";"1";"1";""
"201900019174";"138 270 586";"A01";"1";"1";"0";"2";"1";"15";"5";""
"201900019174";"138 270 587";"C01";"2";"10";"0";"2";"0";"15";"1";""
"201900019175";"138 270 584";"A01";"1";"33";"1";"0";"1";"13";"1";""
"201900019176";"138 270 583";"A01";"1";"30";"12";"0";"3";"1";"1";""
"201900019177";"138 270 581";"A01";"3";"7";"0";"2";"3";"15";"1";""
"201900019177";"138 270 582";"B01";"2";"7";"0";"2";"1";"26";"1";""
"201900019178";"138 270 580";"A01";"0";"7";"0";"1";"6";"26";"6";""
"201900019179";"138 270 579";"A01";"1";"30";"8";"0";"1";"14";"1";""
"201900019180";"138 270 577";"B01";"1";"33";"0";"2";"1";"1";"1";""
"201900019180";"138 270 578";"A01";"3";"7";"0";"2";"3";"15";"1";""
"201900019181";"138 270 575";"Z01";"2";"10";"1";"0";"2";"17";"0";""
"201900019181";"138 270 576";"A01";"2";"10";"12";"0";"6";"2";"0";""
"201900019182";"138 270 573";"A01";"3";"7";"0";"2";"5";"1";"6";""
"201900019182";"138 270 574";"Y01";"3";"2";"0";"2";"1";"1";"1";""
"201900019183";"138 270 571";"B01";"3";"7";"0";"2";"8";"15";"1";""
"201900019183";"138 270 572";"A01";"3";"7";"0";"2";"1";"1";"1";""
"201900019184";"138 270 569";"B01";"2";"7";"0";"2";"3";"1";"1";""
"201900019184";"138 270 570";"A01";"1";"7";"16";"2";"3";"13";"1";""
"201900019185";"138 270 568";"A01";"1";"7";"1";"1";"1";"1";"1";""
"201900019186";"138 270 567";"A01";"1";"7";"2";"0";"1";"15";"1";""
"201900019187";"138 270 566";"A01";"3";"10";"8";"0";"2";"21";"1";""
"201900019188";"138 270 564";"B01";"2";"7";"0";"2";"4";"2";"1";""
"201900019188";"138 270 565";"A01";"2";"30";"0";"2";"1";"2";"1";""
"201900019189";"138 270 562";"A01";"3";"7";"0";"2";"1";"0";"1";""
"201900019189";"138 270 563";"B01";"3";"7";"12";"0";"4";"1";"1";""
"201900019190";"138 270 561";"A01";"3";"7";"8";"0";"1";"26";"1";""
"201900019191";"138 270 559";"A01";"1";"7";"0";"2";"8";"10";"1";""
"201900019191";"138 270 560";"B01";"1";"7";"0";"2";"1";"1";"1";""
"201900019192";"138 270 557";"B01";"3";"7";"0";"2";"4";"1";"1";""
"201900019192";"138 270 558";"A01";"3";"32";"0";"2";"1";"1";"1";""
"201900019193";"138 270 555";"A01";"3";"7";"0";"2";"2";"15";"1";""
"201900019193";"138 270 556";"B01";"3";"1";"0";"2";"1";"15";"5";""
"201900019194";"138 270 551";"A01";"0";"7";"0";"2";"1";"15";"0";""
"201900019194";"138 270 552";"B01";"0";"32";"0";"2";"1";"1";"0";""
"201900019195";"138 270 549";"A01";"1";"10";"0";"2";"1";"2";"0";""
"201900019195";"138 270 550";"B01";"1";"10";"0";"2";"4";"2";"0";""
"201900019196";"138 270 547";"A01";"2";"33";"0";"2";"1";"13";"1";""
"201900019196";"138 270 548";"B01";"1";"7";"0";"2";"1";"1";"1";""
"201900019197";"138 270 545";"B01";"2";"33";"0";"2";"1";"26";"1";""
"201900019197";"138 270 546";"A01";"2";"21";"0";"2";"6";"1";"1";""
"201900019198";"138 270 543";"B01";"2";"32";"0";"2";"3";"3";"1";""
"201900019198";"138 270 544";"A01";"2";"7";"0";"2";"7";"12";"1";""
"201900019199";"138 270 541";"B01";"2";"1";"0";"2";"9";"15";"5";""
"201900019199";"138 270 542";"A01";"1";"7";"0";"2";"1";"1";"1";""
"201900019200";"138 270 539";"A01";"1";"31";"0";"2";"1";"1";"1";""
"201900019200";"138 270 540";"B01";"2";"7";"0";"2";"7";"15";"1";""
"201900019201";"138 270 537";"B01";"1";"80";"0";"2";"0";"1";"3";""
"201900019201";"138 270 538";"A01";"1";"7";"0";"2";"8";"22";"1";""
"201900019202";"138 270 533";"A01";"3";"7";"0";"2";"3";"1";"1";""
"201900019202";"138 270 534";"B01";"1";"10";"0";"2";"1";"1";"1";""
"201900019202";"138 270 535";"C01";"1";"7";"0";"2";"4";"1";"1";""
"201900019202";"138 270 536";"D01";"2";"7";"0";"2";"8";"1";"1";""
"201900019203";"138 270 531";"B01";"3";"7";"0";"2";"2";"7";"1";""
"201900019203";"138 270 532";"A01";"1";"7";"0";"2";"3";"1";"1";""
"201900019204";"138 270 530";"A01";"2";"33";"1";"1";"1";"1";"1";""
"201900019205";"138 270 529";"A01";"1";"30";"0";"0";"5";"16";"1";""
"201900019206";"138 270 527";"A01";"2";"7";"0";"2";"3";"15";"1";""
"201900019206";"138 270 528";"B01";"2";"30";"0";"2";"1";"1";"1";""
"201900019207";"138 270 526";"A01";"3";"1";"0";"0";"0";"7";"5";""
"201900019208";"138 270 524";"A01";"1";"30";"0";"2";"2";"19";"0";""
"201900019208";"138 270 525";"B01";"1";"7";"0";"6";"3";"1";"0";""
"201900019209";"138 270 523";"A01";"3";"7";"2";"0";"1";"1";"0";""
"201900019210";"138 270 521";"A01";"0";"7";"0";"2";"1";"1";"0";""
"201900019210";"138 270 522";"B01";"0";"7";"0";"2";"1";"15";"0";""
"201900019211";"138 270 519";"B01";"3";"7";"0";"2";"1";"19";"1";""
"201900019211";"138 270 520";"A01";"3";"30";"0";"2";"3";"19";"1";""
"201900019212";"138 270 517";"B01";"2";"40";"0";"2";"0";"0";"0";""
"201900019212";"138 270 518";"A01";"2";"7";"0";" -1";"3";"15";"0";""
"201900019213";"138 270 515";"B01";"3";"7";"0";"0";"2";"0";"1";""
"201900019213";"138 270 516";"A01";"3";"7";"0";"0";"1";"1";"1";""
"201900019214";"138 270 514";"A01";"1";"30";"0";"1";"1";"21";"1";""
"201900019215";"138 270 512";"A01";"1";"7";"0";"2";"1";"19";"1";""
"201900019215";"138 270 513";"B01";"1";"7";"0";"2";"8";"0";"1";""
"201900019216";"138 270 510";"A01";"3";"7";"14";"0";"5";"12";"1";""
"201900019216";"138 270 511";"B01";"3";"2";"0";"2";"1";"2";"1";""
"201900019217";"138 270 508";"C01";"1";"30";"0";"2";"1";"0";"0";""
"201900019217";"138 270 509";"A01";"1";"30";"0";"2";"4";"23";"0";""
"201900019218";"138 270 507";"A01";"1";"7";"0";"6";"2";"1";"1";""
"201900019219";"138 270 505";"A01";"3";"3";"0";"0";"5";"2";"1";""
"201900019219";"138 270 506";"B01";"3";"2";"0";"2";"1";"2";"1";""
"201900019220";"138 270 503";"A01";"1";"7";"8";"2";"2";"19";"1";""
"201900019220";"138 270 504";"B01";"1";"32";"0";"2";"1";"0";"1";""
"201900019221";"138 270 501";"A01";"3";"7";"0";"1";"1";"1";"1";""
"201900019222";"138 270 500";"A01";"1";"1";"5";"0";"9";"1";"5";""
"201900019223";"138 270 499";"A01";"3";"7";"0";"1";"4";"20";"2";""
"201900019224";"138 270 495";"A01";"2";"7";"0";"2";"1";"1";"1";""
"201900019224";"138 270 496";"B01";"2";"7";"0";"2";"4";"1";"1";""
"201900019224";"138 270 497";"C01";"2";"7";"0";"2";"1";"1";"1";""
"201900019224";"138 270 498";"D01";"2";"7";"14";"0";"1";"1";"1";""
"201900019225";"138 270 493";"A01";"3";"2";"0";"0";"7";"16";"1";""
"201900019225";"138 270 494";"B01";"3";"7";"0";"2";"1";"26";"1";""
"201900019226";"138 270 491";"A01";"0";"7";"14";"9";"6";"2";"1";""
"201900019226";"138 270 492";"B01";"0";"7";"0";"2";"2";"2";"1";""
"201900019227";"138 270 488";"C01";"1";"7";"0";"2";"1";"2";"1";""
"201900019227";"138 270 489";"B01";"1";"7";"0";"2";"4";"23";"1";""
"201900019227";"138 270 490";"A01";"1";"7";"0";"2";"4";"23";"1";""
"201900019228";"138 270 486";"B01";"3";"10";"0";"2";"3";"1";"1";""
"201900019228";"138 270 487";"A01";"3";"21";"0";"2";"5";"15";"1";""
"201900019229";"138 270 485";"A01";"2";"33";"13";"0";"1";"1";"1";""
"201900019230";"138 270 483";"B01";"1";"7";"0";"2";"6";"2";"1";""
"201900019230";"138 270 484";"A01";"1";"33";"0";"2";"1";"2";"1";""
"201900019231";"138 270 482";"A01";"2";"33";"14";"0";"1";"1";"1";""
"201900019232";"138 270 480";"B01";"1";"7";"0";"2";"1";"1";"1";""
"201900019232";"138 270 481";"A01";"2";"7";"0";"2";"8";"9";"1";""
"201900019233";"138 270 478";"B01";"2";"7";"0";"2";"1";"1";"1";""
"201900019233";"138 270 479";"A01";"1";"2";"0";"2";"1";"13";"1";""
"201900019234";"138 270 477";"A01";"2";"7";"10";"0";"2";"1";"1";""
"201900019235";"138 270 476";"A01";"1";"7";"6";"0";"1";"1";"1";""
"201900019236";"138 270 473";"B01";"1";"7";"0";"0";"3";"1";"1";""
"201900019236";"138 270 474";"C01";"2";"7";"15";"0";"8";"0";"1";""
"201900019236";"138 270 475";"A01";"1";"7";"0";"0";"1";"19";"1";""
"201900019237";"138 270 472";"A01";"1";"7";"13";"0";"1";"1";"1";""
"201900019238";"138 270 471";"A01";"2";"33";"0";"0";"0";"0";"6";""
"201900019239";"138 270 470";"A01";"2";"7";"0";"1";"1";"1";"1";""
"201900019240";"138 270 468";"B01";"0";"7";"0";"2";"1";"1";"1";""
"201900019240";"138 270 469";"A01";"0";"7";"3";"2";"1";"1";"1";""
"201900019241";"138 270 466";"A01";"1";"7";"0";"2";"3";"13";"1";""
"201900019241";"138 270 467";"B01";"2";"7";"0";"2";"6";"1";"1";""
"201900019242";"138 270 464";"B01";"2";"33";"0";"2";"1";"17";"1";""
"201900019242";"138 270 465";"A01";"2";"7";"0";"2";"8";"15";"1";""
"201900019243";"138 270 463";"A01";"1";"10";"0";"1";"3";"1";"1";""
"201900019244";"138 270 460";"C01";"2";"7";"0";"2";"3";"1";"1";""
"201900019244";"138 270 461";"B01";"1";"7";"0";"2";"2";"21";"1";""
"201900019244";"138 270 462";"A01";"2";"7";"0";"2";"6";"9";"1";""
"201900019245";"138 270 458";"A01";"2";"1";"0";"2";"8";"1";"5";""
"201900019245";"138 270 459";"B01";"2";"7";"0";"2";"7";"17";"1";""
"201900019246";"138 270 456";"B01";"2";"33";"0";"2";"1";"1";"1";""
"201900019246";"138 270 457";"A01";"1";"7";"0";"0";"7";"15";"1";""
"201900019247";"138 270 455";"A01";"1";"31";"10";"0";"2";"1";"1";""
"201900019248";"138 270 454";"A01";"1";"33";"16";"0";"0";"1";"1";""
"201900019249";"138 270 453";"A01";"2";"7";"0";"0";"3";"1";"0";""
"201900019250";"138 270 452";"A01";"1";"7";"2";"0";"1";"17";"1";""
"201900019251";"138 270 450";"B01";"0";"1";"0";"2";"7";"19";"5";""
"201900019251";"138 270 451";"A01";"0";"7";"0";"9";"8";"1";"1";""
"201900019252";"138 270 449";"A01";"1";"7";"0";"1";"1";"1";"1";""
"201900019253";"138 270 447";"A01";"2";"33";"0";"2";"2";"2";"1";""
"201900019253";"138 270 448";"B01";"2";"7";"0";"2";"6";"23";"1";""
"201900019254";"138 270 446";"A01";"3";"33";"0";"0";"9";"13";"1";""
"201900019255";"138 270 445";"A01";"3";"36";"0";"1";"1";"1";"1";""
"201900019256";"138 270 444";"A01";"3";"7";"3";"0";"3";"1";"1";""
"201900019257";"138 270 443";"A01";"1";"31";"0";"0";"0";"1";"1";""
"201900019258";"138 270 441";"B01";"2";"7";"0";"2";"3";"1";"1";""
"201900019258";"138 270 442";"A01";"2";"7";"0";"2";"3";"13";"1";""
"201900019259";"138 270 440";"A01";"1";"33";"8";"0";"1";"1";"1";""
"201900019260";"138 270 438";"A01";"0";"33";"12";"0";"1";"1";"0";""
"201900019260";"138 270 439";"B01";"0";"33";"12";"0";"0";"1";"0";""
"201900019261";"138 270 437";"A01";"2";"7";"2";"0";"1";"13";"1";""
"201900019262";"138 270 435";"B01";"1";"7";"0";"2";"3";"19";"1";""
"201900019262";"138 270 436";"A01";"1";"7";"0";"2";"1";"1";"1";""
"201900019263";"138 270 433";"A01";"2";"7";"3";"2";"6";"24";"1";""
"201900019263";"138 270 434";"B01";"2";"15";"1";"0";"2";"14";"1";""
"201900019264";"138 270 430";"C01";"2";"7";"0";"0";"4";"2";"1";""
"201900019264";"138 270 431";"B01";"2";"7";"0";"2";"4";"2";"1";""
"201900019264";"138 270 432";"A01";"2";"7";"0";"2";"1";"2";"1";""
"201900019265";"138 270 428";"A01";"1";"7";"7";"0";"5";"19";"0";""
"201900019265";"138 270 429";"B01";"2";"15";"0";"2";"1";"1";"1";""
"201900019266";"138 270 426";"B01";"1";"7";"0";"2";"3";"15";"1";""
"201900019266";"138 270 427";"A01";"1";"15";"0";"2";"2";"1";"1";""
"201900019267";"138 270 424";"A01";"0";"7";"0";"2";"3";"19";"1";""
"201900019267";"138 270 425";"B01";"3";"33";"0";"2";"1";"1";"1";""
"201900019268";"138 270 421";"C01";"0";"7";"0";"9";"2";"2";"1";""
"201900019268";"138 270 422";"B01";"0";"1";"0";"0";"8";"2";"5";""
"201900019268";"138 270 423";"A01";"0";"1";"0";"0";"8";"2";"5";""
"201900019269";"138 270 419";"B01";"1";"7";"4";"2";"2";"1";"1";""
"201900019269";"138 270 420";"A01";"1";"7";"0";"2";"2";"1";"6";""
"201900019270";"138 270 418";"A01";"2";"2";"0";"9";"1";"2";"1";""
"201900019271";"138 270 416";"B01";"2";"32";"0";"2";"8";"10";"1";""
"201900019271";"138 270 417";"A01";"1";"33";"0";"2";"1";"1";"1";""
"201900019272";"138 270 414";"B01";"2";"2";"0";"2";"1";"9";"1";""
"201900019272";"138 270 415";"A01";"2";"7";"0";"2";"1";"0";"1";""
"201900019273";"138 270 412";"A01";"1";"31";"1";"0";"1";"1";"1";""
"201900019273";"138 270 413";"B01";"2";"7";"0";"0";"1";"24";"1";""
"201900019274";"138 270 411";"A01";"3";"33";"6";"0";"1";"1";"1";""
"201900019275";"138 270 410";"A01";"3";"7";"0";"1";"2";"15";"0";""
"201900019276";"138 270 408";"B01";"2";"7";"0";"2";"1";"1";"1";""
"201900019276";"138 270 409";"A01";"1";"7";"0";"2";"1";"13";"1";""
"201900019277";"138 270 406";"B01";"2";"7";"0";"2";"3";"1";"1";""
"201900019277";"138 270 407";"A01";"1";"7";"0";"2";"3";"5";"1";""
"201900019278";"138 270 403";"A01";"2";"33";"0";"2";"3";"1";"1";""
"201900019278";"138 270 404";"B01";"3";"10";"0";"2";"2";"9";"1";""
"201900019278";"138 270 405";"C01";"3";"7";"0";"2";"3";"23";"1";""
"201900019279";"138 270 401";"B01";"3";"7";"0";"2";"1";"26";"1";""
"201900019279";"138 270 402";"A01";"3";"2";"0";"2";"5";"21";"1";""
"201900019280";"138 270 399";"A01";"2";"7";"0";"2";"2";"9";"1";""
"201900019280";"138 270 400";"B01";"2";"2";"0";"2";"7";"16";"1";""
"201900019281";"138 270 397";"B01";"1";"1";"0";"0";"4";"2";"6";""
"201900019281";"138 270 398";"A01";"1";"7";"0";"9";"1";"2";"6";""
"201900019282";"138 270 393";"A01";"2";"7";"0";"2";"3";"13";"1";""
"201900019282";"138 270 394";"B01";"1";"7";"0";"2";"3";"1";"1";""
"201900019282";"138 270 395";"C01";"1";"7";"0";"2";"3";"1";"1";""
"201900019283";"138 270 390";"C01";"2";"7";"14";"0";"1";"2";"1";""
"201900019283";"138 270 391";"B01";"2";"7";"14";"0";"7";"2";"1";""
"201900019283";"138 270 392";"A01";"2";"7";"3";"0";"8";"10";"1";""
"201900019284";"138 270 389";"A01";"1";"32";"0";"0";"0";"16";"1";""
"201900019285";"138 270 388";"A01";"2";"7";"0";"1";"7";"1";"1";""
"201900019286";"138 270 386";"A01";"2";"7";"0";"2";"4";"1";"1";""
"201900019286";"138 270 387";"B01";"2";"33";"0";"2";"1";"2";"1";""
"201900019287";"138 270 384";"A01";"2";"10";"0";"2";"1";"2";"1";""
"201900019287";"138 270 385";"B01";"2";"10";"0";"2";"4";"2";"1";""
"201900019288";"138 270 382";"A01";"1";"7";"3";"2";"1";"2";"1";""
"201900019288";"138 270 383";"B01";"1";"7";"0";"2";"4";"1";"1";""
"201900019289";"138 270 380";"A01";"1";"7";"0";"2";"1";"14";"1";""
"201900019289";"138 270 381";"B01";"1";"7";"0";"2";"1";"1";"1";""
"201900019290";"138 270 379";"A01";"1";"7";"0";"0";"9";"1";"1";""
"201900019291";"138 270 377";"B01";"2";"7";"0";"2";"4";"23";"1";""
"201900019291";"138 270 378";"A01";"2";"7";"1";"0";"1";"21";"1";""
"201900019292";"138 270 374";"C01";"1";"7";"0";"2";"4";"2";"1";""
"201900019292";"138 270 375";"B01";"1";"7";"0";"2";"4";"2";"1";""
"201900019292";"138 270 376";"A01";"1";"10";"0";"2";"1";"2";"1";""
"201900019293";"138 270 372";"B01";"1";"7";"0";"2";"4";"1";"1";""
"201900019293";"138 270 373";"A01";"1";"7";"0";"2";"1";"1";"1";""
"201900019294";"138 270 370";"B01";"1";"33";"0";"2";"3";"16";"1";""
"201900019294";"138 270 371";"A01";"1";"30";"0";"2";"1";"1";"1";""
"201900019295";"138 270 369";"A01";"1";"33";"12";"0";"1";"21";"1";""
"201900019296";"138 270 367";"A01";"1";"7";"0";"2";"1";"1";"1";""
"201900019296";"138 270 368";"B01";"1";"7";"0";"2";"6";"1";"0";""
"201900019297";"138 270 366";"A01";"1";"7";"0";"1";"3";"17";"1";""
"201900019298";"138 270 364";"A01";"1";"7";"0";"2";"3";"15";"1";""
"201900019298";"138 270 365";"B01";"1";"32";"0";"2";"1";"1";"1";""
"201900019299";"138 270 362";"A01";"2";"37";"0";"1";"1";"1";"1";"1"
"201900019299";"138 270 363";"B01";"1";"7";"0";"1";"0";"23";"1";""
"201900019300";"138 270 360";"B01";"1";"7";"0";"2";"7";"0";"1";""
"201900019300";"138 270 361";"A01";"2";"7";"0";"2";"3";"16";"1";""
"201900019301";"138 270 358";"A01";"1";"7";"0";"2";"2";"26";"1";""
"201900019301";"138 270 359";"B01";"1";"7";"0";"2";"6";"9";"1";""
"201900019302";"138 270 356";"A01";"2";"7";"0";"2";"5";"14";"1";""
"201900019302";"138 270 357";"B01";"2";"1";"0";"2";"1";"0";"5";""
"201900019303";"138 270 355";"A01";"1";"7";"0";"1";"1";"9";"1";""
"201900019304";"138 270 353";"A01";"3";"34";"0";"2";"1";"18";"1";""
"201900019304";"138 270 354";"B01";"3";"7";"0";"2";"7";"15";"1";""
"201900019305";"138 270 351";"B01";"1";"7";"0";"2";"1";"2";"0";""
"201900019305";"138 270 352";"A01";"1";"7";"0";"0";"4";"23";"0";""
"201900019306";"138 270 347";"B01";"2";"32";"0";"2";"8";"2";"0";""
"201900019306";"138 270 348";"A01";"2";"7";"0";"2";"1";"15";"0";""
"201900019307";"138 270 339";"A01";"3";"7";"0";"2";"3";"15";"1";""
"201900019307";"138 270 340";"B01";"3";"7";"0";"2";"2";"19";"1";""
"201900019308";"138 270 334";"A01";"1";"30";"11";"0";"1";"1";"1";""
"201900019309";"138 270 331";"A01";"2";"2";"1";"0";"3";"13";"1";""
"201900019310";"138 270 329";"B01";"1";"7";"0";"2";"1";"1";"1";""
"201900019310";"138 270 330";"A01";"1";"30";"0";"2";"1";"1";"1";""
"201900019311";"138 270 327";"B01";"1";"7";"0";"2";"3";"1";"1";""
"201900019311";"138 270 328";"A01";"1";"7";"0";"2";"1";"1";"1";""
"201900019312";"138 270 326";"A01";"1";"30";"0";"0";"7";"1";"1";""
"201900019313";"138 270 324";"A01";"2";"7";"0";"2";"1";"1";"1";""
"201900019313";"138 270 325";"B01";"2";"7";"0";"2";"4";"15";"1";""
"201900019314";"138 270 322";"A01";"3";"7";"0";"2";"6";"9";"1";""
"201900019314";"138 270 323";"B01";"3";"33";"0";"2";"7";"1";"1";""
"201900019315";"138 270 320";"A01";"3";"7";"4";"2";"1";"1";"1";""
"201900019315";"138 270 321";"B01";"3";"7";"0";"2";"3";"1";"1";""
"201900019316";"138 270 318";"B01";"2";"7";"0";"2";"6";"15";"1";""
"201900019316";"138 270 319";"A01";"2";"31";"0";"2";"1";"15";"1";""
"201900019317";"138 270 316";"B01";"2";"1";"0";"2";"1";"1";"5";""
"201900019317";"138 270 317";"A01";"1";"7";"0";"2";"3";"15";"1";""
"201900019318";"138 270 315";"A01";"2";"33";"13";"0";"0";"1";"1";""
"201900019319";"138 270 314";"A01";"2";"7";"13";"0";"2";"1";"1";""
"201900019320";"138 270 312";"A01";"1";"7";"0";"2";"2";"9";"1";""
"201900019320";"138 270 313";"B01";"2";"2";"0";"2";"1";"21";"1";""
"201900019321";"138 270 311";"A01";"3";"1";"1";"0";"0";"1";"5";""
"201900019322";"138 270 309";"B01";"0";"33";"0";"2";"1";"1";"1";""
"201900019322";"138 270 310";"A01";"0";"7";"0";"2";"3";"9";"0";""
"201900019323";"138 270 307";"B01";"2";"7";"0";"2";"1";"1";"1";""
"201900019323";"138 270 308";"A01";"1";"10";"0";"2";"1";"1";"1";""
"201900019324";"138 270 305";"B01";"2";"7";"0";"9";"3";"1";"1";""
"201900019324";"138 270 306";"A01";"1";"60";"0";"2";"1";"13";"5";""
"201900019325";"138 270 304";"A01";"2";"7";"0";"0";"9";"1";"1";""
"201900019326";"138 270 303";"A01";"1";"7";"1";"0";"2";"14";"1";""
"201900019327";"138 270 301";"A01";"1";"13";"0";"2";"3";"13";"1";""
"201900019327";"138 270 302";"B01";"1";"15";"0";"2";"3";"1";"1";""
"201900019328";"138 270 299";"B01";"3";"2";"0";"2";"2";"1";"1";""
"201900019328";"138 270 300";"A01";"3";"7";"0";"2";"3";"1";"1";""
"201900019329";"138 270 297";"B01";"2";"7";"0";"0";"4";"1";"1";""
"201900019329";"138 270 298";"A01";"2";"7";"0";"2";"1";"1";"1";""
"201900019330";"138 270 295";"B01";"1";"33";"0";"2";"2";"1";"1";""
"201900019330";"138 270 296";"A01";"1";"7";"0";"2";"8";"10";"1";""
"201900019331";"138 270 294";"A01";"1";"7";"2";"0";"2";"1";"1";""
"201900019332";"138 270 292";"B01";"0";"7";"0";"2";"3";"1";"1";""
"201900019332";"138 270 293";"A01";"2";"2";"0";"2";"1";"17";"1";""
"201900019333";"138 270 290";"B01";"3";"32";"0";"2";"7";"2";"1";""
"201900019333";"138 270 291";"A01";"0";"7";"0";"2";"8";"2";"1";""
"201900019334";"138 270 288";"B01";"1";"7";"0";"2";"1";"16";"2";""
"201900019334";"138 270 289";"A01";"2";"1";"0";"2";"1";"13";"5";""
"201900019335";"138 270 287";"A01";"1";"7";"3";"0";"0";"0";"1";""
"201900019336";"138 270 286";"A01";"2";"2";"0";"0";"3";"15";"0";""
"201900019337";"138 270 285";"A01";"1";"7";"6";"0";"3";"13";"1";""
"201900019338";"138 270 283";"B01";"2";"7";"0";"2";"8";"15";"1";""