"Num_Acc";"id_vehicule";"num_veh";"senc";"catv";"obs";"obsm";"choc";"manv";"motor";"occutc"
"201900019338";"138 270 284";"A01";"2";"31";"0";"2";"0";"17";"1";""
"201900019339";"138 270 282";"A01";"0";"33";"16";"0";"1";"1";"1";""
"201900019340";"138 270 280";"A01";"1";"7";"0";"1";"2";"1";"1";""
"201900019341";"138 270 279";"A01";"1";"31";"7";"0";"2";"1";"1";""
"201900019342";"138 270 277";"B01";"1";"2";"0";"2";"1";"1";"1";""
"201900019342";"138 270 278";"A01";"2";"7";"0";"0";"5";"1";"1";""
"201900019343";"138 270 276";"A01";"1";"7";"7";"0";"2";"1";"1";""
"201900019344";"138 270 275";"A01";"3";"7";"0";"1";"1";"15";"1";""
"201900019345";"138 270 273";"B01";"2";"32";"0";"2";"1";"15";"0";""
"201900019345";"138 270 274";"A01";"1";"33";"0";"2";"7";"16";"0";""
"201900019346";"138 270 272";"A01";"0";"31";"8";"0";"3";"13";"1";""
"201900019347";"138 270 271";"A01";"1";"17";"0";"1";"8";"15";"0";""
"201900019348";"138 270 269";"B01";"3";"7";"0";"2";"2";"1";"0";""
"201900019348";"138 270 270";"A01";"3";"7";"0";"2";"3";"9";"0";""
"201900019349";"138 270 267";"B01";"1";"33";"0";"0";"4";"1";"1";""
"201900019349";"138 270 268";"A01";"1";"33";"0";"2";"1";"2";"1";""
"201900019350";"138 270 266";"A01";"2";"33";"3";"0";"1";"13";"1";""
"201900019351";"138 270 265";"A01";"0";"7";"0";"0";"1";"2";"1";""
"201900019352";"138 270 263";"A01";"2";"7";"2";"0";"2";"0";"1";""
"201900019353";"138 270 262";"A01";"1";"7";"0";"1";"3";"9";"1";""
"201900019354";"138 270 259";"C01";"3";"7";"0";"0";"1";"26";"1";""
"201900019354";"138 270 260";"B01";"3";"7";"0";"2";"3";"15";"1";""
"201900019354";"138 270 261";"A01";"3";"33";"1";"2";"2";"17";"1";""
"201900019355";"138 270 257";"B01";"1";"7";"0";"2";"2";"1";"1";""
"201900019355";"138 270 258";"A01";"2";"7";"0";"2";"2";"15";"1";""
"201900019356";"138 270 255";"B01";"1";"7";"0";"2";"3";"1";"1";""
"201900019356";"138 270 256";"A01";"2";"2";"0";"2";"0";"0";"1";""
"201900019357";"138 270 253";"A01";"2";"7";"0";"2";"2";"1";"1";""
"201900019357";"138 270 254";"B01";"1";"7";"0";"2";"2";"1";"1";""
"201900019358";"138 270 252";"A01";"1";"7";"13";"0";"7";"26";"1";""
"201900019359";"138 270 250";"B01";"2";"31";"0";"2";"1";"19";"0";""
"201900019359";"138 270 251";"A01";"2";"7";"0";"2";"3";"26";"1";""
"201900019360";"138 270 248";"A01";"1";"7";"0";"0";"6";"2";"1";""
"201900019360";"138 270 249";"B01";"1";"33";"0";"2";"1";"2";"1";""
"201900019361";"138 270 246";"A01";"1";"33";"0";"0";"5";"23";"0";""
"201900019361";"138 270 247";"B01";"1";"33";"1";"0";"1";"1";"0";""
"201900019362";"138 270 244";"B01";"2";"7";"0";"2";"1";"1";"1";""
"201900019362";"138 270 245";"A01";"1";"7";"0";"2";"1";"5";"1";""
"201900019363";"138 270 240";"A01";"1";"21";"0";"9";"1";"2";"1";""
"201900019363";"138 270 241";"B01";"1";"1";"0";"2";"4";"2";"0";""
"201900019363";"138 270 242";"C01";"3";"7";"0";"0";"1";"26";"1";""
"201900019364";"138 270 239";"A01";"3";"33";"0";"6";"1";"19";"1";""
"201900019365";"138 270 237";"B01";"2";"1";"0";"2";"4";"2";"5";""
"201900019365";"138 270 238";"A01";"2";"7";"0";"9";"2";"1";"1";""
"201900019366";"138 270 236";"A01";"1";"7";"2";"0";"9";"14";"1";""
"201900019367";"138 270 235";"A01";"0";"7";"0";"1";"2";"21";"1";""
"201900019368";"138 270 233";"A01";"3";"7";"0";"2";"1";"2";"1";""
"201900019368";"138 270 234";"B01";"3";"7";"0";"2";"4";"2";"1";""
"201900019369";"138 270 231";"B01";"2";"7";"14";"2";"1";"2";"1";""
"201900019369";"138 270 232";"A01";"2";"7";"0";"0";"4";"23";"1";""
"201900019370";"138 270 228";"A01";"3";"33";"6";"0";"9";"1";"0";""
"201900019371";"138 270 225";"A01";"1";"7";"0";"2";"3";"1";"1";""
"201900019371";"138 270 226";"B01";"2";"7";"0";"2";"8";"1";"1";""
"201900019371";"138 270 227";"C01";"2";"7";"0";"2";"1";"1";"1";""
"201900019372";"138 270 224";"A01";"2";"31";"0";"0";"0";"1";"1";""
"201900019373";"138 270 222";"A01";"0";"7";"0";"2";"1";"5";"1";""
"201900019373";"138 270 223";"B01";"0";"7";"0";"2";"1";"1";"1";""
"201900019374";"138 270 221";"A01";"2";"7";"0";"1";"2";"1";"1";""
"201900019375";"138 270 219";"B01";"3";"7";"0";"0";"0";"17";"1";""
"201900019375";"138 270 220";"A01";"3";"33";"13";"0";"0";"17";"1";""
"201900019376";"138 270 217";"A01";"2";"10";"0";"2";"5";"15";"1";""
"201900019376";"138 270 218";"B01";"1";"33";"0";"2";"1";"1";"1";""
"201900019377";"138 270 215";"B01";"1";"10";"0";"2";"2";"21";"1";""
"201900019377";"138 270 216";"A01";"2";"7";"3";"2";"2";"13";"1";""
"201900019378";"138 270 214";"A01";"0";"7";"6";"0";"9";"17";"1";""
"201900019379";"138 270 212";"A01";"3";"33";"0";"0";"4";"1";"1";""
"201900019380";"138 270 211";"A01";"0";"7";"10";"0";"2";"1";"1";""
"201900019381";"138 270 207";"B01";"3";"7";"0";"2";"8";"1";"3";""
"201900019381";"138 270 208";"A01";"3";"7";"0";"2";"1";"1";"1";""
"201900019382";"138 270 205";"A01";"1";"7";"0";"2";"3";"13";"1";""
"201900019382";"138 270 206";"B01";"2";"7";"3";"2";"3";"1";"1";""
"201900019383";"138 270 204";"A01";"2";"7";"6";"0";"1";"1";"1";""
"201900019384";"138 270 202";"A01";"3";"2";"0";"2";"6";"11";"1";""
"201900019384";"138 270 203";"B01";"3";"7";"0";"2";"2";"17";"1";""
"201900019385";"138 270 200";"A01";"3";"7";"0";"2";"1";"19";"0";""
"201900019385";"138 270 201";"B01";"3";"33";"0";"2";"1";"1";"0";""
"201900019386";"138 270 198";"A01";"3";"33";"0";"2";"3";"1";"1";""
"201900019386";"138 270 199";"B01";"3";"7";"0";"2";"3";"13";"1";""
"201900019387";"138 270 196";"A01";"1";"1";"0";"2";"0";"1";"5";""
"201900019387";"138 270 197";"B01";"2";"7";"0";"2";"7";"15";"0";""
"201900019388";"138 270 194";"A01";"1";"7";"13";"0";"2";"14";"1";""
"201900019389";"138 270 193";"A01";"1";"7";"2";"0";"2";"19";"1";""
"201900019390";"138 270 192";"A01";"1";"7";"15";"0";"1";"0";"1";""
"201900019391";"138 270 190";"B01";"1";"7";"0";"2";"8";"15";"1";""
"201900019391";"138 270 191";"A01";"1";"33";"0";"2";"2";"17";"1";""
"201900019392";"138 270 189";"A01";"1";"7";"3";"0";"1";"1";"1";""
"201900019393";"138 270 188";"A01";"2";"7";"5";"0";"1";"1";"1";""
"201900019394";"138 270 186";"A01";"1";"10";"13";"0";"1";"1";"1";""
"201900019395";"138 270 183";"A01";"2";"7";"0";"2";"3";"1";"1";""
"201900019395";"138 270 184";"B01";"1";"21";"0";"2";"6";"1";"1";""
"201900019396";"138 270 181";"B01";"3";"7";"13";"2";"3";"1";"1";""
"201900019396";"138 270 182";"A01";"3";"7";"0";"2";"3";"13";"1";""
"201900019397";"138 270 180";"A01";"3";"33";"13";"0";"1";"1";"1";""
"201900019398";"138 270 179";"A01";"2";"7";"2";"0";"1";"13";"1";""
"201900019399";"138 270 178";"A01";"2";"7";"3";"0";"8";"1";"1";""
"201900019400";"138 270 176";"A01";"0";"10";"0";"2";"2";"1";"1";""
"201900019400";"138 270 177";"B01";"0";"1";"13";"2";"4";"1";"5";""
"201900019401";"138 270 174";"A01";"0";"7";"0";"2";"1";"1";"1";""
"201900019401";"138 270 175";"B01";"3";"1";"0";"0";"8";"1";"5";""
"201900019402";"138 270 172";"C01";"2";"7";"0";"2";"1";"1";"1";""
"201900019402";"138 270 173";"A01";"1";"10";"0";"2";"1";"21";"1";""
"201900019403";"138 270 171";"B01";"2";"33";"12";"0";"0";"9";"1";""
"201900019404";"138 270 169";"A01";"2";"7";"0";"2";"3";"13";"1";""
"201900019404";"138 270 170";"B01";"1";"7";"0";"2";"3";"1";"1";""
"201900019405";"138 270 167";"A01";"0";"33";"0";"2";"7";"1";"1";""
"201900019405";"138 270 168";"B01";"0";"7";"0";"2";"1";"9";"1";""
"201900019406";"138 270 165";"A01";"1";"7";"0";"2";"1";"9";"1";""
"201900019406";"138 270 166";"B01";"1";"33";"0";"2";"5";"1";"1";""
"201900019407";"138 270 163";"A01";"3";"7";"0";"2";"3";"19";"1";""
"201900019407";"138 270 164";"B01";"2";"7";"0";"2";"1";"1";"1";""
"201900019408";"138 270 162";"A01";"1";"7";"14";"0";"1";"1";"1";""
"201900019409";"138 270 161";"A01";"3";"2";"0";"0";"0";"1";"1";""
"201900019410";"138 270 160";"A01";"1";"7";"0";"1";"2";"1";"1";""
"201900019411";"138 270 158";"B01";"2";"10";"0";"2";"1";"1";"1";""
"201900019411";"138 270 159";"A01";"2";"2";"0";"2";"8";"1";"1";""
"201900019412";"138 270 156";"B01";"2";"1";"0";"2";"3";"1";"5";""
"201900019412";"138 270 157";"A01";"2";"7";"0";"2";"2";"17";"1";""
"201900019413";"138 270 154";"B01";"3";"1";"0";"2";"3";"15";"5";""
"201900019413";"138 270 155";"A01";"3";"1";"0";"2";"1";"1";"5";""
"201900019414";"138 270 153";"A01";"2";"7";"0";"0";"1";"1";"1";""
"201900019415";"138 270 152";"A01";"2";"34";"0";"0";"0";"2";"1";""
"201900019416";"138 270 148";"B01";"2";"33";"0";"0";"3";"1";"1";""
"201900019416";"138 270 149";"A01";"1";"7";"0";"2";"3";"1";"1";""
"201900019417";"138 270 147";"A01";"1";"7";"15";"0";"0";"1";"1";""
"201900019418";"138 270 143";"A01";"2";"7";"0";"2";"3";"5";"1";""
"201900019418";"138 270 144";"B01";"1";"7";"0";"2";"1";"1";"1";""
"201900019419";"138 270 141";"B01";"3";"7";"0";"2";"3";"1";"1";""
"201900019419";"138 270 142";"A01";"0";"32";"0";"2";"1";"0";"1";""
"201900019420";"138 270 139";"A01";"1";"7";"0";"2";"1";"0";"0";""
"201900019420";"138 270 140";"B01";"2";"7";"0";"2";"2";"23";"0";""
"201900019421";"138 270 138";"A01";"2";"33";"0";"0";"7";"1";"1";""
"201900019422";"138 270 137";"A01";"1";"7";"0";"1";"3";"15";"0";""
"201900019423";"138 270 135";"B01";"0";"33";"0";"2";"1";"1";"1";""
"201900019423";"138 270 136";"A01";"3";"7";"0";"0";"8";"10";"1";""
"201900019424";"138 270 134";"A01";"3";"33";"8";"0";"3";"17";"1";""
"201900019425";"138 270 133";"A01";"2";"7";"0";"1";"2";"1";"1";""
"201900019426";"138 270 130";"A01";"2";"7";"0";"2";"6";"17";"1";""
"201900019426";"138 270 131";"B01";"0";"33";"0";"2";"1";"17";"1";""
"201900019427";"138 270 129";"A01";"2";"7";"0";"1";"5";"4";"1";""
"201900019428";"138 270 126";"A01";"1";"10";"0";"2";"2";"17";"1";""
"201900019428";"138 270 127";"B01";"0";"1";"0";"2";"4";"1";"5";""
"201900019429";"138 270 125";"A01";"3";"33";"0";"0";"8";"1";"1";""
"201900019430";"138 270 120";"B01";"1";"15";"0";"2";"5";"1";"1";""
"201900019430";"138 270 121";"A01";"1";"7";"0";"2";"1";"12";"6";""
"201900019431";"138 270 118";"C01";"1";"7";"0";"2";"1";"0";"1";""
"201900019431";"138 270 119";"A01";"1";"17";"0";"0";"4";"9";"0";""
"201900019432";"138 270 117";"A01";"2";"7";"0";"0";"7";"15";"1";""
"201900019433";"138 270 115";"A01";"2";"7";"0";"9";"2";"1";"1";""
"201900019433";"138 270 116";"B01";"2";"1";"0";"0";"4";"1";"5";""
"201900019434";"138 270 113";"B01";"0";"7";"0";"2";"8";"15";"1";""
"201900019434";"138 270 114";"A01";"1";"7";"0";"2";"1";"1";"1";""
"201900019435";"138 270 108";"B01";"1";"7";"0";"2";"1";"1";"1";""
"201900019435";"138 270 109";"A01";"2";"7";"0";"2";"8";"15";"1";""
"201900019436";"138 270 105";"A01";"2";"7";"0";"0";"1";"1";"0";""
"201900019436";"138 270 106";"B01";"1";"7";"0";"0";"6";"15";"0";""
"201900019437";"138 270 103";"A01";"0";"7";"0";"2";"3";"0";"1";""
"201900019437";"138 270 104";"B01";"0";"7";"0";"2";"3";"0";"1";""
"201900019438";"138 270 101";"A01";"1";"7";"0";"2";"1";"9";"1";""
"201900019438";"138 270 102";"B01";"1";"14";"0";"2";"8";"1";"1";""
"201900019439";"138 270 099";"B01";"2";"7";"0";"0";"4";"0";"0";""
"201900019439";"138 270 100";"A01";"2";"7";"0";"2";"1";"1";"0";""
"201900019440";"138 270 097";"B01";"1";"7";"0";"2";"1";"2";"1";""
"201900019440";"138 270 098";"A01";"1";"7";"0";"2";"4";"1";"1";""
"201900019441";"138 270 095";"A01";"2";"7";"0";"2";"1";"2";"1";""
"201900019441";"138 270 096";"B01";"2";"7";"0";"2";"4";"1";"1";""
"201900019442";"138 270 091";"D01";"1";"7";"0";"2";"1";"2";"1";""
"201900019442";"138 270 092";"C01";"1";"14";"0";"2";"1";"2";"1";""
"201900019442";"138 270 093";"B01";"1";"14";"0";"2";"5";"2";"1";""
"201900019442";"138 270 094";"A01";"1";"7";"0";"2";"3";"18";"1";""
"201900019443";"138 270 089";"B01";"2";"7";"0";"2";"4";"1";"1";""
"201900019443";"138 270 090";"A01";"0";"10";"0";"2";"1";"1";"1";""
"201900019444";"138 270 087";"A01";"1";"7";"0";"2";"8";"1";"1";""
"201900019444";"138 270 088";"Z01";"1";"14";"0";"0";"0";"0";"0";""
"201900019445";"138 270 086";"A01";"2";"7";"4";"0";"3";"1";"1";""
"201900019446";"138 270 084";"A01";"2";"7";"0";"2";"4";"1";"2";""
"201900019446";"138 270 085";"B01";"2";"7";"0";"2";"1";"1";"1";""
"201900019447";"138 270 082";"A01";"2";"33";"0";"2";"8";"1";"1";""
"201900019447";"138 270 083";"B01";"2";"7";"0";"2";"5";"1";"1";""
"201900019448";"138 270 079";"A01";"2";"10";"0";"2";"4";"1";"1";""
"201900019448";"138 270 080";"B01";"2";"7";"0";"2";"4";"1";"1";""
"201900019448";"138 270 081";"C01";"2";"7";"0";"2";"1";"1";"1";""
"201900019449";"138 270 078";"A01";"1";"7";"0";"1";"2";"1";"1";""
"201900019450";"138 270 075";"A01";"2";"7";"0";"2";"4";"1";"1";""
"201900019450";"138 270 076";"B01";"2";"7";"0";"0";"0";"0";"1";""
"201900019450";"138 270 077";"C01";"2";"7";"0";"2";"1";"2";"1";""
"201900019451";"138 270 073";"A01";"1";"7";"0";"2";"6";"1";"1";""
"201900019451";"138 270 074";"B01";"1";"7";"0";"2";"1";"2";"1";""
"201900019452";"138 270 069";"A01";"1";"7";"0";"2";"7";"2";"1";""
"201900019452";"138 270 070";"B01";"1";"7";"0";"2";"3";"9";"1";""
"201900019453";"138 270 067";"B01";"1";"7";"0";"2";"5";"12";"1";""
"201900019453";"138 270 068";"A01";"1";"33";"7";"2";"1";"18";"1";""
"201900019454";"138 270 065";"A01";"1";"7";"0";"2";"4";"26";"1";""
"201900019454";"138 270 066";"B01";"1";"7";"0";"2";"1";"2";"1";""
"201900019455";"138 270 064";"A01";"2";"7";"3";"0";"3";"21";"1";""
"201900019456";"138 270 063";"A01";"2";"7";"4";"0";"1";"14";"1";""
"201900019457";"138 270 061";"B01";"2";"7";"0";"2";"8";"11";"1";""
"201900019457";"138 270 062";"A01";"2";"33";"0";"2";"1";"3";"1";""
"201900019458";"138 270 059";"B01";"1";"7";"0";"2";"1";"1";"1";""
"201900019458";"138 270 060";"A01";"2";"7";"0";"2";"1";"5";"1";""
"201900019459";"138 270 056";"B01";"2";"7";"4";"2";"4";"1";"1";""
"201900019459";"138 270 057";"C01";"2";"7";"0";"2";"6";"1";"1";""
"201900019459";"138 270 058";"A01";"2";"7";"0";"2";"1";"1";"1";""
"201900019460";"138 270 054";"B01";"1";"7";"0";"2";"2";"1";"1";""
"201900019460";"138 270 055";"A01";"1";"17";"0";"2";"8";"1";"1";""
"201900019461";"138 270 051";"A01";"1";"7";"0";"2";"3";"11";"1";""
"201900019461";"138 270 052";"B01";"1";"7";"0";"2";"5";"1";"1";""
"201900019461";"138 270 053";"C01";"1";"7";"0";"2";"4";"2";"1";""
"201900019462";"138 270 050";"A01";"2";"7";"4";"0";"3";"16";"1";""
"201900019463";"138 270 047";"A01";"1";"7";"0";"2";"2";"12";"1";""
"201900019463";"138 270 048";"C01";"1";"7";"0";"2";"8";"1";"1";""
"201900019463";"138 270 049";"B01";"1";"7";"0";"2";"4";"1";"1";""
"201900019464";"138 270 045";"B01";"1";"7";"0";"2";"4";"1";"1";""
"201900019464";"138 270 046";"A01";"1";"7";"0";"2";"4";"2";"1";""
"201900019465";"138 270 043";"Z01";"1";"7";"0";"0";"0";"0";"0";""
"201900019465";"138 270 044";"B01";"1";"7";"4";"2";"5";"2";"1";""
"201900019466";"138 270 041";"B01";"1";"7";"12";"2";"3";"21";"1";""
"201900019466";"138 270 042";"A01";"1";"10";"0";"0";"0";"26";"1";""
"201900019467";"138 270 039";"A01";"1";"10";"0";"2";"1";"2";"1";""
"201900019467";"138 270 040";"B01";"1";"17";"0";"2";"4";"2";"1";""
"201900019468";"138 270 037";"A01";"2";"7";"0";"2";"5";"14";"1";""
"201900019468";"138 270 038";"B01";"2";"33";"0";"2";"1";"1";"1";""
"201900019469";"138 270 035";"B01";"2";"7";"0";"2";"1";"2";"1";""
"201900019469";"138 270 036";"A01";"2";"7";"0";"2";"4";"23";"1";""
"201900019470";"138 270 033";"B01";"1";"32";"0";"2";"1";"1";"1";""
"201900019470";"138 270 034";"A01";"1";"7";"0";"2";"4";"1";"1";""
"201900019471";"138 270 031";"B01";"2";"10";"0";"2";"5";"2";"1";""
"201900019471";"138 270 032";"A01";"2";"7";"0";"2";"3";"1";"1";""
"201900019472";"138 270 030";"A01";"2";"7";"3";"0";"2";"14";"1";""
"201900019473";"138 270 027";"A01";"2";"7";"13";"0";"1";"14";"1";""
"201900019474";"138 270 024";"A01";"2";"7";"0";"2";"1";"1";"1";""
"201900019474";"138 270 025";"B01";"2";"7";"0";"2";"4";"2";"1";""
"201900019474";"138 270 026";"C01";"2";"7";"0";"2";"4";"2";"1";""
"201900019475";"138 270 023";"A01";"2";"7";"4";"0";"2";"1";"0";""
"201900019476";"138 270 021";"B01";"1";"7";"0";"2";"4";"1";"1";""
"201900019476";"138 270 022";"A01";"1";"7";"0";"2";"2";"26";"1";""
"201900019477";"138 270 019";"A01";"2";"33";"0";"2";"1";"2";"1";""
"201900019477";"138 270 020";"B01";"2";"7";"0";"2";"4";"2";"1";""
"201900019478";"138 270 017";"B01";"1";"7";"0";"2";"0";"13";"1";""
"201900019478";"138 270 018";"A01";"1";"10";"0";"2";"3";"11";"1";""
"201900019479";"138 270 015";"A01";"2";"33";"0";"2";"2";"1";"1";""
"201900019479";"138 270 016";"B01";"2";"7";"0";"2";"6";"13";"1";""
"201900019480";"138 270 013";"A01";"1";"33";"0";"2";"8";"12";"1";""
"201900019480";"138 270 014";"B01";"1";"7";"0";"2";"5";"1";"1";""
"201900019481";"138 270 010";"C01";"2";"7";"0";"2";"2";"1";"1";""
"201900019481";"138 270 011";"B01";"2";"7";"0";"2";"2";"13";"1";""
"201900019481";"138 270 012";"A01";"2";"7";"0";"2";"6";"23";"1";""
"201900019482";"138 270 007";"C01";"1";"7";"0";"2";"3";"1";"1";""
"201900019482";"138 270 008";"B01";"2";"7";"0";"2";"3";"1";"1";""
"201900019482";"138 270 009";"A01";"1";"33";"0";"2";"1";"3";"1";""
"201900019483";"138 270 004";"C01";"2";"10";"0";"2";"8";"1";"1";""
"201900019483";"138 270 005";"B01";"2";"10";"0";"2";"3";"1";"1";""
"201900019483";"138 270 006";"A01";"1";"33";"0";"2";"1";"3";"1";""
"201900019484";"138 270 001";"B01";"2";"10";"0";"2";"5";"2";"1";""
"201900019484";"138 270 002";"C01";"2";"10";"0";"2";"4";"23";"1";""
"201900019484";"138 270 003";"A01";"2";"10";"0";"2";"1";"2";"1";""
"201900019485";"138 270 000";"A01";"1";"15";"0";"0";"7";"1";"1";""
"201900019486";"138 269 994";"A01";"2";"7";"0";"5";"1";"26";"1";""
"201900019487";"138 269 993";"A01";"1";"7";"0";"0";"3";"1";"0";""
"201900019488";"138 269 991";"B01";"2";"7";"0";"2";"6";"2";"0";""
"201900019488";"138 269 992";"A01";"2";"7";"0";"2";"2";"2";"0";""
"201900019489";"138 269 989";"Z01";"1";"7";"0";"2";"1";"2";"1";""
"201900019489";"138 269 990";"A01";"1";"7";"3";"2";"4";"2";"1";""
"201900019490";"138 269 988";"A01";"1";"7";"4";"0";"1";"12";"1";""
"201900019491";"138 269 986";"A01";"1";"7";"0";"2";"0";"11";"1";""
"201900019491";"138 269 987";"B01";"1";"33";"0";"2";"0";"3";"1";""
"201900019492";"138 269 984";"A01";"1";"7";"0";"2";"3";"15";"2";""
"201900019492";"138 269 985";"B01";"1";"34";"0";"2";"2";"15";"1";""
"201900019493";"138 269 980";"A01";"1";"7";"0";"2";"1";"2";"1";""
"201900019493";"138 269 981";"C01";"1";"7";"0";"2";"4";"2";"1";""
"201900019493";"138 269 982";"B01";"1";"7";"0";"2";"4";"2";"1";""
"201900019493";"138 269 983";"D01";"1";"7";"0";"2";"4";"2";"1";""
"201900019494";"138 269 978";"A01";"1";"33";"0";"2";"5";"12";"1";""
"201900019494";"138 269 979";"B01";"1";"10";"0";"2";"4";"2";"1";""
"201900019495";"138 269 977";"A01";"1";"7";"4";"0";"0";"21";"1";""
"201900019496";"138 269 976";"A01";"2";"2";"0";"2";"8";"21";"1";""
"201900019497";"138 269 975";"A01";"1";"31";"0";"2";"0";"21";"1";""
"201900019498";"138 269 970";"A01";"3";"7";"0";"1";"3";"26";"1";""
"201900019499";"138 269 968";"B01";"2";"7";"0";"2";"4";"2";"1";""
"201900019499";"138 269 969";"A01";"2";"33";"0";"2";"1";"2";"1";""
"201900019500";"138 269 967";"A01";"2";"7";"0";"1";"2";"1";"1";""
"201900019501";"138 269 966";"A01";"3";"7";"0";"1";"3";"9";"1";""
"201900019502";"138 269 965";"A01";"1";"33";"13";"0";"0";"13";"1";""
"201900019503";"138 269 960";"A01";"1";"7";"0";"2";"1";"9";"1";""
"201900019503";"138 269 961";"B01";"3";"1";"0";"2";"7";"14";"5";""
"201900019504";"138 269 959";"K01";"0";"7";"0";"1";"2";"1";"1";""
"201900019505";"138 269 957";"B01";"0";"33";"0";"2";"4";"1";"1";""
"201900019505";"138 269 958";"A01";"0";"7";"0";"2";"2";"1";"1";""
"201900019506";"138 269 955";"B01";"0";"7";"0";"2";"1";"1";"1";""
"201900019506";"138 269 956";"A01";"0";"7";"0";"2";"3";"20";"1";""
"201900019507";"138 269 953";"B01";"0";"1";"0";"2";"1";"1";"5";""
"201900019507";"138 269 954";"A01";"0";"7";"0";"2";"3";"15";"1";""
"201900019508";"138 269 952";"A01";"0";"7";"0";"1";"1";"1";"1";""
"201900019509";"138 269 951";"A01";"0";"37";"0";"1";"1";"1";"3";"1"
"201900019510";"138 269 949";"B01";"0";"7";"0";"2";"3";"15";"1";""
"201900019510";"138 269 950";"A01";"0";"30";"0";"2";"1";"1";"1";""
"201900019511";"138 269 947";"B01";"1";"7";"0";"2";"1";"1";"1";""
"201900019511";"138 269 948";"A01";"2";"33";"0";"2";"1";"1";"1";""
"201900019512";"138 269 944";"A01";"2";"7";"0";"1";"1";"1";"1";""
"201900019513";"138 269 942";"B01";"1";"7";"0";"2";"2";"1";"1";""
"201900019513";"138 269 943";"A01";"0";"80";"0";"2";"2";"26";"3";""
"201900019514";"138 269 940";"A01";"3";"10";"0";"2";"1";"9";"1";""
"201900019514";"138 269 941";"B01";"3";"31";"0";"2";"7";"1";"1";""
"201900019515";"138 269 938";"B01";"2";"10";"0";"2";"1";"1";"1";""
"201900019515";"138 269 939";"A01";"2";"10";"0";"6";"4";"23";"1";""
"201900019516";"138 269 936";"A01";"3";"33";"0";"2";"1";"1";"1";""
"201900019516";"138 269 937";"B01";"3";"7";"0";"2";"3";"15";"1";""
"201900019517";"138 269 933";"A01";"1";"7";"0";"2";"1";"16";"1";""
"201900019517";"138 269 934";"C01";"2";"1";"0";"2";"0";"0";"5";""
"201900019517";"138 269 935";"B01";"2";"1";"0";"2";"0";"19";"5";""
"201900019518";"138 269 932";"A01";"1";"7";"0";"1";"2";"1";"1";""
"201900019519";"138 269 930";"B01";"3";"7";"0";"2";"6";"2";"1";""
"201900019519";"138 269 931";"A01";"3";"7";"0";"2";"2";"2";"1";""
"201900019520";"138 269 928";"B01";"2";"7";"0";"2";"1";"10";"1";""
"201900019520";"138 269 929";"A01";"2";"7";"0";"2";"8";"13";"1";""
"201900019521";"138 269 926";"A01";"3";"7";"0";"2";"5";"15";"1";""
"201900019521";"138 269 927";"B01";"3";"33";"0";"2";"1";"1";"1";""
"201900019522";"138 269 925";"A01";"1";"7";"0";"1";"8";"1";"1";""
"201900019523";"138 269 924";"A01";"1";"2";"16";"0";"1";"14";"1";""
"201900019524";"138 269 923";"A01";"1";"30";"2";"0";"3";"1";"1";""
"201900019525";"138 269 921";"A01";"2";"7";"0";"2";"2";"13";"1";""
"201900019525";"138 269 922";"B01";"2";"7";"0";"2";"6";"2";"1";""
"201900019526";"138 269 920";"Z01";"1";"31";"0";"0";"0";"0";"0";""
"201900019527";"138 269 919";"A01";"3";"7";"0";"1";"3";"1";"0";""
"201900019528";"138 269 918";"A01";"1";"31";"12";"0";"1";"19";"1";""
"201900019529";"138 269 917";"A01";"1";"30";"0";"1";"2";"5";"2";""
"201900019530";"138 269 916";"A01";"1";"2";"12";"0";"3";"13";"0";""
"201900019531";"138 269 914";"B01";"2";"7";"0";"2";"1";"1";"1";""
"201900019531";"138 269 915";"A01";"1";"30";"0";"2";"1";"13";"1";""
"201900019532";"138 269 912";"A01";"1";"7";"0";"2";"1";"13";"0";""
"201900019532";"138 269 913";"B01";"2";"7";"0";"0";"0";"0";"1";""
"201900019533";"138 269 910";"A01";"2";"7";"0";"2";"3";"10";"1";""
"201900019533";"138 269 911";"B01";"2";"10";"0";"2";"2";"17";"1";""
"201900019534";"138 269 908";"A01";"3";"7";"0";"2";"1";"1";"1";""
"201900019534";"138 269 909";"B01";"3";"1";"0";"2";"1";"19";"5";""
"201900019535";"138 269 905";"A01";"3";"7";"0";"2";"1";"2";"1";""
"201900019535";"138 269 906";"B01";"3";"7";"0";"2";"4";"23";"1";""
"201900019535";"138 269 907";"C01";"3";"7";"0";"2";"4";"20";"1";""
"201900019536";"138 269 904";"A01";"2";"7";"0";"0";"9";"15";"1";""
"201900019537";"138 269 902";"B01";"2";"7";"0";"2";"3";"15";"1";""
"201900019537";"138 269 903";"A01";"1";"30";"0";"2";"1";"17";"1";""
"201900019538";"138 269 900";"B01";"2";"37";"0";"0";"6";"1";"1";"1"
"201900019538";"138 269 901";"A01";"2";"30";"0";"2";"1";"1";"1";""
"201900019539";"138 269 898";"B01";"0";"1";"0";"2";"0";"5";"5";""
"201900019539";"138 269 899";"A01";"0";"7";"0";"2";"1";"1";"1";""
"201900019540";"138 269 896";"B01";"0";"30";"0";"2";"1";"1";"1";""
"201900019540";"138 269 897";"A01";"0";"7";"0";"2";"3";"1";"1";""
"201900019541";"138 269 892";"A01";"2";"7";"0";"2";"3";"18";"1";""