"Num_Acc";"id_vehicule";"num_veh";"senc";"catv";"obs";"obsm";"choc";"manv";"motor";"occutc"
"201900019743";"138 269 507";"A01";"1";"33";"0";"2";"1";"2";"1";""
"201900019743";"138 269 508";"B01";"1";"7";"0";"2";"5";"23";"1";""
"201900019744";"138 269 504";"C01";"1";"10";"0";"2";"6";"23";"1";""
"201900019744";"138 269 505";"B01";"1";"34";"0";"2";"1";"3";"1";""
"201900019744";"138 269 506";"A01";"1";"7";"0";"2";"7";"22";"1";""
"201900019745";"138 269 502";"B01";"2";"7";"0";"2";"4";"23";"1";""
"201900019745";"138 269 503";"A01";"2";"1";"0";"2";"1";"2";"5";""
"201900019746";"138 269 500";"B01";"1";"1";"0";"2";"7";"1";"5";""
"201900019746";"138 269 501";"A01";"1";"31";"0";"2";"3";"15";"1";""
"201900019747";"138 269 498";"A01";"1";"7";"0";"2";"3";"22";"1";""
"201900019747";"138 269 499";"B01";"1";"1";"0";"2";"1";"1";"5";""
"201900019748";"138 269 497";"Z01";"2";"7";"0";"1";"1";"15";"2";""
"201900019749";"138 269 495";"A01";"2";"30";"0";"2";"7";"1";"1";""
"201900019749";"138 269 496";"Z01";"2";"7";"0";"2";"8";"12";"0";""
"201900019750";"138 269 494";"A01";"2";"30";"12";"0";"1";"14";"3";""
"201900019751";"138 269 492";"A01";"1";"32";"0";"2";"2";"2";"1";""
"201900019751";"138 269 493";"B01";"1";"7";"0";"2";"6";"23";"1";""
"201900019752";"138 269 490";"Z01";"2";"10";"0";"2";"8";"1";"0";""
"201900019752";"138 269 491";"A01";"2";"50";"0";"2";"1";"1";"3";""
"201900019753";"138 269 486";"A01";"1";"30";"0";"2";"8";"15";"1";""
"201900019753";"138 269 487";"B01";"1";"7";"0";"2";"1";"2";"1";""
"201900019753";"138 269 488";"C01";"1";"7";"0";"2";"1";"2";"2";""
"201900019753";"138 269 489";"D01";"1";"7";"0";"2";"1";"2";"0";""
"201900019754";"138 269 484";"A01";"1";"7";"0";"2";"3";"13";"1";""
"201900019754";"138 269 485";"B01";"1";"32";"0";"2";"7";"1";"1";""
"201900019755";"138 269 483";"A01";"1";"33";"7";"0";"1";"1";"1";""
"201900019756";"138 269 482";"A01";"1";"7";"1";"0";"2";"2";"1";""
"201900019757";"138 269 481";"A01";"1";"50";"0";"1";"8";"1";"3";""
"201900019758";"138 269 478";"A01";"2";"7";"0";"2";"1";"2";"1";""
"201900019758";"138 269 479";"B01";"2";"7";"0";"2";"9";"23";"1";""
"201900019758";"138 269 480";"C01";"2";"7";"0";"2";"4";"23";"1";""
"201900019759";"138 269 474";"A01";"1";"7";"0";"2";"0";"26";"1";""
"201900019759";"138 269 475";"B01";"1";"34";"0";"2";"1";"3";"1";""
"201900019760";"138 269 473";"A01";"2";"32";"1";"1";"1";"17";"1";""
"201900019761";"138 269 471";"A01";"2";"10";"0";"2";"1";"2";"1";""
"201900019761";"138 269 472";"B01";"1";"7";"0";"2";"3";"2";"1";""
"201900019762";"138 269 469";"B01";"2";"10";"0";"6";"1";"10";"1";""
"201900019762";"138 269 470";"A01";"2";"33";"0";"6";"1";"17";"1";""
"201900019763";"138 269 467";"B01";"1";"1";"0";"2";"1";"1";"5";""
"201900019763";"138 269 468";"A01";"2";"33";"0";"2";"1";"15";"1";""
"201900019764";"138 269 465";"A01";"2";"7";"0";"2";"1";"2";"0";""
"201900019764";"138 269 466";"B01";"2";"7";"1";"2";"4";"2";"0";""
"201900019765";"138 269 463";"A01";"2";"32";"0";"2";"2";"17";"1";""
"201900019765";"138 269 464";"B01";"2";"7";"0";"2";"3";"15";"1";""
"201900019766";"138 269 461";"A01";"1";"7";"0";"2";"5";"15";"0";""
"201900019766";"138 269 462";"B01";"2";"33";"0";"2";"1";"1";"0";""
"201900019767";"138 269 459";"B01";"2";"33";"0";"2";"1";"3";"1";""
"201900019767";"138 269 460";"A01";"2";"10";"0";"2";"2";"15";"1";""
"201900019768";"138 269 457";"B01";"1";"37";"0";"2";"0";"0";"1";"4"
"201900019768";"138 269 458";"A01";"1";"10";"0";"2";"3";"15";"1";""
"201900019769";"138 269 453";"A01";"2";"7";"0";"2";"2";"0";"1";""
"201900019769";"138 269 454";"B01";"2";"7";"0";"2";"3";"15";"1";""
"201900019770";"138 269 450";"A01";"1";"7";"6";"0";"3";"19";"0";""
"201900019771";"138 269 448";"B01";"3";"7";"0";"2";"4";"23";"1";""
"201900019771";"138 269 449";"A01";"3";"7";"0";"2";"1";"1";"1";""
"201900019772";"138 269 444";"B01";"3";"7";"0";"2";"8";"26";"1";""
"201900019772";"138 269 445";"A01";"3";"32";"0";"2";"1";"17";"1";""
"201900019773";"138 269 442";"A01";"2";"7";"0";"2";"3";"13";"0";""
"201900019773";"138 269 443";"B01";"2";"2";"0";"2";"1";"1";"1";""
"201900019774";"138 269 440";"B01";"1";"2";"0";"2";"1";"1";"1";""
"201900019774";"138 269 441";"A01";"2";"7";"0";"2";"2";"1";"1";""
"201900019775";"138 269 438";"A01";"2";"7";"0";"2";"1";"1";"1";""
"201900019775";"138 269 439";"B01";"2";"7";"0";"2";"3";"15";"1";""
"201900019776";"138 269 436";"A01";"0";"99";"0";"2";"3";"1";"0";""
"201900019776";"138 269 437";"B01";"1";"7";"0";"2";"0";"15";"0";""
"201900019777";"138 269 435";"A01";"1";"7";"1";"0";"1";"25";"0";""
"201900019778";"138 269 433";"A01";"1";"7";"0";"2";"2";"15";"0";""
"201900019778";"138 269 434";"B01";"1";"7";"0";"2";"1";"1";"0";""
"201900019779";"138 269 431";"B01";"2";"34";"0";"2";"1";"1";"6";""
"201900019779";"138 269 432";"A01";"1";"10";"0";"2";"5";"15";"6";""
"201900019780";"138 269 430";"A01";"3";"7";"0";"1";"1";"2";"1";""
"201900019781";"138 269 429";"A01";"2";"32";"0";"1";"0";"25";"0";""
"201900019782";"138 269 427";"A01";"1";"7";"0";"1";"1";"0";"0";""
"201900019782";"138 269 428";"B01";"1";"1";"0";"2";"1";"1";"0";""
"201900019783";"138 269 422";"D01";"1";"7";"0";"2";"8";"23";"0";""
"201900019783";"138 269 423";"C01";"1";"7";"0";"2";"4";"23";"1";""
"201900019783";"138 269 424";"B01";"1";"7";"0";"2";"4";"23";"0";""
"201900019783";"138 269 425";"A01";"1";"10";"0";"2";"1";"1";"1";""
"201900019783";"138 269 426";"E01";"2";"37";"0";"2";"6";"9";"0";"1"
"201900019784";"138 269 420";"A01";"2";"31";"0";"1";"1";"1";"0";""
"201900019785";"138 269 419";"A01";"0";"30";"0";"1";"0";"5";"1";""
"201900019786";"138 269 418";"A01";"3";"0";"0";"1";"1";"1";"0";""
"201900019787";"138 269 416";"B01";"1";"80";"0";"2";"0";"1";"3";""
"201900019787";"138 269 417";"A01";"3";"32";"0";"6";"0";"0";"1";""
"201900019788";"138 269 414";"A01";"2";"34";"0";"2";"1";"11";"1";""
"201900019788";"138 269 415";"B01";"2";"7";"0";"2";"6";"15";"1";""
"201900019789";"138 269 412";"A01";"0";"7";"0";"2";"1";"1";"2";""
"201900019789";"138 269 413";"B01";"0";"7";"0";"2";"6";"1";"1";""
"201900019790";"138 269 410";"A01";"1";"7";"0";"2";"2";"15";"1";""
"201900019790";"138 269 411";"B01";"1";"1";"0";"2";"7";"19";"5";""
"201900019791";"138 269 408";"A01";"1";"7";"0";"2";"1";"1";"1";""
"201900019791";"138 269 409";"B01";"1";"2";"0";"2";"1";"15";"1";""
"201900019792";"138 269 407";"A01";"1";"37";"0";"1";"1";"1";"0";"1"
"201900019793";"138 269 405";"A01";"1";"3";"0";"2";"7";"14";"0";""
"201900019793";"138 269 406";"B01";"1";"33";"0";"2";"3";"1";"0";""
"201900019794";"138 269 403";"A01";"1";"7";"0";"2";"4";"9";"1";""
"201900019794";"138 269 404";"B01";"1";"7";"0";"2";"1";"2";"1";""
"201900019795";"138 269 402";"A01";"0";"32";"0";"0";"7";"15";"1";""
"201900019796";"138 269 400";"B01";"1";"33";"0";"2";"1";"2";"1";""
"201900019796";"138 269 401";"A01";"1";"10";"0";"2";"3";"15";"1";""
"201900019797";"138 269 398";"B01";"1";"7";"0";"2";"2";"1";"1";""
"201900019797";"138 269 399";"A01";"1";"30";"0";"2";"3";"5";"1";""
"201900019798";"138 269 397";"A01";"1";"30";"0";"1";"2";"1";"1";""
"201900019799";"138 269 396";"A01";"1";"1";"1";"0";"1";"26";"6";""
"201900019800";"138 269 394";"A01";"2";"2";"0";"6";"8";"26";"1";""
"201900019800";"138 269 395";"B01";"2";"50";"0";"2";"1";"1";"3";""
"201900019801";"138 269 393";"A01";"2";"10";"0";"1";"2";"15";"1";""
"201900019802";"138 269 391";"A01";"3";"7";"0";"2";"2";"15";"1";""
"201900019802";"138 269 392";"B01";"3";"33";"0";"2";"8";"1";"1";""
"201900019803";"138 269 389";"B01";"3";"99";"0";"2";"3";"19";"0";""
"201900019803";"138 269 390";"A01";"3";"7";"0";"1";"2";"1";"0";""
"201900019804";"138 269 387";"B01";"3";"7";"0";"2";"4";"2";"1";""
"201900019804";"138 269 388";"A01";"3";"50";"0";"2";"1";"2";"3";""
"201900019805";"138 269 385";"A01";"1";"7";"0";"2";"4";"23";"1";""
"201900019805";"138 269 386";"B01";"1";"7";"0";"2";"1";"1";"1";""
"201900019806";"138 269 383";"A01";"2";"7";"0";"2";"1";"15";"1";""
"201900019806";"138 269 384";"B01";"3";"31";"0";"2";"3";"0";"0";""
"201900019807";"138 269 382";"A01";"2";"7";"0";"1";"3";"1";"1";""
"201900019808";"138 269 381";"A01";"3";"10";"0";"1";"2";"1";"1";""
"201900019809";"138 269 375";"C01";"1";"7";"0";"2";"4";"2";"1";""
"201900019809";"138 269 376";"B01";"1";"7";"0";"2";"6";"2";"1";""
"201900019809";"138 269 377";"A01";"1";"7";"0";"2";"2";"2";"1";""
"201900019810";"138 269 373";"B01";"2";"7";"0";"2";"6";"15";"1";""
"201900019810";"138 269 374";"A01";"2";"7";"0";"2";"3";"2";"1";""
"201900019811";"138 269 372";"A01";"3";"2";"0";"0";"0";"0";"6";""
"201900019812";"138 269 370";"B01";"1";"7";"0";"0";"5";"15";"1";""
"201900019812";"138 269 371";"A01";"1";"33";"0";"2";"1";"2";"1";""
"201900019813";"138 269 369";"A01";"2";"7";"4";"0";"3";"1";"1";""
"201900019814";"138 269 368";"A01";"2";"7";"0";"0";"3";"0";"1";""
"201900019815";"138 269 367";"A01";"2";"34";"0";"5";"2";"19";"1";""
"201900019816";"138 269 365";"B01";"2";"7";"0";"2";"6";"15";"1";""
"201900019816";"138 269 366";"A01";"1";"33";"0";"2";"1";"1";"1";""
"201900019817";"138 269 364";"A01";"1";"7";"0";"0";"1";"1";"1";""
"201900019818";"138 269 363";"A01";"1";"7";"6";"0";"1";"5";"1";""
"201900019819";"138 269 362";"A01";"3";"33";"0";"0";"7";"1";"1";""
"201900019820";"138 269 360";"B01";"3";"7";"0";"2";"1";"2";"0";""
"201900019820";"138 269 361";"A01";"3";"7";"0";"0";"4";"2";"0";""
"201900019821";"138 269 359";"A01";"1";"33";"0";"0";"0";"0";"1";""
"201900019822";"138 269 357";"A01";"1";"7";"0";"2";"3";"17";"1";""
"201900019822";"138 269 358";"B01";"2";"33";"0";"2";"1";"1";"1";""
"201900019823";"138 269 355";"B01";"2";"7";"0";"2";"1";"13";"0";""
"201900019823";"138 269 356";"A01";"1";"7";"0";"2";"1";"1";"0";""
"201900019824";"138 269 352";"B01";"2";"33";"0";"2";"1";"1";"1";""
"201900019824";"138 269 353";"A01";"1";"7";"0";"2";"2";"10";"1";""
"201900019825";"138 269 350";"A01";"1";"7";"0";"2";"2";"2";"1";""
"201900019825";"138 269 351";"B01";"1";"1";"0";"2";"4";"2";"5";""
"201900019826";"138 269 347";"B01";"2";"33";"0";"2";"1";"1";"1";""
"201900019826";"138 269 348";"A01";"1";"7";"0";"2";"7";"15";"1";""
"201900019827";"138 269 346";"A01";"1";"7";"13";"0";"0";"1";"1";""
"201900019828";"138 269 344";"B01";"2";"7";"4";"0";"4";"1";"1";""
"201900019828";"138 269 345";"A01";"2";"7";"0";"2";"1";"1";"1";""
"201900019829";"138 269 342";"B01";"1";"33";"0";"2";"4";"2";"1";""
"201900019829";"138 269 343";"A01";"1";"7";"0";"2";"2";"2";"1";""
"201900019830";"138 269 341";"A01";"3";"33";"0";"0";"0";"1";"0";""
"201900019831";"138 269 339";"A01";"2";"31";"0";"2";"1";"11";"1";""
"201900019831";"138 269 340";"B01";"1";"15";"0";"2";"1";"0";"1";""
"201900019832";"138 269 337";"A01";"1";"15";"0";"2";"3";"2";"1";""
"201900019832";"138 269 338";"B01";"1";"7";"0";"0";"4";"15";"1";""
"201900019833";"138 269 336";"A01";"0";"99";"0";"1";"3";"15";"1";""
"201900019834";"138 269 335";"A01";"2";"7";"2";"0";"5";"1";"1";""
"201900019835";"138 269 334";"A01";"2";"7";"0";"1";"8";"21";"1";""
"201900019836";"138 269 332";"B01";"1";"1";"0";"0";"8";"15";"5";""
"201900019836";"138 269 333";"A01";"1";"7";"0";"0";"2";"13";"1";""
"201900019837";"138 269 329";"C01";"1";"7";"0";"2";"6";"1";"1";""
"201900019837";"138 269 330";"B01";"1";"7";"0";"2";"3";"1";"1";""
"201900019837";"138 269 331";"A01";"1";"7";"0";"2";"2";"15";"1";""
"201900019838";"138 269 326";"C01";"1";"7";"0";"0";"1";"1";"1";""
"201900019838";"138 269 327";"B01";"2";"7";"0";"0";"1";"1";"1";""
"201900019838";"138 269 328";"A01";"2";"7";"0";"0";"8";"1";"1";""
"201900019839";"138 269 324";"B01";"1";"7";"0";"0";"1";"2";"1";""
"201900019839";"138 269 325";"A01";"1";"7";"3";"0";"4";"23";"1";""
"201900019840";"138 269 322";"B01";"3";"2";"0";"2";"1";"1";"0";""
"201900019840";"138 269 323";"A01";"3";"7";"0";"2";"2";"20";"1";""
"201900019841";"138 269 320";"A01";"1";"7";"2";"0";"9";"1";"1";""
"201900019842";"138 269 319";"A01";"2";"7";"0";"0";"9";"1";"1";""
"201900019843";"138 269 318";"A01";"2";"7";"16";"0";"9";"1";"1";""
"201900019844";"138 269 314";"C01";"1";"7";"0";"2";"1";"1";"1";""
"201900019844";"138 269 315";"B01";"1";"7";"0";"2";"1";"1";"1";""
"201900019844";"138 269 316";"A01";"2";"7";"0";"0";"1";"11";"0";""
"201900019845";"138 269 312";"A01";"2";"7";"0";"2";"1";"5";"0";""
"201900019845";"138 269 313";"B01";"1";"38";"0";"2";"1";"1";"0";"3"
"201900019846";"138 269 311";"A01";"2";"3";"6";"0";"1";"1";"0";""
"201900019847";"138 269 310";"A01";"1";"7";"13";"0";"3";"13";"1";""
"201900019848";"138 269 308";"B01";"0";"21";"0";"2";"3";"1";"1";""
"201900019848";"138 269 309";"A01";"1";"7";"0";"2";"3";"1";"1";""
"201900019849";"138 269 306";"B01";"2";"14";"0";"2";"2";"15";"1";""
"201900019849";"138 269 307";"A01";"1";"33";"0";"2";"7";"1";"1";""
"201900019850";"138 269 303";"C01";"1";"1";"0";"2";"1";"1";"0";""
"201900019850";"138 269 304";"B01";"2";"7";"0";"2";"3";"1";"1";""
"201900019850";"138 269 305";"A01";"2";"7";"0";"2";"6";"0";"1";""
"201900019851";"138 269 299";"A01";"3";"2";"0";"2";"1";"18";"1";""
"201900019851";"138 269 300";"B01";"3";"2";"0";"2";"7";"16";"1";""
"201900019852";"138 269 298";"A01";"3";"7";"6";"0";"1";"1";"1";""
"201900019853";"138 269 296";"A01";"2";"3";"0";"2";"1";"0";"0";""
"201900019853";"138 269 297";"B01";"1";"7";"0";"2";"1";"1";"0";""
"201900019854";"138 269 294";"B01";"2";"1";"0";"2";"1";"1";"5";""
"201900019854";"138 269 295";"A01";"1";"7";"0";"2";"1";"15";"1";""
"201900019855";"138 269 293";"A01";"1";"7";"2";"0";"3";"1";"1";""
"201900019856";"138 269 291";"A01";"2";"7";"0";"9";"3";"1";"1";""
"201900019856";"138 269 292";"B01";"1";"1";"0";"2";"1";"16";"5";""
"201900019857";"138 269 290";"A01";"2";"33";"0";"0";"8";"1";"1";""
"201900019858";"138 269 288";"B01";"3";"1";"0";"2";"3";"5";"5";""
"201900019858";"138 269 289";"A01";"3";"7";"0";"6";"1";"16";"1";""
"201900019859";"138 269 286";"B01";"2";"7";"0";"2";"2";"14";"0";""
"201900019859";"138 269 287";"A01";"2";"2";"0";"2";"6";"18";"0";""
"201900019860";"138 269 284";"B01";"1";"7";"0";"2";"4";"2";"1";""
"201900019860";"138 269 285";"A01";"1";"7";"0";"2";"1";"1";"1";""
"201900019861";"138 269 282";"A01";"1";"7";"0";"2";"7";"1";"0";""
"201900019861";"138 269 283";"B01";"2";"10";"0";"2";"1";"19";"0";""
"201900019862";"138 269 281";"A01";"3";"7";"4";"0";"3";"1";"1";""
"201900019863";"138 269 279";"B01";"2";"7";"0";"2";"3";"2";"0";""
"201900019863";"138 269 280";"A01";"3";"37";"0";"2";"5";"23";"1";"1"
"201900019864";"138 269 277";"B01";"2";"37";"0";"2";"4";"2";"0";"2"
"201900019864";"138 269 278";"A01";"2";"7";"0";"2";"1";"2";"0";""
"201900019865";"138 269 274";"B01";"1";"7";"1";"0";"8";"0";"0";""
"201900019865";"138 269 275";"C01";"1";"7";"1";"0";"5";"0";"0";""
"201900019865";"138 269 276";"A01";"1";"7";"0";"6";"2";"2";"0";""
"201900019866";"138 269 272";"B01";"1";"1";"0";"2";"8";"1";"5";""
"201900019866";"138 269 273";"A01";"1";"10";"0";"2";"2";"1";"0";""
"201900019867";"138 269 269";"A01";"3";"7";"1";"2";"1";"1";"1";""
"201900019867";"138 269 270";"B01";"3";"33";"0";"2";"7";"26";"1";""
"201900019867";"138 269 271";"C01";"3";"32";"6";"2";"0";"26";"1";""
"201900019868";"138 269 268";"A01";"2";"7";"0";"0";"9";"1";"1";""
"201900019869";"138 269 266";"B01";"3";"34";"0";"2";"1";"0";"1";""
"201900019869";"138 269 267";"A01";"3";"7";"0";"2";"4";"26";"1";""
"201900019870";"138 269 265";"A01";"2";"80";"0";"2";"1";"1";"3";""
"201900019871";"138 269 262";"B01";"1";"7";"0";"2";"4";"1";"1";""
"201900019871";"138 269 263";"A01";"1";"7";"0";"2";"1";"1";"1";""
"201900019871";"138 269 264";"C01";"1";"2";"0";"1";"4";"23";"1";""
"201900019872";"138 269 260";"B01";"3";"2";"0";"2";"1";"2";"0";""
"201900019872";"138 269 261";"A01";"3";"7";"0";"2";"3";"9";"0";""
"201900019873";"138 269 258";"A01";"2";"1";"0";"2";"1";"1";"5";""
"201900019873";"138 269 259";"B01";"2";"7";"0";"2";"8";"1";"1";""
"201900019874";"138 269 256";"B01";"1";"7";"0";"2";"8";"1";"1";""
"201900019874";"138 269 257";"A01";"1";"7";"0";"2";"2";"12";"1";""
"201900019875";"138 269 254";"A01";"1";"10";"0";"6";"1";"1";"1";""
"201900019875";"138 269 255";"B01";"2";"60";"0";"2";"8";"19";"5";""
"201900019876";"138 269 253";"A01";"3";"7";"0";"1";"8";"26";"6";""
"201900019877";"138 269 252";"A01";"1";"7";"0";"1";"1";"16";"1";""
"201900019878";"138 269 250";"A01";"1";"7";"0";"2";"2";"15";"1";""
"201900019878";"138 269 251";"B01";"2";"1";"0";"2";"1";"1";"5";""
"201900019879";"138 269 248";"A01";"1";"2";"0";"2";"1";"1";"1";""
"201900019879";"138 269 249";"B01";"1";"10";"0";"2";"3";"1";"1";""
"201900019880";"138 269 246";"A01";"1";"10";"0";"2";"1";"13";"1";""
"201900019880";"138 269 247";"B01";"2";"37";"0";"2";"3";"1";"1";"1"
"201900019881";"138 269 244";"B01";"1";"7";"0";"2";"5";"12";"1";""
"201900019881";"138 269 245";"A01";"1";"33";"0";"2";"1";"7";"1";""
"201900019882";"138 269 242";"A01";"2";"7";"0";"2";"3";"1";"1";""
"201900019882";"138 269 243";"B01";"2";"7";"0";"2";"2";"1";"1";""
"201900019883";"138 269 241";"A01";"2";"7";"0";"1";"2";"1";"1";""
"201900019884";"138 269 240";"A01";"2";"7";"4";"2";"3";"1";"1";""
"201900019885";"138 269 238";"B01";"1";"7";"0";"2";"4";"1";"1";""
"201900019885";"138 269 239";"A01";"1";"7";"0";"2";"1";"1";"1";""
"201900019886";"138 269 237";"A01";"1";"34";"0";"1";"2";"17";"1";""
"201900019887";"138 269 235";"A01";"1";"7";"0";"0";"8";"21";"1";""
"201900019887";"138 269 236";"Z01";"2";"7";"0";"6";"0";"26";"0";""
"201900019888";"138 269 233";"B01";"1";"7";"0";"2";"1";"2";"1";""
"201900019888";"138 269 234";"A01";"1";"7";"0";"2";"4";"9";"1";""
"201900019889";"138 269 231";"A01";"1";"10";"0";"2";"1";"2";"1";""
"201900019889";"138 269 232";"B01";"1";"7";"0";"2";"4";"2";"1";""
"201900019890";"138 269 229";"B01";"1";"7";"0";"2";"8";"15";"1";""
"201900019890";"138 269 230";"A01";"1";"7";"0";"2";"3";"1";"1";""
"201900019891";"138 269 227";"A01";"1";"7";"0";"2";"1";"2";"1";""
"201900019891";"138 269 228";"B01";"1";"7";"0";"2";"4";"2";"0";""
"201900019892";"138 269 225";"A01";"1";"7";"0";"2";"5";"14";"1";""
"201900019892";"138 269 226";"B01";"1";"7";"0";"2";"3";"1";"1";""
"201900019893";"138 269 223";"A01";"3";"7";"0";"2";"3";"21";"1";""
"201900019893";"138 269 224";"B01";"3";"7";"0";"2";"3";"21";"1";""
"201900019894";"138 269 221";"B01";"3";"30";"0";"2";"2";"0";"1";""
"201900019894";"138 269 222";"A01";"3";"10";"0";"2";"3";"15";"1";""
"201900019895";"138 269 220";"A01";"3";"7";"0";"1";"2";"1";"1";""
"201900019896";"138 269 218";"B01";"3";"7";"0";"2";"6";"0";"1";""
"201900019896";"138 269 219";"A01";"3";"33";"0";"2";"1";"0";"1";""
"201900019897";"138 269 216";"B01";"2";"7";"0";"2";"3";"1";"1";""
"201900019897";"138 269 217";"A01";"1";"7";"0";"2";"3";"13";"1";""
"201900019898";"138 269 215";"A01";"3";"3";"0";"1";"1";"1";"6";""
"201900019899";"138 269 213";"A01";"0";"1";"0";"2";"0";"13";"6";""
"201900019899";"138 269 214";"B01";"3";"7";"0";"2";"1";"1";"1";""
"201900019900";"138 269 211";"A01";"3";"7";"0";"2";"4";"2";"1";""
"201900019900";"138 269 212";"B01";"3";"7";"0";"2";"1";"2";"1";""
"201900019901";"138 269 209";"A01";"3";"7";"0";"2";"3";"9";"1";""
"201900019901";"138 269 210";"B01";"3";"1";"0";"2";"1";"1";"5";""
"201900019902";"138 269 207";"B01";"3";"7";"0";"2";"3";"1";"1";""
"201900019902";"138 269 208";"A01";"3";"99";"0";"2";"1";"1";"1";""
"201900019903";"138 269 205";"A01";"3";"7";"0";"2";"0";"15";"1";""
"201900019903";"138 269 206";"B01";"3";"2";"0";"2";"1";"5";"1";""
"201900019904";"138 269 202";"C01";"2";"33";"0";"2";"3";"1";"1";""
"201900019904";"138 269 203";"B01";"2";"33";"0";"2";"2";"1";"1";""
"201900019904";"138 269 204";"A01";"2";"7";"0";"2";"1";"15";"1";""
"201900019905";"138 269 200";"A01";"3";"7";"0";"2";"3";"15";"1";""
"201900019905";"138 269 201";"B01";"3";"32";"0";"2";"2";"3";"1";""
"201900019906";"138 269 198";"B01";"3";"7";"0";"2";"3";"1";"1";""
"201900019906";"138 269 199";"A01";"3";"2";"0";"2";"1";"13";"1";""
"201900019907";"138 269 196";"B01";"2";"14";"0";"2";"3";"1";"1";""
"201900019907";"138 269 197";"A01";"2";"32";"0";"2";"6";"11";"1";""
"201900019908";"138 269 195";"A01";"3";"7";"0";"1";"2";"1";"1";""
"201900019909";"138 269 193";"B01";"1";"32";"0";"2";"5";"1";"1";""
"201900019909";"138 269 194";"A01";"3";"7";"0";"2";"7";"1";"1";""
"201900019910";"138 269 191";"B01";"3";"32";"0";"2";"1";"21";"1";""
"201900019910";"138 269 192";"A01";"3";"7";"0";"2";"6";"2";"1";""
"201900019911";"138 269 189";"B01";"1";"32";"0";"2";"1";"9";"1";""
"201900019911";"138 269 190";"A01";"1";"7";"0";"2";"3";"9";"1";""
"201900019912";"138 269 187";"B01";"2";"2";"0";"2";"2";"9";"1";""
"201900019912";"138 269 188";"A01";"2";"7";"0";"2";"3";"9";"1";""
"201900019913";"138 269 186";"A01";"3";"32";"0";"1";"1";"3";"1";""
"201900019914";"138 269 184";"B01";"3";"1";"0";"2";"1";"2";"5";""
"201900019914";"138 269 185";"A01";"3";"7";"0";"2";"4";"23";"1";""
"201900019915";"138 269 182";"B01";"1";"7";"0";"2";"3";"1";"1";""
"201900019915";"138 269 183";"A01";"1";"7";"3";"2";"2";"17";"1";""
"201900019916";"138 269 180";"A01";"2";"7";"0";"2";"2";"15";"1";""
"201900019916";"138 269 181";"B01";"1";"32";"0";"2";"2";"1";"1";""
"201900019917";"138 269 178";"B01";"2";"32";"0";"2";"1";"21";"1";""
"201900019917";"138 269 179";"A01";"2";"7";"0";"2";"6";"10";"1";""
"201900019918";"138 269 176";"B01";"2";"30";"0";"2";"1";"1";"1";""
"201900019918";"138 269 177";"A01";"3";"7";"0";"2";"2";"0";"1";""
"201900019919";"138 269 174";"B01";"3";"7";"0";"2";"1";"2";"1";""
"201900019919";"138 269 175";"A01";"3";"33";"0";"2";"4";"15";"1";""
"201900019920";"138 269 172";"B01";"2";"7";"0";"2";"4";"2";"1";""
"201900019920";"138 269 173";"A01";"2";"7";"0";"2";"1";"2";"1";""
"201900019921";"138 269 169";"C01";"3";"7";"0";"6";"1";"1";"1";""
"201900019921";"138 269 170";"B01";"3";"7";"0";"2";"0";"15";"1";""
"201900019921";"138 269 171";"A01";"3";"31";"0";"2";"8";"15";"1";""
"201900019922";"138 269 168";"A01";"3";"7";"1";"0";"1";"1";"1";""
"201900019923";"138 269 167";"A01";"3";"7";"0";"1";"1";"17";"1";""
"201900019924";"138 269 166";"A01";"3";"99";"0";"1";"3";"1";"0";""
"201900019925";"138 269 165";"A01";"1";"7";"0";"1";"1";"1";"1";""
"201900019926";"138 269 163";"A01";"0";"7";"0";"2";"3";"1";"1";""
"201900019926";"138 269 164";"B01";"3";"7";"0";"2";"1";"10";"1";""
"201900019927";"138 269 162";"A01";"3";"1";"0";"1";"1";"1";"5";""
"201900019928";"138 269 160";"B01";"1";"30";"0";"2";"4";"23";"1";""
"201900019928";"138 269 161";"A01";"1";"7";"0";"2";"1";"26";"1";""
"201900019929";"138 269 158";"B01";"3";"33";"0";"2";"1";"1";"0";""
"201900019929";"138 269 159";"A01";"3";"7";"0";"2";"2";"15";"0";""
"201900019930";"138 269 156";"A01";"1";"7";"0";"2";"2";"15";"0";""
"201900019930";"138 269 157";"B01";"1";"33";"0";"2";"1";"2";"0";""
"201900019931";"138 269 155";"A01";"3";"7";"0";"1";"2";"19";"1";""
"201900019932";"138 269 154";"A01";"1";"10";"0";"1";"2";"1";"1";""
"201900019933";"138 269 152";"B01";"3";"33";"0";"2";"3";"1";"1";""
"201900019933";"138 269 153";"A01";"3";"10";"0";"2";"2";"15";"1";""
"201900019934";"138 269 150";"A01";"2";"33";"1";"0";"7";"17";"1";""
"201900019934";"138 269 151";"B01";"2";"15";"1";"2";"6";"23";"6";""
"201900019935";"138 269 148";"A01";"1";"33";"0";"2";"1";"9";"1";""
"201900019935";"138 269 149";"B01";"1";"10";"0";"2";"6";"23";"1";""
"201900019936";"138 269 147";"A01";"3";"7";"0";"1";"3";"1";"1";""
"201900019937";"138 269 145";"B01";"3";"31";"0";"2";"2";"3";"1";""
"201900019937";"138 269 146";"A01";"3";"7";"0";"2";"5";"20";"1";""
"201900019938";"138 269 143";"B01";"1";"7";"0";"2";"5";"26";"1";""