"Num_Acc";"id_vehicule";"num_veh";"senc";"catv";"obs";"obsm";"choc";"manv";"motor";"occutc"
"201900019938";"138 269 144";"A01";"2";"30";"0";"0";"1";"16";"1";""
"201900019939";"138 269 140";"B01";"3";"7";"0";"9";"8";"22";"0";""
"201900019939";"138 269 141";"A01";"1";"60";"1";"0";"1";"1";"5";""
"201900019940";"138 269 139";"A01";"1";"7";"0";"1";"1";"1";"1";""
"201900019941";"138 269 137";"B01";"1";"33";"0";"2";"1";"2";"1";""
"201900019941";"138 269 138";"A01";"1";"7";"0";"2";"8";"10";"1";""
"201900019942";"138 269 135";"B01";"3";"7";"0";"2";"3";"15";"1";""
"201900019942";"138 269 136";"A01";"1";"7";"0";"2";"1";"2";"1";""
"201900019943";"138 269 134";"A01";"1";"7";"3";"0";"1";"16";"1";""
"201900019944";"138 269 132";"X01";"2";"33";"0";"2";"1";"1";"0";""
"201900019944";"138 269 133";"B01";"3";"10";"0";"2";"8";"15";"1";""
"201900019945";"138 269 130";"A01";"1";"38";"0";"2";"3";"1";"1";"1"
"201900019945";"138 269 131";"B01";"1";"10";"0";"2";"2";"19";"0";""
"201900019946";"138 269 128";"B01";"0";"7";"0";"0";"0";"0";"1";""
"201900019946";"138 269 129";"A01";"3";"31";"0";"0";"3";"1";"1";""
"201900019947";"138 269 127";"A01";"3";"7";"4";"0";"3";"13";"1";""
"201900019948";"138 269 125";"B01";"3";"1";"0";"2";"1";"1";"0";""
"201900019948";"138 269 126";"A01";"3";"7";"0";"2";"3";"26";"0";""
"201900019949";"138 269 111";"B01";"3";"32";"0";"2";"1";"1";"1";""
"201900019949";"138 269 112";"A01";"2";"3";"0";"2";"2";"15";"1";""
"201900019949";"138 269 113";"A01";"3";"7";"0";"0";"0";"1";" -1";""
"201900019950";"138 269 103";"B01";"1";"33";"0";"2";"1";"3";"0";""
"201900019950";"138 269 104";"A01";"1";"7";"0";"2";"6";"15";"0";""
"201900019950";"138 269 105";"A01";"3";"7";"0";"2";"1";"1";" -1";""
"201900019951";"138 269 102";"A01";"1";"37";"4";"1";"3";"7";"0";"1"
"201900019952";"138 269 101";"A01";"1";"7";"8";"1";"1";"21";"0";""
"201900019953";"138 269 085";"A01";"1";"7";"0";"2";"2";"1";"1";""
"201900019953";"138 269 086";"B01";"1";"1";"0";"2";"8";"1";"5";""
"201900019954";"138 269 083";"A01";"1";"7";"0";"2";"8";"15";"0";""
"201900019954";"138 269 084";"B01";"1";"31";"0";"2";"9";"17";"0";""
"201900019955";"138 269 078";"A01";"1";"30";"0";"2";"1";"2";"1";""
"201900019955";"138 269 079";"B01";"1";"7";"0";"2";"4";"2";"1";""
"201900019956";"138 269 076";"A01";"1";"7";"0";"2";"8";"15";"0";""
"201900019956";"138 269 077";"B01";"1";"34";"0";"2";"7";"2";"1";""
"201900019957";"138 269 074";"A01";"1";"7";"1";"0";"1";"1";"1";""
"201900019957";"138 269 075";"B01";"3";"30";"1";"0";"2";"9";"1";""
"201900019958";"138 269 072";"A01";"2";"7";"0";"2";"1";"12";"1";""
"201900019958";"138 269 073";"B01";"3";"7";"0";"2";"4";"1";"1";""
"201900019959";"138 269 070";"B01";"1";"7";"0";"2";"2";"2";"1";""
"201900019959";"138 269 071";"A01";"1";"1";"0";"2";"7";"1";"5";""
"201900019960";"138 269 068";"B01";"3";"7";"0";"2";"2";"1";"1";""
"201900019960";"138 269 069";"A01";"3";"1";"0";"2";"1";"26";"5";""
"201900019961";"138 269 066";"A01";"3";"7";"0";"2";"7";"15";"1";""
"201900019961";"138 269 067";"B01";"3";"31";"1";"0";"1";"1";"1";""
"201900019962";"138 269 064";"B01";"3";"1";"0";"2";"6";"1";"5";""
"201900019962";"138 269 065";"A01";"3";"7";"0";"2";"2";"9";"1";""
"201900019963";"138 269 063";"A01";"3";"7";"9";"0";"9";"17";"1";""
"201900019964";"138 269 061";"B01";"2";"10";"0";"2";"3";"15";"1";""
"201900019964";"138 269 062";"A01";"3";"7";"0";"2";"1";"1";"1";""
"201900019965";"138 269 060";"A01";"1";"7";"0";"1";"1";"16";"0";""
"201900019966";"138 269 059";"A01";"2";"7";"8";"0";"1";"14";"1";""
"201900019967";"138 269 058";"A01";"3";"7";"0";"1";"2";"11";"1";""
"201900019968";"138 269 057";"A01";"3";"7";"0";"1";"1";"26";"0";""
"201900019969";"138 269 053";"B01";"1";"34";"1";"2";"1";"13";"1";""
"201900019969";"138 269 054";"A01";"1";"7";"0";"2";"8";"13";"1";""
"201900019970";"138 269 047";"A01";"1";"7";"0";"2";"2";"15";"1";""
"201900019970";"138 269 048";"B01";"2";"33";"0";"2";"1";"1";"1";""
"201900019971";"138 269 045";"B01";"3";"7";"0";"2";"4";"2";"1";""
"201900019971";"138 269 046";"A01";"3";"7";"0";"2";"1";"2";"1";""
"201900019972";"138 269 044";"A01";"0";"7";"0";"1";"3";"1";"1";""
"201900019973";"138 269 043";"A01";"1";"7";"12";"0";"2";"12";"1";""
"201900019974";"138 269 038";"B01";"1";"7";"0";"2";"4";"1";"1";""
"201900019974";"138 269 039";"C01";"1";"7";"0";"2";"4";"1";"1";""
"201900019974";"138 269 040";"A01";"3";"7";"0";"2";"1";"1";"1";""
"201900019975";"138 269 036";"B01";"1";"7";"0";"0";"0";"0";"1";""
"201900019975";"138 269 037";"A01";"1";"7";"0";"0";"0";"0";"1";""
"201900019976";"138 269 034";"Z01";"0";"7";"0";"2";"0";"0";"0";""
"201900019976";"138 269 035";"B01";"1";"1";"0";"2";"8";"1";"5";""
"201900019977";"138 269 032";"A01";"1";"7";"0";"2";"1";"1";"1";""
"201900019977";"138 269 033";"B01";"1";"33";"0";"2";"1";"1";"0";""
"201900019978";"138 269 029";"C01";"1";"7";"0";"0";"4";"2";"1";""
"201900019978";"138 269 030";"B01";"1";"7";"0";"2";"4";"2";"1";""
"201900019978";"138 269 031";"A01";"1";"7";"0";"2";"1";"1";"1";""
"201900019979";"138 269 027";"A01";"0";"7";"0";"2";"3";"1";"1";""
"201900019979";"138 269 028";"B01";"0";"7";"0";"2";"3";"1";"2";""
"201900019980";"138 269 025";"A01";"0";"7";"0";"2";"1";"2";"1";""
"201900019980";"138 269 026";"B01";"0";"7";"0";"2";"4";"2";"1";""
"201900019981";"138 269 024";"A01";"0";"7";"0";"1";"1";"1";"1";""
"201900019982";"138 269 023";"A01";"0";"7";"8";"0";"2";"14";"1";""
"201900019983";"138 269 019";"D01";"2";"7";"0";"2";"4";"2";"1";""
"201900019983";"138 269 020";"A01";"1";"7";"0";"2";"1";"2";"1";""
"201900019983";"138 269 021";"B01";"1";"7";"0";"2";"9";"2";"1";""
"201900019983";"138 269 022";"C01";"0";"7";"0";"2";"4";"2";"1";""
"201900019984";"138 269 014";"A01";"1";"7";"1";"0";"9";"14";"1";""
"201900019985";"138 269 013";"A01";"1";"32";"0";"0";"9";"16";"1";""
"201900019986";"138 269 011";"A01";"2";"7";"0";"1";"8";"2";"1";""
"201900019987";"138 269 010";"A01";"2";"33";"1";"0";"1";"26";"1";""
"201900019988";"138 269 007";"B01";"2";"7";"0";"2";"1";"0";"0";""
"201900019988";"138 269 008";"A01";"1";"7";"0";"2";"2";"0";"0";""
"201900019989";"138 269 003";"A01";"1";"10";"0";"1";"2";"15";"0";""
"201900019990";"138 269 001";"A01";"2";"7";"1";"1";"3";"24";"1";""
"201900019990";"138 269 002";"C01";"2";"10";"0";"0";"0";"0";"0";""
"201900019991";"138 268 999";"A01";"3";"7";"0";"2";"6";"9";"1";""
"201900019991";"138 269 000";"B01";"3";"2";"0";"2";"1";"1";"0";""
"201900019992";"138 268 997";"A01";"3";"10";"0";"2";"2";"2";"1";""
"201900019992";"138 268 998";"B01";"3";"7";"0";"2";"3";"2";"1";""
"201900019993";"138 268 995";"A01";"3";"7";"0";"1";"2";"1";"1";""
"201900019994";"138 268 993";"B01";"3";"7";"0";"2";"4";"2";"1";""
"201900019994";"138 268 994";"A01";"3";"10";"0";"2";"1";"2";"1";""
"201900019995";"138 268 991";"A01";"3";"3";"12";"2";"1";"6";"0";""
"201900019995";"138 268 992";"B01";"3";"3";"0";"2";"3";"1";"0";""
"201900019996";"138 268 987";"A01";"0";"7";"0";"2";"0";"0";"1";""
"201900019996";"138 268 988";"B01";"0";"1";"0";"2";"0";"0";"5";""
"201900019997";"138 268 985";"B01";"3";"7";"0";"2";"4";"2";"0";""
"201900019997";"138 268 986";"A01";"3";"7";"0";"2";"1";"2";"0";""
"201900019998";"138 268 983";"B01";"2";"7";"0";"2";"4";"26";"1";""
"201900019998";"138 268 984";"A01";"2";"30";"0";"2";"1";"1";"1";""
"201900019999";"138 268 981";"B01";"1";"33";"0";"2";"7";"3";"1";""
"201900019999";"138 268 982";"A01";"1";"7";"0";"2";"8";"13";"1";""
"201900020000";"138 268 980";"A01";"3";"34";"0";"0";"0";"0";"0";""
"201900020001";"138 268 978";"B01";"3";"33";"0";"2";"7";"2";"0";""
"201900020001";"138 268 979";"A01";"3";"7";"0";"2";"3";"11";"0";""
"201900020002";"138 268 977";"A01";"1";"7";"1";"0";"3";"21";"1";""
"201900020003";"138 268 974";"B01";"1";"7";"0";"2";"4";"2";"1";""
"201900020003";"138 268 975";"C01";"1";"15";"0";"2";"4";"2";"0";""
"201900020003";"138 268 976";"A01";"1";"10";"0";"2";"1";"2";"1";""
"201900020004";"138 268 971";"B01";"2";"7";"0";"2";"1";"2";"0";""
"201900020004";"138 268 972";"C01";"2";"7";"0";"2";"1";"2";"0";""
"201900020004";"138 268 973";"A01";"2";"33";"0";"2";"1";"2";"1";""
"201900020005";"138 268 970";"A01";"2";"7";"4";"0";"1";"1";"1";""
"201900020006";"138 268 968";"A01";"2";"7";"0";"2";"1";"2";"1";""
"201900020006";"138 268 969";"B01";"2";"7";"0";"2";"4";"2";"1";""
"201900020007";"138 268 967";"A01";"3";"1";"0";"0";"0";"21";"5";""
"201900020008";"138 268 966";"A01";"3";"33";"0";"0";"8";"1";"1";""
"201900020009";"138 268 965";"A01";"3";"30";"0";"0";"7";"1";"1";""
"201900020010";"138 268 963";"A01";"3";"31";"0";"2";"3";"26";"1";""
"201900020010";"138 268 964";"B01";"0";"37";"0";"2";"3";"15";"1";"1"
"201900020011";"138 268 960";"B01";"0";"7";"0";"2";"8";"1";"0";""
"201900020011";"138 268 961";"C01";"0";"7";"0";"2";"1";"1";"0";""
"201900020011";"138 268 962";"A01";"0";"7";"0";"2";"1";"1";"0";""
"201900020012";"138 268 958";"B01";"3";"1";"1";"0";"1";"0";"5";""
"201900020012";"138 268 959";"A01";"3";"7";"0";"2";"8";"24";"1";""
"201900020013";"138 268 956";"B01";"2";"7";"0";"2";"1";"1";"1";""
"201900020013";"138 268 957";"A01";"2";"2";"0";"2";"7";"1";"1";""
"201900020014";"138 268 955";"A01";"3";"7";"2";"0";"1";"2";"1";""
"201900020015";"138 268 954";"A01";"1";"7";"0";"1";"3";"1";"1";""
"201900020016";"138 268 950";"A01";"2";"7";"0";"1";"6";"1";"1";""
"201900020017";"138 268 949";"A01";"1";"7";"1";"0";"1";"26";"1";""
"201900020018";"138 268 948";"A01";"1";"7";"13";"0";"2";"15";"1";""
"201900020019";"138 268 947";"A01";"2";"33";"0";"0";"8";"1";"1";""
"201900020020";"138 268 945";"A01";"1";"10";"0";"2";"2";"12";"1";""
"201900020020";"138 268 946";"B01";"1";"2";"0";"2";"3";"1";"1";""
"201900020021";"138 268 943";"A01";"2";"7";"0";"2";"3";"9";"1";""
"201900020021";"138 268 944";"B01";"2";"30";"0";"2";"1";"1";"1";""
"201900020022";"138 268 942";"A01";"2";"33";"0";"0";"7";"1";"1";""
"201900020023";"138 268 939";"B01";"1";"7";"0";"2";"2";"15";"1";""
"201900020023";"138 268 940";"A01";"2";"7";"0";"2";"1";"1";"1";""
"201900020024";"138 268 937";"B01";"1";"7";"0";"2";"2";"1";"1";""
"201900020024";"138 268 938";"A01";"2";"7";"0";"2";"7";"15";"1";""
"201900020025";"138 268 936";"A01";"0";"7";"0";"1";"2";"1";"1";""
"201900020026";"138 268 935";"A01";"3";"30";"14";"0";"1";"26";"1";""
"201900020027";"138 268 934";"A01";"2";"33";"3";"0";"1";"1";"1";""
"201900020028";"138 268 933";"A01";"3";"99";"8";"0";"1";"1";"1";""
"201900020029";"138 268 931";"B01";"2";"32";"0";"2";"3";"1";"1";""
"201900020029";"138 268 932";"A01";"1";"7";"0";"2";"1";"15";"1";""
"201900020030";"138 268 928";"A01";"0";"7";"0";"2";"4";"1";"2";""
"201900020030";"138 268 929";"B01";"0";"7";"0";"2";"1";"1";"1";""
"201900020030";"138 268 930";"C01";"0";"43";"0";"2";"1";"1";"1";""
"201900020031";"138 268 927";"A01";"2";"7";"14";"0";"6";"15";"1";""
"201900020032";"138 268 923";"B01";"3";"7";"0";"2";"6";"20";"1";""
"201900020032";"138 268 924";"A01";"3";"7";"0";"2";"2";"2";"1";""
"201900020033";"138 268 921";"B01";"3";"7";"0";"2";"7";"1";"1";""
"201900020033";"138 268 922";"A01";"3";"7";"0";"2";"0";"0";"0";""
"201900020034";"138 268 919";"B01";"1";"7";"0";"2";"4";"1";"1";""
"201900020034";"138 268 920";"A01";"1";"7";"0";"2";"1";"1";"1";""
"201900020035";"138 268 918";"Z01";"1";"7";"0";"1";"1";"1";"6";""
"201900020036";"138 268 916";"A01";"2";"7";"0";"2";"7";"12";"1";""
"201900020036";"138 268 917";"B01";"2";"31";"0";"2";"8";"3";"1";""
"201900020037";"138 268 914";"Z01";"1";"7";"0";"2";"0";"15";"1";""
"201900020037";"138 268 915";"A01";"1";"30";"0";"2";"7";"17";"1";""
"201900020038";"138 268 912";"A01";"1";"7";"0";"2";"7";"12";"1";""
"201900020038";"138 268 913";"B01";"1";"30";"0";"2";"8";"1";"1";""
"201900020039";"138 268 911";"A01";"1";"33";"0";"1";"2";"1";"1";""
"201900020040";"138 268 909";"Z01";"3";"7";"0";"2";"3";"1";"1";""
"201900020040";"138 268 910";"A01";"1";"7";"0";"2";"2";"1";"2";""
"201900020041";"138 268 908";"A01";"1";"7";"1";"1";"1";"1";"1";""
"201900020042";"138 268 906";"A01";"2";"7";"0";"2";"2";"12";"1";""
"201900020042";"138 268 907";"B01";"2";"7";"0";"2";"6";"0";"1";""
"201900020043";"138 268 904";"A01";"1";"7";"0";"2";"8";"15";"0";""
"201900020043";"138 268 905";"B01";"1";"30";"0";"2";"2";"15";"0";""
"201900020044";"138 268 902";"A01";"3";"15";"0";"2";"0";"16";"0";""
"201900020044";"138 268 903";"B01";"3";"7";"0";"2";"7";"0";"0";""
"201900020045";"138 268 901";"A01";"1";"7";"0";"1";"2";"1";"1";""
"201900020046";"138 268 899";"B01";"1";"34";"0";"2";"1";"1";"1";""
"201900020046";"138 268 900";"A01";"1";"7";"0";"2";"2";"11";"0";""
"201900020047";"138 268 897";"B01";"3";"7";"0";"2";"1";"10";"0";""
"201900020047";"138 268 898";"A01";"1";"32";"0";"2";"1";"1";"1";""
"201900020048";"138 268 895";"B01";"3";"2";"14";"0";"1";"11";"1";""
"201900020048";"138 268 896";"A01";"3";"7";"0";"2";"6";"23";"1";""
"201900020049";"138 268 894";"A01";"1";"7";"9";"0";"1";"14";"1";""
"201900020050";"138 268 892";"B01";"1";"7";"0";"2";"4";"2";"1";""
"201900020050";"138 268 893";"A01";"1";"7";"0";"2";"1";"2";"1";""
"201900020051";"138 268 891";"A01";"3";"39";"0";"1";"1";"1";"1";""
"201900020052";"138 268 889";"A01";"2";"7";"0";"2";"1";"1";"0";""
"201900020052";"138 268 890";"B01";"1";"7";"4";"2";"8";"9";"1";""
"201900020053";"138 268 886";"C01";"2";"7";"0";"0";"4";"0";"1";""
"201900020053";"138 268 887";"B01";"2";"7";"0";"2";"4";"0";"1";""
"201900020053";"138 268 888";"A01";"2";"15";"0";"2";"1";"0";"1";""
"201900020054";"138 268 885";"A01";"1";"7";"0";"1";"2";"1";"1";""
"201900020055";"138 268 883";"A01";"3";"7";"0";"2";"1";"5";"1";""
"201900020055";"138 268 884";"B01";"3";"7";"0";"2";"1";"1";"1";""
"201900020056";"138 268 881";"B01";"2";"7";"0";"2";"1";"1";"0";""
"201900020056";"138 268 882";"A01";"1";"7";"0";"2";"2";"15";"0";""
"201900020057";"138 268 879";"A01";"3";"10";"0";"2";"2";"9";"0";""
"201900020057";"138 268 880";"B01";"3";"33";"0";"2";"1";"1";"0";""
"201900020058";"138 268 877";"A01";"1";"33";"0";"2";"1";"5";"1";""
"201900020058";"138 268 878";"B01";"2";"7";"0";"2";"3";"1";"1";""
"201900020059";"138 268 876";"A01";"2";"7";"2";"0";"1";"13";"1";""
"201900020060";"138 268 874";"A01";"2";"7";"0";"2";"3";"13";"1";""
"201900020060";"138 268 875";"B01";"1";"7";"0";"2";"3";"1";"1";""
"201900020061";"138 268 873";"A01";"1";"7";"0";"1";"2";"15";"1";""
"201900020062";"138 268 871";"A01";"1";"7";"0";"2";"2";"17";"1";""
"201900020062";"138 268 872";"B01";"1";"7";"6";"0";"6";"16";"1";""
"201900020063";"138 268 870";"A01";"0";"7";"0";"1";"1";"0";"1";""
"201900020064";"138 268 868";"A01";"3";"7";"0";"0";"3";"19";"0";""
"201900020064";"138 268 869";"B01";"1";"7";"8";"0";"1";"1";"0";""
"201900020065";"138 268 867";"A01";"2";"7";"0";"1";"3";"1";"1";""
"201900020066";"138 268 865";"B01";"1";"10";"0";"2";"1";"15";"0";""
"201900020066";"138 268 866";"A01";"2";"33";"0";"2";"2";"1";"0";""
"201900020067";"138 268 862";"B01";"1";"10";"0";"2";"1";"1";"1";""
"201900020067";"138 268 863";"A01";"2";"7";"1";"2";"7";"1";"1";""
"201900020068";"138 268 861";"A01";"1";"7";"13";"0";"1";"1";"1";""
"201900020069";"138 268 859";"B01";"2";"17";"0";"2";"3";"1";"1";""
"201900020069";"138 268 860";"A01";"1";"7";"0";"2";"3";"13";"1";""
"201900020070";"138 268 858";"A01";"1";"10";"0";"1";"2";"1";"1";""
"201900020071";"138 268 857";"A01";"2";"7";"3";"0";"1";"0";"1";""
"201900020072";"138 268 856";"A01";"1";"38";"0";"1";"8";"15";"0";"1"
"201900020073";"138 268 851";"E01";"2";"7";"0";"2";"1";"2";"0";""
"201900020073";"138 268 852";"D01";"2";"33";"0";"0";"4";"1";"1";""
"201900020073";"138 268 853";"C01";"2";"7";"0";"2";"2";"14";"1";""
"201900020073";"138 268 854";"B01";"2";"7";"0";"0";"6";"1";"1";""
"201900020073";"138 268 855";"A01";"2";"7";"0";"0";"6";"2";"1";""
"201900020074";"138 268 849";"B01";"1";"7";"15";"2";"2";"1";"1";""
"201900020074";"138 268 850";"A01";"1";"7";"0";"2";"3";"1";"1";""
"201900020075";"138 268 848";"A01";"0";"7";"0";"1";"2";"1";"0";""
"201900020076";"138 268 841";"G01";"2";"7";"0";"2";"1";"2";"1";""
"201900020076";"138 268 842";"F01";"2";"7";"0";"0";"1";"2";"1";""
"201900020076";"138 268 843";"E01";"2";"7";"0";"2";"4";"2";"1";""
"201900020076";"138 268 844";"D01";"2";"7";"0";"2";"4";"2";"1";""
"201900020076";"138 268 845";"C01";"2";"7";"0";"2";"4";"2";"1";""
"201900020076";"138 268 846";"B01";"2";"7";"0";"2";"1";"2";"1";""
"201900020076";"138 268 847";"A01";"2";"7";"0";"2";"4";"2";"1";""
"201900020077";"138 268 839";"B01";"2";"2";"0";"2";"2";"1";"1";""
"201900020077";"138 268 840";"A01";"2";"7";"0";"2";"3";"19";"1";""
"201900020078";"138 268 837";"A01";"1";"7";"0";"2";"7";"19";"1";""
"201900020078";"138 268 838";"B01";"2";"33";"0";"2";"1";"1";"0";""
"201900020079";"138 268 836";"A01";"1";"7";"2";"0";"0";"0";"1";""
"201900020080";"138 268 834";"B01";"3";"2";"0";"2";"1";"1";"1";""
"201900020080";"138 268 835";"A01";"1";"7";"0";"2";"3";"19";"1";""
"201900020081";"138 268 832";"B01";"0";"17";"0";"0";"3";"1";"0";""
"201900020081";"138 268 833";"A01";"3";"7";"0";"2";"3";"1";"4";""
"201900020082";"138 268 831";"A01";"3";"7";"8";"0";"1";"1";"1";""
"201900020083";"138 268 830";"A01";"0";"31";"14";"0";"1";"23";"1";""
"201900020084";"138 268 829";"A01";"0";"7";"0";"1";"2";"1";"1";""
"201900020085";"138 268 828";"A01";"3";"7";"0";"1";"1";"1";"1";""
"201900020086";"138 268 827";"A01";"3";"7";"0";"1";"1";"26";"1";""
"201900020087";"138 268 826";"A01";"2";"7";"8";"0";"8";"1";"1";""
"201900020088";"138 268 825";"A01";"1";"7";"0";"5";"0";"0";"0";""
"201900020089";"138 268 824";"A01";"1";"2";"0";"5";"1";"1";"1";""
"201900020090";"138 268 823";"A01";"1";"7";"0";"1";"2";"1";"1";""
"201900020091";"138 268 821";"B01";"1";"7";"0";"0";"4";"1";"1";""
"201900020091";"138 268 822";"A01";"1";"7";"0";"2";"1";"1";"1";""
"201900020092";"138 268 820";"A01";"2";"7";"2";"0";"3";"1";"1";""
"201900020093";"138 268 817";"C01";"1";"7";"0";"2";"2";"12";"1";""
"201900020093";"138 268 818";"B01";"1";"7";"0";"2";"6";"1";"1";""
"201900020093";"138 268 819";"A01";"1";"7";"0";"2";"3";"1";"1";""
"201900020094";"138 268 815";"A01";"1";"7";"0";"2";"8";"15";"1";""
"201900020094";"138 268 816";"B01";"1";"10";"0";"2";"1";"1";"1";""
"201900020095";"138 268 813";"B01";"2";"7";"0";"2";"8";"2";"1";""
"201900020095";"138 268 814";"A01";"2";"7";"0";"2";"2";"14";"1";""
"201900020096";"138 268 811";"Z01";"1";"7";"0";"2";"1";"11";"6";""
"201900020096";"138 268 812";"A01";"1";"20";"0";"2";"4";"26";"1";""
"201900020097";"138 268 809";"B01";"1";"10";"0";"2";"1";"2";"1";""
"201900020097";"138 268 810";"A01";"1";"31";"0";"2";"4";"2";"1";""
"201900020098";"138 268 808";"A01";"1";"33";"16";"0";"0";"0";"1";""
"201900020099";"138 268 806";"B01";"2";"10";"0";"2";"4";"1";"1";""
"201900020099";"138 268 807";"A01";"2";"7";"0";"2";"1";"2";"1";""
"201900020100";"138 268 805";"A01";"2";"31";"4";"0";"1";"13";"1";""
"201900020101";"138 268 804";"A01";"1";"7";"0";"1";"2";"20";"0";""
"201900020102";"138 268 803";"A01";"1";"7";"13";"0";"1";"13";"1";""
"201900020103";"138 268 801";"A01";"3";"7";"0";"2";"1";"1";"1";""
"201900020103";"138 268 802";"B01";"2";"10";"15";"0";"4";"26";"1";""
"201900020104";"138 268 799";"A01";"3";"7";"0";"2";"2";"15";"0";""
"201900020104";"138 268 800";"B01";"3";"2";"0";"2";"1";"1";"0";""
"201900020105";"138 268 798";"E01";"1";"30";"0";"0";"0";"12";"1";""
"201900020106";"138 268 797";"A01";"2";"7";"0";"1";"1";"1";"1";""
"201900020107";"138 268 794";"A01";"1";"7";"0";"2";"1";"2";"1";""
"201900020107";"138 268 795";"B01";"1";"7";"0";"2";"4";"2";"1";""
"201900020107";"138 268 796";"C01";"1";"7";"0";"2";"0";"2";"1";""
"201900020108";"138 268 793";"A01";"1";"7";"13";"0";"2";"1";"1";""
"201900020109";"138 268 792";"A01";"2";"30";"0";"0";"7";"1";"1";""
"201900020110";"138 268 790";"A01";"2";"7";"0";"2";"1";"2";"6";""
"201900020110";"138 268 791";"B01";"2";"7";"0";"2";"5";"1";"6";""
"201900020111";"138 268 788";"A01";"3";"7";"0";"2";"8";"9";"1";""
"201900020111";"138 268 789";"B01";"3";"7";"0";"2";"1";"1";"1";""
"201900020112";"138 268 786";"A01";"3";"7";"12";"0";"1";"15";"0";""
"201900020112";"138 268 787";"B01";"3";"1";"0";"2";"4";"12";"0";""
"201900020113";"138 268 784";"B01";"0";"7";"0";"2";"8";"0";"1";""
"201900020113";"138 268 785";"A01";"0";"7";"0";"2";"0";"0";"1";""
"201900020114";"138 268 782";"B01";"3";"7";"8";"2";"0";"1";"1";""
"201900020114";"138 268 783";"A01";"3";"7";"0";"2";"1";"1";"1";""
"201900020115";"138 268 781";"A01";"2";"7";"0";"1";"1";"1";"1";""
"201900020116";"138 268 779";"A01";"3";"33";"0";"0";"0";"16";"1";""
"201900020117";"138 268 776";"B01";"1";"7";"0";"2";"3";"16";"1";""
"201900020117";"138 268 777";"A01";"1";"30";"0";"2";"1";"5";"1";""
"201900020118";"138 268 773";"C01";"1";"7";"16";"2";"1";"1";"1";""
"201900020118";"138 268 774";"B01";"1";"7";"16";"0";"1";"1";"1";""
"201900020118";"138 268 775";"A01";"1";"7";"0";"2";"1";"1";"1";""
"201900020119";"138 268 772";"A01";"3";"7";"16";"0";"9";"0";"1";""
"201900020120";"138 268 770";"B01";"1";"7";"0";"2";"5";"2";"1";""
"201900020120";"138 268 771";"A01";"1";"7";"0";"2";"3";"12";"1";""
"201900020121";"138 268 769";"A01";"3";"7";"6";"0";"1";"2";"1";""
"201900020122";"138 268 767";"A01";"1";"7";"0";"2";"1";"1";"1";""
"201900020122";"138 268 768";"B01";"1";"7";"0";"2";"1";"1";"1";""
"201900020123";"138 268 765";"A01";"2";"31";"0";"2";"1";"26";"1";""
"201900020123";"138 268 766";"B01";"2";"10";"0";"2";"6";"10";"1";""
"201900020124";"138 268 764";"A01";"3";"7";"0";"1";"3";"1";"1";""
"201900020125";"138 268 762";"B01";"0";"1";"0";"2";"0";"0";"5";""
"201900020125";"138 268 763";"A01";"0";"7";"0";"2";"3";"9";"1";""
"201900020126";"138 268 760";"A01";"0";"10";"0";"1";"1";"2";"1";""
"201900020126";"138 268 761";"B01";"0";"7";"0";"2";"4";"2";"1";""
"201900020127";"138 268 759";"A01";"1";"7";"0";"1";"3";"1";"1";""
"201900020128";"138 268 756";"C01";"2";"7";"0";"2";"4";"2";"1";""
"201900020128";"138 268 757";"B01";"2";"7";"0";"2";"1";"2";"1";""
"201900020128";"138 268 758";"A01";"2";"7";"4";"0";"1";"11";"1";""
"201900020129";"138 268 755";"A01";"3";"33";"0";"0";"7";"1";"1";""
"201900020130";"138 268 754";"A01";"2";"7";"3";"0";"8";"1";"1";""
"201900020131";"138 268 753";"A01";"1";"7";"0";"1";"3";"1";"1";""
"201900020132";"138 268 751";"B01";"1";"7";"0";"2";"4";"1";"1";""
"201900020132";"138 268 752";"A01";"1";"7";"0";"2";"1";"1";"1";""
"201900020133";"138 268 750";"A01";"1";"7";"0";"1";"1";"1";"1";""
"201900020134";"138 268 748";"B01";"1";"32";"0";"2";"1";"1";"1";""
"201900020134";"138 268 749";"A01";"2";"7";"0";"2";"2";"13";"1";""
"201900020135";"138 268 747";"A01";"1";"7";"1";"2";"1";"2";"1";""
"201900020136";"138 268 744";"A01";"3";"7";"0";"2";"1";"1";"1";""
"201900020136";"138 268 745";"B01";"3";"7";"0";"2";"4";"23";"1";""
"201900020136";"138 268 746";"C01";"3";"7";"0";"2";"4";"23";"1";""
"201900020137";"138 268 743";"A01";"0";"7";"0";"1";"0";"1";"1";""
"201900020138";"138 268 741";"B01";"3";"33";"0";"2";"1";"26";"1";""
"201900020138";"138 268 742";"A01";"3";"7";"0";"2";"8";"15";"1";""
"201900020139";"138 268 739";"B01";"1";"7";"0";"2";"4";"2";"1";""
"201900020139";"138 268 740";"A01";"1";"2";"0";"2";"1";"2";"1";""
"201900020140";"138 268 738";"A01";"1";"7";"14";"0";"1";"1";"1";""
"201900020141";"138 268 736";"B01";"1";"7";"0";"2";"8";"0";"1";""
"201900020141";"138 268 737";"A01";"2";"7";"0";"2";"0";"1";"1";""
"201900020142";"138 268 734";"B01";"2";"7";"0";"2";"4";"1";"0";""
"201900020142";"138 268 735";"Z01";"2";"7";"0";"2";"0";"0";"0";""
"201900020143";"138 268 733";"A01";"2";"1";"0";"1";"1";"1";"5";""