"Num_Acc";"id_vehicule";"num_veh";"senc";"catv";"obs";"obsm";"choc";"manv";"motor";"occutc"
"201900020144";"138 268 732";"A01";"1";"30";"0";"0";"0";"0";"3";""
"201900020145";"138 268 730";"B01";"1";"7";"0";"2";"4";"23";"1";""
"201900020145";"138 268 731";"A01";"1";"7";"0";"2";"1";"2";"1";""
"201900020146";"138 268 727";"C01";"1";"7";"0";"2";"6";"2";"1";""
"201900020146";"138 268 728";"B01";"1";"7";"0";"2";"5";"2";"1";""
"201900020146";"138 268 729";"A01";"1";"7";"0";"2";"3";"2";"1";""
"201900020147";"138 268 725";"A01";"2";"7";"0";"2";"1";"13";"1";""
"201900020147";"138 268 726";"B01";"2";"32";"0";"2";"2";"17";"1";""
"201900020148";"138 268 723";"A01";"1";"30";"0";"2";"8";"1";"1";""
"201900020148";"138 268 724";"Z01";"1";"7";"0";"2";"7";"12";"1";""
"201900020149";"138 268 718";"I01";"1";"7";"0";"2";"4";"1";"1";""
"201900020149";"138 268 719";"H01";"1";"7";"0";"2";"4";"1";"1";""
"201900020149";"138 268 720";"G01";"1";"7";"12";"2";"7";"1";"1";""
"201900020149";"138 268 721";"F01";"1";"7";"0";"2";"5";"2";"1";""
"201900020149";"138 268 722";"A01";"1";"7";"9";"2";"9";"2";"1";""
"201900020150";"138 268 717";"A01";"1";"43";"0";"0";"7";"1";"1";""
"201900020151";"138 268 716";"A01";"2";"10";"0";"1";"7";"16";"1";""
"201900020152";"138 268 715";"A01";"1";"7";"0";"1";"1";"17";"1";""
"201900020153";"138 268 714";"A01";"1";"7";"0";"1";"1";"15";"2";""
"201900020154";"138 268 713";"A01";"1";"7";"0";"1";"1";"1";"0";""
"201900020155";"138 268 712";"A01";"1";"50";"0";"1";"3";"16";"3";""
"201900020156";"138 268 710";"B01";"2";"30";"0";"2";"1";"9";"1";""
"201900020156";"138 268 711";"A01";"2";"7";"0";"2";"2";"2";"1";""
"201900020157";"138 268 709";"A01";"2";"7";"0";"1";"3";"1";"3";""
"201900020158";"138 268 707";"A01";"1";"7";"0";"2";"1";"13";"1";""
"201900020158";"138 268 708";"B01";"2";"7";"0";"2";"1";"21";"1";""
"201900020159";"138 268 706";"A01";"1";"7";"9";"0";"3";"15";"1";""
"201900020160";"138 268 703";"C01";"2";"7";"0";"0";"2";"0";"1";""
"201900020160";"138 268 704";"B01";"2";"33";"0";"2";"8";"3";"1";""
"201900020160";"138 268 705";"A01";"1";"7";"0";"0";"6";"22";"1";""
"201900020161";"138 268 701";"A01";"1";"13";"0";"2";"7";"1";"0";""
"201900020161";"138 268 702";"B01";"1";"7";"0";"2";"3";"9";"0";""
"201900020162";"138 268 700";"A01";"0";"0";"0";"1";"0";"26";"0";""
"201900020163";"138 268 699";"A01";"1";"7";"1";"0";"1";"9";"1";""
"201900020164";"138 268 697";"A01";"3";"7";"0";"2";"1";"1";"1";""
"201900020164";"138 268 698";"B01";"3";"10";"0";"2";"8";"9";"1";""
"201900020165";"138 268 696";"A01";"0";"7";"0";"1";"0";"0";"0";""
"201900020166";"138 268 695";"A01";"1";"10";"0";"1";"1";"1";"1";""
"201900020167";"138 268 693";"B01";"3";"32";"0";"2";"1";"17";"1";""
"201900020167";"138 268 694";"A01";"3";"7";"0";"2";"3";"15";"1";""
"201900020168";"138 268 692";"A01";"3";"10";"0";"1";"2";"2";"1";""
"201900020169";"138 268 690";"B01";"3";"7";"0";"2";"2";"1";"1";""
"201900020169";"138 268 691";"A01";"3";"10";"0";"2";"1";"1";"1";""
"201900020170";"138 268 688";"B01";"2";"99";"0";"2";"4";"26";"3";""
"201900020170";"138 268 689";"Z01";"3";"7";"0";"2";"2";"17";"0";""
"201900020171";"138 268 687";"A01";"2";"33";"0";"0";"7";"26";"1";""
"201900020172";"138 268 686";"A01";"1";"30";"11";"0";"1";"13";"3";""
"201900020173";"138 268 683";"A01";"2";"7";"0";"2";"1";"2";"1";""
"201900020173";"138 268 684";"B01";"2";"7";"0";"2";"4";"23";"1";""
"201900020173";"138 268 685";"C01";"2";"7";"0";"2";"4";"23";"1";""
"201900020174";"138 268 681";"A01";"2";"7";"0";"2";"3";"13";"0";""
"201900020174";"138 268 682";"B01";"1";"7";"0";"2";"3";"1";"0";""
"201900020175";"138 268 679";"B01";"2";"7";"0";"2";"3";"1";"1";""
"201900020175";"138 268 680";"A01";"1";"33";"0";"2";"1";"13";"1";""
"201900020176";"138 268 677";"A01";"3";"7";"0";"1";"2";"15";"1";""
"201900020177";"138 268 675";"A01";"2";"7";"0";"2";"5";"11";"1";""
"201900020177";"138 268 676";"B01";"1";"33";"0";"2";"1";"1";"1";""
"201900020178";"138 268 674";"A01";"2";"7";"0";"1";"1";"1";"1";""
"201900020179";"138 268 672";"B01";"3";"7";"0";"2";"1";"1";"1";""
"201900020179";"138 268 673";"A01";"3";"7";"0";"2";"1";"21";"1";""
"201900020180";"138 268 671";"A01";"0";"7";"2";"0";"1";"0";"1";""
"201900020181";"138 268 669";"A01";"0";"7";"13";"0";"1";"1";"1";""
"201900020181";"138 268 670";"B01";"2";"7";"0";"2";"2";"1";"1";""
"201900020182";"138 268 668";"A01";"2";"7";"3";"0";"3";"13";"1";""
"201900020183";"138 268 667";"A01";"1";"7";"2";"0";"2";"2";"1";""
"201900020184";"138 268 666";"A01";"1";"7";"16";"0";"9";"14";"1";""
"201900020185";"138 268 665";"A01";"2";"7";"13";"0";"3";"1";"6";""
"201900020186";"138 268 663";"B01";"2";"7";"0";"2";"3";"1";"1";""
"201900020186";"138 268 664";"A01";"1";"33";"0";"2";"3";"17";"1";""
"201900020187";"138 268 662";"A01";"3";"33";"16";"0";"2";"1";"1";""
"201900020188";"138 268 661";"A01";"2";"7";"6";"0";"2";"1";"1";""
"201900020189";"138 268 660";"A01";"2";"33";"0";"0";"0";"1";"1";""
"201900020190";"138 268 659";"A01";"1";"7";"0";"1";"1";"0";"1";""
"201900020191";"138 268 658";"A01";"2";"7";"0";"1";"1";"15";"1";""
"201900020192";"138 268 657";"A01";"2";"7";"0";"1";"2";"1";"1";""
"201900020193";"138 268 656";"A01";"2";"10";"10";"0";"1";"0";"1";""
"201900020194";"138 268 655";"A01";"1";"7";"8";"0";"2";"1";"1";""
"201900020195";"138 268 653";"B01";"2";"7";"0";"2";"1";"1";"1";""
"201900020195";"138 268 654";"A01";"1";"7";"0";"2";"5";"13";"1";""
"201900020196";"138 268 652";"A01";"2";"7";"3";"0";"0";"14";"0";""
"201900020197";"138 268 650";"B01";"3";"7";"0";"2";"2";"17";"1";""
"201900020197";"138 268 651";"A01";"3";"7";"0";"0";"6";"23";"1";""
"201900020198";"138 268 648";"B01";"1";"10";"0";"2";"3";"1";"0";""
"201900020198";"138 268 649";"A01";"2";"7";"0";"2";"3";"13";"1";""
"201900020199";"138 268 647";"A01";"3";"7";"0";"1";"2";"1";"0";""
"201900020200";"138 268 646";"A01";"2";"10";"0";"1";"3";"1";"1";""
"201900020201";"138 268 644";"A01";"0";"7";"0";"2";"1";"5";"1";""
"201900020201";"138 268 645";"B01";"0";"7";"0";"2";"1";"1";"1";""
"201900020202";"138 268 642";"A01";"3";"10";"0";"2";"1";"1";"0";""
"201900020202";"138 268 643";"B01";"1";"7";"0";"0";"3";"1";"1";""
"201900020203";"138 268 640";"A01";"2";"7";"0";"2";"3";"13";"1";""
"201900020203";"138 268 641";"B01";"1";"7";"0";"2";"3";"1";"1";""
"201900020204";"138 268 638";"B01";"2";"33";"0";"2";"1";"1";"1";""
"201900020204";"138 268 639";"A01";"1";"7";"0";"2";"5";"10";"1";""
"201900020205";"138 268 637";"A01";"1";"7";"10";"0";"2";"13";"1";""
"201900020206";"138 268 635";"A01";"2";"7";"0";"2";"7";"13";"1";""
"201900020206";"138 268 636";"B01";"1";"7";"0";"2";"1";"1";"1";""
"201900020207";"138 268 634";"A01";"3";"2";"2";"0";"1";"1";"1";""
"201900020208";"138 268 632";"R01";"1";"0";"0";"2";"4";"2";" -1";""
"201900020208";"138 268 633";"Q01";"1";"7";"3";"0";"3";"26";"1";""
"201900020209";"138 268 631";"A01";"2";"7";"13";"0";"0";"1";"1";""
"201900020210";"138 268 625";"A01";"2";"7";"0";"2";"4";"2";"1";""
"201900020210";"138 268 626";"B01";"2";"7";"0";"2";"1";"1";"1";""
"201900020211";"138 268 624";"A01";"1";"7";"4";"0";"9";"0";"1";""
"201900020212";"138 268 621";"C01";"2";"7";"0";"2";"1";"0";"1";""
"201900020212";"138 268 622";"B01";"2";"7";"0";"2";"8";"0";"1";""
"201900020212";"138 268 623";"A01";"2";"7";"0";"2";"1";"15";"1";""
"201900020213";"138 268 611";"C01";"2";"10";"0";"2";"0";"0";"1";""
"201900020213";"138 268 612";"B01";"2";"10";"3";"2";"1";"1";"1";""
"201900020213";"138 268 613";"A01";"2";"10";"3";"2";"1";"26";"1";""
"201900020214";"138 268 607";"D01";"2";"7";"0";"2";"4";"2";"1";""
"201900020214";"138 268 608";"C01";"2";"7";"0";"2";"4";"2";"1";""
"201900020214";"138 268 609";"B01";"2";"7";"0";"2";"4";"2";"1";""
"201900020214";"138 268 610";"A01";"2";"14";"0";"2";"1";"2";"1";""
"201900020215";"138 268 603";"D01";"1";"10";"0";"2";"4";"1";"1";""
"201900020215";"138 268 604";"C01";"1";"10";"0";"2";"4";"1";"1";""
"201900020215";"138 268 605";"B01";"1";"10";"0";"2";"4";"1";"1";""
"201900020215";"138 268 606";"A01";"1";"10";"0";"2";"1";"1";"1";""
"201900020216";"138 268 600";"A01";"1";"7";"0";"0";"0";"0";"1";""
"201900020216";"138 268 601";"B01";"1";"7";"0";"2";"4";"26";"1";""
"201900020216";"138 268 602";"C01";"1";"7";"0";"2";"4";"26";"1";""
"201900020217";"138 268 599";"A01";"1";"7";"16";"0";"3";"26";"1";""
"201900020218";"138 268 597";"A01";"1";"7";"0";"2";"1";"1";"1";""
"201900020218";"138 268 598";"B01";"1";"7";"0";"2";"5";"0";"1";""
"201900020219";"138 268 596";"A01";"2";"7";"0";"1";"4";"0";"0";""
"201900020220";"138 268 594";"B01";"1";"7";"0";"2";"1";"17";"1";""
"201900020220";"138 268 595";"A01";"2";"7";"0";"2";"2";"17";"1";""
"201900020221";"138 268 592";"B01";"3";"60";"0";"6";"0";"13";"5";""
"201900020221";"138 268 593";"A01";"2";"7";"0";"6";"1";"17";"1";""
"201900020222";"138 268 590";"A01";"3";"7";"0";"2";"7";"16";"1";""
"201900020222";"138 268 591";"B01";"3";"2";"0";"2";"3";"2";"1";""
"201900020223";"138 268 588";"B01";"1";"10";"0";"2";"2";"16";"1";""
"201900020223";"138 268 589";"A01";"1";"1";"0";"2";"1";"7";"5";""
"201900020224";"138 268 586";"B01";"2";"10";"0";"2";"0";"0";"0";""
"201900020224";"138 268 587";"A01";"3";"7";"0";"2";"4";"1";"1";""
"201900020225";"138 268 584";"B01";"1";"30";"0";"2";"1";"7";"1";""
"201900020225";"138 268 585";"A01";"1";"7";"0";"2";"2";"18";"1";""
"201900020226";"138 268 583";"A01";"1";"7";"0";"2";"0";"23";"1";""
"201900020227";"138 268 581";"B01";"2";"32";"0";"2";"1";"1";"1";""
"201900020227";"138 268 582";"A01";"2";"7";"0";"2";"8";"10";"1";""
"201900020228";"138 268 579";"A01";"1";"33";"0";"2";"7";"17";"1";""
"201900020228";"138 268 580";"B01";"2";"7";"0";"2";"6";"15";"3";""
"201900020229";"138 268 578";"A01";"1";"7";"0";"1";"2";"1";"1";""
"201900020230";"138 268 576";"A01";"1";"7";"0";"2";"6";"26";"0";""
"201900020230";"138 268 577";"B01";"2";"2";"0";"2";"3";"1";"0";""
"201900020231";"138 268 574";"B01";"1";"50";"0";"2";"0";"1";"3";""
"201900020231";"138 268 575";"A01";"1";"15";"0";"1";"5";"16";"1";""
"201900020232";"138 268 573";"A01";"1";"37";"0";"1";"2";"1";"1";"3"
"201900020233";"138 268 572";"A01";"1";"7";"13";"0";"2";"1";"0";""
"201900020234";"138 268 571";"A01";"2";"33";"13";"0";"5";"14";"1";""
"201900020235";"138 268 569";"A01";"1";"7";"0";"2";"3";"15";"1";""
"201900020235";"138 268 570";"B01";"1";"7";"0";"2";"1";"1";"1";""
"201900020236";"138 268 567";"A01";"1";"33";"0";"2";"1";"1";"1";""
"201900020236";"138 268 568";"B01";"2";"17";"0";"2";"8";"15";"1";""
"201900020237";"138 268 565";"A01";"2";"7";"0";"2";"3";"15";"1";""
"201900020237";"138 268 566";"B01";"1";"2";"0";"2";"1";"1";"1";""
"201900020238";"138 268 563";"B01";"2";"1";"0";"2";"1";"1";"5";""
"201900020238";"138 268 564";"A01";"1";"15";"0";"2";"2";"9";"1";""
"201900020239";"138 268 561";"B01";"2";"7";"0";"2";"3";"19";"2";""
"201900020239";"138 268 562";"A01";"1";"31";"0";"2";"1";"1";"1";""
"201900020240";"138 268 560";"A01";"1";"7";"4";"0";"1";"26";"1";""
"201900020241";"138 268 558";"A01";"1";"7";"6";"0";"1";"1";"0";""
"201900020242";"138 268 555";"B01";"3";"1";"0";"2";"1";"26";"0";""
"201900020242";"138 268 556";"A01";"0";"10";"0";"1";"0";"1";"0";""
"201900020243";"138 268 551";"A01";"1";"7";"0";"2";"2";"1";"1";""
"201900020243";"138 268 552";"B01";"2";"7";"0";"2";"3";"1";"1";""
"201900020244";"138 268 549";"B01";"3";"2";"0";"2";"1";"1";"1";""
"201900020244";"138 268 550";"A01";"0";"7";"0";"2";"3";"19";"1";""
"201900020245";"138 268 546";"A01";"2";"7";"0";"2";"1";"1";"1";""
"201900020245";"138 268 547";"B01";"2";"7";"0";"2";"4";"23";"1";""
"201900020245";"138 268 548";"C01";"2";"15";"0";"2";"5";"23";"1";""
"201900020246";"138 268 545";"A01";"2";"7";"0";"0";"7";"1";"1";""
"201900020247";"138 268 543";"A01";"2";"7";"0";"2";"1";"11";"1";""
"201900020247";"138 268 544";"B01";"1";"7";"0";"2";"1";"1";"1";""
"201900020248";"138 268 539";"B01";"3";"7";"0";"2";"3";"1";"1";""
"201900020248";"138 268 540";"A01";"3";"7";"0";"2";"3";"1";"1";""
"201900020249";"138 268 538";"A01";"1";"7";"2";"0";"7";"14";"0";""
"201900020250";"138 268 536";"B01";"3";"7";"0";"2";"3";"1";"6";""
"201900020250";"138 268 537";"A01";"3";"7";"0";"2";"3";"13";"6";""
"201900020251";"138 268 534";"B01";"2";"7";"0";"0";"4";"15";"1";""
"201900020251";"138 268 535";"A01";"2";"33";"0";"2";"1";"18";"1";""
"201900020252";"138 268 533";"A01";"2";"7";"8";"0";"1";"14";"1";""
"201900020253";"138 268 532";"A01";"1";"7";"13";"0";"1";"1";"1";""
"201900020254";"138 268 530";"B01";"1";"3";"0";"2";"4";"1";"1";""
"201900020254";"138 268 531";"A01";"1";"33";"0";"2";"1";"1";"1";""
"201900020255";"138 268 527";"B01";"2";"7";"0";"2";"1";"1";"1";""
"201900020255";"138 268 528";"A01";"1";"7";"0";"2";"1";"17";"1";""
"201900020256";"138 268 525";"B01";"3";"7";"3";"2";"3";"1";"1";""
"201900020256";"138 268 526";"A01";"3";"7";"0";"2";"3";"1";"1";""
"201900020257";"138 268 523";"A01";"1";"7";"0";"2";"2";"19";"1";""
"201900020257";"138 268 524";"B01";"2";"7";"0";"2";"1";"1";"1";""
"201900020258";"138 268 521";"A01";"2";"7";"0";"2";"8";"15";"1";""
"201900020258";"138 268 522";"B01";"2";"7";"0";"2";"1";"1";"1";""
"201900020259";"138 268 520";"A01";"2";"7";"13";"0";"2";"1";"1";""
"201900020260";"138 268 517";"A01";"2";"7";"0";"2";"1";"13";"1";""
"201900020260";"138 268 518";"B01";"1";"7";"0";"2";"3";"1";"1";""
"201900020260";"138 268 519";"C01";"2";"7";"0";"2";"1";"1";"1";""
"201900020261";"138 268 515";"A01";"1";"7";"0";"2";"8";"15";"1";""
"201900020261";"138 268 516";"A01";"3";"17";"0";"2";"1";"1";"1";""
"201900020262";"138 268 512";"A01";"1";"33";"0";"0";"8";"16";"1";""
"201900020262";"138 268 513";"B01";"1";"33";"2";"0";"9";"21";"1";""
"201900020262";"138 268 514";"C01";"1";"33";"2";"0";"9";"15";"1";""
"201900020263";"138 268 511";"A01";"0";"7";"14";"0";"3";"13";"1";""
"201900020264";"138 268 510";"A01";"0";"7";"0";"1";"4";"26";"1";""
"201900020265";"138 268 508";"A01";"2";"7";"0";"2";"2";"15";"1";""
"201900020265";"138 268 509";"B01";"1";"33";"0";"2";"1";"1";"1";""
"201900020266";"138 268 505";"A01";"2";"7";"0";"1";"1";"1";"0";""
"201900020267";"138 268 503";"B01";"2";"7";"0";"2";"3";"13";"1";""
"201900020267";"138 268 504";"A01";"1";"33";"0";"2";"1";"1";"1";""
"201900020268";"138 268 501";"A01";"3";"7";"0";"2";"2";"1";"1";""
"201900020268";"138 268 502";"B01";"3";"7";"0";"0";"5";"15";"1";""
"201900020269";"138 268 498";"C01";"2";"7";"14";"0";"1";"1";"1";""
"201900020269";"138 268 499";"B01";"2";"7";"0";"2";"3";"1";"1";""
"201900020269";"138 268 500";"A01";"1";"7";"0";"2";"3";"1";"1";""
"201900020270";"138 268 497";"A01";"3";"7";"6";"0";"3";"1";"1";""
"201900020271";"138 268 496";"A01";"3";"33";"6";"0";"2";"14";"1";""
"201900020272";"138 268 495";"A01";"3";"7";"17";"0";"2";"14";"1";""
"201900020273";"138 268 493";"B01";"2";"7";"0";"2";"1";"1";"1";""
"201900020273";"138 268 494";"A01";"1";"7";"0";"2";"1";"13";"1";""
"201900020274";"138 268 491";"B01";"2";"2";"0";"2";"1";"1";"1";""
"201900020274";"138 268 492";"A01";"0";"7";"0";"0";"3";"19";"1";""
"201900020275";"138 268 490";"A01";"2";"31";"3";"0";"0";"1";"1";""
"201900020276";"138 268 489";"A01";"2";"7";"6";"0";"2";"14";"1";""
"201900020277";"138 268 487";"A01";"2";"7";"0";"2";"1";"15";"1";""
"201900020277";"138 268 488";"B01";"1";"30";"0";"2";"1";"1";"1";""
"201900020278";"138 268 484";"C01";"2";"7";"0";"0";"3";"1";"1";""
"201900020278";"138 268 485";"B01";"1";"21";"0";"2";"6";"0";"1";""
"201900020278";"138 268 486";"A01";"1";"7";"0";"2";"3";"17";"1";""
"201900020279";"138 268 482";"B01";"1";"7";"0";"2";"3";"1";"1";""
"201900020279";"138 268 483";"A01";"2";"7";"0";"2";"3";"1";"1";""
"201900020280";"138 268 481";"A01";"1";"7";"0";"1";"3";"1";"1";""
"201900020281";"138 268 480";"A01";"2";"7";"8";"0";"8";"1";"1";""
"201900020282";"138 268 479";"A01";"1";"7";"0";"1";"3";"1";"1";""
"201900020283";"138 268 478";"A01";"3";"7";"0";"1";"1";"1";"1";""
"201900020284";"138 268 475";"B01";"1";"7";"0";"2";"8";"17";"1";""
"201900020284";"138 268 476";"A01";"1";"31";"0";"2";"7";"17";"1";""
"201900020285";"138 268 474";"A01";"1";"3";"13";"0";"1";"1";"1";""
"201900020286";"138 268 473";"A01";"0";"7";"13";"0";"1";"26";"0";""
"201900020287";"138 268 471";"B01";"2";"33";"0";"2";"2";"1";"1";""
"201900020287";"138 268 472";"A01";"1";"7";"0";"2";"6";"1";"1";""
"201900020288";"138 268 469";"A01";"0";"7";"6";"2";"3";"1";"1";""
"201900020288";"138 268 470";"B01";"3";"7";"0";"2";"1";"19";"1";""
"201900020289";"138 268 468";"A01";"2";"7";"15";"0";"1";"1";"1";""
"201900020290";"138 268 467";"A01";"3";"7";"2";"0";"7";"0";"1";""
"201900020291";"138 268 466";"A01";"2";"7";"2";"0";"1";"13";"1";""
"201900020292";"138 268 465";"A01";"1";"7";"8";"0";"3";"2";"1";""
"201900020293";"138 268 463";"A01";"2";"7";"0";"2";"1";"17";"1";""
"201900020293";"138 268 464";"B01";"2";"21";"0";"2";"4";"15";"1";""
"201900020294";"138 268 461";"A01";"2";"7";"0";"2";"2";"15";"1";""
"201900020294";"138 268 462";"B01";"1";"1";"0";"2";"1";"1";"5";""
"201900020295";"138 268 460";"A01";"2";"33";"12";"0";"1";"1";"1";""
"201900020296";"138 268 457";"A01";"2";"7";"0";"0";"4";"15";"1";""
"201900020296";"138 268 458";"B01";"2";"7";"0";"2";"1";"1";"1";""
"201900020296";"138 268 459";"C01";"2";"7";"0";"2";"1";"1";"1";""
"201900020297";"138 268 456";"A01";"1";"2";"0";"6";"1";"19";"1";""
"201900020298";"138 268 454";"A01";"1";"33";"0";"2";"1";"19";"1";""
"201900020298";"138 268 455";"B01";"2";"7";"0";"2";"1";"1";"1";""
"201900020299";"138 268 452";"B01";"2";"7";"0";"2";"3";"1";"1";""
"201900020299";"138 268 453";"A01";"1";"7";"0";"2";"1";"1";"1";""
"201900020300";"138 268 450";"B01";"1";"2";"0";"2";"2";"17";"6";""
"201900020300";"138 268 451";"A01";"1";"7";"0";"2";"8";"15";"6";""
"201900020301";"138 268 448";"A01";"3";"7";"0";"2";"3";"1";"1";""
"201900020301";"138 268 449";"B01";"3";"7";"0";"2";"3";"1";"1";""
"201900020302";"138 268 446";"A01";"1";"7";"0";"0";"8";"15";"1";""
"201900020302";"138 268 447";"B01";"2";"7";"0";"2";"1";"1";"1";""
"201900020303";"138 268 445";"A01";"2";"7";"2";"0";"7";"1";"1";""
"201900020304";"138 268 444";"A01";"2";"7";"2";"0";"3";"2";"1";""
"201900020305";"138 268 442";"B01";"1";"1";"0";"2";"8";"15";"5";""
"201900020305";"138 268 443";"A01";"1";"7";"0";"9";"1";"15";"1";""
"201900020306";"138 268 440";"B01";"2";"7";"0";"1";"3";"1";"1";""
"201900020306";"138 268 441";"A01";"2";"7";"3";"0";"3";"13";"1";""
"201900020307";"138 268 438";"A01";"1";"7";"0";"2";"1";"15";"1";""
"201900020307";"138 268 439";"B01";"1";"7";"0";"2";"3";"0";"1";""
"201900020308";"138 268 436";"B01";"1";"1";"0";"2";"8";"21";"0";""
"201900020308";"138 268 437";"A01";"2";"7";"0";"2";"1";"15";"0";""
"201900020309";"138 268 434";"B01";"2";"1";"0";"2";"6";"0";"5";""
"201900020309";"138 268 435";"A01";"2";"7";"0";"9";"2";"2";"1";""
"201900020310";"138 268 433";"A01";"1";"2";"15";"0";"1";"1";"1";""
"201900020311";"138 268 432";"A01";"2";"7";"16";"0";"9";"0";"1";""
"201900020312";"138 268 429";"B01";"2";"33";"0";"2";"7";"26";"1";""
"201900020312";"138 268 430";"A01";"2";"7";"0";"2";"3";"11";"1";""
"201900020313";"138 268 427";"B01";"3";"1";"0";"2";"1";"1";"5";""
"201900020313";"138 268 428";"A01";"3";"7";"0";"2";"1";"15";"1";""
"201900020314";"138 268 425";"B01";"2";"10";"0";"2";"1";"1";"1";""
"201900020314";"138 268 426";"A01";"2";"15";"0";"2";"4";"1";"1";""
"201900020315";"138 268 424";"A01";"2";"7";"13";"0";"1";"0";"1";""
"201900020316";"138 268 422";"B01";"0";"33";"0";"2";"1";"1";"0";""
"201900020316";"138 268 423";"A01";"0";"33";"0";"2";"8";"19";"1";""
"201900020317";"138 268 419";"C01";"1";"33";"0";"2";"1";"0";"1";""
"201900020317";"138 268 420";"B01";"1";"7";"0";"2";"1";"1";"1";""
"201900020317";"138 268 421";"A01";"1";"7";"0";"0";"4";"1";"1";""
"201900020318";"138 268 417";"B01";"3";"7";"0";"2";"1";"1";"1";""
"201900020318";"138 268 418";"A01";"3";"7";"0";"2";"1";"0";"1";""
"201900020319";"138 268 415";"A01";"2";"7";"0";"2";"5";"15";"1";""
"201900020319";"138 268 416";"B01";"1";"33";"0";"2";"1";"21";"1";""
"201900020320";"138 268 413";"A01";"1";"7";"0";"2";"1";"17";"1";""
"201900020320";"138 268 414";"B01";"2";"7";"0";"2";"1";"1";"1";""
"201900020321";"138 268 412";"A01";"1";"7";"2";"0";"1";"0";"1";""
"201900020322";"138 268 411";"A01";"0";"7";"3";"0";"0";"15";"1";""
"201900020323";"138 268 410";"A01";"3";"2";"1";"0";"0";"1";"1";""
"201900020324";"138 268 409";"A01";"2";"33";"16";"0";"7";"1";"0";""
"201900020325";"138 268 408";"A01";"2";"7";"6";"0";"1";"1";"1";""
"201900020326";"138 268 407";"A01";"0";"7";"6";"0";"2";"1";"1";""
"201900020327";"138 268 406";"A01";"3";"7";"7";"0";"2";"0";"1";""
"201900020328";"138 268 404";"B01";"3";"32";"0";"2";"2";"1";"1";""
"201900020328";"138 268 405";"A01";"3";"7";"0";"2";"3";"15";"1";""
"201900020329";"138 268 403";"A01";"3";"7";"15";"0";"1";"1";"0";""
"201900020330";"138 268 402";"A01";"2";"31";"13";"0";"1";"1";"1";""
"201900020331";"138 268 401";"A01";"3";"31";"15";"0";"1";"1";"1";""
"201900020332";"138 268 400";"A01";"0";"7";"2";"0";"1";"14";"1";""
"201900020333";"138 268 398";"A01";"2";"33";"14";"0";"1";"0";"0";""
"201900020334";"138 268 396";"B01";"2";"7";"0";"2";"2";"13";"1";""
"201900020334";"138 268 397";"A01";"1";"7";"0";"2";"2";"1";"1";""
"201900020335";"138 268 394";"A01";"1";"7";"3";"2";"7";"13";"1";""
"201900020335";"138 268 395";"B01";"2";"38";"0";"2";"1";"1";"1";"1"
"201900020336";"138 268 392";"A01";"2";"7";"0";"2";"1";"17";"1";""
"201900020336";"138 268 393";"B01";"1";"38";"0";"2";"1";"1";"1";"1"
"201900020337";"138 268 391";"A01";"2";"7";"1";"0";"1";"1";"1";""
"201900020338";"138 268 390";"A01";"0";"7";"0";"1";"3";"1";"0";""
"201900020339";"138 268 389";"A01";"2";"7";"8";"0";"1";"1";"1";""
"201900020340";"138 268 386";"A01";"0";"7";"0";"2";"2";"13";"0";""
"201900020340";"138 268 387";"B01";"0";"7";"0";"2";"1";"21";"0";""
"201900020340";"138 268 388";"C01";"0";"7";"0";"2";"6";"21";"0";""
"201900020341";"138 268 385";"A01";"3";"7";"6";"0";"1";"13";"1";""
"201900020342";"138 268 384";"A01";"3";"7";"0";"1";"3";"1";"0";""
"201900020343";"138 268 383";"A01";"2";"7";"0";"0";"2";"1";"1";""
"201900020344";"138 268 381";"B01";"1";"39";"0";"2";"1";"1";"1";""
"201900020344";"138 268 382";"A01";"2";"7";"0";"4";"7";"26";"1";""
"201900020345";"138 268 379";"B01";"1";"7";"0";"2";"3";"1";"1";""
"201900020345";"138 268 380";"A01";"2";"7";"0";"2";"3";"13";"1";""
"201900020346";"138 268 378";"A01";"0";"7";"17";"0";"1";"1";"1";""
"201900020347";"138 268 377";"A01";"1";"2";"0";"0";"8";"0";"1";""
"201900020348";"138 268 375";"A01";"2";"7";"0";"2";"3";"2";"0";""
"201900020348";"138 268 376";"B01";"2";"2";"0";"0";"4";"2";"0";""
"201900020349";"138 268 374";"A01";"3";"1";"0";"0";"0";"0";"5";""
"201900020350";"138 268 373";"A01";"3";"7";"2";"0";"1";"1";"1";""
"201900020351";"138 268 372";"A01";"1";"7";"0";"0";"9";"1";"1";""
"201900020352";"138 268 371";"A01";"2";"7";"0";"1";"1";"0";"1";""
"201900020353";"138 268 369";"B01";"0";"7";"0";"2";"1";"1";"1";""
"201900020353";"138 268 370";"A01";"0";"7";"0";"2";"1";"17";"1";""
"201900020354";"138 268 367";"B01";"1";"7";"13";"2";"2";"2";"1";""
"201900020354";"138 268 368";"A01";"1";"7";"0";"2";"1";"15";"1";""
"201900020355";"138 268 365";"B01";"2";"33";"1";"0";"1";"2";"0";""
"201900020355";"138 268 366";"A01";"2";"7";"0";"2";"4";"23";"1";""
"201900020356";"138 268 361";"D01";"1";"32";"0";"2";"1";"2";"1";""
"201900020356";"138 268 362";"C01";"1";"32";"0";"2";"1";"2";"1";""
"201900020356";"138 268 363";"B01";"1";"10";"0";"2";"1";"2";"1";""