"Num_Acc";"id_vehicule";"num_veh";"senc";"catv";"obs";"obsm";"choc";"manv";"motor";"occutc"
"201900020549";"138 267 980";"B01";"1";"7";"0";"2";"5";"1";"1";""
"201900020549";"138 267 981";"A01";"1";"34";"0";"2";"8";"1";"1";""
"201900020550";"138 267 978";"A01";"1";"30";"0";"2";"7";"21";"1";""
"201900020550";"138 267 979";"B01";"1";"7";"0";"2";"8";"10";"1";""
"201900020551";"138 267 977";"A01";"1";"30";"8";"0";"1";"13";"0";""
"201900020552";"138 267 975";"B01";"1";"33";"0";"2";"7";"3";"1";""
"201900020552";"138 267 976";"A01";"1";"7";"0";"2";"8";"11";"1";""
"201900020553";"138 267 973";"B01";"2";"7";"0";"2";"4";"23";"1";""
"201900020553";"138 267 974";"A01";"2";"32";"0";"2";"1";"2";"1";""
"201900020554";"138 267 970";"A01";"3";"7";"1";"0";"2";"1";"1";""
"201900020554";"138 267 971";"B01";"3";"7";"0";"2";"4";"23";"1";""
"201900020554";"138 267 972";"C01";"3";"7";"0";"2";"4";"23";"1";""
"201900020555";"138 267 968";"B01";"0";"3";"0";"2";"3";"13";"0";""
"201900020555";"138 267 969";"A01";"2";"3";"0";"2";"3";"1";"0";""
"201900020556";"138 267 966";"A01";"3";"7";"0";"2";"1";"9";"0";""
"201900020556";"138 267 967";"B01";"3";"7";"0";"0";"0";"0";"0";""
"201900020557";"138 267 964";"A01";"0";"32";"0";"2";"1";"16";"6";""
"201900020557";"138 267 965";"B01";"0";"7";"0";"2";"8";"13";"1";""
"201900020558";"138 267 962";"A01";"1";"7";"0";"2";"3";"9";"1";""
"201900020558";"138 267 963";"B01";"2";"34";"0";"2";"1";"1";"1";""
"201900020559";"138 267 961";"A01";"1";"7";"0";"1";"3";"26";"1";""
"201900020560";"138 267 959";"B01";"3";"7";"0";"2";"5";"1";"1";""
"201900020560";"138 267 960";"A01";"3";"7";"0";"2";"1";"1";"1";""
"201900020561";"138 267 957";"A01";"2";"7";"1";"0";"1";"14";"1";""
"201900020561";"138 267 958";"B01";"0";"7";"0";"0";"1";"24";"1";""
"201900020562";"138 267 955";"A01";"2";"10";"0";"0";"7";"15";"1";""
"201900020563";"138 267 953";"B01";"0";"33";"0";"0";"0";"0";"1";""
"201900020563";"138 267 954";"A01";"0";"3";"0";"2";"8";"15";"1";""
"201900020564";"138 267 951";"B01";"2";"7";"0";"0";"6";"15";"1";""
"201900020564";"138 267 952";"A01";"2";"7";"0";"2";"3";"17";"1";""
"201900020565";"138 267 949";"B01";"3";"7";"0";"2";"2";"15";"1";""
"201900020565";"138 267 950";"A01";"3";"80";"0";"2";"8";"1";"3";""
"201900020566";"138 267 948";"A01";"3";"1";"0";"1";"1";"2";"5";""
"201900020567";"138 267 946";"A01";"2";"7";"0";"0";"4";"11";"1";""
"201900020567";"138 267 947";"B01";"2";"7";"0";"2";"1";"1";"1";""
"201900020568";"138 267 945";"A01";"2";"33";"3";"0";"7";"1";"1";""
"201900020569";"138 267 944";"A01";"3";"33";"0";"0";"0";"0";"0";""
"201900020570";"138 267 943";"A01";"3";"7";"6";"0";"0";"1";"0";""
"201900020571";"138 267 942";"A01";"2";"7";"13";"0";"1";"1";"1";""
"201900020572";"138 267 940";"B01";"1";"13";"0";"0";"8";"23";"1";""
"201900020572";"138 267 941";"A01";"2";"7";"0";"2";"3";"13";"1";""
"201900020573";"138 267 937";"A01";"1";"7";"0";"2";"1";"13";"0";""
"201900020573";"138 267 938";"B01";"2";"7";"0";"2";"3";"15";"0";""
"201900020573";"138 267 939";"C01";"1";"7";"0";"2";"3";"16";"0";""
"201900020574";"138 267 936";"A01";"0";"7";"8";"0";"1";"1";"1";""
"201900020575";"138 267 935";"A01";"2";"17";"13";"0";"1";"1";"1";""
"201900020576";"138 267 933";"A01";"0";"7";"0";"0";"1";"1";"0";""
"201900020577";"138 267 932";"A01";"0";"7";"2";"0";"1";"21";"1";""
"201900020578";"138 267 931";"A01";"1";"2";"13";"0";"1";"1";"0";""
"201900020579";"138 267 929";"B01";"2";"7";"0";"2";"1";"1";"1";""
"201900020579";"138 267 930";"A01";"0";"7";"0";"2";"3";"19";"1";""
"201900020580";"138 267 928";"A01";"2";"7";"8";"0";"1";"26";"1";""
"201900020581";"138 267 927";"A01";"2";"33";"13";"0";"0";"1";"1";""
"201900020582";"138 267 925";"A01";"2";"7";"0";"2";"2";"15";"1";""
"201900020582";"138 267 926";"B01";"1";"7";"0";"2";"1";"1";"1";""
"201900020583";"138 267 921";"A01";"1";"1";"0";"2";"0";"2";"6";""
"201900020583";"138 267 922";"B01";"1";"7";"0";"2";"0";"17";"0";""
"201900020583";"138 267 923";"C01";"1";"7";"0";"2";"6";"23";"1";""
"201900020583";"138 267 924";"D01";"1";"7";"1";"0";"2";"2";"1";""
"201900020584";"138 267 920";"A01";"1";"15";"6";"1";"1";"1";"1";""
"201900020585";"138 267 919";"A01";"1";"7";"13";"0";"1";"1";"1";""
"201900020586";"138 267 918";"A01";"1";"7";"0";"1";"1";"1";"1";""
"201900020587";"138 267 917";"A01";"1";"7";"2";"0";"1";"1";"1";""
"201900020588";"138 267 916";"A01";"2";"7";"2";"0";"1";"1";"1";""
"201900020589";"138 267 915";"A01";"1";"7";"2";"0";"3";"13";"1";""
"201900020590";"138 267 914";"A01";"2";"7";"3";"0";"1";"0";"1";""
"201900020591";"138 267 913";"A01";"1";"7";"0";"1";"1";"0";"0";""
"201900020592";"138 267 912";"A01";"1";"7";"0";"1";"1";"19";"1";""
"201900020593";"138 267 910";"B01";"1";"7";"3";"0";"3";"2";"1";""
"201900020593";"138 267 911";"A01";"1";"7";"14";"1";"1";"2";"1";""
"201900020594";"138 267 908";"B01";"1";"17";"0";"2";"1";"1";"1";""
"201900020594";"138 267 909";"A01";"2";"10";"0";"2";"1";"13";"1";""
"201900020595";"138 267 907";"A01";"2";"7";"3";"0";"8";"1";"1";""
"201900020596";"138 267 901";"F01";"2";"7";"0";"2";"0";"1";"1";""
"201900020596";"138 267 902";"E01";"2";"7";"0";"2";"7";"1";"1";""
"201900020596";"138 267 903";"D01";"2";"7";"0";"2";"0";"1";"1";""
"201900020596";"138 267 904";"C01";"2";"7";"0";"2";"6";"1";"1";""
"201900020596";"138 267 905";"B01";"2";"7";"0";"2";"4";"1";"1";""
"201900020596";"138 267 906";"A01";"2";"7";"4";"2";"1";"0";"1";""
"201900020597";"138 267 899";"A01";"2";"10";"0";"2";"3";"15";"1";""
"201900020597";"138 267 900";"B01";"1";"2";"0";"2";"1";"1";"1";""
"201900020598";"138 267 898";"A01";"3";"7";"0";"1";"6";"26";"1";""
"201900020599";"138 267 896";"A01";"1";"7";"0";"2";"1";"13";"1";""
"201900020599";"138 267 897";"B01";"2";"7";"0";"2";"1";"1";"1";""
"201900020600";"138 267 895";"A01";"1";"7";"0";"1";"2";"1";"1";""
"201900020601";"138 267 894";"A01";"3";"7";"8";"0";"1";"1";"1";""
"201900020602";"138 267 893";"A01";"2";"7";"2";"0";"7";"0";"6";""
"201900020603";"138 267 891";"B01";"1";"7";"0";"2";"2";"15";"1";""
"201900020603";"138 267 892";"A01";"2";"32";"0";"2";"1";"1";"1";""
"201900020604";"138 267 889";"A01";"2";"7";"0";"2";"3";"1";"1";""
"201900020604";"138 267 890";"B01";"1";"7";"0";"2";"8";"15";"1";""
"201900020605";"138 267 887";"B01";"2";"7";"0";"2";"1";"1";"1";""
"201900020605";"138 267 888";"A01";"1";"7";"0";"2";"1";"17";"1";""
"201900020606";"138 267 886";"A01";"1";"7";"2";"0";"1";"14";"0";""
"201900020607";"138 267 885";"A01";"1";"7";"0";"0";"0";"1";"0";""
"201900020608";"138 267 883";"B01";"2";"7";"0";"2";"3";"1";"1";""
"201900020608";"138 267 884";"A01";"2";"2";"0";"0";"4";"1";"1";""
"201900020609";"138 267 879";"D01";"2";"7";"0";"2";"6";"1";"1";""
"201900020609";"138 267 880";"C01";"2";"7";"0";"2";"2";"1";"1";""
"201900020609";"138 267 881";"B01";"1";"14";"0";"2";"3";"1";"1";""
"201900020609";"138 267 882";"A01";"2";"7";"0";"2";"3";"13";"0";""
"201900020610";"138 267 878";"A01";"1";"10";"8";"0";"2";"0";"1";""
"201900020611";"138 267 876";"A01";"0";"7";"0";"2";"8";"13";"1";""
"201900020611";"138 267 877";"B01";"0";"15";"0";"2";"3";"1";"1";""
"201900020612";"138 267 874";"B01";"2";"2";"0";"2";"2";"17";"0";""
"201900020612";"138 267 875";"A01";"2";"7";"0";"2";"8";"15";"0";""
"201900020613";"138 267 872";"A01";"2";"33";"0";"2";"7";"1";"1";""
"201900020613";"138 267 873";"B01";"2";"7";"0";"2";"1";"15";"1";""
"201900020614";"138 267 871";"A01";"0";"7";"1";"0";"1";"0";"0";""
"201900020615";"138 267 869";"A01";"2";"7";"0";"2";"3";"15";"1";""
"201900020615";"138 267 870";"B01";"1";"7";"0";"2";"1";"1";"1";""
"201900020616";"138 267 867";"A01";"0";"2";"0";"2";"0";"17";"1";""
"201900020616";"138 267 868";"B01";"0";"14";"0";"2";"3";"15";"1";""
"201900020617";"138 267 865";"A01";"2";"7";"0";"2";"1";"19";"1";""
"201900020617";"138 267 866";"B01";"1";"7";"0";"2";"7";"1";"1";""
"201900020618";"138 267 864";"A01";"1";"2";"0";"1";"1";"1";"1";""
"201900020619";"138 267 862";"A01";"0";"7";"0";"2";"3";"13";"0";""
"201900020619";"138 267 863";"B01";"0";"7";"0";"2";"3";"1";"0";""
"201900020620";"138 267 858";"D01";"1";"7";"0";"2";"2";"1";"1";""
"201900020620";"138 267 859";"C01";"1";"7";"0";"2";"3";"1";"1";""
"201900020620";"138 267 860";"B01";"2";"7";"0";"2";"3";"1";"1";""
"201900020620";"138 267 861";"A01";"1";"7";"0";"2";"3";"1";"1";""
"201900020621";"138 267 857";"A01";"2";"7";"2";"0";"1";"1";"2";""
"201900020622";"138 267 856";"A01";"1";"7";"16";"0";"3";"1";"1";""
"201900020623";"138 267 855";"A01";"1";"7";"13";"0";"7";"1";"1";""
"201900020624";"138 267 853";"B01";"2";"7";"0";"0";"3";"0";"1";""
"201900020624";"138 267 854";"A01";"1";"15";"0";"0";"8";"21";"1";""
"201900020625";"138 267 850";"B01";"2";"7";"0";"2";"1";"1";"1";""
"201900020625";"138 267 851";"A01";"1";"7";"0";"2";"5";"1";"1";""
"201900020626";"138 267 849";"A01";"2";"7";"2";"0";"8";"14";"1";""
"201900020627";"138 267 847";"A01";"1";"7";"0";"2";"3";"5";"1";""
"201900020627";"138 267 848";"B01";"2";"7";"0";"2";"3";"5";"1";""
"201900020628";"138 267 846";"A01";"3";"7";"0";"1";"1";"20";"1";""
"201900020629";"138 267 845";"A01";"2";"7";"13";"0";"2";"14";"1";""
"201900020630";"138 267 843";"A01";"2";"7";"0";"2";"2";"1";"1";""
"201900020630";"138 267 844";"B01";"2";"1";"0";"2";"4";"2";"5";""
"201900020631";"138 267 841";"B01";"2";"7";"0";"2";"3";"1";"1";""
"201900020631";"138 267 842";"A01";"1";"7";"0";"2";"1";"21";"1";""
"201900020632";"138 267 838";"A01";"2";"7";"0";"2";"3";"0";"1";""
"201900020632";"138 267 839";"B01";"1";"7";"0";"2";"2";"1";"1";""
"201900020632";"138 267 840";"C01";"1";"7";"0";"2";"2";"1";"1";""
"201900020633";"138 267 836";"B01";"1";"15";"0";"2";"6";"24";"1";""
"201900020633";"138 267 837";"A01";"1";"10";"1";"2";"1";"14";"1";""
"201900020634";"138 267 834";"B01";"2";"7";"0";"0";"6";"15";"1";""
"201900020634";"138 267 835";"A01";"2";"33";"0";"2";"1";"17";"1";""
"201900020635";"138 267 832";"A01";"2";"30";"0";"0";"4";"1";"1";""
"201900020635";"138 267 833";"B01";"2";"7";"0";"2";"1";"12";"1";""
"201900020636";"138 267 830";"A01";"1";"7";"0";"9";"3";"9";"1";""
"201900020636";"138 267 831";"B01";"2";"2";"0";"2";"7";"15";"1";""
"201900020637";"138 267 828";"A01";"2";"7";"0";"2";"3";"15";"0";""
"201900020637";"138 267 829";"B01";"1";"2";"0";"2";"1";"1";"0";""
"201900020638";"138 267 827";"A01";"2";"7";"0";"1";"3";"1";"1";""
"201900020639";"138 267 826";"A01";"0";"33";"12";"0";"1";"1";"1";""
"201900020640";"138 267 824";"B01";"2";"33";"0";"2";"1";"1";"1";""
"201900020640";"138 267 825";"A01";"2";"33";"0";"0";"4";"16";"1";""
"201900020641";"138 267 822";"B01";"1";"7";"0";"2";"2";"17";"1";""
"201900020641";"138 267 823";"A01";"1";"7";"13";"2";"6";"13";"1";""
"201900020642";"138 267 821";"A01";"3";"7";"3";"0";"0";"1";"1";""
"201900020643";"138 267 820";"A01";"2";"7";"2";"0";"8";"1";"1";""
"201900020644";"138 267 818";"A01";"1";"7";"0";"2";"2";"1";"1";""
"201900020644";"138 267 819";"B01";"1";"7";"0";"0";"6";"1";"1";""
"201900020645";"138 267 816";"B01";"1";"7";"0";"2";"3";"1";"1";""
"201900020645";"138 267 817";"A01";"2";"7";"0";"2";"2";"15";"1";""
"201900020646";"138 267 812";"A01";"1";"7";"6";"0";"1";"1";"1";""
"201900020647";"138 267 810";"B01";"1";"7";"0";"2";"3";"1";"1";""
"201900020647";"138 267 811";"A01";"1";"30";"0";"2";"1";"1";"1";""
"201900020648";"138 267 809";"A01";"2";"7";"8";"0";"8";"21";"1";""
"201900020649";"138 267 808";"A01";"0";"7";"0";"1";"3";"2";"1";""
"201900020650";"138 267 807";"A01";"0";"7";"0";"1";"3";"2";"1";""
"201900020651";"138 267 805";"A01";"2";"7";"0";"2";"2";"1";"1";""
"201900020651";"138 267 806";"B01";"2";"7";"0";"2";"6";"1";"1";""
"201900020652";"138 267 804";"A01";"1";"7";"3";"0";"2";"1";"1";""
"201900020653";"138 267 802";"A01";"1";"30";"6";"0";"8";"13";"1";""
"201900020654";"138 267 801";"A01";"1";"7";"17";"0";"1";"0";"1";""
"201900020655";"138 267 797";"C01";"1";"7";"0";"2";"1";"1";"1";""
"201900020655";"138 267 798";"B01";"1";"7";"0";"2";"1";"1";"1";""
"201900020655";"138 267 799";"A01";"1";"7";"0";"2";"3";"1";"1";""
"201900020656";"138 267 796";"A01";"2";"33";"0";"0";"8";"1";"1";""
"201900020657";"138 267 792";"B01";"2";"7";"0";"2";"1";"11";"1";""
"201900020657";"138 267 793";"A01";"2";"7";"0";"2";"4";"2";"1";""
"201900020658";"138 267 789";"C01";"1";"10";"0";"2";"3";"11";"1";""
"201900020658";"138 267 790";"B01";"1";"10";"0";"2";"3";"2";"1";""
"201900020658";"138 267 791";"A01";"1";"10";"0";"2";"5";"2";"1";""
"201900020659";"138 267 787";"Z01";"1";"0";"0";"1";"0";"0";"0";""
"201900020659";"138 267 788";"A01";"1";"7";"0";"0";"0";"0";"1";""
"201900020660";"138 267 784";"C01";"2";"7";"0";"2";"1";"11";"1";""
"201900020660";"138 267 785";"B01";"2";"7";"0";"2";"7";"1";"1";""
"201900020660";"138 267 786";"A01";"2";"7";"0";"2";"4";"9";"1";""
"201900020661";"138 267 781";"A01";"2";"7";"0";"2";"4";"1";"1";""
"201900020661";"138 267 782";"B01";"2";"7";"0";"2";"4";"1";"1";""
"201900020661";"138 267 783";"C01";"2";"7";"0";"2";"1";"2";"1";""
"201900020662";"138 267 780";"A01";"1";"33";"0";"0";"7";"3";"1";""
"201900020663";"138 267 776";"D01";"1";"7";"0";"2";"1";"1";"1";""
"201900020663";"138 267 777";"C01";"1";"7";"0";"2";"9";"1";"1";""
"201900020663";"138 267 778";"B01";"1";"10";"0";"2";"9";"1";"1";""
"201900020663";"138 267 779";"A01";"1";"7";"0";"2";"4";"1";"1";""
"201900020664";"138 267 774";"A01";"1";"7";"0";"2";"5";"1";"1";""
"201900020664";"138 267 775";"B01";"1";"7";"0";"2";"3";"21";"1";""
"201900020665";"138 267 772";"A01";"1";"7";"7";"2";"1";"2";"1";""
"201900020665";"138 267 773";"B01";"1";"7";"0";"2";"4";"1";"1";""
"201900020666";"138 267 769";"C01";"1";"7";"0";"2";"4";"1";"1";""
"201900020666";"138 267 770";"B01";"1";"7";"0";"2";"6";"1";"1";""
"201900020666";"138 267 771";"A01";"1";"7";"0";"2";"2";"14";"1";""
"201900020667";"138 267 768";"A01";"0";"31";"0";"0";"7";"16";"1";""
"201900020668";"138 267 764";"A01";"2";"10";"0";"2";"4";"1";"1";""
"201900020668";"138 267 765";"B01";"2";"7";"0";"2";"4";"2";"1";""
"201900020668";"138 267 766";"C01";"2";"7";"0";"2";"4";"2";"1";""
"201900020668";"138 267 767";"D01";"2";"7";"0";"2";"1";"0";"1";""
"201900020669";"138 267 762";"B01";"2";"7";"0";"2";"4";"12";"1";""
"201900020669";"138 267 763";"A01";"2";"7";"0";"2";"1";"2";"1";""
"201900020670";"138 267 760";"B01";"2";"7";"3";"2";"6";"1";"1";""
"201900020670";"138 267 761";"A01";"2";"7";"3";"2";"2";"14";"1";""
"201900020671";"138 267 755";"A01";"1";"14";"0";"2";"1";"1";"1";""
"201900020671";"138 267 756";"B01";"1";"14";"0";"2";"4";"2";"1";""
"201900020671";"138 267 757";"C01";"1";"7";"0";"2";"4";"23";"1";""
"201900020671";"138 267 758";"D01";"1";"10";"0";"2";"4";"2";"1";""
"201900020671";"138 267 759";"E01";"1";"7";"0";"2";"1";"2";"1";""
"201900020672";"138 267 753";"A01";"1";"7";"0";"2";"1";"2";"1";""
"201900020672";"138 267 754";"B01";"1";"7";"0";"2";"5";"2";"1";""
"201900020673";"138 267 751";"Z01";"1";"10";"0";"2";"2";"2";"1";""
"201900020673";"138 267 752";"B01";"1";"7";"0";"2";"6";"1";"1";""
"201900020674";"138 267 749";"A01";"2";"7";"0";"2";"0";"14";"1";""
"201900020674";"138 267 750";"B01";"2";"7";"0";"2";"0";"1";"1";""
"201900020675";"138 267 746";"A01";"2";"17";"0";"2";"2";"1";"1";""
"201900020675";"138 267 747";"B01";"2";"7";"0";"2";"6";"11";"1";""
"201900020675";"138 267 748";"C01";"2";"7";"0";"2";"1";"1";"1";""
"201900020676";"138 267 741";"B01";"2";"7";"0";"2";"8";"1";"1";""
"201900020676";"138 267 742";"D01";"2";"7";"0";"6";"0";"5";"1";""
"201900020676";"138 267 743";"E01";"2";"7";"0";"2";"6";"5";"1";""
"201900020676";"138 267 744";"C01";"1";"7";"0";"6";"1";"5";"1";""
"201900020676";"138 267 745";"A01";"2";"10";"4";"2";"7";"12";"1";""
"201900020677";"138 267 740";"A01";"2";"10";"8";"0";"1";"1";"1";""
"201900020678";"138 267 739";"A01";"2";"3";"0";"0";"2";"21";"1";""
"201900020679";"138 267 736";"B01";"2";"33";"0";"2";"1";"26";"1";""
"201900020679";"138 267 737";"C01";"2";"7";"0";"2";"5";"2";"1";""
"201900020679";"138 267 738";"A01";"2";"7";"0";"2";"3";"11";"1";""
"201900020680";"138 267 735";"A01";"1";"7";"2";"0";"5";"1";"0";""
"201900020681";"138 267 734";"A01";"2";"7";"16";"0";"1";"26";"1";""
"201900020682";"138 267 732";"B01";"1";"7";"0";"2";"8";"1";"1";""
"201900020682";"138 267 733";"A01";"1";"7";"0";"2";"2";"11";"1";""
"201900020683";"138 267 729";"B01";"1";"7";"0";"2";"6";"11";"0";""
"201900020683";"138 267 730";"C01";"1";"15";"0";"2";"4";"1";"0";""
"201900020683";"138 267 731";"A01";"1";"15";"0";"2";"2";"1";"0";""
"201900020684";"138 267 727";"A01";"1";"15";"0";"2";"2";"12";"0";""
"201900020684";"138 267 728";"B01";"1";"7";"0";"2";"8";"1";"0";""
"201900020685";"138 267 725";"B01";"2";"7";"0";"2";"5";"1";"1";""
"201900020685";"138 267 726";"A01";"2";"7";"4";"2";"3";"1";"1";""
"201900020686";"138 267 723";"B01";"1";"7";"0";"2";"7";"1";"1";""
"201900020686";"138 267 724";"A01";"1";"7";"0";"2";"8";"13";"1";""
"201900020687";"138 267 721";"A01";"2";"31";"0";"2";"1";"2";"1";""
"201900020687";"138 267 722";"B01";"2";"7";"0";"2";"5";"2";"1";""
"201900020688";"138 267 718";"A01";"1";"7";"0";"2";"3";"21";"1";""
"201900020688";"138 267 719";"B01";"1";"7";"0";"2";"7";"2";"1";""
"201900020688";"138 267 720";"C01";"1";"7";"0";"2";"3";"2";"1";""
"201900020689";"138 267 716";"A01";"1";"17";"0";"2";"1";"12";"1";""
"201900020689";"138 267 717";"B01";"1";"7";"0";"2";"8";"0";"1";""
"201900020690";"138 267 715";"A01";"2";"43";"0";"0";"8";"21";"1";""
"201900020691";"138 267 714";"A01";"2";"7";"4";"0";"8";"2";"1";""
"201900020692";"138 267 712";"B01";"2";"7";"0";"2";"4";"2";"1";""
"201900020692";"138 267 713";"A01";"2";"7";"3";"2";"1";"2";"1";""
"201900020693";"138 267 711";"B01";"2";"14";"1";"0";"2";"1";"1";""
"201900020694";"138 267 710";"A01";"1";"7";"4";"0";"3";"1";"1";""
"201900020695";"138 267 709";"A01";"1";"7";"4";"0";"5";"11";"1";""
"201900020696";"138 267 707";"A01";"1";"7";"0";"2";"5";"14";"2";""
"201900020696";"138 267 708";"B01";"1";"33";"0";"2";"3";"1";"1";""
"201900020697";"138 267 704";"C01";"2";"7";"0";"2";"4";"23";"1";""
"201900020697";"138 267 705";"B01";"2";"7";"0";"2";"4";"23";"1";""
"201900020697";"138 267 706";"A01";"2";"10";"1";"0";"1";"2";"1";""
"201900020698";"138 267 702";"A01";"2";"10";"0";"2";"8";"11";"1";""
"201900020698";"138 267 703";"B01";"2";"31";"0";"2";"7";"1";"1";""
"201900020699";"138 267 698";"B01";"2";"7";"0";"2";"1";"1";"1";""
"201900020699";"138 267 699";"C01";"2";"7";"0";"2";"4";"1";"1";""
"201900020699";"138 267 700";"A01";"2";"7";"0";"2";"1";"18";"1";""
"201900020700";"138 267 696";"B01";"2";"7";"0";"2";"2";"1";"1";""
"201900020700";"138 267 697";"A01";"2";"7";"0";"2";"3";"11";"1";""
"201900020701";"138 267 694";"A01";"2";"10";"3";"2";"1";"2";"1";""
"201900020701";"138 267 695";"B01";"2";"14";"0";"2";"4";"2";"1";""
"201900020702";"138 267 690";"C01";"2";"7";"1";"2";"4";"26";"0";""
"201900020702";"138 267 691";"A01";"2";"10";"0";"0";"1";"26";"0";""
"201900020702";"138 267 692";"D01";"2";"13";"0";"0";"4";"23";"0";""
"201900020702";"138 267 693";"B01";"2";"7";"0";"0";"4";"26";"0";""
"201900020703";"138 267 689";"A01";"2";"31";"0";"2";"0";"3";"1";""
"201900020704";"138 267 687";"A01";"2";"33";"0";"2";"1";"3";"1";""
"201900020704";"138 267 688";"B01";"2";"7";"0";"0";"4";"11";"1";""
"201900020705";"138 267 685";"A01";"2";"7";"0";"0";"6";"11";"1";""
"201900020705";"138 267 686";"B01";"2";"43";"0";"2";"1";"3";"1";""
"201900020706";"138 267 683";"A01";"2";"7";"0";"2";"4";"2";"1";""
"201900020706";"138 267 684";"B01";"2";"7";"0";"0";"1";"2";"1";""
"201900020707";"138 267 682";"A01";"1";"10";"3";"0";"2";"1";"1";""
"201900020708";"138 267 680";"B01";"1";"7";"0";"2";"5";"23";"1";""
"201900020708";"138 267 681";"A01";"1";"7";"0";"2";"1";"2";"1";""
"201900020709";"138 267 679";"A01";"1";"7";"0";"1";"1";"15";"1";""
"201900020710";"138 267 677";"B01";"0";"7";"0";"0";"3";"0";"1";""
"201900020710";"138 267 678";"A01";"3";"7";"0";"0";"3";"0";"1";""
"201900020711";"138 267 675";"A01";"0";"7";"0";"2";"2";"1";"1";""
"201900020711";"138 267 676";"B01";"0";"7";"6";"2";"2";"1";"1";""
"201900020712";"138 267 674";"A01";"3";"1";"0";"0";"0";"1";"5";""
"201900020713";"138 267 672";"B01";"2";"1";"0";"2";"1";"1";"5";""
"201900020713";"138 267 673";"A01";"2";"7";"0";"2";"8";"22";"1";""
"201900020714";"138 267 669";"A01";"2";"30";"0";"1";"1";"17";"1";""
"201900020715";"138 267 666";"A01";"1";"33";"12";"0";"7";"20";"1";""
"201900020716";"138 267 665";"A01";"2";"7";"3";"0";"1";"13";"1";""
"201900020717";"138 267 664";"A01";"3";"7";"12";"0";"1";"16";"1";""
"201900020718";"138 267 663";"A01";"2";"7";"4";"0";"1";"17";"1";""
"201900020719";"138 267 660";"C01";"3";"7";"0";"2";"1";"1";"1";""
"201900020719";"138 267 661";"B01";"3";"33";"0";"2";"9";"0";"1";""
"201900020719";"138 267 662";"A01";"3";"7";"0";"2";"3";"26";"1";""
"201900020720";"138 267 658";"B01";"0";"7";"0";"2";"1";"15";"1";""
"201900020720";"138 267 659";"A01";"0";"30";"0";"2";"1";"17";"1";""
"201900020721";"138 267 657";"A01";"1";"30";"14";"1";"1";"1";"1";""
"201900020722";"138 267 655";"A01";"1";"1";"0";"2";"7";"19";"5";""
"201900020722";"138 267 656";"B01";"1";"2";"0";"2";"1";"1";"1";""
"201900020723";"138 267 654";"A01";"2";"32";"0";"1";"1";"1";"1";""
"201900020724";"138 267 652";"A01";"2";"30";"0";"2";"8";"1";"1";""
"201900020724";"138 267 653";"B01";"2";"30";"0";"2";"7";"1";"1";""
"201900020725";"138 267 651";"A01";"2";"7";"0";"1";"3";"1";"1";""
"201900020726";"138 267 650";"A01";"3";"10";"12";"0";"3";"13";"1";""
"201900020727";"138 267 648";"B01";"2";"13";"0";"2";"2";"1";"1";""
"201900020727";"138 267 649";"A01";"1";"7";"0";"2";"2";"0";"1";""
"201900020728";"138 267 646";"A01";"1";"7";"0";"2";"2";"14";"0";""
"201900020728";"138 267 647";"B01";"2";"2";"0";"2";"2";"26";"0";""
"201900020729";"138 267 643";"A01";"2";"34";"0";"2";"1";"21";"1";""
"201900020729";"138 267 644";"C01";"2";"7";"0";"2";"3";"1";"1";""
"201900020729";"138 267 645";"B01";"2";"7";"0";"2";"5";"2";"1";""
"201900020730";"138 267 640";"B01";"2";"7";"0";"2";"4";"2";"1";""
"201900020730";"138 267 641";"C01";"2";"7";"0";"2";"4";"2";"1";""
"201900020730";"138 267 642";"A01";"2";"7";"0";"2";"1";"2";"1";""
"201900020731";"138 267 639";"A01";"1";"7";"0";"1";"3";"1";"1";""
"201900020732";"138 267 637";"A01";"1";"7";"0";"2";"3";"26";"1";""
"201900020732";"138 267 638";"B01";"2";"7";"0";"2";"2";"19";"1";""
"201900020733";"138 267 636";"A01";"1";"7";"0";"1";"2";"1";"2";""
"201900020734";"138 267 635";"A01";"2";"7";"0";"1";"2";"1";"1";""
"201900020735";"138 267 633";"A01";"3";"7";"0";"6";"3";"10";"0";""
"201900020735";"138 267 634";"B01";"3";"31";"0";"2";"3";"1";"0";""
"201900020736";"138 267 631";"B01";"1";"7";"0";"2";"4";"1";"0";""
"201900020736";"138 267 632";"A01";"1";"7";"0";"2";"1";"1";"1";""
"201900020737";"138 267 630";"A01";"1";"7";"8";"0";"2";"16";"1";""
"201900020738";"138 267 628";"A01";"3";"7";"0";"2";"5";"15";"1";""
"201900020738";"138 267 629";"B01";"3";"1";"0";"2";"0";"0";"5";""
"201900020739";"138 267 627";"A01";"2";"7";"0";"1";"3";"1";"0";""
"201900020740";"138 267 626";"A01";"2";"33";"0";"1";"2";"1";"1";""
"201900020741";"138 267 623";"C01";"3";"7";"0";"2";"4";"23";"1";""
"201900020741";"138 267 624";"B01";"3";"7";"0";"2";"4";"23";"1";""
"201900020741";"138 267 625";"A01";"3";"7";"0";"2";"2";"1";"1";""
"201900020742";"138 267 622";"A01";"1";"10";"0";"1";"2";"1";"1";""
"201900020743";"138 267 621";"A01";"3";"7";"0";"1";"1";"1";"1";""
"201900020744";"138 267 619";"B01";"2";"2";"0";"2";"1";"1";"1";""