"Num_Acc";"id_vehicule";"num_veh";"senc";"catv";"obs";"obsm";"choc";"manv";"motor";"occutc"
"201900020744";"138 267 620";"A01";"1";"7";"0";"2";"3";"15";"1";""
"201900020745";"138 267 618";"A01";"1";"7";"0";"1";"1";"1";"1";""
"201900020746";"138 267 616";"A01";"3";"7";"0";"2";"3";"13";"1";""
"201900020746";"138 267 617";"B01";"3";"7";"0";"2";"3";"1";"1";""
"201900020747";"138 267 615";"A01";"1";"10";"0";"4";"0";"26";"1";""
"201900020748";"138 267 613";"B01";"2";"7";"0";"2";"6";"2";"1";""
"201900020748";"138 267 614";"A01";"1";"33";"0";"2";"1";"2";"1";""
"201900020749";"138 267 612";"A01";"2";"7";"0";"0";"9";"14";"1";""
"201900020750";"138 267 610";"A01";"3";"7";"0";"2";"1";"19";"0";""
"201900020750";"138 267 611";"B01";"3";"2";"0";"0";"0";"0";"0";""
"201900020751";"138 267 608";"B01";"1";"2";"0";"2";"4";"23";"1";""
"201900020751";"138 267 609";"A01";"1";"7";"14";"0";"1";"2";"1";""
"201900020752";"138 267 606";"B01";"0";"50";"0";"2";"0";"0";"3";""
"201900020752";"138 267 607";"A01";"3";"7";"0";"6";"3";"15";"1";""
"201900020753";"138 267 605";"A01";"1";"7";"0";"1";"1";"1";"1";""
"201900020754";"138 267 603";"A01";"1";"7";"0";"2";"2";"1";"6";""
"201900020754";"138 267 604";"B01";"1";"1";"0";"0";"0";"0";"0";""
"201900020755";"138 267 601";"A01";"1";"30";"0";"2";"7";"13";"1";""
"201900020755";"138 267 602";"B01";"2";"7";"0";"2";"3";"9";"1";""
"201900020756";"138 267 593";"A01";"2";"7";"0";"2";"1";"26";"1";""
"201900020756";"138 267 594";"B01";"2";"33";"0";"2";"4";"26";"1";""
"201900020757";"138 267 590";"B01";"3";"7";"0";"2";"4";"15";"1";""
"201900020757";"138 267 591";"C01";"3";"10";"0";"2";"6";"2";"1";""
"201900020757";"138 267 592";"A01";"3";"7";"0";"2";"1";"1";"1";""
"201900020758";"138 267 589";"A01";"3";"33";"11";"0";"1";"0";"1";""
"201900020759";"138 267 588";"A01";"2";"7";"0";"1";"1";"0";"1";""
"201900020760";"138 267 583";"A01";"0";"7";"2";"2";"5";"19";"1";""
"201900020760";"138 267 584";"B01";"0";"7";"0";"2";"1";"1";"1";""
"201900020761";"138 267 582";"Z01";"0";"7";"0";"1";"1";"0";"0";""
"201900020762";"138 267 581";"A01";"0";"7";"8";"0";"1";"14";"1";""
"201900020763";"138 267 580";"A01";"0";"7";"0";"1";"1";"1";"1";""
"201900020764";"138 267 578";"A01";"3";"1";"0";"2";"0";"1";"0";""
"201900020764";"138 267 579";"B01";"3";"7";"0";"2";"0";"1";"1";""
"201900020765";"138 267 576";"B01";"1";"7";"0";"2";"3";"1";"1";""
"201900020765";"138 267 577";"A01";"2";"3";"0";"2";"1";"13";"1";""
"201900020766";"138 267 574";"B01";"3";"7";"0";"0";"0";"2";"1";""
"201900020766";"138 267 575";"A01";"3";"7";"0";"1";"1";"2";"1";""
"201900020767";"138 267 572";"B01";"2";"2";"0";"2";"8";"17";"1";""
"201900020767";"138 267 573";"A01";"2";"7";"0";"2";"8";"1";"1";""
"201900020768";"138 267 566";"A01";"1";"7";"0";"2";"3";"15";"1";""
"201900020768";"138 267 567";"B01";"2";"7";"0";"2";"3";"1";"1";""
"201900020769";"138 267 565";"A01";"1";"7";"0";"1";"1";"1";"1";""
"201900020770";"138 267 563";"A01";"2";"7";"0";"2";"3";"26";"1";""
"201900020770";"138 267 564";"B01";"1";"7";"0";"2";"6";"26";"1";""
"201900020771";"138 267 560";"A01";"1";"7";"0";"1";"1";"16";"1";""
"201900020772";"138 267 559";"A01";"2";"7";"6";"0";"1";"1";"1";""
"201900020773";"138 267 557";"A01";"1";"7";"2";"2";"7";"13";"1";""
"201900020773";"138 267 558";"B01";"2";"7";"0";"2";"1";"26";"1";""
"201900020774";"138 267 555";"A01";"3";"1";"0";"2";"3";"2";"5";""
"201900020774";"138 267 556";"B01";"3";"7";"0";"2";"2";"16";"1";""
"201900020775";"138 267 554";"A01";"2";"7";"8";"0";"1";"11";"1";""
"201900020776";"138 267 552";"A01";"0";"32";"0";"2";"1";"18";"1";""
"201900020776";"138 267 553";"B01";"0";"1";"0";"2";"1";"1";"5";""
"201900020777";"138 267 550";"A01";"1";"1";"0";"2";"1";"13";"1";""
"201900020777";"138 267 551";"B01";"1";"7";"0";"2";"5";"1";"1";""
"201900020778";"138 267 548";"A01";"3";"7";"0";"2";"4";"23";"1";""
"201900020778";"138 267 549";"B01";"3";"2";"0";"2";"1";"1";"1";""
"201900020779";"138 267 546";"B01";"0";"17";"0";"2";"2";"15";"1";""
"201900020779";"138 267 547";"A01";"0";"10";"0";"2";"0";"1";"1";""
"201900020780";"138 267 545";"A01";"1";"7";"8";"0";"1";"14";"0";""
"201900020781";"138 267 543";"B01";"1";"2";"0";"2";"1";"21";"1";""
"201900020781";"138 267 544";"A01";"1";"10";"0";"2";"3";"15";"1";""
"201900020782";"138 267 541";"A01";"3";"7";"0";"2";"1";"2";"1";""
"201900020782";"138 267 542";"B01";"3";"7";"0";"2";"4";"23";"1";""
"201900020783";"138 267 539";"Z01";"2";"7";"0";"2";"1";"2";"1";""
"201900020783";"138 267 540";"B01";"2";"7";"0";"2";"4";"23";"1";""
"201900020784";"138 267 536";"A01";"3";"7";"0";"2";"8";"2";"1";""
"201900020784";"138 267 537";"C01";"3";"7";"0";"2";"2";"2";"1";""
"201900020784";"138 267 538";"B01";"3";"7";"0";"2";"7";"1";"1";""
"201900020785";"138 267 534";"B01";"2";"7";"0";"2";"1";"6";"1";""
"201900020785";"138 267 535";"A01";"1";"7";"0";"2";"3";"1";"1";""
"201900020786";"138 267 532";"B01";"0";"1";"0";"0";"0";"0";"0";""
"201900020786";"138 267 533";"A01";"2";"7";"0";"2";"8";"1";"0";""
"201900020787";"138 267 531";"A01";"2";"2";"0";"1";"1";"18";"1";""
"201900020788";"138 267 530";"Z01";"2";"7";"0";"1";"3";"16";"0";""
"201900020789";"138 267 528";"B01";"1";"7";"0";"2";"3";"1";"1";""
"201900020789";"138 267 529";"A01";"2";"7";"0";"2";"3";"1";"1";""
"201900020790";"138 267 527";"Z01";"1";"7";"0";"1";"1";"9";"1";""
"201900020791";"138 267 526";"A01";"1";"7";"9";"0";"1";"21";"1";""
"201900020792";"138 267 525";"A01";"2";"31";"0";"0";"0";"16";"1";""
"201900020793";"138 267 524";"B01";"2";"43";"0";"2";"1";"1";"1";""
"201900020794";"138 267 523";"A01";"3";"7";"0";"0";"1";"14";"1";""
"201900020795";"138 267 522";"A01";"2";"7";"2";"0";"1";"13";"1";""
"201900020796";"138 267 521";"A01";"3";"10";"0";"0";"0";"2";"0";""
"201900020797";"138 267 520";"A01";"1";"30";"0";"0";"0";"26";"1";""
"201900020798";"138 267 518";"A01";"1";"7";"0";"2";"8";"9";"1";""
"201900020798";"138 267 519";"B01";"1";"7";"0";"2";"1";"1";"1";""
"201900020799";"138 267 516";"B01";"1";"7";"0";"2";"6";"11";"1";""
"201900020799";"138 267 517";"A01";"1";"43";"0";"2";"2";"3";"1";""
"201900020800";"138 267 515";"A01";"1";"31";"0";"0";"8";"1";"1";""
"201900020801";"138 267 514";"A01";"2";"7";"0";"1";"2";"1";"1";""
"201900020802";"138 267 512";"B01";"1";"33";"0";"2";"1";"1";"1";""
"201900020802";"138 267 513";"A01";"1";"7";"0";"2";"3";"9";"1";""
"201900020803";"138 267 510";"A01";"1";"32";"0";"2";"8";"15";"1";""
"201900020803";"138 267 511";"B01";"1";"7";"0";"2";"2";"1";"1";""
"201900020804";"138 267 508";"A01";"1";"7";"0";"2";"5";"2";"1";""
"201900020804";"138 267 509";"B01";"1";"10";"0";"2";"3";"2";"1";""
"201900020805";"138 267 506";"A01";"1";"7";"0";"2";"2";"1";"1";""
"201900020805";"138 267 507";"B01";"1";"7";"0";"2";"3";"1";"1";""
"201900020806";"138 267 501";"A01";"2";"7";"0";"2";"1";"1";"1";""
"201900020806";"138 267 502";"B01";"2";"33";"0";"2";"3";"1";"1";""
"201900020807";"138 267 499";"B01";"1";"33";"0";"2";"1";"18";"1";""
"201900020807";"138 267 500";"A01";"1";"7";"0";"2";"5";"22";"1";""
"201900020808";"138 267 497";"B01";"2";"7";"0";"2";"4";"23";"1";""
"201900020808";"138 267 498";"A01";"2";"7";"0";"2";"1";"2";"1";""
"201900020809";"138 267 495";"B01";"2";"31";"0";"2";"0";"17";"1";""
"201900020809";"138 267 496";"A01";"2";"7";"0";"2";"6";"10";"1";""
"201900020810";"138 267 493";"B01";"1";"32";"0";"2";"3";"18";"1";""
"201900020810";"138 267 494";"A01";"1";"7";"0";"2";"7";"16";"1";""
"201900020811";"138 267 491";"B01";"2";"7";"0";"2";"3";"15";"1";""
"201900020811";"138 267 492";"A01";"1";"31";"0";"2";"6";"21";"1";""
"201900020812";"138 267 489";"A01";"3";"7";"0";"2";"3";"11";"0";""
"201900020812";"138 267 490";"B01";"3";"33";"0";"2";"7";"1";"0";""
"201900020813";"138 267 487";"B01";"1";"33";"0";"2";"1";"2";"1";""
"201900020813";"138 267 488";"A01";"1";"7";"0";"2";"7";"9";"1";""
"201900020814";"138 267 486";"A01";"3";"7";"0";"1";"2";"2";"1";""
"201900020815";"138 267 485";"A01";"3";"30";"9";"0";"2";"0";"1";""
"201900020816";"138 267 484";"A01";"0";"7";"6";"0";"1";"0";"1";""
"201900020817";"138 267 483";"A01";"1";"7";"1";"0";"2";"21";"1";""
"201900020818";"138 267 480";"A01";"1";"30";"0";"2";"2";"3";"1";""
"201900020818";"138 267 481";"B01";"1";"3";"0";"2";"6";"1";"1";""
"201900020818";"138 267 482";"C01";"2";"37";"0";"2";"8";"1";"1";"1"
"201900020819";"138 267 479";"A01";"1";"7";"0";"1";"1";"1";"2";""
"201900020820";"138 267 477";"B01";"3";"30";"0";"2";"7";"17";"1";""
"201900020820";"138 267 478";"A01";"3";"7";"0";"2";"3";"13";"1";""
"201900020821";"138 267 476";"A01";"3";"32";"12";"0";"3";"26";"1";""
"201900020822";"138 267 475";"A01";"2";"33";"7";"0";"1";"1";"1";""
"201900020823";"138 267 473";"A01";"3";"7";"0";"2";"3";"9";"2";""
"201900020823";"138 267 474";"B01";"0";"1";"0";"2";"4";"1";"6";""
"201900020824";"138 267 472";"A01";"0";"7";"0";"1";"2";"1";"1";""
"201900020825";"138 267 470";"A01";"2";"2";"0";"2";"1";"1";"1";""
"201900020825";"138 267 471";"B01";"1";"7";"0";"2";"7";"1";"1";""
"201900020826";"138 267 468";"B01";"1";"2";"0";"2";"1";"1";"1";""
"201900020826";"138 267 469";"A01";"2";"7";"0";"2";"3";"13";"1";""
"201900020827";"138 267 467";"A01";"0";"7";"0";"0";"9";"1";"1";""
"201900020828";"138 267 466";"A01";"1";"33";"4";"0";"1";"1";"1";""
"201900020829";"138 267 464";"A01";"1";"7";"0";"2";"1";"15";"1";""
"201900020829";"138 267 465";"B01";"2";"32";"0";"2";"1";"13";"1";""
"201900020830";"138 267 462";"B01";"3";"33";"0";"2";"1";"1";"1";""
"201900020830";"138 267 463";"A01";"3";"34";"0";"2";"1";"1";"1";""
"201900020831";"138 267 461";"A01";"1";"7";"13";"0";"1";"14";"1";""
"201900020832";"138 267 459";"B01";"2";"7";"0";"2";"7";"16";"1";""
"201900020832";"138 267 460";"A01";"2";"2";"0";"2";"1";"1";"1";""
"201900020833";"138 267 457";"A01";"0";"7";"0";"2";"2";"15";"1";""
"201900020833";"138 267 458";"B01";"1";"7";"7";"2";"3";"1";"1";""
"201900020834";"138 267 456";"A01";"2";"31";"8";"0";"1";"17";"1";""
"201900020835";"138 267 454";"B01";"1";"7";"0";"2";"2";"1";"1";""
"201900020835";"138 267 455";"A01";"2";"7";"0";"2";"2";"1";"1";""
"201900020836";"138 267 453";"A01";"1";"3";"2";"0";"1";"0";"1";""
"201900020837";"138 267 451";"A01";"2";"31";"0";"0";"9";"1";"1";""
"201900020838";"138 267 449";"B01";"2";"33";"0";"2";"1";"1";"1";""
"201900020838";"138 267 450";"A01";"1";"33";"0";"2";"1";"13";"1";""
"201900020839";"138 267 448";"A01";"2";"7";"12";"0";"2";"26";"1";""
"201900020840";"138 267 447";"A01";"2";"7";"13";"0";"8";"13";"1";""
"201900020841";"138 267 446";"A01";"1";"7";"1";"1";"2";"1";"1";""
"201900020842";"138 267 445";"A01";"2";"33";"16";"0";"1";"1";"1";""
"201900020843";"138 267 444";"A01";"1";"33";"0";"6";"1";"1";"1";""
"201900020844";"138 267 443";"A01";"0";"7";"8";"0";"3";"0";"1";""
"201900020845";"138 267 442";"A01";"2";"32";"0";"0";"7";"2";"1";""
"201900020846";"138 267 440";"A01";"1";"7";"0";"2";"3";"11";"1";""
"201900020846";"138 267 441";"B01";"2";"33";"0";"2";"1";"1";"1";""
"201900020847";"138 267 439";"A01";"1";"33";"4";"0";"2";"14";"1";""
"201900020848";"138 267 438";"A01";"3";"33";"0";"0";"0";"26";"1";""
"201900020849";"138 267 437";"A01";"1";"7";"0";"0";"2";"1";"0";""
"201900020850";"138 267 435";"A01";"1";"31";"16";"0";"1";"0";"1";""
"201900020851";"138 267 433";"A01";"1";"7";"0";"2";"1";"1";"1";""
"201900020851";"138 267 434";"B01";"2";"7";"0";"2";"1";"1";"1";""
"201900020852";"138 267 432";"A01";"3";"7";"0";"1";"4";"4";"1";""
"201900020853";"138 267 431";"A01";"1";"7";"8";"0";"1";"1";"1";""
"201900020854";"138 267 430";"A01";"0";"7";"6";"0";"1";"1";"1";""
"201900020855";"138 267 428";"A01";"2";"7";"0";"0";"1";"17";"1";""
"201900020855";"138 267 429";"B01";"1";"7";"0";"2";"1";"1";"1";""
"201900020856";"138 267 425";"A01";"2";"7";"0";"2";"1";"1";"1";""
"201900020856";"138 267 426";"B01";"2";"7";"0";"2";"4";"1";"1";""
"201900020856";"138 267 427";"C01";"2";"7";"0";"1";"0";"0";"1";""
"201900020857";"138 267 424";"A01";"1";"33";"0";"0";"2";"1";"1";""
"201900020858";"138 267 422";"A01";"2";"30";"0";"2";"1";"1";"0";""
"201900020858";"138 267 423";"B01";"1";"7";"0";"2";"2";"1";"0";""
"201900020859";"138 267 421";"A01";"2";"7";"8";"0";"3";"0";"1";""
"201900020860";"138 267 419";"B01";"2";"7";"0";"2";"3";"21";"1";""
"201900020860";"138 267 420";"A01";"2";"7";"4";"0";"9";"0";"1";""
"201900020861";"138 267 418";"A01";"2";"10";"13";"0";"9";"17";"1";""
"201900020862";"138 267 417";"A01";"2";"7";"15";"0";"2";"1";"1";""
"201900020863";"138 267 416";"A01";"3";"7";"12";"0";"0";"1";"0";""
"201900020864";"138 267 412";"A01";"1";"1";"0";"9";"0";"2";"5";""
"201900020864";"138 267 413";"B01";"1";"1";"0";"2";"1";"1";"5";""
"201900020864";"138 267 414";"C01";"1";"1";"0";"2";"1";"2";"5";""
"201900020864";"138 267 415";"D01";"1";"7";"0";"0";"4";"2";"1";""
"201900020865";"138 267 410";"B01";"1";"7";"0";"2";"1";"1";"0";""
"201900020865";"138 267 411";"A01";"2";"7";"0";"2";"1";"17";"0";""
"201900020866";"138 267 409";"A01";"1";"33";"13";"0";"1";"1";"1";""
"201900020867";"138 267 408";"A01";"1";"7";"13";"0";"1";"13";"1";""
"201900020868";"138 267 407";"A01";"2";"7";"6";"0";"1";"13";"1";""
"201900020869";"138 267 405";"A01";"2";"7";"0";"2";"1";"13";"1";""
"201900020869";"138 267 406";"B01";"1";"7";"0";"2";"3";"1";"1";""
"201900020870";"138 267 404";"A01";"1";"33";"15";"0";"1";"13";"1";""
"201900020871";"138 267 402";"A01";"1";"7";"0";"2";"7";"19";"1";""
"201900020871";"138 267 403";"B01";"1";"7";"0";"2";"1";"1";"1";""
"201900020872";"138 267 401";"A01";"2";"33";"8";"0";"1";"13";"1";""
"201900020873";"138 267 399";"B01";"3";"2";"0";"2";"3";"1";"1";""
"201900020873";"138 267 400";"A01";"3";"7";"0";"2";"8";"17";"1";""
"201900020874";"138 267 398";"A01";"1";"7";"2";"0";"1";"1";"1";""
"201900020875";"138 267 397";"A01";"0";"7";"0";"1";"2";"26";"1";""
"201900020876";"138 267 395";"A01";"2";"7";"0";"2";"5";"1";"1";""
"201900020876";"138 267 396";"B01";"2";"32";"0";"2";"1";"0";"1";""
"201900020877";"138 267 393";"A01";"2";"7";"0";"2";"4";"2";"1";""
"201900020877";"138 267 394";"B01";"2";"10";"0";"2";"1";"2";"1";""
"201900020878";"138 267 390";"C01";"2";"10";"0";"2";"3";"2";"1";""
"201900020878";"138 267 391";"B01";"2";"7";"0";"2";"5";"2";"1";""
"201900020878";"138 267 392";"A01";"2";"7";"0";"2";"4";"2";"1";""
"201900020879";"138 267 386";"A01";"2";"7";"0";"2";"4";"1";"1";""
"201900020879";"138 267 387";"B01";"2";"7";"0";"2";"1";"1";"2";""
"201900020879";"138 267 388";"C01";"2";"7";"0";"2";"1";"1";"1";""
"201900020879";"138 267 389";"F01";"2";"7";"0";"2";"8";"0";"1";""
"201900020880";"138 267 384";"B01";"1";"10";"0";"2";"4";"2";"0";""
"201900020880";"138 267 385";"A01";"1";"7";"0";"2";"1";"2";"0";""
"201900020881";"138 267 381";"C01";"1";"7";"0";"2";"1";"14";"1";""
"201900020881";"138 267 382";"B01";"1";"7";"0";"2";"6";"1";"1";""
"201900020881";"138 267 383";"A01";"1";"7";"0";"2";"4";"1";"1";""
"201900020882";"138 267 379";"A01";"1";"33";"0";"2";"1";"3";"1";""
"201900020882";"138 267 380";"B01";"1";"7";"0";"2";"5";"1";"1";""
"201900020883";"138 267 375";"D01";"2";"7";"0";"2";"5";"1";"1";""
"201900020883";"138 267 376";"C01";"2";"10";"0";"2";"2";"1";"1";""
"201900020883";"138 267 377";"B01";"2";"14";"0";"2";"2";"1";"1";""
"201900020883";"138 267 378";"A01";"2";"7";"4";"2";"1";"9";"1";""
"201900020884";"138 267 373";"B01";"1";"7";"0";"2";"4";"2";"1";""
"201900020884";"138 267 374";"A01";"1";"10";"0";"2";"2";"2";"1";""
"201900020885";"138 267 370";"C01";"1";"7";"0";"2";"4";"1";"1";""
"201900020885";"138 267 371";"B01";"1";"32";"0";"2";"1";"3";"1";""
"201900020885";"138 267 372";"A01";"1";"10";"0";"2";"2";"22";"1";""
"201900020886";"138 267 367";"A01";"1";"7";"3";"2";"6";"9";"1";""
"201900020886";"138 267 368";"B01";"1";"17";"0";"2";"2";"1";"1";""
"201900020886";"138 267 369";"C01";"1";"10";"0";"2";"1";"1";"1";""
"201900020887";"138 267 365";"A01";"1";"7";"0";"2";"1";"1";"1";""
"201900020887";"138 267 366";"B01";"1";"14";"0";"2";"5";"1";"1";""
"201900020888";"138 267 363";"A01";"1";"7";"0";"2";"5";"11";"1";""
"201900020888";"138 267 364";"B01";"1";"33";"0";"2";"1";"3";"1";""
"201900020889";"138 267 359";"C01";"1";"10";"0";"2";"1";"2";"1";""
"201900020889";"138 267 360";"B01";"1";"7";"0";"2";"4";"2";"3";""
"201900020889";"138 267 361";"A01";"1";"7";"0";"2";"1";"2";"1";""
"201900020889";"138 267 362";"D01";"1";"10";"0";"2";"4";"2";"1";""
"201900020890";"138 267 357";"A01";"2";"7";"4";"2";"1";"2";"1";""
"201900020890";"138 267 358";"B01";"2";"7";"0";"2";"4";"2";"1";""
"201900020891";"138 267 354";"A01";"2";"7";"0";"2";"1";"2";"1";""
"201900020891";"138 267 355";"B01";"2";"7";"0";"2";"4";"2";"1";""
"201900020891";"138 267 356";"C01";"2";"7";"0";"2";"4";"2";"1";""
"201900020892";"138 267 353";"A01";"2";"7";"0";"1";"3";"1";"1";""
"201900020893";"138 267 351";"B01";"1";"31";"0";"2";"7";"1";"1";""
"201900020893";"138 267 352";"A01";"1";"7";"0";"2";"8";"11";"1";""
"201900020894";"138 267 349";"A01";"2";"30";"0";"2";"3";"15";"1";""
"201900020894";"138 267 350";"B01";"2";"7";"0";"2";"7";"1";"1";""
"201900020895";"138 267 347";"B01";"2";"31";"0";"2";"2";"9";"1";""
"201900020895";"138 267 348";"A01";"2";"13";"0";"2";"2";"1";"1";""
"201900020896";"138 267 345";"B01";"2";"33";"0";"2";"3";"1";"1";""
"201900020896";"138 267 346";"A01";"1";"7";"0";"2";"3";"15";"1";""
"201900020897";"138 267 344";"A01";"1";"7";"0";"1";"2";"1";"1";""
"201900020898";"138 267 342";"A01";"1";"34";"0";"2";"7";"17";"1";""
"201900020898";"138 267 343";"B01";"1";"10";"0";"2";"3";"15";"1";""
"201900020899";"138 267 341";"A01";"1";"7";"0";"1";"1";"15";"1";""
"201900020900";"138 267 340";"A01";"1";"7";"0";"1";"1";"15";"1";""
"201900020901";"138 267 339";"A01";"3";"31";"0";"0";"3";"1";"1";""
"201900020902";"138 267 337";"A01";"2";"1";"0";"2";"1";"15";"5";""
"201900020902";"138 267 338";"B01";"1";"34";"0";"2";"3";"1";"1";""
"201900020903";"138 267 335";"B01";"1";"7";"0";"2";"3";"15";"1";""
"201900020903";"138 267 336";"A01";"1";"32";"0";"2";"2";"17";"1";""
"201900020904";"138 267 333";"A01";"1";"30";"0";"2";"1";"2";"1";""
"201900020904";"138 267 334";"B01";"1";"7";"0";"0";"4";"2";"1";""
"201900020905";"138 267 331";"B01";"2";"50";"0";"2";"7";"19";"3";""
"201900020905";"138 267 332";"A01";"2";"7";"0";"2";"1";"1";"1";""
"201900020906";"138 267 330";"A01";"1";"1";"0";"1";"1";"1";"5";""
"201900020907";"138 267 328";"A01";"1";"50";"0";"2";"1";"1";"3";""
"201900020907";"138 267 329";"B01";"1";"7";"0";"2";"3";"15";"1";""
"201900020908";"138 267 326";"B01";"1";"33";"0";"2";"1";"1";"1";""
"201900020908";"138 267 327";"A01";"1";"7";"0";"2";"6";"10";"1";""
"201900020909";"138 267 324";"B01";"1";"7";"0";"2";"3";"1";"2";""
"201900020909";"138 267 325";"A01";"1";"30";"0";"2";"1";"1";"1";""
"201900020910";"138 267 322";"B01";"3";"7";"0";"2";"6";"1";"1";""
"201900020910";"138 267 323";"A01";"3";"7";"0";"2";"1";"19";"1";""
"201900020911";"138 267 320";"A01";"1";"14";"14";"0";"1";"1";"1";""
"201900020911";"138 267 321";"B01";"1";"7";"0";"2";"4";"23";"1";""
"201900020912";"138 267 318";"B01";"1";"10";"0";"2";"3";"1";"1";""
"201900020912";"138 267 319";"A01";"1";"7";"0";"2";"2";"1";"1";""
"201900020913";"138 267 316";"A01";"2";"10";"0";"2";"1";"0";"1";""
"201900020913";"138 267 317";"B01";"1";"10";"0";"2";"1";"0";"0";""
"201900020914";"138 267 315";"A01";"1";"7";"14";"0";"2";"1";"1";""
"201900020915";"138 267 313";"A01";"1";"7";"1";"0";"3";"26";"0";""
"201900020915";"138 267 314";"B01";"2";"7";"0";"2";"2";"0";"0";""
"201900020916";"138 267 310";"C01";"1";"7";"0";"2";"8";"1";"1";""
"201900020916";"138 267 311";"B01";"3";"1";"0";"2";"2";"19";"5";""
"201900020916";"138 267 312";"A01";"2";"7";"0";"2";"3";"1";"1";""
"201900020917";"138 267 308";"B01";"3";"1";"0";"2";"1";"19";"5";""
"201900020917";"138 267 309";"A01";"1";"7";"0";"2";"1";"16";"1";""
"201900020918";"138 267 306";"A01";"0";"31";"0";"2";"7";"1";"0";""
"201900020918";"138 267 307";"B01";"0";"7";"0";"9";"4";"17";"0";""
"201900020919";"138 267 305";"A01";"1";"7";"0";"1";"2";"15";"1";""
"201900020920";"138 267 303";"B01";"2";"7";"0";"2";"4";"23";"1";""
"201900020920";"138 267 304";"A01";"2";"1";"0";"2";"1";"1";"5";""
"201900020921";"138 267 301";"B01";"0";"7";"0";"2";"2";"1";"1";""
"201900020921";"138 267 302";"A01";"0";"7";"0";"2";"1";"15";"0";""
"201900020922";"138 267 299";"A01";"2";"7";"0";"2";"1";"2";"1";""
"201900020922";"138 267 300";"B01";"2";"43";"0";"2";"4";"2";"1";""
"201900020923";"138 267 297";"A01";"1";"30";"0";"2";"1";"18";"1";""
"201900020923";"138 267 298";"B01";"1";"7";"0";"2";"2";"16";"0";""
"201900020924";"138 267 295";"B01";"1";"2";"0";"2";"4";"1";"1";""
"201900020924";"138 267 296";"A01";"1";"7";"0";"2";"3";"10";"1";""
"201900020925";"138 267 293";"B01";"2";"20";"0";"2";"4";"23";"0";""
"201900020925";"138 267 294";"A01";"2";"20";"0";"2";"1";"2";"0";""
"201900020926";"138 267 291";"A01";"2";"7";"0";"1";"1";"0";"1";""
"201900020926";"138 267 292";"Y01";"0";"60";"0";"2";"0";"0";"5";""
"201900020927";"138 267 289";"B01";"1";"7";"0";"2";"2";"2";"1";""
"201900020927";"138 267 290";"A01";"1";"33";"0";"2";"3";"2";"1";""
"201900020928";"138 267 286";"A01";"1";"7";"0";"2";"1";"1";"4";""
"201900020928";"138 267 287";"C01";"1";"7";"0";"2";"4";"26";"1";""
"201900020928";"138 267 288";"B01";"1";"7";"6";"2";"8";"1";"1";""
"201900020929";"138 267 285";"A01";"2";"7";"0";"1";"1";"26";"1";""
"201900020930";"138 267 284";"A01";"0";"3";"0";"1";"1";"0";"1";""
"201900020931";"138 267 282";"A01";"0";"7";"0";"2";"8";"0";"1";""
"201900020931";"138 267 283";"B01";"3";"50";"0";"0";"0";"0";"3";""
"201900020932";"138 267 280";"A01";"1";"30";"0";"2";"2";"15";"1";""
"201900020932";"138 267 281";"B01";"1";"7";"0";"2";"3";"2";"1";""
"201900020933";"138 267 278";"B01";"3";"2";"0";"2";"9";"0";"0";""
"201900020933";"138 267 279";"A01";"3";"7";"0";"2";"8";"11";"0";""
"201900020934";"138 267 276";"A01";"3";"10";"0";"2";"5";"16";"1";""
"201900020934";"138 267 277";"B01";"3";"1";"0";"2";"1";"1";"5";""
"201900020935";"138 267 272";"D01";"2";"7";"0";"9";"1";"1";"1";""
"201900020935";"138 267 273";"C01";"2";"7";"0";"2";"1";"1";"1";""
"201900020935";"138 267 274";"B01";"2";"7";"0";"2";"8";"1";"1";""
"201900020935";"138 267 275";"A01";"1";"7";"0";"2";"1";"13";"1";""
"201900020936";"138 267 270";"B01";"2";"14";"0";"0";"6";"1";"1";""
"201900020936";"138 267 271";"A01";"2";"7";"0";"2";"1";"17";"1";""
"201900020937";"138 267 269";"A01";"1";"33";"12";"0";"1";"1";"1";""
"201900020938";"138 267 267";"B01";"2";"3";"0";"2";"1";"1";"1";""
"201900020938";"138 267 268";"A01";"1";"7";"0";"2";"1";"0";"1";""
"201900020939";"138 267 266";"A01";"3";"7";"0";"1";"7";"1";"1";""
"201900020940";"138 267 265";"A01";"2";"7";"3";"0";"3";"1";"1";""
"201900020941";"138 267 263";"B01";"2";"7";"3";"2";"1";"1";"1";""
"201900020941";"138 267 264";"A01";"1";"38";"0";"2";"3";"1";"1";"1"
"201900020942";"138 267 261";"A01";"2";"7";"0";"2";"3";"13";"1";""
"201900020942";"138 267 262";"B01";"2";"33";"0";"2";"1";"1";"1";""
"201900020943";"138 267 259";"B01";"1";"7";"2";"0";"4";"2";"1";""
"201900020943";"138 267 260";"A01";"1";"7";"0";"2";"1";"2";"1";""
"201900020944";"138 267 258";"A01";"1";"15";"0";"0";"7";"1";"1";""
"201900020945";"138 267 256";"B01";"2";"33";"0";"2";"1";"1";"1";""
"201900020945";"138 267 257";"A01";"1";"7";"0";"0";"4";"6";"1";""
"201900020946";"138 267 253";"C01";"1";"7";"0";"2";"3";"1";"1";""
"201900020946";"138 267 254";"B01";"2";"33";"0";"2";"1";"1";"1";""
"201900020946";"138 267 255";"A01";"1";"7";"0";"2";"2";"15";"1";""
"201900020947";"138 267 252";"A01";"2";"7";"0";"6";"1";"21";"1";""