"Num_Acc";"id_vehicule";"num_veh";"senc";"catv";"obs";"obsm";"choc";"manv";"motor";"occutc"
"201900020948";"138 267 250";"B01";"2";"1";"0";"2";"3";"2";"5";""
"201900020948";"138 267 251";"A01";"2";"7";"0";"9";"2";"2";"1";""
"201900020949";"138 267 249";"A01";"3";"2";"12";"0";"1";"1";"6";""
"201900020950";"138 267 248";"A01";"1";"7";"16";"0";"3";"1";"1";""
"201900020951";"138 267 247";"A01";"1";"35";"4";"0";"0";"1";"1";""
"201900020952";"138 267 244";"C01";"1";"7";"0";"9";"2";"1";"0";""
"201900020952";"138 267 245";"B01";"2";"7";"0";"2";"3";"1";"0";""
"201900020952";"138 267 246";"A01";"1";"7";"0";"2";"3";"17";"0";""
"201900020953";"138 267 243";"A01";"1";"7";"8";"0";"2";"13";"1";""
"201900020954";"138 267 242";"A01";"1";"33";"8";"0";"3";"1";"1";""
"201900020955";"138 267 240";"A01";"1";"7";"0";"2";"3";"17";"1";""
"201900020955";"138 267 241";"B01";"2";"7";"0";"2";"3";"1";"1";""
"201900020956";"138 267 239";"A01";"2";"33";"17";"0";"1";"14";"1";""
"201900020957";"138 267 238";"A01";"2";"7";"0";"0";"0";"13";"1";""
"201900020958";"138 267 236";"B01";"0";"10";"0";"2";"1";"1";"1";""
"201900020958";"138 267 237";"A01";"0";"7";"0";"2";"1";"1";"1";""
"201900020959";"138 267 235";"A01";"2";"31";"0";"0";"0";"1";"1";""
"201900020960";"138 267 233";"B01";"1";"15";"13";"2";"3";"1";"1";""
"201900020960";"138 267 234";"A01";"2";"7";"13";"2";"3";"13";"1";""
"201900020961";"138 267 231";"A01";"1";"7";"0";"2";"1";"13";"1";""
"201900020961";"138 267 232";"B01";"2";"7";"0";"2";"1";"1";"1";""
"201900020962";"138 267 229";"A01";"1";"7";"0";"2";"5";"15";"1";""
"201900020962";"138 267 230";"B01";"2";"1";"0";"2";"1";"1";"5";""
"201900020963";"138 267 227";"A01";"3";"2";"0";"2";"1";"1";"1";""
"201900020963";"138 267 228";"B01";"3";"7";"0";"2";"6";"1";"1";""
"201900020964";"138 267 226";"A01";"2";"31";"0";"5";"0";"0";"1";""
"201900020965";"138 267 225";"A01";"3";"7";"13";"0";"8";"14";"0";""
"201900020966";"138 267 224";"A01";"2";"7";"2";"0";"8";"1";"1";""
"201900020967";"138 267 223";"A01";"1";"33";"1";"0";"1";"1";"1";""
"201900020968";"138 267 222";"A01";"0";"33";"0";"0";"0";"0";"0";""
"201900020969";"138 267 221";"A01";"1";"33";"8";"0";"1";"1";"1";""
"201900020970";"138 267 219";"B01";"1";"7";"0";"2";"3";"1";"1";""
"201900020970";"138 267 220";"A01";"2";"2";"0";"2";"1";"13";"1";""
"201900020971";"138 267 218";"A01";"1";"7";"13";"0";"1";"14";"1";""
"201900020972";"138 267 216";"B01";"1";"1";"0";"2";"9";"0";"5";""
"201900020972";"138 267 217";"A01";"1";"7";"0";"2";"2";"0";"1";""
"201900020973";"138 267 214";"B01";"2";"1";"0";"2";"1";"1";"5";""
"201900020973";"138 267 215";"A01";"2";"7";"0";"2";"1";"5";"5";""
"201900020974";"138 267 212";"A01";"1";"7";"0";"2";"3";"15";"1";""
"201900020974";"138 267 213";"B01";"3";"33";"0";"2";"1";"1";"1";""
"201900020975";"138 267 210";"B01";"2";"10";"0";"2";"2";"2";"1";""
"201900020975";"138 267 211";"A01";"2";"30";"0";"2";"1";"2";"1";""
"201900020976";"138 267 209";"A01";"0";"7";"0";"1";"0";"26";"1";""
"201900020977";"138 267 205";"B01";"3";"7";"0";"2";"5";"2";"1";""
"201900020977";"138 267 206";"A01";"3";"33";"0";"2";"1";"2";"1";""
"201900020978";"138 267 203";"A01";"3";"7";"0";"2";"1";"1";"1";""
"201900020978";"138 267 204";"B01";"3";"7";"0";"2";"4";"1";"1";""
"201900020979";"138 267 201";"A01";"1";"7";"0";"2";"1";"2";"1";""
"201900020979";"138 267 202";"B01";"1";"7";"0";"0";"4";"1";"1";""
"201900020980";"138 267 200";"A01";"3";"7";"0";"1";"1";"1";"1";""
"201900020981";"138 267 198";"A01";"0";"1";"0";"2";"8";"1";"5";""
"201900020981";"138 267 199";"B01";"0";"40";"0";"2";"1";"1";"3";""
"201900020982";"138 267 196";"A01";"2";"7";"0";"1";"1";"1";"1";""
"201900020982";"138 267 197";"B01";"2";"7";"0";"2";"4";"1";"1";""
"201900020983";"138 267 194";"A01";"2";"7";"0";"2";"0";"15";"1";""
"201900020983";"138 267 195";"B01";"1";"43";"0";"2";"8";"1";"1";""
"201900020984";"138 267 192";"B01";"0";"15";"0";"2";"2";"1";"1";""
"201900020984";"138 267 193";"A01";"0";"7";"0";"2";"9";"11";"1";""
"201900020985";"138 267 190";"B01";"0";"7";"0";"2";"1";"1";"1";""
"201900020985";"138 267 191";"A01";"0";"7";"0";"2";"1";"1";"1";""
"201900020986";"138 267 188";"B01";"3";"1";"0";"2";"8";"1";"5";""
"201900020986";"138 267 189";"A01";"3";"10";"0";"2";"3";"15";"1";""
"201900020987";"138 267 186";"A01";"1";"2";"0";"2";"1";"1";"1";""
"201900020987";"138 267 187";"B01";"2";"7";"0";"2";"3";"15";"1";""
"201900020988";"138 267 184";"B01";"2";"7";"0";"2";"3";"20";"1";""
"201900020988";"138 267 185";"A01";"2";"33";"0";"2";"2";"17";"1";""
"201900020989";"138 267 182";"B01";"2";"7";"0";"2";"5";"1";"1";""
"201900020989";"138 267 183";"A01";"2";"33";"0";"2";"1";"1";"1";""
"201900020990";"138 267 180";"B01";"1";"33";"0";"2";"1";"1";"1";""
"201900020990";"138 267 181";"A01";"2";"7";"0";"2";"8";"9";"1";""
"201900020991";"138 267 178";"A01";"1";"7";"0";"2";"1";"1";"1";""
"201900020991";"138 267 179";"B01";"1";"7";"0";"2";"4";"2";"1";""
"201900020992";"138 267 175";"A01";"1";"7";"0";"1";"1";"1";"1";""
"201900020993";"138 267 173";"B01";"1";"7";"0";"2";"1";"1";"1";""
"201900020993";"138 267 174";"A01";"2";"31";"0";"2";"1";"5";"1";""
"201900020994";"138 267 171";"B01";"0";"7";"0";"2";"1";"15";"1";""
"201900020994";"138 267 172";"A01";"1";"33";"1";"2";"1";"0";"1";""
"201900020995";"138 267 169";"B01";"0";"7";"0";"2";"8";"15";"1";""
"201900020995";"138 267 170";"A01";"2";"31";"0";"2";"2";"17";"1";""
"201900020996";"138 267 167";"B01";"1";"7";"0";"2";"3";"2";"1";""
"201900020996";"138 267 168";"A01";"2";"7";"0";"2";"1";"15";"1";""
"201900020997";"138 267 165";"B01";"2";"34";"0";"2";"0";"17";"1";""
"201900020997";"138 267 166";"A01";"1";"7";"0";"2";"5";"26";"1";""
"201900020998";"138 267 163";"A01";"1";"7";"0";"2";"2";"2";"1";""
"201900020998";"138 267 164";"B01";"1";"2";"0";"2";"1";"11";"1";""
"201900020999";"138 267 162";"A01";"2";"37";"0";"1";"5";"15";"1";"1"
"201900021000";"138 267 156";"B01";"2";"2";"0";"2";"1";"1";"1";""
"201900021000";"138 267 157";"A01";"1";"7";"0";"2";"3";"15";"1";""
"201900021001";"138 267 154";"B01";"1";"10";"0";"2";"1";"1";"1";""
"201900021001";"138 267 155";"A01";"2";"7";"0";"2";"7";"0";"1";""
"201900021002";"138 267 153";"A01";"3";"10";"8";"0";"1";"0";"1";""
"201900021003";"138 267 152";"A01";"3";"7";"0";"1";"3";"26";"1";""
"201900021004";"138 267 151";"A01";"1";"7";"0";"1";"1";"26";"1";""
"201900021005";"138 267 149";"B01";"1";"1";"0";"2";"3";"1";"5";""
"201900021005";"138 267 150";"A01";"1";"7";"0";"2";"2";"16";"1";""
"201900021006";"138 267 147";"B01";"1";"7";"0";"2";"4";"15";"1";""
"201900021006";"138 267 148";"A01";"1";"33";"14";"0";"1";"26";"1";""
"201900021007";"138 267 143";"D01";"1";"7";"0";"2";"4";"2";"1";""
"201900021007";"138 267 144";"C01";"1";"10";"0";"2";"4";"2";"1";""
"201900021007";"138 267 145";"B01";"1";"7";"0";"2";"4";"2";"1";""
"201900021007";"138 267 146";"A01";"1";"7";"0";"2";"1";"2";"1";""
"201900021008";"138 267 140";"C01";"2";"7";"0";"2";"1";"1";"1";""
"201900021008";"138 267 141";"B01";"2";"15";"0";"2";"2";"14";"1";""
"201900021008";"138 267 142";"A01";"2";"7";"4";"2";"6";"3";"1";""
"201900021009";"138 267 136";"A01";"1";"7";"0";"2";"2";"2";"1";""
"201900021009";"138 267 137";"B01";"1";"7";"0";"2";"6";"2";"1";""
"201900021009";"138 267 138";"C01";"1";"7";"0";"2";"4";"2";"1";""
"201900021009";"138 267 139";"D01";"1";"7";"0";"2";"9";"2";"1";""
"201900021010";"138 267 134";"A01";"1";"7";"0";"2";"8";"9";"1";""
"201900021010";"138 267 135";"B01";"1";"30";"0";"2";"1";"1";"1";""
"201900021011";"138 267 132";"A01";"1";"7";"12";"2";"1";"13";"1";""
"201900021011";"138 267 133";"B01";"1";"7";"0";"2";"3";"1";"2";""
"201900021012";"138 267 130";"B01";"1";"7";"0";"2";"1";"15";"1";""
"201900021012";"138 267 131";"A01";"2";"31";"0";"2";"1";"1";"1";""
"201900021013";"138 267 128";"B01";"3";"31";"0";"2";"8";"1";"1";""
"201900021013";"138 267 129";"A01";"3";"2";"0";"2";"1";"1";"1";""
"201900021014";"138 267 126";"B01";"1";"10";"0";"2";"3";"13";"1";""
"201900021014";"138 267 127";"A01";"1";"32";"0";"2";"5";"17";"1";""
"201900021015";"138 267 125";"A01";"1";"1";"0";"1";"1";"1";"5";""
"201900021016";"138 267 124";"A01";"2";"33";"0";"1";"3";"1";"0";""
"201900021017";"138 267 122";"A01";"2";"33";"0";"2";"1";"17";"1";""
"201900021017";"138 267 123";"B01";"2";"1";"0";"2";"8";"15";"5";""
"201900021018";"138 267 121";"A01";"2";"10";"0";"1";"6";"4";"1";""
"201900021019";"138 267 120";"A01";"3";"33";"0";"0";"0";"15";"1";""
"201900021020";"138 267 117";"B01";"1";"33";"0";"0";"0";"0";"0";""
"201900021020";"138 267 118";"A01";"1";"7";"0";"2";"1";"1";"0";""
"201900021020";"138 267 119";"C01";"1";"7";"0";"2";"4";"23";"0";""
"201900021021";"138 267 116";"A01";"1";"10";"0";"1";"4";"4";"1";""
"201900021022";"138 267 114";"A01";"2";"30";"0";"2";"1";"17";"1";""
"201900021022";"138 267 115";"B01";"2";"7";"0";"2";"3";"15";"1";""
"201900021023";"138 267 113";"Z01";"1";"7";"0";"1";"1";"1";"0";""
"201900021024";"138 267 112";"A01";"0";"7";"0";"1";"3";"1";"1";""
"201900021025";"138 267 110";"A01";"3";"33";"16";"2";"1";"1";"1";""
"201900021025";"138 267 111";"B01";"3";"7";"16";"0";"4";"26";"1";""
"201900021026";"138 267 108";"B01";"3";"7";"0";"2";"4";"2";"1";""
"201900021026";"138 267 109";"A01";"3";"7";"0";"2";"1";"2";"1";""
"201900021027";"138 267 106";"A01";"1";"7";"0";"2";"2";"19";"1";""
"201900021027";"138 267 107";"B01";"3";"33";"0";"2";"1";"1";"1";""
"201900021028";"138 267 104";"A01";"1";"7";"0";"2";"1";"16";"1";""
"201900021028";"138 267 105";"B01";"1";"7";"0";"0";"4";"0";"1";""
"201900021029";"138 267 103";"A01";"1";"34";"0";"1";"2";"3";"1";""
"201900021030";"138 267 101";"B01";"0";"7";"0";"2";"2";"1";"1";""
"201900021030";"138 267 102";"A01";"0";"33";"0";"2";"1";"1";"1";""
"201900021031";"138 267 100";"A01";"3";"7";"0";"1";"4";"4";"1";""
"201900021032";"138 267 098";"B01";"1";"7";"0";"2";"3";"1";"1";""
"201900021032";"138 267 099";"A01";"1";"7";"0";"2";"6";"1";"1";""
"201900021033";"138 267 096";"B01";"3";"30";"0";"2";"8";"1";"1";""
"201900021033";"138 267 097";"A01";"3";"30";"0";"2";"2";"1";"0";""
"201900021034";"138 267 095";"A01";"2";"7";"0";"1";"2";"14";"1";""
"201900021035";"138 267 094";"A01";"1";"32";"12";"0";"7";"14";"1";""
"201900021036";"138 267 092";"B01";"1";"31";"0";"2";"7";"1";"1";""
"201900021036";"138 267 093";"A01";"1";"33";"0";"2";"3";"16";"1";""
"201900021037";"138 267 090";"A01";"1";"7";"0";"2";"5";"19";"1";""
"201900021037";"138 267 091";"B01";"1";"34";"0";"2";"1";"1";"1";""
"201900021038";"138 267 088";"A01";"2";"7";"0";"1";"2";"13";"0";""
"201900021038";"138 267 089";"B01";"2";"1";"1";"0";"6";"0";"5";""
"201900021039";"138 267 086";"B01";"3";"10";"0";"2";"4";"1";"1";""
"201900021039";"138 267 087";"A01";"3";"10";"0";"2";"1";"1";"1";""
"201900021040";"138 267 083";"A01";"1";"7";"0";"2";"1";"2";"1";""
"201900021040";"138 267 084";"B01";"1";"7";"0";"2";"4";"23";"1";""
"201900021040";"138 267 085";"C01";"1";"7";"0";"2";"4";"23";"1";""
"201900021041";"138 267 082";"A01";"2";"7";"0";"1";"2";"1";"1";""
"201900021042";"138 267 080";"B01";"2";"7";"0";"2";"1";"1";"1";""
"201900021042";"138 267 081";"A01";"1";"7";"0";"2";"1";"13";"1";""
"201900021043";"138 267 078";"A01";"3";"7";"0";"2";"2";"15";"1";""
"201900021043";"138 267 079";"B01";"0";"34";"0";"2";"1";"1";"1";""
"201900021044";"138 267 076";"B01";"1";"14";"0";"2";"1";"1";"1";""
"201900021044";"138 267 077";"A01";"2";"10";"0";"2";"1";"17";"1";""
"201900021045";"138 267 075";"A01";"3";"7";"2";"0";"1";"26";"1";""
"201900021046";"138 267 074";"A01";"2";"1";"0";"0";"0";"0";"5";""
"201900021047";"138 267 073";"A01";"1";"7";"13";"0";"1";"1";"1";""
"201900021048";"138 267 071";"B01";"1";"15";"0";"2";"3";"1";"1";""
"201900021048";"138 267 072";"A01";"2";"7";"0";"2";"3";"1";"1";""
"201900021049";"138 267 070";"A01";"1";"7";"0";"0";"7";"13";"1";""
"201900021050";"138 267 067";"B01";"2";"7";"0";"2";"3";"1";"1";""
"201900021050";"138 267 068";"A01";"1";"7";"0";"2";"3";"1";"1";""
"201900021051";"138 267 065";"B01";"2";"80";"0";"2";"4";"1";"3";""
"201900021051";"138 267 066";"A01";"2";"7";"3";"2";"1";"2";"1";""
"201900021052";"138 267 063";"A01";"0";"7";"0";"2";"8";"26";"1";""
"201900021052";"138 267 064";"B01";"2";"13";"0";"2";"1";"1";"1";""
"201900021053";"138 267 061";"A01";"1";"7";"0";"2";"1";"1";"1";""
"201900021053";"138 267 062";"B01";"2";"7";"0";"2";"1";"1";"1";""
"201900021054";"138 267 060";"A01";"1";"7";"2";"0";"2";"1";"1";""
"201900021055";"138 267 057";"C01";"1";"7";"0";"2";"2";"1";"1";""
"201900021055";"138 267 058";"B01";"1";"7";"0";"2";"5";"1";"1";""
"201900021055";"138 267 059";"A01";"1";"7";"0";"2";"3";"9";"1";""
"201900021056";"138 267 055";"B01";"2";"7";"0";"2";"1";"1";"1";""
"201900021056";"138 267 056";"A01";"1";"7";"0";"2";"7";"1";"1";""
"201900021057";"138 267 054";"A01";"1";"7";"16";"0";"0";"1";"1";""
"201900021058";"138 267 051";"C01";"2";"7";"0";"2";"6";"1";"1";""
"201900021058";"138 267 052";"B01";"1";"7";"0";"2";"3";"1";"1";""
"201900021058";"138 267 053";"A01";"2";"10";"0";"2";"3";"17";"1";""
"201900021059";"138 267 050";"A01";"3";"80";"0";"0";"0";"1";"3";""
"201900021060";"138 267 049";"A01";"1";"34";"13";"0";"2";"21";"1";""
"201900021061";"138 267 048";"A01";"1";"7";"0";"0";"0";"13";"1";""
"201900021062";"138 267 046";"A01";"2";"33";"0";"2";"3";"13";"1";""
"201900021062";"138 267 047";"B01";"1";"33";"0";"2";"8";"1";"1";""
"201900021063";"138 267 044";"A01";"1";"30";"0";"0";"4";"2";"1";""
"201900021063";"138 267 045";"B01";"1";"7";"0";"2";"1";"2";"1";""
"201900021064";"138 267 041";"A01";"2";"33";"13";"0";"7";"1";"1";""
"201900021065";"138 267 040";"A01";"0";"7";"0";"1";"2";"1";"1";""
"201900021066";"138 267 039";"A01";"1";"15";"3";"0";"8";"0";"1";""
"201900021067";"138 267 038";"A01";"3";"7";"0";"1";"3";"1";"1";""
"201900021068";"138 267 035";"D01";"1";"7";"0";"9";"1";"2";"1";""
"201900021068";"138 267 036";"B01";"1";"17";"0";"0";"0";"2";"1";""
"201900021068";"138 267 037";"A01";"1";"33";"0";"2";"1";"2";"1";""
"201900021069";"138 267 034";"A01";"1";"15";"0";"1";"1";"1";"1";""
"201900021070";"138 267 032";"B01";"2";"10";"0";"2";"8";"10";"1";""
"201900021070";"138 267 033";"A01";"1";"33";"0";"2";"1";"1";"1";""
"201900021071";"138 267 030";"B01";"2";"10";"0";"2";"3";"1";"1";""
"201900021071";"138 267 031";"A01";"1";"7";"0";"2";"3";"1";"1";""
"201900021072";"138 267 029";"A01";"0";"2";"0";"1";"1";"1";"1";""
"201900021073";"138 267 028";"A01";"1";"7";"0";"1";"3";"14";"6";""
"201900021074";"138 267 027";"A01";"0";"7";"2";"0";"2";"14";"1";""
"201900021075";"138 267 024";"B01";"0";"7";"0";"2";"3";"1";"1";""
"201900021075";"138 267 025";"A01";"0";"7";"0";"2";"3";"0";"1";""
"201900021076";"138 267 023";"A01";"1";"7";"0";"1";"1";"19";"1";""
"201900021077";"138 267 022";"A01";"3";"7";"0";"1";"1";"1";"1";""
"201900021078";"138 267 019";"A01";"0";"7";"0";"2";"1";"15";"1";""
"201900021078";"138 267 020";"B01";"0";"7";"0";"2";"1";"1";"1";""
"201900021078";"138 267 021";"C01";"0";"7";"0";"1";"3";"1";"1";""
"201900021079";"138 267 017";"A01";"3";"7";"0";"2";"1";"15";"1";""
"201900021079";"138 267 018";"B01";"3";"2";"0";"2";"1";"1";"1";""
"201900021080";"138 267 016";"A01";"3";"7";"16";"0";"7";"1";"1";""
"201900021081";"138 267 015";"A01";"1";"33";"7";"0";"1";"2";"1";""
"201900021082";"138 267 013";"A01";"1";"33";"0";"0";"2";"17";"1";""
"201900021082";"138 267 014";"B01";"1";"7";"0";"2";"3";"15";"1";""
"201900021083";"138 267 012";"A01";"1";"7";"13";"0";"3";"1";"1";""
"201900021084";"138 267 010";"A01";"2";"33";"0";"2";"1";"1";"1";""
"201900021084";"138 267 011";"B01";"3";"7";"0";"2";"3";"1";"1";""
"201900021085";"138 267 007";"C01";"1";"7";"0";"2";"1";"1";"1";""
"201900021085";"138 267 008";"B01";"1";"7";"0";"2";"2";"1";"1";""
"201900021085";"138 267 009";"A01";"1";"7";"0";"2";"8";"13";"1";""
"201900021086";"138 267 005";"A01";"1";"7";"0";"2";"4";"1";"1";""
"201900021086";"138 267 006";"B01";"1";"7";"0";"2";"1";"0";"1";""
"201900021087";"138 266 998";"A01";"2";"7";"6";"0";"1";"12";"1";""
"201900021088";"138 266 996";"A01";"2";"32";"0";"2";"7";"3";"3";""
"201900021088";"138 266 997";"B01";"2";"7";"0";"2";"6";"1";"1";""
"201900021089";"138 266 994";"A01";"2";"7";"0";"2";"1";"2";"1";""
"201900021089";"138 266 995";"B01";"2";"7";"0";"2";"4";"2";"1";""
"201900021090";"138 266 993";"A01";"1";"33";"5";"0";"9";"26";"1";""
"201900021091";"138 266 991";"B01";"1";"7";"0";"2";"1";"0";"1";""
"201900021091";"138 266 992";"A01";"1";"7";"0";"2";"4";"1";"1";""
"201900021092";"138 266 988";"B01";"1";"17";"0";"2";"3";"1";"1";""
"201900021092";"138 266 989";"C01";"1";"33";"0";"2";"1";"2";"1";""
"201900021092";"138 266 990";"A01";"1";"7";"0";"2";"8";"11";"1";""
"201900021093";"138 266 986";"B01";"2";"7";"0";"2";"3";"2";"1";""
"201900021093";"138 266 987";"A01";"2";"7";"3";"2";"5";"2";"1";""
"201900021094";"138 266 982";"B01";"2";"1";"0";"2";"1";"15";"5";""
"201900021094";"138 266 983";"A01";"1";"10";"0";"2";"2";"16";"1";""
"201900021095";"138 266 981";"A01";"0";"30";"12";"0";"1";"13";"1";""
"201900021096";"138 266 980";"A01";"1";"7";"0";"1";"0";"1";"1";""
"201900021097";"138 266 976";"A01";"2";"10";"0";"2";"1";"21";"1";""
"201900021097";"138 266 977";"B01";"2";"7";"0";"6";"4";"21";"1";""
"201900021098";"138 266 971";"A01";"2";"10";"0";"1";"3";"26";"1";""
"201900021099";"138 266 969";"A01";"2";"3";"0";"2";"2";"26";"0";""
"201900021099";"138 266 970";"B01";"2";"15";"0";"2";"6";"1";"0";""
"201900021100";"138 266 967";"A01";"1";"7";"0";"2";"2";"1";"1";""
"201900021100";"138 266 968";"B01";"1";"7";"0";"2";"3";"0";"1";""
"201900021101";"138 266 966";"A01";"1";"7";"0";"1";"1";"1";"0";""
"201900021102";"138 266 964";"A01";"2";"7";"0";"2";"1";"1";"1";""
"201900021102";"138 266 965";"B01";"2";"7";"0";"2";"4";"1";"1";""
"201900021103";"138 266 962";"B01";"2";"7";"0";"2";"8";"15";"1";""
"201900021103";"138 266 963";"A01";"1";"32";"0";"2";"1";"17";"1";""
"201900021104";"138 266 959";"A01";"1";"7";"0";"2";"1";"1";"1";""
"201900021104";"138 266 960";"B01";"1";"7";"0";"2";"4";"1";"1";""
"201900021104";"138 266 961";"C01";"1";"7";"0";"2";"4";"1";"1";""
"201900021105";"138 266 956";"A01";"1";"7";"1";"0";"2";"1";"0";""
"201900021106";"138 266 952";"A01";"1";"7";"0";"2";"3";"1";"1";""
"201900021106";"138 266 953";"B01";"1";"32";"0";"2";"7";"2";"1";""
"201900021107";"138 266 950";"A01";"3";"13";"0";"2";"2";"15";"6";""
"201900021107";"138 266 951";"B01";"3";"33";"0";"2";"1";"1";"0";""
"201900021108";"138 266 949";"A01";"1";"7";"0";"1";"2";"1";"1";""
"201900021109";"138 266 948";"A01";"1";"7";"0";"1";"3";"1";"1";""
"201900021110";"138 266 946";"B01";"2";"33";"0";"2";"1";"1";"1";""
"201900021110";"138 266 947";"A01";"1";"7";"0";"2";"7";"15";"1";""
"201900021111";"138 266 944";"B01";"1";"7";"0";"2";"3";"1";"1";""
"201900021111";"138 266 945";"A01";"2";"7";"0";"2";"1";"13";"1";""
"201900021112";"138 266 943";"A01";"2";"7";"0";"1";"2";"16";"1";""
"201900021113";"138 266 941";"A01";"1";"7";"0";"2";"1";"2";"1";""
"201900021113";"138 266 942";"B01";"1";"7";"0";"1";"4";"2";"1";""
"201900021114";"138 266 940";"A01";"1";"7";"0";"1";"3";"26";"1";""
"201900021115";"138 266 936";"B01";"0";"7";"0";"2";"3";"9";"1";""
"201900021115";"138 266 937";"A01";"0";"7";"0";"2";"7";"1";"1";""
"201900021116";"138 266 934";"A01";"0";"7";"0";"2";"1";"1";"1";""
"201900021116";"138 266 935";"B01";"0";"7";"0";"2";"5";"20";"1";""
"201900021117";"138 266 932";"A01";"2";"30";"0";"2";"7";"19";"1";""
"201900021117";"138 266 933";"B01";"2";"10";"0";"2";"8";"1";"0";""
"201900021118";"138 266 930";"A01";"2";"7";"0";"2";"3";"13";"1";""
"201900021118";"138 266 931";"B01";"1";"7";"0";"2";"8";"1";"1";""
"201900021119";"138 266 929";"A01";"2";"7";"6";"0";"1";"14";"1";""
"201900021120";"138 266 925";"B01";"3";"7";"0";"2";"3";"13";"1";""
"201900021120";"138 266 926";"A01";"3";"7";"0";"2";"3";"14";"1";""
"201900021121";"138 266 924";"A01";"2";"7";"0";"0";"0";"0";"0";""
"201900021122";"138 266 922";"A01";"1";"10";"0";"2";"1";"1";"1";""
"201900021122";"138 266 923";"B01";"1";"7";"0";"2";"4";"23";"1";""
"201900021123";"138 266 921";"A01";"1";"2";"0";"0";"1";"17";"1";""
"201900021124";"138 266 919";"A01";"1";"7";"0";"2";"2";"15";"1";""
"201900021124";"138 266 920";"B01";"1";"7";"0";"2";"1";"1";"1";""
"201900021125";"138 266 917";"B01";"1";"1";"0";"2";"5";"1";"5";""
"201900021125";"138 266 918";"A01";"1";"7";"0";"2";"3";"9";"1";""
"201900021126";"138 266 914";"A01";"1";"1";"0";"1";"1";"1";"2";""
"201900021127";"138 266 912";"B01";"2";"1";"0";"2";"3";"1";"5";""
"201900021127";"138 266 913";"A01";"1";"13";"0";"2";"5";"4";"1";""
"201900021128";"138 266 911";"A01";"1";"7";"0";"1";"1";"16";"1";""
"201900021129";"138 266 909";"B01";"2";"7";"0";"2";"1";"2";"1";""
"201900021129";"138 266 910";"A01";"2";"7";"0";"2";"4";"15";"1";""
"201900021130";"138 266 907";"B01";"1";"7";"0";"2";"3";"11";"0";""
"201900021130";"138 266 908";"A01";"1";"30";"0";"2";"1";"17";"0";""
"201900021131";"138 266 905";"B01";"2";"7";"0";"2";"7";"1";"1";""
"201900021131";"138 266 906";"A01";"2";"7";"0";"2";"3";"9";"1";""
"201900021132";"138 266 904";"A01";"1";"7";"15";"0";"1";"1";"1";""
"201900021133";"138 266 902";"B01";"2";"10";"0";"2";"1";"1";"1";""
"201900021133";"138 266 903";"A01";"1";"7";"0";"2";"1";"0";"1";""
"201900021134";"138 266 900";"A01";"1";"34";"0";"2";"1";"16";"1";""
"201900021134";"138 266 901";"B01";"1";"7";"0";"2";"7";"16";"1";""
"201900021135";"138 266 898";"A01";"1";"7";"0";"2";"0";"16";"1";""
"201900021135";"138 266 899";"B01";"2";"33";"0";"2";"0";"2";"1";""
"201900021136";"138 266 896";"A01";"1";"7";"0";"2";"1";"1";"1";""
"201900021136";"138 266 897";"B01";"1";"1";"0";"2";"1";"1";"5";""
"201900021137";"138 266 894";"B01";"1";"2";"0";"2";"1";"1";"1";""
"201900021137";"138 266 895";"A01";"1";"7";"0";"0";"0";"0";"1";""
"201900021138";"138 266 893";"I01";"1";"7";"0";"1";"1";"1";"1";""
"201900021139";"138 266 892";"A01";"1";"7";"0";"1";"1";"1";"1";""
"201900021140";"138 266 891";"A01";"1";"7";"0";"1";"1";"1";"6";""
"201900021141";"138 266 888";"A01";"1";"7";"1";"1";"3";"1";"1";""
"201900021142";"138 266 886";"A01";"1";"7";"0";"2";"7";"16";"1";""
"201900021142";"138 266 887";"B01";"1";"2";"0";"2";"3";"18";"1";""
"201900021143";"138 266 884";"B01";"2";"7";"0";"2";"6";"1";"1";""
"201900021143";"138 266 885";"A01";"2";"7";"0";"2";"1";"1";"1";""
"201900021144";"138 266 882";"A01";"1";"7";"0";"2";"3";"16";"1";""
"201900021144";"138 266 883";"B01";"1";"1";"0";"2";"1";"1";"5";""
"201900021145";"138 266 881";"A01";"2";"7";"2";"6";"1";"1";"1";""
"201900021146";"138 266 877";"A01";"3";"7";"0";"2";"3";"16";"1";""
"201900021146";"138 266 878";"B01";"3";"7";"0";"2";"1";"2";"1";""
"201900021147";"138 266 875";"B01";"3";"7";"0";"2";"4";"2";"1";""
"201900021147";"138 266 876";"A01";"3";"7";"0";"2";"1";"2";"1";""
"201900021148";"138 266 874";"A01";"2";"7";"13";"0";"1";"13";"1";""
"201900021149";"138 266 872";"B01";"1";"20";"0";"2";"4";"0";"1";""
"201900021149";"138 266 873";"A01";"0";"1";"0";"2";"1";"0";"5";""
"201900021150";"138 266 870";"B01";"1";"1";"0";"2";"9";"0";"5";""
"201900021150";"138 266 871";"A01";"1";"7";"0";"2";"0";"0";"1";""
"201900021151";"138 266 868";"B01";"1";"2";"0";"2";"7";"0";"1";""
"201900021151";"138 266 869";"A01";"1";"7";"0";"2";"8";"0";"1";""
"201900021152";"138 266 866";"A01";"2";"10";"0";"2";"5";"12";"1";""
"201900021152";"138 266 867";"B01";"2";"43";"0";"2";"3";"1";"1";""
"201900021153";"138 266 864";"A01";"1";"7";"0";"2";"1";"2";"1";""