"Num_Acc";"id_vehicule";"num_veh";"senc";"catv";"obs";"obsm";"choc";"manv";"motor";"occutc"
"201900021153";"138 266 865";"B01";"1";"7";"0";"2";"4";"2";"1";""
"201900021154";"138 266 862";"A01";"2";"32";"0";"2";"1";"14";"1";""
"201900021154";"138 266 863";"B01";"2";"10";"0";"2";"4";"1";"0";""
"201900021155";"138 266 859";"B01";"1";"31";"0";"2";"4";"17";"1";""
"201900021155";"138 266 860";"C01";"1";"7";"0";"2";"6";"1";"1";""
"201900021155";"138 266 861";"A01";"1";"31";"0";"2";"1";"17";"1";""
"201900021156";"138 266 857";"A01";"1";"7";"4";"0";"8";"11";"1";""
"201900021156";"138 266 858";"B01";"1";"15";"4";"2";"2";"1";"1";""
"201900021157";"138 266 854";"B01";"2";"7";"0";"2";"1";"1";"1";""
"201900021157";"138 266 855";"C01";"2";"7";"0";"2";"8";"1";"1";""
"201900021157";"138 266 856";"A01";"1";"7";"0";"2";"0";"13";"1";""
"201900021158";"138 266 852";"B01";"2";"7";"0";"2";"4";"2";"1";""
"201900021158";"138 266 853";"A01";"2";"7";"0";"2";"1";"9";"1";""
"201900021159";"138 266 847";"A01";"2";"7";"4";"0";"7";"0";"1";""
"201900021160";"138 266 846";"A01";"1";"10";"4";"0";"2";"14";"1";""
"201900021161";"138 266 845";"A01";"1";"7";"0";"0";"0";"0";"0";""
"201900021162";"138 266 843";"B01";"2";"33";"0";"2";"4";"2";"1";""
"201900021162";"138 266 844";"A01";"2";"31";"0";"2";"1";"2";"1";""
"201900021163";"138 266 841";"A01";"2";"7";"0";"2";"1";"2";"1";""
"201900021163";"138 266 842";"B01";"2";"7";"0";"2";"4";"2";"1";""
"201900021164";"138 266 839";"A01";"1";"33";"0";"2";"2";"3";"1";""
"201900021164";"138 266 840";"B01";"1";"7";"0";"2";"5";"12";"1";""
"201900021165";"138 266 837";"A01";"2";"7";"0";"2";"1";"9";"1";""
"201900021165";"138 266 838";"B01";"2";"7";"0";"2";"1";"1";"1";""
"201900021166";"138 266 833";"A01";"2";"7";"0";"2";"1";"2";"1";""
"201900021166";"138 266 834";"B01";"2";"7";"0";"2";"4";"2";"1";""
"201900021166";"138 266 835";"C01";"2";"7";"0";"2";"4";"2";"1";""
"201900021166";"138 266 836";"D01";"2";"7";"0";"2";"4";"2";"4";""
"201900021167";"138 266 831";"B01";"1";"7";"0";"2";"4";"2";"1";""
"201900021167";"138 266 832";"A01";"1";"7";"0";"2";"1";"1";"1";""
"201900021168";"138 266 830";"A01";"2";"10";"4";"0";"1";"14";"1";""
"201900021169";"138 266 826";"A01";"1";"7";"0";"2";"1";"2";"1";""
"201900021169";"138 266 827";"C01";"1";"10";"0";"2";"4";"2";"1";""
"201900021169";"138 266 828";"B01";"1";"7";"0";"2";"4";"2";"1";""
"201900021169";"138 266 829";"D01";"1";"7";"0";"2";"4";"2";"1";""
"201900021170";"138 266 825";"A01";"1";"7";"4";"0";"1";"1";"1";""
"201900021171";"138 266 823";"B01";"1";"33";"0";"2";"8";"1";"1";""
"201900021171";"138 266 824";"A01";"1";"10";"0";"2";"5";"12";"1";""
"201900021172";"138 266 822";"A01";"2";"7";"4";"0";"1";"13";"1";""
"201900021173";"138 266 819";"C01";"2";"7";"0";"2";"7";"1";"1";""
"201900021173";"138 266 820";"B01";"2";"7";"0";"2";"3";"1";"1";""
"201900021173";"138 266 821";"A01";"2";"15";"0";"2";"7";"12";"1";""
"201900021174";"138 266 817";"A01";"1";"14";"0";"2";"1";"2";"1";""
"201900021174";"138 266 818";"B01";"1";"7";"0";"2";"4";"2";"1";""
"201900021175";"138 266 814";"B01";"2";"17";"0";"2";"1";"2";"1";""
"201900021175";"138 266 815";"C01";"2";"33";"0";"2";"4";"12";"1";""
"201900021175";"138 266 816";"A01";"2";"17";"0";"2";"1";"2";"1";""
"201900021176";"138 266 812";"Z01";"1";"10";"0";"2";"0";"0";"0";""
"201900021176";"138 266 813";"A01";"1";"7";"4";"2";"7";"1";"1";""
"201900021177";"138 266 811";"A01";"2";"7";"4";"0";"1";"1";"1";""
"201900021178";"138 266 810";"A01";"2";"7";"4";"0";"1";"12";"1";""
"201900021179";"138 266 809";"A01";"2";"7";"4";"0";"2";"14";"1";""
"201900021180";"138 266 806";"C01";"2";"7";"0";"2";"1";"1";"1";""
"201900021180";"138 266 807";"B01";"1";"7";"3";"2";"8";"1";"1";""
"201900021180";"138 266 808";"A01";"1";"10";"4";"2";"1";"12";"1";""
"201900021181";"138 266 803";"C01";"1";"7";"0";"2";"6";"2";"1";""
"201900021181";"138 266 804";"B01";"1";"7";"4";"2";"4";"2";"1";""
"201900021181";"138 266 805";"A01";"1";"7";"0";"2";"1";"1";"1";""
"201900021182";"138 266 801";"B01";"1";"7";"0";"2";"4";"2";"1";""
"201900021182";"138 266 802";"A01";"1";"10";"0";"2";"1";"1";"1";""
"201900021183";"138 266 798";"C01";"1";"7";"0";"2";"4";"1";"1";""
"201900021183";"138 266 799";"B01";"1";"7";"0";"2";"4";"2";"1";""
"201900021183";"138 266 800";"A01";"1";"7";"0";"2";"1";"1";"1";""
"201900021184";"138 266 796";"A01";"1";"17";"0";"2";"7";"12";"1";""
"201900021184";"138 266 797";"B01";"1";"7";"0";"2";"1";"1";"1";""
"201900021185";"138 266 794";"B01";"2";"10";"0";"2";"4";"2";"1";""
"201900021185";"138 266 795";"A01";"2";"33";"0";"2";"1";"1";"1";""
"201900021186";"138 266 789";"Z01";"1";"0";"0";"2";"1";"2";"0";""
"201900021186";"138 266 790";"D01";"1";"7";"0";"2";"4";"2";"1";""
"201900021186";"138 266 791";"C01";"1";"7";"0";"2";"4";"2";"1";""
"201900021186";"138 266 792";"B01";"1";"7";"0";"2";"4";"2";"1";""
"201900021186";"138 266 793";"A01";"1";"7";"0";"2";"4";"2";"1";""
"201900021187";"138 266 787";"B01";"2";"31";"0";"2";"1";"3";"1";""
"201900021187";"138 266 788";"A01";"2";"7";"0";"2";"7";"12";"1";""
"201900021188";"138 266 785";"A01";"2";"33";"0";"2";"3";"3";"1";""
"201900021188";"138 266 786";"B01";"2";"7";"0";"2";"5";"12";"1";""
"201900021189";"138 266 783";"A01";"1";"33";"0";"2";"2";"3";"1";""
"201900021189";"138 266 784";"B01";"1";"7";"0";"2";"3";"11";"1";""
"201900021190";"138 266 781";"B01";"1";"7";"0";"2";"4";"2";"1";""
"201900021190";"138 266 782";"A01";"1";"7";"0";"2";"1";"2";"1";""
"201900021191";"138 266 780";"A01";"2";"7";"13";"0";"9";"15";"1";""
"201900021192";"138 266 777";"B01";"2";"7";"0";"2";"8";"1";"1";""
"201900021192";"138 266 778";"A01";"2";"14";"0";"2";"7";"12";"1";""
"201900021193";"138 266 773";"A01";"1";"13";"0";"2";"1";"2";"1";""
"201900021193";"138 266 774";"C01";"1";"7";"0";"2";"1";"2";"1";""
"201900021193";"138 266 775";"B01";"1";"7";"0";"2";"4";"1";"1";""
"201900021194";"138 266 771";"A01";"1";"7";"0";"0";"4";"9";"1";""
"201900021194";"138 266 772";"B01";"1";"7";"0";"2";"1";"2";"1";""
"201900021195";"138 266 768";"B01";"2";"7";"0";"2";"7";"12";"1";""
"201900021195";"138 266 769";"C01";"2";"7";"0";"2";"8";"1";"1";""
"201900021195";"138 266 770";"A01";"2";"33";"0";"2";"1";"3";"1";""
"201900021196";"138 266 766";"A01";"1";"7";"3";"0";"3";"9";"1";""
"201900021197";"138 266 762";"A01";"1";"15";"0";"2";"4";"1";"1";""
"201900021197";"138 266 763";"C01";"1";"7";"0";"2";"1";"1";"1";""
"201900021197";"138 266 764";"D01";"1";"7";"0";"2";"1";"1";"1";""
"201900021197";"138 266 765";"B01";"1";"7";"0";"2";"1";"1";"1";""
"201900021198";"138 266 761";"A01";"1";"33";"3";"0";"3";"1";"1";""
"201900021199";"138 266 759";"B01";"2";"10";"0";"2";"4";"0";"1";""
"201900021199";"138 266 760";"A01";"2";"7";"0";"2";"1";"26";"1";""
"201900021200";"138 266 757";"A01";"1";"31";"0";"2";"1";"1";"1";""
"201900021200";"138 266 758";"Z01";"1";"7";"0";"2";"4";"11";"1";""
"201900021201";"138 266 756";"A01";"2";"7";"3";"0";"1";"14";"1";""
"201900021202";"138 266 754";"B01";"2";"7";"0";"2";"1";"2";"1";""
"201900021202";"138 266 755";"A01";"2";"7";"0";"2";"4";"1";"1";""
"201900021203";"138 266 751";"A01";"1";"7";"0";"2";"4";"1";"1";""
"201900021203";"138 266 752";"C01";"1";"34";"0";"2";"2";"3";"1";""
"201900021203";"138 266 753";"B01";"1";"7";"0";"2";"3";"1";"1";""
"201900021204";"138 266 746";"B01";"2";"7";"0";"2";"3";"21";"1";""
"201900021204";"138 266 747";"A01";"2";"7";"0";"2";"2";"12";"1";""
"201900021205";"138 266 744";"A01";"2";"7";"0";"2";"4";"1";"1";""
"201900021205";"138 266 745";"B01";"2";"7";"0";"2";"1";"2";"1";""
"201900021206";"138 266 742";"B01";"1";"7";"0";"2";"1";"2";"1";""
"201900021206";"138 266 743";"A01";"1";"7";"0";"2";"4";"1";"1";""
"201900021207";"138 266 738";"B01";"2";"32";"0";"2";"8";"1";"1";""
"201900021207";"138 266 739";"A01";"2";"7";"0";"2";"7";"14";"1";""
"201900021208";"138 266 736";"A01";"2";"7";"0";"2";"7";"12";"1";""
"201900021208";"138 266 737";"B01";"2";"33";"0";"2";"8";"3";"1";""
"201900021209";"138 266 734";"A01";"2";"17";"0";"2";"2";"12";"1";""
"201900021209";"138 266 735";"B01";"2";"7";"0";"2";"8";"1";"1";""
"201900021210";"138 266 731";"A01";"3";"7";"8";"0";"1";"1";"1";""
"201900021211";"138 266 730";"B01";"1";"1";"1";"0";"2";"1";"0";""
"201900021212";"138 266 728";"A01";"1";"7";"0";"2";"2";"15";"1";""
"201900021212";"138 266 729";"B01";"1";"3";"0";"2";"1";"1";"1";""
"201900021213";"138 266 726";"B01";"1";"7";"0";"2";"1";"1";"1";""
"201900021213";"138 266 727";"A01";"2";"7";"0";"2";"1";"15";"1";""
"201900021214";"138 266 723";"A01";"1";"7";"0";"2";"1";"13";"1";""
"201900021214";"138 266 724";"B01";"1";"7";"0";"2";"6";"1";"1";""
"201900021214";"138 266 725";"C01";"2";"7";"0";"2";"3";"1";"1";""
"201900021215";"138 266 722";"A01";"3";"7";"8";"0";"1";"14";"1";""
"201900021216";"138 266 720";"A01";"2";"7";"0";"2";"1";"15";"1";""
"201900021216";"138 266 721";"B01";"1";"2";"0";"2";"3";"16";"1";""
"201900021217";"138 266 718";"B01";"3";"7";"0";"2";"4";"0";"1";""
"201900021217";"138 266 719";"A01";"3";"33";"0";"2";"1";"1";"1";""
"201900021218";"138 266 715";"C01";"0";"7";"0";"2";"5";"24";"1";""
"201900021218";"138 266 716";"B01";"2";"7";"0";"2";"6";"20";"1";""
"201900021218";"138 266 717";"A01";"2";"33";"1";"2";"3";"2";"1";""
"201900021219";"138 266 712";"A01";"1";"7";"4";"0";"1";"14";"1";""
"201900021220";"138 266 711";"A01";"1";"32";"0";"1";"1";"1";"1";""
"201900021221";"138 266 709";"B01";"1";"7";"0";"2";"3";"19";"1";""
"201900021221";"138 266 710";"A01";"1";"30";"0";"2";"1";"17";"0";""
"201900021222";"138 266 707";"B01";"0";"1";"0";"2";"4";"15";"0";""
"201900021222";"138 266 708";"A01";"1";"7";"0";"2";"3";"16";"1";""
"201900021223";"138 266 705";"A01";"1";"7";"0";"2";"8";"1";"0";""
"201900021223";"138 266 706";"B01";"1";"1";"0";"2";"7";"9";"0";""
"201900021224";"138 266 703";"B01";"2";"33";"0";"2";"1";"17";"1";""
"201900021224";"138 266 704";"A01";"1";"7";"0";"2";"1";"15";"1";""
"201900021225";"138 266 702";"A01";"3";"38";"0";"1";"2";"1";"1";"1"
"201900021226";"138 266 700";"A01";"1";"31";"0";"2";"7";"2";"1";""
"201900021226";"138 266 701";"B01";"1";"30";"0";"2";"1";"2";"1";""
"201900021227";"138 266 698";"A01";"3";"31";"0";"2";"7";"17";"1";""
"201900021227";"138 266 699";"B01";"3";"7";"0";"2";"8";"15";"1";""
"201900021228";"138 266 697";"A01";"1";"10";"0";"1";"2";"1";"1";""
"201900021229";"138 266 694";"A01";"2";"7";"0";"1";"2";"1";"1";""
"201900021230";"138 266 693";"A01";"2";"41";"0";"0";"0";"13";"1";""
"201900021231";"138 266 689";"B01";"0";"1";"0";"2";"3";"1";"0";""
"201900021231";"138 266 690";"A01";"0";"7";"0";"2";"5";"17";"1";""
"201900021232";"138 266 688";"A01";"1";"7";"0";"1";"3";"1";"1";""
"201900021233";"138 266 680";"A01";"3";"7";"7";"2";"3";"18";"1";""
"201900021233";"138 266 681";"B01";"3";"7";"0";"2";"5";"1";"1";""
"201900021234";"138 266 678";"B01";"1";"7";"0";"2";"3";"15";"1";""
"201900021234";"138 266 679";"A01";"1";"7";"0";"2";"5";"17";"1";""
"201900021235";"138 266 674";"A01";"1";"10";"0";"2";"3";"1";"1";""
"201900021235";"138 266 675";"B01";"2";"1";"0";"2";"1";"1";"5";""
"201900021236";"138 266 673";"A01";"1";"7";"0";"1";"2";"16";"1";""
"201900021237";"138 266 671";"A01";"1";"7";"0";"2";"1";"2";"1";""
"201900021237";"138 266 672";"B01";"1";"7";"0";"2";"4";"2";"1";""
"201900021238";"138 266 669";"A01";"2";"7";"0";"2";"3";"15";"1";""
"201900021238";"138 266 670";"B01";"2";"7";"0";"2";"2";"13";"1";""
"201900021239";"138 266 668";"A01";"1";"33";"0";"2";"0";"0";"1";""
"201900021240";"138 266 667";"Z01";"0";"7";"0";"1";"0";"0";"0";""
"201900021241";"138 266 666";"A01";"3";"1";"0";"1";"1";"1";"5";""
"201900021242";"138 266 665";"A01";"1";"7";"0";"1";"1";"1";"1";""
"201900021243";"138 266 663";"A01";"1";"7";"0";"2";"1";"1";"1";""
"201900021243";"138 266 664";"B01";"1";"7";"0";"2";"7";"1";"1";""
"201900021244";"138 266 661";"A01";"2";"7";"0";"2";"8";"16";"1";""
"201900021244";"138 266 662";"B01";"1";"13";"0";"2";"1";"0";"1";""
"201900021245";"138 266 659";"A01";"1";"1";"0";"2";"1";"2";"5";""
"201900021245";"138 266 660";"B01";"1";"7";"0";"2";"4";"23";"1";""
"201900021246";"138 266 657";"A01";"1";"7";"0";"2";"1";"0";"1";""
"201900021246";"138 266 658";"B01";"2";"1";"0";"2";"1";"19";"0";""
"201900021247";"138 266 655";"A01";"1";"1";"0";"2";"0";"0";"5";""
"201900021247";"138 266 656";"B01";"1";"14";"0";"2";"0";"2";"1";""
"201900021248";"138 266 654";"A01";"1";"7";"0";"1";"4";"20";"1";""
"201900021249";"138 266 653";"A01";"0";"30";"1";"0";"1";"1";"1";""
"201900021250";"138 266 651";"A01";"2";"7";"0";"2";"3";"1";"1";""
"201900021250";"138 266 652";"B01";"1";"7";"0";"2";"3";"1";"1";""
"201900021251";"138 266 649";"B01";"1";"7";"0";"0";"3";"0";"1";""
"201900021251";"138 266 650";"A01";"2";"7";"6";"0";"3";"26";"1";""
"201900021252";"138 266 647";"B01";"2";"33";"0";"2";"7";"1";"1";""
"201900021252";"138 266 648";"A01";"2";"7";"0";"2";"3";"11";"1";""
"201900021253";"138 266 646";"A01";"3";"7";"0";"1";"1";"1";"1";""
"201900021254";"138 266 645";"A01";"3";"7";"0";"1";"1";"1";"1";""
"201900021255";"138 266 643";"B01";"2";"7";"0";"2";"5";"10";"1";""
"201900021255";"138 266 644";"A01";"1";"33";"0";"2";"8";"21";"1";""
"201900021256";"138 266 641";"B01";"1";"30";"0";"2";"1";"1";"1";""
"201900021256";"138 266 642";"A01";"2";"7";"0";"2";"3";"16";"1";""
"201900021257";"138 266 639";"Z01";"0";"7";"0";"2";"0";"1";"1";""
"201900021257";"138 266 640";"A01";"0";"7";"0";"2";"8";"1";"1";""
"201900021258";"138 266 638";"A01";"1";"1";"6";"0";"0";"26";"5";""
"201900021259";"138 266 636";"A01";"1";"7";"0";"2";"1";"2";"1";""
"201900021259";"138 266 637";"B01";"1";"7";"0";"2";"4";"2";"1";""
"201900021260";"138 266 632";"B01";"1";"7";"0";"2";"3";"1";"1";""
"201900021260";"138 266 633";"A01";"1";"7";"0";"2";"8";"0";"1";""
"201900021261";"138 266 631";"A01";"3";"99";"0";"0";"1";"26";"5";""
"201900021262";"138 266 629";"A01";"1";"7";"0";"2";"8";"15";"1";""
"201900021262";"138 266 630";"B01";"1";"2";"0";"2";"8";"17";"1";""
"201900021263";"138 266 627";"A01";"1";"7";"0";"2";"1";"1";"1";""
"201900021263";"138 266 628";"B01";"1";"7";"0";"2";"4";"23";"1";""
"201900021264";"138 266 625";"B01";"1";"2";"0";"2";"0";"0";"1";""
"201900021264";"138 266 626";"A01";"1";"7";"0";"2";"0";"2";"1";""
"201900021265";"138 266 624";"A01";"2";"10";"13";"0";"3";"13";"1";""
"201900021266";"138 266 622";"B01";"2";"1";"0";"2";"1";"1";"5";""
"201900021266";"138 266 623";"A01";"1";"7";"0";"2";"2";"15";"1";""
"201900021267";"138 266 620";"A01";"2";"31";"0";"2";"7";"1";"1";""
"201900021267";"138 266 621";"B01";"1";"7";"0";"2";"1";"1";"1";""
"201900021268";"138 266 618";"B01";"1";"15";"0";"2";"8";"15";"1";""
"201900021268";"138 266 619";"A01";"1";"34";"0";"2";"1";"17";"1";""
"201900021269";"138 266 617";"A01";"1";"7";"6";"1";"1";"17";"1";""
"201900021270";"138 266 616";"A01";"1";"34";"0";"1";"1";"17";"1";""
"201900021271";"138 266 615";"A01";"1";"3";"0";"1";"1";"1";"1";""
"201900021272";"138 266 614";"A01";"3";"7";"9";"0";"1";"26";"1";""
"201900021273";"138 266 613";"A01";"2";"7";"9";"0";"1";"21";"1";""
"201900021274";"138 266 612";"B01";"2";"7";"3";"0";"2";"14";" -1";""
"201900021275";"138 266 611";"A01";"3";"7";"0";"1";"2";"1";"1";""
"201900021276";"138 266 604";"C01";"2";"7";"0";"2";"8";"1";"2";""
"201900021276";"138 266 605";"B01";"2";"7";"0";"2";"5";"1";"1";""
"201900021276";"138 266 606";"A01";"2";"43";"0";"2";"3";"3";"1";""
"201900021277";"138 266 602";"A01";"2";"10";"0";"2";"6";"11";"1";""
"201900021277";"138 266 603";"B01";"2";"33";"0";"2";"1";"11";"1";""
"201900021278";"138 266 600";"B01";"2";"7";"0";"2";"6";"11";"1";""
"201900021278";"138 266 601";"A01";"2";"31";"0";"2";"2";"3";"1";""
"201900021279";"138 266 596";"A01";"2";"14";"0";"2";"2";"12";"1";""
"201900021279";"138 266 597";"B01";"2";"7";"0";"2";"6";"1";"1";""
"201900021279";"138 266 598";"C01";"2";"32";"0";"2";"0";"1";"1";""
"201900021279";"138 266 599";"D01";"2";"7";"0";"2";"0";"1";"1";""
"201900021280";"138 266 594";"A01";"2";"7";"0";"1";"3";"9";"1";""
"201900021280";"138 266 595";"B01";"2";"32";"0";"2";"7";"1";"1";""
"201900021281";"138 266 592";"B01";"2";"1";"0";"2";"0";"7";"5";""
"201900021281";"138 266 593";"A01";"2";"10";"0";"2";"2";"16";"1";""
"201900021282";"138 266 590";"A01";"1";"14";"0";"0";"5";"23";"1";""
"201900021282";"138 266 591";"B01";"1";"1";"0";"0";"1";"1";"5";""
"201900021283";"138 266 589";"A01";"1";"7";"0";"1";"3";"1";"1";""
"201900021284";"138 266 588";"Z01";"2";"30";"0";"1";"7";"25";"0";""
"201900021285";"138 266 586";"A01";"3";"7";"0";"2";"1";"1";"1";""
"201900021285";"138 266 587";"B01";"1";"50";"0";"2";"1";"19";"3";""
"201900021286";"138 266 585";"A01";"1";"34";"0";"1";"1";"17";"1";""
"201900021287";"138 266 583";"B01";"1";"7";"0";"2";"4";"23";"1";""
"201900021287";"138 266 584";"A01";"1";"7";"0";"2";"1";"2";"1";""
"201900021288";"138 266 582";"A01";"2";"7";"0";"1";"2";"1";"1";""
"201900021289";"138 266 581";"A01";"2";"32";"0";"1";"1";"20";"1";""
"201900021290";"138 266 579";"A01";"1";"7";"0";"2";"0";"22";"1";""
"201900021290";"138 266 580";"B01";"1";"2";"0";"2";"0";"18";"3";""
"201900021291";"138 266 578";"A01";"1";"7";"0";"1";"3";"1";"1";""
"201900021292";"138 266 575";"Z01";"3";"33";"0";"2";"8";"14";"0";""
"201900021292";"138 266 576";"X01";"3";"14";"0";"2";"7";"14";"0";""
"201900021292";"138 266 577";"A01";"3";"30";"0";"2";"8";"1";"1";""
"201900021293";"138 266 573";"A01";"1";"10";"0";"2";"2";"15";"1";""
"201900021293";"138 266 574";"B01";"2";"50";"0";"2";"8";"1";"3";""
"201900021294";"138 266 571";"B01";"2";"2";"0";"2";"3";"7";"3";""
"201900021294";"138 266 572";"A01";"1";"7";"0";"2";"5";"15";"2";""
"201900021295";"138 266 569";"A01";"1";"33";"0";"2";"8";"1";"1";""
"201900021295";"138 266 570";"Z01";"2";"1";"0";"2";"1";"16";"5";""
"201900021296";"138 266 568";"A01";"2";"50";"0";"1";"3";"25";"3";""
"201900021297";"138 266 566";"A01";"1";"30";"0";"2";"1";"7";"1";""
"201900021297";"138 266 567";"Z01";"1";"7";"0";"2";"6";"11";"1";""
"201900021298";"138 266 564";"A01";"2";"7";"0";"2";"3";"11";"1";""
"201900021298";"138 266 565";"B01";"2";"32";"0";"2";"2";"1";"1";""
"201900021299";"138 266 563";"A01";"1";"30";"14";"0";"1";"17";"3";""
"201900021300";"138 266 562";"A01";"1";"10";"1";"1";"3";"2";"0";""
"201900021301";"138 266 561";"A01";"1";"3";"0";"0";"2";"1";"0";""
"201900021302";"138 266 559";"A01";"2";"7";"0";"2";"1";"26";"1";""
"201900021302";"138 266 560";"B01";"2";"33";"0";"2";"7";"1";"1";""
"201900021303";"138 266 557";"B01";"2";"33";"0";"2";"1";"26";"1";""
"201900021303";"138 266 558";"A01";"1";"42";"0";"2";"1";"17";"1";""
"201900021304";"138 266 555";"B01";"2";"7";"0";"2";"3";"1";"1";""
"201900021304";"138 266 556";"A01";"1";"10";"0";"2";"1";"10";"1";""
"201900021305";"138 266 554";"A01";"2";"7";"0";"1";"1";"1";"1";""
"201900021306";"138 266 552";"B01";"1";"99";"0";"2";"4";"2";"3";""
"201900021306";"138 266 553";"A01";"1";"7";"0";"2";"2";"14";"1";""
"201900021307";"138 266 550";"B01";"2";"31";"0";"2";"1";"1";"1";""
"201900021307";"138 266 551";"A01";"1";"10";"0";"2";"7";"15";"1";""
"201900021308";"138 266 548";"A01";"3";"7";"0";"2";"8";"1";"1";""
"201900021308";"138 266 549";"B01";"3";"32";"0";"2";"1";"0";"1";""
"201900021309";"138 266 544";"B01";"1";"43";"0";"2";"1";"1";"0";""
"201900021309";"138 266 545";"A01";"1";"7";"0";"2";"0";"20";"0";""
"201900021310";"138 266 543";"A01";"3";"7";"0";"9";"8";"17";"0";""
"201900021311";"138 266 541";"A01";"1";"7";"0";"2";"2";"1";"1";""
"201900021311";"138 266 542";"B01";"1";"7";"0";"2";"1";"0";"0";""
"201900021312";"138 266 539";"A01";"1";"7";"0";"2";"4";"23";"1";""
"201900021312";"138 266 540";"B01";"1";"10";"0";"2";"1";"2";"1";""
"201900021313";"138 266 538";"A01";"1";"7";"0";"1";"2";"9";"1";""
"201900021314";"138 266 536";"A01";"1";"7";"0";"2";"7";"14";"0";""
"201900021314";"138 266 537";"B01";"1";"31";"0";"2";"8";"1";"0";""
"201900021315";"138 266 534";"A01";"3";"7";"0";"2";"7";"15";"1";""
"201900021315";"138 266 535";"B01";"3";"34";"0";"2";"1";"1";"1";""
"201900021316";"138 266 530";"B01";"1";"2";"0";"2";"1";"19";"1";""
"201900021316";"138 266 531";"A01";"1";"7";"0";"2";"2";"15";"2";""
"201900021317";"138 266 529";"A01";"1";"60";"0";"1";"1";"25";"5";""
"201900021318";"138 266 527";"A01";"1";"33";"0";"2";"1";"7";"1";""
"201900021318";"138 266 528";"B01";"1";"7";"0";"2";"5";"16";"1";""
"201900021319";"138 266 526";"A01";"3";"7";"0";"1";"7";"1";"1";""
"201900021320";"138 266 525";"A01";"2";"7";"17";"0";"3";"13";"1";""
"201900021321";"138 266 523";"A01";"3";"7";"0";"9";"1";"1";"1";""
"201900021321";"138 266 524";"B01";"3";"1";"0";"2";"1";"1";"5";""
"201900021322";"138 266 519";"A01";"1";"7";"0";"0";"8";"15";"0";""
"201900021322";"138 266 520";"B01";"2";"7";"0";"2";"1";"17";"1";""
"201900021323";"138 266 517";"A01";"1";"7";"0";"2";"1";"9";"1";""
"201900021323";"138 266 518";"B01";"1";"7";"7";"2";"3";"1";"1";""
"201900021324";"138 266 516";"A01";"1";"99";"13";"0";"2";"0";"0";""
"201900021325";"138 266 512";"A01";"0";"7";"0";"2";"1";"2";"1";""
"201900021325";"138 266 513";"B01";"3";"1";"0";"0";"4";"1";"0";""
"201900021326";"138 266 511";"A01";"1";"33";"6";"0";"2";"1";"1";""
"201900021327";"138 266 509";"B01";"1";"30";"1";"0";"1";"23";"1";""
"201900021327";"138 266 510";"A01";"2";"7";"1";"0";"3";"15";"1";""
"201900021328";"138 266 507";"A01";"3";"7";"0";"1";"1";"9";"1";""
"201900021329";"138 266 505";"B01";"3";"7";"0";"2";"1";"1";"1";""
"201900021329";"138 266 506";"A01";"3";"7";"0";"2";"6";"5";"1";""
"201900021330";"138 266 503";"A01";"1";"7";"0";"2";"3";"15";"1";""
"201900021330";"138 266 504";"B01";"2";"2";"0";"2";"1";"2";"1";""
"201900021331";"138 266 502";"A01";"2";"10";"3";"0";"9";"14";"1";""
"201900021332";"138 266 501";"A01";"0";"7";"0";"0";"9";"0";"1";""
"201900021333";"138 266 497";"A01";"1";"7";"0";"2";"1";"15";"1";""
"201900021333";"138 266 498";"B01";"1";"7";"0";"2";"3";"1";"1";""
"201900021334";"138 266 495";"A01";"1";"1";"0";"2";"8";"15";"5";""
"201900021334";"138 266 496";"B01";"1";"7";"0";"2";"1";"1";"1";""
"201900021335";"138 266 493";"B01";"1";"7";"0";"2";"1";"26";"1";""
"201900021335";"138 266 494";"A01";"2";"7";"0";"2";"4";"15";"1";""
"201900021336";"138 266 491";"A01";"2";"7";"16";"0";"1";"15";"1";""
"201900021336";"138 266 492";"B01";"1";"7";"0";"2";"7";"2";"0";""
"201900021337";"138 266 489";"B01";"1";"33";"0";"2";"0";"1";"1";""
"201900021337";"138 266 490";"A01";"2";"3";"0";"2";"3";"15";"1";""
"201900021338";"138 266 487";"A01";"1";"7";"0";"2";"3";"21";"1";""
"201900021338";"138 266 488";"B01";"1";"7";"2";"0";"5";"1";"1";""
"201900021339";"138 266 486";"A01";"1";"7";"0";"1";"1";"19";"1";""
"201900021340";"138 266 485";"A01";"2";"30";"0";"1";"1";"1";"0";""
"201900021341";"138 266 484";"A01";"1";"7";"1";"0";"3";"1";"1";""
"201900021342";"138 266 482";"D01";"2";"7";"0";"2";"3";"1";" -1";""
"201900021342";"138 266 483";"C01";"2";"7";"0";"2";"7";"17";" -1";""
"201900021343";"138 266 480";"A01";"2";"7";"0";"2";"4";"23";"1";""
"201900021343";"138 266 481";"B01";"2";"2";"0";"2";"1";"2";"1";""
"201900021344";"138 266 477";"A01";"1";"7";"0";"2";"3";"15";"1";""
"201900021344";"138 266 478";"B01";"2";"1";"0";"2";"6";"26";"5";""
"201900021345";"138 266 474";"B01";"1";"1";"0";"2";"0";"0";"5";""
"201900021345";"138 266 475";"A01";"1";"10";"0";"6";"1";"1";"0";""
"201900021346";"138 266 470";"A01";"1";"7";"0";"2";"2";"2";"1";""
"201900021346";"138 266 471";"B01";"1";"7";"0";"2";"9";"2";"1";""
"201900021346";"138 266 472";"C01";"1";"7";"0";"2";"9";"2";"1";""