"Num_Acc";"id_vehicule";"num_veh";"senc";"catv";"obs";"obsm";"choc";"manv";"motor";"occutc"
"201900022378";"138 264 483";"A01";"1";"7";"0";"1";"1";"1";"1";""
"201900022379";"138 264 481";"Z01";"1";"99";"0";"1";"1";"1";"3";""
"201900022380";"138 264 480";"A01";"1";"7";"0";"2";"1";"2";"1";""
"201900022380";"138 264 482";"B01";"1";"7";"0";"2";"4";"23";"1";""
"201900022381";"138 264 479";"A01";"1";"37";"0";"1";"2";"1";"0";"1"
"201900022382";"138 264 477";"B01";"3";"7";"0";"2";"6";"1";"1";""
"201900022382";"138 264 478";"A01";"3";"7";"0";"2";"2";"19";"1";""
"201900022383";"138 264 476";"A01";"1";"7";"0";"1";"6";"15";"1";""
"201900022384";"138 264 475";"A01";"0";"7";"0";"1";"2";"1";"1";""
"201900022385";"138 264 471";"B01";"1";"1";"0";"2";"7";"19";"5";""
"201900022385";"138 264 472";"A01";"1";"7";"0";"2";"1";"1";"1";""
"201900022386";"138 264 469";"B01";"1";"7";"0";"2";"3";"15";"1";""
"201900022386";"138 264 470";"A01";"1";"30";"0";"2";"1";"17";"1";""
"201900022387";"138 264 468";"A01";"1";"34";"0";"1";"0";"0";"1";""
"201900022388";"138 264 466";"A01";"1";"7";"0";"1";"3";"1";"1";""
"201900022389";"138 264 465";"A01";"1";"43";"0";"2";"8";"11";"1";""
"201900022389";"138 264 467";"B01";"1";"10";"0";"2";"2";"1";"1";""
"201900022390";"138 264 464";"A01";"3";"7";"0";"1";"6";"20";"1";""
"201900022391";"138 264 459";"B01";"1";"7";"0";"2";"8";"1";"1";""
"201900022391";"138 264 460";"A01";"1";"10";"0";"2";"1";"1";"1";""
"201900022392";"138 264 457";"B01";"2";"33";"0";"2";"1";"1";"1";""
"201900022392";"138 264 458";"A01";"1";"7";"0";"2";"7";"15";"1";""
"201900022393";"138 264 454";"A01";"2";"30";"0";"2";"7";"17";"1";""
"201900022393";"138 264 455";"B01";"2";"7";"0";"2";"1";"19";"1";""
"201900022394";"138 264 453";"B01";"2";"13";"0";"2";"1";"26";"1";""
"201900022394";"138 264 456";"A01";"1";"7";"8";"2";"5";"1";"1";""
"201900022395";"138 264 451";"A01";"3";"7";"12";"0";"3";"1";"1";""
"201900022396";"138 264 450";"A01";"1";"30";"0";"2";"2";"17";"0";""
"201900022396";"138 264 452";"B01";"1";"10";"0";"2";"3";"1";"0";""
"201900022397";"138 264 448";"A01";"1";"7";"6";"0";"1";"1";"1";""
"201900022398";"138 264 446";"A01";"1";"7";"0";"2";"2";"15";"0";""
"201900022398";"138 264 447";"B01";"1";"32";"0";"2";"8";"2";"0";""
"201900022399";"138 264 445";"A01";"1";"7";"0";"1";"2";"15";"1";""
"201900022400";"138 264 449";"A01";"2";"32";"0";"1";"1";"21";"1";""
"201900022401";"138 264 444";"A01";"1";"7";"0";"1";"7";"1";"1";""
"201900022402";"138 264 441";"A01";"1";"7";"0";"1";"1";"1";"1";""
"201900022403";"138 264 437";"A01";"2";"7";"0";"2";"1";"13";"1";""
"201900022403";"138 264 439";"B01";"1";"7";"0";"2";"1";"1";"1";""
"201900022404";"138 264 438";"A01";"1";"7";"0";"2";"3";"11";"1";""
"201900022404";"138 264 440";"B01";"1";"10";"0";"2";"2";"1";"1";""
"201900022405";"138 264 435";"A01";"3";"10";"0";"2";"1";"2";"1";""
"201900022405";"138 264 436";"B01";"3";"7";"0";"2";"4";"23";"1";""
"201900022406";"138 264 433";"B01";"0";"7";"0";"2";"4";"23";"1";""
"201900022406";"138 264 434";"A01";"0";"7";"0";"2";"1";"1";"1";""
"201900022407";"138 264 431";"Z01";"0";"7";"0";"2";"0";"12";"0";""
"201900022407";"138 264 432";"A01";"1";"7";"0";"2";"3";"1";"1";""
"201900022408";"138 264 428";"B01";"3";"33";"0";"2";"1";"1";"1";""
"201900022408";"138 264 430";"A01";"3";"7";"0";"2";"3";"1";"1";""
"201900022409";"138 264 429";"A01";"3";"7";"0";"1";"1";"1";"1";""
"201900022410";"138 264 426";"A01";"1";"33";"0";"1";"3";"26";"0";""
"201900022411";"138 264 425";"A01";"0";"7";"0";"1";"1";"26";"1";""
"201900022412";"138 264 424";"A01";"1";"13";"0";"2";"2";"22";"1";""
"201900022412";"138 264 427";"B01";"2";"50";"0";"2";"1";"5";"3";""
"201900022413";"138 264 422";"A01";"1";"10";"0";"1";"3";"15";"1";""
"201900022414";"138 264 421";"A01";"2";"30";"1";"0";"3";"18";"1";""
"201900022414";"138 264 423";"B01";"2";"7";"0";"2";"8";"23";"1";""
"201900022415";"138 264 419";"A01";"1";"30";"0";"2";"1";"17";"1";""
"201900022415";"138 264 420";"B01";"1";"10";"0";"2";"8";"15";"1";""
"201900022416";"138 264 417";"A01";"2";"32";"0";"1";"1";"1";"1";""
"201900022417";"138 264 415";"A01";"1";"10";"0";"2";"2";"16";"1";""
"201900022417";"138 264 416";"B01";"1";"43";"0";"2";"3";"1";"1";""
"201900022418";"138 264 414";"A01";"2";"33";"0";"0";"8";"2";"1";""
"201900022419";"138 264 413";"A01";"2";"30";"0";"0";"7";"1";"1";""
"201900022420";"138 264 412";"Z01";"1";"7";"0";"1";"1";"1";"0";""
"201900022421";"138 264 410";"C01";"2";"1";"0";"2";"1";"15";"0";""
"201900022421";"138 264 411";"B01";"1";"7";"0";"2";"1";"1";"1";""
"201900022421";"138 264 418";"A01";"2";"7";"0";"2";"1";"1";"1";""
"201900022422";"138 264 409";"Z01";"1";"2";"0";"1";"0";"1";"0";""
"201900022423";"138 264 407";"A01";"1";"32";"0";"0";"1";"2";"1";""
"201900022423";"138 264 408";"B01";"1";"7";"0";"0";"7";"2";"1";""
"201900022424";"138 264 406";"A01";"3";"7";"0";"1";"2";"15";"2";""
"201900022425";"138 264 405";"A01";"1";"7";"0";"6";"2";"1";"1";""
"201900022426";"138 264 403";"B01";"2";"1";"0";"2";"0";"21";"5";""
"201900022426";"138 264 404";"A01";"2";"7";"0";"2";"0";"22";"1";""
"201900022427";"138 264 401";"A01";"1";"7";"0";"1";"3";"15";"2";""
"201900022428";"138 264 400";"A01";"1";"32";"0";"2";"1";"9";"1";""
"201900022428";"138 264 402";"B01";"2";"10";"0";"2";"2";"15";"1";""
"201900022429";"138 264 398";"B01";"1";"7";"0";"2";"0";"15";"1";""
"201900022429";"138 264 399";"A01";"1";"33";"0";"2";"0";"17";"1";""
"201900022430";"138 264 396";"B01";"3";"32";"0";"0";"8";"2";"0";""
"201900022430";"138 264 397";"A01";"3";"0";"0";" -1";"1";"11";"0";""
"201900022431";"138 264 395";"A01";"2";"7";"0";"1";"2";"1";"1";""
"201900022432";"138 264 391";"B01";"1";"10";"0";"2";"3";"10";"1";""
"201900022432";"138 264 393";"A01";"1";"30";"0";"2";"7";"17";"3";""
"201900022433";"138 264 392";"B01";"2";"2";"0";"0";"0";"0";"0";""
"201900022433";"138 264 394";"A01";"1";"99";"0";"2";"3";"9";"1";""
"201900022434";"138 264 389";"A01";"2";"7";"0";"2";"7";"15";"1";""
"201900022434";"138 264 390";"B01";"2";"10";"0";"2";"2";"1";"1";""
"201900022435";"138 264 388";"A01";"1";"14";"0";"1";"1";"0";"1";""
"201900022436";"138 264 386";"B01";"2";"7";"0";"2";"1";"2";"1";""
"201900022436";"138 264 387";"A01";"2";"7";"14";"2";"1";"14";"1";""
"201900022437";"138 264 383";"A01";"2";"7";"0";"0";"0";"23";"1";""
"201900022437";"138 264 385";"B01";"2";"30";"1";"0";"0";"17";"1";""
"201900022438";"138 264 382";"A01";"1";"7";"0";"2";"7";"1";"1";""
"201900022438";"138 264 384";"B01";"2";"10";"0";"2";"1";"1";"1";""
"201900022439";"138 264 380";"B01";"1";"7";"0";"2";"6";"20";"0";""
"201900022439";"138 264 381";"A01";"1";"10";"0";"2";"2";"2";"0";""
"201900022440";"138 264 379";"A01";"1";"10";"0";"1";"3";"15";"1";""
"201900022441";"138 264 376";"Z01";"1";"7";"0";"2";"0";"14";"0";""
"201900022441";"138 264 377";"A01";"1";"32";"0";"2";"1";"21";"1";""
"201900022442";"138 264 375";"A01";"1";"7";"0";"2";"3";"15";"1";""
"201900022442";"138 264 378";"B01";"1";"2";"0";"2";"1";"15";"1";""
"201900022443";"138 264 373";"B01";"2";"30";"0";"2";"1";"3";"1";""
"201900022443";"138 264 374";"A01";"2";"7";"0";"2";"5";"22";"1";""
"201900022444";"138 264 372";"A01";"1";"7";"0";"0";"2";"1";"1";""
"201900022445";"138 264 371";"A01";"1";"7";"0";"1";"1";"15";"1";""
"201900022446";"138 264 369";"B01";"1";"34";"0";"2";"1";"1";"1";""
"201900022446";"138 264 370";"A01";"1";"10";"0";"2";"5";"16";"1";""
"201900022447";"138 264 364";"A01";"3";"7";"0";"2";"1";"2";"1";""
"201900022447";"138 264 366";"B01";"3";"7";"0";"2";"4";"2";"1";""
"201900022447";"138 264 367";"C01";"3";"7";"0";"2";"4";"2";"1";""
"201900022447";"138 264 368";"D01";"3";"7";"0";"2";"4";"2";"1";""
"201900022448";"138 264 363";"B01";"1";"7";"14";"0";"1";"1";"0";""
"201900022448";"138 264 365";"A01";"1";"10";"3";"0";"1";"23";"0";""
"201900022449";"138 264 360";"A01";"1";"7";"0";"2";"1";"5";"1";""
"201900022449";"138 264 362";"B01";"1";"7";"0";"2";"1";"1";"1";""
"201900022450";"138 264 357";"A01";"1";"7";"2";"0";"2";"1";"1";""
"201900022451";"138 264 355";"A01";"2";"7";"8";"0";"1";"0";"0";""
"201900022452";"138 264 356";"B01";"2";"7";"0";"2";"4";"2";"0";""
"201900022452";"138 264 358";"C01";"2";"7";"0";"2";"1";"2";"0";""
"201900022452";"138 264 359";"A01";"2";"7";"0";"2";"4";"2";"0";""
"201900022453";"138 264 353";"A01";"2";"7";"0";"1";"4";"4";"1";""
"201900022454";"138 264 354";"A01";"2";"7";"0";"1";"2";"1";"1";""
"201900022455";"138 264 351";"B01";"2";"7";"0";"2";"3";"1";"1";""
"201900022455";"138 264 352";"A01";"2";"1";"0";"2";"2";"17";"5";""
"201900022456";"138 264 349";"B01";"1";"33";"0";"2";"1";"1";"1";""
"201900022456";"138 264 350";"A01";"2";"7";"0";"2";"3";"17";"1";""
"201900022457";"138 264 348";"A01";"2";"10";"0";"0";"9";"1";"1";""
"201900022458";"138 264 346";"A01";"2";"33";"0";"2";"2";"17";"1";""
"201900022458";"138 264 347";"B01";"2";"7";"0";"2";"6";"15";"1";""
"201900022459";"138 264 344";"Z01";"3";"0";"0";"1";"0";"2";"0";""
"201900022460";"138 264 343";"A01";"2";"7";"0";"2";"1";"15";"1";""
"201900022460";"138 264 345";"B01";"1";"33";"0";"2";"1";"13";"1";""
"201900022461";"138 264 342";"A01";"1";"10";"8";"0";"1";"26";"0";""
"201900022462";"138 264 341";"A01";"1";"7";"15";"0";"1";"1";"1";""
"201900022463";"138 264 339";"B01";"3";"7";"0";"2";"0";"0";"1";""
"201900022463";"138 264 340";"A01";"3";"7";"0";"2";"1";"26";"1";""
"201900022464";"138 264 337";"A01";"2";"7";"13";"2";"9";"13";"1";""
"201900022464";"138 264 338";"B01";"1";"7";"0";"2";"1";"1";"1";""
"201900022465";"138 264 335";"B01";"1";"7";"0";"2";"8";"15";"1";""
"201900022465";"138 264 336";"A01";"1";"33";"0";"2";"1";"1";"1";""
"201900022466";"138 264 330";"B01";"1";"7";"0";"2";"1";"1";"1";""
"201900022466";"138 264 331";"A01";"2";"31";"0";"0";"2";"1";"1";""
"201900022467";"138 264 328";"A01";"2";"1";"0";"0";"0";"1";"5";""
"201900022468";"138 264 327";"A01";"1";"10";"3";"0";"1";"15";"0";""
"201900022469";"138 264 326";"A01";"2";"7";"7";"0";"8";"1";"1";""
"201900022470";"138 264 324";"B01";"1";"99";"1";"0";"1";"2";"0";""
"201900022470";"138 264 325";"A01";"2";"7";"1";"0";"3";"15";"1";""
"201900022471";"138 264 322";"B01";"1";"7";"0";"2";"3";"2";"1";""
"201900022471";"138 264 323";"A01";"2";"7";"0";"2";"1";"13";"1";""
"201900022472";"138 264 318";"B01";"2";"7";"0";"2";"1";"1";"1";""
"201900022472";"138 264 320";"A01";"1";"7";"0";"2";"7";"13";"1";""
"201900022473";"138 264 319";"B01";"0";"7";"0";"2";"3";"0";"0";""
"201900022473";"138 264 321";"A01";"0";"30";"0";"2";"3";"26";"0";""
"201900022474";"138 264 316";"B01";"0";"7";"0";"2";"3";"1";"1";""
"201900022474";"138 264 317";"A01";"0";"7";"0";"2";"3";"13";"1";""
"201900022475";"138 264 315";"A01";"2";"30";"1";"0";"1";"0";"0";""
"201900022476";"138 264 313";"A01";"3";"32";"0";"2";"1";"1";"1";""
"201900022476";"138 264 314";"B01";"3";"7";"0";"0";"8";"2";"1";""
"201900022477";"138 264 312";"A01";"1";"7";"0";"1";"7";"13";"0";""
"201900022478";"138 264 310";"B01";"3";"7";"0";"9";"5";"15";"0";""
"201900022478";"138 264 311";"A01";"3";"34";"0";"2";"1";"1";"0";""
"201900022479";"138 264 309";"A01";"1";"10";"0";"1";"2";"1";"3";""
"201900022480";"138 264 308";"A01";"2";"33";"3";"0";"1";"1";"1";""
"201900022481";"138 264 307";"A01";"0";"7";"0";"1";"1";"1";"1";""
"201900022482";"138 264 305";"B01";"2";"7";"0";"2";"3";"1";"1";""
"201900022482";"138 264 306";"A01";"1";"7";"0";"2";"3";"13";"1";""
"201900022483";"138 264 303";"B01";"1";"1";"0";"2";"4";"2";"5";""
"201900022483";"138 264 304";"A01";"1";"7";"0";"2";"1";"2";"1";""
"201900022484";"138 264 302";"A01";"3";"7";"0";"1";"1";"1";"1";""
"201900022485";"138 264 301";"A01";"1";"7";"2";"0";"1";"1";"1";""
"201900022486";"138 264 298";"A01";"3";"7";"0";"2";"2";"9";"1";""
"201900022486";"138 264 300";"B01";"3";"31";"0";"2";"3";"2";"1";""
"201900022487";"138 264 295";"A01";"2";"15";"0";"2";"0";"1";"1";""
"201900022487";"138 264 296";"B01";"2";"7";"0";"9";"1";"1";"1";""
"201900022487";"138 264 297";"C01";"1";"7";"0";"2";"1";"2";"1";""
"201900022487";"138 264 299";"D01";"1";"7";"0";"2";"1";"2";"1";""
"201900022488";"138 264 293";"B01";"1";"10";"0";"2";"1";"2";"1";""
"201900022488";"138 264 294";"A01";"1";"10";"0";"2";"4";"2";"1";""
"201900022489";"138 264 292";"A01";"1";"32";"0";"1";"1";"1";"1";""
"201900022490";"138 264 291";"A01";"1";"7";"4";"9";"1";"1";"1";""
"201900022491";"138 264 290";"B01";"0";"1";"0";"2";"8";"19";"5";""
"201900022492";"138 264 288";"B01";"1";"7";"0";"2";"1";"1";"1";""
"201900022492";"138 264 289";"A01";"1";"7";"0";"2";"1";"5";"1";""
"201900022493";"138 264 282";"C01";"2";"7";"0";"2";"4";"2";"1";""
"201900022493";"138 264 284";"B01";"2";"7";"3";"2";"4";"1";"1";""
"201900022493";"138 264 286";"A01";"2";"7";"0";"2";"1";"2";"1";""
"201900022494";"138 264 281";"A01";"3";"7";"0";"2";"2";"13";"0";""
"201900022494";"138 264 283";"D01";"3";"7";"0";"2";"3";"1";"0";""
"201900022494";"138 264 285";"C01";"3";"7";"0";"0";"6";"23";"0";""
"201900022494";"138 264 287";"B01";"3";"7";"0";"0";"5";"23";"0";""
"201900022495";"138 264 279";"A01";"3";"7";"0";"1";"1";"0";"1";""
"201900022496";"138 264 278";"A01";"1";"7";"0";"2";"2";"17";"1";""
"201900022496";"138 264 280";"B01";"1";"7";"13";"0";"8";"1";"1";""
"201900022497";"138 264 277";"A01";"3";"15";"6";"0";"1";"1";"1";""
"201900022498";"138 264 272";"A01";"1";"10";"0";"2";"1";"12";"1";""
"201900022498";"138 264 273";"B01";"1";"10";"0";"2";"7";"1";"1";""
"201900022498";"138 264 274";"C01";"1";"10";"0";"2";"1";"1";"1";""
"201900022498";"138 264 275";"D01";"1";"10";"0";"2";"4";"1";"1";""
"201900022498";"138 264 276";"E01";"1";"10";"0";"2";"4";"1";"1";""
"201900022499";"138 264 270";"B01";"3";"7";"0";"2";"1";"1";"1";""
"201900022499";"138 264 271";"A01";"3";"7";"0";"2";"1";"13";"1";""
"201900022500";"138 264 264";"B01";"1";"10";"0";"2";"3";"23";"1";""
"201900022500";"138 264 267";"A01";"2";"33";"0";"2";"2";"1";"1";""
"201900022501";"138 264 263";"E01";"1";"7";"0";"9";"0";"1";"1";""
"201900022501";"138 264 265";"D01";"1";"7";"0";"9";"0";"1";"0";""
"201900022501";"138 264 266";"C01";"1";"7";"0";"9";"2";"1";"1";""
"201900022501";"138 264 268";"B01";"1";"7";"0";"9";"1";"1";"1";""
"201900022501";"138 264 269";"A01";"2";"7";"0";"0";"0";"1";"1";""
"201900022502";"138 264 261";"B01";"2";"7";"0";"2";"1";"1";"1";""
"201900022502";"138 264 262";"A01";"1";"10";"0";"2";"2";"1";"1";""
"201900022503";"138 264 259";"A01";"1";"10";"0";"2";"1";"1";"1";""
"201900022503";"138 264 260";"B01";"1";"10";"0";"2";"4";"2";"1";""
"201900022504";"138 264 257";"A01";"1";"34";"0";"2";"8";"13";"1";""
"201900022504";"138 264 258";"B01";"2";"7";"0";"2";"8";"1";"1";""
"201900022505";"138 264 251";"C01";"1";"7";"0";"2";"8";"2";"1";""
"201900022505";"138 264 252";"B01";"2";"17";"0";"2";"3";"1";"1";""
"201900022505";"138 264 254";"A01";"1";"7";"0";"2";"3";"13";"1";""
"201900022506";"138 264 250";"D01";"2";"7";"4";"0";"2";"1";"1";""
"201900022506";"138 264 253";"C01";"2";"7";"0";"2";"2";"1";"1";""
"201900022506";"138 264 255";"B01";"2";"7";"0";"2";"1";"1";"1";""
"201900022506";"138 264 256";"A01";"2";"7";"3";"2";"1";"5";"1";""
"201900022507";"138 264 249";"A01";"1";"7";"4";"0";"1";"1";"1";""
"201900022508";"138 264 247";"Z01";"0";"0";"0";"1";"1";"0";"0";""
"201900022509";"138 264 246";"B01";"3";"30";"0";"2";"1";"1";"1";""
"201900022509";"138 264 248";"A01";"3";"10";"0";"2";"3";"15";"1";""
"201900022510";"138 264 245";"A01";"2";"7";"3";"0";"1";"2";"1";""
"201900022511";"138 264 244";"A01";"2";"7";"13";"0";"1";"1";"1";""
"201900022512";"138 264 242";"A01";"2";"7";"3";"2";"1";"13";"1";""
"201900022512";"138 264 243";"B01";"2";"14";"0";"2";"7";"1";"1";""
"201900022513";"138 264 238";"A01";"1";"7";"0";"2";"7";"12";"1";""
"201900022513";"138 264 239";"B01";"1";"33";"0";"2";"8";"3";"1";""
"201900022513";"138 264 240";"C01";"1";"7";"0";"2";"4";"1";"1";""
"201900022514";"138 264 241";"A01";"2";"7";"13";"0";"1";"17";"1";""
"201900022515";"138 264 234";"A01";"2";"7";"0";"2";"1";"0";"1";""
"201900022515";"138 264 235";"B01";"2";"7";"0";"2";"4";"0";"1";""
"201900022515";"138 264 236";"C01";"2";"7";"0";"2";"1";"0";"1";""
"201900022515";"138 264 237";"D01";"2";"7";"0";"0";"4";"0";"1";""
"201900022516";"138 264 233";"A01";"1";"7";"0";"1";"2";"1";"1";""
"201900022517";"138 264 232";"A01";"1";"7";"0";"1";"1";"20";"1";""
"201900022518";"138 264 231";"A01";"3";"7";"2";"0";"2";"13";"1";""
"201900022519";"138 264 229";"B01";"2";"7";"0";"0";"3";"0";"0";""
"201900022519";"138 264 230";"A01";"1";"10";"0";"2";"3";"13";"0";""
"201900022520";"138 264 227";"B01";"2";"7";"0";"2";"3";"21";"6";""
"201900022520";"138 264 228";"A01";"1";"7";"0";"2";"3";"13";"6";""
"201900022521";"138 264 225";"A01";"1";"7";"0";"2";"1";"1";"0";""
"201900022521";"138 264 226";"B01";"2";"7";"0";"2";"1";"1";"0";""
"201900022522";"138 264 223";"B01";"3";"7";"0";"2";"5";"20";"1";""
"201900022522";"138 264 224";"A01";"3";"2";"0";"2";"1";"20";"1";""
"201900022523";"138 264 222";"A01";"1";"7";"13";"0";"1";"1";"1";""
"201900022524";"138 264 221";"A01";"1";"2";"2";"0";"1";"1";"1";""
"201900022525";"138 264 219";"A01";"2";"7";"0";"2";"8";"1";"0";""
"201900022525";"138 264 220";"A01";"2";"7";"0";"2";"1";"1";" -1";""
"201900022526";"138 264 218";"A01";"2";"7";"6";"0";"3";"13";"1";""
"201900022527";"138 264 216";"A01";"1";"7";"0";"0";"3";"1";"1";""
"201900022527";"138 264 217";"B01";"2";"7";"0";"0";"3";"13";"1";""
"201900022528";"138 264 213";"A01";"1";"7";"0";"2";"3";"5";"1";""
"201900022528";"138 264 214";"B01";"2";"7";"2";"2";"8";"1";"1";""
"201900022528";"138 264 215";"C01";"2";"7";"0";"2";"1";"1";"1";""
"201900022529";"138 264 212";"A01";"3";"7";"2";"0";"3";"1";"1";""
"201900022530";"138 264 210";"B01";"1";"15";"0";"2";"1";"1";"1";""
"201900022530";"138 264 211";"A01";"2";"7";"0";"2";"1";"13";"1";""
"201900022531";"138 264 208";"B01";"1";"13";"0";"2";"3";"1";"0";""
"201900022531";"138 264 209";"A01";"2";"7";"0";"2";"3";"5";"0";""
"201900022532";"138 264 207";"A01";"1";"10";"0";"1";"2";"0";"1";""
"201900022533";"138 264 206";"A01";"2";"7";"6";"0";"2";"2";"1";""
"201900022534";"138 264 205";"A01";"2";"7";"0";"0";"4";"2";"1";""
"201900022535";"138 264 203";"A01";"2";"7";"0";"2";"1";"2";"1";""
"201900022535";"138 264 204";"B01";"2";"2";"0";"0";"4";"1";"1";""
"201900022536";"138 264 202";"A01";"1";"7";"6";"0";"2";"1";"0";""
"201900022537";"138 264 201";"A01";"1";"7";"2";"0";"3";"1";"1";""
"201900022538";"138 264 200";"A01";"2";"7";"16";"0";"1";"1";"1";""
"201900022539";"138 264 198";"A01";"3";"7";"0";"2";"2";"15";"1";""
"201900022539";"138 264 199";"B01";"2";"2";"0";"2";"5";"1";"1";""
"201900022540";"138 264 196";"B01";"1";"7";"0";"2";"1";"1";"1";""
"201900022540";"138 264 197";"A01";"2";"7";"0";"2";"1";"13";"1";""
"201900022541";"138 264 195";"A01";"1";"7";"8";"0";"1";"1";"1";""
"201900022542";"138 264 193";"A01";"2";"3";"0";"2";"3";"1";"1";""
"201900022542";"138 264 194";"B01";"1";"7";"0";"2";"3";"1";"1";""
"201900022543";"138 264 191";"A01";"1";"15";"0";"2";"1";"1";"1";""
"201900022543";"138 264 192";"B01";"1";"7";"0";"2";"7";"1";"1";""
"201900022544";"138 264 188";"B01";"2";"7";"0";"2";"3";"1";"1";""
"201900022544";"138 264 189";"A01";"1";"10";"0";"2";"3";"1";"1";""
"201900022545";"138 264 186";"B01";"3";"2";"0";"2";"1";"1";"1";""
"201900022545";"138 264 187";"A01";"3";"10";"0";"2";"3";"15";"1";""
"201900022546";"138 264 184";"A01";"1";"7";"0";"2";"2";"1";"1";""
"201900022546";"138 264 185";"B01";"2";"1";"0";"2";"6";"1";"5";""
"201900022547";"138 264 182";"B01";"2";"7";"0";"2";"3";"1";"1";""
"201900022547";"138 264 183";"A01";"1";"7";"2";"2";"3";"13";"1";""
"201900022548";"138 264 180";"B01";"3";"7";"0";"2";"3";"15";"1";""
"201900022548";"138 264 181";"A01";"2";"2";"0";"2";"1";"1";"1";""
"201900022549";"138 264 179";"A01";"1";"10";"13";"0";"1";"2";"1";""
"201900022550";"138 264 178";"A01";"1";"10";"13";"0";"3";"1";"1";""
"201900022551";"138 264 176";"B01";"0";"7";"0";"2";"3";"1";"0";""
"201900022551";"138 264 177";"A01";"3";"7";"0";"2";"7";"13";"0";""
"201900022552";"138 264 175";"A01";"2";"7";"4";"0";"3";"1";"1";""
"201900022553";"138 264 174";"A01";"1";"7";"3";"0";"3";"1";"0";""
"201900022554";"138 264 172";"B01";"1";"34";"0";"2";"1";"1";"1";""
"201900022554";"138 264 173";"A01";"0";"7";"0";"2";"3";"17";"1";""
"201900022555";"138 264 171";"A01";"3";"15";"6";"1";"1";"1";"1";""
"201900022556";"138 264 169";"A01";"1";"17";"0";"2";"6";"13";"1";""
"201900022556";"138 264 170";"B01";"2";"7";"0";"2";"3";"0";"0";""
"201900022557";"138 264 168";"A01";"1";"2";"3";"9";"0";"0";"1";""
"201900022558";"138 264 167";"A01";"1";"7";"0";"1";"2";"15";"1";""
"201900022559";"138 264 165";"A01";"2";"7";"0";"2";"2";"1";"1";""
"201900022559";"138 264 166";"B01";"2";"7";"3";"0";"6";"2";"1";""
"201900022560";"138 264 163";"A01";"1";"7";"6";"0";"1";"1";"1";""
"201900022561";"138 264 161";"A01";"2";"7";"0";"2";"2";"21";"1";""
"201900022561";"138 264 162";"B01";"2";"7";"0";"2";"3";"11";"1";""
"201900022562";"138 264 160";"A01";"2";"10";"3";"0";"2";"1";"1";""
"201900022563";"138 264 158";"B01";"1";"17";"0";"2";"4";"2";"1";""
"201900022563";"138 264 159";"A01";"1";"7";"0";"2";"4";"2";"1";""
"201900022564";"138 264 156";"A01";"1";"7";"0";"2";"8";"1";"0";""
"201900022564";"138 264 157";"B01";"2";"7";"0";"2";"3";"13";"0";""
"201900022565";"138 264 155";"A01";"1";"15";"4";"0";"2";"1";"1";""
"201900022566";"138 264 153";"A01";"1";"7";"2";"0";"3";"13";"1";""
"201900022567";"138 264 152";"A01";"2";"7";"5";"0";"2";"1";"1";""
"201900022568";"138 264 150";"B01";"2";"2";"0";"2";"7";"21";"1";""
"201900022568";"138 264 151";"A01";"1";"7";"0";"2";"2";"9";"1";""
"201900022569";"138 264 148";"B01";"0";"7";"0";"2";"2";"21";"1";""
"201900022569";"138 264 149";"A01";"0";"7";"0";"2";"3";"13";"1";""
"201900022570";"138 264 146";"A01";"1";"15";"0";"2";"4";"1";"1";""
"201900022570";"138 264 147";"B01";"1";"7";"0";"2";"1";"1";"1";""
"201900022571";"138 264 145";"A01";"1";"7";"0";"1";"2";"1";"1";""
"201900022572";"138 264 142";"B01";"0";"33";"0";"2";"1";"1";"1";""
"201900022572";"138 264 143";"A01";"0";"7";"0";"2";"3";"19";"1";""
"201900022573";"138 264 139";"A01";"1";"33";"0";"0";"8";"2";"1";""
"201900022573";"138 264 140";"B01";"1";"33";"0";"0";"0";"1";"1";""
"201900022573";"138 264 141";"C01";"1";"33";"0";"2";"2";"1";"1";""
"201900022574";"138 264 137";"A01";"1";"7";"2";"0";"2";"13";"1";""
"201900022574";"138 264 138";"B01";"1";"7";"2";"0";"2";"21";"1";""
"201900022575";"138 264 135";"B01";"1";"33";"0";"2";"1";"1";"1";""
"201900022575";"138 264 136";"A01";"2";"7";"0";"2";"1";"15";"1";""
"201900022576";"138 264 133";"B01";"1";"34";"0";"2";"5";"1";"1";""
"201900022576";"138 264 134";"A01";"0";"7";"0";"2";"1";"19";"1";""
"201900022577";"138 264 132";"A01";"1";"7";"2";"0";"3";"13";"1";""
"201900022578";"138 264 131";"A01";"1";"7";"12";"0";"2";"1";"0";""
"201900022579";"138 264 130";"A01";"2";"33";"0";"0";"7";"1";"1";""
"201900022580";"138 264 129";"A01";"2";"10";"13";"0";"1";"1";"1";""
"201900022581";"138 264 127";"B01";"0";"10";"0";"0";"4";"26";"1";""
"201900022581";"138 264 128";"A01";"2";"1";"1";"0";"1";"26";"5";""
"201900022582";"138 264 125";"B01";"1";"1";"0";"2";"4";"14";"5";""
"201900022582";"138 264 126";"A01";"1";"7";"0";"9";"2";"1";"1";""
"201900022583";"138 264 123";"B01";"1";"3";"0";"2";"1";"15";"1";""
"201900022583";"138 264 124";"A01";"2";"2";"0";"2";"1";"0";"1";""
"201900022584";"138 264 120";"C01";"2";"31";"0";"2";"1";"1";"1";""
"201900022584";"138 264 121";"B01";"2";"10";"0";"2";"3";"1";"1";""
"201900022584";"138 264 122";"A01";"1";"10";"0";"2";"1";"1";"1";""