"Num_Acc";"id_vehicule";"num_veh";"senc";"catv";"obs";"obsm";"choc";"manv";"motor";"occutc"
"201900022585";"138 264 118";"B01";"1";"7";"0";"2";"3";"1";"0";""
"201900022585";"138 264 119";"A01";"2";"7";"0";"2";"1";"13";"6";""
"201900022586";"138 264 116";"A01";"2";"7";"0";"2";"2";"15";"1";""
"201900022586";"138 264 117";"B01";"1";"33";"0";"2";"1";"1";"1";""
"201900022587";"138 264 115";"A01";"3";"36";"0";"0";"9";"0";"1";""
"201900022588";"138 264 114";"A01";"1";"33";"0";"0";"0";"14";"1";""
"201900022589";"138 264 113";"A01";"1";"7";"2";"0";"1";"13";"1";""
"201900022590";"138 264 111";"A01";"3";"7";"0";"2";"8";"15";"1";""
"201900022590";"138 264 112";"B01";"3";"33";"0";"2";"7";"17";"1";""
"201900022591";"138 264 110";"A01";"1";"7";"0";"1";"2";"1";"1";""
"201900022592";"138 264 107";"C01";"1";"21";"0";"2";"3";"1";"1";""
"201900022592";"138 264 108";"B01";"2";"2";"0";"2";"1";"1";"1";""
"201900022592";"138 264 109";"A01";"1";"7";"0";"2";"3";"17";"1";""
"201900022593";"138 264 106";"A01";"2";"7";"3";"0";"2";"1";"1";""
"201900022594";"138 264 104";"B01";"1";"7";"0";"0";"1";"1";"1";""
"201900022594";"138 264 105";"A01";"2";"7";"0";"0";"1";"13";"1";""
"201900022595";"138 264 103";"A01";"1";"7";"0";"1";"1";"16";"1";""
"201900022596";"138 264 101";"A01";"1";"7";"0";"2";"5";"15";"1";""
"201900022596";"138 264 102";"B01";"2";"31";"0";"2";"1";"1";"1";""
"201900022597";"138 264 099";"B01";"1";"80";"0";"9";"8";"13";"3";""
"201900022597";"138 264 100";"A01";"2";"1";"0";"2";"8";"21";"5";""
"201900022598";"138 264 098";"A01";"3";"33";"0";"0";"0";"1";"1";""
"201900022599";"138 264 097";"A01";"3";"7";"2";"0";"1";"1";"1";""
"201900022600";"138 264 095";"B01";"1";"7";"0";"2";"3";"1";"0";""
"201900022600";"138 264 096";"A01";"1";"7";"13";"0";"5";"17";"0";""
"201900022601";"138 264 094";"A01";"1";"7";"0";"0";"2";"14";"1";""
"201900022602";"138 264 092";"A01";"1";"7";"0";"2";"8";"1";"1";""
"201900022602";"138 264 093";"B01";"1";"7";"0";"2";"7";"14";"1";""
"201900022603";"138 264 088";"A01";"2";"7";"0";"2";"4";"1";"1";""
"201900022603";"138 264 089";"B01";"2";"7";"0";"2";"4";"2";"1";""
"201900022603";"138 264 090";"C01";"2";"7";"0";"2";"4";"2";"1";""
"201900022603";"138 264 091";"D01";"2";"7";"0";"2";"1";"2";"1";""
"201900022604";"138 264 086";"A01";"3";"33";"0";"2";"3";"9";"1";""
"201900022604";"138 264 087";"B01";"3";"7";"0";"2";"5";"14";"1";""
"201900022605";"138 264 084";"A01";"2";"10";"0";"2";"5";"2";"1";""
"201900022605";"138 264 085";"B01";"2";"33";"0";"2";"3";"2";"1";""
"201900022606";"138 264 081";"C01";"1";"7";"0";"2";"1";"2";"1";""
"201900022606";"138 264 082";"B01";"1";"7";"0";"2";"5";"23";"1";""
"201900022606";"138 264 083";"A01";"1";"33";"0";"2";"1";"2";"1";""
"201900022607";"138 264 076";"A01";"1";"33";"7";"0";"1";"1";"1";""
"201900022608";"138 264 074";"A01";"1";"7";"0";"2";"2";"12";"1";""
"201900022608";"138 264 075";"B01";"1";"33";"0";"2";"1";"3";"1";""
"201900022609";"138 264 072";"A01";"2";"7";"0";"2";"7";"12";"1";""
"201900022609";"138 264 073";"B01";"2";"7";"0";"2";"8";"1";"1";""
"201900022610";"138 264 070";"B01";"3";"7";"14";"0";"1";"1";"1";""
"201900022610";"138 264 071";"A01";"3";"7";"16";"0";"7";"26";"1";""
"201900022611";"138 264 067";"C01";"1";"7";"0";"2";"6";"1";"1";""
"201900022611";"138 264 068";"B01";"1";"7";"0";"2";"2";"12";"1";""
"201900022611";"138 264 069";"A01";"1";"33";"0";"2";"1";"3";"1";""
"201900022612";"138 264 063";"D01";"1";"7";"0";"2";"4";"2";"1";""
"201900022612";"138 264 064";"C01";"1";"7";"0";"2";"4";"2";"1";""
"201900022612";"138 264 065";"B01";"1";"7";"0";"2";"4";"1";"1";""
"201900022612";"138 264 066";"A01";"1";"7";"0";"2";"1";"2";"1";""
"201900022613";"138 264 061";"B01";"2";"7";"0";"2";"4";"2";"1";""
"201900022613";"138 264 062";"A01";"2";"7";"0";"2";"1";"2";"1";""
"201900022614";"138 264 059";"B01";"2";"33";"0";"2";"4";"1";"1";""
"201900022614";"138 264 060";"A01";"2";"7";"4";"0";"3";"17";"1";""
"201900022615";"138 264 057";"B01";"2";"7";"0";"2";"2";"1";"1";""
"201900022615";"138 264 058";"A01";"2";"7";"4";"2";"6";"13";"1";""
"201900022616";"138 264 055";"B01";"2";"7";"4";"2";"3";"21";"1";""
"201900022616";"138 264 056";"A01";"2";"15";"0";"2";"5";"12";"1";""
"201900022617";"138 264 052";"C01";"1";"7";"0";"2";"1";"2";"1";""
"201900022617";"138 264 053";"B01";"1";"10";"0";"2";"4";"2";"1";""
"201900022617";"138 264 054";"A01";"1";"10";"0";"2";"4";"2";"1";""
"201900022618";"138 264 049";"C01";"2";"17";"0";"2";"4";"11";"1";""
"201900022618";"138 264 050";"B01";"2";"7";"4";"2";"1";"1";"1";""
"201900022618";"138 264 051";"A01";"2";"7";"0";"2";"2";"1";"1";""
"201900022619";"138 264 046";"A01";"1";"17";"0";"0";"7";"14";"1";""
"201900022620";"138 264 045";"A01";"1";"33";"0";"0";"9";"9";"1";""
"201900022621";"138 264 043";"A01";"1";"31";"0";"2";"1";"1";"1";""
"201900022621";"138 264 044";"B01";"1";"7";"0";"2";"4";"1";"1";""
"201900022622";"138 264 041";"B01";"2";"7";"0";"2";"8";"1";"1";""
"201900022622";"138 264 042";"A01";"2";"7";"0";"2";"2";"9";"1";""
"201900022623";"138 264 035";"A01";"1";"7";"0";"2";"0";"1";"1";""
"201900022623";"138 264 036";"B01";"1";"7";"0";"2";"2";"1";"1";""
"201900022624";"138 264 034";"B01";"1";"7";"0";"1";"1";"1";"1";""
"201900022625";"138 264 030";"A01";"3";"7";"0";"2";"1";"1";"1";""
"201900022625";"138 264 031";"B01";"3";"7";"0";"2";"4";"1";"1";""
"201900022625";"138 264 032";"C01";"3";"7";"0";"2";"4";"1";"1";""
"201900022625";"138 264 033";"D01";"3";"7";"0";"2";"4";"1";"0";""
"201900022626";"138 264 029";"A01";"1";"7";"0";"1";"1";"1";"1";""
"201900022627";"138 264 027";"A01";"3";"7";"0";"2";"1";"15";"1";""
"201900022627";"138 264 028";"Z01";"3";"7";"0";"2";"1";"1";"0";""
"201900022628";"138 264 026";"A01";"1";"7";"0";"1";"2";"2";"1";""
"201900022629";"138 264 024";"B01";"1";"7";"0";"2";"6";"26";"1";""
"201900022629";"138 264 025";"A01";"1";"30";"0";"2";"1";"1";"1";""
"201900022630";"138 264 023";"A01";"0";"7";"0";"1";"1";"15";"0";""
"201900022631";"138 264 020";"A01";"1";"7";"0";"1";"1";"1";"1";""
"201900022632";"138 264 019";"A01";"1";"33";"0";"0";"1";"26";"1";""
"201900022633";"138 264 018";"A01";"3";"30";"0";"0";"0";"3";"1";""
"201900022634";"138 264 016";"B01";"3";"80";"0";"2";"3";"0";"3";""
"201900022634";"138 264 017";"A01";"2";"7";"0";"2";"2";"1";"0";""
"201900022635";"138 264 015";"A01";"2";"1";"0";"0";"0";"26";"6";""
"201900022636";"138 264 014";"A01";"3";"7";"0";"1";"1";"13";"1";""
"201900022637";"138 264 012";"B01";"3";"2";"0";"2";"1";"17";"1";""
"201900022637";"138 264 013";"A01";"3";"7";"0";"2";"1";"1";"1";""
"201900022638";"138 264 011";"A01";"1";"33";"1";"0";"3";"1";"1";""
"201900022639";"138 264 009";"A01";"1";"7";"0";"2";"1";"1";"1";""
"201900022639";"138 264 010";"B01";"1";"30";"0";"2";"4";"2";"1";""
"201900022640";"138 264 008";"A01";"3";"7";"0";"1";"1";"26";"1";""
"201900022641";"138 264 007";"B01";"1";"7";"0";"2";"7";"1";"1";""
"201900022642";"138 264 006";"A01";"2";"7";"8";"0";"3";"13";"0";""
"201900022643";"138 264 001";"E01";"2";"7";"0";"2";"4";"26";"1";""
"201900022643";"138 264 002";"D01";"2";"7";"0";"2";"4";"26";"1";""
"201900022643";"138 264 003";"C01";"2";"7";"0";"2";"4";"26";"1";""
"201900022643";"138 264 004";"B01";"2";"7";"0";"2";"4";"26";"1";""
"201900022643";"138 264 005";"A01";"2";"7";"0";"2";"1";"26";"1";""
"201900022644";"138 263 998";"A01";"3";"7";"0";"1";"1";"1";"1";""
"201900022645";"138 263 996";"B01";"2";"7";"0";"2";"1";"1";"1";""
"201900022645";"138 263 997";"A01";"2";"7";"0";"2";"2";"15";"1";""
"201900022646";"138 263 995";"A01";"2";"7";"0";"0";"9";"14";"1";""
"201900022647";"138 263 993";"B01";"3";"7";"0";"2";"2";"15";"1";""
"201900022647";"138 263 994";"A01";"3";"34";"0";"2";"1";"8";"1";""
"201900022648";"138 263 982";"A01";"2";"7";"0";"1";"1";"1";"1";""
"201900022649";"138 263 980";"A01";"1";"7";"0";"2";"1";"2";"0";""
"201900022649";"138 263 981";"B01";"1";"7";"0";"2";"4";"23";"0";""
"201900022650";"138 263 972";"C01";"1";"7";"0";"2";"0";"0";"1";""
"201900022650";"138 263 973";"B01";"1";"7";"0";"2";"0";"0";"1";""
"201900022650";"138 263 974";"A01";"1";"7";"0";"0";"0";"0";"1";""
"201900022651";"138 263 970";"A01";"0";"33";"0";"2";"0";"17";"1";""
"201900022651";"138 263 971";"B01";"0";"7";"0";"2";"3";"15";"1";""
"201900022652";"138 263 966";"A01";"2";"7";"0";"2";"1";"2";"1";""
"201900022652";"138 263 967";"B01";"2";"7";"0";"2";"4";"0";"1";""
"201900022653";"138 263 964";"A01";"0";"7";"0";"2";"1";"2";"1";""
"201900022653";"138 263 965";"B01";"0";"7";"0";"1";"1";"23";"1";""
"201900022654";"138 263 960";"A01";"2";"7";"0";"6";"3";"11";"1";""
"201900022654";"138 263 961";"B01";"2";"1";"0";"2";"1";"1";"5";""
"201900022655";"138 263 959";"A01";"3";"10";"0";"1";"2";"1";"1";""
"201900022656";"138 263 958";"A01";"1";"7";"0";"1";"1";"16";"0";""
"201900022657";"138 263 955";"A01";"1";"7";"0";"1";"1";"5";"1";""
"201900022658";"138 263 953";"A01";"1";"7";"0";"2";"2";"17";"1";""
"201900022658";"138 263 954";"B01";"1";"2";"0";"2";"6";"1";"1";""
"201900022659";"138 263 951";"B01";"1";"50";"0";"2";"1";"9";"3";""
"201900022659";"138 263 952";"A01";"2";"7";"0";"1";"8";"9";"1";""
"201900022660";"138 263 950";"A01";"2";"7";"0";"1";"2";"11";"1";""
"201900022661";"138 263 949";"A01";"3";"30";"0";"0";"2";"26";"1";""
"201900022662";"138 263 947";"B01";"3";"7";"0";"2";"3";"1";"1";""
"201900022662";"138 263 948";"A01";"1";"2";"0";"2";"7";"15";"1";""
"201900022663";"138 263 946";"A01";"1";"7";"0";"1";"7";"21";"1";""
"201900022664";"138 263 944";"B01";"2";"33";"0";"2";"7";"1";"1";""
"201900022664";"138 263 945";"A01";"1";"7";"0";"2";"2";"9";"1";""
"201900022665";"138 263 942";"B01";"1";"33";"0";"2";"1";"1";"1";""
"201900022665";"138 263 943";"A01";"1";"7";"0";"2";"1";"9";"1";""
"201900022666";"138 263 940";"A01";"2";"7";"0";"2";"3";"1";"1";""
"201900022666";"138 263 941";"B01";"3";"1";"0";"2";"2";"1";"5";""
"201900022667";"138 263 938";"B01";"2";"33";"0";"2";"1";"1";"1";""
"201900022667";"138 263 939";"A01";"2";"7";"0";"2";"8";"15";"1";""
"201900022668";"138 263 937";"A01";"2";"7";"0";"1";"1";"1";"1";""
"201900022669";"138 263 935";"A01";"1";"7";"0";"2";"2";"1";"1";""
"201900022669";"138 263 936";"B01";"2";"30";"0";"2";"7";"5";"1";""
"201900022670";"138 263 933";"B01";"2";"7";"0";"2";"3";"0";"1";""
"201900022670";"138 263 934";"A01";"2";"7";"0";"2";"2";"1";"1";""
"201900022671";"138 263 932";"A01";"3";"7";"0";"1";"4";"20";"1";""
"201900022672";"138 263 931";"A01";"3";"30";"16";"0";"0";"0";"1";""
"201900022673";"138 263 930";"A01";"1";"7";"3";"0";"1";"26";"1";""
"201900022674";"138 263 928";"B01";"3";"1";"3";"2";"8";"1";"0";""
"201900022674";"138 263 929";"A01";"0";"7";"0";"0";"0";"0";"0";""
"201900022675";"138 263 927";"A01";"3";"7";"0";"1";"2";"1";"1";""
"201900022676";"138 263 923";"D01";"1";"7";"0";"2";"4";"1";"1";""
"201900022676";"138 263 924";"C01";"1";"7";"0";"2";"4";"1";"1";""
"201900022676";"138 263 925";"B01";"1";"17";"0";"2";"4";"1";"1";""
"201900022676";"138 263 926";"A01";"1";"17";"0";"2";"1";"1";"1";""
"201900022677";"138 263 921";"A01";"3";"1";"0";"2";"5";"15";"5";""
"201900022677";"138 263 922";"B01";"3";"7";"0";"2";"3";"1";"1";""
"201900022678";"138 263 919";"B01";"3";"7";"0";"2";"2";"15";"1";""
"201900022678";"138 263 920";"A01";"3";"1";"0";"2";"1";"1";"5";""
"201900022679";"138 263 917";"A01";"2";"31";"0";"2";"7";"15";"1";""
"201900022679";"138 263 918";"B01";"1";"7";"0";"2";"2";"1";"1";""
"201900022680";"138 263 916";"A01";"0";"7";"0";"1";"8";"1";"1";""
"201900022681";"138 263 914";"A01";"0";"30";"0";"2";"1";"1";"1";""
"201900022681";"138 263 915";"B01";"0";"7";"0";"2";"3";"1";"1";""
"201900022682";"138 263 913";"A01";"1";"7";"3";"0";"1";"13";"1";""
"201900022683";"138 263 911";"A01";"1";"7";"0";"2";"1";"9";"2";""
"201900022683";"138 263 912";"B01";"2";"2";"0";"2";"1";"1";"1";""
"201900022684";"138 263 910";"A01";"1";"7";"3";"0";"1";"9";"1";""
"201900022685";"138 263 907";"C01";"2";"7";"0";"2";"1";"1";"1";""
"201900022685";"138 263 908";"B01";"2";"7";"0";"2";"1";"1";"1";""
"201900022685";"138 263 909";"A01";"2";"7";"0";"2";"4";"1";"1";""
"201900022686";"138 263 905";"A01";"3";"7";"0";"6";"3";"9";"1";""
"201900022686";"138 263 906";"B01";"3";"1";"0";"2";"2";"1";"5";""
"201900022687";"138 263 901";"A01";"1";"7";"0";"2";"8";"9";"1";""
"201900022687";"138 263 902";"B01";"3";"1";"0";"2";"1";"2";"5";""
"201900022688";"138 263 899";"D01";"2";"7";"0";"2";"1";"1";"1";""
"201900022688";"138 263 900";"C01";"1";"7";"0";"2";"1";"1";"1";""
"201900022689";"138 263 897";"A01";"1";"7";"0";"2";"1";"1";"1";""
"201900022689";"138 263 898";"B01";"1";"30";"0";"0";"4";"1";"1";""
"201900022690";"138 263 895";"A01";"1";"3";"0";"2";"2";"15";"1";""
"201900022690";"138 263 896";"B01";"2";"3";"0";"2";"2";"16";"1";""
"201900022691";"138 263 894";"A01";"1";"7";"0";"1";"1";"9";"0";""
"201900022692";"138 263 893";"A01";"0";"7";"0";"1";"2";"1";"1";""
"201900022693";"138 263 891";"B01";"2";"33";"0";"2";"1";"1";"1";""
"201900022693";"138 263 892";"A01";"1";"7";"0";"2";"2";"15";"0";""
"201900022694";"138 263 890";"A01";"2";"34";"14";"0";"3";"1";"1";""
"201900022695";"138 263 887";"C01";"3";"7";"0";"6";"3";"0";"1";""
"201900022695";"138 263 888";"B01";"3";"33";"0";"2";"1";"0";"1";""
"201900022695";"138 263 889";"A01";"3";"7";"0";"2";"8";"17";"1";""
"201900022696";"138 263 885";"Y01";"1";"0";"0";"0";"0";"0";"0";""
"201900022696";"138 263 886";"A01";"1";"60";"1";"2";"7";"2";"5";""
"201900022697";"138 263 883";"B01";"3";"1";"0";"2";"2";"1";"5";""
"201900022697";"138 263 884";"A01";"3";"7";"0";"2";"3";"9";"1";""
"201900022698";"138 263 881";"A01";"1";"7";"0";"2";"4";"1";"1";""
"201900022698";"138 263 882";"B01";"1";"7";"0";"2";"1";"1";"1";""
"201900022699";"138 263 879";"A01";"1";"7";"0";"2";"3";"1";"1";""
"201900022699";"138 263 880";"B01";"1";"7";"0";"2";"2";"1";"1";""
"201900022700";"138 263 877";"B01";"1";"30";"0";"2";"1";"17";"1";""
"201900022700";"138 263 878";"A01";"2";"34";"0";"2";"1";"17";"1";""
"201900022701";"138 263 874";"Z01";"2";"31";"0";"2";"8";"11";"0";""
"201900022701";"138 263 875";"B01";"2";"10";"0";"2";"5";"23";"1";""
"201900022701";"138 263 876";"A01";"2";"32";"0";"2";"2";"3";"1";""
"201900022702";"138 263 871";"B01";"2";"15";"0";"2";"4";"2";"1";""
"201900022702";"138 263 872";"A01";"2";"14";"0";"2";"1";"2";"1";""
"201900022702";"138 263 873";"C01";"2";"17";"0";"2";"4";"23";"1";""
"201900022703";"138 263 869";"A01";"2";"34";"0";"2";"2";"3";"1";""
"201900022703";"138 263 870";"B01";"2";"7";"0";"2";"6";"11";"1";""
"201900022704";"138 263 867";"B01";"1";"7";"0";"2";"5";"1";"1";""
"201900022704";"138 263 868";"A01";"1";"31";"0";"2";"3";"12";"1";""
"201900022705";"138 263 865";"A01";"1";"10";"0";"2";"1";"2";"1";""
"201900022705";"138 263 866";"B01";"1";"7";"0";"2";"4";"2";"1";""
"201900022706";"138 263 863";"B01";"2";"10";"0";"2";"4";"2";"1";""
"201900022706";"138 263 864";"A01";"2";"33";"0";"2";"2";"2";"1";""
"201900022707";"138 263 861";"B01";"1";"1";"0";"2";"3";"1";"5";""
"201900022707";"138 263 862";"A01";"1";"7";"0";"2";"3";"22";"1";""
"201900022708";"138 263 860";"A01";"2";"31";"14";"0";"1";"1";"1";""
"201900022709";"138 263 858";"B01";"2";"34";"0";"2";"3";"18";"1";""
"201900022709";"138 263 859";"A01";"1";"7";"0";"2";"1";"15";"1";""
"201900022710";"138 263 856";"A01";"2";"7";"9";"2";"7";"1";"1";""
"201900022710";"138 263 857";"B01";"1";"7";"0";"2";"2";"1";"1";""
"201900022711";"138 263 855";"A01";"3";"33";"0";"0";"7";"1";"1";""
"201900022712";"138 263 853";"B01";"2";"43";"0";"2";"1";"1";"1";""
"201900022712";"138 263 854";"A01";"1";"7";"0";"2";"2";"10";"1";""
"201900022713";"138 263 851";"A01";"3";"1";"0";"2";"7";"1";"5";""
"201900022713";"138 263 852";"B01";"1";"7";"0";"2";"1";"1";"1";""
"201900022714";"138 263 850";"A01";"1";"30";"0";"1";"1";"1";"1";""
"201900022715";"138 263 849";"A01";"2";"7";"0";"1";"1";"1";"2";""
"201900022716";"138 263 847";"B01";"2";"10";"0";"2";"1";"1";"1";""
"201900022716";"138 263 848";"A01";"1";"7";"0";"2";"1";"13";"1";""
"201900022717";"138 263 846";"A01";"2";"14";"0";"1";"1";"16";"1";""
"201900022718";"138 263 844";"A01";"1";"31";"0";"2";"8";"7";"1";""
"201900022718";"138 263 845";"B01";"1";"7";"0";"2";"2";"16";"3";""
"201900022719";"138 263 843";"A01";"2";"32";"0";"0";"0";"21";"1";""
"201900022720";"138 263 841";"B01";"1";"7";"0";"2";"1";"1";"1";""
"201900022720";"138 263 842";"A01";"1";"32";"0";"2";"7";"1";"1";""
"201900022721";"138 263 839";"A01";"1";"30";"0";"2";"2";"1";"1";""
"201900022721";"138 263 840";"B01";"1";"1";"0";"2";"3";"1";"5";""
"201900022722";"138 263 837";"B01";"1";"30";"0";"2";"0";"1";"1";""
"201900022722";"138 263 838";"A01";"1";"7";"0";"2";"0";"13";"1";""
"201900022723";"138 263 835";"A01";"2";"7";"0";"2";"7";"1";"1";""
"201900022723";"138 263 836";"B01";"3";"30";"0";"2";"1";"16";"1";""
"201900022724";"138 263 834";"A01";"2";"7";"0";"1";"1";"1";"1";""
"201900022725";"138 263 833";"A01";"0";"7";"0";"1";"2";"1";"1";""
"201900022726";"138 263 832";"A01";"1";"20";"0";"1";"3";"21";"1";""
"201900022727";"138 263 831";"A01";"1";"7";"0";"1";"2";"13";"1";""
"201900022728";"138 263 829";"B01";"3";"60";"0";"2";"8";"19";"5";""
"201900022728";"138 263 830";"A01";"2";"7";"0";"2";"2";"16";"1";""
"201900022729";"138 263 827";"B01";"2";"33";"0";"2";"1";"2";"1";""
"201900022729";"138 263 828";"A01";"2";"7";"0";"2";"3";"9";"1";""
"201900022730";"138 263 825";"B01";"1";"2";"0";"2";"1";"1";"1";""
"201900022730";"138 263 826";"A01";"2";"7";"0";"2";"2";"15";"1";""
"201900022731";"138 263 823";"B01";"1";"13";"0";"6";"8";"1";"1";""
"201900022731";"138 263 824";"A01";"1";"80";"0";"2";"1";"1";"3";""
"201900022732";"138 263 821";"A01";"1";"7";"0";"2";"1";"1";"1";""
"201900022732";"138 263 822";"B01";"1";"7";"0";"2";"3";"1";"1";""
"201900022733";"138 263 819";"A01";"1";"7";"0";"0";"0";"13";"0";""
"201900022733";"138 263 820";"B01";"1";"1";"0";"0";"0";"2";"5";""
"201900022734";"138 263 817";"B01";"1";"33";"0";"2";"7";"17";"0";""
"201900022734";"138 263 818";"A01";"1";"7";"0";"2";"8";"17";"0";""
"201900022735";"138 263 816";"A01";"2";"7";"0";"1";"2";"21";"1";""
"201900022736";"138 263 815";"A01";"1";"1";"0";"1";"2";"1";"5";""
"201900022737";"138 263 813";"A01";"3";"33";"0";"2";"3";"1";"0";""
"201900022737";"138 263 814";"B01";"3";"7";"0";"2";"3";"19";"0";""
"201900022738";"138 263 812";"A01";"3";"33";"0";"0";"9";"1";"1";""
"201900022739";"138 263 808";"B01";"3";"7";"0";"2";"3";"10";"1";""
"201900022739";"138 263 809";"A01";"3";"33";"0";"2";"2";"17";"1";""
"201900022740";"138 263 806";"A01";"2";"34";"0";"2";"1";"17";"0";""
"201900022740";"138 263 807";"B01";"2";"7";"0";"2";"3";"15";"0";""
"201900022741";"138 263 804";"A01";"2";"10";"0";"2";"7";"15";"1";""
"201900022741";"138 263 805";"B01";"1";"42";"0";"2";"1";"1";"1";""
"201900022742";"138 263 801";"A01";"2";"7";"6";"0";"1";"1";"1";""
"201900022743";"138 263 799";"B01";"2";"7";"0";"0";"6";"15";"1";""
"201900022743";"138 263 800";"A01";"2";"7";"8";"2";"1";"2";"1";""
"201900022744";"138 263 797";"A01";"2";"7";"0";"2";"8";"19";"1";""
"201900022744";"138 263 798";"B01";"2";"7";"0";"2";"2";"1";"1";""
"201900022745";"138 263 796";"A01";"2";"7";"13";"0";"3";"1";"1";""
"201900022746";"138 263 795";"A01";"2";"7";"2";"0";"7";"1";"1";""
"201900022747";"138 263 793";"A01";"1";"7";"0";"2";"1";"1";"1";""
"201900022747";"138 263 794";"B01";"1";"7";"0";"2";"2";"1";"1";""
"201900022748";"138 263 792";"A01";"2";"33";"15";"0";"1";"1";"1";""
"201900022749";"138 263 790";"B01";"2";"7";"2";"0";"3";"13";"1";""
"201900022749";"138 263 791";"A01";"1";"7";"0";"0";"3";"14";"1";""
"201900022750";"138 263 788";"B01";"1";"7";"0";"2";"8";"0";"1";""
"201900022750";"138 263 789";"A01";"1";"30";"0";"2";"8";"0";"1";""
"201900022751";"138 263 786";"A01";"3";"1";"0";"2";"1";"19";"5";""
"201900022751";"138 263 787";"B01";"0";"7";"0";"2";"2";"16";" -1";""
"201900022752";"138 263 785";"A01";"0";"7";"0";"1";"0";"8";"6";""
"201900022753";"138 263 783";"Z01";"0";"7";"0";"2";"0";"1";"6";""
"201900022753";"138 263 784";"B01";"0";"50";"0";"2";"0";"16";"3";""
"201900022754";"138 263 781";"B01";"3";"2";"0";"0";"5";"2";"6";""
"201900022754";"138 263 782";"A01";"3";"7";"0";"2";"3";"15";"6";""
"201900022755";"138 263 779";"B01";"3";"7";"0";"2";"5";"23";"1";""
"201900022755";"138 263 780";"A01";"3";"31";"0";"2";"1";"1";"1";""
"201900022756";"138 263 778";"A01";"1";"7";"0";"1";"2";"1";"1";""
"201900022757";"138 263 776";"A01";"3";"7";"0";"2";"1";"26";"1";""
"201900022757";"138 263 777";"B01";"3";"1";"0";"0";"4";"2";"5";""
"201900022758";"138 263 774";"A01";"1";"7";"0";"2";"3";"19";"1";""
"201900022758";"138 263 775";"B01";"1";"10";"0";"2";"1";"1";"1";""
"201900022759";"138 263 772";"B01";"3";"7";"0";"2";"1";"19";"1";""
"201900022759";"138 263 773";"A01";"3";"34";"0";"2";"2";"21";"1";""
"201900022760";"138 263 770";"A01";"2";"7";"0";"2";"3";"2";"1";""
"201900022760";"138 263 771";"B01";"2";"7";"0";"2";"5";"0";"1";""
"201900022761";"138 263 768";"A01";"1";"33";"0";"2";"6";"23";"1";""
"201900022761";"138 263 769";"B01";"3";"7";"0";"2";"1";"1";"1";""
"201900022762";"138 263 766";"A01";"1";"7";"0";"2";"3";"15";"1";""
"201900022762";"138 263 767";"Z01";"1";"7";"0";"2";"1";"17";"0";""
"201900022763";"138 263 764";"A01";"0";"30";"0";"2";"8";"1";"1";""
"201900022763";"138 263 765";"Z01";"0";"7";"0";"2";"0";"0";"1";""
"201900022764";"138 263 762";"A01";"1";"7";"0";"2";"1";"1";"1";""
"201900022764";"138 263 763";"B01";"2";"7";"0";"2";"1";"1";"1";""
"201900022765";"138 263 760";"A01";"0";"31";"0";"2";"7";"14";"1";""
"201900022765";"138 263 761";"B01";"0";"7";"0";"2";"5";"1";"1";""
"201900022766";"138 263 758";"B01";"3";"1";"0";"2";"1";"1";"0";""
"201900022766";"138 263 759";"A01";"3";"7";"0";"2";"2";"15";"1";""
"201900022767";"138 263 754";"A01";"3";"7";"0";"2";"3";"1";"1";""
"201900022767";"138 263 755";"B01";"3";"7";"0";"2";"2";"15";"1";""
"201900022768";"138 263 750";"B01";"1";"7";"0";"2";"5";"2";"1";""
"201900022768";"138 263 751";"A01";"0";"7";"0";"2";"2";"9";"1";""
"201900022769";"138 263 749";"A01";"2";"7";"0";"1";"1";"1";"1";""
"201900022770";"138 263 746";"A01";"0";"7";"0";"2";"3";"1";"0";""
"201900022771";"138 263 745";"A01";"1";"33";"0";"0";"0";"2";"1";""
"201900022772";"138 263 743";"B01";"1";"34";"0";"2";"1";"1";"1";""
"201900022772";"138 263 744";"Z01";"1";"7";"0";"2";"3";"10";"1";""
"201900022773";"138 263 741";"B01";"3";"7";"0";"2";"3";"1";"1";""
"201900022773";"138 263 742";"A01";"1";"7";"0";"2";"2";"15";"0";""
"201900022774";"138 263 740";"A01";"0";"7";"0";"1";"3";"1";"1";""
"201900022775";"138 263 738";"A01";"2";"13";"1";"0";"2";"26";"1";""
"201900022775";"138 263 739";"B01";"1";"7";"0";"2";"2";"0";"1";""
"201900022776";"138 263 737";"A01";"3";"99";"1";"0";"0";"23";"0";""
"201900022777";"138 263 736";"A01";"3";"1";"0";"0";"0";"1";"5";""
"201900022778";"138 263 734";"A01";"3";"7";"8";"2";"7";"15";"1";""
"201900022778";"138 263 735";"B01";"1";"7";"0";"2";"1";"1";"1";""
"201900022779";"138 263 732";"A01";"1";"7";"0";"2";"3";"15";"1";""
"201900022779";"138 263 733";"B01";"1";"32";"0";"2";"2";"17";"1";""
"201900022780";"138 263 731";"A01";"1";"7";"8";"0";"2";"14";"0";""
"201900022781";"138 263 729";"B01";"3";"7";"0";"2";"4";"1";"1";""
"201900022781";"138 263 730";"A01";"3";"7";"0";"2";"1";"26";"1";""
"201900022782";"138 263 727";"B01";"1";"32";"0";"2";"1";"1";"1";""
"201900022782";"138 263 728";"A01";"2";"32";"0";"2";"2";"15";"1";""
"201900022783";"138 263 725";"B01";"1";"7";"0";"2";"0";"19";"1";""