"Num_Acc";"id_vehicule";"num_veh";"senc";"catv";"obs";"obsm";"choc";"manv";"motor";"occutc"
"201900022783";"138 263 726";"A01";"2";"33";"0";"2";"1";"17";"1";""
"201900022784";"138 263 724";"A01";"1";"7";"0";"1";"3";"1";"1";""
"201900022785";"138 263 723";"A01";"1";"7";"0";"1";"2";"16";"1";""
"201900022786";"138 263 721";"B01";"1";"32";"0";"2";"8";"1";"1";""
"201900022786";"138 263 722";"A01";"1";"7";"0";"2";"7";"16";"1";""
"201900022787";"138 263 719";"A01";"2";"1";"0";"2";"2";"17";"5";""
"201900022787";"138 263 720";"Z01";"2";"7";"0";"2";"8";"22";"0";""
"201900022788";"138 263 717";"A01";"1";"7";"0";"2";"1";"13";"2";""
"201900022788";"138 263 718";"B01";"2";"37";"0";"2";"1";"1";"1";"9"
"201900022789";"138 263 715";"B01";"2";"32";"0";"2";"2";"15";"1";""
"201900022789";"138 263 716";"A01";"2";"32";"0";"2";"1";"25";"1";""
"201900022790";"138 263 713";"B01";"1";"7";"0";"2";"3";"1";"1";""
"201900022790";"138 263 714";"A01";"1";"1";"0";"2";"1";"1";"5";""
"201900022791";"138 263 712";"A01";"2";"34";"0";"1";"1";"1";"1";""
"201900022792";"138 263 710";"B01";"3";"34";"0";"2";"1";"1";"1";""
"201900022792";"138 263 711";"A01";"1";"1";"0";"2";"7";"1";"5";""
"201900022793";"138 263 708";"B01";"2";"33";"0";"2";"1";"1";"1";""
"201900022793";"138 263 709";"A01";"1";"7";"0";"2";"2";"15";"1";""
"201900022794";"138 263 706";"B01";"2";"30";"0";"2";"6";"1";"1";""
"201900022794";"138 263 707";"A01";"1";"7";"0";"2";"2";"15";"1";""
"201900022795";"138 263 704";"A01";"1";"32";"0";"2";"1";"17";"1";""
"201900022795";"138 263 705";"B01";"1";"7";"0";"2";"3";"15";"1";""
"201900022796";"138 263 702";"A01";"2";"7";"0";"2";"6";"1";"1";""
"201900022796";"138 263 703";"Z01";"1";"7";"0";"2";"1";"15";"0";""
"201900022797";"138 263 701";"A01";"2";"10";"0";"1";"3";"1";"1";""
"201900022798";"138 263 700";"A01";"1";"80";"12";"0";"2";"13";"2";""
"201900022799";"138 263 699";"A01";"2";"32";"0";"1";"0";"17";"1";""
"201900022800";"138 263 698";"A01";"1";"7";"0";"1";"2";"1";"1";""
"201900022801";"138 263 696";"A01";"1";"3";"0";"2";"2";"2";"1";""
"201900022801";"138 263 697";"B01";"1";"3";"0";"2";"3";"20";"1";""
"201900022802";"138 263 694";"B01";"3";"31";"0";"2";"3";"1";"1";""
"201900022802";"138 263 695";"A01";"3";"7";"0";"2";"2";"15";"1";""
"201900022803";"138 263 693";"A01";"0";"7";"0";"1";"2";"16";"0";""
"201900022804";"138 263 691";"B01";"3";"7";"0";"2";"1";"2";"1";""
"201900022804";"138 263 692";"A01";"3";"31";"0";"6";"4";"1";"1";""
"201900022805";"138 263 688";"C01";"1";"7";"0";"2";"8";"1";"1";""
"201900022805";"138 263 689";"B01";"2";"14";"0";"2";"3";"1";"1";""
"201900022805";"138 263 690";"A01";"1";"7";"0";"2";"3";"17";"1";""
"201900022806";"138 263 687";"A01";"3";"7";"0";"1";"2";"2";"1";""
"201900022807";"138 263 686";"A01";"0";"7";"0";"1";"3";"1";"1";""
"201900022808";"138 263 684";"A01";"2";"37";"15";"2";"1";"21";"1";"3"
"201900022808";"138 263 685";"B01";"1";"3";"0";"0";"1";"0";"1";""
"201900022809";"138 263 682";"B01";"1";"10";"0";"0";"1";"2";"0";""
"201900022809";"138 263 683";"A01";"0";"33";"0";"0";"4";"23";"0";""
"201900022810";"138 263 680";"B01";"0";"7";"0";"2";"3";"15";"1";""
"201900022810";"138 263 681";"A01";"0";"30";"0";"2";"2";"17";"1";""
"201900022811";"138 263 679";"A01";"0";"7";"15";"0";"1";"1";"1";""
"201900022812";"138 263 675";"A01";"2";"7";"0";"1";"6";"1";"1";""
"201900022813";"138 263 674";"A01";"1";"7";"0";"1";"3";"1";"1";""
"201900022814";"138 263 672";"B01";"1";"31";"0";"2";"1";"23";"1";""
"201900022814";"138 263 673";"A01";"1";"10";"0";"2";"4";"4";"1";""
"201900022815";"138 263 671";"A01";"1";"7";"0";"1";"7";"1";"1";""
"201900022816";"138 263 669";"A01";"1";"7";"0";"2";"7";"14";"1";""
"201900022816";"138 263 670";"B01";"1";"33";"0";"2";"8";"0";"1";""
"201900022817";"138 263 666";"A01";"3";"10";"0";"2";"2";"2";"1";""
"201900022817";"138 263 667";"B01";"3";"2";"0";"2";"1";"1";"1";""
"201900022817";"138 263 668";"C01";"3";"10";"0";"2";"6";"23";"1";""
"201900022818";"138 263 665";"A01";"2";"33";"13";"0";"1";"1";"1";""
"201900022819";"138 263 663";"A01";"0";"7";"0";"2";"3";"1";"0";""
"201900022819";"138 263 664";"B01";"3";"2";"0";"2";"1";"1";"0";""
"201900022820";"138 263 662";"A01";"1";"7";"4";"0";"8";"13";"1";""
"201900022821";"138 263 660";"B01";"2";"2";"0";"2";"1";"1";"1";""
"201900022821";"138 263 661";"A01";"3";"7";"0";"2";"3";"15";"1";""
"201900022822";"138 263 658";"B01";"1";"7";"0";"0";"1";"23";"1";""
"201900022822";"138 263 659";"A01";"2";"7";"0";"2";"1";"1";"1";""
"201900022823";"138 263 656";"B01";"3";"10";"0";"2";"1";"21";"1";""
"201900022823";"138 263 657";"A01";"3";"7";"0";"2";"1";"13";"1";""
"201900022824";"138 263 654";"A01";"1";"7";"0";"2";"3";"13";"1";""
"201900022824";"138 263 655";"B01";"2";"7";"0";"2";"3";"1";"1";""
"201900022825";"138 263 653";"A01";"3";"7";"13";"0";"2";"14";"6";""
"201900022826";"138 263 650";"A01";"2";"2";"0";"2";"1";"17";"1";""
"201900022826";"138 263 651";"B01";"2";"99";"0";"0";"8";"15";"1";""
"201900022827";"138 263 648";"B01";"1";"10";"0";"2";"6";"13";"1";""
"201900022827";"138 263 649";"A01";"1";"33";"0";"2";"1";"2";"1";""
"201900022828";"138 263 647";"A01";"2";"7";"13";"0";"9";"1";"1";""
"201900022829";"138 263 645";"B01";"1";"2";"0";"2";"1";"1";"1";""
"201900022829";"138 263 646";"A01";"2";"7";"0";"2";"2";"15";"1";""
"201900022830";"138 263 643";"B01";"1";"7";"0";"2";"6";"2";"1";""
"201900022830";"138 263 644";"A01";"1";"33";"0";"2";"1";"2";"1";""
"201900022831";"138 263 641";"A01";"1";"33";"7";"0";"1";"16";"1";""
"201900022832";"138 263 639";"B01";"2";"33";"0";"2";"3";"1";"1";""
"201900022832";"138 263 640";"A01";"2";"7";"0";"2";"2";"19";"1";""
"201900022833";"138 263 637";"A01";"2";"10";"11";"2";"2";"19";"1";""
"201900022833";"138 263 638";"B01";"1";"7";"0";"2";"1";"1";"1";""
"201900022834";"138 263 636";"A01";"1";"33";"0";"0";"8";"15";"1";""
"201900022835";"138 263 634";"B01";"2";"7";"0";"2";"3";"5";"1";""
"201900022835";"138 263 635";"A01";"1";"33";"0";"2";"1";"1";"1";""
"201900022836";"138 263 632";"A01";"2";"7";"0";"0";"1";"5";"1";""
"201900022836";"138 263 633";"B01";"1";"7";"0";"0";"1";"1";"1";""
"201900022837";"138 263 631";"A01";"1";"7";"0";"1";"2";"1";"1";""
"201900022838";"138 263 630";"A01";"0";"7";"0";"0";"2";"0";"1";""
"201900022839";"138 263 629";"A01";"2";"33";"5";"0";"0";"1";"1";""
"201900022840";"138 263 627";"B01";"1";"33";"0";"2";"1";"17";"0";""
"201900022840";"138 263 628";"A01";"1";"7";"0";"2";"3";"15";"1";""
"201900022841";"138 263 626";"A01";"1";"17";"13";"0";"2";"21";"1";""
"201900022842";"138 263 624";"A01";"1";"7";"13";"0";"2";"1";"1";""
"201900022843";"138 263 622";"A01";"1";"7";"0";"0";"4";"23";"0";""
"201900022843";"138 263 623";"B01";"1";"7";"1";"0";"1";"1";"0";""
"201900022844";"138 263 619";"B01";"1";"7";"0";"2";"1";"5";"1";""
"201900022844";"138 263 620";"A01";"2";"14";"0";"0";"1";"1";"1";""
"201900022845";"138 263 617";"B01";"1";"7";"0";"2";"6";"1";"1";""
"201900022845";"138 263 618";"A01";"1";"7";"0";"2";"2";"17";"1";""
"201900022846";"138 263 615";"B01";"3";"7";"0";"2";"3";"1";"1";""
"201900022846";"138 263 616";"A01";"3";"7";"0";"2";"3";"17";"1";""
"201900022847";"138 263 613";"B01";"3";"21";"0";"0";"0";"1";"1";""
"201900022847";"138 263 614";"A01";"3";"32";"13";"0";"1";"13";"1";""
"201900022848";"138 263 611";"B01";"3";"33";"0";"2";"1";"2";"1";""
"201900022848";"138 263 612";"A01";"3";"33";"0";"2";"1";"17";"1";""
"201900022849";"138 263 609";"B01";"0";"2";"0";"2";"4";"1";"1";""
"201900022849";"138 263 610";"A01";"3";"7";"0";"2";"2";"2";"1";""
"201900022850";"138 263 607";"B01";"0";"7";"0";"2";"2";"2";"0";""
"201900022850";"138 263 608";"A01";"0";"7";"0";"2";"6";"2";"0";""
"201900022851";"138 263 606";"A01";"0";"7";"0";"1";"2";"1";"1";""
"201900022852";"138 263 605";"A01";"2";"7";"0";"0";"9";"1";"1";""
"201900022853";"138 263 603";"B01";"1";"33";"0";"2";"2";"1";"0";""
"201900022853";"138 263 604";"A01";"0";"7";"0";"2";"8";"19";"0";""
"201900022854";"138 263 601";"B01";"2";"7";"7";"2";"1";"1";"1";""
"201900022854";"138 263 602";"A01";"2";"7";"0";"2";"1";"19";"1";""
"201900022855";"138 263 600";"A01";"1";"7";"1";"0";"9";"1";"1";""
"201900022856";"138 263 598";"A01";"3";"7";"0";"2";"3";"13";"0";""
"201900022856";"138 263 599";"B01";"3";"7";"0";"2";"3";"13";"0";""
"201900022857";"138 263 597";"A01";"2";"14";"0";"0";"1";"13";"1";""
"201900022858";"138 263 595";"A01";"0";"7";"0";"2";"3";"16";"1";""
"201900022858";"138 263 596";"B01";"0";"33";"0";"2";"2";"26";"1";""
"201900022859";"138 263 594";"A01";"2";"3";"6";"0";"3";"1";"1";""
"201900022860";"138 263 592";"A01";"1";"7";"0";"2";"3";"13";"0";""
"201900022860";"138 263 593";"B01";"2";"7";"0";"2";"3";"1";"0";""
"201900022861";"138 263 590";"B01";"2";"7";"0";"2";"1";"1";"1";""
"201900022861";"138 263 591";"A01";"1";"7";"0";"2";"1";"15";"1";""
"201900022862";"138 263 588";"B01";"2";"10";"0";"2";"1";"2";"1";""
"201900022862";"138 263 589";"A01";"2";"7";"0";"2";"4";"2";"1";""
"201900022863";"138 263 585";"C01";"2";"7";"0";"2";"1";"2";"1";""
"201900022863";"138 263 586";"B01";"2";"7";"0";"2";"9";"2";"1";""
"201900022863";"138 263 587";"A01";"2";"7";"0";"2";"4";"2";"1";""
"201900022864";"138 263 583";"A01";"2";"7";"0";"2";"1";"1";"1";""
"201900022864";"138 263 584";"B01";"2";"7";"0";"2";"4";"1";"1";""
"201900022865";"138 263 581";"A01";"1";"7";"3";"2";"7";"14";"1";""
"201900022865";"138 263 582";"B01";"1";"7";"3";"2";"8";"1";"1";""
"201900022866";"138 263 580";"A01";"1";"7";"4";"0";"3";"13";"1";""
"201900022867";"138 263 578";"B01";"2";"10";"0";"2";"4";"23";"1";""
"201900022867";"138 263 579";"A01";"2";"7";"1";"0";"1";"2";"1";""
"201900022868";"138 263 575";"A01";"2";"10";"0";"2";"2";"2";"1";""
"201900022868";"138 263 576";"B01";"2";"10";"0";"2";"5";"2";"1";""
"201900022868";"138 263 577";"C01";"2";"7";"0";"2";"4";"2";"1";""
"201900022869";"138 263 572";"Z01";"2";"10";"0";"2";"7";"12";"1";""
"201900022869";"138 263 573";"B01";"2";"7";"0";"2";"6";"1";"1";""
"201900022869";"138 263 574";"A01";"2";"32";"0";"2";"3";"3";"1";""
"201900022870";"138 263 568";"D01";"2";"7";"0";"2";"4";"2";"1";""
"201900022870";"138 263 569";"C01";"2";"7";"0";"2";"4";"2";"1";""
"201900022870";"138 263 570";"B01";"2";"7";"0";"2";"4";"2";"1";""
"201900022870";"138 263 571";"A01";"1";"7";"0";"2";"1";"2";"1";""
"201900022871";"138 263 566";"B01";"2";"7";"0";"2";"1";"2";"1";""
"201900022871";"138 263 567";"A01";"2";"7";"0";"2";"4";"2";"1";""
"201900022872";"138 263 565";"A01";"1";"33";"3";"0";"2";"17";"1";""
"201900022873";"138 263 563";"B01";"0";"7";"0";"0";"2";"20";"1";""
"201900022873";"138 263 564";"A01";"0";"30";"0";"2";"1";"18";"1";""
"201900022874";"138 263 562";"B01";"1";"1";"0";"2";"3";"1";"6";""
"201900022875";"138 263 560";"A01";"2";"30";"0";"2";"1";"19";"1";""
"201900022875";"138 263 561";"B01";"1";"37";"0";"2";"3";"1";"1";"1"
"201900022876";"138 263 558";"B01";"1";"1";"0";"0";"0";"0";"0";""
"201900022876";"138 263 559";"A01";"2";"7";"0";"2";"0";"0";"1";""
"201900022877";"138 263 556";"A01";"1";"0";"1";"0";"8";"14";"0";""
"201900022877";"138 263 557";"B01";"1";"7";"0";"2";"8";"0";"1";""
"201900022878";"138 263 554";"A01";"3";"33";"0";"2";"1";"21";"1";""
"201900022878";"138 263 555";"B01";"3";"7";"0";"2";"6";"10";"1";""
"201900022879";"138 263 551";"C01";"2";"7";"0";"2";"3";"9";"1";""
"201900022879";"138 263 552";"A01";"2";"7";"0";"2";"1";"2";"1";""
"201900022879";"138 263 553";"B01";"2";"7";"0";"2";"4";"2";"1";""
"201900022880";"138 263 549";"B01";"3";"7";"0";"2";"1";"1";"1";""
"201900022880";"138 263 550";"A01";"3";"7";"0";"2";"1";"0";"1";""
"201900022881";"138 263 548";"A01";"1";"7";"0";"1";"1";"1";"1";""
"201900022882";"138 263 547";"A01";"1";"33";"0";"0";"8";"21";"1";""
"201900022883";"138 263 545";"B01";"3";"1";"0";"2";"7";"1";"5";""
"201900022883";"138 263 546";"A01";"3";"10";"0";"2";"2";"15";"1";""
"201900022884";"138 263 540";"C01";"2";"10";"0";"2";"1";"2";"1";""
"201900022884";"138 263 541";"B01";"2";"16";"0";"2";"1";"2";"1";""
"201900022884";"138 263 542";"A01";"2";"17";"0";"2";"4";"26";"1";""
"201900022885";"138 263 538";"A01";"1";"7";"1";"2";"4";"2";"0";""
"201900022885";"138 263 539";"B01";"1";"7";"0";"2";"4";"2";"0";""
"201900022886";"138 263 535";"A01";"1";"7";"0";"2";"1";"1";"1";""
"201900022886";"138 263 536";"B01";"1";"7";"0";"2";"0";"0";"1";""
"201900022886";"138 263 537";"C01";"1";"0";"0";"0";"9";"1";" -1";""
"201900022887";"138 263 533";"A01";"2";"2";"13";"0";"1";"21";"1";""
"201900022888";"138 263 532";"A01";"2";"31";"14";"0";"1";"9";"1";""
"201900022889";"138 263 530";"A01";"2";"7";"0";"2";"8";"11";"1";""
"201900022889";"138 263 531";"B01";"2";"7";"3";"2";"7";"1";"1";""
"201900022890";"138 263 528";"A01";"2";"7";"0";"2";"2";"1";"1";""
"201900022890";"138 263 529";"B01";"2";"7";"3";"2";"6";"1";"1";""
"201900022891";"138 263 526";"A01";"0";"10";"0";"2";"1";"15";"1";""
"201900022891";"138 263 527";"B01";"3";"33";"0";"2";"1";"1";"1";""
"201900022892";"138 263 524";"A01";"3";"7";"0";"2";"1";"1";"1";""
"201900022892";"138 263 525";"B01";"3";"7";"0";"2";"3";"1";"1";""
"201900022893";"138 263 522";"B01";"1";"33";"0";"2";"1";"1";"1";""
"201900022893";"138 263 523";"A01";"2";"7";"0";"2";"2";"15";"2";""
"201900022894";"138 263 520";"B01";"2";"7";"14";"0";"7";"1";"1";""
"201900022894";"138 263 521";"A01";"2";"7";"13";"2";"9";"13";"1";""
"201900022895";"138 263 518";"A01";"2";"7";"0";"2";"2";"15";"1";""
"201900022895";"138 263 519";"B01";"1";"33";"0";"2";"1";"1";"1";""
"201900022896";"138 263 516";"A01";"0";"7";"0";"2";"3";"9";"1";""
"201900022896";"138 263 517";"B01";"0";"2";"0";"2";"7";"9";"1";""
"201900022897";"138 263 515";"A01";"2";"7";"0";"1";"2";"26";"1";""
"201900022898";"138 263 511";"A01";"1";"99";"0";"2";"1";"1";"1";""
"201900022898";"138 263 512";"B01";"1";"99";"0";"0";"0";"1";"1";""
"201900022899";"138 263 509";"A01";"1";"7";"0";"2";"1";"2";"1";""
"201900022899";"138 263 510";"B01";"1";"7";"0";"0";"4";"1";"1";""
"201900022900";"138 263 507";"B01";"1";"37";"0";"2";"4";"1";"1";"1"
"201900022900";"138 263 508";"A01";"1";"7";"14";"0";"1";"26";"1";""
"201900022901";"138 263 505";"A01";"1";"32";"0";"2";"1";"2";"1";""
"201900022901";"138 263 506";"B01";"1";"7";"0";"2";"4";"0";"1";""
"201900022902";"138 263 504";"A01";"3";"7";"0";"1";"1";"1";"1";""
"201900022903";"138 263 503";"A01";"2";"30";"8";"0";"1";"13";"0";""
"201900022904";"138 263 501";"B01";"2";"7";"0";"2";"3";"1";"0";""
"201900022904";"138 263 502";"A01";"1";"7";"0";"2";"3";"2";"0";""
"201900022905";"138 263 500";"A01";"1";"7";"8";"0";"3";"26";"1";""
"201900022906";"138 263 499";"A01";"0";"7";"0";"1";"8";"16";"1";""
"201900022907";"138 263 497";"B01";"0";"7";"0";"2";"3";"15";"0";""
"201900022907";"138 263 498";"A01";"0";"7";"0";"2";"1";"9";"0";""
"201900022908";"138 263 495";"B01";"2";"31";"0";"2";"1";"1";"1";""
"201900022908";"138 263 496";"A01";"1";"7";"0";"2";"2";"13";"1";""
"201900022909";"138 263 493";"A01";"2";"33";"0";"2";"1";"5";"1";""
"201900022909";"138 263 494";"B01";"1";"30";"0";"2";"1";"1";"1";""
"201900022910";"138 263 492";"A01";"2";"33";"2";"0";"0";"1";"1";""
"201900022911";"138 263 490";"A01";"1";"2";"0";"2";"7";"13";"1";""
"201900022911";"138 263 491";"B01";"2";"7";"0";"2";"2";"1";"1";""
"201900022912";"138 263 488";"B01";"1";"7";"0";"2";"3";"1";"1";""
"201900022912";"138 263 489";"A01";"2";"10";"0";"2";"3";"13";"1";""
"201900022913";"138 263 485";"C01";"1";"7";"0";"2";"4";"2";"1";""
"201900022913";"138 263 486";"B01";"1";"7";"0";"2";"4";"2";"1";""
"201900022913";"138 263 487";"A01";"1";"7";"0";"2";"1";"2";"1";""
"201900022914";"138 263 483";"B01";"1";"7";"0";"2";"4";"2";"1";""
"201900022914";"138 263 484";"A01";"1";"33";"0";"2";"1";"2";"1";""
"201900022915";"138 263 481";"A01";"2";"32";"0";"2";"1";"2";"1";""
"201900022915";"138 263 482";"B01";"2";"7";"0";"2";"4";"2";"1";""
"201900022916";"138 263 479";"A01";"2";"33";"0";"2";"2";"3";"1";""
"201900022916";"138 263 480";"B01";"2";"10";"0";"2";"8";"11";"1";""
"201900022917";"138 263 477";"A01";"1";"7";"0";"2";"6";"15";"1";""
"201900022917";"138 263 478";"B01";"1";"30";"0";"2";"5";"1";"1";""
"201900022918";"138 263 475";"A01";"1";"30";"0";"2";"7";"17";"1";""
"201900022918";"138 263 476";"B01";"1";"1";"0";"2";"7";"1";"5";""
"201900022919";"138 263 473";"A01";"1";"33";"0";"2";"5";"1";"1";""
"201900022919";"138 263 474";"B01";"1";"7";"0";"2";"8";"22";"1";""
"201900022920";"138 263 472";"A01";"1";"30";"1";"0";"1";"14";"1";""
"201900022921";"138 263 469";"A01";"1";"7";"0";"1";"1";"1";"1";""
"201900022922";"138 263 467";"A01";"3";"7";"0";"2";"3";"15";"1";""
"201900022922";"138 263 468";"B01";"0";"2";"0";"2";"1";"1";"1";""
"201900022923";"138 263 465";"A01";"0";"30";"0";"2";"6";"2";"1";""
"201900022923";"138 263 466";"Z01";"1";"7";"0";"2";"0";"0";"0";""
"201900022924";"138 263 463";"B01";"3";"7";"0";"2";"1";"2";"1";""
"201900022924";"138 263 464";"A01";"3";"7";"0";"2";"4";"0";"1";""
"201900022925";"138 263 461";"B01";"2";"3";"0";"2";"4";"18";"1";""
"201900022925";"138 263 462";"A01";"2";"7";"0";"2";"1";"2";"1";""
"201900022926";"138 263 460";"A01";"3";"7";"0";"1";"2";"2";"1";""
"201900022927";"138 263 459";"A01";"1";"7";"15";"1";"2";"1";"1";""
"201900022928";"138 263 457";"A01";"3";"31";"0";"2";"2";"17";"1";""
"201900022928";"138 263 458";"B01";"3";"7";"0";"2";"6";"15";"1";""
"201900022929";"138 263 456";"A01";"2";"7";"6";"0";"1";"1";"1";""
"201900022930";"138 263 455";"A01";"1";"7";"1";"0";"1";"1";"1";""
"201900022931";"138 263 454";"A01";"1";"7";"2";"0";"1";"1";"1";""
"201900022932";"138 263 453";"A01";"2";"7";"3";"0";"3";"1";"1";""
"201900022933";"138 263 450";"B01";"1";"2";"0";"2";"1";"1";"1";""
"201900022933";"138 263 451";"A01";"1";"2";"0";"2";"6";"15";"1";""
"201900022934";"138 263 448";"B01";"2";"7";"0";"0";"4";"2";"1";""
"201900022934";"138 263 449";"A01";"2";"7";"4";"2";"1";"2";"1";""
"201900022935";"138 263 447";"A01";"3";"50";"15";"9";"1";"1";"3";""
"201900022936";"138 263 446";"A01";"0";"7";"2";"0";"2";"14";"1";""
"201900022937";"138 263 444";"A01";"1";"7";"0";"9";"2";"19";"1";""
"201900022937";"138 263 445";"B01";"2";"1";"0";"2";"8";"1";"5";""
"201900022938";"138 263 442";"B01";"1";"1";"0";"2";"6";"18";"0";""
"201900022938";"138 263 443";"A01";"1";"7";"0";"2";"2";"2";"1";""
"201900022939";"138 263 441";"A01";"1";"33";"13";"0";"9";"1";"1";""
"201900022940";"138 263 439";"A01";"1";"35";"13";"0";"9";"13";"1";""
"201900022941";"138 263 435";"B01";"0";"7";"0";"0";"5";"19";"1";""
"201900022941";"138 263 436";"A01";"0";"33";"0";"2";"1";"1";"1";""
"201900022942";"138 263 434";"A01";"2";"1";"1";"0";"0";"1";"5";""
"201900022943";"138 263 433";"A01";"1";"7";"0";"1";"3";"1";"1";""
"201900022944";"138 263 432";"A01";"2";"32";"17";"0";"1";"14";"1";""
"201900022945";"138 263 430";"A01";"1";"7";"0";"9";"2";"17";"1";""
"201900022945";"138 263 431";"B01";"1";"1";"0";"2";"8";"15";"6";""
"201900022946";"138 263 428";"B01";"1";"7";"0";"2";"3";"1";"1";""
"201900022946";"138 263 429";"A01";"2";"7";"0";"2";"6";"13";"1";""
"201900022947";"138 263 426";"A01";"1";"31";"0";"2";"1";"2";"1";""
"201900022947";"138 263 427";"B01";"1";"7";"0";"0";"4";"2";"1";""
"201900022948";"138 263 424";"B01";"3";"33";"0";"2";"1";"1";"1";""
"201900022948";"138 263 425";"A01";"3";"7";"0";"2";"3";"1";"1";""
"201900022949";"138 263 423";"A01";"1";"7";"13";"0";"3";"0";"1";""
"201900022950";"138 263 421";"B01";"0";"33";"0";"2";"1";"1";"0";""
"201900022950";"138 263 422";"A01";"0";"7";"0";"2";"6";"17";"0";""
"201900022951";"138 263 420";"A01";"3";"1";"0";"0";"0";"0";"5";""
"201900022952";"138 263 419";"A01";"2";"7";"2";"0";"0";"0";"1";""
"201900022953";"138 263 416";"A01";"0";"7";"0";"2";"1";"1";"1";""
"201900022953";"138 263 417";"B01";"0";"7";"0";"2";"8";"1";"1";""
"201900022953";"138 263 418";"C01";"0";"7";"0";"2";"1";"1";"1";""
"201900022954";"138 263 414";"B01";"1";"17";"0";"2";"6";"1";"0";""
"201900022954";"138 263 415";"A01";"1";"7";"0";"2";"2";"2";"1";""
"201900022955";"138 263 412";"B01";"2";"7";"0";"2";"1";"2";"1";""
"201900022955";"138 263 413";"A01";"2";"7";"0";"2";"4";"2";"1";""
"201900022956";"138 263 410";"B01";"2";"7";"0";"2";"0";"1";"0";""
"201900022956";"138 263 411";"A01";"2";"7";"0";"2";"0";"12";"0";""
"201900022957";"138 263 408";"B01";"1";"38";"0";"0";"4";"2";"1";"1"
"201900022957";"138 263 409";"A01";"1";"7";"0";"2";"1";"2";"1";""
"201900022958";"138 263 405";"C01";"2";"7";"0";"2";"8";"1";"1";""
"201900022958";"138 263 406";"B01";"1";"7";"0";"2";"4";"2";"1";""
"201900022958";"138 263 407";"A01";"1";"33";"0";"2";"1";"1";"1";""
"201900022959";"138 263 404";"A01";"2";"2";"6";"0";"1";"14";"1";""
"201900022960";"138 263 403";"A01";"2";"7";"16";"0";"1";"0";"1";""
"201900022961";"138 263 402";"A01";"1";"33";"13";"0";"1";"1";"1";""
"201900022962";"138 263 399";"B01";"0";"7";"0";"0";"4";"1";"0";""
"201900022962";"138 263 400";"A01";"3";"33";"0";"2";"1";"1";"1";""
"201900022963";"138 263 398";"A01";"3";"2";"12";"0";"0";"0";"1";""
"201900022964";"138 263 396";"B01";"1";"7";"0";"2";"1";"15";"1";""
"201900022964";"138 263 397";"A01";"1";"33";"0";"2";"1";"17";"1";""
"201900022965";"138 263 394";"B01";"1";"7";"0";"2";"1";"1";"1";""
"201900022965";"138 263 395";"A01";"2";"32";"0";"2";"1";"13";"1";""
"201900022966";"138 263 392";"B01";"3";"80";"0";"2";"1";"1";"3";""
"201900022966";"138 263 393";"A01";"3";"7";"0";"9";"2";"19";"1";""
"201900022967";"138 263 390";"A01";"1";"1";"0";"2";"7";"0";"5";""
"201900022967";"138 263 391";"B01";"1";"7";"0";"2";"3";"9";"0";""
"201900022968";"138 263 387";"A01";"2";"7";"0";"2";"1";"1";"1";""
"201900022968";"138 263 388";"B01";"2";"7";"13";"0";"6";"21";"1";""
"201900022968";"138 263 389";"C01";"2";"7";"0";"2";"1";"13";"1";""
"201900022969";"138 263 385";"A01";"0";"10";"0";"2";"6";"1";"1";""
"201900022969";"138 263 386";"B01";"3";"2";"0";"2";"1";"1";"1";""
"201900022970";"138 263 383";"B01";"1";"7";"0";"9";"8";"9";"1";""
"201900022970";"138 263 384";"A01";"1";"1";"0";"2";"4";"1";"5";""
"201900022971";"138 263 381";"B01";"2";"21";"0";"2";"1";"1";"1";""
"201900022971";"138 263 382";"A01";"1";"7";"0";"2";"1";"13";"1";""
"201900022972";"138 263 380";"A01";"2";"7";"13";"0";"1";"1";"1";""
"201900022973";"138 263 374";"B01";"1";"10";"0";"2";"4";"23";"1";""
"201900022973";"138 263 375";"C01";"1";"7";"0";"0";"4";"23";"1";""
"201900022973";"138 263 376";"A01";"1";"7";"0";"2";"1";"1";"0";""
"201900022974";"138 263 372";"B01";"1";"7";"0";"0";"8";"19";"1";""
"201900022974";"138 263 373";"A01";"1";"33";"0";"2";"1";"19";"1";""
"201900022975";"138 263 368";"C01";"2";"7";"0";"2";"1";"2";"1";""
"201900022975";"138 263 369";"B01";"2";"7";"0";"2";"4";"2";"1";""
"201900022975";"138 263 370";"A01";"2";"7";"0";"0";"4";"2";"1";""
"201900022976";"138 263 366";"A01";"1";"7";"0";"2";"5";"2";"1";""
"201900022976";"138 263 367";"B01";"1";"31";"0";"2";"3";"0";"0";""
"201900022977";"138 263 364";"B01";"1";"7";"0";"2";"8";"11";"1";""
"201900022977";"138 263 365";"A01";"2";"33";"14";"2";"7";"1";"1";""
"201900022978";"138 263 363";"A01";"2";"7";"0";"0";"0";"0";"1";""
"201900022979";"138 263 362";"A01";"1";"7";"14";"0";"1";"14";"1";""
"201900022980";"138 263 359";"B01";"2";"33";"0";"2";"4";"2";"1";""
"201900022980";"138 263 360";"C01";"2";"7";"0";"2";"4";"23";"1";""
"201900022980";"138 263 361";"A01";"2";"7";"0";"2";"1";"2";"1";""
"201900022981";"138 263 357";"B01";"2";"7";"0";"2";"4";"1";"1";""
"201900022981";"138 263 358";"A01";"2";"7";"0";"2";"1";"1";"1";""
"201900022982";"138 263 353";"D01";"1";"7";"0";"2";"5";"1";"1";""