"Num_Acc";"id_vehicule";"num_veh";"senc";"catv";"obs";"obsm";"choc";"manv";"motor";"occutc"
"201900023179";"138 262 978";"B01";"2";"7";"0";"2";"4";"1";"1";""
"201900023179";"138 262 979";"C01";"2";"7";"0";"2";"4";"1";"1";""
"201900023180";"138 262 971";"A01";"1";"7";"0";"2";"3";"19";"1";""
"201900023180";"138 262 972";"B01";"1";"7";"0";"2";"5";"2";"1";""
"201900023180";"138 262 973";"C01";"1";"7";"0";"2";"2";"2";"1";""
"201900023180";"138 262 974";"D01";"1";"7";"0";"2";"5";"2";"1";""
"201900023180";"138 262 975";"E01";"1";"7";"0";"2";"4";"2";"1";""
"201900023180";"138 262 976";"F01";"1";"7";"0";"2";"4";"2";"1";""
"201900023181";"138 262 966";"B01";"1";"0";"0";"2";"0";"26";"0";""
"201900023182";"138 262 964";"B01";"1";"31";"0";"2";"4";"23";"1";""
"201900023182";"138 262 965";"A01";"1";"7";"0";"2";"1";"9";"1";""
"201900023183";"138 262 963";"A01";"3";"7";"0";"1";"2";"1";"4";""
"201900023184";"138 262 958";"A01";"2";"50";"0";"2";"3";"17";"3";""
"201900023184";"138 262 959";"B01";"0";"7";"0";"2";"3";"15";"1";""
"201900023185";"138 262 956";"A01";"2";"30";"0";"2";"3";"13";"1";""
"201900023185";"138 262 957";"B01";"1";"10";"0";"2";"3";"1";"1";""
"201900023186";"138 262 953";"A01";"1";"7";"0";"1";"6";"20";"1";""
"201900023187";"138 262 951";"B01";"2";"37";"9";"6";"1";"24";"1";"1"
"201900023187";"138 262 952";"A01";"1";"33";"14";"6";"3";"26";"1";""
"201900023188";"138 262 946";"A01";"3";"7";"1";"1";"2";"9";"1";""
"201900023189";"138 262 944";"B01";"1";"7";"0";"2";"4";"2";"1";""
"201900023189";"138 262 945";"A01";"1";"7";"0";"2";"1";"2";"1";""
"201900023190";"138 262 942";"B01";"3";"15";"0";"2";"4";"2";"0";""
"201900023190";"138 262 943";"A01";"3";"7";"0";"2";"1";"2";"0";""
"201900023191";"138 262 941";"A01";"3";"30";"14";"0";"0";"26";"1";""
"201900023192";"138 262 939";"A01";"2";"1";"0";"2";"0";"9";"0";""
"201900023192";"138 262 940";"B01";"2";"7";"0";"2";"7";"1";"0";""
"201900023193";"138 262 938";"A01";"2";"7";"0";"1";"3";"1";"1";""
"201900023194";"138 262 936";"A01";"2";"7";"0";"2";"1";"13";"1";""
"201900023194";"138 262 937";"B01";"1";"7";"0";"2";"2";"1";"1";""
"201900023195";"138 262 934";"B01";"3";"33";"0";"2";"7";"1";"1";""
"201900023195";"138 262 935";"A01";"3";"7";"0";"2";"1";"9";"1";""
"201900023196";"138 262 930";"B01";"1";"2";"0";"2";"3";"1";"1";""
"201900023196";"138 262 931";"A01";"2";"7";"0";"2";"2";"1";"1";""
"201900023197";"138 262 928";"A01";"2";"7";"0";"6";"8";"15";"1";""
"201900023197";"138 262 929";"B01";"2";"2";"0";"2";"7";"17";"1";""
"201900023198";"138 262 925";"C01";"3";"7";"0";"2";"2";"26";"1";""
"201900023198";"138 262 926";"A01";"3";"30";"0";"2";"1";"26";"1";""
"201900023198";"138 262 927";"B01";"3";"30";"0";"2";"1";"26";"1";""
"201900023199";"138 262 923";"B01";"1";"34";"0";"2";"1";"1";"1";""
"201900023199";"138 262 924";"A01";"1";"7";"0";"2";"3";"9";"1";""
"201900023200";"138 262 911";"A01";"3";"7";"0";"2";"1";"16";"1";""
"201900023200";"138 262 912";"B01";"3";"33";"0";"2";"4";"1";"0";""
"201900023201";"138 262 908";"A01";"3";"99";"0";"0";"2";"16";"1";""
"201900023202";"138 262 907";"A01";"3";"7";"0";"1";"2";"15";"6";""
"201900023203";"138 262 905";"B01";"1";"99";"0";"2";"3";"0";"1";""
"201900023203";"138 262 906";"A01";"1";"7";"0";"2";"2";"9";"1";""
"201900023204";"138 262 902";"A01";"2";"7";"0";"0";"8";"15";"1";""
"201900023204";"138 262 903";"B01";"2";"33";"0";"2";"7";"2";"1";""
"201900023205";"138 262 899";"C01";"1";"15";"0";"2";"4";"24";"1";""
"201900023205";"138 262 900";"B01";"1";"14";"0";"2";"5";"24";"1";""
"201900023205";"138 262 901";"A01";"1";"7";"1";"2";"1";"1";"1";""
"201900023206";"138 262 896";"A01";"0";"33";"0";"2";"1";"2";"1";""
"201900023206";"138 262 897";"B01";"0";"7";"0";"2";"4";"2";"1";""
"201900023207";"138 262 893";"A01";"2";"30";"0";"2";"1";"0";"1";""
"201900023207";"138 262 894";"B01";"2";"7";"0";"2";"3";"0";"1";""
"201900023207";"138 262 895";"C01";"2";"7";"0";"2";"4";"0";"1";""
"201900023208";"138 262 892";"A01";"1";"33";"0";"2";"1";"17";"1";""
"201900023209";"138 262 890";"B01";"3";"7";"0";"2";"3";"15";"1";""
"201900023209";"138 262 891";"A01";"3";"30";"0";"2";"1";"1";"1";""
"201900023210";"138 262 889";"A01";"1";"7";"6";"0";"1";"1";"1";""
"201900023211";"138 262 884";"A01";"1";"7";"0";"1";"1";"1";"1";""
"201900023212";"138 262 883";"A01";"1";"7";"0";"1";"1";"1";"0";""
"201900023213";"138 262 879";"B01";"1";"33";"0";"2";"4";"23";"1";""
"201900023213";"138 262 880";"A01";"1";"7";"0";"2";"3";"15";"1";""
"201900023214";"138 262 877";"A01";"3";"7";"0";"2";"2";"13";"1";""
"201900023214";"138 262 878";"Z01";"1";"7";"0";"2";"1";"19";"0";""
"201900023215";"138 262 875";"B01";"2";"7";"0";"2";"1";"1";"1";""
"201900023215";"138 262 876";"A01";"3";"7";"0";"2";"5";"15";"1";""
"201900023216";"138 262 867";"A01";"1";"7";"0";"1";"3";"2";"1";""
"201900023217";"138 262 865";"B01";"2";"32";"0";"2";"1";"1";"1";""
"201900023217";"138 262 866";"A01";"2";"7";"0";"2";"3";"10";"3";""
"201900023218";"138 262 863";"A01";"1";"7";"0";"2";"4";"23";"1";""
"201900023218";"138 262 864";"B01";"1";"7";"0";"2";"1";"2";"1";""
"201900023219";"138 262 859";"B01";"0";"7";"0";"2";"1";"15";"1";""
"201900023219";"138 262 860";"A01";"0";"33";"0";"2";"1";"5";"1";""
"201900023220";"138 262 854";"A01";"1";"7";"0";"1";"3";"1";"1";""
"201900023221";"138 262 852";"B01";"1";"2";"0";"2";"2";"17";"1";""
"201900023221";"138 262 853";"A01";"1";"10";"0";"2";"8";"10";"1";""
"201900023222";"138 262 850";"A01";"1";"7";"14";"0";"1";"26";"1";""
"201900023222";"138 262 851";"B01";"1";"7";"14";"0";"4";"26";"6";""
"201900023223";"138 262 848";"A01";"1";"17";"0";"2";"5";"16";"1";""
"201900023223";"138 262 849";"B01";"1";"1";"0";"2";"1";"1";"0";""
"201900023224";"138 262 846";"A01";"1";"7";"11";"2";"2";"9";"1";""
"201900023224";"138 262 847";"B01";"2";"1";"0";"2";"8";"0";"5";""
"201900023225";"138 262 844";"B01";"1";"2";"0";"2";"4";"2";"1";""
"201900023225";"138 262 845";"A01";"1";"13";"0";"2";"3";"2";"1";""
"201900023226";"138 262 842";"A01";"1";"30";"1";"0";"8";"5";"1";""
"201900023226";"138 262 843";"B01";"1";"7";"0";"0";"0";"0";"1";""
"201900023227";"138 262 840";"B01";"1";"2";"0";"2";"1";"17";"1";""
"201900023227";"138 262 841";"A01";"1";"7";"0";"2";"6";"24";"1";""
"201900023228";"138 262 837";"C01";"1";"1";"0";"2";"4";"0";"5";""
"201900023228";"138 262 838";"A01";"1";"7";"1";"2";"1";"15";"1";""
"201900023228";"138 262 839";"B01";"2";"7";"0";"2";"7";"1";"1";""
"201900023229";"138 262 835";"A01";"3";"7";"0";"2";"2";"2";"1";""
"201900023229";"138 262 836";"B01";"3";"33";"0";"2";"4";"23";"1";""
"201900023230";"138 262 832";"C01";"1";"7";"10";"0";"1";"21";"1";""
"201900023230";"138 262 833";"B01";"1";"2";"0";"2";"4";"2";"1";""
"201900023230";"138 262 834";"A01";"1";"7";"0";"2";"1";"2";"1";""
"201900023231";"138 262 831";"A01";"1";"7";"0";"1";"2";"16";"1";""
"201900023232";"138 262 829";"B01";"2";"10";"0";"2";"3";"26";"1";""
"201900023232";"138 262 830";"A01";"2";"7";"6";"2";"2";"1";"1";""
"201900023233";"138 262 827";"B01";"2";"1";"0";"2";"3";"15";"5";""
"201900023233";"138 262 828";"A01";"2";"7";"0";"2";"2";"2";"1";""
"201900023234";"138 262 825";"A01";"2";"7";"0";"2";"2";"1";"1";""
"201900023234";"138 262 826";"B01";"2";"1";"0";"2";"4";"1";"5";""
"201900023235";"138 262 824";"A01";"2";"32";"8";"0";"3";"14";"1";""
"201900023236";"138 262 822";"A01";"1";"2";"0";"2";"8";"13";"1";""
"201900023236";"138 262 823";"B01";"2";"13";"0";"2";"8";"1";"1";""
"201900023237";"138 262 821";"A01";"2";"7";"0";"1";"2";"1";"0";""
"201900023238";"138 262 818";"B01";"2";"33";"0";"2";"1";"26";"1";""
"201900023238";"138 262 819";"A01";"2";"7";"0";"2";"4";"23";"1";""
"201900023239";"138 262 816";"B01";"1";"10";"0";"0";"8";"1";"1";""
"201900023239";"138 262 817";"A01";"1";"33";"0";"2";"1";"19";"1";""
"201900023240";"138 262 808";"A01";"2";"7";"0";"2";"3";"9";"1";""
"201900023240";"138 262 809";"B01";"2";"30";"0";"2";"5";"1";"1";""
"201900023241";"138 262 806";"A01";"1";"7";"0";"2";"1";"13";"1";""
"201900023241";"138 262 807";"B01";"2";"7";"0";"2";"1";"1";"1";""
"201900023242";"138 262 804";"A01";"1";"7";"0";"1";"3";"1";"1";""
"201900023243";"138 262 803";"A01";"1";"10";"0";"1";"3";"1";"1";""
"201900023244";"138 262 802";"A01";"2";"7";"0";"1";"6";"26";"1";""
"201900023245";"138 262 800";"B01";"2";"1";"0";"2";"1";"1";"5";""
"201900023245";"138 262 801";"A01";"1";"7";"0";"2";"8";"19";"1";""
"201900023246";"138 262 797";"C01";"2";"1";"0";"2";"1";"2";"5";""
"201900023246";"138 262 798";"B01";"2";"7";"0";"2";"4";"20";"1";""
"201900023246";"138 262 799";"A01";"2";"1";"0";"2";"1";"2";"5";""
"201900023247";"138 262 795";"A01";"3";"1";"0";"2";"1";"1";"5";""
"201900023247";"138 262 796";"B01";"3";"7";"0";"2";"7";"1";"1";""
"201900023248";"138 262 791";"A01";"1";"7";"0";"2";"3";"26";"1";""
"201900023248";"138 262 792";"B01";"1";"7";"0";"2";"2";"0";"1";""
"201900023249";"138 262 787";"B01";"0";"33";"0";"2";"1";"1";"1";""
"201900023249";"138 262 788";"A01";"0";"7";"0";"2";"2";"0";"1";""
"201900023250";"138 262 786";"A01";"3";"33";"2";"2";"2";"17";"1";""
"201900023251";"138 262 784";"A01";"2";"10";"0";"2";"2";"19";"1";""
"201900023251";"138 262 785";"B01";"1";"2";"0";"2";"1";"1";"1";""
"201900023252";"138 262 781";"C01";"1";"7";"0";"2";"1";"1";"1";""
"201900023252";"138 262 782";"B01";"1";"7";"0";"2";"6";"1";"1";""
"201900023252";"138 262 783";"A01";"1";"7";"0";"2";"2";"1";"1";""
"201900023253";"138 262 779";"A01";"1";"7";"0";"2";"2";"15";"0";""
"201900023253";"138 262 780";"B01";"2";"7";"0";"2";"3";"16";"0";""
"201900023254";"138 262 777";"A01";"1";"7";"0";"2";"1";"13";"0";""
"201900023254";"138 262 778";"B01";"2";"7";"0";"2";"1";"1";"0";""
"201900023255";"138 262 774";"B01";"1";"7";"0";"2";"3";"1";"1";""
"201900023255";"138 262 775";"A01";"0";"1";"0";"2";"1";"1";"0";""
"201900023256";"138 262 772";"B01";"1";"7";"0";"2";"8";"15";"1";""
"201900023256";"138 262 773";"A01";"1";"32";"0";"2";"1";"17";"1";""
"201900023257";"138 262 770";"B01";"2";"7";"0";"0";"4";"2";"1";""
"201900023257";"138 262 771";"A01";"2";"7";"0";"2";"1";"2";"1";""
"201900023258";"138 262 769";"A01";"0";"7";"0";"1";"4";"20";"0";""
"201900023259";"138 262 768";"A01";"0";"7";"0";"1";"1";"15";"0";""
"201900023260";"138 262 767";"A01";"2";"33";"0";"0";"1";"1";"1";""
"201900023261";"138 262 765";"A01";"0";"10";"0";"0";"6";"15";"0";""
"201900023261";"138 262 766";"B01";"0";"2";"0";"2";"1";"2";"1";""
"201900023262";"138 262 764";"A01";"3";"30";"0";"0";"7";"1";"1";""
"201900023263";"138 262 762";"A01";"2";"7";"0";"2";"1";"9";"1";""
"201900023263";"138 262 763";"B01";"3";"1";"0";"2";"7";"1";"5";""
"201900023264";"138 262 758";"B01";"1";"7";"0";"2";"1";"1";"1";""
"201900023264";"138 262 759";"A01";"1";"7";"0";"2";"8";"16";"1";""
"201900023265";"138 262 756";"B01";"2";"7";"0";"2";"7";"15";"1";""
"201900023265";"138 262 757";"A01";"1";"31";"0";"2";"1";"1";"1";""
"201900023266";"138 262 754";"A01";"1";"1";"0";"2";"1";"9";"5";""
"201900023266";"138 262 755";"B01";"1";"7";"0";"2";"3";"1";"1";""
"201900023267";"138 262 752";"B01";"1";"14";"0";"2";"8";"24";"1";""
"201900023267";"138 262 753";"A01";"1";"13";"1";"0";"6";"4";"1";""
"201900023268";"138 262 750";"Z01";"3";"7";"0";"0";"0";"0";"0";""
"201900023268";"138 262 751";"B01";"3";"1";"0";"2";"8";"1";"5";""
"201900023269";"138 262 748";"B01";"3";"7";"0";"2";"2";"1";"1";""
"201900023269";"138 262 749";"A01";"3";"7";"0";"2";"3";"15";"1";""
"201900023270";"138 262 746";"A01";"1";"7";"0";"2";"4";"2";"1";""
"201900023270";"138 262 747";"B01";"1";"7";"0";"2";"4";"2";"1";""
"201900023271";"138 262 743";"C01";"1";"7";"0";"2";"4";"0";"1";""
"201900023271";"138 262 744";"B01";"1";"7";"0";"2";"4";"0";"1";""
"201900023271";"138 262 745";"A01";"1";"7";"0";"2";"1";"1";"1";""
"201900023272";"138 262 742";"A01";"3";"7";"0";"1";"0";"26";"1";""
"201900023273";"138 262 740";"B01";"3";"7";"0";"2";"8";"1";"1";""
"201900023273";"138 262 741";"A01";"3";"37";"0";"2";"1";"1";"1";"1"
"201900023274";"138 262 738";"B01";"1";"1";"1";"0";"1";"5";"5";""
"201900023274";"138 262 739";"A01";"3";"7";"0";"2";"2";"9";"1";""
"201900023275";"138 262 737";"A01";"1";"33";"14";"0";"8";"13";"1";""
"201900023276";"138 262 735";"A01";"1";"37";"0";"2";"1";"2";"1";"1"
"201900023276";"138 262 736";"B01";"1";"7";"0";"2";"4";"2";"1";""
"201900023277";"138 262 731";"A01";"1";"31";"3";"2";"2";"16";"1";""
"201900023277";"138 262 732";"B01";"1";"7";"0";"2";"3";"1";"1";""
"201900023277";"138 262 733";"C01";"1";"7";"0";"2";"1";"1";"1";""
"201900023277";"138 262 734";"D01";"1";"7";"0";"2";"1";"1";"1";""
"201900023278";"138 262 730";"A01";"3";"7";"1";"0";"3";"26";"1";""
"201900023279";"138 262 728";"B01";"3";"33";"1";"2";"1";"1";"1";""
"201900023279";"138 262 729";"A01";"3";"10";"0";"2";"7";"1";"1";""
"201900023280";"138 262 722";"A01";"2";"7";"0";"2";"1";"2";"1";""
"201900023280";"138 262 723";"B01";"2";"7";"0";"2";"4";"2";"1";""
"201900023280";"138 262 724";"C01";"2";"7";"0";"2";"4";"2";"1";""
"201900023280";"138 262 725";"D01";"2";"7";"0";"2";"4";"2";"1";""
"201900023281";"138 262 720";"A01";"3";"0";"0";"2";"1";"19";"0";""
"201900023281";"138 262 721";"B01";"3";"7";"0";"2";"3";"1";"1";""
"201900023282";"138 262 717";"A01";"0";"2";"0";"2";"0";"1";"1";""
"201900023282";"138 262 718";"B01";"0";"1";"0";"2";"0";"1";"5";""
"201900023283";"138 262 710";"A01";"1";"7";"0";"1";"3";"1";"1";""
"201900023284";"138 262 709";"A01";"1";"7";"2";"0";"3";"2";"1";""
"201900023285";"138 262 708";"A01";"3";"7";"0";"1";"2";"26";"1";""
"201900023286";"138 262 706";"B01";"2";"7";"0";"2";"1";"1";"1";""
"201900023286";"138 262 707";"A01";"2";"7";"0";"2";"1";"15";"1";""
"201900023287";"138 262 702";"A01";"1";"7";"0";"2";"3";"5";"1";""
"201900023287";"138 262 703";"B01";"2";"1";"0";"2";"1";"1";"5";""
"201900023288";"138 262 700";"A01";"1";"32";"0";"2";"1";"17";"1";""
"201900023288";"138 262 701";"B01";"1";"7";"0";"2";"8";"15";"1";""
"201900023289";"138 262 698";"A01";"1";"2";"0";"2";"1";"1";"1";""
"201900023289";"138 262 699";"B01";"1";"7";"0";"2";"4";"2";"1";""
"201900023290";"138 262 696";"B01";"2";"7";"0";"2";"4";"16";"1";""
"201900023290";"138 262 697";"A01";"2";"7";"0";"2";"1";"1";"1";""
"201900023291";"138 262 694";"A01";"0";"1";"0";"2";"4";"19";"5";""
"201900023291";"138 262 695";"B01";"0";"7";"0";"6";"1";"0";"1";""
"201900023292";"138 262 692";"A01";"3";"7";"0";"2";"1";"13";"1";""
"201900023292";"138 262 693";"B01";"3";"7";"0";"2";"1";"1";"1";""
"201900023293";"138 262 690";"B01";"1";"2";"0";"2";"7";"1";"1";""
"201900023293";"138 262 691";"A01";"3";"7";"0";"2";"1";"9";"1";""
"201900023294";"138 262 689";"A01";"1";"2";"0";"1";"1";"1";"1";""
"201900023295";"138 262 687";"A01";"1";"7";"0";"2";"3";"13";"1";""
"201900023295";"138 262 688";"B01";"2";"10";"0";"2";"6";"1";"1";""
"201900023296";"138 262 686";"A01";"1";"31";"3";"0";"1";"1";"1";""
"201900023297";"138 262 684";"A01";"3";"2";"0";"2";"2";"1";"1";""
"201900023297";"138 262 685";"B01";"3";"7";"0";"2";"2";"1";"1";""
"201900023298";"138 262 679";"B01";"0";"1";"0";"2";"0";"1";"0";""
"201900023298";"138 262 680";"A01";"0";"7";"0";"2";"3";"1";"0";""
"201900023299";"138 262 678";"A01";"3";"30";"0";"0";"0";"1";"1";""
"201900023300";"138 262 676";"B01";"1";"15";"0";"2";"0";"9";"0";""
"201900023300";"138 262 677";"A01";"1";"1";"0";"2";"0";"26";"5";""
"201900023301";"138 262 674";"A01";"0";"2";"0";"2";"1";"1";"1";""
"201900023301";"138 262 675";"B01";"0";"7";"0";"2";"7";"15";"1";""
"201900023302";"138 262 672";"A01";"2";"30";"0";"2";"1";"13";"1";""
"201900023302";"138 262 673";"B01";"1";"7";"0";"2";"3";"1";"1";""
"201900023303";"138 262 670";"B01";"0";"7";"0";"2";"1";"1";"1";""
"201900023303";"138 262 671";"A01";"0";"7";"0";"2";"6";"1";"1";""
"201900023304";"138 262 669";"A01";"1";"7";"0";"1";"3";"1";"2";""
"201900023305";"138 262 668";"A01";"1";"7";"0";"0";"9";"16";"1";""
"201900023306";"138 262 666";"B01";"3";"2";"0";"2";"0";"0";"1";""
"201900023306";"138 262 667";"A01";"3";"10";"0";"2";"2";"10";"1";""
"201900023307";"138 262 662";"A01";"1";"7";"0";"2";"3";"16";"1";""
"201900023307";"138 262 663";"B01";"1";"7";"0";"2";"3";"23";"1";""
"201900023308";"138 262 660";"A01";"2";"7";"0";"1";"1";"1";"1";""
"201900023309";"138 262 659";"A01";"1";"7";"0";"1";"3";"26";"1";""
"201900023310";"138 262 657";"A01";"0";"10";"0";"2";"1";"17";"0";""
"201900023310";"138 262 658";"B01";"0";"7";"0";"2";"3";"1";"0";""
"201900023311";"138 262 655";"B01";"3";"7";"0";"2";"2";"1";"2";""
"201900023311";"138 262 656";"A01";"3";"7";"0";"2";"1";"19";"1";""
"201900023312";"138 262 654";"A01";"1";"7";"8";"0";"4";"26";"1";""
"201900023313";"138 262 653";"A01";"1";"7";"8";"0";"1";"0";"1";""
"201900023314";"138 262 651";"B01";"3";"33";"0";"2";"0";"0";"1";""
"201900023314";"138 262 652";"A01";"3";"7";"0";"2";"3";"15";"1";""
"201900023315";"138 262 650";"A01";"1";"10";"0";"1";"4";"4";"1";""
"201900023316";"138 262 649";"A01";"2";"7";"8";"1";"2";"20";"1";""
"201900023317";"138 262 647";"B01";"1";"1";"0";"2";"1";"1";"5";""
"201900023317";"138 262 648";"A01";"1";"7";"0";"2";"3";"1";"1";""
"201900023318";"138 262 645";"A01";"2";"7";"0";"2";"0";"15";"1";""
"201900023318";"138 262 646";"B01";"1";"30";"0";"2";"1";"1";"1";""
"201900023319";"138 262 643";"A01";"2";"7";"0";"2";"2";"17";"1";""
"201900023319";"138 262 644";"B01";"2";"14";"0";"2";"6";"1";"6";""
"201900023320";"138 262 641";"B01";"1";"7";"0";"2";"0";"15";"2";""
"201900023320";"138 262 642";"A01";"1";"32";"0";"2";"0";"17";"1";""
"201900023321";"138 262 639";"A01";"2";"14";"0";"2";"1";"2";"1";""
"201900023321";"138 262 640";"B01";"2";"7";"0";"2";"4";"2";"1";""
"201900023322";"138 262 636";"A01";"3";"32";"0";"2";"8";"1";"1";""
"201900023322";"138 262 637";"C01";"3";"7";"0";"2";"1";"1";"2";""
"201900023322";"138 262 638";"B01";"3";"7";"0";"2";"1";"1";"1";""
"201900023323";"138 262 634";"A01";"1";"30";"0";"2";"2";"1";"1";""
"201900023323";"138 262 635";"Z01";"3";"30";"0";"2";"1";"5";"3";""
"201900023324";"138 262 632";"B01";"2";"2";"0";"2";"1";"0";"1";""
"201900023324";"138 262 633";"A01";"1";"7";"0";"2";"1";"15";"1";""
"201900023325";"138 262 630";"B01";"3";"7";"0";"2";"1";"15";"1";""
"201900023325";"138 262 631";"A01";"1";"30";"0";"2";"1";"1";"1";""
"201900023326";"138 262 629";"A01";"1";"7";"0";"1";"2";"1";"1";""
"201900023327";"138 262 627";"B01";"1";"13";"0";"1";"2";"1";"1";""
"201900023327";"138 262 628";"Y01";"1";"1";"0";"2";"1";"9";"5";""
"201900023328";"138 262 625";"B01";"3";"15";"0";"2";"6";"0";"0";""
"201900023328";"138 262 626";"A01";"3";"30";"1";"0";"1";"0";"0";""
"201900023329";"138 262 623";"B01";"1";"10";"0";"2";"1";"2";"1";""
"201900023329";"138 262 624";"A01";"1";"10";"0";"2";"4";"23";"1";""
"201900023330";"138 262 620";"A01";"3";"7";"0";"9";"3";"13";"1";""
"201900023330";"138 262 621";"B01";"3";"7";"0";"9";"1";"0";"1";""
"201900023330";"138 262 622";"C01";"3";"32";"0";"2";"0";"0";"1";""
"201900023331";"138 262 618";"B01";"1";"1";"0";"2";"1";"1";"0";""
"201900023331";"138 262 619";"A01";"1";"10";"0";"6";"5";"26";"1";""
"201900023332";"138 262 616";"A01";"1";"7";"0";"2";"4";"2";"0";""
"201900023332";"138 262 617";"B01";"1";"7";"0";"2";"0";"0";"0";""
"201900023333";"138 262 615";"A01";"1";"7";"0";"1";"2";"1";"1";""
"201900023334";"138 262 614";"A01";"3";"30";"0";"1";"1";"26";"6";""
"201900023335";"138 262 612";"A01";"3";"7";"0";"2";"2";"2";"1";""
"201900023335";"138 262 613";"B01";"3";"2";"0";"2";"7";"15";"1";""
"201900023336";"138 262 610";"A01";"2";"7";"0";"2";"1";"1";"1";""
"201900023336";"138 262 611";"B01";"2";"7";"0";"2";"4";"23";"1";""
"201900023337";"138 262 608";"B01";"2";"7";"0";"6";"4";"1";"1";""
"201900023337";"138 262 609";"A01";"2";"1";"0";"2";"1";"21";"5";""
"201900023338";"138 262 606";"A01";"1";"7";"0";"6";"3";"20";"1";""
"201900023338";"138 262 607";"B01";"1";"33";"0";"2";"7";"1";"1";""
"201900023339";"138 262 604";"A01";"1";"33";"1";"0";"1";"21";"1";""
"201900023339";"138 262 605";"B01";"1";"38";"0";"2";"6";"24";"0";"1"
"201900023340";"138 262 602";"A01";"2";"7";"0";"2";"2";"17";"1";""
"201900023340";"138 262 603";"B01";"2";"1";"0";"2";"3";"1";"5";""
"201900023341";"138 262 601";"A01";"2";"31";"12";"0";"2";"1";"6";""
"201900023342";"138 262 599";"B01";"1";"0";"0";"2";"3";"1";"1";""
"201900023342";"138 262 600";"A01";"2";"33";"0";"2";"1";"1";"1";""
"201900023343";"138 262 598";"A01";"2";"7";"2";"0";"8";"1";"1";""
"201900023344";"138 262 597";"A01";"2";"7";"0";"1";"2";"1";"1";""
"201900023345";"138 262 595";"A01";"2";"33";"0";"2";"1";"0";"1";""
"201900023345";"138 262 596";"B01";"2";"7";"0";"2";"5";"26";"0";""
"201900023346";"138 262 593";"B01";"1";"7";"0";"0";"8";"15";"1";""
"201900023346";"138 262 594";"A01";"1";"7";"7";"2";"1";"17";"1";""
"201900023347";"138 262 592";"A01";"1";"7";"13";"0";"5";"1";"1";""
"201900023348";"138 262 591";"A01";"2";"7";"6";"0";"0";"13";"1";""
"201900023349";"138 262 589";"A01";"2";"7";"0";"2";"3";"13";"0";""
"201900023349";"138 262 590";"B01";"1";"7";"0";"2";"3";"1";"0";""
"201900023350";"138 262 587";"B01";"2";"7";"13";"2";"3";"1";"1";""
"201900023350";"138 262 588";"A01";"1";"7";"0";"2";"3";"13";"1";""
"201900023351";"138 262 586";"A01";"2";"17";"0";"1";"7";"1";"1";""
"201900023352";"138 262 585";"A01";"1";"33";"0";"0";"0";"1";"1";""
"201900023353";"138 262 584";"A01";"1";"7";"13";"0";"3";"13";"1";""
"201900023354";"138 262 582";"B01";"2";"7";"0";"2";"2";"15";"1";""
"201900023354";"138 262 583";"A01";"2";"31";"0";"2";"7";"1";"1";""
"201900023355";"138 262 581";"A01";"1";"7";"13";"0";"2";"1";"1";""
"201900023356";"138 262 579";"A01";"1";"7";"0";"2";"1";"1";"1";""
"201900023356";"138 262 580";"B01";"2";"15";"0";"2";"3";"1";"1";""
"201900023357";"138 262 576";"F01";"1";"7";"13";"0";"2";"0";"1";""
"201900023358";"138 262 574";"A01";"2";"33";"0";"2";"0";"1";"1";""
"201900023358";"138 262 575";"B01";"1";"10";"0";"2";"3";"15";"1";""
"201900023359";"138 262 573";"A01";"3";"7";"13";"0";"2";"21";"0";""
"201900023360";"138 262 571";"B01";"1";"7";"0";"2";"1";"1";"1";""
"201900023360";"138 262 572";"A01";"2";"7";"15";"2";"1";"1";"1";""
"201900023361";"138 262 569";"A01";"3";"7";"0";"2";"3";"9";"1";""
"201900023361";"138 262 570";"B01";"1";"33";"0";"2";"1";"2";"1";""
"201900023362";"138 262 566";"B01";"2";"7";"0";"2";"1";"1";"6";""
"201900023362";"138 262 567";"A01";"1";"7";"0";"2";"1";"13";"0";""
"201900023363";"138 262 564";"A01";"1";"7";"0";"0";"8";"1";"1";""
"201900023363";"138 262 565";"B01";"1";"7";"0";"2";"1";"1";"1";""
"201900023364";"138 262 563";"A01";"1";"15";"0";"0";"0";"1";"1";""
"201900023365";"138 262 562";"A01";"3";"33";"12";"0";"1";"1";"1";""
"201900023366";"138 262 560";"A01";"3";"7";"0";"2";"3";"9";"1";""
"201900023366";"138 262 561";"B01";"3";"7";"0";"2";"0";"1";"1";""
"201900023367";"138 262 559";"A01";"1";"2";"0";"0";"9";"1";"1";""
"201900023368";"138 262 557";"B01";"2";"7";"0";"2";"1";"1";"1";""
"201900023368";"138 262 558";"A01";"2";"10";"0";"0";"4";"1";"1";""
"201900023369";"138 262 555";"B01";"2";"7";"0";"2";"6";"17";"1";""
"201900023369";"138 262 556";"A01";"2";"7";"0";"2";"1";"17";"1";""
"201900023370";"138 262 552";"C01";"1";"7";"0";"2";"1";"1";"1";""
"201900023370";"138 262 553";"B01";"1";"7";"0";"2";"4";"1";"1";""
"201900023370";"138 262 554";"A01";"1";"7";"0";"0";"4";"1";"1";""
"201900023371";"138 262 550";"A01";"3";"7";"0";"9";"1";"3";"1";""
"201900023371";"138 262 551";"B01";"3";"1";"0";"0";"4";"3";"5";""
"201900023372";"138 262 549";"A01";"1";"99";"0";"0";"0";"1";"5";""
"201900023373";"138 262 547";"A01";"2";"14";"0";"2";"3";"1";"1";""