"Num_Acc";"id_vehicule";"num_veh";"senc";"catv";"obs";"obsm";"choc";"manv";"motor";"occutc"
"201900023373";"138 262 548";"B01";"1";"33";"0";"2";"0";"2";"1";""
"201900023374";"138 262 545";"A01";"0";"7";"0";"9";"1";"13";"1";""
"201900023374";"138 262 546";"B01";"1";"1";"0";"2";"4";"13";"5";""
"201900023375";"138 262 543";"B01";"1";"33";"0";"2";"1";"1";"0";""
"201900023375";"138 262 544";"A01";"2";"7";"0";"2";"2";"15";"0";""
"201900023376";"138 262 540";"C01";"0";"7";"0";"1";"1";"26";"1";""
"201900023376";"138 262 541";"B01";"0";"7";"0";"1";"2";"26";"1";""
"201900023376";"138 262 542";"A01";"3";"13";"1";"0";"5";"1";"1";""
"201900023377";"138 262 538";"B01";"2";"7";"0";"2";"2";"14";"1";""
"201900023377";"138 262 539";"A01";"2";"17";"0";"0";"3";"1";"1";""
"201900023378";"138 262 536";"B01";"3";"1";"0";"2";"2";"19";"5";""
"201900023378";"138 262 537";"A01";"3";"37";"0";"9";"3";"1";"1";"1"
"201900023379";"138 262 535";"A01";"1";"33";"0";"0";"0";"16";"1";""
"201900023380";"138 262 533";"B01";"1";"7";"0";"0";"1";"26";"1";""
"201900023380";"138 262 534";"A01";"1";"7";"0";"0";"8";"26";"1";""
"201900023381";"138 262 530";"C01";"2";"15";"0";"2";"3";"1";"1";""
"201900023381";"138 262 531";"B01";"1";"7";"4";"2";"2";"21";"1";""
"201900023381";"138 262 532";"A01";"2";"7";"0";"2";"2";"13";"1";""
"201900023382";"138 262 528";"A01";"2";"33";"0";"2";"1";"17";"1";""
"201900023382";"138 262 529";"B01";"1";"7";"0";"2";"1";"16";"1";""
"201900023383";"138 262 527";"A01";"1";"7";"13";"0";"1";"1";"1";""
"201900023384";"138 262 524";"A01";"2";"43";"0";"2";"1";"2";"1";""
"201900023384";"138 262 525";"B01";"2";"7";"0";"2";"4";"1";"1";""
"201900023385";"138 262 520";"A01";"1";"17";"4";"2";"1";"13";"1";""
"201900023385";"138 262 521";"B01";"1";"7";"0";"2";"6";"2";"4";""
"201900023385";"138 262 522";"C01";"1";"17";"0";"2";"4";"1";"1";""
"201900023385";"138 262 523";"D01";"1";"14";"0";"2";"1";"2";"1";""
"201900023386";"138 262 518";"B01";"1";"10";"0";"2";"5";"1";"0";""
"201900023386";"138 262 519";"A01";"1";"7";"10";"2";"5";"1";"1";""
"201900023387";"138 262 514";"A01";"1";"7";"0";"2";"3";"9";"1";""
"201900023387";"138 262 515";"B01";"1";"14";"0";"2";"2";"1";"1";""
"201900023387";"138 262 516";"C01";"1";"7";"0";"2";"6";"1";"1";""
"201900023387";"138 262 517";"D01";"1";"7";"0";"2";"1";"1";"1";""
"201900023388";"138 262 512";"B01";"1";"15";"0";"2";"2";"14";"1";""
"201900023388";"138 262 513";"A01";"1";"7";"0";"2";"6";"1";"1";""
"201900023389";"138 262 511";"A01";"1";"7";"0";"0";"1";"21";"1";""
"201900023390";"138 262 509";"B01";"2";"7";"0";"2";"7";"12";"1";""
"201900023390";"138 262 510";"A01";"2";"33";"0";"2";"8";"12";"1";""
"201900023391";"138 262 508";"A01";"1";"10";"4";"0";"2";"1";"0";""
"201900023392";"138 262 507";"A01";"2";"7";"4";"0";"1";"13";"1";""
"201900023393";"138 262 505";"B01";"2";"17";"0";"2";"5";"2";"1";""
"201900023393";"138 262 506";"A01";"2";"7";"0";"2";"3";"2";"1";""
"201900023394";"138 262 503";"B01";"1";"33";"0";"2";"1";"1";"1";""
"201900023394";"138 262 504";"A01";"1";"7";"4";"2";"3";"23";"1";""
"201900023395";"138 262 499";"A01";"2";"30";"0";"1";"0";"17";"1";""
"201900023396";"138 262 496";"Z01";"1";"10";"0";"1";"3";"0";"0";""
"201900023397";"138 262 492";"A01";"1";"7";"0";"1";"2";"1";"1";""
"201900023398";"138 262 491";"A01";"1";"7";"0";"1";"2";"1";"1";""
"201900023399";"138 262 489";"A01";"1";"7";"0";"2";"4";"4";"1";""
"201900023399";"138 262 490";"B01";"1";"7";"0";"2";"1";"1";"1";""
"201900023400";"138 262 487";"B01";"1";"33";"0";"2";"2";"1";"1";""
"201900023400";"138 262 488";"A01";"1";"7";"0";"2";"8";"1";"1";""
"201900023401";"138 262 485";"B01";"2";"7";"0";"0";"0";"0";"1";""
"201900023401";"138 262 486";"A01";"2";"7";"0";"2";"1";"26";"1";""
"201900023402";"138 262 483";"B01";"1";"3";"0";"1";"4";"2";"1";""
"201900023402";"138 262 484";"A01";"1";"7";"0";"2";"1";"2";"1";""
"201900023403";"138 262 479";"A01";"2";"7";"0";"2";"1";"2";"0";""
"201900023403";"138 262 480";"B01";"2";"7";"1";"0";"4";"2";"1";""
"201900023404";"138 262 477";"A01";"3";"7";"0";"2";"4";"2";"0";""
"201900023404";"138 262 478";"B01";"3";"7";"0";"2";"4";"2";"1";""
"201900023405";"138 262 475";"B01";"1";"7";"0";"2";"1";"1";"1";""
"201900023405";"138 262 476";"A01";"1";"7";"0";"2";"1";"13";"0";""
"201900023406";"138 262 474";"A01";"1";"7";"1";"0";"3";"15";"1";""
"201900023407";"138 262 471";"B01";"1";"7";"0";"2";"4";"2";"1";""
"201900023407";"138 262 472";"A01";"1";"7";"0";"2";"1";"2";"1";""
"201900023408";"138 262 470";"A01";"3";"7";"0";"1";"4";"15";"1";""
"201900023409";"138 262 469";"A01";"2";"7";"0";"1";"1";"19";"1";""
"201900023410";"138 262 466";"A01";"3";"7";"0";"2";"3";"13";"1";""
"201900023410";"138 262 467";"B01";"3";"7";"0";"2";"3";"0";"2";""
"201900023411";"138 262 465";"A01";"0";"7";"12";"0";"1";"12";"1";""
"201900023412";"138 262 463";"B01";"3";"1";"0";"2";"1";"1";"0";""
"201900023412";"138 262 464";"A01";"3";"7";"0";"2";"2";"1";"1";""
"201900023413";"138 262 461";"B01";"2";"33";"0";"2";"1";"1";"1";""
"201900023413";"138 262 462";"A01";"1";"7";"0";"2";"1";"15";"1";""
"201900023414";"138 262 459";"B01";"0";"2";"0";"2";"1";"1";"1";""
"201900023414";"138 262 460";"A01";"0";"7";"0";"2";"1";"15";"1";""
"201900023415";"138 262 458";"A01";"1";"7";"0";"1";"1";"0";"0";""
"201900023416";"138 262 457";"A01";"1";"7";"11";"0";"1";"15";"1";""
"201900023417";"138 262 456";"A01";"2";"32";"0";"1";"1";"1";"1";""
"201900023418";"138 262 455";"A01";"1";"7";"0";"1";"8";"1";"1";""
"201900023419";"138 262 454";"A01";"1";"7";"0";"1";"1";"1";"1";""
"201900023420";"138 262 452";"B01";"2";"7";"0";"2";"1";"1";"1";""
"201900023420";"138 262 453";"A01";"2";"7";"0";"2";"7";"15";"1";""
"201900023421";"138 262 449";"C01";"1";"7";"0";"2";"1";"26";"0";""
"201900023421";"138 262 450";"B01";"1";"7";"0";"2";"1";"9";"0";""
"201900023421";"138 262 451";"A01";"1";"7";"0";"2";"1";"1";"0";""
"201900023422";"138 262 447";"B01";"3";"32";"0";"2";"1";"1";"1";""
"201900023422";"138 262 448";"A01";"3";"7";"0";"2";"4";"26";"1";""
"201900023423";"138 262 445";"B01";"3";"30";"0";"2";"1";"1";"1";""
"201900023423";"138 262 446";"A01";"3";"7";"0";"2";"2";"15";"1";""
"201900023424";"138 262 443";"A01";"2";"33";"0";"2";"2";"16";"1";""
"201900023424";"138 262 444";"B01";"2";"7";"0";"2";"3";"1";"1";""
"201900023425";"138 262 441";"A01";"3";"7";"0";"2";"3";"15";"1";""
"201900023425";"138 262 442";"B01";"3";"2";"0";"2";"2";"3";"1";""
"201900023426";"138 262 439";"A01";"2";"7";"0";"2";"2";"9";"1";""
"201900023426";"138 262 440";"B01";"1";"7";"0";"2";"8";"9";"1";""
"201900023427";"138 262 437";"B01";"2";"2";"0";"2";"1";"24";"1";""
"201900023427";"138 262 438";"A01";"3";"7";"14";"2";"1";"26";"1";""
"201900023428";"138 262 435";"B01";"0";"7";"0";"2";"6";"1";"0";""
"201900023428";"138 262 436";"A01";"0";"7";"0";"2";"3";"1";"1";""
"201900023429";"138 262 433";"A01";"3";"34";"0";"2";"3";"9";"1";""
"201900023429";"138 262 434";"B01";"3";"10";"0";"2";"5";"9";"1";""
"201900023430";"138 262 432";"A01";"3";"3";"1";"0";"2";"0";"1";""
"201900023431";"138 262 431";"A01";"2";"7";"6";"0";"1";"1";"1";""
"201900023432";"138 262 430";"A01";"3";"33";"14";"0";"1";"2";"1";""
"201900023433";"138 262 428";"A01";"1";"7";"0";"2";"1";"2";"1";""
"201900023433";"138 262 429";"B01";"1";"7";"0";"2";"6";"2";"1";""
"201900023434";"138 262 426";"A01";"1";"7";"0";"2";"1";"15";"1";""
"201900023434";"138 262 427";"B01";"2";"31";"0";"2";"8";"1";"1";""
"201900023435";"138 262 423";"A01";"1";"7";"13";"2";"1";"2";"1";""
"201900023435";"138 262 424";"B01";"1";"7";"0";"2";"4";"2";"1";""
"201900023436";"138 262 421";"B01";"1";"7";"0";"2";"4";"2";"1";""
"201900023436";"138 262 422";"A01";"1";"7";"12";"2";"1";"2";"1";""
"201900023437";"138 262 420";"A01";"1";"7";"0";"1";"1";"1";"1";""
"201900023438";"138 262 419";"A01";"3";"7";"0";"1";"1";"1";"1";""
"201900023439";"138 262 417";"B01";"3";"7";"0";"2";"1";"15";"1";""
"201900023439";"138 262 418";"A01";"3";"7";"0";"2";"1";"1";"1";""
"201900023440";"138 262 415";"B01";"1";"32";"0";"2";"7";"15";"1";""
"201900023440";"138 262 416";"A01";"2";"7";"0";"2";"1";"1";"1";""
"201900023441";"138 262 414";"A01";"3";"7";"0";"1";"1";"1";"0";""
"201900023442";"138 262 408";"A01";"0";"7";"0";"1";"1";"16";"1";""
"201900023443";"138 262 406";"B01";"1";"10";"0";"2";"1";"16";"1";""
"201900023443";"138 262 407";"A01";"2";"2";"0";"2";"7";"1";"1";""
"201900023444";"138 262 404";"A01";"3";"30";"0";"4";"5";"26";"1";""
"201900023444";"138 262 405";"B01";" -1";"39";"0";"2";"1";"1";" -1";""
"201900023445";"138 262 401";"B01";"1";"33";"0";"2";"8";"1";"1";""
"201900023445";"138 262 402";"A01";"2";"7";"0";"2";"3";"15";"1";""
"201900023446";"138 262 395";"B01";"1";"33";"0";"2";"1";"1";"0";""
"201900023446";"138 262 396";"A01";"2";"7";"0";"2";"2";"15";"0";""
"201900023447";"138 262 394";"A01";"1";"7";"6";"0";"3";"13";"1";""
"201900023448";"138 262 389";"A01";"0";"33";"0";"2";"1";"2";"1";""
"201900023448";"138 262 390";"B01";"0";"7";"0";"2";"4";"2";"1";""
"201900023449";"138 262 387";"A01";"0";"7";"0";"2";"3";"15";"1";""
"201900023449";"138 262 388";"B01";"1";"33";"0";"2";"1";"1";"1";""
"201900023450";"138 262 386";"A01";"0";"7";"15";"0";"2";"1";"1";""
"201900023451";"138 262 385";"A01";"2";"33";"4";"0";"0";"1";"1";""
"201900023452";"138 262 384";"A01";"2";"7";"0";"0";"9";"17";"1";""
"201900023453";"138 262 382";"A01";"1";"7";"0";"2";"1";"13";"1";""
"201900023453";"138 262 383";"B01";"1";"7";"0";"2";"0";"21";"1";""
"201900023454";"138 262 377";"B01";"2";"7";"0";"2";"1";"1";"1";""
"201900023454";"138 262 378";"A01";"1";"7";"0";"2";"1";"17";"1";""
"201900023455";"138 262 374";"A01";"1";"32";"0";"2";"7";"1";"1";""
"201900023455";"138 262 375";"B01";"2";"7";"0";"2";"3";"1";"1";""
"201900023456";"138 262 372";"A01";"1";"33";"0";"0";"7";"1";"1";""
"201900023457";"138 262 369";"A01";"1";"31";"0";"2";"1";"18";"0";""
"201900023457";"138 262 370";"B01";"1";"7";"0";"2";"7";"19";"0";""
"201900023458";"138 262 367";"B01";"2";"1";"0";"2";"7";"1";"5";""
"201900023458";"138 262 368";"A01";"3";"7";"0";"2";"2";"9";"1";""
"201900023459";"138 262 365";"B01";"2";"33";"0";"2";"1";"1";"1";""
"201900023459";"138 262 366";"A01";"1";"7";"15";"2";"2";"15";"1";""
"201900023460";"138 262 363";"B01";"2";"7";"0";"2";"3";"1";"1";""
"201900023460";"138 262 364";"A01";"1";"10";"0";"2";"3";"13";"1";""
"201900023461";"138 262 352";"B01";"2";"7";"0";"2";"4";"2";"1";""
"201900023461";"138 262 353";"C01";"2";"7";"0";"2";"4";"2";"1";""
"201900023461";"138 262 354";"A01";"2";"99";"0";"2";"1";"2";"1";""
"201900023462";"138 262 347";"B01";"1";"7";"0";"2";"4";"23";"1";""
"201900023462";"138 262 348";"A01";"1";"7";"0";"2";"1";"26";"1";""
"201900023463";"138 262 343";"Z01";"1";"34";"0";"1";"1";"1";"1";""
"201900023464";"138 262 341";"B01";"2";"1";"0";"2";"1";"0";"0";""
"201900023464";"138 262 342";"A01";"2";"7";"0";"6";"7";"26";"1";""
"201900023465";"138 262 340";"A01";"2";"7";"6";"0";"1";"1";"1";""
"201900023466";"138 262 338";"A01";"3";"7";"0";"2";"1";"26";"0";""
"201900023466";"138 262 339";"B01";"1";"7";"0";"2";"7";"2";"0";""
"201900023467";"138 262 336";"A01";"1";"7";"0";"2";"1";"15";"1";""
"201900023467";"138 262 337";"B01";"2";"7";"0";"2";"1";"1";"1";""
"201900023468";"138 262 335";"A01";"1";"7";"0";"1";"1";"1";"1";""
"201900023469";"138 262 331";"A01";"3";"10";"0";"2";"3";"9";"1";""
"201900023469";"138 262 332";"B01";"1";"7";"0";"2";"2";"1";"1";""
"201900023470";"138 262 329";"A01";"3";"7";"0";"2";"3";"9";"1";""
"201900023470";"138 262 330";"B01";"3";"7";"0";"2";"3";"1";"1";""
"201900023471";"138 262 315";"A01";"3";"2";"0";"0";"0";"0";"1";""
"201900023472";"138 262 310";"A01";"0";"36";"2";"0";"1";"1";"1";""
"201900023473";"138 262 308";"A01";"2";"2";"0";"0";"7";"1";"1";""
"201900023474";"138 262 306";"Z01";"1";"7";"0";"0";"0";"0";"0";""
"201900023474";"138 262 307";"A01";"1";"33";"0";"0";"0";"21";"1";""
"201900023475";"138 262 305";"A01";"2";"33";"0";"5";"1";"1";"1";""
"201900023476";"138 262 303";"A01";"0";"33";"0";"2";"1";"1";"1";""
"201900023476";"138 262 304";"B01";"0";"7";"0";"2";"1";"15";"1";""
"201900023477";"138 262 301";"A01";"3";"7";"0";"2";"6";"22";"1";""
"201900023477";"138 262 302";"Z01";"3";"7";"0";"1";"2";"0";"0";""
"201900023478";"138 262 300";"A01";"2";"7";"0";"1";"1";"0";"1";""
"201900023479";"138 262 294";"A01";"3";"7";"0";"1";"1";"0";"1";""
"201900023480";"138 262 292";"B01";"0";"2";"0";"2";"1";"18";"1";""
"201900023480";"138 262 293";"A01";"0";"7";"0";"2";"2";"16";"1";""
"201900023481";"138 262 291";"A01";"2";"7";"5";"0";"0";"0";"1";""
"201900023482";"138 262 289";"B01";"3";"34";"0";"2";"2";"17";"1";""
"201900023482";"138 262 290";"A01";"3";"7";"0";"2";"3";"13";"1";""
"201900023483";"138 262 287";"B01";"3";"1";"0";"2";"8";"0";"5";""
"201900023483";"138 262 288";"A01";"3";"7";"0";"2";"1";"0";"1";""
"201900023484";"138 262 286";"A01";"0";"33";"0";"0";"1";"1";"1";""
"201900023485";"138 262 283";"B01";"0";"33";"0";"2";"1";"1";"1";""
"201900023485";"138 262 284";"A01";"0";"7";"0";"2";"6";"19";"1";""
"201900023486";"138 262 281";"A01";"0";"7";"0";"2";"6";"10";"1";""
"201900023486";"138 262 282";"B01";"0";"33";"0";"2";"1";"1";"1";""
"201900023487";"138 262 278";"A01";"0";"7";"0";"2";"3";"15";"1";""
"201900023487";"138 262 279";"B01";"0";"34";"0";"2";"1";"1";"1";""
"201900023488";"138 262 277";"A01";"0";"7";"4";"0";"9";"1";"1";""
"201900023489";"138 262 273";"B01";"1";"33";"0";"2";"1";"1";"1";""
"201900023489";"138 262 274";"A01";"3";"7";"0";"2";"3";"15";"1";""
"201900023490";"138 262 271";"B01";"0";"7";"0";"2";"8";"1";"1";""
"201900023490";"138 262 272";"A01";"1";"7";"0";"2";"2";"1";"1";""
"201900023491";"138 262 259";"A01";"0";"30";"0";"2";"1";"1";"1";""
"201900023491";"138 262 260";"B01";"0";"10";"0";"2";"4";"23";"1";""
"201900023492";"138 262 257";"B01";"3";"30";"0";"2";"0";"1";"1";""
"201900023492";"138 262 258";"A01";"3";"7";"0";"2";"1";"9";"0";""
"201900023493";"138 262 252";"B01";"1";"7";"0";"2";"1";"1";"1";""
"201900023493";"138 262 253";"A01";"2";"31";"0";"2";"3";"1";"1";""
"201900023494";"138 262 251";"A01";"0";"7";"8";"0";"2";"14";"1";""
"201900023495";"138 262 250";"A01";"2";"7";"0";"1";"3";"15";"1";""
"201900023496";"138 262 249";"A01";"3";"38";"0";"1";"7";"26";"1";"1"
"201900023497";"138 262 248";"A01";"0";"7";"0";"1";"1";"1";"1";""
"201900023498";"138 262 244";"B01";"1";"7";"0";"2";"1";"1";"1";""
"201900023498";"138 262 245";"A01";"2";"2";"0";"2";"3";"1";"1";""
"201900023499";"138 262 242";"B01";"1";"7";"0";"2";"1";"1";"1";""
"201900023499";"138 262 243";"A01";"1";"7";"0";"2";"3";"15";"1";""
"201900023500";"138 262 237";"A01";"0";"1";"0";"0";"0";"0";"5";""
"201900023501";"138 262 234";"A01";"1";"7";"0";"2";"1";"13";"1";""
"201900023501";"138 262 235";"B01";"2";"7";"0";"2";"1";"1";"1";""
"201900023502";"138 262 232";"B01";"1";"7";"0";"1";"3";"1";"1";""
"201900023503";"138 262 231";"C01";"2";"7";"1";"0";"2";"1";"1";""
"201900023504";"138 262 224";"A01";"2";"7";"0";"2";"2";"15";"1";""
"201900023504";"138 262 225";"B01";"1";"33";"0";"2";"1";"1";"1";""
"201900023505";"138 262 223";"A01";"3";"31";"0";"0";"7";"26";"1";""
"201900023506";"138 262 221";"B01";"3";"2";"0";"2";"1";"1";"1";""
"201900023506";"138 262 222";"A01";"0";"7";"0";"2";"5";"15";"1";""
"201900023507";"138 262 220";"A01";"2";"39";"0";"1";"3";"1";"3";""
"201900023508";"138 262 211";"A01";"1";"7";"2";"0";"2";"1";"1";""
"201900023509";"138 262 200";"A01";"1";"32";"0";"2";"8";"1";"0";""
"201900023509";"138 262 201";"B01";"2";"7";"0";"2";"1";"15";"0";""
"201900023510";"138 262 198";"B01";"1";"32";"0";"2";"0";"23";"1";""
"201900023510";"138 262 199";"A01";"1";"7";"0";"2";"1";"2";"1";""
"201900023511";"138 262 196";"B01";"2";"7";"0";"2";"6";"1";"1";""
"201900023511";"138 262 197";"A01";"2";"2";"0";"2";"0";"17";"1";""
"201900023512";"138 262 195";"A01";"2";"7";"12";"0";"1";"1";"0";""
"201900023513";"138 262 194";"A01";"2";"7";"9";"0";"1";"1";"1";""
"201900023514";"138 262 193";"A01";"2";"7";"1";"0";"2";"26";"1";""
"201900023515";"138 262 191";"B01";"2";"7";"0";"2";"1";"2";"1";""
"201900023515";"138 262 192";"A01";"1";"7";"0";"2";"8";"15";"1";""
"201900023516";"138 262 189";"A01";"2";"10";"0";"2";"8";"15";"1";""
"201900023516";"138 262 190";"B01";"1";"33";"0";"2";"1";"1";"1";""
"201900023517";"138 262 188";"A01";"1";"3";"6";"0";"1";"1";"3";""
"201900023518";"138 262 187";"A01";"1";"7";"0";"1";"3";"1";"0";""
"201900023519";"138 262 185";"B01";"3";"32";"0";"2";"1";"16";"0";""
"201900023519";"138 262 186";"A01";"3";"7";"0";"2";"3";"15";"0";""
"201900023520";"138 262 184";"A01";"1";"7";"0";"1";"3";"9";"1";""
"201900023521";"138 262 182";"B01";"2";"7";"0";"2";"8";"15";"1";""
"201900023521";"138 262 183";"A01";"2";"33";"0";"2";"2";"17";"1";""
"201900023522";"138 262 180";"B01";"2";"7";"0";"2";"3";"15";"1";""
"201900023522";"138 262 181";"A01";"1";"7";"0";"2";"1";"13";"1";""
"201900023523";"138 262 176";"B01";"2";"7";"0";"2";"1";"2";"1";""
"201900023523";"138 262 177";"A01";"1";"32";"0";"2";"8";"19";"1";""
"201900023524";"138 262 171";"E01";"1";"7";"0";"2";"1";"1";"1";""
"201900023524";"138 262 172";"D01";"2";"7";"0";"2";"3";"1";"1";""
"201900023524";"138 262 173";"C01";"1";"10";"0";"2";"1";"1";"1";""
"201900023524";"138 262 174";"B01";"1";"7";"0";"2";"3";"1";"1";""
"201900023524";"138 262 175";"A01";"2";"7";"0";"2";"3";"13";"1";""
"201900023525";"138 262 170";"A01";"3";"1";"0";"1";"1";"26";"6";""
"201900023526";"138 262 168";"B01";"1";"33";"0";"2";"1";"1";"1";""
"201900023526";"138 262 169";"A01";"1";"7";"0";"2";"1";"9";"1";""
"201900023527";"138 262 166";"B01";"3";"7";"0";"2";"8";"1";"1";""
"201900023527";"138 262 167";"A01";"3";"1";"0";"2";"1";"1";"5";""
"201900023528";"138 262 165";"A01";"1";"40";"0";"1";"1";"1";"3";""
"201900023529";"138 262 163";"A01";"1";"1";"0";"1";"1";"1";"5";""
"201900023529";"138 262 164";"B01";"1";"7";"0";"1";"5";"23";"1";""
"201900023530";"138 262 162";"A01";"0";"2";"0";"1";"2";"1";"1";""
"201900023531";"138 262 160";"A01";"1";"7";"0";"2";"2";"1";"1";""
"201900023531";"138 262 161";"B01";"2";"2";"0";"2";"1";"1";"1";""
"201900023532";"138 262 159";"A01";"2";"30";"12";"0";"1";"1";"1";""
"201900023533";"138 262 157";"A01";"3";"33";"0";"2";"8";"11";"1";""
"201900023533";"138 262 158";"B01";"3";"7";"0";"2";"7";"1";"1";""
"201900023534";"138 262 155";"A01";"2";"2";"0";"2";"1";"2";"1";""
"201900023534";"138 262 156";"B01";"2";"7";"0";"2";"5";"23";"1";""
"201900023535";"138 262 153";"A01";"1";"2";"0";"2";"1";"2";"1";""
"201900023535";"138 262 154";"B01";"1";"33";"0";"2";"4";"2";"1";""
"201900023536";"138 262 151";"A01";"3";"7";"0";"2";"1";"1";"1";""
"201900023536";"138 262 152";"B01";"2";"7";"6";"2";"7";"1";"1";""
"201900023537";"138 262 150";"A01";"1";"7";"0";"1";"3";"1";"1";""
"201900023538";"138 262 147";"A01";"2";"7";"7";"1";"1";"20";"1";""
"201900023539";"138 262 146";"A01";"1";"7";"1";"0";"1";"13";"1";""
"201900023540";"138 262 145";"A01";"1";"7";"1";"0";"1";"14";"1";""
"201900023541";"138 262 144";"A01";"2";"2";"6";"0";"1";"15";"1";""
"201900023542";"138 262 142";"B01";"1";"7";"0";"2";"1";"1";"1";""
"201900023542";"138 262 143";"A01";"1";"7";"0";"2";"7";"13";"1";""
"201900023543";"138 262 140";"B01";"1";"7";"0";"2";"8";"1";"1";""
"201900023543";"138 262 141";"A01";"1";"7";"0";"2";"3";"13";"1";""
"201900023544";"138 262 139";"A01";"2";"7";"6";"0";"2";"14";"1";""
"201900023545";"138 262 138";"A01";"1";"7";"0";"1";"1";"1";"1";""
"201900023546";"138 262 136";"B01";"1";"7";"0";"2";"1";"1";"1";""
"201900023546";"138 262 137";"A01";"1";"7";"0";"2";"1";"19";"1";""
"201900023547";"138 262 133";"C01";"0";"10";"0";"2";"1";"26";"1";""
"201900023547";"138 262 134";"B01";"0";"10";"0";"2";"1";"1";"1";""
"201900023547";"138 262 135";"A01";"0";"10";"8";"2";"7";"9";"1";""
"201900023548";"138 262 131";"B01";"2";"7";"6";"2";"7";"2";"1";""
"201900023548";"138 262 132";"A01";"1";"10";"6";"2";"1";"0";"0";""
"201900023549";"138 262 130";"A01";"1";"33";"15";"0";"1";"17";"1";""
"201900023550";"138 262 126";"A01";"1";"7";"0";"2";"7";"15";"1";""
"201900023550";"138 262 127";"B01";"2";"33";"0";"2";"1";"1";"1";""
"201900023551";"138 262 125";"A01";"1";"7";"0";"1";"1";"1";"1";""
"201900023552";"138 262 117";"B01";"2";"1";"0";"2";"1";"1";"5";""
"201900023552";"138 262 118";"A01";"2";"7";"0";"2";"8";"16";"1";""
"201900023553";"138 262 115";"A01";"3";"7";"0";"2";"8";"9";"0";""
"201900023553";"138 262 116";"B01";"3";"33";"0";"2";"1";"1";"0";""
"201900023554";"138 262 113";"B01";"1";"7";"0";"2";"2";"15";"1";""
"201900023554";"138 262 114";"A01";"2";"7";"0";"2";"3";"1";"1";""
"201900023555";"138 262 112";"A01";"1";"7";"0";"1";"1";"15";"1";""
"201900023556";"138 262 110";"A01";"3";"7";"0";"2";"3";"9";"0";""
"201900023556";"138 262 111";"B01";"3";"33";"0";"2";"0";"0";"0";""
"201900023557";"138 262 108";"B01";"3";"99";"0";"2";"8";"13";"0";""
"201900023557";"138 262 109";"A01";"3";"7";"0";"2";"7";"17";"0";""
"201900023558";"138 262 106";"A01";"2";"7";"0";"2";"5";"15";"0";""
"201900023558";"138 262 107";"B01";"2";"33";"0";"2";"1";"1";"1";""
"201900023559";"138 262 105";"A01";"1";"7";"0";"1";"3";"9";"1";""
"201900023560";"138 262 103";"A01";"1";"7";"1";"0";"8";"10";"1";""
"201900023560";"138 262 104";"B01";"2";"10";"0";"2";"1";"1";"1";""
"201900023561";"138 262 102";"B01";"2";"7";"0";"2";"3";"15";"1";""
"201900023562";"138 262 100";"B01";"0";"7";"0";"2";"1";"1";"0";""
"201900023562";"138 262 101";"A01";"0";"7";"0";"2";"3";"1";"0";""
"201900023563";"138 262 098";"B01";"1";"7";"0";"2";"3";"2";"1";""
"201900023563";"138 262 099";"A01";"1";"10";"0";"2";"1";"1";"1";""
"201900023564";"138 262 096";"B01";"3";"7";"0";"2";"1";"1";"1";""
"201900023564";"138 262 097";"A01";"3";"7";"0";"2";"2";"15";"0";""
"201900023565";"138 262 094";"B01";"0";"34";"0";"2";"8";"2";"1";""
"201900023565";"138 262 095";"A01";"1";"7";"0";"2";"1";"15";"0";""
"201900023566";"138 262 093";"A01";"3";"33";"0";"0";"0";"1";"1";""
"201900023567";"138 262 092";"A01";"2";"7";"5";"0";"1";"13";"1";""
"201900023568";"138 262 091";"B01";"1";"7";"1";"0";"3";"1";"1";""
"201900023569";"138 262 089";"A01";"1";"7";"0";"2";"1";"16";"1";""
"201900023569";"138 262 090";"B01";"1";"7";"0";"2";"6";"15";"1";""
"201900023570";"138 262 088";"A01";"3";"33";"0";"1";"1";"26";"1";""
"201900023571";"138 262 087";"B01";"1";"7";"0";"0";"4";"20";"1";""
"201900023572";"138 262 086";"A01";"2";"7";"6";"0";"3";"0";"1";""
"201900023573";"138 262 084";"B01";"1";"7";"0";"2";"8";"15";"1";""
"201900023573";"138 262 085";"A01";"1";"32";"0";"2";"1";"17";"1";""
"201900023574";"138 262 082";"A01";"2";"3";"0";"2";"8";"9";"1";""
"201900023574";"138 262 083";"B01";"2";"30";"0";"2";"1";"1";"1";""
"201900023575";"138 262 080";"A01";"1";"7";"0";"2";"1";"9";"0";""
"201900023575";"138 262 081";"B01";"2";"7";"0";"2";"6";"9";"0";""
"201900023576";"138 262 078";"A01";"3";"7";"0";"2";"1";"19";"1";""
"201900023576";"138 262 079";"B01";"2";"2";"0";"2";"8";"1";"1";""
"201900023577";"138 262 075";"B01";"3";"7";"0";"2";"8";"15";"1";""
"201900023577";"138 262 076";"A01";"1";"7";"0";"2";"3";"9";"1";""
"201900023577";"138 262 077";"C01";"1";"7";"0";"2";"8";"0";"1";""
"201900023578";"138 262 074";"A01";"2";"32";"1";"0";"1";"25";"1";""
"201900023579";"138 262 072";"A01";"2";"7";"0";"2";"3";"15";"1";""
"201900023579";"138 262 073";"B01";"1";"7";"0";"2";"3";"1";"1";""
"201900023580";"138 262 071";"A01";"1";"7";"0";"1";"1";"1";"1";""
"201900023581";"138 262 069";"B01";"2";"0";"0";"2";"0";"0";"0";""