"Num_Acc";"id_vehicule";"num_veh";"senc";"catv";"obs";"obsm";"choc";"manv";"motor";"occutc"
"201900023581";"138 262 070";"A01";"2";"33";"0";"2";"0";"26";"1";""
"201900023582";"138 262 068";"A01";"3";"7";"0";"1";"3";"15";"1";""
"201900023583";"138 262 066";"A01";"1";"7";"1";"0";"1";"9";"1";""
"201900023583";"138 262 067";"B01";"1";"7";"0";"2";"6";"24";"1";""
"201900023584";"138 262 063";"A01";"2";"32";"0";"1";"1";"25";"1";""
"201900023584";"138 262 064";"C01";"2";"32";"0";"1";"1";"25";"1";""
"201900023584";"138 262 065";"B01";"2";"32";"0";"1";"1";"25";"1";""
"201900023585";"138 262 062";"A01";"1";"0";"0";"0";"0";"26";"0";""
"201900023586";"138 262 060";"B01";"2";"33";"0";"2";"1";"26";"0";""
"201900023586";"138 262 061";"A01";"1";"10";"0";"2";"3";"15";"6";""
"201900023587";"138 262 057";"A01";"1";"32";"0";"0";"0";"3";"0";""
"201900023587";"138 262 058";"B01";"1";"7";"0";"0";"5";"23";"0";""
"201900023587";"138 262 059";"C01";"1";"7";"0";"0";"3";"23";"0";""
"201900023588";"138 262 055";"B01";"3";"7";"0";"2";"2";"23";"1";""
"201900023588";"138 262 056";"A01";"2";"30";"0";"2";"1";"25";"0";""
"201900023589";"138 262 054";"A01";"1";"7";"15";"0";"3";"13";"1";""
"201900023590";"138 262 052";"A01";"1";"7";"0";"0";"2";"15";"1";""
"201900023590";"138 262 053";"B01";"0";"2";"0";"0";"1";"1";"1";""
"201900023591";"138 262 051";"A01";"1";"7";"1";"0";"1";"0";"1";""
"201900023592";"138 262 048";"B01";"2";"99";"0";"2";"1";"1";"3";""
"201900023592";"138 262 049";"C01";"2";"1";"0";"2";"1";"1";"5";""
"201900023592";"138 262 050";"A01";"1";"7";"0";"2";"3";"15";"0";""
"201900023593";"138 262 046";"B01";"3";"32";"0";"2";"1";"1";"1";""
"201900023593";"138 262 047";"A01";"3";"7";"0";"2";"2";"15";"1";""
"201900023594";"138 262 044";"A01";"1";"7";"0";"2";"3";"15";"0";""
"201900023594";"138 262 045";"B01";"2";"7";"0";"2";"1";"1";"0";""
"201900023595";"138 262 042";"A01";"3";"10";"0";"2";"2";"9";"2";""
"201900023595";"138 262 043";"B01";"2";"10";"0";"2";"2";"1";"1";""
"201900023596";"138 262 040";"B01";"2";"7";"6";"2";"1";"0";"1";""
"201900023596";"138 262 041";"A01";"1";"7";"0";"2";"1";"13";"1";""
"201900023597";"138 262 039";"A01";"2";"7";"0";"1";"2";"1";"1";""
"201900023598";"138 262 037";"B01";"1";"32";"0";"2";"1";"1";"0";""
"201900023598";"138 262 038";"A01";"1";"7";"0";"2";"7";"15";"1";""
"201900023599";"138 262 036";"A01";"1";"7";"0";"1";"7";"1";"1";""
"201900023600";"138 262 034";"B01";"1";"7";"0";"2";"3";"1";"1";""
"201900023600";"138 262 035";"A01";"1";"7";"0";"2";"1";"1";"1";""
"201900023601";"138 262 032";"A01";"1";"10";"0";"2";"1";"1";"1";""
"201900023601";"138 262 033";"B01";"1";"7";"0";"2";"4";"1";"1";""
"201900023602";"138 262 031";"A01";"0";"7";"0";"1";"1";"15";"1";""
"201900023603";"138 262 029";"B01";"0";"14";"0";"2";"8";"1";"1";""
"201900023603";"138 262 030";"A01";"0";"7";"0";"2";"2";"1";"1";""
"201900023604";"138 262 027";"B01";"0";"34";"0";"2";"1";"21";"0";""
"201900023604";"138 262 028";"A01";"0";"7";"0";"2";"1";"15";"0";""
"201900023605";"138 262 026";"A01";"1";"30";"0";"0";"0";"17";"1";""
"201900023606";"138 262 024";"A01";"2";"32";"0";"2";"7";"12";"1";""
"201900023606";"138 262 025";"Z01";"2";"7";"0";"2";"7";"1";"0";""
"201900023607";"138 262 023";"A01";"2";"7";"4";"0";"7";"14";"1";""
"201900023608";"138 262 021";"B01";"0";"7";"0";"2";"1";"1";"1";""
"201900023608";"138 262 022";"A01";"0";"7";"0";"2";"8";"10";"1";""
"201900023609";"138 262 020";"A01";"1";"32";"0";"1";"3";"17";"1";""
"201900023610";"138 262 019";"A01";"1";"33";"0";"1";"2";"1";"1";""
"201900023611";"138 262 017";"A01";"2";"14";"0";"2";"5";"15";"4";""
"201900023611";"138 262 018";"B01";"2";"7";"0";"2";"8";"15";"1";""
"201900023612";"138 262 015";"A01";"2";"33";"0";"2";"6";"1";"1";""
"201900023612";"138 262 016";"B01";"3";"10";"0";"2";"2";"1";"1";""
"201900023613";"138 262 013";"B01";"2";"1";"0";"2";"8";"19";"5";""
"201900023613";"138 262 014";"A01";"1";"32";"0";"2";"3";"1";"1";""
"201900023614";"138 262 010";"A01";"1";"50";"0";"2";"3";"19";"3";""
"201900023614";"138 262 011";"B01";"2";"31";"0";"2";"0";"2";"1";""
"201900023615";"138 262 009";"A01";"2";"10";"0";"1";"1";"15";"3";""
"201900023616";"138 262 008";"A01";"2";"34";"7";"0";"1";"17";"1";""
"201900023617";"138 262 006";"B01";"2";"34";"0";"2";"1";"1";"1";""
"201900023617";"138 262 007";"A01";"2";"10";"0";"2";"3";"10";"1";""
"201900023618";"138 262 005";"A01";"1";"7";"0";"1";"3";"1";"1";""
"201900023619";"138 262 003";"B01";"2";"7";"0";"2";"3";"15";"1";""
"201900023619";"138 262 004";"A01";"2";"43";"0";"2";"1";"17";"1";""
"201900023620";"138 262 002";"A01";"1";"7";"0";"1";"1";"1";"1";""
"201900023621";"138 262 001";"A01";"1";"10";"0";"1";"2";"26";"1";""
"201900023622";"138 261 999";"A01";"2";"1";"0";"2";"1";"1";"5";""
"201900023622";"138 262 000";"B01";"2";"7";"0";"2";"4";"1";"1";""
"201900023623";"138 261 997";"B01";"2";"31";"0";"2";"1";"1";"1";""
"201900023623";"138 261 998";"A01";"2";"7";"0";"2";"6";"5";"1";""
"201900023624";"138 261 996";"A01";"2";"31";"0";"1";"0";"26";"1";""
"201900023625";"138 261 995";"A01";"1";"30";"0";"1";"2";"9";"1";""
"201900023626";"138 261 993";"B01";"1";"7";"0";"6";"4";"1";"1";""
"201900023626";"138 261 994";"A01";"1";"14";"0";"2";"1";"1";"1";""
"201900023627";"138 261 991";"B01";"1";"10";"0";"0";"4";"23";"1";""
"201900023627";"138 261 992";"A01";"1";"10";"1";"0";"4";"2";"1";""
"201900023628";"138 261 987";"A01";"2";"7";"8";"2";"8";"1";"1";""
"201900023628";"138 261 988";"B01";"1";"37";"0";"2";"7";"0";"1";"3"
"201900023629";"138 261 985";"A01";"2";"15";"0";"2";"1";"2";"1";""
"201900023629";"138 261 986";"B01";"2";"7";"0";"0";"4";"2";"1";""
"201900023630";"138 261 984";"A01";"1";"10";"4";"0";"3";"14";"1";""
"201900023631";"138 261 982";"B01";"3";"7";"0";"1";"0";"0";"6";""
"201900023631";"138 261 983";"A01";"3";"7";"0";"2";"1";"26";"6";""
"201900023632";"138 261 981";"A01";"3";"7";"0";"1";"2";"17";"1";""
"201900023633";"138 261 980";"A01";"1";"7";"1";"1";"7";"21";"1";""
"201900023634";"138 261 974";"B01";"3";"99";"14";"2";"2";"6";"1";""
"201900023634";"138 261 975";"A01";"2";"7";"0";"2";"3";"26";"1";""
"201900023635";"138 261 972";"B01";"1";"7";"0";"2";"0";"1";"1";""
"201900023635";"138 261 973";"A01";"1";"33";"0";"2";"7";"2";"1";""
"201900023636";"138 261 971";"A01";"1";"3";"0";"1";"2";"2";"1";""
"201900023637";"138 261 969";"A01";"1";"7";"8";"2";"1";"16";"0";""
"201900023637";"138 261 970";"B01";"1";"37";"0";"2";"1";"23";"0";"1"
"201900023638";"138 261 968";"A01";"1";"30";"0";"0";"8";"21";"1";""
"201900023639";"138 261 966";"B01";"3";"7";"0";"2";"6";"1";"1";""
"201900023639";"138 261 967";"A01";"2";"1";"0";"2";"1";"1";"5";""
"201900023640";"138 261 964";"A01";"3";"7";"0";"2";"1";"9";"1";""
"201900023640";"138 261 965";"Z01";"3";"30";"0";"2";"2";"1";"1";""
"201900023641";"138 261 962";"A01";"2";"10";"0";"2";"2";"2";"1";""
"201900023641";"138 261 963";"B01";"2";"7";"0";"2";"8";"15";"1";""
"201900023642";"138 261 961";"A01";"2";"34";"0";"1";"1";"1";"1";""
"201900023643";"138 261 959";"A01";"1";"10";"0";"2";"3";"9";"1";""
"201900023643";"138 261 960";"B01";"1";"32";"0";"2";"5";"17";"1";""
"201900023644";"138 261 956";"B01";"1";"10";"0";"2";"4";"2";"1";""
"201900023644";"138 261 957";"C01";"1";"7";"0";"2";"4";"2";"1";""
"201900023644";"138 261 958";"A01";"1";"10";"0";"2";"1";"2";"1";""
"201900023645";"138 261 955";"A01";"0";"7";"0";"1";"5";"4";"1";""
"201900023646";"138 261 953";"Z01";"1";"7";"0";"2";"0";"0";"1";""
"201900023646";"138 261 954";"A01";"1";"7";"0";"2";"6";"1";"1";""
"201900023647";"138 261 951";"A01";"2";"7";"0";"2";"1";"15";"1";""
"201900023647";"138 261 952";"B01";"2";"30";"0";"2";"1";"1";"1";""
"201900023648";"138 261 949";"A01";"2";"10";"2";"0";"1";"13";"1";""
"201900023649";"138 261 947";"B01";"2";"7";"0";"0";"8";"1";"1";""
"201900023649";"138 261 948";"A01";"1";"33";"0";"2";"8";"1";"1";""
"201900023650";"138 261 945";"B01";"1";"17";"0";"0";"4";"2";"1";""
"201900023650";"138 261 946";"A01";"1";"7";"0";"2";"1";"2";"1";""
"201900023651";"138 261 944";"A01";"1";"7";"2";"0";"1";"17";"1";""
"201900023652";"138 261 942";"A01";"3";"2";"0";"0";"8";"19";"0";""
"201900023652";"138 261 943";"B01";"1";"7";"0";"2";"1";"1";"0";""
"201900023653";"138 261 940";"A01";"1";"7";"0";"2";"8";"1";"1";""
"201900023653";"138 261 941";"B01";"2";"7";"0";"2";"1";"1";"1";""
"201900023654";"138 261 939";"A01";"2";"7";"3";"0";"5";"13";"1";""
"201900023655";"138 261 938";"A01";"2";"7";"0";"1";"7";"1";"1";""
"201900023656";"138 261 937";"A01";"1";"7";"13";"0";"9";"1";"1";""
"201900023657";"138 261 936";"A01";"2";"7";"8";"0";"8";"1";"1";""
"201900023658";"138 261 933";"B01";"2";"7";"0";"9";"3";"1";"1";""
"201900023658";"138 261 934";"A01";"1";"31";"0";"2";"0";"1";"1";""
"201900023659";"138 261 932";"A01";"1";"7";"0";"1";"4";"4";"0";""
"201900023660";"138 261 931";"A01";"3";"33";"0";"0";"0";"0";"1";""
"201900023661";"138 261 929";"B01";"0";"1";"0";"2";"0";"1";"5";""
"201900023661";"138 261 930";"A01";"0";"7";"0";"9";"2";"1";"1";""
"201900023662";"138 261 927";"A01";"1";"7";"0";"2";"2";"13";"1";""
"201900023662";"138 261 928";"B01";"2";"7";"0";"2";"2";"1";"1";""
"201900023663";"138 261 923";"B01";"2";"7";"4";"9";"1";"1";"1";""
"201900023663";"138 261 924";"A01";"1";"38";"0";"2";"3";"1";"1";"1"
"201900023664";"138 261 921";"B01";"1";"7";"0";"2";"1";"1";"1";""
"201900023664";"138 261 922";"A01";"2";"7";"0";"2";"7";"19";"1";""
"201900023665";"138 261 919";"A01";"3";"2";"0";"2";"0";"16";"1";""
"201900023665";"138 261 920";"B01";"0";"7";"0";"2";"1";"15";"1";""
"201900023666";"138 261 917";"A01";"2";"7";"0";"2";"3";"1";"1";""
"201900023666";"138 261 918";"B01";"1";"2";"0";"2";"1";"0";"1";""
"201900023667";"138 261 915";"B01";"1";"7";"0";"2";"1";"1";"1";""
"201900023667";"138 261 916";"A01";"2";"7";"0";"2";"3";"15";"1";""
"201900023668";"138 261 914";"A01";"1";"2";"0";"0";"8";"15";"0";""
"201900023669";"138 261 913";"A01";"1";"10";"0";"0";"7";"1";"1";""
"201900023670";"138 261 912";"A01";"3";"10";"0";"1";"4";"4";"1";""
"201900023671";"138 261 911";"A01";"3";"32";"15";"9";"3";"1";"1";""
"201900023672";"138 261 910";"A01";"1";"2";"0";"1";"1";"1";"1";""
"201900023673";"138 261 908";"A01";"2";"7";"0";"2";"3";"0";"1";""
"201900023673";"138 261 909";"B01";"1";"10";"0";"2";"3";"0";"1";""
"201900023674";"138 261 906";"B01";"1";"3";"0";"2";"3";"1";"1";""
"201900023674";"138 261 907";"A01";"2";"7";"0";"2";"8";"21";"1";""
"201900023675";"138 261 905";"A01";"1";"10";"2";"0";"9";"1";"1";""
"201900023676";"138 261 904";"A01";"2";"33";"2";"0";"0";"1";"1";""
"201900023677";"138 261 901";"B01";"2";"7";"0";"2";"1";"2";"1";""
"201900023677";"138 261 902";"C01";"1";"17";"0";"2";"8";"5";"1";""
"201900023677";"138 261 903";"A01";"2";"7";"0";"2";"4";"15";"1";""
"201900023678";"138 261 900";"A01";"2";"7";"13";"0";"2";"1";"1";""
"201900023679";"138 261 899";"A01";"3";"7";"2";"0";"1";"1";"1";""
"201900023680";"138 261 897";"A01";"1";"34";"2";"0";"1";"14";"1";""
"201900023681";"138 261 895";"A01";"1";"7";"0";"2";"1";"13";"1";""
"201900023681";"138 261 896";"B01";"2";"7";"0";"2";"1";"1";"1";""
"201900023682";"138 261 894";"A01";"1";"7";"2";"0";"7";"1";"1";""
"201900023683";"138 261 892";"A01";"2";"1";"0";"2";"4";"2";"5";""
"201900023683";"138 261 893";"B01";"2";"10";"0";"2";"2";"2";"0";""
"201900023684";"138 261 891";"A01";"2";"33";"0";"0";"0";"2";"1";""
"201900023685";"138 261 888";"A01";"2";"7";"0";"2";"1";"2";"1";""
"201900023685";"138 261 889";"B01";"2";"7";"0";"2";"4";"2";"1";""
"201900023685";"138 261 890";"C01";"2";"7";"0";"2";"4";"2";"6";""
"201900023686";"138 261 883";"A01";"1";"10";"0";"2";"1";"12";"1";""
"201900023686";"138 261 884";"C01";"1";"7";"0";"2";"4";"23";"1";""
"201900023686";"138 261 885";"E01";"1";"7";"0";"2";"4";"23";"1";""
"201900023686";"138 261 886";"B01";"1";"10";"0";"2";"4";"23";"1";""
"201900023686";"138 261 887";"D01";"1";"7";"0";"2";"4";"23";"1";""
"201900023687";"138 261 881";"A01";"2";"7";"0";"2";"1";"2";"1";""
"201900023687";"138 261 882";"B01";"2";"7";"0";"2";"4";"2";"1";""
"201900023688";"138 261 878";"A01";"2";"7";"0";"2";"1";"12";"1";""
"201900023688";"138 261 879";"B01";"2";"17";"0";"2";"2";"1";"1";""
"201900023688";"138 261 880";"C01";"2";"10";"0";"2";"5";"1";"1";""
"201900023689";"138 261 876";"A01";"1";"7";"0";"2";"2";"11";"1";""
"201900023689";"138 261 877";"B01";"1";"33";"0";"2";"2";"1";"1";""
"201900023690";"138 261 874";"B01";"2";"7";"0";"2";"5";"1";"1";""
"201900023690";"138 261 875";"A01";"2";"43";"0";"2";"3";"21";"1";""
"201900023691";"138 261 871";"C01";"1";"7";"0";"2";"4";"1";"1";""
"201900023691";"138 261 872";"B01";"1";"7";"0";"2";"4";"1";"1";""
"201900023691";"138 261 873";"A01";"1";"33";"0";"2";"3";"3";"1";""
"201900023692";"138 261 866";"H01";"1";"7";"0";"2";"1";"26";"1";""
"201900023692";"138 261 867";"C01";"1";"7";"1";"0";"4";"1";"1";""
"201900023692";"138 261 868";"B01";"1";"7";"0";"2";"4";"1";"1";""
"201900023693";"138 261 863";"A01";"1";"7";"0";"0";"9";"1";"1";""
"201900023694";"138 261 861";"C01";"0";"7";"0";"2";" -1";"0";" -1";""
"201900023694";"138 261 862";"B01";"0";"7";"0";"2";"0";"0";"1";""
"201900023695";"138 261 860";"A01";"2";"7";"14";"0";"1";"26";"1";""
"201900023696";"138 261 859";"A01";"3";"7";"0";"1";"2";"1";"1";""
"201900023697";"138 261 858";"A01";"2";"30";"0";"0";"0";"1";"1";""
"201900023698";"138 261 857";"A01";"2";"2";"0";"2";"6";"13";"1";""
"201900023699";"138 261 855";"B01";"3";"7";"0";"2";"7";"24";"1";""
"201900023699";"138 261 856";"A01";"3";"7";"1";"0";"2";"26";"1";""
"201900023700";"138 261 854";"A01";"1";"7";"4";"0";"3";"11";"1";""
"201900023701";"138 261 852";"B01";"3";"37";"0";"2";"3";"1";"1";"2"
"201900023701";"138 261 853";"A01";"3";"7";"0";"2";"1";"15";"1";""
"201900023702";"138 261 850";"A01";"0";"7";"0";"1";"4";"4";"1";""
"201900023703";"138 261 849";"A01";"1";"33";"12";"0";"2";"14";"0";""
"201900023704";"138 261 847";"B01";"3";"33";"0";"2";"3";"1";"1";""
"201900023704";"138 261 848";"A01";"3";"10";"0";"2";"5";"12";"1";""
"201900023705";"138 261 846";"A01";"1";"34";"0";"1";"2";"17";"1";""
"201900023706";"138 261 844";"A01";"2";"10";"0";"2";"4";"4";"1";""
"201900023706";"138 261 845";"B01";"2";"7";"0";"2";"1";"2";"1";""
"201900023707";"138 261 842";"B01";"3";"7";"0";"2";"1";"0";"0";""
"201900023707";"138 261 843";"A01";"1";"7";"0";"1";"4";"23";"6";""
"201900023708";"138 261 839";"A01";"1";"7";"0";"1";"3";"1";"1";""
"201900023709";"138 261 838";"A01";"0";"7";"0";"1";"1";"9";"1";""
"201900023710";"138 261 837";"A01";"0";"33";"0";"0";"8";"1";"1";""
"201900023711";"138 261 830";"B01";"0";"2";"0";"2";"1";"1";"1";""
"201900023711";"138 261 831";"A01";"0";"7";"0";"2";"3";"20";"1";""
"201900023712";"138 261 828";"B01";"1";"2";"0";"2";"7";"1";"1";""
"201900023712";"138 261 829";"A01";"1";"10";"0";"2";"8";"9";"1";""
"201900023713";"138 261 827";"A01";"1";"7";"4";"0";"9";"14";"1";""
"201900023714";"138 261 825";"A01";"1";"7";"0";"2";"3";"13";"1";""
"201900023714";"138 261 826";"B01";"2";"7";"0";"2";"3";"1";"1";""
"201900023715";"138 261 815";"A01";"1";"10";"6";"2";"3";"1";"1";""
"201900023715";"138 261 816";"B01";"2";"7";"0";"2";"1";"1";"1";""
"201900023716";"138 261 809";"B01";"1";"7";"0";"2";"1";"1";"1";""
"201900023716";"138 261 810";"A01";"1";"7";"0";"2";"2";"9";"1";""
"201900023717";"138 261 807";"A01";"1";"7";"0";"2";"1";"1";"1";""
"201900023717";"138 261 808";"B01";"2";"7";"0";"2";"2";"1";"1";""
"201900023718";"138 261 806";"A01";"1";"7";"6";"0";"1";"13";"1";""
"201900023719";"138 261 805";"A01";"1";"7";"0";"1";"1";"15";"1";""
"201900023720";"138 261 803";"B01";"2";"7";"0";"2";"1";"0";"1";""
"201900023720";"138 261 804";"A01";"1";"7";"0";"2";"1";"26";"1";""
"201900023721";"138 261 802";"A01";"1";"33";"4";"0";"0";"1";"1";""
"201900023722";"138 261 799";"B01";"2";"7";"0";"2";"4";"1";"1";""
"201900023722";"138 261 800";"C01";"2";"7";"0";"2";"4";"1";"1";""
"201900023722";"138 261 801";"A01";"2";"7";"0";"2";"1";"1";"1";""
"201900023723";"138 261 797";"B01";"1";"1";"0";"2";"1";"15";"5";""
"201900023723";"138 261 798";"A01";"2";"7";"0";"2";"3";"1";"1";""
"201900023724";"138 261 796";"A01";"2";"7";"1";"0";"1";"1";"1";""
"201900023725";"138 261 795";"A01";"2";"10";"0";"1";"1";"15";"1";""
"201900023726";"138 261 793";"A01";"1";"7";"0";"2";"6";"15";"1";""
"201900023726";"138 261 794";"B01";"1";"7";"0";"2";"5";"17";"2";""
"201900023727";"138 261 791";"A01";"2";"2";"0";"2";"7";"19";"1";""
"201900023727";"138 261 792";"B01";"2";"7";"0";"2";"1";"19";"1";""
"201900023728";"138 261 787";"B01";"2";"7";"0";"2";"6";"1";"1";""
"201900023728";"138 261 788";"A01";"1";"7";"0";"2";"2";"1";"1";""
"201900023729";"138 261 786";"A01";"2";"7";"13";"0";"2";"14";"1";""
"201900023730";"138 261 784";"B01";"2";"1";"0";"2";"4";"1";"5";""
"201900023730";"138 261 785";"A01";"2";"7";"0";"2";"1";"2";"1";""
"201900023731";"138 261 782";"B01";"1";"1";"0";"2";"0";"1";"5";""
"201900023731";"138 261 783";"A01";"1";"7";"0";"9";"0";"1";"1";""
"201900023732";"138 261 781";"A01";"1";"10";"8";"0";"1";"1";"1";""
"201900023733";"138 261 777";"A01";"2";"10";"0";"1";"5";"26";"1";""
"201900023734";"138 261 776";"A01";"0";"10";"2";"0";"1";"14";"1";""
"201900023735";"138 261 774";"B01";"2";"30";"0";"2";"7";"21";"1";""
"201900023735";"138 261 775";"A01";"2";"7";"0";"2";"3";"9";"1";""
"201900023736";"138 261 772";"A01";"1";"7";"0";"2";"7";"15";"1";""
"201900023736";"138 261 773";"B01";"2";"7";"0";"2";"1";"1";"1";""
"201900023737";"138 261 770";"B01";"2";"7";"0";"2";"4";"1";"1";""
"201900023737";"138 261 771";"A01";"2";"7";"0";"2";"1";"1";"1";""
"201900023738";"138 261 768";"A01";"1";"38";"0";"2";"2";"15";"1";"1"
"201900023738";"138 261 769";"B01";"2";"1";"0";"2";"1";"1";"5";""
"201900023739";"138 261 767";"A01";"0";"1";"12";"0";"1";"21";"5";""
"201900023740";"138 261 765";"A01";"1";"7";"0";"2";"3";"22";"1";""
"201900023740";"138 261 766";"B01";"1";"2";"1";"0";"2";"1";"1";""
"201900023741";"138 261 763";"A01";"1";"7";"0";"2";"1";"1";"1";""
"201900023741";"138 261 764";"B01";"1";"7";"0";"2";"7";"1";"1";""
"201900023742";"138 261 760";"A01";"0";"7";"0";"2";"1";"1";"1";""
"201900023742";"138 261 761";"C01";"0";"7";"0";"2";"4";"2";"1";""
"201900023742";"138 261 762";"B01";"0";"7";"0";"2";"4";"2";"1";""
"201900023743";"138 261 759";"A01";"2";"7";"9";"0";"3";"14";"1";""
"201900023744";"138 261 756";"C01";"2";"7";"0";"2";"3";"1";"1";""
"201900023744";"138 261 757";"A01";"1";"7";"0";"2";"1";"20";"1";""
"201900023744";"138 261 758";"B01";"1";"7";"0";"2";"3";"1";"1";""
"201900023745";"138 261 753";"B01";"3";"7";"0";"2";"6";"23";"1";""
"201900023745";"138 261 754";"C01";"3";"7";"0";"2";"4";"23";"1";""
"201900023745";"138 261 755";"A01";"3";"7";"0";"2";"1";"18";"1";""
"201900023746";"138 261 751";"B01";"1";"1";"0";"2";"8";"19";"5";""
"201900023746";"138 261 752";"A01";"1";"7";"0";"2";"1";"16";"1";""
"201900023747";"138 261 750";"A01";"1";"1";"0";"0";"1";"1";"5";""
"201900023748";"138 261 748";"B01";"3";"33";"0";"2";"1";"1";"1";""
"201900023748";"138 261 749";"A01";"3";"7";"0";"2";"3";"15";"1";""
"201900023749";"138 261 746";"A01";"2";"7";"0";"2";"3";"1";"1";""
"201900023749";"138 261 747";"B01";"3";"7";"0";"2";"7";"1";"1";""
"201900023750";"138 261 745";"A01";"2";"7";"0";"1";"1";"1";"1";""
"201900023751";"138 261 743";"B01";"1";"7";"0";"2";"2";"1";"1";""
"201900023751";"138 261 744";"A01";"1";"7";"4";"2";"6";"11";"1";""
"201900023752";"138 261 741";"A01";"0";"43";"0";"2";"1";"18";"1";""
"201900023752";"138 261 742";"B01";"0";"7";"0";"2";"2";"16";"1";""
"201900023753";"138 261 739";"B01";"3";"2";"0";"2";"7";"19";"1";""
"201900023753";"138 261 740";"A01";"1";"40";"0";"2";"1";"1";"3";""
"201900023754";"138 261 738";"A01";"1";"7";"0";"1";"3";"1";"1";""
"201900023755";"138 261 731";"A01";"2";"7";"0";"2";"1";"2";"1";""
"201900023755";"138 261 732";"C01";"2";"10";"0";"2";"4";"23";"1";""
"201900023755";"138 261 733";"B01";"2";"10";"0";"2";"4";"2";"1";""
"201900023756";"138 261 729";"B01";"0";"7";"0";"0";"4";"1";"1";""
"201900023756";"138 261 730";"A01";"0";"7";"0";"2";"1";"1";"1";""
"201900023757";"138 261 728";"A01";"1";"7";"0";"1";"1";"15";"1";""
"201900023758";"138 261 727";"A01";"2";"7";"0";"1";"2";"1";"1";""
"201900023759";"138 261 722";"A01";"1";"30";"0";"2";"1";"9";"1";""
"201900023759";"138 261 723";"B01";"1";"7";"0";"2";"2";"1";"1";""
"201900023759";"138 261 724";"C01";"1";"7";"0";"2";"1";"17";"1";""
"201900023760";"138 261 721";"A01";"1";"7";"0";"1";"2";"16";"1";""
"201900023761";"138 261 717";"A01";"1";"34";"0";"1";"1";"17";"1";""
"201900023762";"138 261 716";"A01";"1";"7";"0";"1";"1";"0";"1";""
"201900023763";"138 261 715";"A01";"2";"7";"0";"1";"2";"1";"1";""
"201900023764";"138 261 713";"B01";"1";"7";"1";"0";"3";"26";"0";""
"201900023764";"138 261 714";"A01";"1";"7";"1";"0";"5";"24";"1";""
"201900023765";"138 261 711";"B01";"3";"7";"0";"2";"0";"1";"1";""
"201900023765";"138 261 712";"A01";"3";"7";"0";"2";"1";"1";"1";""
"201900023766";"138 261 709";"B01";"2";"7";"0";"2";"4";"23";"1";""
"201900023766";"138 261 710";"A01";"2";"3";"0";"2";"1";"2";"1";""
"201900023767";"138 261 707";"B01";"2";"7";"0";"2";"3";"1";"1";""
"201900023767";"138 261 708";"A01";"1";"7";"0";"2";"3";"13";"1";""
"201900023768";"138 261 706";"A01";"1";"7";"0";"1";"2";"1";"1";""
"201900023769";"138 261 704";"A01";"1";"34";"0";"2";"1";"12";"1";""
"201900023769";"138 261 705";"B01";"1";"7";"0";"2";"4";"23";"1";""
"201900023770";"138 261 702";"B01";"3";"7";"3";"0";"6";"1";"1";""
"201900023770";"138 261 703";"A01";"2";"7";"0";"2";"2";"1";"1";""
"201900023771";"138 261 701";"A01";"3";"7";"8";"0";"1";"1";"1";""
"201900023772";"138 261 700";"A01";"2";"7";"0";"1";"3";"1";"1";""
"201900023773";"138 261 699";"A01";"1";"7";"8";"0";"1";"1";"1";""
"201900023774";"138 261 698";"A01";"2";"7";"0";"1";"3";"1";"1";""
"201900023775";"138 261 697";"A01";"2";"7";"13";"0";"2";"1";"1";""
"201900023776";"138 261 695";"B01";"0";"33";"0";"2";"8";"18";"1";""
"201900023776";"138 261 696";"A01";"0";"7";"0";"2";"7";"17";"1";""
"201900023777";"138 261 694";"A01";"3";"7";"13";"0";"2";"14";"1";""
"201900023778";"138 261 692";"B01";"2";"2";"0";"0";"4";"1";"1";""
"201900023778";"138 261 693";"A01";"2";"7";"0";"2";"2";"1";"1";""
"201900023779";"138 261 690";"A01";"0";"7";"0";"2";"1";"1";"0";""
"201900023779";"138 261 691";"B01";"0";"7";"0";"2";"1";"2";"0";""
"201900023780";"138 261 688";"A01";"1";"7";"0";"2";"3";"13";"1";""
"201900023780";"138 261 689";"B01";"2";"7";"0";"2";"3";"1";"1";""
"201900023781";"138 261 686";"B01";"1";"2";"0";"0";"4";"2";"0";""
"201900023781";"138 261 687";"A01";"1";"7";"0";"2";"2";"2";"0";""
"201900023782";"138 261 683";"A01";"2";"32";"0";"2";"1";"1";"1";""
"201900023782";"138 261 684";"B01";"2";"37";"0";"2";"3";"15";"1";"1"
"201900023783";"138 261 680";"C01";"1";"7";"0";"0";"4";"23";"1";""
"201900023783";"138 261 681";"B01";"1";"7";"14";"0";"4";"23";"1";""
"201900023783";"138 261 682";"A01";"1";"7";"14";"0";"1";"2";"1";""
"201900023784";"138 261 679";"A01";"3";"7";"6";"0";"3";"1";"1";""
"201900023785";"138 261 676";"C01";"2";"7";"0";"2";"2";"14";"1";""
"201900023785";"138 261 677";"B01";"2";"7";"0";"0";"6";"1";"1";""
"201900023785";"138 261 678";"A01";"2";"7";"0";"0";"4";"2";"1";""
"201900023786";"138 261 672";"D01";"2";"7";"0";"2";"1";"2";"1";""
"201900023786";"138 261 673";"C01";"2";"7";"0";"0";"4";"2";"1";""
"201900023786";"138 261 674";"B01";"2";"7";"0";"0";"4";"2";"1";""
"201900023786";"138 261 675";"A01";"2";"7";"0";"0";"4";"2";"1";""