"Num_Acc";"id_vehicule";"num_veh";"senc";"catv";"obs";"obsm";"choc";"manv";"motor";"occutc"
"201900023787";"138 261 670";"B01";"2";"7";"13";"0";"6";"1";"1";""
"201900023787";"138 261 671";"A01";"2";"7";"0";"2";"2";"2";"1";""
"201900023788";"138 261 666";"B01";"2";"15";"0";"0";"6";"23";"1";""
"201900023788";"138 261 667";"A01";"2";"7";"1";"0";"1";"2";"1";""
"201900023789";"138 261 665";"A01";"2";"10";"8";"0";"1";"0";"1";""
"201900023790";"138 261 662";"C01";"1";"1";"0";"2";"6";"2";"5";""
"201900023790";"138 261 663";"B01";"1";"1";"0";"2";"6";"26";"5";""
"201900023790";"138 261 664";"A01";"1";"7";"0";"9";"2";"14";"1";""
"201900023791";"138 261 661";"A01";"3";"7";"0";"1";"2";"1";"0";""
"201900023792";"138 261 660";"A01";"2";"7";"12";"0";"1";"1";"1";""
"201900023793";"138 261 658";"B01";"1";"7";"0";"2";"1";"1";"1";""
"201900023793";"138 261 659";"A01";"2";"7";"0";"2";"8";"19";"1";""
"201900023794";"138 261 656";"B01";"1";"7";"0";"0";"4";"1";"0";""
"201900023794";"138 261 657";"A01";"1";"7";"0";"2";"1";"1";"0";""
"201900023795";"138 261 654";"B01";"0";"7";"0";"1";"4";"24";"1";""
"201900023795";"138 261 655";"A01";"0";"7";"1";"0";"1";"1";"1";""
"201900023796";"138 261 653";"A01";"1";"7";"0";"1";"2";"1";"1";""
"201900023797";"138 261 650";"C01";"2";"10";"0";"2";"1";"1";"1";""
"201900023797";"138 261 651";"B01";"2";"7";"0";"2";"6";"13";"1";""
"201900023797";"138 261 652";"A01";"1";"7";"0";"2";"3";"1";"1";""
"201900023798";"138 261 648";"B01";"2";"7";"0";"2";"3";"1";"1";""
"201900023798";"138 261 649";"A01";"1";"7";"0";"2";"3";"1";"1";""
"201900023799";"138 261 646";"B01";"1";"7";"0";"2";"1";"21";"1";""
"201900023799";"138 261 647";"A01";"2";"7";"0";"2";"7";"19";"1";""
"201900023800";"138 261 644";"A01";"2";"7";"0";"2";"2";"2";"1";""
"201900023800";"138 261 645";"B01";"2";"7";"4";"0";"6";"2";"1";""
"201900023801";"138 261 643";"A01";"0";"7";"8";"0";"2";"1";"1";""
"201900023802";"138 261 639";"B01";"2";"7";"0";"2";"1";"2";"1";""
"201900023802";"138 261 640";"A01";"2";"7";"0";"2";"4";"23";"1";""
"201900023803";"138 261 635";"D01";"1";"7";"0";"2";"4";"2";"1";""
"201900023803";"138 261 636";"C01";"1";"10";"0";"2";"4";"2";"1";""
"201900023803";"138 261 637";"B01";"1";"14";"0";"2";"4";"2";"1";""
"201900023803";"138 261 638";"A01";"1";"17";"0";"2";"1";"2";"1";""
"201900023804";"138 261 630";"A01";"2";"10";"0";"2";"8";"11";"1";""
"201900023804";"138 261 631";"B01";"2";"15";"0";"2";"2";"1";"1";""
"201900023804";"138 261 632";"C01";"2";"7";"0";"2";"1";"1";"1";""
"201900023805";"138 261 628";"A01";"1";"7";"0";"2";"8";"11";"1";""
"201900023805";"138 261 629";"B01";"1";"33";"0";"2";"1";"1";"1";""
"201900023806";"138 261 625";"A01";"2";"7";"0";"2";"8";"11";"1";""
"201900023806";"138 261 626";"B01";"2";"33";"0";"2";"7";"3";"1";""
"201900023806";"138 261 627";"C01";"2";"7";"0";"2";"4";"2";"1";""
"201900023807";"138 261 623";"B01";"2";"31";"0";"2";"3";"3";"0";""
"201900023807";"138 261 624";"A01";"2";"7";"0";"2";"2";"12";"1";""
"201900023808";"138 261 621";"B01";"2";"7";"0";"2";"4";"1";"1";""
"201900023808";"138 261 622";"A01";"2";"7";"0";"2";"1";"1";"1";""
"201900023809";"138 261 618";"A01";"2";"7";"4";"2";"6";"11";"1";""
"201900023809";"138 261 619";"B01";"2";"33";"4";"2";"2";"1";"1";""
"201900023809";"138 261 620";"C01";"2";"7";"0";"2";"6";"1";"1";""
"201900023810";"138 261 616";"A01";"1";"31";"0";"2";"1";"1";"1";""
"201900023810";"138 261 617";"B01";"1";"15";"0";"0";"0";"0";"1";""
"201900023811";"138 261 614";"A01";"2";"33";"0";"2";"1";"2";"1";""
"201900023811";"138 261 615";"B01";"2";"33";"0";"2";"4";"2";"1";""
"201900023812";"138 261 613";"A01";"2";"31";"0";"0";"9";"3";"1";""
"201900023813";"138 261 611";"B01";"1";"43";"0";"2";"4";"2";"1";""
"201900023813";"138 261 612";"A01";"1";"7";"0";"2";"1";"2";"1";""
"201900023814";"138 261 610";"A01";"2";"33";"0";"0";"9";"21";"1";""
"201900023815";"138 261 607";"C01";"1";"17";"0";"2";"6";"24";"1";""
"201900023815";"138 261 608";"B01";"1";"7";"1";"2";"1";"21";"1";""
"201900023815";"138 261 609";"A01";"1";"7";"1";"0";"2";"14";"1";""
"201900023816";"138 261 605";"B01";"2";"33";"1";"0";"1";"2";"1";""
"201900023816";"138 261 606";"A01";"2";"7";"4";"2";"4";"23";"1";""
"201900023817";"138 261 603";"B01";"1";"7";"0";"2";"4";"2";"1";""
"201900023817";"138 261 604";"A01";"1";"15";"0";"2";"1";"2";"1";""
"201900023818";"138 261 602";"A01";"1";"33";"0";"0";"9";"0";"1";""
"201900023819";"138 261 601";"A01";"2";"33";"4";"0";"2";"1";"1";""
"201900023820";"138 261 599";"A01";"2";"33";"4";"2";"7";"3";"1";""
"201900023820";"138 261 600";"B01";"2";"7";"0";"2";"6";"11";"1";""
"201900023821";"138 261 597";"A01";"3";"7";"0";"2";"4";"26";"2";""
"201900023821";"138 261 598";"B01";"3";"7";"0";"2";"1";"2";"1";""
"201900023822";"138 261 594";"C01";"1";"7";"0";"2";"3";"3";"1";""
"201900023822";"138 261 595";"B01";"1";"7";"0";"2";"2";"12";"1";""
"201900023822";"138 261 596";"A01";"1";"7";"0";"2";"3";"3";"0";""
"201900023823";"138 261 593";"A01";"1";"7";"0";"1";"1";"1";"1";""
"201900023824";"138 261 591";"B01";"1";"2";"0";"2";"2";"1";"1";""
"201900023824";"138 261 592";"A01";"1";"7";"0";"2";"3";"20";"1";""
"201900023825";"138 261 590";"A01";"0";"7";"0";"1";"1";"1";"1";""
"201900023826";"138 261 589";"A01";"3";"34";"0";"0";"8";"1";"1";""
"201900023827";"138 261 587";"A01";"1";"7";"0";"2";"1";"2";"1";""
"201900023827";"138 261 588";"B01";"1";"7";"0";"2";"4";"23";"1";""
"201900023828";"138 261 585";"B01";"2";"7";"0";"2";"6";"15";"1";""
"201900023828";"138 261 586";"A01";"2";"30";"0";"2";"7";"26";"1";""
"201900023829";"138 261 584";"A01";"1";"33";"0";"0";"0";"26";"1";""
"201900023830";"138 261 581";"C01";"3";"7";"0";"2";"6";"12";"1";""
"201900023830";"138 261 582";"B01";"3";"33";"0";"2";"1";"2";"1";""
"201900023830";"138 261 583";"A01";"3";"7";"0";"2";"4";"1";"1";""
"201900023831";"138 261 580";"A01";"1";"7";"0";"0";"2";"14";"1";""
"201900023832";"138 261 578";"A01";"1";"7";"0";"2";"4";"2";"1";""
"201900023832";"138 261 579";"B01";"1";"7";"0";"2";"1";"2";"1";""
"201900023833";"138 261 576";"A01";"3";"2";"0";"2";"7";"1";"0";""
"201900023833";"138 261 577";"VB01";"3";"7";"0";"2";"3";"15";"0";""
"201900023834";"138 261 574";"A01";"2";"31";"0";"2";"1";"1";"1";""
"201900023834";"138 261 575";"B01";"1";"7";"0";"2";"3";"19";"1";""
"201900023835";"138 261 572";"B01";"1";"7";"0";"2";"7";"1";"1";""
"201900023835";"138 261 573";"A01";"2";"7";"0";"2";"0";"1";"1";""
"201900023836";"138 261 571";"B01";"2";"1";"0";"2";"4";"1";"5";""
"201900023837";"138 261 570";"A01";"0";"50";"0";"1";"1";"0";"3";""
"201900023838";"138 261 569";"A01";"3";"7";"6";"0";"1";"1";"1";""
"201900023839";"138 261 567";"A01";"1";"20";"0";"2";"3";"15";"1";""
"201900023839";"138 261 568";"B01";"1";"33";"0";"2";"1";"3";"1";""
"201900023840";"138 261 566";"A01";"1";"7";"12";"1";"2";"9";"1";""
"201900023841";"138 261 564";"A01";"2";"7";"0";"2";"1";"2";"1";""
"201900023841";"138 261 565";"B01";"2";"7";"0";"2";"4";"2";"1";""
"201900023842";"138 261 562";"B01";"3";"10";"0";"2";"1";"1";"0";""
"201900023842";"138 261 563";"A01";"3";"10";"0";"2";"2";"1";"0";""
"201900023843";"138 261 561";"A01";"3";"7";"9";"0";"2";"1";"0";""
"201900023844";"138 261 559";"B01";"1";"30";"0";"2";"1";"1";"0";""
"201900023844";"138 261 560";"A01";"1";"10";"0";"2";"6";"26";"6";""
"201900023845";"138 261 554";"A01";"1";"7";"0";"2";"1";"2";"1";""
"201900023845";"138 261 555";"B01";"1";"7";"0";"2";"4";"2";"1";""
"201900023845";"138 261 556";"C01";"1";"7";"0";"2";"4";"2";"1";""
"201900023845";"138 261 557";"D01";"1";"7";"0";"2";"4";"2";"1";""
"201900023845";"138 261 558";"E01";"1";"7";"0";"2";"4";"2";"1";""
"201900023846";"138 261 553";"Z01";"2";"0";"0";"1";"7";"26";"0";""
"201900023847";"138 261 552";"A01";"3";"7";"1";"1";"2";"1";"1";""
"201900023848";"138 261 550";"A01";"1";"7";"12";"2";"7";"15";"1";""
"201900023848";"138 261 551";"B01";"2";"7";"12";"2";"1";"1";"1";""
"201900023849";"138 261 548";"A01";"1";"7";"0";"2";"1";"14";"1";""
"201900023849";"138 261 549";"B01";"1";"7";"8";"0";"3";"9";"1";""
"201900023850";"138 261 547";"A01";"2";"1";"6";"0";"1";"15";"5";""
"201900023851";"138 261 546";"A01";"3";"33";"0";"0";"8";"1";"1";""
"201900023852";"138 261 544";"B01";"0";"7";"0";"2";"4";"1";"1";""
"201900023852";"138 261 545";"A01";"0";"7";"0";"2";"1";"1";"1";""
"201900023853";"138 261 534";"A01";"2";"7";"0";"1";"2";"1";"1";""
"201900023854";"138 261 533";"A01";"1";"7";"1";"0";"1";"1";"1";""
"201900023855";"138 261 529";"A01";"1";"32";"0";"2";"1";"1";"1";""
"201900023855";"138 261 530";"B01";"1";"7";"0";"2";"4";"23";"1";""
"201900023856";"138 261 528";"A01";"1";"7";"0";"1";"3";"1";"1";""
"201900023857";"138 261 526";"B01";"1";"7";"0";"1";"4";"2";"1";""
"201900023857";"138 261 527";"A01";"1";"7";"0";"2";"1";"2";"1";""
"201900023858";"138 261 523";"C01";"2";"7";"0";"2";"4";"1";"1";""
"201900023858";"138 261 524";"B01";"2";"7";"0";"2";"9";"1";"1";""
"201900023858";"138 261 525";"A01";"2";"7";"0";"2";"1";"1";"1";""
"201900023859";"138 261 521";"B01";"2";"7";"0";"2";"2";"15";"1";""
"201900023859";"138 261 522";"A01";"1";"30";"0";"2";"1";"1";"1";""
"201900023860";"138 261 519";"CB01";"2";"34";"0";"2";"1";"21";"1";""
"201900023860";"138 261 520";"A01";"1";"7";"0";"2";"8";"19";"1";""
"201900023861";"138 261 518";"A01";"2";"33";"0";"0";"1";"16";"1";""
"201900023862";"138 261 517";"A01";"3";"7";"9";"0";"1";"1";"1";""
"201900023863";"138 261 516";"A01";"3";"7";"2";"0";"8";"1";"1";""
"201900023864";"138 261 510";"F01";"1";"7";"0";"2";"4";"1";"1";""
"201900023864";"138 261 511";"E01";"1";"7";"0";"2";"1";"1";"1";""
"201900023864";"138 261 512";"D01";"1";"7";"0";"2";"4";"1";"1";""
"201900023864";"138 261 513";"C01";"1";"7";"0";"2";"4";"1";"1";""
"201900023864";"138 261 514";"B01";"1";"7";"0";"2";"4";"1";"0";""
"201900023864";"138 261 515";"A01";"1";"15";"0";"2";"5";"1";"1";""
"201900023865";"138 261 509";"A01";"3";"10";"0";"1";"1";"0";"1";""
"201900023866";"138 261 507";"A01";"3";"7";"0";"2";"8";"10";"1";""
"201900023866";"138 261 508";"B01";"3";"33";"0";"2";"1";"17";"0";""
"201900023867";"138 261 505";"A01";"2";"7";"0";"2";"5";"26";"1";""
"201900023867";"138 261 506";"B01";"2";"1";"0";"2";"3";"26";"6";""
"201900023868";"138 261 504";"A01";"1";"7";"0";"1";"2";"16";"1";""
"201900023869";"138 261 503";"A01";"1";"7";"0";"1";"1";"1";"1";""
"201900023870";"138 261 502";"Z01";"1";"7";"0";"1";"2";"1";"0";""
"201900023871";"138 261 501";"A01";"1";"7";"0";"1";"2";"1";"1";""
"201900023872";"138 261 499";"C01";"1";"7";"0";"2";"1";"1";"0";""
"201900023872";"138 261 500";"A01";"2";"7";"0";"2";"1";"13";"0";""
"201900023873";"138 261 495";"B01";"2";"7";"0";"2";"3";"1";"1";""
"201900023873";"138 261 496";"A01";"1";"7";"0";"2";"3";"1";"1";""
"201900023874";"138 261 492";"C01";"1";"7";"0";"2";"0";"0";"1";""
"201900023874";"138 261 493";"B01";"1";"7";"0";"2";"9";"0";"1";""
"201900023874";"138 261 494";"A01";"1";"7";"0";"2";"2";"0";"1";""
"201900023875";"138 261 490";"B01";"2";"7";"0";"2";"3";"1";"1";""
"201900023875";"138 261 491";"A01";"1";"7";"0";"2";"3";"17";"1";""
"201900023876";"138 261 489";"A01";"2";"7";"0";"1";"0";"26";"1";""
"201900023877";"138 261 486";"C01";"1";"7";"0";"2";"4";"1";"1";""
"201900023877";"138 261 487";"B01";"1";"7";"0";"2";"4";"1";"1";""
"201900023877";"138 261 488";"A01";"1";"7";"0";"2";"1";"1";"1";""
"201900023878";"138 261 485";"A01";"1";"7";"8";"0";"0";"1";"1";""
"201900023879";"138 261 483";"B01";"2";"7";"0";"2";"4";"1";"1";""
"201900023879";"138 261 484";"A01";"2";"32";"0";"2";"1";"1";"1";""
"201900023880";"138 261 482";"A01";"1";"40";"0";"1";"2";"1";"3";""
"201900023881";"138 261 481";"A01";"0";"7";"0";"1";"1";"1";"1";""
"201900023882";"138 261 477";"A01";"2";"10";"0";"1";"4";"1";"1";""
"201900023883";"138 261 476";"A01";"1";"37";"0";"1";"2";"16";"1";"1"
"201900023884";"138 261 473";"B01";"3";"7";"0";"2";"4";"23";"1";""
"201900023884";"138 261 474";"A01";"3";"7";"0";"2";"1";"2";"1";""
"201900023885";"138 261 471";"A01";"1";"31";"16";"2";"8";"1";"1";""
"201900023885";"138 261 472";"B01";"2";"20";"0";"9";"3";"1";"1";""
"201900023886";"138 261 469";"B01";"1";"33";"0";"2";"1";"1";"1";""
"201900023886";"138 261 470";"A01";"2";"3";"0";"2";"2";"4";"1";""
"201900023887";"138 261 467";"A01";"3";"7";"0";"2";"1";"15";"1";""
"201900023887";"138 261 468";"B01";"0";"7";"0";"2";"3";"15";"1";""
"201900023888";"138 261 465";"A01";"0";"7";"0";"2";"1";"1";"0";""
"201900023888";"138 261 466";"B01";"0";"32";"0";"2";"7";"1";"0";""
"201900023889";"138 261 463";"A01";"1";"7";"0";"2";"1";"6";"1";""
"201900023889";"138 261 464";"B01";"2";"7";"0";"2";"8";"1";"1";""
"201900023890";"138 261 462";"A01";"1";"7";"0";"1";"3";"26";"1";""
"201900023891";"138 261 460";"A01";"1";"1";"0";"2";"3";"19";"5";""
"201900023891";"138 261 461";"B01";"2";"7";"0";"2";"3";"1";"1";""
"201900023892";"138 261 458";"B01";"1";"31";"0";"2";"3";"3";"1";""
"201900023892";"138 261 459";"A01";"1";"7";"0";"2";"2";"12";"1";""
"201900023893";"138 261 455";"Z01";"2";"34";"0";"2";"1";"3";"1";""
"201900023893";"138 261 456";"B01";"2";"7";"0";"2";"4";"1";"1";""
"201900023893";"138 261 457";"A01";"2";"32";"0";"2";"4";"3";"1";""
"201900023894";"138 261 452";"C01";"1";"7";"0";"2";"3";"1";"1";""
"201900023894";"138 261 453";"B01";"1";"7";"0";"2";"7";"12";"1";""
"201900023894";"138 261 454";"A01";"1";"32";"0";"2";"3";"18";"1";""
"201900023895";"138 261 449";"C01";"1";"7";"0";"2";"2";"1";"1";""
"201900023895";"138 261 450";"B01";"1";"10";"0";"2";"2";"1";"1";""
"201900023895";"138 261 451";"A01";"1";"7";"0";"2";"3";"11";"1";""
"201900023896";"138 261 447";"A01";"1";"7";"0";"2";"3";"13";"1";""
"201900023896";"138 261 448";"B01";"2";"7";"0";"2";"3";"23";"1";""
"201900023897";"138 261 445";"B01";"1";"1";"0";"2";"1";"1";"5";""
"201900023897";"138 261 446";"A01";"1";"7";"0";"2";"7";"15";"1";""
"201900023898";"138 261 442";"B01";"3";"7";"0";"2";"1";"1";"1";""
"201900023898";"138 261 443";"A01";"1";"1";"0";"2";"3";"15";"5";""
"201900023898";"138 261 444";"C01";"2";"34";"0";"2";"1";"1";"1";""
"201900023899";"138 261 440";"A01";"2";"7";"0";"2";"4";"23";"2";""
"201900023899";"138 261 441";"Z01";"2";"7";"0";"2";"1";"2";"1";""
"201900023900";"138 261 438";"A01";"1";"10";"0";"2";"1";"2";"1";""
"201900023900";"138 261 439";"B01";"1";"33";"0";"2";"4";"23";"1";""
"201900023901";"138 261 437";"A01";"1";"13";"0";"1";"5";"23";"1";""
"201900023902";"138 261 435";"B01";"1";"32";"0";"2";"7";"1";"1";""
"201900023902";"138 261 436";"A01";"1";"7";"0";"2";"8";"11";"1";""
"201900023903";"138 261 433";"B01";"1";"14";"0";"2";"2";"16";"1";""
"201900023903";"138 261 434";"A01";"1";"7";"0";"2";"8";"18";"1";""
"201900023904";"138 261 431";"A01";"1";"33";"8";"2";"1";"17";"1";""
"201900023904";"138 261 432";"B01";"1";"7";"0";"2";"0";"13";"1";""
"201900023905";"138 261 429";"B01";"1";"1";"0";"2";"1";"1";"5";""
"201900023905";"138 261 430";"A01";"1";"10";"0";"2";"1";"22";"1";""
"201900023906";"138 261 428";"A01";"1";"7";"14";"2";"1";"1";"1";""
"201900023907";"138 261 426";"B01";"2";"30";"0";"2";"5";"23";"3";""
"201900023907";"138 261 427";"A01";"2";"7";"0";"2";"8";"15";"2";""
"201900023908";"138 261 425";"A01";"1";"32";"0";"0";"7";"15";"1";""
"201900023909";"138 261 422";"B01";"2";"7";"0";"2";"4";"23";"1";""
"201900023909";"138 261 423";"C01";"2";"7";"0";"2";"4";"23";"1";""
"201900023909";"138 261 424";"A01";"2";"7";"0";"2";"1";"2";"1";""
"201900023910";"138 261 420";"A01";"2";"3";"0";"2";"1";"9";"0";""
"201900023910";"138 261 421";"B01";"2";"34";"0";"2";"8";"1";"1";""
"201900023911";"138 261 419";"A01";"2";"7";"0";"1";"2";"2";"1";""
"201900023912";"138 261 413";"B01";"1";"15";"0";"2";"2";"12";"1";""
"201900023912";"138 261 414";"A01";"1";"7";"0";"2";"6";"1";"1";""
"201900023913";"138 261 411";"A01";"1";"7";"0";"2";"1";"2";"0";""
"201900023913";"138 261 412";"B01";"1";"0";"0";"2";"0";"2";"0";""
"201900023914";"138 261 408";"B01";"2";"32";"0";"2";"1";"2";"1";""
"201900023914";"138 261 409";"A01";"1";"7";"0";"2";"3";"15";"1";""
"201900023915";"138 261 406";"A01";"3";"30";"0";"2";"1";"0";"0";""
"201900023915";"138 261 407";"B01";"3";"7";"0";"2";"1";"0";"1";""
"201900023916";"138 261 404";"B01";"3";"31";"0";"2";"0";"17";"0";""
"201900023916";"138 261 405";"A01";"3";"3";"0";"2";"0";"13";"0";""
"201900023917";"138 261 402";"B01";"0";"7";"0";"2";"6";"15";"0";""
"201900023917";"138 261 403";"A01";"0";"32";"0";"2";"6";"17";"0";""
"201900023918";"138 261 400";"B01";"2";"33";"0";"2";"7";"2";"6";""
"201900023918";"138 261 401";"A01";"2";"10";"0";"2";"8";"13";"0";""
"201900023919";"138 261 398";"A01";"3";"7";"0";"2";"2";"15";"1";""
"201900023919";"138 261 399";"B01";"1";"7";"0";"2";"1";"1";"1";""
"201900023920";"138 261 396";"A01";"1";"7";"0";"2";"3";"15";"1";""
"201900023920";"138 261 397";"B01";"1";"34";"0";"2";"3";"2";"1";""
"201900023921";"138 261 394";"A01";"2";"3";"0";"2";"1";"2";"1";""
"201900023921";"138 261 395";"B01";"2";"7";"0";"2";"4";"2";"1";""
"201900023922";"138 261 392";"B01";"2";"7";"0";"2";"2";"1";"1";""
"201900023922";"138 261 393";"A01";"1";"7";"0";"2";"2";"13";"1";""
"201900023923";"138 261 391";"A01";"1";"7";"0";"1";"1";"1";"1";""
"201900023924";"138 261 389";"A01";"0";"10";"0";"2";"2";"16";"1";""
"201900023924";"138 261 390";"B01";"1";"10";"0";"2";"2";"2";"1";""
"201900023925";"138 261 386";"A01";"1";"43";"0";"1";"1";"26";"0";""
"201900023926";"138 261 384";"A01";"3";"7";"0";"2";"1";"2";"1";""
"201900023926";"138 261 385";"B01";"3";"7";"0";"2";"4";"1";"1";""
"201900023927";"138 261 382";"B01";"2";"7";"0";"2";"3";"15";"1";""
"201900023927";"138 261 383";"A01";"2";"30";"0";"2";"1";"17";"1";""
"201900023928";"138 261 381";"A01";"1";"30";"0";"1";"1";"1";"0";""
"201900023929";"138 261 379";"A01";"2";"3";"0";"2";"3";"15";"1";""
"201900023929";"138 261 380";"B01";"2";"32";"0";"2";"2";"3";"1";""
"201900023930";"138 261 377";"B01";"3";"7";"0";"2";"7";"1";"0";""
"201900023930";"138 261 378";"A01";"3";"7";"0";"2";"1";"19";"0";""
"201900023931";"138 261 375";"B01";"2";"33";"1";"2";"7";"1";"1";""
"201900023931";"138 261 376";"A01";"2";"7";"0";"2";"3";"20";"1";""
"201900023932";"138 261 374";"A01";"2";"7";"4";"0";"3";"1";"1";""
"201900023933";"138 261 372";"B01";"1";"15";"0";"2";"1";"1";"1";""
"201900023933";"138 261 373";"A01";"2";"7";"0";"2";"8";"1";"1";""
"201900023934";"138 261 370";"B01";"2";"7";"13";"0";"1";"1";"1";""
"201900023934";"138 261 371";"A01";"1";"7";"0";"0";"1";"9";"1";""
"201900023935";"138 261 368";"A01";"3";"2";"0";"0";"7";"1";"1";""
"201900023935";"138 261 369";"B01";"0";"7";"0";"2";"3";"9";"1";""
"201900023936";"138 261 367";"A01";"1";"17";"4";"0";"3";"1";"1";""
"201900023937";"138 261 365";"A01";"1";"7";"0";"2";"3";"17";"1";""
"201900023937";"138 261 366";"B01";"2";"7";"0";"2";"3";"1";"1";""
"201900023938";"138 261 362";"B01";"0";"7";"0";"2";"3";"15";"1";""
"201900023938";"138 261 363";"A01";"1";"33";"0";"2";"1";"17";"1";""
"201900023939";"138 261 356";"A01";"1";"7";"0";"0";"4";"2";"1";""
"201900023939";"138 261 357";"B01";"1";"7";"0";"2";"1";"2";"1";""
"201900023939";"138 261 358";"C01";"1";"7";"0";"0";"4";"2";"1";""
"201900023939";"138 261 359";"D01";"1";"7";"0";"2";"1";"2";"1";""
"201900023940";"138 261 355";"A01";"3";"32";"0";"0";"0";"21";"1";""
"201900023941";"138 261 352";"C01";"2";"7";"0";"0";"6";"23";"1";""
"201900023941";"138 261 353";"B01";"1";"7";"13";"2";"3";"1";"1";""
"201900023941";"138 261 354";"A01";"2";"7";"0";"2";"3";"17";"1";""
"201900023942";"138 261 350";"A01";"2";"7";"0";"2";"1";"15";"1";""
"201900023942";"138 261 351";"B01";"1";"1";"0";"2";"1";"1";"5";""
"201900023943";"138 261 348";"A01";"1";"10";"0";"2";"2";"15";"1";""
"201900023943";"138 261 349";"B01";"1";"2";"0";"2";"1";"1";"1";""
"201900023944";"138 261 345";"A01";"1";"37";"0";"2";"1";"1";"1";"1"
"201900023944";"138 261 346";"B01";"1";"7";"0";"2";"4";"1";"1";""
"201900023944";"138 261 347";"C01";"1";"10";"0";"2";"4";"1";"1";""
"201900023945";"138 261 343";"B01";"2";"7";"0";"2";"1";"1";"1";""
"201900023945";"138 261 344";"A01";"1";"7";"0";"2";"1";"5";"1";""
"201900023946";"138 261 342";"A01";"3";"7";"0";"1";"2";"1";"1";""
"201900023947";"138 261 341";"A01";"0";"33";"0";"0";"8";"1";"1";""
"201900023948";"138 261 338";"B01";"2";"7";"0";"2";"1";"1";"2";""
"201900023948";"138 261 339";"C01";"2";"7";"0";"2";"1";"1";"1";""
"201900023948";"138 261 340";"A01";"1";"7";"0";"2";"3";"14";"1";""
"201900023949";"138 261 335";"B01";"1";"1";"0";"2";"1";"0";"5";""
"201900023949";"138 261 336";"A01";"0";"10";"0";"9";"3";"15";"1";""
"201900023950";"138 261 334";"A01";"2";"2";"16";"0";"0";"1";"1";""
"201900023951";"138 261 332";"A01";"3";"7";"0";"2";"1";"0";"1";""
"201900023951";"138 261 333";"B01";"0";"1";"0";"2";"7";"0";"5";""
"201900023952";"138 261 329";"C01";"2";"1";"0";"2";"3";"1";"5";""
"201900023952";"138 261 330";"B01";"2";"2";"0";"2";"1";"1";"1";""
"201900023952";"138 261 331";"A01";"1";"7";"0";"2";"3";"15";"1";""
"201900023953";"138 261 328";"A01";"1";"7";"0";"1";"5";"15";"1";""
"201900023954";"138 261 326";"B01";"2";"7";"0";"2";"1";"1";"1";""
"201900023954";"138 261 327";"A01";"1";"7";"0";"2";"2";"13";"1";""
"201900023955";"138 261 324";"B01";"1";"2";"0";"2";"1";"1";"1";""
"201900023955";"138 261 325";"A01";"1";"7";"0";"0";"6";"26";"1";""
"201900023956";"138 261 322";"B01";"1";"2";"0";"2";"7";"2";"1";""
"201900023956";"138 261 323";"A01";"1";"7";"0";"2";"3";"9";"1";""
"201900023957";"138 261 320";"A01";"0";"2";"0";"0";"5";"0";"1";""
"201900023957";"138 261 321";"B01";"0";"15";"0";"0";"2";"1";"1";""
"201900023958";"138 261 318";"B01";"2";"7";"0";"2";"1";"1";"1";""
"201900023958";"138 261 319";"A01";"2";"7";"0";"2";"7";"1";"1";""
"201900023959";"138 261 315";"A01";"1";"7";"0";"2";"3";"9";"0";""
"201900023959";"138 261 316";"B01";"1";"31";"0";"2";"1";"1";"1";""
"201900023960";"138 261 313";"A01";"2";"7";"5";"2";"1";"17";"1";""
"201900023960";"138 261 314";"B01";"1";"7";"0";"2";"2";"1";"1";""
"201900023961";"138 261 311";"B01";"1";"1";"0";"2";"8";"19";"5";""
"201900023961";"138 261 312";"A01";"1";"7";"0";"9";"1";"0";"1";""
"201900023962";"138 261 309";"B01";"1";"7";"0";"2";"1";"1";"0";""
"201900023962";"138 261 310";"A01";"2";"7";"0";"2";"7";"13";"1";""
"201900023963";"138 261 308";"A01";"3";"7";"0";"1";"3";"1";"1";""
"201900023964";"138 261 306";"A01";"0";"7";"0";"1";"2";"1";"0";""
"201900023965";"138 261 304";"A01";"2";"10";"0";"2";"2";"2";"1";""
"201900023965";"138 261 305";"B01";"2";"10";"0";"2";"3";"11";"1";""
"201900023966";"138 261 301";"A01";"2";"7";"0";"2";"3";"12";"1";""
"201900023966";"138 261 302";"B01";"2";"7";"0";"2";"5";"1";"1";""
"201900023967";"138 261 298";"A01";"2";"10";"0";"2";"1";"2";"1";""
"201900023967";"138 261 299";"C01";"2";"10";"0";"2";"4";"23";"1";""
"201900023967";"138 261 300";"B01";"2";"10";"0";"2";"4";"23";"1";""
"201900023968";"138 261 295";"C01";"1";"7";"0";"2";"4";"26";"1";""
"201900023968";"138 261 296";"B01";"1";"10";"0";"2";"5";"24";"1";""
"201900023968";"138 261 297";"A01";"2";"7";"1";"0";"3";"9";"1";""
"201900023969";"138 261 293";"B01";"2";"7";"0";"2";"5";"1";"1";""
"201900023969";"138 261 294";"A01";"2";"33";"0";"2";"1";"12";"1";""
"201900023970";"138 261 290";"A01";"2";"7";"4";"2";"1";"2";"1";""
"201900023970";"138 261 291";"B01";"2";"7";"4";"2";"4";"2";"1";""
"201900023970";"138 261 292";"C01";"2";"7";"4";"2";"3";"2";"1";""
"201900023971";"138 261 288";"B01";"2";"15";"0";"2";"4";"1";"1";""
"201900023971";"138 261 289";"A01";"2";"15";"0";"2";"1";"1";"1";""
"201900023972";"138 261 284";"D01";"2";"7";"0";"2";"4";"0";"1";""