"Num_Acc";"id_vehicule";"num_veh";"senc";"catv";"obs";"obsm";"choc";"manv";"motor";"occutc"
"201900023972";"138 261 285";"C01";"2";"7";"0";"2";"4";"0";"1";""
"201900023972";"138 261 286";"B01";"2";"7";"0";"2";"4";"0";"1";""
"201900023972";"138 261 287";"A01";"2";"7";"0";"2";"1";"26";"1";""
"201900023973";"138 261 281";"B01";"2";"33";"0";"2";"6";"3";"1";""
"201900023973";"138 261 282";"C01";"2";"10";"0";"2";"6";"1";"1";""
"201900023973";"138 261 283";"A01";"2";"10";"0";"2";"7";"1";"1";""
"201900023974";"138 261 279";"A01";"1";"16";"1";"0";"1";"2";"1";""
"201900023974";"138 261 280";"B01";"1";"10";"0";"2";"4";"23";"1";""
"201900023975";"138 261 276";"C01";"1";"7";"0";"2";"1";"2";"1";""
"201900023975";"138 261 277";"B01";"1";"7";"0";"2";"4";"2";"1";""
"201900023975";"138 261 278";"A01";"1";"7";"0";"2";"4";"2";"1";""
"201900023976";"138 261 274";"A01";"2";"7";"0";"2";"8";"13";"1";""
"201900023976";"138 261 275";"B01";"2";"17";"0";"2";"2";"1";"1";""
"201900023977";"138 261 272";"A01";"2";"7";"0";"2";"1";"2";"1";""
"201900023977";"138 261 273";"B01";"2";"16";"0";"2";"6";"2";"1";""
"201900023978";"138 261 270";"A01";"2";"10";"0";"2";"7";"12";"1";""
"201900023978";"138 261 271";"B01";"2";"31";"0";"2";"8";"1";"1";""
"201900023979";"138 261 268";"B01";"2";"10";"0";"2";"4";"2";"1";""
"201900023979";"138 261 269";"A01";"2";"7";"0";"2";"1";"2";"1";""
"201900023980";"138 261 267";"A01";"1";"7";"4";"0";"1";"16";"1";""
"201900023981";"138 261 266";"A01";"2";"7";"4";"0";"2";"1";"1";""
"201900023982";"138 261 265";"A01";"2";"7";"4";"0";"1";"2";"1";""
"201900023983";"138 261 264";"A01";"2";"7";"13";"0";"9";"2";"1";""
"201900023984";"138 261 262";"B01";"2";"7";"0";"2";"4";"2";"1";""
"201900023984";"138 261 263";"A01";"2";"7";"0";"2";"1";"2";"1";""
"201900023985";"138 261 259";"A01";"1";"10";"0";"2";"1";"0";"1";""
"201900023985";"138 261 260";"C01";"1";"7";"0";"2";"8";"0";"1";""
"201900023985";"138 261 261";"B01";"1";"7";"0";"2";"4";"1";"1";""
"201900023986";"138 261 257";"A01";"2";"7";"0";"2";"7";"14";"1";""
"201900023986";"138 261 258";"B01";"2";"7";"0";"2";"8";"1";"1";""
"201900023987";"138 261 252";"A01";"1";"31";"0";"6";"1";"3";"1";""
"201900023987";"138 261 253";"B01";"1";"7";"0";"2";"0";"0";"1";""
"201900023988";"138 261 250";"B01";"1";"7";"0";"0";"3";"0";"0";""
"201900023988";"138 261 251";"A01";"1";"7";"3";"2";"2";"9";"1";""
"201900023989";"138 261 248";"B01";"2";"7";"0";"2";"4";"23";"1";""
"201900023989";"138 261 249";"A01";"2";"7";"0";"2";"1";"2";"1";""
"201900023990";"138 261 243";"A01";"1";"7";"3";"0";"7";"1";"1";""
"201900023991";"138 261 242";"A01";"3";"10";"0";"1";"7";"16";"1";""
"201900023992";"138 261 241";"A01";"2";"7";"8";"0";"1";"14";"1";""
"201900023993";"138 261 239";"A01";"2";"7";"0";"2";"1";"2";"2";""
"201900023993";"138 261 240";"B01";"2";"10";"0";"2";"4";"2";"1";""
"201900023994";"138 261 236";"A01";"1";"32";"5";"6";"3";"26";"6";""
"201900023995";"138 261 234";"A01";"1";"7";"0";"2";"3";"15";"1";""
"201900023995";"138 261 235";"B01";"2";"2";"0";"2";"1";"1";"1";""
"201900023996";"138 261 232";"B01";"1";"10";"0";"2";"3";"15";"1";""
"201900023996";"138 261 233";"A01";"1";"30";"0";"2";"1";"17";"1";""
"201900023997";"138 261 230";"Z01";"1";"7";"0";"2";"8";"3";"1";""
"201900023997";"138 261 231";"A01";"1";"7";"0";"2";"1";"15";"1";""
"201900023998";"138 261 229";"A01";"2";"32";"0";"0";"8";"21";"1";""
"201900023999";"138 261 227";"B01";"2";"1";"0";"2";"1";"19";"5";""
"201900023999";"138 261 228";"A01";"2";"10";"0";"2";"7";"16";"2";""
"201900024000";"138 261 226";"A01";"1";"32";"0";"6";"1";"8";"0";""
"201900024001";"138 261 224";"B01";"3";"7";"0";"2";"1";"16";"1";""
"201900024001";"138 261 225";"A01";"1";"7";"0";"2";"3";"17";"1";""
"201900024002";"138 261 222";"B01";"1";"31";"0";"2";"1";"2";"1";""
"201900024002";"138 261 223";"A01";"1";"20";"0";"2";"5";"26";"1";""
"201900024003";"138 261 220";"B01";"1";"7";"0";"2";"2";"9";"1";""
"201900024003";"138 261 221";"A01";"1";"30";"1";"2";"2";"9";"1";""
"201900024004";"138 261 216";"B01";"1";"7";"9";"0";"1";"21";"1";""
"201900024004";"138 261 217";"A01";"1";"2";"12";"0";"4";"26";"1";""
"201900024005";"138 261 214";"A01";"0";"7";"0";"2";"2";"1";"1";""
"201900024005";"138 261 215";"B01";"0";"7";"0";"2";"4";"1";"1";""
"201900024006";"138 261 213";"A01";"0";"7";"0";"1";"0";"1";"1";""
"201900024007";"138 261 212";"A01";"1";"32";"11";"0";"1";"1";"1";""
"201900024008";"138 261 210";"A01";"2";"7";"0";"2";"7";"15";"1";""
"201900024008";"138 261 211";"B01";"1";"33";"0";"2";"1";"1";"1";""
"201900024009";"138 261 206";"A01";"1";"7";"0";"1";"1";"1";"1";""
"201900024010";"138 261 203";"A01";"1";"7";"0";"2";"3";"17";"1";""
"201900024010";"138 261 204";"C01";"2";"7";"0";"2";"1";"1";"1";""
"201900024010";"138 261 205";"B01";"2";"7";"0";"2";"3";"1";"1";""
"201900024011";"138 261 201";"B01";"0";"7";"0";"0";"0";"0";"1";""
"201900024011";"138 261 202";"A01";"0";"7";"0";"2";"2";"13";"1";""
"201900024012";"138 261 199";"A01";"1";"7";"1";"0";"1";"14";"1";""
"201900024013";"138 261 198";"A01";"0";"7";"3";"0";"2";"14";"1";""
"201900024014";"138 261 196";"A01";"3";"7";"0";"2";"3";"15";"1";""
"201900024014";"138 261 197";"B01";"2";"7";"0";"2";"3";"1";"0";""
"201900024015";"138 261 192";"B01";"2";"7";"0";"0";"0";"0";"1";""
"201900024015";"138 261 193";"A01";"1";"1";"0";"2";"0";"1";"5";""
"201900024016";"138 261 191";"A01";"1";"7";"0";"1";"1";"1";"1";""
"201900024017";"138 261 190";"A01";"2";"7";"14";"1";"3";"15";"1";""
"201900024018";"138 261 188";"B01";"2";"2";"0";"2";"1";"1";"1";""
"201900024018";"138 261 189";"A01";"1";"7";"0";"2";"3";"13";"1";""
"201900024019";"138 261 186";"B01";"1";"2";"0";"2";"3";"1";"1";""
"201900024019";"138 261 187";"A01";"1";"7";"0";"2";"2";"16";"1";""
"201900024020";"138 261 185";"A01";"1";"32";"0";"0";"8";"15";"1";""
"201900024021";"138 261 184";"A01";"1";"7";"17";"0";"2";"1";"1";""
"201900024022";"138 261 179";"A01";"3";"7";"0";"1";"1";"2";"0";""
"201900024023";"138 261 178";"A01";"2";"7";"8";"0";"7";"16";"1";""
"201900024024";"138 261 177";"A01";"1";"30";"16";"0";"0";"1";"1";""
"201900024025";"138 261 175";"B01";"1";"7";"0";"2";"4";"1";"1";""
"201900024025";"138 261 176";"A01";"1";"2";"0";"2";"1";"1";"1";""
"201900024026";"138 261 174";"A01";"0";"7";"0";"1";"1";"1";"1";""
"201900024027";"138 261 173";"A01";"1";"7";"0";"1";"4";"4";"1";""
"201900024028";"138 261 171";"B01";"1";"2";"0";"2";"8";"15";"0";""
"201900024028";"138 261 172";"A01";"1";"2";"0";"2";"1";"1";"0";""
"201900024029";"138 261 168";"C01";"1";"7";"0";"2";"4";"1";"1";""
"201900024029";"138 261 169";"B01";"1";"7";"0";"2";"1";"1";"1";""
"201900024029";"138 261 170";"A01";"1";"7";"0";"2";"1";"1";"1";""
"201900024030";"138 261 167";"A01";"1";"7";"0";"1";"1";"1";"1";""
"201900024031";"138 261 166";"A01";"0";"7";"0";"1";"3";"15";"0";""
"201900024032";"138 261 164";"B01";"2";"1";"0";"2";"8";"1";"5";""
"201900024032";"138 261 165";"A01";"1";"7";"0";"2";"1";"15";"1";""
"201900024033";"138 261 163";"A01";"1";"7";"0";"1";"1";"1";"1";""
"201900024034";"138 261 162";"A01";"1";"7";"0";"1";"1";"9";"1";""
"201900024035";"138 261 160";"A01";"1";"7";"0";"2";"1";"2";"1";""
"201900024035";"138 261 161";"B01";"1";"7";"0";"2";"5";"2";"1";""
"201900024036";"138 261 159";"A01";"0";"30";"8";"0";"1";"13";"1";""
"201900024037";"138 261 156";"C01";"1";"7";"0";"2";"4";"15";"1";""
"201900024037";"138 261 157";"B01";"2";"7";"0";"2";"9";"1";"1";""
"201900024037";"138 261 158";"A01";"2";"14";"0";"2";"1";"2";"1";""
"201900024038";"138 261 154";"Z01";"1";"7";"0";"2";"6";"11";"0";""
"201900024038";"138 261 155";"B01";"1";"7";"0";"2";"2";"1";"1";""
"201900024039";"138 261 152";"A01";"2";"7";"0";"2";"2";"5";"1";""
"201900024039";"138 261 153";"B01";"1";"31";"0";"2";"1";"1";"1";""
"201900024040";"138 261 150";"B01";"3";"33";"0";"2";"1";"1";"1";""
"201900024040";"138 261 151";"A01";"0";"1";"0";"2";"8";"19";"5";""
"201900024041";"138 261 148";"B01";"2";"30";"0";"2";"1";"1";"1";""
"201900024041";"138 261 149";"A01";"1";"7";"0";"2";"3";"15";"1";""
"201900024042";"138 261 146";"A01";"3";"7";"0";"2";"3";"9";"1";""
"201900024042";"138 261 147";"B01";"3";"7";"0";"2";"8";"1";"1";""
"201900024043";"138 261 144";"A01";"1";"7";"0";"2";"1";"2";"1";""
"201900024043";"138 261 145";"B01";"1";"10";"0";"2";"4";"2";"1";""
"201900024044";"138 261 143";"A01";"0";"7";"0";"0";"9";"1";"1";""
"201900024045";"138 261 141";"A01";"1";"7";"0";"2";"1";"1";"1";""
"201900024045";"138 261 142";"B01";"1";"7";"0";"2";"4";"2";"1";""
"201900024046";"138 261 139";"B01";"0";"7";"0";"2";"0";"1";"1";""
"201900024046";"138 261 140";"A01";"0";"7";"0";"2";"1";"1";"1";""
"201900024047";"138 261 137";"A01";"1";"7";"6";"0";"2";"17";"1";""
"201900024048";"138 261 135";"A01";"2";"7";"0";"2";"1";"10";"1";""
"201900024048";"138 261 136";"B01";"2";"7";"0";"2";"2";"1";"1";""
"201900024049";"138 261 134";"A01";"1";"7";"0";"1";"2";"1";"1";""
"201900024050";"138 261 126";"A01";"2";"7";"0";"1";"1";"2";"1";""
"201900024051";"138 261 124";"B01";"2";"10";"0";"0";"8";"1";"1";""
"201900024051";"138 261 125";"A01";"2";"37";"0";"2";"1";"1";"1";"7"
"201900024052";"138 261 122";"A01";"3";"10";"0";"2";"1";"1";"1";""
"201900024052";"138 261 123";"B01";"3";"33";"0";"2";"1";"17";"1";""
"201900024053";"138 261 118";"B01";"1";"14";"0";"2";"4";"2";"1";""
"201900024053";"138 261 119";"A01";"1";"14";"0";"2";"1";"2";"1";""
"201900024054";"138 261 117";"A01";"2";"30";"14";"0";"1";"26";"1";""
"201900024055";"138 261 115";"A01";"2";"7";"0";"2";"1";"2";"1";""
"201900024055";"138 261 116";"B01";"2";"7";"0";"2";"4";"23";"1";""
"201900024056";"138 261 114";"A01";"2";"7";"7";"0";"3";"13";"1";""
"201900024057";"138 261 112";"A01";"1";"14";"0";"2";"7";"1";"1";""
"201900024057";"138 261 113";"B01";"1";"34";"0";"2";"3";"21";"1";""
"201900024058";"138 261 111";"A01";"1";"7";"0";"1";"1";"1";"1";""
"201900024059";"138 261 107";"B01";"2";"7";"0";"2";"8";"15";"1";""
"201900024059";"138 261 108";"A01";"2";"7";"0";"2";"1";"1";"1";""
"201900024060";"138 261 105";"A01";"1";"7";"0";"2";"2";"9";"1";""
"201900024060";"138 261 106";"B01";"2";"1";"0";"2";"5";"5";"5";""
"201900024061";"138 261 103";"A01";"1";"7";"0";"2";"7";"11";"1";""
"201900024061";"138 261 104";"B01";"1";"30";"0";"2";"8";"1";"1";""
"201900024062";"138 261 102";"A01";"3";"7";"6";"0";"1";"1";"1";""
"201900024063";"138 261 101";"A01";"2";"7";"0";"1";"5";"20";"1";""
"201900024064";"138 261 098";"A01";"1";"33";"0";"2";"4";"23";"1";""
"201900024064";"138 261 099";"B01";"1";"37";"0";"2";"5";"23";"1";"1"
"201900024064";"138 261 100";"Z01";"2";"7";"0";"2";"0";"1";"0";""
"201900024065";"138 261 097";"A01";"1";"7";"0";"1";"3";"1";"2";""
"201900024066";"138 261 096";"A01";"2";"33";"0";"1";"1";"1";"1";""
"201900024067";"138 261 094";"A01";"3";"37";"0";"2";"0";"8";"1";"1"
"201900024067";"138 261 095";"B01";"3";"7";"0";"2";"1";"19";"1";""
"201900024068";"138 261 092";"A01";"0";"30";"0";"2";"1";"17";"1";""
"201900024068";"138 261 093";"B01";"2";"7";"0";"2";"8";"15";"1";""
"201900024069";"138 261 088";"A01";"1";"7";"0";"2";"1";"26";"1";""
"201900024069";"138 261 089";"B01";"1";"7";"14";"0";"4";"0";"1";""
"201900024069";"138 261 090";"C01";"1";"7";"14";"2";"4";"2";"1";""
"201900024069";"138 261 091";"D01";"1";"7";"14";"2";"4";"2";"1";""
"201900024070";"138 261 087";"A01";"1";"37";"12";"1";"2";"26";"6";"2"
"201900024071";"138 261 086";"A01";"1";"7";"2";"0";"1";"1";"1";""
"201900024072";"138 261 080";"A01";"1";"7";"0";"1";"6";"20";"1";""
"201900024073";"138 261 079";"A01";"1";"10";"0";"2";"2";"1";"1";""
"201900024074";"138 261 078";"A01";"1";"30";"0";"1";"1";"26";"3";""
"201900024075";"138 261 076";"B01";"1";"7";"0";"2";"3";"16";"1";""
"201900024075";"138 261 077";"A01";"2";"7";"0";"2";"2";"1";"1";""
"201900024076";"138 261 075";"A01";"1";"7";"0";"1";"0";"19";"1";""
"201900024077";"138 261 073";"B01";"1";"33";"0";"2";"1";"3";"1";""
"201900024077";"138 261 074";"A01";"1";"7";"0";"2";"5";"2";"1";""
"201900024078";"138 261 072";"A01";"1";"33";"13";"0";"1";"1";"1";""
"201900024079";"138 261 070";"A01";"2";"7";"0";"2";"1";"17";"1";""
"201900024079";"138 261 071";"B01";"1";"7";"0";"2";"1";"1";"1";""
"201900024080";"138 261 068";"A01";"1";"7";"0";"2";"8";"1";"1";""
"201900024080";"138 261 069";"B01";"1";"80";"0";"2";"7";"1";"3";""
"201900024081";"138 261 067";"A01";"3";"7";"0";"1";"3";"1";"1";""
"201900024082";"138 261 066";"A01";"3";"7";"13";"0";"8";"13";"1";""
"201900024083";"138 261 064";"A01";"2";"7";"0";"0";"5";"1";"1";""
"201900024083";"138 261 065";"B01";"2";"7";"3";"2";"3";"1";"1";""
"201900024084";"138 261 062";"B01";"1";"7";"0";"2";"1";"1";"1";""
"201900024084";"138 261 063";"A01";"1";"7";"0";"2";"1";"13";"1";""
"201900024085";"138 261 061";"A01";"2";"7";"8";"0";"1";"1";"1";""
"201900024086";"138 261 060";"A01";"2";"7";"2";"0";"7";"14";"1";""
"201900024087";"138 261 057";"B01";"2";"7";"0";"2";"3";"21";"1";""
"201900024087";"138 261 058";"C01";"2";"7";"0";"2";"1";"1";"1";""
"201900024087";"138 261 059";"A01";"1";"7";"0";"2";"3";"13";"1";""
"201900024088";"138 261 055";"B01";"0";"31";"0";"2";"8";"1";"1";""
"201900024088";"138 261 056";"A01";"3";"7";"0";"2";"1";"1";"1";""
"201900024089";"138 261 053";"B01";"1";"2";"0";"2";"7";"1";"1";""
"201900024089";"138 261 054";"A01";"1";"10";"0";"2";"2";"9";"1";""
"201900024090";"138 261 051";"A01";"3";"7";"0";"2";"1";"9";"1";""
"201900024090";"138 261 052";"B01";"1";"7";"0";"2";"2";"1";"1";""
"201900024091";"138 261 049";"A01";"2";"7";"0";"2";"1";"19";"1";""
"201900024091";"138 261 050";"B01";"1";"2";"0";"2";"2";"1";"1";""
"201900024092";"138 261 046";"A01";"2";"15";"0";"2";"1";"1";"1";""
"201900024092";"138 261 047";"B01";"2";"10";"0";"2";"4";"1";"1";""
"201900024092";"138 261 048";"C01";"2";"21";"0";"0";"4";"1";"1";""
"201900024093";"138 261 044";"A01";"2";"10";"0";"2";"3";"13";"1";""
"201900024093";"138 261 045";"B01";"1";"7";"2";"2";"3";"1";"1";""
"201900024094";"138 261 043";"A01";"1";"7";"13";"0";"1";"1";"1";""
"201900024095";"138 261 041";"B01";"1";"7";"0";"2";"3";"15";"1";""
"201900024095";"138 261 042";"A01";"1";"33";"10";"2";"1";"17";"1";""
"201900024096";"138 261 040";"A01";"0";"7";"0";"1";"2";"1";"1";""
"201900024097";"138 261 039";"A01";"1";"7";"8";"0";"1";"13";"1";""
"201900024098";"138 261 037";"A01";"2";"1";"0";"2";"4";"2";"5";""
"201900024098";"138 261 038";"B01";"2";"7";"0";"2";"2";"2";"1";""
"201900024099";"138 261 034";"A01";"3";"31";"0";"0";"0";"1";"1";""
"201900024100";"138 261 031";"A01";"1";"17";"0";"2";"4";"24";"1";""
"201900024100";"138 261 032";"C01";"1";"7";"1";"0";"2";"1";"1";""
"201900024100";"138 261 033";"B01";"1";"7";"0";"2";"2";"2";"1";""
"201900024101";"138 261 027";"A01";"2";"10";"0";"2";"1";"2";"1";""
"201900024101";"138 261 028";"B01";"2";"17";"0";"0";"6";"1";"1";""
"201900024101";"138 261 029";"D01";"2";"7";"14";"0";"1";"1";"1";""
"201900024101";"138 261 030";"E01";"2";"7";"14";"0";"1";"1";"1";""
"201900024102";"138 261 026";"A01";"2";"7";"4";"0";"2";"1";"1";""
"201900024103";"138 261 024";"B01";"1";"7";"0";"2";"3";"17";"1";""
"201900024103";"138 261 025";"A01";"2";"7";"0";"2";"1";"26";"1";""
"201900024104";"138 261 021";"A01";"1";"10";"0";"2";"3";"13";"0";""
"201900024104";"138 261 022";"B01";"2";"7";"0";"2";"1";"1";"0";""
"201900024104";"138 261 023";"C01";"1";"7";"0";"2";"1";"2";"0";""
"201900024105";"138 261 019";"B01";"1";"7";"0";"2";"1";"1";"0";""
"201900024105";"138 261 020";"A01";"2";"7";"0";"2";"1";"5";"0";""
"201900024106";"138 261 017";"B01";"1";"3";"0";"0";"6";"1";"1";""
"201900024106";"138 261 018";"A01";"1";"7";"0";"2";"2";"12";"1";""
"201900024107";"138 261 016";"A01";"1";"2";"0";"1";"1";"2";"1";""
"201900024108";"138 261 013";"A01";"1";"7";"0";"2";"1";"5";"1";""
"201900024108";"138 261 014";"B01";"2";"10";"0";"2";"6";"1";"1";""
"201900024108";"138 261 015";"C01";"2";"10";"0";"2";"1";"1";"1";""
"201900024109";"138 261 011";"A01";"1";"7";"0";"2";"3";"10";"1";""
"201900024109";"138 261 012";"B01";"1";"10";"0";"2";"2";"1";"1";""
"201900024110";"138 261 009";"A01";"2";"3";"0";"9";"2";"2";"1";""
"201900024110";"138 261 010";"B01";"2";"1";"0";"2";"4";"2";"5";""
"201900024111";"138 261 005";"Z01";"1";"7";"0";"2";"2";"17";"1";""
"201900024111";"138 261 006";"B01";"1";"7";"0";"2";"6";"1";"1";""
"201900024112";"138 261 004";"A01";"1";"17";"6";"0";"2";"14";"1";""
"201900024113";"138 261 003";"A01";"1";"7";"3";"0";"2";"16";"1";""
"201900024114";"138 261 001";"B01";"1";"7";"0";"2";"3";"26";"1";""
"201900024114";"138 261 002";"A01";"1";"7";"0";"2";"3";"26";"1";""
"201900024115";"138 261 000";"A01";"1";"7";"3";"0";"3";"26";"1";""
"201900024116";"138 260 998";"Z01";"2";"7";"0";"2";"1";"0";"0";""
"201900024116";"138 260 999";"A01";"2";"7";"0";"2";"4";"1";"1";""
"201900024117";"138 260 993";"A01";"1";"10";"0";"2";"1";"2";"1";""
"201900024117";"138 260 994";"B01";"1";"7";"0";"2";"4";"2";"1";""
"201900024117";"138 260 995";"C01";"1";"7";"0";"2";"4";"2";"1";""
"201900024117";"138 260 996";"D01";"1";"7";"0";"2";"4";"2";"1";""
"201900024117";"138 260 997";"E01";"1";"7";"0";"2";"4";"2";"1";""
"201900024118";"138 260 991";"A01";"1";"7";"0";"2";"3";"1";"1";""
"201900024118";"138 260 992";"B01";"1";"7";"13";"2";"9";"1";"1";""
"201900024119";"138 260 990";"A01";"2";"10";"4";"0";"2";"1";"1";""
"201900024120";"138 260 986";"B01";"1";"17";"0";"2";"2";"1";"1";""
"201900024120";"138 260 987";"D01";"1";"17";"0";"2";"1";"1";"1";""
"201900024120";"138 260 988";"A01";"1";"7";"0";"2";"8";"13";"1";""
"201900024120";"138 260 989";"C01";"1";"17";"0";"2";"1";"1";"1";""
"201900024121";"138 260 983";"A01";"1";"7";"0";"2";"1";"9";"1";""
"201900024121";"138 260 984";"B01";"1";"2";"0";"0";"4";"23";"1";""
"201900024121";"138 260 985";"C01";"1";"7";"0";"0";"6";"23";"1";""
"201900024122";"138 260 981";"A01";"3";"7";"0";"0";"1";"1";"1";""
"201900024122";"138 260 982";"B01";"3";"33";"0";"2";"4";"23";"1";""
"201900024123";"138 260 980";"A01";"1";"10";"1";"1";"8";"26";"1";""
"201900024124";"138 260 979";"A01";"1";"33";"0";"0";"7";"26";"6";""
"201900024125";"138 260 978";"A01";"2";"2";"0";"0";"0";"2";"1";""
"201900024126";"138 260 976";"B01";"1";"7";"0";"2";"4";"1";"0";""
"201900024126";"138 260 977";"A01";"1";"7";"0";"2";"1";"1";"0";""
"201900024127";"138 260 974";"B01";"2";"31";"0";"2";"1";"1";"1";""
"201900024127";"138 260 975";"A01";"1";"7";"0";"2";"5";"10";"1";""
"201900024128";"138 260 972";"A01";"1";"7";"0";"2";"1";"19";"1";""
"201900024128";"138 260 973";"B01";"2";"7";"0";"2";"8";"1";"1";""
"201900024129";"138 260 970";"B01";"1";"7";"0";"2";"3";"1";"1";""
"201900024129";"138 260 971";"A01";"2";"7";"0";"2";"3";"17";"1";""
"201900024130";"138 260 969";"A01";"2";"7";"0";"0";"9";"1";"1";""
"201900024131";"138 260 966";"A01";"2";"7";"0";"2";"2";"1";"1";""
"201900024131";"138 260 967";"B01";"3";"1";"0";"2";"1";"1";"5";""
"201900024132";"138 260 964";"B01";"1";"15";"0";"2";"1";"1";"1";""
"201900024132";"138 260 965";"A01";"1";"7";"0";"2";"8";"10";"1";""
"201900024133";"138 260 962";"B01";"2";"10";"0";"2";"6";"23";"1";""
"201900024133";"138 260 963";"A01";"2";"10";"0";"2";"3";"1";"1";""
"201900024134";"138 260 961";"A01";"2";"7";"0";"0";"9";"13";"1";""
"201900024135";"138 260 959";"B01";"1";"7";"0";"2";"5";"19";"0";""
"201900024135";"138 260 960";"A01";"1";"7";"0";"2";"1";"1";"0";""
"201900024136";"138 260 958";"A01";"3";"33";"0";"0";"0";"15";"1";""
"201900024137";"138 260 956";"B01";"2";"2";"0";"2";"1";"1";"1";""
"201900024137";"138 260 957";"A01";"1";"7";"0";"2";"5";"15";"1";""
"201900024138";"138 260 953";"A01";"2";"7";"0";"2";"8";"13";"1";""
"201900024138";"138 260 954";"B01";"1";"7";"0";"2";"1";"1";"1";""
"201900024138";"138 260 955";"C01";"1";"7";"0";"2";"1";"1";"1";""
"201900024139";"138 260 952";"A01";"2";"7";"13";"0";"1";"1";"1";""
"201900024140";"138 260 951";"A01";"2";"7";"0";"1";"2";"1";"1";""
"201900024141";"138 260 948";"C01";"2";"7";"0";"2";"1";"1";"1";""
"201900024141";"138 260 949";"B01";"2";"7";"0";"2";"1";"1";"1";""
"201900024141";"138 260 950";"A01";"1";"7";"0";"2";"1";"13";"1";""
"201900024142";"138 260 946";"A01";"2";"2";"0";"2";"1";"1";"1";""
"201900024142";"138 260 947";"B01";"3";"7";"0";"2";"5";"19";"1";""
"201900024143";"138 260 944";"B01";"2";"7";"0";"9";"3";"1";"1";""
"201900024143";"138 260 945";"A01";"1";"33";"0";"0";"8";"1";"1";""
"201900024144";"138 260 943";"A01";"2";"7";"1";"0";"2";"21";"1";""
"201900024145";"138 260 942";"A01";"1";"7";"13";"0";"1";"1";"1";""
"201900024146";"138 260 940";"A01";"1";"7";"0";"2";"1";"1";"1";""
"201900024146";"138 260 941";"B01";"2";"10";"13";"2";"1";"1";"1";""
"201900024147";"138 260 938";"B01";"3";"1";"0";"2";"1";"2";"6";""
"201900024147";"138 260 939";"A01";"3";"10";"0";"2";"3";"2";"1";""
"201900024148";"138 260 937";"A01";"0";"7";"0";"1";"1";"2";"1";""
"201900024149";"138 260 935";"B01";"2";"99";"0";"2";"3";"1";"1";""
"201900024149";"138 260 936";"A01";"1";"7";"0";"2";"3";"13";"1";""
"201900024150";"138 260 934";"A01";"2";"7";"17";"0";"1";"26";"1";""
"201900024151";"138 260 932";"B01";"2";"33";"0";"2";"1";"1";"1";""
"201900024151";"138 260 933";"A01";"1";"17";"0";"2";"3";"15";"1";""
"201900024152";"138 260 931";"A01";"2";"33";"5";"0";"8";"1";"1";""
"201900024153";"138 260 930";"A01";"2";"33";"0";"0";"7";"1";"1";""
"201900024154";"138 260 928";"B01";"2";"7";"0";"2";"5";"9";"1";""
"201900024154";"138 260 929";"A01";"2";"7";"0";"2";"3";"1";"1";""
"201900024155";"138 260 926";"A01";"0";"7";"0";"2";"2";"15";"1";""
"201900024155";"138 260 927";"B01";"0";"7";"0";"2";"3";"1";"1";""
"201900024156";"138 260 924";"B01";"3";"10";"0";"9";"6";"15";"1";""
"201900024156";"138 260 925";"A01";"3";"33";"0";"2";"1";"1";"1";""
"201900024157";"138 260 923";"A01";"3";"7";"0";"1";"1";"15";"1";""
"201900024158";"138 260 922";"A01";"3";"2";"6";"0";"1";"1";"1";""
"201900024159";"138 260 920";"B01";"2";"15";"0";"2";"3";"26";"1";""
"201900024159";"138 260 921";"A01";"1";"7";"0";"2";"3";"13";"1";""
"201900024160";"138 260 919";"A01";"3";"33";"12";"0";"6";"1";"1";""
"201900024161";"138 260 916";"C01";"2";"7";"0";"2";"1";"1";"1";""
"201900024161";"138 260 917";"B01";"2";"15";"0";"2";"4";"1";"1";""
"201900024161";"138 260 918";"A01";"2";"7";"0";"2";"1";"1";"1";""
"201900024162";"138 260 915";"A01";"1";"7";"13";"0";"0";"1";"1";""
"201900024163";"138 260 914";"A01";"3";"7";"0";"1";"1";"14";"1";""
"201900024164";"138 260 913";"A01";"1";"7";"2";"0";"0";"1";"1";""
"201900024165";"138 260 912";"A01";"3";"2";"0";"0";"0";"0";"1";""
"201900024166";"138 260 911";"A01";"2";"2";"12";"0";"7";"14";"1";""
"201900024167";"138 260 910";"A01";"1";"7";"0";"0";"0";"2";"1";""
"201900024168";"138 260 908";"A01";"2";"7";"0";"2";"8";"9";"1";""
"201900024168";"138 260 909";"B01";"1";"7";"0";"2";"1";"1";"1";""
"201900024169";"138 260 907";"A01";"3";"7";"0";"1";"2";"19";"1";""
"201900024170";"138 260 905";"B01";"2";"7";"0";"2";"3";"1";"1";""
"201900024170";"138 260 906";"A01";"1";"7";"0";"2";"3";"5";"1";""
"201900024171";"138 260 904";"A01";"2";"7";"0";"1";"1";"2";"0";""
"201900024172";"138 260 903";"A01";"3";"33";"0";"0";"8";"17";"1";""
"201900024173";"138 260 902";"A01";"2";"31";"0";"0";"0";"1";"1";""
"201900024174";"138 260 900";"A01";"3";"7";"0";"2";"1";"1";"0";""
"201900024174";"138 260 901";"B01";"3";"1";"0";"2";"2";"15";"5";""
"201900024175";"138 260 898";"A01";"2";"7";"0";"2";"1";"15";"0";""
"201900024175";"138 260 899";"B01";"1";"7";"9";"2";"1";"13";"0";""
"201900024176";"138 260 896";"A01";"1";"7";"0";"0";"2";"1";"1";""