"Num_Acc";"id_vehicule";"num_veh";"senc";"catv";"obs";"obsm";"choc";"manv";"motor";"occutc"
"201900024176";"138 260 897";"B01";"1";"7";"13";"0";"6";"1";"1";""
"201900024177";"138 260 895";"A01";"1";"7";"2";"0";"1";"1";"1";""
"201900024178";"138 260 894";"A01";"1";"7";"17";"0";"1";"0";"1";""
"201900024179";"138 260 893";"A01";"3";"7";"0";"1";"1";"1";"1";""
"201900024180";"138 260 891";"A01";"2";"7";"0";"2";"4";"1";"1";""
"201900024180";"138 260 892";"B01";"2";"7";"0";"2";"1";"14";"1";""
"201900024181";"138 260 887";"D01";"2";"7";"0";"2";"5";"1";"1";""
"201900024181";"138 260 888";"C01";"2";"7";"0";"2";"2";"1";"1";""
"201900024181";"138 260 889";"B01";"2";"33";"0";"2";"1";"3";"1";""
"201900024181";"138 260 890";"A01";"2";"7";"0";"2";"6";"11";"3";""
"201900024182";"138 260 885";"A01";"2";"7";"0";"2";"8";"1";"2";""
"201900024182";"138 260 886";"B01";"2";"7";"4";"2";"3";"13";"1";""
"201900024183";"138 260 884";"A01";"1";"7";"3";"0";"8";"2";"1";""
"201900024184";"138 260 882";"A01";"2";"10";"0";"2";"2";"14";"1";""
"201900024184";"138 260 883";"B01";"2";"17";"0";"2";"6";"1";"0";""
"201900024185";"138 260 881";"A01";"2";"7";"4";"0";"1";"13";"1";""
"201900024186";"138 260 880";"A01";"1";"33";"14";"0";"7";"1";"1";""
"201900024187";"138 260 878";"A01";"1";"7";"0";"2";"1";"2";"1";""
"201900024187";"138 260 879";"B01";"1";"7";"0";"2";"4";"1";"1";""
"201900024188";"138 260 876";"A01";"1";"7";"0";"0";"0";"14";"1";""
"201900024188";"138 260 877";"B01";"1";"33";"0";"0";"0";"3";"1";""
"201900024189";"138 260 873";"C01";"1";"7";"0";"2";"4";"2";"1";""
"201900024189";"138 260 874";"B01";"1";"7";"0";"2";"4";"2";"1";""
"201900024189";"138 260 875";"A01";"1";"7";"0";"2";"1";"1";"1";""
"201900024190";"138 260 871";"Z01";"1";"7";"0";"2";"7";"12";"0";""
"201900024190";"138 260 872";"A01";"1";"33";"0";"2";"8";"3";"1";""
"201900024191";"138 260 869";"A01";"2";"33";"4";"2";"1";"21";"1";""
"201900024191";"138 260 870";"B01";"2";"7";"0";"2";"4";"1";"2";""
"201900024192";"138 260 865";"A01";"2";"7";"0";"2";"1";"1";"1";""
"201900024192";"138 260 866";"B01";"2";"10";"0";"2";"4";"2";"1";""
"201900024193";"138 260 864";"A01";"2";"7";"4";"0";"2";"1";"1";""
"201900024194";"138 260 862";"B01";"1";"7";"0";"2";"3";"9";"1";""
"201900024194";"138 260 863";"A01";"1";"15";"0";"2";"5";"1";"1";""
"201900024195";"138 260 860";"B01";"1";"7";"0";"2";"4";"2";"1";""
"201900024195";"138 260 861";"A01";"1";"33";"0";"2";"1";"1";"3";""
"201900024196";"138 260 858";"A01";"2";"15";"0";"2";"6";"1";"1";""
"201900024196";"138 260 859";"B01";"2";"15";"0";"2";"1";"1";"1";""
"201900024197";"138 260 855";"C01";"2";"7";"0";"2";"2";"23";"1";""
"201900024197";"138 260 856";"B01";"2";"7";"0";"2";"8";"11";"1";""
"201900024197";"138 260 857";"A01";"2";"33";"0";"2";"1";"3";"1";""
"201900024198";"138 260 853";"A01";"2";"7";"0";"2";"3";"11";"1";""
"201900024198";"138 260 854";"B01";"2";"33";"0";"2";"1";"1";"1";""
"201900024199";"138 260 852";"A01";"1";"7";"6";"0";"1";"14";"1";""
"201900024200";"138 260 850";"Y01";"1";"7";"0";"1";"2";"15";"1";""
"201900024200";"138 260 851";"B01";"1";"7";"0";"1";"2";"15";"1";""
"201900024201";"138 260 849";"A01";"1";"10";"0";"1";"1";"26";"0";""
"201900024202";"138 260 848";"A01";"1";"7";"0";"1";"2";"1";"1";""
"201900024203";"138 260 846";"A01";"1";"7";"0";"2";"1";"1";"1";""
"201900024203";"138 260 847";"B01";"1";"7";"0";"2";"4";"1";"1";""
"201900024204";"138 260 844";"B01";"1";"7";"0";"2";"2";"1";"1";""
"201900024204";"138 260 845";"A01";"1";"1";"0";"2";"1";"1";"5";""
"201900024205";"138 260 842";"B01";"3";"7";"0";"2";"1";"9";"1";""
"201900024205";"138 260 843";"A01";"3";"1";"0";"2";"1";"1";"5";""
"201900024206";"138 260 840";"B01";"1";"1";"0";"2";"1";"25";"5";""
"201900024206";"138 260 841";"A01";"1";"7";"0";"2";"1";"9";"1";""
"201900024207";"138 260 838";"B01";"3";"7";"0";"2";"3";"1";"1";""
"201900024207";"138 260 839";"A01";"3";"7";"0";"2";"3";"13";"1";""
"201900024208";"138 260 836";"B01";"1";"7";"0";"2";"3";"0";"1";""
"201900024208";"138 260 837";"A01";"2";"7";"0";"2";"3";"0";"1";""
"201900024209";"138 260 835";"A01";"1";"7";"0";"1";"1";"5";"1";""
"201900024210";"138 260 829";"A01";"3";"7";"3";"0";"1";"2";"1";""
"201900024211";"138 260 827";"A01";"1";"30";"0";"2";"7";"9";"1";""
"201900024211";"138 260 828";"B01";"1";"7";"0";"2";"3";"1";"1";""
"201900024212";"138 260 826";"A01";"1";"7";"0";"1";"1";"15";"1";""
"201900024213";"138 260 824";"B01";"1";"7";"0";"2";"2";"19";"0";""
"201900024213";"138 260 825";"A01";"2";"50";"0";"2";"1";"7";"3";""
"201900024214";"138 260 823";"A01";"1";"7";"0";"1";"1";"15";"0";""
"201900024215";"138 260 822";"A01";"3";"1";"0";"0";"0";"1";"5";""
"201900024216";"138 260 820";"A01";"2";"7";"0";"2";"3";"15";"1";""
"201900024216";"138 260 821";"B01";"2";"30";"0";"2";"3";"10";"1";""
"201900024217";"138 260 818";"A01";"1";"7";"0";"2";"4";"26";"1";""
"201900024217";"138 260 819";"B01";"2";"20";"0";"2";"0";"0";"0";""
"201900024218";"138 260 816";"A01";"2";"7";"0";"2";"3";"15";"1";""
"201900024218";"138 260 817";"B01";"2";"33";"0";"2";"7";"3";"1";""
"201900024219";"138 260 813";"C01";"2";"7";"0";"2";"4";"23";"1";""
"201900024219";"138 260 814";"B01";"2";"7";"0";"2";"4";"23";"1";""
"201900024219";"138 260 815";"A01";"2";"7";"0";"2";"1";"1";"1";""
"201900024220";"138 260 811";"A01";"1";"7";"0";"2";"7";"16";"1";""
"201900024220";"138 260 812";"B01";"3";"32";"0";"2";"8";"1";"1";""
"201900024221";"138 260 809";"B01";"2";"31";"0";"2";"1";"1";"1";""
"201900024221";"138 260 810";"A01";"0";"7";"0";"2";"6";"15";"1";""
"201900024222";"138 260 807";"B01";"1";"7";"0";"2";"4";"23";"1";""
"201900024222";"138 260 808";"A01";"1";"7";"0";"2";"1";"12";"1";""
"201900024223";"138 260 804";"C01";"3";"7";"0";"2";"6";"23";"0";""
"201900024223";"138 260 805";"B01";"3";"7";"0";"2";"8";"23";"1";""
"201900024223";"138 260 806";"A01";"3";"7";"0";"2";"2";"5";"1";""
"201900024224";"138 260 803";"A01";"3";"33";"0";"0";"0";"21";"1";""
"201900024225";"138 260 801";"A01";"1";"3";"0";"2";"5";"15";"1";""
"201900024225";"138 260 802";"B01";"2";"33";"0";"2";"1";"3";"1";""
"201900024226";"138 260 798";"B01";"1";"7";"0";"2";"4";"2";"0";""
"201900024226";"138 260 799";"C01";"1";"7";"0";"2";"4";"2";"1";""
"201900024226";"138 260 800";"A01";"1";"7";"0";"2";"1";"1";"0";""
"201900024227";"138 260 797";"A01";"3";"13";"0";"1";"4";"20";"1";""
"201900024228";"138 260 793";"B01";"2";"7";"0";"2";"6";"23";"1";""
"201900024228";"138 260 794";"A01";"2";"33";"0";"2";"1";"2";"1";""
"201900024229";"138 260 791";"B01";"0";"10";"0";"2";"7";"19";"1";""
"201900024229";"138 260 792";"A01";"0";"33";"0";"2";"1";"1";"1";""
"201900024230";"138 260 789";"A01";"1";"7";"0";"2";"1";"2";"1";""
"201900024230";"138 260 790";"B01";"1";"7";"0";"2";"4";"23";"1";""
"201900024231";"138 260 788";"A01";"1";"33";"0";"0";"8";"1";"1";""
"201900024232";"138 260 785";"B01";"2";"33";"0";"2";"1";"1";"1";""
"201900024232";"138 260 786";"A01";"1";"7";"0";"2";"5";"15";"1";""
"201900024233";"138 260 784";"A01";"1";"7";"0";"1";"0";"16";"1";""
"201900024234";"138 260 782";"A01";"2";"34";"0";"2";"6";"26";"1";""
"201900024234";"138 260 783";"B01";"2";"7";"0";"0";"6";"13";"1";""
"201900024235";"138 260 779";"A01";"0";"7";"0";"1";"1";"1";"1";""
"201900024236";"138 260 778";"A01";"0";"30";"0";"1";"0";"1";"1";""
"201900024237";"138 260 774";"E01";"2";"7";" -1";" -1";" -1";" -1";" -1";""
"201900024237";"138 260 775";"D01";"2";"7";"0";"2";"4";"0";"1";""
"201900024237";"138 260 776";"C01";"2";"37";"0";"2";"3";"0";"1";"1"
"201900024237";"138 260 777";"B01";"2";"7";"0";"2";"4";"1";"0";""
"201900024238";"138 260 773";"A01";"3";"99";"15";"0";"0";"26";"0";""
"201900024239";"138 260 771";"Z01";"2";"7";"0";"1";"1";"1";"0";""
"201900024240";"138 260 768";"A01";"0";"7";"0";"2";"0";"11";"1";""
"201900024240";"138 260 769";"B01";"0";"33";"0";"2";"8";"21";"1";""
"201900024240";"138 260 770";"C01";"0";"7";"0";"2";"4";"1";"1";""
"201900024241";"138 260 767";"A01";"3";"7";"0";"1";"1";"1";"1";""
"201900024242";"138 260 765";"B01";"1";"7";"0";"0";"4";"23";"0";""
"201900024242";"138 260 766";"A01";"1";"7";"0";"2";"1";"23";"0";""
"201900024243";"138 260 764";"A01";"2";"7";"0";"1";"0";"1";"1";""
"201900024244";"138 260 763";"A01";"1";"1";"0";"1";"1";"1";"5";""
"201900024245";"138 260 762";"A01";"1";"3";"0";"1";"1";"1";"1";""
"201900024246";"138 260 760";"A01";"1";"30";"0";"2";"1";"1";"1";""
"201900024246";"138 260 761";"B01";"1";"7";"0";"2";"2";"1";"1";""
"201900024247";"138 260 759";"A01";"2";"7";"12";"0";"3";"1";"1";""
"201900024248";"138 260 757";"B01";"2";"2";"0";"2";"1";"1";"1";""
"201900024248";"138 260 758";"A01";"2";"7";"0";"2";"8";"9";"1";""
"201900024249";"138 260 755";"B01";"2";"1";"0";"2";"8";"1";"5";""
"201900024249";"138 260 756";"Z01";"2";"7";"0";"2";"7";"14";"1";""
"201900024250";"138 260 749";"B01";"2";"10";"0";"2";"1";"1";"1";""
"201900024250";"138 260 750";"A01";"2";"7";"0";"2";"8";"13";"1";""
"201900024251";"138 260 748";"A01";"1";"33";"0";"0";"8";"15";"1";""
"201900024252";"138 260 747";"A01";"2";"10";"0";"1";"1";"16";"1";""
"201900024253";"138 260 746";"A01";"3";"30";"14";"0";"1";"26";"1";""
"201900024254";"138 260 744";"B01";"2";"7";"0";"2";"1";"1";"1";""
"201900024254";"138 260 745";"A01";"1";"30";"0";"2";"1";"15";"1";""
"201900024255";"138 260 743";"A01";"2";"7";"13";"0";"1";"13";"1";""
"201900024256";"138 260 742";"A01";"1";"10";"0";"1";"1";"15";"1";""
"201900024257";"138 260 739";"A01";"0";"7";"0";"2";"5";"15";"1";""
"201900024257";"138 260 740";"C01";"0";"7";"0";"2";"1";"1";"2";""
"201900024257";"138 260 741";"B01";"1";"33";"0";"2";"1";"1";"3";""
"201900024258";"138 260 735";"A01";"2";"7";"0";"2";"1";"1";"1";""
"201900024258";"138 260 736";"B01";"2";"7";"0";"2";"4";"1";"1";""
"201900024258";"138 260 737";"C01";"2";"7";"0";"2";"4";"1";"1";""
"201900024258";"138 260 738";"D01";"2";"7";"0";"2";"4";"23";"1";""
"201900024259";"138 260 733";"B01";"3";"7";"0";"2";"1";"26";"1";""
"201900024259";"138 260 734";"A01";"3";"7";"0";"2";"3";"26";"1";""
"201900024260";"138 260 731";"A01";"1";"7";"0";"2";"1";"1";"1";""
"201900024260";"138 260 732";"B01";"2";"7";"0";"2";"2";"1";"1";""
"201900024261";"138 260 729";"A01";"1";"7";"0";"2";"1";"13";"1";""
"201900024261";"138 260 730";"B01";"2";"17";"0";"2";"6";"1";"1";""
"201900024262";"138 260 727";"B01";"1";"30";"0";"2";"1";"1";"1";""
"201900024262";"138 260 728";"A01";"2";"7";"0";"2";"3";"9";"1";""
"201900024263";"138 260 726";"A01";"1";"10";"0";"2";"4";"23";"1";""
"201900024264";"138 260 724";"A01";"3";"7";"1";"0";"2";"1";"1";""
"201900024265";"138 260 723";"A01";"1";"1";"0";"0";"1";"15";"5";""
"201900024266";"138 260 721";"B01";"2";"7";"0";"2";"8";"1";"1";""
"201900024266";"138 260 722";"A01";"2";"34";"0";"2";"1";"1";"1";""
"201900024267";"138 260 719";"A01";"1";"31";"0";"2";"1";"1";"1";""
"201900024267";"138 260 720";"B01";"1";"7";"0";"2";"4";"1";"1";""
"201900024268";"138 260 717";"A01";"1";"33";"0";"2";"9";"17";"1";""
"201900024268";"138 260 718";"B01";"1";"7";"0";"2";"6";"1";"1";""
"201900024269";"138 260 715";"B01";"1";"33";"0";"2";"0";"1";"1";""
"201900024269";"138 260 716";"A01";"1";"7";"0";"2";"1";"9";"1";""
"201900024270";"138 260 714";"A01";"1";"7";"1";"0";"2";"14";"1";""
"201900024271";"138 260 712";"A01";"2";"32";"13";"0";"7";"13";"1";""
"201900024272";"138 260 710";"B01";"3";"7";"0";"0";"5";"1";"1";""
"201900024272";"138 260 711";"A01";"3";"7";"0";"2";"3";"9";"1";""
"201900024273";"138 260 709";"A01";"3";"7";"0";"1";"2";"15";"1";""
"201900024274";"138 260 707";"B01";"3";"10";"0";"1";"4";"2";"1";""
"201900024274";"138 260 708";"A01";"3";"10";"0";"2";"1";"2";"1";""
"201900024275";"138 260 703";"A01";"2";"7";"0";"2";"1";"26";"1";""
"201900024275";"138 260 704";"B01";"2";"7";"0";"2";"4";"2";"1";""
"201900024275";"138 260 705";"C01";"2";"7";"0";"2";"4";"2";"1";""
"201900024275";"138 260 706";"D01";"2";"7";"0";"2";"4";"2";"1";""
"201900024276";"138 260 702";"A01";"2";"7";"0";"1";"1";"1";"1";""
"201900024277";"138 260 700";"B01";"1";"7";"6";"2";"1";"1";"1";""
"201900024277";"138 260 701";"A01";"1";"7";"0";"2";"8";"9";"3";""
"201900024278";"138 260 696";"B01";"3";"33";"0";"2";"1";"1";"1";""
"201900024278";"138 260 697";"A01";"3";"7";"0";"2";"6";"10";"1";""
"201900024279";"138 260 695";"A01";"2";"7";"0";"1";"8";"15";"2";""
"201900024280";"138 260 694";"A01";"3";"7";"12";"0";"1";"2";"0";""
"201900024281";"138 260 691";"A01";"3";"7";"0";"2";"1";"2";"1";""
"201900024281";"138 260 692";"B01";"3";"7";"0";"2";"4";"23";"1";""
"201900024281";"138 260 693";"C01";"3";"7";"0";"2";"4";"23";"1";""
"201900024282";"138 260 690";"A01";"2";"34";"0";"1";"1";"1";"1";""
"201900024283";"138 260 689";"A01";"2";"15";"0";"1";"3";"1";"1";""
"201900024284";"138 260 687";"A01";"2";"32";"0";"2";"1";"26";"1";""
"201900024284";"138 260 688";"B01";"2";"7";"0";"2";"4";"26";"1";""
"201900024285";"138 260 685";"A01";"1";"7";"0";"2";"3";"15";"1";""
"201900024285";"138 260 686";"B01";"2";"7";"0";"2";"1";"1";"1";""
"201900024286";"138 260 683";"B01";"3";"2";"0";"2";"1";"1";"1";""
"201900024286";"138 260 684";"A01";"3";"7";"0";"2";"4";"16";"0";""
"201900024287";"138 260 680";"C01";"1";"14";"0";"2";"0";"1";"1";""
"201900024287";"138 260 681";"B01";"1";"7";"0";"2";"5";"12";"2";""
"201900024287";"138 260 682";"A01";"1";"33";"0";"2";"1";"3";"1";""
"201900024288";"138 260 679";"Z01";"2";"30";"0";"1";"2";"1";"3";""
"201900024289";"138 260 677";"A01";"1";"30";"0";"2";"2";"1";"1";""
"201900024289";"138 260 678";"B01";"1";"10";"0";"2";"2";"9";"1";""
"201900024290";"138 260 676";"A01";"1";"30";"0";"0";"0";"17";"1";""
"201900024291";"138 260 674";"B01";"1";"34";"0";"2";"3";"1";"1";""
"201900024291";"138 260 675";"A01";"1";"7";"0";"2";"6";"10";"1";""
"201900024292";"138 260 672";"B01";"1";"7";"0";"2";"1";"15";"1";""
"201900024292";"138 260 673";"A01";"1";"32";"0";"2";"7";"1";"1";""
"201900024293";"138 260 671";"A01";"3";"34";"0";"1";"1";"17";"1";""
"201900024294";"138 260 669";"B01";"1";"7";"0";"2";"2";"1";"1";""
"201900024294";"138 260 670";"A01";"1";"7";"0";"2";"3";"13";"3";""
"201900024295";"138 260 668";"A01";"1";"7";"0";"1";"1";"15";"1";""
"201900024296";"138 260 667";"A01";"2";"1";"0";"0";"1";"21";"5";""
"201900024297";"138 260 666";"A01";"2";"7";"0";"1";"2";"1";"1";""
"201900024298";"138 260 664";"A01";"1";"10";"0";"2";"4";"23";"1";""
"201900024298";"138 260 665";"B01";"1";"7";"0";"2";"1";"2";"1";""
"201900024299";"138 260 663";"A01";"2";"7";"0";"1";"3";"1";"1";""
"201900024300";"138 260 661";"A01";"2";"10";"0";"2";"2";"16";"1";""
"201900024300";"138 260 662";"B01";"2";"1";"0";"2";"1";"1";"5";""
"201900024301";"138 260 659";"A01";"2";"7";"0";"2";"2";"16";"1";""
"201900024301";"138 260 660";"B01";"1";"1";"0";"2";"1";"1";"5";""
"201900024302";"138 260 657";"A01";"2";"7";"0";"2";"8";"10";"1";""
"201900024302";"138 260 658";"B01";"2";"30";"0";"2";"7";"17";"3";""
"201900024303";"138 260 656";"A01";"1";"7";"1";"0";"2";"14";"1";""
"201900024304";"138 260 655";"A01";"2";"7";"0";"1";"7";"1";"1";""
"201900024305";"138 260 654";"A01";"2";"7";"0";"1";"1";"16";"1";""
"201900024306";"138 260 652";"A01";"1";"7";"0";"2";"1";"1";"2";""
"201900024306";"138 260 653";"B01";"1";"1";"0";"2";"7";"1";"5";""
"201900024307";"138 260 650";"B01";"2";"7";"0";"2";"1";"16";"2";""
"201900024307";"138 260 651";"A01";"3";"32";"0";"2";"7";"1";"1";""
"201900024308";"138 260 648";"A01";"2";"30";"0";"2";"5";"2";"3";""
"201900024308";"138 260 649";"B01";"2";"7";"0";"2";"5";"2";"1";""
"201900024309";"138 260 647";"A01";"1";"7";"0";"1";"1";"1";"1";""
"201900024310";"138 260 645";"B01";"1";"7";"0";"2";"6";"1";"1";""
"201900024310";"138 260 646";"A01";"1";"2";"0";"2";"1";"1";"1";""
"201900024311";"138 260 643";"B01";"3";"7";"0";"2";"8";"1";"1";""
"201900024311";"138 260 644";"A01";"3";"7";"0";"2";"1";"19";"1";""
"201900024312";"138 260 641";"B01";"2";"43";"0";"2";"1";"1";"1";""
"201900024312";"138 260 642";"A01";"3";"7";"0";"2";"5";"15";"1";""
"201900024313";"138 260 639";"B01";"3";"14";"0";"2";"0";"0";"1";""
"201900024313";"138 260 640";"A01";"3";"32";"0";"2";"1";"16";"1";""
"201900024314";"138 260 636";"A01";"1";"7";"0";"2";"2";"12";"1";""
"201900024314";"138 260 637";"B01";"1";"7";"0";"2";"6";"1";"1";""
"201900024314";"138 260 638";"C01";"1";"7";"0";"2";"4";"0";"1";""
"201900024315";"138 260 635";"A01";"1";"7";"0";"0";"9";"2";"1";""
"201900024316";"138 260 632";"C01";"2";"7";"0";"2";"1";"1";"1";""
"201900024316";"138 260 633";"B01";"2";"17";"0";"2";"6";"1";"1";""
"201900024316";"138 260 634";"A01";"2";"7";"0";"2";"1";"1";"1";""
"201900024317";"138 260 631";"A01";"2";"7";"4";"0";"1";"14";"1";""
"201900024318";"138 260 629";"A01";"1";"7";"0";"2";"4";"2";"1";""
"201900024318";"138 260 630";"B01";"1";"10";"0";"2";"1";"2";"1";""
"201900024319";"138 260 628";"A01";"2";"7";"0";"0";"9";"21";"1";""
"201900024320";"138 260 627";"A01";"1";"7";"3";"0";"2";"14";"1";""
"201900024321";"138 260 625";"A01";"2";"7";"0";"2";"6";"13";"1";""
"201900024321";"138 260 626";"B01";"2";"7";"0";"2";"2";"1";"1";""
"201900024322";"138 260 624";"A01";"2";"7";"3";"0";"1";"26";"1";""
"201900024323";"138 260 622";"B01";"2";"43";"0";"2";"3";"3";"1";""
"201900024323";"138 260 623";"A01";"2";"7";"0";"2";"2";"12";"1";""
"201900024324";"138 260 620";"B01";"1";"7";"4";"2";"8";"1";"1";""
"201900024324";"138 260 621";"A01";"1";"7";"0";"2";"1";"12";"1";""
"201900024325";"138 260 618";"A01";"2";"7";"4";"2";"1";"17";"1";""
"201900024325";"138 260 619";"B01";"2";"7";"0";"2";"3";"1";"1";""
"201900024326";"138 260 617";"A01";"2";"7";"3";"0";"1";"14";"1";""
"201900024327";"138 260 616";"A01";"2";"7";"4";"0";"1";"14";"1";""
"201900024328";"138 260 615";"A01";"2";"7";"4";"0";"1";"1";"1";""
"201900024329";"138 260 612";"A01";"1";"7";"0";"2";"1";"2";"1";""
"201900024329";"138 260 613";"B01";"1";"32";"0";"2";"5";"2";"1";""
"201900024329";"138 260 614";"C01";"1";"7";"0";"2";"4";"2";"1";""
"201900024330";"138 260 609";"C01";"1";"7";"0";"2";"6";"1";"0";""
"201900024330";"138 260 610";"B01";"1";"33";"0";"2";"2";"3";"0";""
"201900024330";"138 260 611";"A01";"1";"10";"0";"2";"5";"11";"0";""
"201900024331";"138 260 607";"A01";"2";"17";"0";"2";"7";"12";"1";""
"201900024331";"138 260 608";"B01";"2";"10";"0";"2";"8";"1";"1";""
"201900024332";"138 260 601";"A01";"1";"7";"1";"2";"7";"20";"1";""
"201900024332";"138 260 602";"B01";"2";"1";"0";"2";"8";"9";"5";""
"201900024332";"138 260 603";"C01";"1";"34";"0";"2";"8";"0";"1";""
"201900024332";"138 260 604";"D01";"1";"7";"0";"2";"6";"0";"1";""
"201900024333";"138 260 600";"A01";"3";"7";"0";"1";"2";"26";"1";""
"201900024334";"138 260 598";"A01";"3";"14";"0";"2";"7";"12";"1";""
"201900024334";"138 260 599";"B01";"3";"7";"0";"2";"8";"1";"1";""
"201900024335";"138 260 597";"A01";"0";"7";"0";"0";"1";"13";"1";""
"201900024336";"138 260 596";"A01";"3";"7";"0";"2";"4";"4";"1";""
"201900024337";"138 260 594";"B01";"3";"32";"0";"2";"1";"26";"1";""
"201900024337";"138 260 595";"A01";"3";"7";"0";"2";"3";"26";"1";""
"201900024338";"138 260 592";"B01";"1";"7";"0";"2";"3";"1";"1";""
"201900024338";"138 260 593";"A01";"1";"7";"0";"2";"3";"13";"0";""
"201900024339";"138 260 586";"A01";"1";"7";"0";"2";"3";"26";"1";""
"201900024339";"138 260 587";"B01";"1";"2";"0";"2";"1";"1";"1";""
"201900024340";"138 260 584";"B01";"1";"2";"0";"2";"1";"1";"1";""
"201900024340";"138 260 585";"A01";"2";"7";"0";"2";"7";"15";"1";""
"201900024341";"138 260 580";"A01";"0";"7";"0";"2";"5";"15";"1";""
"201900024341";"138 260 581";"B01";"0";"1";"0";"2";"1";"1";"5";""
"201900024342";"138 260 578";"B01";"0";"7";"0";"2";"1";"1";"1";""
"201900024342";"138 260 579";"A01";"0";"7";"0";"2";"1";"1";"1";""
"201900024343";"138 260 575";"Z01";"3";"7";"0";"2";"3";"1";"1";""
"201900024343";"138 260 576";"A01";"3";"7";"0";"2";"7";"1";"1";""
"201900024344";"138 260 571";"C01";"2";"7";"0";"2";"4";"1";"0";""
"201900024344";"138 260 572";"B01";"2";"7";"0";"2";"4";"1";"0";""
"201900024344";"138 260 573";"A01";"2";"7";"0";"2";"1";"1";"0";""
"201900024345";"138 260 570";"A01";"2";"7";"0";"1";"1";"1";"1";""
"201900024346";"138 260 568";"B01";"1";"10";"0";"2";"4";"1";"1";""
"201900024346";"138 260 569";"A01";"1";"7";"0";"2";"1";"1";"1";""
"201900024347";"138 260 567";"A01";"1";"7";"3";"0";"2";"21";"1";""
"201900024348";"138 260 562";"A01";"1";"7";"0";"2";"4";"2";"1";""
"201900024348";"138 260 563";"B01";"1";"7";"0";"2";"4";"2";"1";""
"201900024348";"138 260 564";"C01";"1";"7";"0";"2";"1";"2";"1";""
"201900024349";"138 260 560";"B01";"1";"7";"0";"2";"4";"2";"1";""
"201900024349";"138 260 561";"A01";"1";"7";"0";"2";"1";"2";"1";""
"201900024350";"138 260 558";"A01";"1";"7";"0";"2";"4";"2";"1";""
"201900024350";"138 260 559";"B01";"1";"7";"0";"2";"1";"1";"1";""
"201900024351";"138 260 556";"A01";"1";"1";"0";"2";"4";"19";"5";""
"201900024351";"138 260 557";"B01";"2";"7";"0";"2";"2";"1";"1";""
"201900024352";"138 260 555";"A01";"1";"7";"0";"1";"2";"1";"1";""
"201900024353";"138 260 553";"A01";"1";"7";"0";"2";"1";"2";"1";""
"201900024353";"138 260 554";"B01";"1";"7";"0";"2";"4";"2";"1";""
"201900024354";"138 260 552";"A01";"1";"7";"1";"0";"3";"1";"1";""
"201900024355";"138 260 550";"B01";"2";"7";"0";"2";"4";"1";"1";""
"201900024355";"138 260 551";"A01";"3";"7";"0";"2";"3";"9";"1";""
"201900024356";"138 260 549";"A01";"1";"7";"0";"0";"2";"14";"1";""
"201900024357";"138 260 548";"A01";"3";"7";"0";"1";"1";"1";"1";""
"201900024358";"138 260 546";"A01";"1";"7";"0";"2";"1";"15";"1";""
"201900024358";"138 260 547";"B01";"2";"30";"0";"2";"1";"1";"0";""
"201900024359";"138 260 541";"D01";"3";"7";"0";"2";"1";"1";"1";""
"201900024359";"138 260 542";"C01";"1";"7";"0";"2";"0";"0";"1";""
"201900024359";"138 260 543";"B01";"1";"7";"0";"2";"0";"0";"1";""
"201900024359";"138 260 544";"A01";"1";"7";"0";"4";"5";"1";"1";""
"201900024359";"138 260 545";"E01";"3";"39";"0";"2";"1";"1";"3";""
"201900024360";"138 260 536";"A01";"2";"7";"4";"0";"1";"13";"1";""
"201900024361";"138 260 534";"B01";"2";"7";"0";"2";"4";"1";"1";""
"201900024361";"138 260 535";"A01";"2";"1";"0";"2";"1";"2";"5";""
"201900024362";"138 260 533";"A01";"2";"7";"4";"0";"1";"13";"1";""
"201900024363";"138 260 532";"A01";"1";"7";"0";"1";"1";"1";"1";""
"201900024364";"138 260 530";"B01";"2";"7";"0";"2";"1";"17";"1";""
"201900024364";"138 260 531";"A01";"1";"7";"0";"2";"1";"1";"1";""
"201900024365";"138 260 528";"A01";"1";"7";"0";"2";"8";"1";"1";""
"201900024365";"138 260 529";"B01";"1";"7";"0";"2";"2";"1";"1";""
"201900024366";"138 260 526";"B01";"1";"2";"0";"2";"7";"2";"1";""
"201900024366";"138 260 527";"A01";"1";"7";"0";"2";"6";"15";"1";""
"201900024367";"138 260 524";"B01";"1";"33";"0";"2";"1";"1";"1";""
"201900024367";"138 260 525";"A01";"2";"7";"0";"2";"6";"9";"0";""
"201900024368";"138 260 522";"B01";"0";"7";"0";"2";"1";"1";"1";""
"201900024368";"138 260 523";"A01";"0";"7";"0";"2";"1";"1";"1";""
"201900024369";"138 260 520";"B01";"0";"7";"0";"2";"1";"1";"1";""
"201900024369";"138 260 521";"A01";"0";"7";"0";"2";"2";"1";"1";""
"201900024370";"138 260 518";"B01";"1";"3";"0";"2";"4";"2";"0";""
"201900024370";"138 260 519";"A01";"1";"7";"0";"2";"1";"2";"1";""
"201900024371";"138 260 515";"A01";"2";"7";"0";"2";"1";"13";"1";""
"201900024371";"138 260 516";"B01";"1";"7";"0";"2";"1";"1";"1";""
"201900024371";"138 260 517";"C01";"1";"7";"0";"2";"1";"2";"1";""
"201900024372";"138 260 512";"A01";"1";"7";"0";"2";"1";"1";"0";""
"201900024372";"138 260 513";"B01";"1";"1";"0";"2";"4";"1";"5";""
"201900024372";"138 260 514";"C01";"1";"1";"0";"2";"4";"1";"0";""