"Num_Acc";"id_vehicule";"num_veh";"senc";"catv";"obs";"obsm";"choc";"manv";"motor";"occutc"
"201900024373";"138 260 511";"A01";"1";"7";"4";"0";"1";"1";"1";""
"201900024374";"138 260 510";"A01";"1";"7";"0";"1";"1";"1";"1";""
"201900024375";"138 260 509";"A01";"3";"7";"9";"0";"1";"14";"1";""
"201900024376";"138 260 508";"A01";"3";"0";"9";"0";"0";"0";"0";""
"201900024377";"138 260 505";"A01";"3";"7";"0";"2";"1";"2";"1";""
"201900024377";"138 260 506";"B01";"3";"7";"0";"2";"4";"23";"1";""
"201900024377";"138 260 507";"C01";"3";"7";"0";"2";"4";"23";"1";""
"201900024378";"138 260 503";"B01";"1";"7";"0";"2";"8";"23";"1";""
"201900024378";"138 260 504";"A01";"1";"7";"0";"1";"2";"1";"1";""
"201900024379";"138 260 501";"A01";"0";"10";"0";"2";"3";"19";"1";""
"201900024379";"138 260 502";"B01";"0";"1";"0";"2";"1";"1";"5";""
"201900024380";"138 260 500";"A01";"1";"37";"0";"1";"2";"1";"1";"1"
"201900024381";"138 260 498";"A01";"3";"7";"0";"2";"1";"1";"1";""
"201900024381";"138 260 499";"B01";"3";"7";"0";"2";"4";"1";"1";""
"201900024382";"138 260 493";"A01";"2";"7";"0";"2";"2";"1";"1";""
"201900024382";"138 260 494";"B01";"2";"7";"0";"2";"6";"1";"1";""
"201900024382";"138 260 495";"C01";"2";"7";"0";"2";"6";"1";"1";""
"201900024382";"138 260 496";"D01";"2";"7";"0";"2";"6";"1";"1";""
"201900024382";"138 260 497";"E01";"2";"7";"0";"2";"2";"1";"1";""
"201900024383";"138 260 492";"A01";"1";"37";"0";"1";"2";"0";"1";"1"
"201900024384";"138 260 490";"B01";"2";"15";"0";"2";"3";"1";"1";""
"201900024384";"138 260 491";"A01";"1";"7";"0";"2";"3";"13";"1";""
"201900024385";"138 260 488";"A01";"1";"1";"0";"2";"1";"26";"5";""
"201900024385";"138 260 489";"B01";"1";"7";"0";"9";"1";"15";"1";""
"201900024386";"138 260 486";"A01";"0";"7";"0";"2";"1";"1";"1";""
"201900024386";"138 260 487";"B01";"0";"43";"0";"2";"1";"15";"1";""
"201900024387";"138 260 484";"B01";"0";"7";"0";"2";"1";"1";"1";""
"201900024387";"138 260 485";"A01";"0";"50";"0";"2";"1";"19";"3";""
"201900024388";"138 260 482";"B01";"0";"7";"0";"2";"1";"19";"1";""
"201900024388";"138 260 483";"A01";"0";"7";"0";"2";"1";"1";"1";""
"201900024389";"138 260 480";"A01";"0";"7";"0";"2";"1";"1";"1";""
"201900024389";"138 260 481";"B01";"0";"7";"0";"2";"9";"23";"1";""
"201900024390";"138 260 478";"B01";"1";"31";"0";"2";"9";"1";"1";""
"201900024390";"138 260 479";"A01";"1";"7";"0";"2";"3";"9";"1";""
"201900024391";"138 260 475";"B01";"2";"7";"0";"2";"4";"2";"0";""
"201900024391";"138 260 476";"C01";"2";"7";"0";"2";"4";"2";"1";""
"201900024391";"138 260 477";"A01";"1";"7";"0";"2";"3";"2";"1";""
"201900024392";"138 260 474";"A01";"1";"7";"0";"1";"2";"1";"1";""
"201900024393";"138 260 472";"B01";"0";"32";"0";"2";"3";"15";"1";""
"201900024393";"138 260 473";"A01";"0";"7";"0";"2";"8";"15";"1";""
"201900024394";"138 260 470";"B01";"1";"10";"0";"2";"4";"1";"1";""
"201900024394";"138 260 471";"A01";"1";"7";"0";"2";"1";"1";"1";""
"201900024395";"138 260 466";"A01";"1";"7";"0";"2";"1";"1";"1";""
"201900024395";"138 260 467";"B01";"1";"7";"0";"2";"4";"23";"1";""
"201900024395";"138 260 468";"C01";"1";"7";"0";"2";"4";"23";"1";""
"201900024395";"138 260 469";"D01";"1";"7";"0";"2";"4";"23";"1";""
"201900024396";"138 260 465";"A01";"3";"33";"3";"0";"7";"1";"1";""
"201900024397";"138 260 463";"B01";"0";"15";"0";"2";"3";"1";"1";""
"201900024397";"138 260 464";"A01";"0";"10";"0";"2";"3";"13";"1";""
"201900024398";"138 260 462";"A01";"3";"37";"0";"1";"1";"1";"1";"1"
"201900024399";"138 260 460";"B01";"0";"10";"0";"2";"2";"2";"1";""
"201900024399";"138 260 461";"A01";"0";"7";"0";"0";"3";"1";"1";""
"201900024400";"138 260 458";"B01";"1";"7";"0";"2";"8";"0";"1";""
"201900024400";"138 260 459";"A01";"1";"31";"0";"2";"1";"3";"1";""
"201900024401";"138 260 457";"A01";"1";"3";"0";"0";"1";"19";"0";""
"201900024402";"138 260 455";"A01";"1";"10";"0";"2";"7";"26";"1";""
"201900024402";"138 260 456";"B01";"1";"30";"0";"2";"8";"1";"1";""
"201900024403";"138 260 453";"B01";"3";"1";"12";"0";"8";"2";"0";""
"201900024403";"138 260 454";"A01";"3";"7";"16";"9";"2";"2";"0";""
"201900024404";"138 260 452";"A01";"2";"10";"0";"1";"3";"1";"1";""
"201900024405";"138 260 450";"A01";"1";"7";"0";"2";"1";"13";"1";""
"201900024405";"138 260 451";"B01";"2";"13";"0";"2";"1";"1";"1";""
"201900024406";"138 260 448";"A01";"2";"3";"0";"2";"1";"26";"1";""
"201900024406";"138 260 449";"B01";"2";"33";"0";"2";"7";"2";"1";""
"201900024407";"138 260 446";"A01";"2";"50";"0";"1";"1";"1";"3";""
"201900024408";"138 260 445";"A01";"1";"10";"12";"0";"2";"14";"1";""
"201900024409";"138 260 443";"A01";"1";"7";"0";"2";"5";"14";"1";""
"201900024409";"138 260 444";"B01";"1";"33";"0";"2";"1";"1";"1";""
"201900024410";"138 260 442";"A01";"1";"33";"0";"1";"3";"1";"1";""
"201900024411";"138 260 441";"A01";"2";"1";"0";"1";"1";"7";"5";""
"201900024412";"138 260 440";"A01";"2";"33";"0";"0";"0";"1";"1";""
"201900024413";"138 260 438";"B01";"1";"1";"0";"2";"8";"19";"5";""
"201900024413";"138 260 439";"A01";"1";"7";"0";"2";"2";"16";"1";""
"201900024414";"138 260 436";"A01";"1";"7";"0";"2";"3";"10";"1";""
"201900024414";"138 260 437";"B01";"1";"43";"8";"2";"2";"1";"1";""
"201900024415";"138 260 434";"B01";"2";"43";"0";"2";"1";"1";"1";""
"201900024415";"138 260 435";"A01";"2";"7";"0";"2";"8";"9";"1";""
"201900024416";"138 260 432";"B01";"1";"7";"0";"2";"5";"22";"1";""
"201900024416";"138 260 433";"A01";"1";"30";"0";"2";"1";"18";"3";""
"201900024417";"138 260 431";"A01";"2";"30";"0";"1";"2";"1";"1";""
"201900024418";"138 260 428";"A01";"2";"32";"0";"0";"3";"16";"1";""
"201900024419";"138 260 426";"B01";"2";"33";"0";"2";"6";"18";"1";""
"201900024419";"138 260 427";"A01";"2";"7";"0";"2";"7";"22";"1";""
"201900024420";"138 260 424";"A01";"2";"7";"0";"2";"2";"2";"1";""
"201900024420";"138 260 425";"B01";"2";"2";"0";"2";"4";"23";"1";""
"201900024421";"138 260 422";"A01";"1";"10";"0";"2";"3";"9";"1";""
"201900024421";"138 260 423";"B01";"1";"2";"0";"2";"2";"1";"1";""
"201900024422";"138 260 420";"B01";"3";"7";"0";"2";"1";"2";"0";""
"201900024422";"138 260 421";"A01";"3";"7";"0";"2";"4";"26";"0";""
"201900024423";"138 260 417";"A01";"3";"10";"0";"2";"1";"2";"1";""
"201900024423";"138 260 418";"B01";"3";"10";"0";"2";"4";"2";"1";""
"201900024423";"138 260 419";"C01";"3";"10";"0";"2";"4";"2";"1";""
"201900024424";"138 260 415";"A01";"1";"7";"0";"2";"3";"23";"1";""
"201900024424";"138 260 416";"B01";"1";"30";"0";"2";"1";"1";"1";""
"201900024425";"138 260 413";"A01";"1";"7";"0";"2";"2";"16";"0";""
"201900024425";"138 260 414";"B01";"1";"1";"0";"2";"0";"0";"5";""
"201900024426";"138 260 411";"B01";"3";"7";"0";"2";"1";"15";"0";""
"201900024426";"138 260 412";"A01";"3";"7";"0";"2";"8";"1";"1";""
"201900024427";"138 260 410";"A01";"0";"7";"1";"1";"2";"1";"1";""
"201900024428";"138 260 409";"A01";"1";"7";"8";"0";"1";"0";"1";""
"201900024429";"138 260 408";"A01";"3";"99";"14";"0";"1";"1";"1";""
"201900024430";"138 260 406";"A01";"1";"7";"0";"2";"2";"19";"0";""
"201900024430";"138 260 407";"B01";"2";"7";"0";"2";"3";"0";"0";""
"201900024431";"138 260 404";"B01";"1";"7";"0";"0";"4";"16";"6";""
"201900024431";"138 260 405";"A01";"1";"30";"0";"0";"1";"1";"0";""
"201900024432";"138 260 402";"A01";"3";"32";"0";"2";"4";"2";"6";""
"201900024432";"138 260 403";"B01";"3";"7";"0";"2";"1";"2";"6";""
"201900024433";"138 260 400";"B01";"1";"7";"0";"2";"7";"1";"1";""
"201900024433";"138 260 401";"A01";"1";"7";"0";"2";"8";"1";"1";""
"201900024434";"138 260 399";"A01";"3";"7";"8";"0";"3";"15";"1";""
"201900024435";"138 260 397";"B01";"3";"30";"16";"0";"8";"0";"0";""
"201900024435";"138 260 398";"A01";"1";"10";"0";"2";"2";"2";"1";""
"201900024436";"138 260 396";"A01";"2";"7";"1";"0";"2";"14";"1";""
"201900024437";"138 260 394";"C01";"3";"7";"0";"2";"5";"1";"1";""
"201900024437";"138 260 395";"A01";"3";"7";"0";"2";"2";"1";"1";""
"201900024438";"138 260 392";"B01";"1";"7";"0";"2";"4";"1";"1";""
"201900024438";"138 260 393";"A01";"1";"30";"0";"2";"1";"1";"1";""
"201900024439";"138 260 390";"A01";"3";"7";"0";"2";"2";"15";"1";""
"201900024439";"138 260 391";"B01";"3";"30";"0";"2";"1";"1";"1";""
"201900024440";"138 260 389";"A01";"1";"7";"0";"1";"7";"23";"0";""
"201900024441";"138 260 388";"A01";"2";"7";"11";"0";"9";"1";"1";""
"201900024442";"138 260 386";"B01";"1";"7";"0";"2";"1";"2";"1";""
"201900024442";"138 260 387";"A01";"1";"7";"0";"2";"4";"23";"1";""
"201900024443";"138 260 384";"B01";"1";"7";"0";"2";"3";"1";"1";""
"201900024443";"138 260 385";"A01";"2";"7";"0";"2";"1";"13";"1";""
"201900024444";"138 260 382";"B01";"2";"10";"2";"0";"7";"1";"1";""
"201900024444";"138 260 383";"A01";"2";"10";"0";"2";"1";"1";"1";""
"201900024445";"138 260 380";"B01";"2";"7";"0";"2";"3";"13";"1";""
"201900024445";"138 260 381";"A01";"1";"7";"0";"2";"3";"13";"1";""
"201900024446";"138 260 379";"A01";"2";"7";"13";"0";"1";"15";"0";""
"201900024447";"138 260 377";"A01";"2";"7";"0";"2";"1";"17";"2";""
"201900024447";"138 260 378";"B01";"1";"7";"3";"2";"1";"1";"1";""
"201900024448";"138 260 373";"A01";"1";"3";"0";"0";"3";"5";"6";""
"201900024448";"138 260 374";"C01";"2";"7";"0";"0";"0";"1";"0";""
"201900024448";"138 260 375";"B01";"2";"7";"0";"2";"3";"1";"0";""
"201900024449";"138 260 371";"B01";"2";"31";"0";"2";"1";"0";"1";""
"201900024449";"138 260 372";"A01";"1";"2";"0";"2";"1";"1";"1";""
"201900024450";"138 260 370";"A01";"1";"7";"2";"0";"2";"1";"1";""
"201900024451";"138 260 367";"C01";"2";"7";"0";"2";"2";"1";"1";""
"201900024451";"138 260 368";"B01";"2";"7";"0";"2";"3";"1";"1";""
"201900024451";"138 260 369";"A01";"1";"7";"0";"2";"3";"1";"1";""
"201900024452";"138 260 365";"B01";"2";"7";"1";"0";"1";"2";"1";""
"201900024452";"138 260 366";"A01";"2";"7";"0";"2";"4";"2";"1";""
"201900024453";"138 260 363";"B01";"2";"1";"0";"0";"4";"2";"5";""
"201900024453";"138 260 364";"A01";"2";"10";"0";"9";"2";"2";"1";""
"201900024454";"138 260 361";"B01";"1";"7";"0";"2";"1";"1";"0";""
"201900024454";"138 260 362";"A01";"2";"7";"0";"2";"1";"13";"0";""
"201900024455";"138 260 359";"B01";"2";"7";"0";"2";"2";"16";"1";""
"201900024455";"138 260 360";"A01";"1";"7";"0";"2";"1";"17";"1";""
"201900024456";"138 260 357";"A01";"2";"7";"0";"2";"3";"26";"1";""
"201900024456";"138 260 358";"B01";"1";"7";"0";"2";"1";"1";"1";""
"201900024457";"138 260 355";"A01";"0";"31";"0";"2";"1";"0";"1";""
"201900024457";"138 260 356";"B01";"3";"7";"0";"0";"6";"15";"1";""
"201900024458";"138 260 353";"B01";"2";"7";"0";"0";"4";"1";"1";""
"201900024458";"138 260 354";"A01";"2";"7";"0";"2";"1";"1";"1";""
"201900024459";"138 260 351";"A01";"1";"2";"0";"2";"1";"13";"1";""
"201900024459";"138 260 352";"B01";"2";"7";"0";"2";"3";"1";"1";""
"201900024460";"138 260 348";"A01";"2";"10";"0";"2";"1";"1";"1";""
"201900024460";"138 260 349";"B01";"2";"7";"0";"2";"4";"15";"1";""
"201900024460";"138 260 350";"C01";"1";"7";"13";"0";"8";"1";"1";""
"201900024461";"138 260 346";"A01";"3";"7";"12";"2";"3";"1";"0";""
"201900024461";"138 260 347";"B01";"3";"7";"0";"2";"8";"1";"0";""
"201900024462";"138 260 345";"A01";"3";"7";"6";"0";"1";"1";"1";""
"201900024463";"138 260 344";"A01";"1";"10";"0";"1";"2";"25";"1";""
"201900024464";"138 260 343";"A01";"2";"7";"13";"0";"1";"0";"1";""
"201900024465";"138 260 341";"A01";"1";"7";"0";"2";"3";"1";"1";""
"201900024465";"138 260 342";"B01";"2";"7";"0";"2";"1";"11";"1";""
"201900024466";"138 260 339";"B01";"1";"7";"0";"2";"3";"15";"1";""
"201900024466";"138 260 340";"A01";"1";"2";"0";"2";"2";"17";"1";""
"201900024467";"138 260 338";"A01";"3";"7";"8";"0";"1";"1";"1";""
"201900024468";"138 260 337";"A01";"1";"7";"0";"1";"3";"1";"1";""
"201900024469";"138 260 334";"A01";"2";"7";"16";"2";"4";"15";"1";""
"201900024469";"138 260 335";"B01";"2";"7";"16";"2";"1";"1";"1";""
"201900024470";"138 260 332";"A01";"2";"7";"0";"2";"7";"1";"1";""
"201900024470";"138 260 333";"B01";"1";"7";"0";"2";"1";"1";"1";""
"201900024471";"138 260 330";"A01";"3";"33";"0";"0";"8";"1";"1";""
"201900024472";"138 260 328";"B01";"1";"7";"0";"2";"3";"21";"1";""
"201900024472";"138 260 329";"A01";"2";"7";"0";"2";"1";"19";"1";""
"201900024473";"138 260 324";"A01";"1";"15";"0";"2";"4";"4";"1";""
"201900024473";"138 260 325";"C01";"1";"33";"0";"2";"1";"2";"1";""
"201900024474";"138 260 319";"A01";"3";"33";"0";"9";"1";"1";"6";""
"201900024474";"138 260 320";"B01";"3";"10";"0";"9";"1";"1";"6";""
"201900024474";"138 260 321";"C01";"0";"10";"0";"0";"0";"26";"0";""
"201900024475";"138 260 317";"A01";"1";"33";"0";"2";"6";"1";"1";""
"201900024475";"138 260 318";"B01";"1";"7";"0";"0";"6";"15";"1";""
"201900024476";"138 260 314";"A01";"1";"7";"0";"2";"1";"5";"0";""
"201900024476";"138 260 315";"B01";"2";"15";"0";"2";"3";"1";"1";""
"201900024476";"138 260 316";"C01";"1";"7";"0";"9";"3";"1";"1";""
"201900024477";"138 260 312";"B01";"2";"15";"0";"2";"6";"2";"1";""
"201900024477";"138 260 313";"A01";"2";"7";"0";"2";"2";"2";"1";""
"201900024478";"138 260 309";"C01";"2";"7";"1";"2";"9";"21";"1";""
"201900024478";"138 260 310";"B01";"2";"7";"0";"2";"1";"5";"1";""
"201900024478";"138 260 311";"A01";"2";"7";"0";"2";"1";"5";"6";""
"201900024479";"138 260 307";"A01";"3";"7";"0";"2";"2";"1";"1";""
"201900024479";"138 260 308";"B01";"3";"2";"0";"2";"1";"15";"1";""
"201900024480";"138 260 305";"A01";"1";"7";"0";"2";"3";"13";"1";""
"201900024480";"138 260 306";"B01";"2";"7";"0";"0";"3";"0";"1";""
"201900024481";"138 260 303";"B01";"3";"1";"0";"2";"1";"15";"0";""
"201900024481";"138 260 304";"A01";"3";"7";"0";"0";"2";"1";"1";""
"201900024482";"138 260 301";"B01";"3";"7";"0";"2";"1";"1";"1";""
"201900024482";"138 260 302";"A01";"3";"7";"0";"2";"1";"13";"1";""
"201900024483";"138 260 300";"A01";"2";"7";"2";"0";"2";"13";"1";""
"201900024484";"138 260 298";"A01";"3";"7";"0";"2";"2";"15";"1";""
"201900024484";"138 260 299";"B01";"3";"33";"0";"2";"1";"1";"1";""
"201900024485";"138 260 297";"A01";"2";"7";"0";"0";"0";"1";"0";""
"201900024486";"138 260 296";"A01";"1";"7";"0";"1";"2";"1";"1";""
"201900024487";"138 260 295";"A01";"3";"7";"2";"0";"1";"13";"1";""
"201900024488";"138 260 294";"A01";"1";"7";"13";"0";"0";"13";"1";""
"201900024489";"138 260 292";"A01";"2";"7";"0";"2";"1";"1";"1";""
"201900024489";"138 260 293";"B01";"1";"7";"0";"2";"1";"1";"1";""
"201900024490";"138 260 291";"A01";"0";"7";"0";"1";"1";"1";"0";""
"201900024491";"138 260 290";"A01";"2";"7";"10";"0";"1";"1";"1";""
"201900024492";"138 260 288";"A01";"1";"7";"0";"0";"3";"15";"1";""
"201900024492";"138 260 289";"B01";"1";"1";"0";"0";"1";"1";"5";""
"201900024493";"138 260 286";"A01";"1";"7";"0";"2";"3";"15";"1";""
"201900024493";"138 260 287";"B01";"2";"7";"0";"2";"1";"1";"1";""
"201900024494";"138 260 282";"B01";"2";"7";"0";"2";"8";"1";"1";""
"201900024494";"138 260 283";"A01";"2";"7";"0";"2";"3";"13";"1";""
"201900024495";"138 260 281";"A01";"2";"7";"4";"0";"8";"13";"1";""
"201900024496";"138 260 278";"B01";"0";"7";"0";"2";"2";"1";"1";""
"201900024496";"138 260 279";"A01";"0";"31";"0";"2";"1";"13";"1";""
"201900024497";"138 260 277";"A01";"2";"7";"13";"0";"0";"26";"0";""
"201900024498";"138 260 275";"B01";"2";"7";"0";"0";"7";"1";"1";""
"201900024498";"138 260 276";"A01";"1";"7";"0";"2";"1";"1";"1";""
"201900024499";"138 260 274";"A01";"1";"7";"8";"0";"1";"1";"1";""
"201900024500";"138 260 272";"B01";"2";"33";"0";"2";"7";"2";"1";""
"201900024500";"138 260 273";"A01";"2";"7";"0";"0";"3";"10";"1";""
"201900024501";"138 260 271";"A01";"1";"32";"2";"0";"1";"1";"1";""
"201900024502";"138 260 270";"A01";"2";"7";"8";"0";"9";"1";"1";""
"201900024503";"138 260 269";"A01";"2";"7";"15";"0";"1";"0";"1";""
"201900024504";"138 260 266";"A01";"2";"7";"0";"2";"3";"9";"1";""
"201900024504";"138 260 267";"B01";"2";"13";"0";"2";"2";"1";"1";""
"201900024505";"138 260 265";"A01";"3";"31";"0";"0";"0";"1";"1";""
"201900024506";"138 260 264";"A01";"1";"1";"12";"0";"9";"1";"5";""
"201900024507";"138 260 263";"A01";"2";"7";"6";"0";"2";"14";"1";""
"201900024508";"138 260 260";"A01";"3";"33";"0";"2";"1";"1";"1";""
"201900024508";"138 260 261";"B01";"0";"7";"0";"0";"4";"23";"1";""
"201900024509";"138 260 259";"A01";"2";"7";"17";"0";"1";"1";"1";""
"201900024510";"138 260 258";"A01";"1";"33";"0";"6";"1";"1";"1";""
"201900024511";"138 260 256";"A01";"1";"21";"0";"2";"3";"13";"1";""
"201900024511";"138 260 257";"B01";"1";"10";"0";"2";"2";"17";"1";""
"201900024512";"138 260 254";"A01";"2";"7";"0";"2";"9";"1";"1";""
"201900024512";"138 260 255";"B01";"2";"7";"0";"2";"6";"16";"1";""
"201900024513";"138 260 253";"A01";"2";"2";"16";"0";"1";"13";"1";""
"201900024514";"138 260 252";"A01";"2";"7";"6";"9";"8";"13";"1";""
"201900024515";"138 260 251";"A01";"1";"7";"13";"0";"1";"17";"1";""
"201900024516";"138 260 249";"A01";"2";"7";"2";"0";"8";"0";"6";""
"201900024517";"138 260 247";"B01";"1";"7";"0";"2";"1";"1";"0";""
"201900024517";"138 260 248";"A01";"3";"7";"7";"0";"7";"19";"0";""
"201900024518";"138 260 246";"A01";"1";"33";"0";"0";"9";"14";"1";""
"201900024519";"138 260 245";"A01";"0";"7";"0";"1";"2";"14";"1";""
"201900024520";"138 260 241";"A01";"2";"15";"0";"0";"8";"1";"1";""
"201900024520";"138 260 242";"B01";"2";"7";"0";"2";"2";"14";"1";""
"201900024520";"138 260 243";"C01";"2";"7";"0";"2";"4";"1";"1";""
"201900024520";"138 260 244";"D01";"2";"7";"0";"2";"1";"1";"1";""
"201900024521";"138 260 239";"B01";"2";"7";"0";"9";"6";"2";"1";""
"201900024521";"138 260 240";"A01";"2";"33";"3";"2";"1";"2";"1";""
"201900024522";"138 260 237";"A01";"2";"7";"0";"0";"0";"1";"1";""
"201900024523";"138 260 235";"A01";"2";"7";"0";"2";"1";"2";"1";""
"201900024523";"138 260 236";"B01";"2";"7";"0";"0";"5";"2";"1";""
"201900024524";"138 260 233";"A01";"3";"10";"0";"9";"5";"1";"1";""
"201900024524";"138 260 234";"B01";"3";"1";"0";"2";"1";"26";"5";""
"201900024525";"138 260 231";"A01";"1";"7";"0";"2";"5";"15";"1";""
"201900024525";"138 260 232";"B01";"2";"33";"0";"2";"0";"1";"1";""
"201900024526";"138 260 229";"B01";"1";"7";"0";"2";"1";"1";"0";""
"201900024526";"138 260 230";"A01";"1";"13";"7";"2";"6";"19";"0";""
"201900024527";"138 260 227";"B01";"0";"7";"0";"2";"3";"1";"1";""
"201900024527";"138 260 228";"A01";"0";"33";"0";"2";"3";"13";"1";""
"201900024528";"138 260 225";"B01";"1";"33";"0";"2";"2";"1";"1";""
"201900024528";"138 260 226";"A01";"2";"7";"0";"2";"2";"5";"1";""
"201900024529";"138 260 223";"B01";"1";"1";"0";"2";"4";"1";"5";""
"201900024529";"138 260 224";"A01";"1";"7";"0";"9";"3";"9";"1";""
"201900024530";"138 260 222";"A01";"2";"7";"0";"1";"2";"14";"1";""
"201900024531";"138 260 220";"A01";"1";"14";"0";"1";"8";"15";"1";""
"201900024532";"138 260 218";"A01";"0";"1";"0";"2";"3";"1";"5";""
"201900024532";"138 260 219";"B01";"3";"7";"0";"2";"2";"16";"0";""
"201900024533";"138 260 217";"A01";"1";"33";"11";"0";"1";"12";"1";""
"201900024534";"138 260 215";"A01";"3";"7";"0";"2";"3";"1";"1";""
"201900024534";"138 260 216";"B01";"3";"2";"0";"2";"1";"1";"1";""
"201900024535";"138 260 213";"B01";"1";"2";"0";"2";"1";"1";"1";""
"201900024535";"138 260 214";"A01";"2";"7";"0";"2";"3";"15";"1";""
"201900024536";"138 260 211";"B01";"3";"1";"0";"2";"4";"9";"6";""
"201900024536";"138 260 212";"A01";"3";"7";"0";"9";"3";"9";"1";""
"201900024537";"138 260 207";"A01";"1";"7";"0";"2";"4";"23";"1";""
"201900024537";"138 260 208";"B01";"1";"7";"0";"2";"1";"1";"1";""
"201900024538";"138 260 205";"A01";"2";"7";"0";"2";"2";"1";"1";""
"201900024538";"138 260 206";"B01";"2";"7";"0";"2";"8";"11";"1";""
"201900024539";"138 260 202";"A01";"2";"7";"0";"2";"4";"1";"1";""
"201900024539";"138 260 203";"B01";"2";"7";"0";"2";"1";"14";"1";""
"201900024539";"138 260 204";"C01";"2";"33";"0";"2";"3";"1";"1";""
"201900024540";"138 260 199";"C01";"2";"7";"0";"2";"1";"1";"0";""
"201900024540";"138 260 200";"B01";"2";"7";"0";"2";"4";"11";"1";""
"201900024540";"138 260 201";"A01";"2";"7";"3";"2";"2";"17";"1";""
"201900024541";"138 260 195";"D01";"2";"7";"0";"2";"4";"2";"1";""
"201900024541";"138 260 196";"C01";"2";"7";"0";"2";"4";"2";"1";""
"201900024541";"138 260 197";"B01";"2";"7";"0";"2";"4";"2";"1";""
"201900024541";"138 260 198";"A01";"2";"7";"0";"2";"1";"2";"1";""
"201900024542";"138 260 193";"A01";"1";"7";"0";"2";"6";"11";"1";""
"201900024542";"138 260 194";"B01";"1";"7";"0";"2";"2";"1";"1";""
"201900024543";"138 260 192";"A01";"1";"33";"0";"0";"1";"26";"1";""
"201900024544";"138 260 188";"A01";"1";"7";"0";"2";"6";"23";"1";""
"201900024544";"138 260 189";"B01";"1";"7";"1";"0";"1";"1";"1";""
"201900024544";"138 260 190";"C01";"1";"7";"0";"2";"7";"0";"1";""
"201900024544";"138 260 191";"D01";"1";"7";"0";"2";"1";"1";"1";""
"201900024545";"138 260 186";"B01";"2";"7";"0";"2";"4";"2";"1";""
"201900024545";"138 260 187";"A01";"2";"7";"0";"2";"1";"2";"1";""
"201900024546";"138 260 182";"D01";"1";"7";"0";"2";"1";"2";"1";""
"201900024546";"138 260 183";"C01";"1";"7";"0";"2";"4";"1";"1";""
"201900024546";"138 260 184";"B01";"1";"7";"0";"2";"4";"2";"1";""
"201900024546";"138 260 185";"A01";"1";"7";"0";"2";"4";"1";"1";""
"201900024547";"138 260 179";"C01";"1";"7";"0";"2";"5";"2";"1";""
"201900024547";"138 260 180";"A01";"1";"7";"0";"2";"0";"11";"1";""
"201900024547";"138 260 181";"B01";"1";"33";"0";"2";"8";"3";"1";""
"201900024548";"138 260 175";"B01";"3";"33";"0";"2";"2";"17";"0";""
"201900024548";"138 260 176";"A01";"0";"7";"14";"0";"3";"15";"0";""
"201900024549";"138 260 172";"B01";"1";"10";"0";"2";"1";"1";"1";""
"201900024549";"138 260 173";"A01";"2";"10";"0";"2";"2";"15";"1";""
"201900024550";"138 260 171";"A01";"0";"1";"15";"0";"1";"25";"5";""
"201900024551";"138 260 170";"A01";"2";"2";"0";"1";"1";"1";"1";""
"201900024552";"138 260 167";"B01";"1";"99";"0";"2";"1";"0";"3";""
"201900024552";"138 260 168";"A01";"1";"99";"0";"2";"8";"5";"3";""
"201900024553";"138 260 165";"A01";"3";"7";"0";"2";"7";"15";"1";""
"201900024553";"138 260 166";"B01";"0";"2";"0";"2";"1";"1";"1";""
"201900024554";"138 260 164";"A01";"3";"7";"0";"1";"1";"1";"1";""
"201900024555";"138 260 163";"A01";"1";"7";"0";"1";"3";"9";"1";""
"201900024556";"138 260 162";"A01";"3";"7";"0";"1";"4";"20";"1";""
"201900024557";"138 260 161";"A01";"0";"7";"0";"1";"2";"2";"1";""
"201900024558";"138 260 159";"A01";"1";"33";"0";"2";"5";"2";"1";""
"201900024558";"138 260 160";"B01";"1";"7";"0";"2";"5";"2";"1";""
"201900024559";"138 260 157";"B01";"2";"1";"0";"0";"0";"0";"5";""
"201900024559";"138 260 158";"A01";"1";"7";"0";"2";"2";"1";"1";""
"201900024560";"138 260 155";"A01";"1";"7";"0";"2";"1";"15";"1";""
"201900024560";"138 260 156";"B01";"2";"1";"0";"2";"8";"1";"1";""
"201900024561";"138 260 151";"B01";"3";"7";"0";"2";"3";"1";"1";""
"201900024561";"138 260 152";"A01";"3";"7";"0";"2";"2";"15";"1";""
"201900024562";"138 260 150";"A01";"3";"30";"0";"0";"0";"26";"1";""
"201900024563";"138 260 149";"A01";"1";"33";"0";"1";"3";"13";"6";""
"201900024564";"138 260 147";"A01";"2";"31";"0";"2";"7";"21";"1";""
"201900024564";"138 260 148";"B01";"2";"10";"0";"2";"1";"9";"0";""
"201900024565";"138 260 146";"A01";"1";"37";"0";"1";"7";"16";"1";"1"
"201900024566";"138 260 144";"A01";"2";"7";"0";"2";"1";"2";"1";""
"201900024566";"138 260 145";"B01";"2";"7";"0";"2";"5";"2";"1";""
"201900024567";"138 260 142";"A01";"2";"10";"15";"2";"5";"19";"0";""
"201900024567";"138 260 143";"B01";"2";"10";"0";"2";"1";"19";"0";""
"201900024568";"138 260 140";"B01";"3";"33";"0";"2";"1";"1";"1";""
"201900024568";"138 260 141";"A01";"3";"7";"0";"2";"7";"19";"1";""
"201900024569";"138 260 138";"A01";"1";"7";"0";"2";"2";"1";"1";""