"Num_Acc";"id_vehicule";"num_veh";"senc";"catv";"obs";"obsm";"choc";"manv";"motor";"occutc"
"201900024767";"138 259 740";"B01";"3";"7";"0";"2";"3";"1";"1";""
"201900024768";"138 259 737";"B01";"2";"10";"0";"2";"1";"1";"1";""
"201900024768";"138 259 738";"A01";"1";"33";"0";"2";"1";"13";"1";""
"201900024769";"138 259 735";"A01";"3";"30";"0";"2";"1";"1";"1";""
"201900024769";"138 259 736";"B01";"3";"7";"0";"2";"6";"0";"1";""
"201900024770";"138 259 734";"A01";"0";"7";"1";"0";"1";"15";"1";""
"201900024771";"138 259 732";"B01";"1";"7";"0";"2";"2";"16";"0";""
"201900024771";"138 259 733";"A01";"1";"1";"0";"2";"8";"1";"5";""
"201900024772";"138 259 730";"B01";"1";"7";"0";"2";"6";"1";"1";""
"201900024772";"138 259 731";"A01";"1";"7";"0";"2";"3";"1";"1";""
"201900024773";"138 259 728";"B01";"0";"50";"0";"2";"1";"1";"3";""
"201900024773";"138 259 729";"A01";"0";"7";"0";"2";"3";"15";"1";""
"201900024774";"138 259 727";"A01";"1";"7";"2";"0";"1";"1";"1";""
"201900024775";"138 259 723";"A01";"1";"7";"0";"2";"3";"9";"1";""
"201900024775";"138 259 724";"B01";"1";"31";"0";"2";"1";"1";"1";""
"201900024776";"138 259 721";"B01";"1";"7";"0";"2";"1";"15";"1";""
"201900024776";"138 259 722";"A01";"1";"1";"0";"2";"1";"16";"5";""
"201900024777";"138 259 719";"B01";"1";"7";"0";"2";"3";"15";"1";""
"201900024777";"138 259 720";"A01";"2";"7";"2";"2";"1";"1";"1";""
"201900024778";"138 259 716";"A01";"2";"7";"0";"2";"1";"2";"1";""
"201900024778";"138 259 717";"C01";"2";"7";"0";"2";"4";"23";"1";""
"201900024778";"138 259 718";"B01";"2";"7";"0";"2";"4";"23";"1";""
"201900024779";"138 259 714";"B01";"3";"7";"0";"2";"4";"1";"1";""
"201900024779";"138 259 715";"A01";"3";"7";"0";"2";"1";"1";"1";""
"201900024780";"138 259 713";"A01";"3";"7";"15";"0";"1";"14";"1";""
"201900024781";"138 259 711";"B01";"3";"7";"0";"2";"8";"1";"1";""
"201900024781";"138 259 712";"A01";"3";"7";"4";"2";"2";"15";"1";""
"201900024782";"138 259 710";"A01";"2";"7";"13";"0";"1";"1";"1";""
"201900024783";"138 259 708";"A01";"2";"50";"0";"2";"1";"11";"3";""
"201900024783";"138 259 709";"B01";"2";"7";"0";"2";"1";"1";"1";""
"201900024784";"138 259 707";"A01";"3";"30";"0";"1";"7";"1";"1";""
"201900024785";"138 259 703";"A01";"0";"7";"0";"2";"1";"1";"1";""
"201900024785";"138 259 704";"B01";"1";"7";"0";"2";"4";"1";"1";""
"201900024786";"138 259 701";"B01";"0";"1";"0";"2";"9";"19";"5";""
"201900024786";"138 259 702";"A01";"1";"7";"0";"2";"1";"1";"1";""
"201900024787";"138 259 700";"A01";"0";"7";"0";"0";"9";"1";"1";""
"201900024788";"138 259 698";"A01";"1";"33";"0";"2";"1";"1";"1";""
"201900024788";"138 259 699";"B01";"2";"7";"0";"2";"5";"15";"1";""
"201900024789";"138 259 697";"A01";"0";"7";"0";"1";"2";"1";"1";""
"201900024790";"138 259 695";"A01";"0";"43";"0";"2";"2";"17";"1";""
"201900024790";"138 259 696";"B01";"1";"7";"0";"2";"6";"15";"1";""
"201900024791";"138 259 693";"A01";"1";"31";"0";"2";"1";"1";"1";""
"201900024791";"138 259 694";"B01";"1";"7";"0";"2";"5";"16";"1";""
"201900024792";"138 259 691";"A01";"3";"7";"0";"2";"1";"2";"1";""
"201900024792";"138 259 692";"B01";"3";"7";"0";"2";"4";"23";"1";""
"201900024793";"138 259 689";"B01";"0";"1";"0";"2";"0";"5";"5";""
"201900024793";"138 259 690";"A01";"3";"7";"0";"0";"2";"1";"1";""
"201900024794";"138 259 681";"C01";"1";"7";"0";"2";"1";"0";"0";""
"201900024794";"138 259 682";"B01";"1";"7";"0";"2";"1";"0";"0";""
"201900024794";"138 259 683";"A01";"1";"7";"4";"2";"0";"26";"0";""
"201900024795";"138 259 680";"A01";"1";"7";"8";"0";"2";"13";"1";""
"201900024796";"138 259 678";"B01";"2";"80";"0";"0";"0";"0";"3";""
"201900024796";"138 259 679";"A01";"2";"7";"0";"0";"0";"0";"3";""
"201900024797";"138 259 676";"A01";"2";"7";"0";"2";"4";"23";"1";""
"201900024797";"138 259 677";"B01";"2";"7";"0";"2";"2";"2";"1";""
"201900024798";"138 259 670";"F01";"3";"7";"0";"2";"4";"1";" -1";""
"201900024798";"138 259 671";"E01";"3";"7";"0";"2";"9";"1";" -1";""
"201900024798";"138 259 672";"D01";"3";"7";"0";"2";"1";"1";" -1";""
"201900024799";"138 259 666";"A01";"2";"33";"0";"2";"1";"17";"1";""
"201900024799";"138 259 667";"C01";"2";"7";"0";"2";"8";"1";"1";""
"201900024799";"138 259 668";"B01";"2";"7";"0";"2";"3";"9";"0";""
"201900024799";"138 259 669";"D01";"1";"7";"0";"2";"0";"1";"1";""
"201900024800";"138 259 665";"A01";"1";"34";"0";"1";"1";"1";"1";""
"201900024801";"138 259 664";"A01";"0";"20";"10";"0";"1";"26";"1";""
"201900024802";"138 259 663";"A01";"3";"7";"0";"1";"4";"20";"0";""
"201900024803";"138 259 661";"Z01";"1";"7";"11";"2";"1";"17";"1";""
"201900024803";"138 259 662";"B01";"1";"7";"11";"2";"3";"15";"1";""
"201900024804";"138 259 659";"A01";"3";"30";"0";"0";"0";"26";"1";""
"201900024804";"138 259 660";"Z01";"3";"7";"0";"0";"0";"26";"0";""
"201900024805";"138 259 657";"B01";"2";"7";"0";"2";"3";"1";"0";""
"201900024805";"138 259 658";"A01";"1";"7";"0";"2";"1";"19";"0";""
"201900024806";"138 259 656";"A01";"1";"7";"0";"1";"1";"0";"0";""
"201900024807";"138 259 654";"A01";"1";"33";"0";"2";"1";"0";"1";""
"201900024807";"138 259 655";"B01";"2";"7";"0";"2";"3";"1";"1";""
"201900024808";"138 259 653";"A01";"2";"17";"0";"1";"8";"15";"1";""
"201900024809";"138 259 651";"B01";"3";"7";"0";"2";"1";"23";"1";""
"201900024809";"138 259 652";"A01";"3";"3";"0";"2";"3";"21";"1";""
"201900024810";"138 259 650";"A01";"2";"7";"15";"0";"2";"1";"0";""
"201900024811";"138 259 648";"A01";"1";"7";"0";"2";"1";"2";"1";""
"201900024811";"138 259 649";"B01";"2";"7";"0";"2";"4";"2";"1";""
"201900024812";"138 259 647";"A01";"1";"7";"1";"0";"2";"14";"1";""
"201900024813";"138 259 644";"A01";"2";"7";"0";"2";"1";"2";"1";""
"201900024813";"138 259 645";"B01";"2";"7";"0";"2";"4";"2";"1";""
"201900024813";"138 259 646";"C01";"2";"10";"0";"2";"4";"2";"1";""
"201900024814";"138 259 643";"A01";"1";"7";"0";"1";"1";"1";"1";""
"201900024815";"138 259 642";"A01";"2";"40";"0";"1";"3";"1";"3";""
"201900024816";"138 259 640";"A01";"3";"32";"0";"2";"1";"1";"1";""
"201900024816";"138 259 641";"Z01";"2";"7";"0";"0";"0";"10";"0";""
"201900024817";"138 259 638";"A01";"1";"7";"0";"2";"2";"14";"1";""
"201900024817";"138 259 639";"B01";"1";"1";"0";"2";"2";"7";"5";""
"201900024818";"138 259 636";"Z01";"2";"33";"0";"2";"4";"12";"0";""
"201900024818";"138 259 637";"A01";"2";"32";"0";"2";"1";"1";"1";""
"201900024819";"138 259 634";"A01";"2";"7";"0";"2";"2";"1";"1";""
"201900024819";"138 259 635";"B01";"1";"33";"0";"2";"7";"1";"1";""
"201900024820";"138 259 632";"A01";"1";"7";"0";"2";"7";"22";"1";""
"201900024820";"138 259 633";"B01";"1";"1";"0";"2";"1";"1";"5";""
"201900024821";"138 259 631";"A01";"2";"30";"1";"0";"1";"14";"1";""
"201900024822";"138 259 629";"A01";"2";"7";"0";"2";"1";"1";"1";""
"201900024822";"138 259 630";"B01";"2";"7";"0";"2";"4";"23";"2";""
"201900024823";"138 259 627";"A01";"1";"33";"0";"2";"3";"17";"1";""
"201900024823";"138 259 628";"B01";"2";"7";"0";"2";"8";"15";"2";""
"201900024824";"138 259 626";"A01";"2";"30";"0";"1";"1";"16";"3";""
"201900024825";"138 259 624";"A01";"1";"50";"0";"2";"1";"18";"3";""
"201900024825";"138 259 625";"B01";"1";"1";"0";"2";"4";"1";"5";""
"201900024826";"138 259 622";"A01";"1";"7";"0";"2";"5";"15";"1";""
"201900024826";"138 259 623";"B01";"1";"32";"0";"2";"3";"1";"1";""
"201900024827";"138 259 621";"A01";"1";"7";"0";"2";"3";"1";"1";""
"201900024828";"138 259 619";"A01";"3";"7";"0";"2";"1";"9";"1";""
"201900024828";"138 259 620";"B01";"1";"50";"0";"2";"8";"25";"3";""
"201900024829";"138 259 617";"A01";"2";"37";"0";"2";"3";"23";"2";"1"
"201900024829";"138 259 618";"Z01";"2";"10";"0";"2";"2";"1";"1";""
"201900024830";"138 259 615";"A01";"2";"43";"0";"2";"4";"1";"1";""
"201900024830";"138 259 616";"B01";"2";"7";"0";"2";"1";"1";"1";""
"201900024831";"138 259 613";"B01";"2";"7";"0";"2";"3";"1";"1";""
"201900024831";"138 259 614";"A01";"1";"7";"0";"2";"1";"13";"1";""
"201900024832";"138 259 612";"A01";"1";"7";"0";"1";"3";"16";"1";""
"201900024833";"138 259 610";"B01";"1";"2";"0";"2";"3";"1";"1";""
"201900024833";"138 259 611";"A01";"1";"10";"0";"2";"2";"16";"1";""
"201900024834";"138 259 609";"A01";"1";"7";"11";"0";"1";"1";"1";""
"201900024835";"138 259 608";"A01";"1";"7";"0";"1";"0";"1";"0";""
"201900024836";"138 259 606";"B01";"1";"60";"0";"2";"7";"1";"5";""
"201900024836";"138 259 607";"A01";"1";"7";"0";"2";"7";"1";"1";""
"201900024837";"138 259 604";"Z01";"1";"10";"0";"2";"3";"15";"1";""
"201900024837";"138 259 605";"B01";"1";"50";"0";"2";"7";"17";"3";""
"201900024838";"138 259 602";"A01";"1";"50";"0";"2";"3";"14";"3";""
"201900024838";"138 259 603";"B01";"1";"10";"0";"2";"5";"23";"1";""
"201900024839";"138 259 600";"A01";"1";"7";"0";"2";"3";"1";"1";""
"201900024839";"138 259 601";"B01";"1";"34";"0";"2";"4";"15";"1";""
"201900024840";"138 259 598";"A01";"2";"10";"0";"2";"8";"9";"1";""
"201900024840";"138 259 599";"B01";"2";"1";"0";"2";"1";"1";"5";""
"201900024841";"138 259 596";"B01";"2";"7";"0";"2";"3";"10";"1";""
"201900024841";"138 259 597";"A01";"2";"33";"0";"2";"7";"17";"1";""
"201900024842";"138 259 594";"A01";"2";"7";"0";"2";"3";"13";"1";""
"201900024842";"138 259 595";"B01";"1";"7";"0";"2";"2";"1";"0";""
"201900024843";"138 259 592";"B01";"3";"7";"0";"2";"4";"23";"1";""
"201900024843";"138 259 593";"A01";"3";"7";"0";"2";"1";"2";"1";""
"201900024844";"138 259 591";"A01";"1";"0";"0";"1";"1";"19";"0";""
"201900024845";"138 259 589";"B01";"1";"31";"0";"2";"4";"23";"1";""
"201900024845";"138 259 590";"A01";"1";"7";"0";"2";"3";"9";"1";""
"201900024846";"138 259 587";"A01";"1";"7";"0";"2";"1";"0";"0";""
"201900024846";"138 259 588";"B01";"1";"7";"0";"2";"4";"1";"0";""
"201900024847";"138 259 585";"A01";"3";"7";"0";"2";"3";"13";"1";""
"201900024847";"138 259 586";"B01";"3";"10";"0";"2";"3";"1";"1";""
"201900024848";"138 259 583";"B01";"2";"2";"0";"2";"3";"1";"1";""
"201900024848";"138 259 584";"A01";"2";"10";"0";"2";"1";"1";"1";""
"201900024849";"138 259 581";"B01";"2";"33";"0";"2";"1";"1";"1";""
"201900024849";"138 259 582";"A01";"2";"7";"0";"2";"2";"14";"1";""
"201900024850";"138 259 579";"A01";"1";"2";"0";"2";"1";"1";"1";""
"201900024850";"138 259 580";"B01";"1";"32";"0";"2";"2";"1";"1";""
"201900024851";"138 259 578";"A01";"1";"2";"1";"0";"0";"1";"0";""
"201900024852";"138 259 577";"A01";"1";"7";"8";"0";"1";"1";"1";""
"201900024853";"138 259 576";"Z01";"1";"10";"0";"1";"1";"1";"1";""
"201900024854";"138 259 574";"A01";"0";"7";"0";"2";"0";"1";"1";""
"201900024854";"138 259 575";"B01";"0";"50";"0";"2";"0";"1";"3";""
"201900024855";"138 259 572";"B01";"1";"33";"0";"2";"3";"1";"1";""
"201900024855";"138 259 573";"A01";"2";"7";"0";"2";"1";"15";"1";""
"201900024856";"138 259 569";"C01";"1";"32";"0";"2";"1";"1";"1";""
"201900024856";"138 259 570";"B01";"1";"33";"0";"2";"4";"16";"1";""
"201900024856";"138 259 571";"A01";"1";"33";"0";"2";"3";"21";"1";""
"201900024857";"138 259 567";"B01";"0";"7";"0";"2";"8";"15";"1";""
"201900024857";"138 259 568";"A01";"0";"34";"0";"2";"1";"1";"1";""
"201900024858";"138 259 565";"A01";"2";"7";"0";"2";"3";"1";"1";""
"201900024858";"138 259 566";"B01";"0";"60";"0";"2";"1";"19";"5";""
"201900024859";"138 259 563";"B01";"0";"7";"0";"2";"8";"1";"1";""
"201900024859";"138 259 564";"A01";"0";"50";"0";"2";"1";"1";"3";""
"201900024860";"138 259 561";"A01";"1";"33";"14";"0";"8";"3";"1";""
"201900024860";"138 259 562";"B01";"1";"7";"0";"0";"5";"23";"1";""
"201900024861";"138 259 559";"B01";"2";"7";"0";"2";"4";"2";"1";""
"201900024861";"138 259 560";"A01";"2";"30";"0";"2";"1";"2";"1";""
"201900024862";"138 259 557";"B01";"2";"7";"0";"2";"3";"15";"1";""
"201900024862";"138 259 558";"A01";"2";"33";"0";"2";"2";"18";"1";""
"201900024863";"138 259 555";"B01";"2";"7";"0";"2";"2";"1";"1";""
"201900024863";"138 259 556";"A01";"3";"1";"0";"2";"1";"9";"5";""
"201900024864";"138 259 553";"B01";"1";"2";"0";"2";"7";"1";"1";""
"201900024864";"138 259 554";"A01";"1";"10";"0";"2";"3";"9";"1";""
"201900024865";"138 259 551";"A01";"2";"10";"0";"2";"1";"2";"1";""
"201900024865";"138 259 552";"B01";"2";"7";"0";"2";"4";"2";"1";""
"201900024866";"138 259 549";"B01";"1";"7";"0";"2";"1";"1";"1";""
"201900024866";"138 259 550";"A01";"2";"1";"0";"2";"7";"19";"5";""
"201900024867";"138 259 547";"A01";"3";"7";"0";"2";"1";"1";"1";""
"201900024867";"138 259 548";"B01";"3";"14";"0";"2";"7";"15";"1";""
"201900024868";"138 259 544";"C01";"1";"15";"0";"2";"4";"2";"1";""
"201900024868";"138 259 545";"B01";"1";"7";"0";"2";"4";"2";"1";""
"201900024868";"138 259 546";"A01";"1";"10";"0";"2";"1";"2";"1";""
"201900024869";"138 259 542";"A01";"1";"7";"0";"2";"1";"13";"1";""
"201900024869";"138 259 543";"B01";"2";"10";"0";"2";"1";"13";"1";""
"201900024870";"138 259 539";"C01";"1";"14";"0";"2";"1";"1";"1";""
"201900024870";"138 259 540";"B01";"1";"7";"0";"2";"9";"23";"1";""
"201900024870";"138 259 541";"A01";"1";"7";"0";"2";"1";"1";"1";""
"201900024871";"138 259 538";"A01";"3";"7";"13";"0";"2";"14";"1";""
"201900024872";"138 259 536";"A01";"1";"7";"0";"2";"3";"15";"1";""
"201900024872";"138 259 537";"B01";"2";"33";"0";"2";"1";"1";"1";""
"201900024873";"138 259 534";"B01";"1";"10";"0";"2";"1";"2";"1";""
"201900024873";"138 259 535";"A01";"1";"7";"0";"5";"0";"21";"1";""
"201900024874";"138 259 533";"A01";"3";"7";"13";"0";"2";"1";"1";""
"201900024875";"138 259 532";"A01";"1";"37";"0";"1";"1";"1";"1";"1"
"201900024876";"138 259 528";"B01";"1";"43";"1";"0";"9";"1";"1";""
"201900024876";"138 259 529";"A01";"3";"7";"0";"2";"1";"9";"1";""
"201900024877";"138 259 527";"A01";"3";"7";"0";"1";"2";"21";"1";""
"201900024878";"138 259 525";"B01";"3";"33";"0";"2";"3";"0";"1";""
"201900024878";"138 259 526";"A01";"3";"7";"0";"2";"2";"15";"1";""
"201900024879";"138 259 523";"B01";"3";"3";"0";"2";"3";"1";"0";""
"201900024879";"138 259 524";"A01";"3";"7";"0";"6";"0";"13";"0";""
"201900024880";"138 259 518";"A01";"1";"31";"0";"2";"1";"19";"1";""
"201900024880";"138 259 519";"B01";"0";"7";"0";"2";"3";"1";"1";""
"201900024881";"138 259 514";"B01";"3";"7";"0";"2";"8";"1";"1";""
"201900024881";"138 259 515";"A01";"3";"37";"0";"2";"1";"1";"2";"4"
"201900024882";"138 259 512";"A01";"3";"7";"0";"2";"3";"13";"1";""
"201900024882";"138 259 513";"B01";"3";"7";"0";"2";"3";"0";"1";""
"201900024883";"138 259 510";"A01";"2";"7";"0";"2";"8";"11";"1";""
"201900024883";"138 259 511";"B01";"2";"1";"0";"2";"7";"2";"5";""
"201900024884";"138 259 508";"B01";"2";"7";"0";"2";"4";"1";"1";""
"201900024884";"138 259 509";"A01";"2";"7";"0";"2";"1";"1";"1";""
"201900024885";"138 259 504";"B01";"2";"7";"0";"2";"4";"1";"1";""
"201900024885";"138 259 505";"A01";"2";"33";"0";"2";"1";"26";"1";""
"201900024886";"138 259 503";"A01";"1";"30";"0";"0";"3";"9";"1";""
"201900024887";"138 259 500";"A01";"3";"7";"0";"2";"3";"26";"1";""
"201900024887";"138 259 501";"B01";"3";"7";"0";"0";"5";"0";"1";""
"201900024887";"138 259 502";"C01";"3";"7";"0";"0";"6";"1";"1";""
"201900024888";"138 259 498";"B01";"2";"7";"0";"1";"8";"1";"1";""
"201900024888";"138 259 499";"A01";"2";"7";"0";"1";"2";"1";"1";""
"201900024889";"138 259 496";"A01";"2";"33";"0";"0";"8";"26";"1";""
"201900024890";"138 259 494";"C01";"1";"34";"0";"2";"4";"1";"1";""
"201900024890";"138 259 495";"D01";"1";"7";"0";"0";"4";"1";"1";""
"201900024891";"138 259 492";"C01";"1";"32";"0";"2";"9";"1";" -1";""
"201900024891";"138 259 493";"D01";"1";"99";"0";"2";"9";"1";" -1";""
"201900024892";"138 259 490";"B01";"3";"43";"0";"2";"1";"1";"1";""
"201900024892";"138 259 491";"A01";"3";"7";"0";"2";"7";"15";"1";""
"201900024893";"138 259 485";"D01";"1";"7";"0";"2";"4";"1";"0";""
"201900024893";"138 259 486";"B01";"1";"7";"0";"2";"1";"0";"0";""
"201900024893";"138 259 487";"C01";"1";"7";"0";"2";"1";"1";"0";""
"201900024893";"138 259 488";"A01";"1";"7";"0";"2";"1";"26";"0";""
"201900024894";"138 259 484";"A01";"2";"7";"0";"1";"2";"16";"1";""
"201900024895";"138 259 483";"A01";"0";"7";"0";"1";"1";"15";"1";""
"201900024896";"138 259 482";"A01";"3";"7";"3";"0";"1";"1";"1";""
"201900024897";"138 259 480";"B01";"0";"34";"0";"2";"1";"2";"1";""
"201900024897";"138 259 481";"A01";"0";"30";"0";"2";"1";"15";"1";""
"201900024898";"138 259 478";"B01";"2";"7";"0";"2";"7";"16";"0";""
"201900024898";"138 259 479";"A01";"2";"7";"0";"2";"3";"9";"0";""
"201900024899";"138 259 476";"A01";"2";"7";"0";"2";"3";"10";"1";""
"201900024899";"138 259 477";"B01";"2";"1";"0";"2";"8";"1";"0";""
"201900024900";"138 259 474";"B01";"2";"2";"0";"2";"1";"1";"1";""
"201900024900";"138 259 475";"A01";"1";"7";"0";"2";"8";"1";"1";""
"201900024901";"138 259 473";"A01";"3";"7";"1";"0";"0";"13";"1";""
"201900024902";"138 259 472";"A01";"1";"7";"1";"0";"2";"1";"1";""
"201900024903";"138 259 470";"A01";"0";"10";"0";"0";"1";"1";"0";""
"201900024903";"138 259 471";"B01";"0";"7";"0";"2";"4";"26";"0";""
"201900024904";"138 259 468";"B01";"3";"1";"0";"2";"7";"0";"0";""
"201900024904";"138 259 469";"A01";"3";"7";"0";"6";"3";"26";"1";""
"201900024905";"138 259 463";"B01";"1";"2";"0";"2";"2";"17";"1";""
"201900024905";"138 259 464";"A01";"1";"7";"0";"2";"6";"26";"1";""
"201900024906";"138 259 461";"A01";"2";"33";"0";"2";"7";"17";"1";""
"201900024906";"138 259 462";"B01";"2";"10";"0";"2";"8";"15";"1";""
"201900024907";"138 259 458";"A01";"1";"7";"0";"1";"2";"1";"0";""
"201900024908";"138 259 456";"A01";"2";"7";"0";"2";"1";"2";"1";""
"201900024908";"138 259 457";"B01";"2";"7";"0";"2";"4";"2";"1";""
"201900024909";"138 259 454";"A01";"1";"7";"0";"2";"7";"19";"1";""
"201900024909";"138 259 455";"B01";"1";"2";"0";"2";"1";"17";"1";""
"201900024910";"138 259 452";"B01";"1";"10";"0";"2";"3";"1";"1";""
"201900024910";"138 259 453";"A01";"2";"33";"0";"2";"1";"13";"1";""
"201900024911";"138 259 447";"B01";"2";"7";"0";"2";"1";"1";"1";""
"201900024911";"138 259 448";"A01";"1";"7";"0";"2";"1";"17";"1";""
"201900024912";"138 259 445";"B01";"1";"2";"0";"2";"1";"2";"1";""
"201900024912";"138 259 446";"A01";"1";"7";"0";"2";"5";"15";"1";""
"201900024913";"138 259 443";"A01";"2";"1";"0";"2";"1";"25";"5";""
"201900024913";"138 259 444";"B01";"2";"7";"0";"2";"2";"26";"1";""
"201900024914";"138 259 441";"A01";"1";"7";"0";"2";"8";"1";"1";""
"201900024914";"138 259 442";"Z01";"1";"7";"0";"2";"0";"12";"0";""
"201900024915";"138 259 439";"B01";"2";"33";"0";"2";"8";"1";"1";""
"201900024915";"138 259 440";"A01";"2";"7";"0";"2";"7";"12";"1";""
"201900024916";"138 259 436";"C01";"1";"10";"0";"2";"5";"1";"1";""
"201900024916";"138 259 437";"B01";"1";"33";"0";"2";"8";"3";"1";""
"201900024916";"138 259 438";"A01";"1";"7";"0";"2";"7";"12";"1";""
"201900024917";"138 259 435";"A01";"1";"34";"0";"0";"7";"1";"1";""
"201900024918";"138 259 433";"B01";"2";"33";"4";"2";"2";"3";"1";""
"201900024918";"138 259 434";"A01";"2";"7";"0";"2";"3";"11";"1";""
"201900024919";"138 259 430";"C01";"2";"7";"0";"2";"4";"2";"1";""
"201900024919";"138 259 431";"B01";"2";"7";"0";"2";"4";"2";"1";""
"201900024919";"138 259 432";"A01";"2";"7";"0";"2";"1";"2";"1";""
"201900024920";"138 259 428";"A01";"1";"7";"0";"2";"2";"11";"1";""
"201900024920";"138 259 429";"B01";"1";"7";"0";"2";"6";"1";"1";""
"201900024921";"138 259 425";"A01";"2";"10";"0";"2";"1";"1";"1";""
"201900024921";"138 259 426";"B01";"2";"7";"0";"2";"4";"23";"2";""
"201900024921";"138 259 427";"C01";"2";"7";"0";"2";"4";"23";"1";""
"201900024922";"138 259 423";"B01";"1";"32";"0";"2";"8";"9";"1";""
"201900024922";"138 259 424";"A01";"1";"15";"0";"2";"1";"1";"1";""
"201900024923";"138 259 422";"A01";"3";"7";"0";"1";"1";"1";"1";""
"201900024924";"138 259 421";"A01";"2";"50";"1";"0";"1";"14";"3";""
"201900024925";"138 259 419";"B01";"2";"50";"0";"2";"2";"1";"3";""
"201900024925";"138 259 420";"A01";"2";"14";"0";"2";"2";"16";"1";""
"201900024926";"138 259 417";"A01";"2";"50";"0";"2";"5";"7";"3";""
"201900024926";"138 259 418";"B01";"2";"7";"0";"2";"5";"16";"3";""
"201900024927";"138 259 414";"B01";"1";"30";"0";"2";"6";"9";"1";""
"201900024927";"138 259 415";"A01";"1";"7";"0";"2";"8";"24";"1";""
"201900024927";"138 259 416";"Z01";"1";"7";"0";"2";"6";"1";"1";""
"201900024928";"138 259 412";"A01";"1";"7";"0";"2";"8";"22";"1";""
"201900024928";"138 259 413";"B01";"1";"50";"0";"2";"2";"1";"3";""
"201900024929";"138 259 411";"A01";"2";"7";"0";"1";"2";"1";"1";""
"201900024930";"138 259 410";"A01";"3";"33";"0";"0";"2";"1";"1";""
"201900024931";"138 259 408";"B01";"1";"7";"0";"2";"2";"15";"1";""
"201900024931";"138 259 409";"A01";"2";"2";"0";"2";"1";"1";"1";""
"201900024932";"138 259 407";"A01";"1";"2";"0";"1";"1";"16";"1";""
"201900024933";"138 259 405";"A01";"1";"37";"0";"2";"1";"1";"2";"1"
"201900024933";"138 259 406";"B01";"1";"33";"0";"2";"4";"23";"1";""
"201900024934";"138 259 404";"Z01";"1";"43";"0";"1";"1";"1";"1";""
"201900024935";"138 259 402";"B01";"2";"7";"0";"2";"3";"16";"1";""
"201900024935";"138 259 403";"A01";"1";"30";"0";"2";"2";"1";"3";""
"201900024936";"138 259 401";"A01";"1";"1";"0";"1";"8";"7";"5";""
"201900024937";"138 259 399";"B01";"1";"30";"0";"2";"3";"1";"1";""
"201900024937";"138 259 400";"A01";"2";"30";"0";"2";"1";"5";"3";""
"201900024938";"138 259 398";"A01";"2";"30";"0";"1";"1";"1";"1";""
"201900024939";"138 259 397";"A01";"1";"7";"0";"1";"3";"1";"1";""
"201900024940";"138 259 396";"Z01";"0";"7";"0";"1";"0";"0";"0";""
"201900024941";"138 259 394";"B01";"3";"1";"0";"2";"1";"1";"5";""
"201900024941";"138 259 395";"A01";"3";"7";"0";"2";"4";"23";"1";""
"201900024942";"138 259 392";"A01";"2";"10";"0";"2";"1";"1";"1";""
"201900024942";"138 259 393";"B01";"2";"1";"0";"2";"8";"1";"5";""
"201900024943";"138 259 390";"B01";"3";"60";"0";"2";"0";"19";"5";""
"201900024943";"138 259 391";"A01";"1";"7";"0";"2";"7";"1";"3";""
"201900024944";"138 259 389";"A01";"1";"37";"0";"1";"2";"1";"6";"1"
"201900024945";"138 259 388";"A01";"1";"32";"0";"1";"8";"1";"1";""
"201900024946";"138 259 387";"A01";"1";"30";"0";"1";"0";"21";"1";""
"201900024947";"138 259 385";"B01";"3";"7";"0";"2";"4";"23";"1";""
"201900024947";"138 259 386";"A01";"3";"10";"0";"2";"1";"2";"1";""
"201900024948";"138 259 384";"Z01";"1";"33";"0";"1";"7";"1";"0";""
"201900024949";"138 259 382";"A01";"2";"7";"0";"2";"3";"15";"1";""
"201900024949";"138 259 383";"B01";"1";"33";"0";"2";"1";"1";"1";""
"201900024950";"138 259 380";"A01";"2";"1";"0";"4";"1";"19";"5";""
"201900024950";"138 259 381";"B01";"1";"40";"0";"2";"3";"1";"3";""
"201900024951";"138 259 378";"B01";"1";"33";"0";"2";"1";"1";"1";""
"201900024951";"138 259 379";"A01";"0";"1";"0";"2";"7";"15";"5";""
"201900024952";"138 259 377";"A01";"1";"10";"0";"1";"4";"4";"1";""
"201900024953";"138 259 376";"A01";"1";"2";"1";"0";"2";"14";"1";""
"201900024954";"138 259 375";"Z01";"2";"30";"0";"1";"0";"1";"1";""
"201900024955";"138 259 373";"A01";"2";"33";"0";"2";"1";"1";"1";""
"201900024955";"138 259 374";"B01";"1";"7";"0";"2";"3";"1";"1";""
"201900024956";"138 259 372";"A01";"1";"37";"7";"0";"3";"1";"1";"2"
"201900024957";"138 259 370";"A01";"1";"7";"0";"2";"5";"1";"1";""
"201900024957";"138 259 371";"B01";"2";"50";"0";"2";"8";"1";"3";""
"201900024958";"138 259 367";"C01";"2";"10";"0";"2";"8";"1";"1";""
"201900024958";"138 259 368";"B01";"1";"33";"0";"2";"8";"17";"1";""
"201900024958";"138 259 369";"A01";"1";"10";"0";"2";"1";"13";"1";""
"201900024959";"138 259 366";"A01";"1";"7";"1";"1";"2";"1";"2";""
"201900024960";"138 259 365";"A01";"2";"7";"12";"0";"3";"13";"1";""
"201900024961";"138 259 364";"A01";"2";"34";"0";"1";"1";"1";"1";""
"201900024962";"138 259 362";"A01";"2";"10";"8";"2";"3";"1";"1";""
"201900024962";"138 259 363";"B01";"1";"10";"1";"2";"6";"1";"1";""