"Num_Acc";"id_vehicule";"num_veh";"senc";"catv";"obs";"obsm";"choc";"manv";"motor";"occutc"
"201900025170";"138 258 993";"A01";"1";"7";"0";"2";"3";"21";"1";""
"201900025171";"138 258 989";"Z01";"3";"2";"0";"1";"1";"0";"1";""
"201900025171";"138 258 990";"B01";"1";"7";"0";"2";"5";"16";"1";""
"201900025172";"138 258 987";"A01";"1";"30";"0";"2";"1";"15";"1";""
"201900025172";"138 258 988";"B01";"2";"32";"0";"2";"3";"1";"1";""
"201900025173";"138 258 985";"B01";"1";"3";"1";"0";"0";"0";"0";""
"201900025173";"138 258 986";"A01";"1";"34";"1";"2";"1";"1";"0";""
"201900025174";"138 258 983";"B01";"2";"3";"0";"2";"3";"9";"6";""
"201900025174";"138 258 984";"A01";"1";"3";"0";"2";"2";"21";"6";""
"201900025175";"138 258 981";"A01";"3";"7";"0";"2";"1";"15";"1";""
"201900025175";"138 258 982";"B01";"3";"7";"0";"2";"7";"2";"1";""
"201900025176";"138 258 980";"A01";"1";"7";"0";"1";"1";"1";"1";""
"201900025177";"138 258 978";"B01";"1";"3";"14";"2";"0";"0";"0";""
"201900025177";"138 258 979";"A01";"1";"37";"0";"2";"2";"1";"0";"2"
"201900025178";"138 258 977";"Z01";"3";"34";"0";"1";"1";"1";"1";""
"201900025179";"138 258 976";"A01";"1";"7";"0";"1";"2";"1";"6";""
"201900025180";"138 258 974";"A01";"1";"99";"0";"2";"1";"26";"0";""
"201900025180";"138 258 975";"B01";"3";"7";"0";"2";"1";"19";"6";""
"201900025181";"138 258 972";"A01";"1";"7";"0";"2";"8";"10";"1";""
"201900025181";"138 258 973";"B01";"1";"33";"0";"2";"2";"1";"1";""
"201900025182";"138 258 970";"A01";"1";"7";"0";"6";"2";"16";"1";""
"201900025182";"138 258 971";"B01";"1";"1";"0";"2";"7";"1";"5";""
"201900025183";"138 258 968";"B01";"3";"1";"0";"2";"4";"11";"5";""
"201900025183";"138 258 969";"A01";"3";"7";"0";"6";"3";"11";"0";""
"201900025184";"138 258 967";"A01";"1";"7";"1";"0";"5";"20";"1";""
"201900025185";"138 258 965";"B01";"3";"31";"0";"2";"1";"1";"1";""
"201900025185";"138 258 966";"A01";"3";"7";"0";"2";"3";"1";"1";""
"201900025186";"138 258 964";"A01";"3";"37";"0";"1";"3";"1";"1";"1"
"201900025187";"138 258 963";"A01";"1";"7";"13";"0";"2";"1";"1";""
"201900025188";"138 258 961";"B01";"2";"7";"0";"0";"1";"1";"1";""
"201900025188";"138 258 962";"A01";"1";"7";"3";"0";"1";"13";"1";""
"201900025189";"138 258 960";"A01";"2";"33";"0";"0";"8";"15";"1";""
"201900025190";"138 258 958";"B01";"2";"7";"0";"0";"5";"1";"1";""
"201900025190";"138 258 959";"A01";"2";"7";"0";"2";"2";"1";"1";""
"201900025191";"138 258 957";"A01";"0";"0";"0";"1";"0";"1";"0";""
"201900025192";"138 258 956";"A01";"1";"7";"2";"0";"1";"1";"1";""
"201900025193";"138 258 954";"B01";"1";"7";"0";"2";"8";"2";"1";""
"201900025193";"138 258 955";"A01";"1";"7";"2";"2";"1";"17";"1";""
"201900025194";"138 258 951";"C01";"3";"1";"0";"2";"0";"21";"5";""
"201900025194";"138 258 952";"B01";"3";"1";"0";"2";"7";"21";"5";""
"201900025194";"138 258 953";"A01";"3";"36";"0";"9";"1";"15";"1";""
"201900025195";"138 258 950";"A01";"3";"33";"0";"0";"1";"1";"1";""
"201900025196";"138 258 948";"A01";"1";"7";"8";"0";"2";"14";"1";""
"201900025197";"138 258 946";"A01";"2";"10";"0";"2";"1";"1";"1";""
"201900025197";"138 258 947";"B01";"2";"14";"0";"0";"4";"2";"1";""
"201900025198";"138 258 945";"A01";"1";"34";"7";"0";"3";"0";"1";""
"201900025199";"138 258 944";"A01";"3";"7";"0";"1";"4";"4";"1";""
"201900025200";"138 258 942";"A01";"0";"2";"0";"2";"1";"9";"1";""
"201900025200";"138 258 943";"B01";"0";"7";"0";"2";"8";"1";"1";""
"201900025201";"138 258 940";"A01";"3";"10";"0";"2";"1";"16";"1";""
"201900025201";"138 258 941";"B01";"3";"2";"0";"2";"8";"1";"1";""
"201900025202";"138 258 938";"B01";"2";"7";"0";"0";"4";"0";"0";""
"201900025202";"138 258 939";"A01";"2";"7";"0";"2";"1";"0";"0";""
"201900025203";"138 258 937";"A01";"1";"33";"0";"0";"1";"16";"1";""
"201900025204";"138 258 936";"A01";"2";"7";"13";"0";"8";"1";"1";""
"201900025205";"138 258 933";"C01";"2";"7";"0";"2";"3";"1";"1";""
"201900025205";"138 258 934";"B01";"2";"7";"0";"2";"8";"1";"1";""
"201900025205";"138 258 935";"A01";"1";"17";"0";"2";"8";"13";"1";""
"201900025206";"138 258 932";"A01";"1";"7";"13";"1";"1";"1";"1";""
"201900025207";"138 258 929";"A01";"1";"31";"12";"0";"1";"1";"0";""
"201900025208";"138 258 928";"A01";"1";"7";"0";"0";"8";"1";"1";""
"201900025209";"138 258 926";"A01";"1";"7";"0";"2";"6";"11";"1";""
"201900025209";"138 258 927";"B01";"1";"7";"0";"2";"2";"17";"1";""
"201900025210";"138 258 925";"A01";"1";"7";"2";"0";"2";"1";"1";""
"201900025211";"138 258 924";"A01";"2";"7";"2";"0";"1";"1";"1";""
"201900025212";"138 258 921";"A01";"2";"7";"2";"0";"3";"0";"1";""
"201900025213";"138 258 917";"B01";"2";"1";"0";"2";"7";"5";"5";""
"201900025213";"138 258 918";"A01";"2";"32";"0";"2";"8";"1";"1";""
"201900025214";"138 258 916";"A01";"2";"43";"0";"1";"2";"1";"1";""
"201900025215";"138 258 914";"A01";"1";"7";"0";"2";"1";"1";"1";""
"201900025215";"138 258 915";"B01";"1";"14";"0";"2";"4";"23";"1";""
"201900025216";"138 258 912";"A01";"3";"37";"0";"2";"2";"1";"1";"3"
"201900025216";"138 258 913";"B01";"3";"7";"0";"2";"3";"11";"1";""
"201900025217";"138 258 910";"A01";"2";"32";"0";"2";"1";"18";"1";""
"201900025217";"138 258 911";"B01";"2";"7";"0";"2";"4";"23";"1";""
"201900025218";"138 258 909";"A01";"2";"7";"1";"0";"9";"14";"1";""
"201900025219";"138 258 907";"B01";"2";"7";"0";"2";"5";"2";"1";""
"201900025219";"138 258 908";"A01";"2";"43";"0";"2";"1";"2";"1";""
"201900025220";"138 258 906";"Z01";"2";"1";"0";"1";"0";"1";"5";""
"201900025221";"138 258 904";"A01";"1";"31";"0";"2";"8";"17";"1";""
"201900025221";"138 258 905";"B01";"1";"7";"0";"2";"8";"15";"1";""
"201900025222";"138 258 902";"A01";"3";"7";"0";"2";"3";"1";"1";""
"201900025222";"138 258 903";"B01";"3";"7";"0";"2";"2";"1";"1";""
"201900025223";"138 258 900";"B01";"1";"7";"0";"2";"1";"26";"1";""
"201900025223";"138 258 901";"A01";"1";"2";"0";"2";"7";"26";"1";""
"201900025224";"138 258 897";"A01";"2";"7";"0";"2";"8";"1";"1";""
"201900025224";"138 258 898";"C01";"2";"7";"0";"2";"2";"15";"1";""
"201900025224";"138 258 899";"B01";"2";"7";"0";"2";"1";"1";"1";""
"201900025225";"138 258 895";"B01";"2";"7";"8";"2";"8";"1";"1";""
"201900025225";"138 258 896";"A01";"1";"7";"0";"2";"1";"1";"1";""
"201900025226";"138 258 893";"A01";"1";"10";"0";"0";"2";"10";"1";""
"201900025226";"138 258 894";"B01";"1";"33";"0";"2";"1";"1";"0";""
"201900025227";"138 258 892";"A01";"1";"7";"4";"4";"1";"21";"0";""
"201900025228";"138 258 890";"A01";"2";"7";"0";"2";"3";"15";"0";""
"201900025228";"138 258 891";"B01";"1";"32";"0";"2";"1";"1";"0";""
"201900025229";"138 258 887";"B01";"2";"7";"0";"2";"7";"0";"0";""
"201900025229";"138 258 888";"C01";"3";"10";"0";"2";"0";"26";"0";""
"201900025229";"138 258 889";"A01";"3";"7";"0";"2";"8";"11";"0";""
"201900025230";"138 258 886";"A01";"2";"7";"0";"1";"1";"1";"1";""
"201900025231";"138 258 884";"A01";"1";"10";"1";"0";"3";"22";"0";""
"201900025231";"138 258 885";"B01";"1";"1";"1";"0";"0";"26";"5";""
"201900025232";"138 258 883";"A01";"2";"7";"0";"1";"1";"1";"3";""
"201900025233";"138 258 881";"B01";"2";"33";"0";"2";"7";"1";"1";""
"201900025233";"138 258 882";"A01";"2";"7";"0";"2";"3";"15";"1";""
"201900025234";"138 258 879";"A01";"1";"30";"0";"2";"3";"15";"1";""
"201900025234";"138 258 880";"B01";"1";"33";"1";"0";"0";"0";"1";""
"201900025235";"138 258 877";"A01";"1";"10";"0";"2";"2";"16";"1";""
"201900025235";"138 258 878";"B01";"1";"1";"0";"2";"1";"1";"0";""
"201900025236";"138 258 875";"B01";"2";"33";"0";"2";"6";"1";"1";""
"201900025236";"138 258 876";"A01";"2";"33";"0";"2";"1";"1";"1";""
"201900025237";"138 258 873";"B01";"1";"7";"0";"2";"3";"1";"1";""
"201900025237";"138 258 874";"A01";"1";"7";"0";"2";"3";"1";"1";""
"201900025238";"138 258 871";"B01";"3";"2";"0";"0";"0";"0";"1";""
"201900025238";"138 258 872";"A01";"3";"10";"0";"0";"0";"5";"1";""
"201900025239";"138 258 869";"A01";"2";"32";"0";"2";"1";"1";"1";""
"201900025239";"138 258 870";"Z01";"1";"7";"0";"2";"2";"10";"1";""
"201900025240";"138 258 867";"B01";"1";"7";"0";"2";"1";"1";"1";""
"201900025240";"138 258 868";"A01";"2";"7";"0";"2";"8";"13";"1";""
"201900025241";"138 258 866";"A01";"1";"15";"4";"0";"3";"0";"1";""
"201900025242";"138 258 863";"C01";"2";"10";"0";"2";"1";"1";"1";""
"201900025242";"138 258 864";"B01";"2";"7";"0";"2";"6";"1";"1";""
"201900025242";"138 258 865";"A01";"1";"7";"0";"2";"3";"13";"1";""
"201900025243";"138 258 862";"A01";"3";"7";"0";"1";"2";"4";"1";""
"201900025244";"138 258 861";"A01";"3";"7";"13";"0";"2";"14";"0";""
"201900025245";"138 258 859";"A01";"2";"7";"0";"2";"3";"17";"1";""
"201900025245";"138 258 860";"B01";"2";"31";"0";"2";"2";"17";"1";""
"201900025246";"138 258 857";"A01";"1";"7";"13";"0";"7";"14";"1";""
"201900025246";"138 258 858";"B01";"1";"7";"0";"2";"1";"2";"1";""
"201900025247";"138 258 856";"A01";"1";"15";"2";"0";"1";"1";"1";""
"201900025248";"138 258 854";"A01";"1";"33";"0";"2";"3";"13";"1";""
"201900025248";"138 258 855";"B01";"2";"7";"0";"2";"3";"1";"1";""
"201900025249";"138 258 850";"B01";"2";"60";"0";"2";"1";"1";" -1";""
"201900025249";"138 258 851";"A01";"1";"7";"0";"1";"6";"1";"1";""
"201900025250";"138 258 848";"B01";"3";"33";"0";"2";"1";"1";"1";""
"201900025250";"138 258 849";"A01";"3";"7";"6";"2";"2";"1";"1";""
"201900025251";"138 258 847";"A01";"2";"7";"13";"0";"3";"1";"1";""
"201900025252";"138 258 844";"C01";"2";"10";"0";"2";"6";"1";"1";""
"201900025252";"138 258 845";"B01";"2";"7";"0";"2";"1";"1";"1";""
"201900025252";"138 258 846";"A01";"1";"7";"0";"2";"1";"17";"1";""
"201900025253";"138 258 842";"A01";"1";"7";"0";"2";"3";"9";"1";""
"201900025253";"138 258 843";"B01";"2";"2";"0";"2";"1";"1";"1";""
"201900025254";"138 258 840";"B01";"3";"7";"0";"9";"3";"1";"1";""
"201900025254";"138 258 841";"A01";"3";"1";"0";"2";"1";"13";"5";""
"201900025255";"138 258 837";"A01";"2";"7";"0";"2";"2";"13";"1";""
"201900025255";"138 258 838";"B01";"1";"7";"0";"2";"2";"21";"1";""
"201900025256";"138 258 835";"A01";"1";"7";"0";"2";"3";"13";"1";""
"201900025256";"138 258 836";"B01";"2";"15";"0";"2";"3";"1";"0";""
"201900025257";"138 258 834";"A01";"3";"36";"17";"0";"2";"0";"1";""
"201900025258";"138 258 832";"B01";"1";"10";"0";"2";"1";"1";"1";""
"201900025258";"138 258 833";"A01";"2";"7";"0";"2";"1";"13";"1";""
"201900025259";"138 258 831";"A01";"1";"7";"4";"0";"0";"1";"1";""
"201900025260";"138 258 829";"B01";"1";"7";"10";"2";"3";"1";"0";""
"201900025260";"138 258 830";"A01";"2";"7";"3";"2";"6";"13";"0";""
"201900025261";"138 258 827";"A01";"1";"33";"0";"2";"1";"17";"1";""
"201900025261";"138 258 828";"B01";"2";"37";"0";"2";"8";"1";"1";"1"
"201900025262";"138 258 825";"A01";"2";"1";"0";"2";"1";"1";"5";""
"201900025262";"138 258 826";"B01";"1";"7";"0";"9";"8";"9";"1";""
"201900025263";"138 258 823";"A01";"2";"31";"0";"2";"1";"17";"1";""
"201900025263";"138 258 824";"B01";"2";"7";"0";"2";"3";"15";"1";""
"201900025264";"138 258 822";"A01";"3";"33";"0";"0";"1";"0";"1";""
"201900025265";"138 258 821";"A01";"2";"7";"0";"1";"1";"16";"0";""
"201900025266";"138 258 820";"A01";"0";"7";"2";"0";"1";"1";"1";""
"201900025267";"138 258 817";"C01";"3";"7";"0";"2";"1";"1";"1";""
"201900025267";"138 258 818";"A01";"0";"33";"0";"2";"1";"1";"1";""
"201900025267";"138 258 819";"B01";"0";"7";"0";"2";"2";"15";"1";""
"201900025268";"138 258 815";"A01";"0";"31";"0";"2";"5";"1";"1";""
"201900025268";"138 258 816";"B01";"0";"7";"0";"2";"2";"17";"1";""
"201900025269";"138 258 813";"A01";"1";"7";"0";"2";"8";"9";"6";""
"201900025269";"138 258 814";"B01";"1";"2";"0";"2";"7";"2";"6";""
"201900025270";"138 258 811";"A01";"2";"7";"0";"2";"3";"15";"1";""
"201900025270";"138 258 812";"B01";"1";"33";"0";"2";"1";"1";"1";""
"201900025271";"138 258 810";"A01";"2";"10";"8";"0";"1";"1";"1";""
"201900025272";"138 258 809";"A01";"0";"7";"15";"0";"2";"1";"1";""
"201900025273";"138 258 808";"A01";"3";"2";"16";"0";"9";"21";"1";""
"201900025274";"138 258 807";"A01";"2";"7";"0";"1";"1";"2";"1";""
"201900025275";"138 258 805";"B01";"0";"2";"0";"2";"8";"13";"1";""
"201900025275";"138 258 806";"A01";"3";"7";"0";"2";"8";"17";"0";""
"201900025276";"138 258 803";"A01";"1";"7";"0";"2";"7";"17";"1";""
"201900025276";"138 258 804";"B01";"1";"7";"13";"2";"8";"1";"1";""
"201900025277";"138 258 801";"B01";"0";"2";"0";"2";"1";"26";"1";""
"201900025277";"138 258 802";"A01";"0";"7";"0";"0";"3";"26";"1";""
"201900025278";"138 258 800";"A01";"2";"33";"12";"0";"3";"13";"1";""
"201900025279";"138 258 799";"A01";"2";"7";"0";"0";"0";"23";"1";""
"201900025280";"138 258 797";"B01";"2";"10";"0";"2";"6";"11";"1";""
"201900025280";"138 258 798";"A01";"2";"7";"0";"2";"2";"11";"1";""
"201900025281";"138 258 795";"A01";"2";"7";"0";"2";"8";"11";"1";""
"201900025281";"138 258 796";"B01";"2";"31";"0";"2";"1";"1";"1";""
"201900025282";"138 258 792";"A01";"2";"7";"0";"2";"2";"26";"1";""
"201900025282";"138 258 793";"C01";"2";"7";"0";"2";"1";"0";"1";""
"201900025282";"138 258 794";"B01";"2";"10";"0";"2";"6";"0";"1";""
"201900025283";"138 258 789";"C01";"1";"7";"0";"2";"4";"0";"1";""
"201900025283";"138 258 790";"B01";"1";"7";"0";"2";"4";"0";"1";""
"201900025283";"138 258 791";"A01";"1";"10";"0";"2";"1";"26";"1";""
"201900025284";"138 258 787";"B01";"1";"43";"0";"2";"1";"1";"1";""
"201900025284";"138 258 788";"A01";"1";"10";"0";"2";"4";"12";"1";""
"201900025285";"138 258 785";"B01";"1";"7";"0";"2";"1";"1";"1";""
"201900025285";"138 258 786";"A01";"1";"7";"0";"2";"4";"1";"1";""
"201900025286";"138 258 782";"A01";"1";"7";"0";"2";"4";"9";"1";""
"201900025286";"138 258 783";"C01";"1";"7";"0";"2";"1";"2";"1";""
"201900025286";"138 258 784";"B01";"1";"7";"0";"2";"4";"2";"1";""
"201900025287";"138 258 781";"A01";"2";"7";"0";"0";"9";"16";"1";""
"201900025288";"138 258 777";"A01";"2";"7";"0";"2";"8";"1";"1";""
"201900025288";"138 258 778";"B01";"2";"7";"0";"2";"8";"21";"1";""
"201900025288";"138 258 779";"C01";"2";"7";"0";"2";"6";"1";"1";""
"201900025288";"138 258 780";"D01";"2";"7";"0";"2";"7";"1";"3";""
"201900025289";"138 258 774";"A01";"2";"17";"0";"2";"1";"26";"1";""
"201900025289";"138 258 775";"B01";"2";"17";"0";"0";"4";"0";"0";""
"201900025290";"138 258 770";"B01";"2";"33";"0";"2";"8";"1";"1";""
"201900025290";"138 258 771";"A01";"1";"7";"0";"2";"1";"1";"1";""
"201900025291";"138 258 769";"A01";"3";"30";"0";"0";"3";"0";"1";""
"201900025292";"138 258 768";"A01";"3";"31";"0";"0";"0";"1";"1";""
"201900025293";"138 258 766";"A01";"2";"30";"0";"2";"1";"0";"1";""
"201900025293";"138 258 767";"B01";"1";"7";"0";"2";"1";"0";"1";""
"201900025294";"138 258 764";"A01";"0";"30";"0";"2";"1";"11";"0";""
"201900025294";"138 258 765";"B01";"2";"30";"0";"2";"1";"1";"0";""
"201900025295";"138 258 762";"B01";"2";"7";"0";"2";"2";"1";"1";""
"201900025295";"138 258 763";"A01";"2";"7";"0";"2";"3";"9";"1";""
"201900025296";"138 258 761";"A01";"3";"7";"14";"0";"9";"12";"0";""
"201900025297";"138 258 759";"B01";"1";"7";"0";"2";"3";"15";"1";""
"201900025297";"138 258 760";"A01";"2";"7";"0";"2";"3";"13";"1";""
"201900025298";"138 258 757";"B01";"3";"7";"0";"2";"1";"2";"1";""
"201900025298";"138 258 758";"A01";"3";"7";"0";"6";"4";"15";"1";""
"201900025299";"138 258 753";"A01";"0";"7";"0";"1";"0";"20";"1";""
"201900025300";"138 258 748";"B01";"3";"7";"0";"2";"1";"13";"1";""
"201900025300";"138 258 749";"A01";"3";"7";"0";"2";"1";"1";"1";""
"201900025301";"138 258 745";"Z01";"3";"7";"0";"6";"0";"17";"0";""
"201900025302";"138 258 743";"B01";"1";"7";"0";"2";"4";"9";"1";""
"201900025302";"138 258 744";"A01";"1";"7";"0";"2";"1";"2";"1";""
"201900025303";"138 258 739";"B01";"1";"2";"0";"2";"5";"23";"1";""
"201900025303";"138 258 740";"A01";"1";"2";"1";"0";"1";"1";"1";""
"201900025304";"138 258 738";"A01";"0";"7";"0";"1";"1";"1";"1";""
"201900025305";"138 258 736";"A01";"1";"7";"0";"2";"2";"19";"1";""
"201900025305";"138 258 737";"B01";"2";"7";"0";"2";"3";"2";"1";""
"201900025306";"138 258 734";"B01";"1";"7";"1";"2";"8";"1";"1";""
"201900025306";"138 258 735";"A01";"1";"7";"0";"2";"1";"1";"1";""
"201900025307";"138 258 732";"B01";"3";"33";"0";"2";"0";"3";"0";""
"201900025307";"138 258 733";"A01";"3";"10";"0";"2";"3";"15";"0";""
"201900025308";"138 258 730";"B01";"2";"7";"0";"2";"4";"2";"1";""
"201900025308";"138 258 731";"A01";"2";"7";"0";"2";"1";"2";"1";""
"201900025309";"138 258 729";"A01";"1";"7";"8";"0";"1";"1";"1";""
"201900025310";"138 258 727";"B01";"0";"37";"1";"0";"1";"13";"0";"2"
"201900025310";"138 258 728";"A01";"3";"7";"0";"0";"2";"0";"0";""
"201900025311";"138 258 725";"Z01";"3";"7";"0";"2";"1";"1";"0";""
"201900025311";"138 258 726";"B01";"0";"7";"0";"2";"5";"1";"0";""
"201900025312";"138 258 724";"A01";"2";"7";"0";"0";"0";"13";"1";""
"201900025313";"138 258 722";"A01";"2";"30";"0";"1";"3";"18";"3";""
"201900025313";"138 258 723";"B01";"2";"7";"0";"2";"7";"23";"1";""
"201900025314";"138 258 720";"A01";"3";"10";"0";"2";"2";"16";"1";""
"201900025314";"138 258 721";"B01";"3";"30";"0";"2";"3";"1";"1";""
"201900025315";"138 258 718";"A01";"2";"34";"0";"2";"2";"1";"1";""
"201900025315";"138 258 719";"B01";"2";"10";"0";"2";"6";"10";"1";""
"201900025316";"138 258 716";"Z01";"2";"7";"0";"2";"0";"16";"0";""
"201900025316";"138 258 717";"A01";"2";"2";"0";"2";"0";"16";"1";""
"201900025317";"138 258 714";"B01";"1";"7";"0";"2";"4";"23";"1";""
"201900025317";"138 258 715";"A01";"1";"10";"0";"2";"1";"1";"1";""
"201900025318";"138 258 712";"B01";"3";"7";"0";"2";"4";"23";"1";""
"201900025318";"138 258 713";"A01";"3";"7";"0";"2";"1";"1";"1";""
"201900025319";"138 258 710";"A01";"2";"31";"0";"2";"3";"13";"1";""
"201900025319";"138 258 711";"B01";"2";"7";"0";"2";"7";"1";"1";""
"201900025320";"138 258 708";"A01";"1";"30";"0";"2";"1";"17";"3";""
"201900025320";"138 258 709";"B01";"1";"10";"0";"2";"3";"17";"1";""
"201900025321";"138 258 706";"A01";"1";"7";"0";"2";"1";"15";"1";""
"201900025321";"138 258 707";"B01";"1";"30";"0";"2";"1";"1";"1";""
"201900025322";"138 258 704";"A01";"1";"7";"0";"2";"3";"15";"1";""
"201900025322";"138 258 705";"B01";"1";"32";"0";"2";"7";"15";"1";""
"201900025323";"138 258 702";"A01";"2";"32";"0";"2";"0";"17";"1";""
"201900025323";"138 258 703";"B01";"2";"7";"0";"2";"8";"15";"1";""
"201900025324";"138 258 701";"A01";"1";"43";"0";"1";"1";"1";"1";""
"201900025325";"138 258 699";"B01";"1";"50";"0";"2";"0";"1";"3";""
"201900025325";"138 258 700";"A01";"2";"7";"0";"2";"0";"1";"1";""
"201900025326";"138 258 697";"A01";"1";"3";"0";"2";"5";"15";"0";""
"201900025326";"138 258 698";"B01";"2";"2";"0";"2";"1";"2";"0";""
"201900025327";"138 258 695";"A01";"1";"10";"0";"6";"2";"9";"0";""
"201900025327";"138 258 696";"B01";"1";"1";"12";"0";"0";"2";"0";""
"201900025328";"138 258 694";"A01";"0";"7";"0";"1";"0";"0";" -1";""
"201900025329";"138 258 692";"B01";"1";"10";"0";"2";"3";"1";"1";""
"201900025329";"138 258 693";"A01";"0";"30";"0";"2";"1";"1";"1";""
"201900025330";"138 258 691";"A01";"1";"7";"0";"0";"1";"26";"1";""
"201900025331";"138 258 690";"B01";"2";"7";"0";"0";"0";"19";"0";""
"201900025332";"138 258 687";"C01";"1";"7";"0";"2";"1";"23";"1";""
"201900025332";"138 258 688";"B01";"1";"7";"0";"2";"1";"23";"1";""
"201900025332";"138 258 689";"A01";"1";"7";"0";"2";"1";"16";"1";""
"201900025333";"138 258 685";"B01";"2";"7";"0";"2";"3";"1";"1";""
"201900025333";"138 258 686";"A01";"1";"30";"0";"2";"2";"1";"1";""
"201900025334";"138 258 683";"A01";"1";"7";"0";"2";"7";"15";"1";""
"201900025334";"138 258 684";"B01";"1";"33";"0";"2";"1";"1";"1";""
"201900025335";"138 258 681";"A01";"2";"7";"0";"2";"1";"1";"1";""
"201900025335";"138 258 682";"B01";"1";"7";"0";"2";"1";"1";"1";""
"201900025336";"138 258 679";"B01";"1";"7";"0";"0";"6";"15";"1";""
"201900025336";"138 258 680";"A01";"1";"33";"0";"2";"1";"1";"1";""
"201900025337";"138 258 675";"B01";"2";"7";"0";"0";"6";"1";"1";""
"201900025337";"138 258 676";"A01";"2";"7";"15";"0";"1";"17";"1";""
"201900025338";"138 258 674";"A01";"2";"7";"3";"0";"3";"1";"1";""
"201900025339";"138 258 673";"A01";"2";"7";"0";"1";"0";"1";"0";""
"201900025340";"138 258 671";"B01";"2";"1";"0";"2";"4";"1";"5";""
"201900025340";"138 258 672";"A01";"2";"7";"0";"2";"2";"1";"1";""
"201900025341";"138 258 669";"A01";"1";"7";"16";"0";"1";"1";"1";""
"201900025342";"138 258 668";"A01";"0";"7";"6";"0";"4";"14";"1";""
"201900025343";"138 258 666";"B01";"3";"80";"0";"2";"1";"1";"3";""
"201900025343";"138 258 667";"A01";"3";"7";"0";"0";"5";"16";"0";""
"201900025344";"138 258 664";"A01";"3";"7";"0";"2";"4";"4";"1";""
"201900025344";"138 258 665";"B01";"3";"2";"0";"2";"7";"1";"1";""
"201900025345";"138 258 662";"A01";"1";"7";"8";"2";"7";"1";"1";""
"201900025345";"138 258 663";"B01";"1";"7";"0";"2";"1";"1";"6";""
"201900025346";"138 258 660";"B01";"3";"7";"0";"2";"8";"15";"1";""
"201900025346";"138 258 661";"A01";"2";"7";"0";"2";"2";"1";"1";""
"201900025347";"138 258 659";"A01";"2";"7";"0";"1";"1";"16";"1";""
"201900025348";"138 258 657";"A01";"2";"33";"0";"2";"1";"1";"0";""
"201900025348";"138 258 658";"B01";"1";"7";"0";"2";"6";"15";"0";""
"201900025349";"138 258 655";"A01";"0";"7";"0";"2";"3";"1";"1";""
"201900025349";"138 258 656";"B01";"0";"2";"0";"2";"1";"0";"1";""
"201900025350";"138 258 654";"A01";"2";"7";"0";"0";"9";"1";"1";""
"201900025351";"138 258 653";"A01";"0";"7";"5";"0";"1";"1";"1";""
"201900025352";"138 258 651";"A01";"2";"7";"0";"2";"1";"11";"1";""
"201900025352";"138 258 652";"B01";"2";"15";"0";"0";"4";"1";"1";""
"201900025353";"138 258 650";"A01";"2";"7";"0";"1";"2";"1";"0";""
"201900025354";"138 258 649";"A01";"1";"7";"3";"0";"3";"11";"1";""
"201900025355";"138 258 648";"A01";"2";"33";"0";"0";"0";"11";"1";""
"201900025356";"138 258 647";"A01";"1";"10";"13";"0";"1";"14";"1";""
"201900025357";"138 258 645";"B01";"1";"7";"0";"1";"6";"23";"6";""
"201900025357";"138 258 646";"A01";"1";"7";"1";"0";"2";"1";"6";""
"201900025358";"138 258 642";"C01";"2";"7";"0";"2";"3";"1";"1";""
"201900025358";"138 258 643";"B01";"2";"7";"0";"2";"3";"1";"1";""
"201900025358";"138 258 644";"A01";"1";"34";"0";"2";"1";"1";"1";""
"201900025359";"138 258 640";"B01";"0";"7";"0";"2";"8";"15";"1";""
"201900025359";"138 258 641";"A01";"3";"33";"0";"2";"2";"17";"1";""
"201900025360";"138 258 638";"A01";"1";"7";"0";"0";"4";"2";"1";""
"201900025360";"138 258 639";"B01";"1";"33";"0";"2";"1";"2";"1";""
"201900025361";"138 258 636";"B01";"2";"7";"0";"2";"0";"1";"0";""
"201900025361";"138 258 637";"A01";"2";"7";"13";"2";"0";"1";"1";""
"201900025362";"138 258 634";"B01";"3";"33";"0";"2";"5";"1";"1";""
"201900025362";"138 258 635";"A01";"3";"7";"0";"9";"3";"2";"1";""
"201900025363";"138 258 632";"B01";"1";"7";"0";"2";"1";"1";"1";""
"201900025363";"138 258 633";"A01";"2";"7";"8";"0";"8";"15";"1";""
"201900025364";"138 258 631";"A01";"3";"33";"0";"0";"2";"0";"1";""
"201900025365";"138 258 629";"A01";"1";"7";"15";"2";"1";"26";"1";""
"201900025365";"138 258 630";"B01";"1";"7";"0";"2";"4";"1";"1";""
"201900025366";"138 258 627";"B01";"1";"7";"0";"2";"2";"15";"0";""
"201900025366";"138 258 628";"A01";"2";"7";"0";"2";"8";"26";"0";""
"201900025367";"138 258 626";"A01";"1";"33";"0";"0";"7";"1";"1";""
"201900025368";"138 258 623";"C01";"2";"7";"0";"2";"1";"14";"1";""
"201900025368";"138 258 624";"B01";"2";"7";"0";"2";"1";"13";"1";""
"201900025368";"138 258 625";"A01";"2";"7";"0";"2";"7";"1";"1";""
"201900025369";"138 258 621";"A01";"1";"7";"0";"2";"8";"24";"1";""
"201900025369";"138 258 622";"B01";"2";"7";"0";"2";"2";"21";"1";""
"201900025370";"138 258 619";"A01";"2";"13";"0";"2";"2";"1";"1";""
"201900025370";"138 258 620";"B01";"2";"7";"0";"2";"8";"0";"1";""