"Num_Acc";"id_vehicule";"num_veh";"senc";"catv";"obs";"obsm";"choc";"manv";"motor";"occutc"
"201900025371";"138 258 618";"A01";"2";"7";"4";"0";"3";"13";"1";""
"201900025372";"138 258 615";"A01";"1";"7";"0";"2";"1";"2";"1";""
"201900025372";"138 258 616";"B01";"1";"7";"0";"2";"4";"2";"1";""
"201900025372";"138 258 617";"C01";"1";"7";"0";"2";"4";"2";"1";""
"201900025373";"138 258 614";"A01";"1";"7";"4";"0";"8";"13";"1";""
"201900025374";"138 258 612";"A01";"1";"7";"4";"2";"2";"14";"1";""
"201900025374";"138 258 613";"B01";"1";"7";"4";"2";"8";"1";"1";""
"201900025375";"138 258 611";"A01";"2";"7";"4";"0";"5";"1";"1";""
"201900025376";"138 258 610";"A01";"1";"7";"3";"0";"2";"14";"1";""
"201900025377";"138 258 609";"A01";"1";"7";"2";"0";"3";"0";"1";""
"201900025378";"138 258 608";"A01";"2";"7";"4";"0";"6";"0";"1";""
"201900025379";"138 258 604";"C01";"1";"10";"1";"0";"1";"2";"1";""
"201900025379";"138 258 605";"B01";"1";"10";"0";"2";"4";"1";"1";""
"201900025379";"138 258 606";"A01";"1";"10";"0";"2";"1";"2";"1";""
"201900025380";"138 258 603";"A01";"2";"7";"3";"0";"1";"0";"1";""
"201900025381";"138 258 601";"B01";"2";"7";"0";"2";"4";"2";"1";""
"201900025381";"138 258 602";"A01";"2";"7";"0";"2";"1";"1";"1";""
"201900025382";"138 258 600";"A01";"1";"7";"3";"0";"1";"1";"1";""
"201900025383";"138 258 598";"A01";"1";"7";"4";"0";"3";"1";"1";""
"201900025384";"138 258 595";"B01";"2";"7";"0";"2";"3";"1";"1";""
"201900025384";"138 258 596";"C01";"2";"7";"0";"2";"2";"1";"1";""
"201900025384";"138 258 597";"A01";"2";"7";"4";"2";"3";"5";"1";""
"201900025385";"138 258 585";"A01";"1";"7";"0";"1";"1";"1";"1";""
"201900025386";"138 258 579";"B01";"2";"2";"0";"2";"3";"16";"1";""
"201900025386";"138 258 580";"A01";"1";"7";"0";"2";"2";"15";"1";""
"201900025387";"138 258 577";"A01";"2";"7";"0";"2";"1";"0";"1";""
"201900025387";"138 258 578";"B01";"1";"7";"0";"2";"8";"1";"1";""
"201900025388";"138 258 575";"Z01";"1";"7";"0";"2";"0";"0";"0";""
"201900025388";"138 258 576";"B01";"1";"7";"0";"2";"5";"9";"1";""
"201900025389";"138 258 573";"B01";"1";"32";"0";"2";"8";"1";"1";""
"201900025389";"138 258 574";"Z01";"1";"7";"0";"2";"0";"0";"0";""
"201900025390";"138 258 571";"B01";"0";"1";"0";"0";"5";"1";"5";""
"201900025390";"138 258 572";"A01";"0";"7";"0";"2";"1";"1";"1";""
"201900025391";"138 258 570";"A01";"3";"7";"0";"1";"1";"26";"1";""
"201900025392";"138 258 568";"A01";"3";"7";"0";"2";"1";"26";"1";""
"201900025392";"138 258 569";"B01";"3";"33";"0";"2";"7";"1";"1";""
"201900025393";"138 258 566";"A01";"2";"37";"0";"2";"8";"26";"0";"1"
"201900025393";"138 258 567";"B01";"2";"33";"1";"2";"7";"17";"0";""
"201900025394";"138 258 565";"A01";"1";"7";"8";"0";"1";"1";"1";""
"201900025395";"138 258 562";"A01";"1";"7";"0";"1";"1";"15";"1";""
"201900025396";"138 258 561";"A01";"2";"7";"0";"1";"2";"1";"1";""
"201900025397";"138 258 558";"A01";"2";"7";"0";"1";"3";"15";"1";""
"201900025398";"138 258 545";"A01";"2";"7";"0";"1";"3";"15";"1";""
"201900025399";"138 258 540";"A01";"3";"7";"0";"6";"3";"25";"1";""
"201900025399";"138 258 541";"B01";"3";"1";"0";"2";"1";"25";"6";""
"201900025400";"138 258 538";"A01";"1";"7";"0";"6";"1";"16";"1";""
"201900025400";"138 258 539";"B01";"3";"1";"0";"2";"8";"0";"5";""
"201900025401";"138 258 537";"A01";"1";"40";"0";"1";"3";"1";"3";""
"201900025402";"138 258 536";"A01";"1";"7";"0";"1";"1";"1";"1";""
"201900025403";"138 258 534";"A01";"1";"1";"0";"2";"1";"1";"5";""
"201900025403";"138 258 535";"B01";"2";"7";"0";"2";"3";"1";"1";""
"201900025404";"138 258 533";"A01";"1";"7";"0";"1";"6";"4";"1";""
"201900025405";"138 258 531";"B01";"2";"1";"0";"2";"4";"1";"5";""
"201900025405";"138 258 532";"A01";"1";"7";"0";"2";"1";"15";"1";""
"201900025406";"138 258 529";"A01";"1";"7";"0";"2";"1";"16";"1";""
"201900025406";"138 258 530";"B01";"2";"1";"0";"2";"1";"1";"0";""
"201900025407";"138 258 528";"A01";"1";"40";"0";"1";"0";"1";"3";""
"201900025408";"138 258 527";"A01";"1";"7";"0";"1";"0";"1";"1";""
"201900025409";"138 258 526";"Z01";"1";"30";"0";"1";"0";"1";"1";""
"201900025410";"138 258 524";"B01";"2";"2";"0";"2";"1";"0";"1";""
"201900025410";"138 258 525";"A01";"1";"7";"0";"2";"1";"0";"1";""
"201900025411";"138 258 522";"B01";"1";"33";"0";"2";"1";"1";"1";""
"201900025411";"138 258 523";"A01";"1";"7";"0";"2";"2";"2";"1";""
"201900025412";"138 258 520";"B01";"2";"1";"0";"2";"7";"1";"5";""
"201900025412";"138 258 521";"A01";"1";"7";"0";"2";"1";"1";"1";""
"201900025413";"138 258 518";"B01";"2";"1";"0";"2";"7";"1";"5";""
"201900025413";"138 258 519";"A01";"1";"7";"0";"2";"1";"1";"1";""
"201900025414";"138 258 516";"A01";"1";"10";"0";"2";"2";"15";"1";""
"201900025414";"138 258 517";"B01";"2";"31";"0";"2";"1";"1";"1";""
"201900025415";"138 258 515";"A01";"1";"7";"0";"1";"2";"11";"1";""
"201900025416";"138 258 513";"B01";"1";"33";"0";"2";"3";"1";"1";""
"201900025416";"138 258 514";"A01";"1";"7";"0";"2";"7";"16";"1";""
"201900025417";"138 258 512";"A01";"1";"30";"0";"1";"3";"1";"1";""
"201900025418";"138 258 510";"B01";"1";"1";"0";"2";"0";"1";"5";""
"201900025418";"138 258 511";"A01";"1";"7";"0";"2";"2";"1";"1";""
"201900025419";"138 258 508";"B01";"2";"7";"0";"2";"2";"15";"1";""
"201900025419";"138 258 509";"A01";"1";"2";"0";"2";"1";"1";"1";""
"201900025420";"138 258 506";"B01";"2";"50";"0";"2";"0";"0";"3";""
"201900025420";"138 258 507";"A01";"1";"7";"0";"1";"1";"9";"2";""
"201900025421";"138 258 505";"A01";"1";"1";"0";"1";"1";"1";"5";""
"201900025422";"138 258 503";"B01";"1";"7";"0";"2";"4";"2";"1";""
"201900025422";"138 258 504";"A01";"1";"7";"0";"2";"1";"2";"1";""
"201900025423";"138 258 502";"A01";"1";"7";"0";"1";"3";"1";"1";""
"201900025424";"138 258 501";"A01";"1";"7";"1";"1";"7";"26";"1";""
"201900025425";"138 258 499";"B01";"2";"2";"0";"2";"1";"1";"1";""
"201900025425";"138 258 500";"A01";"1";"7";"0";"2";"5";"1";"1";""
"201900025426";"138 258 497";"A01";"1";"7";"0";"2";"3";"1";"1";""
"201900025426";"138 258 498";"B01";"2";"7";"0";"2";"2";"1";"1";""
"201900025427";"138 258 495";"B01";"2";"1";"0";"2";"7";"19";"5";""
"201900025427";"138 258 496";"A01";"1";"7";"0";"2";"1";"15";"1";""
"201900025428";"138 258 493";"B01";"2";"2";"0";"2";"1";"1";"1";""
"201900025428";"138 258 494";"A01";"1";"7";"0";"2";"5";"15";"1";""
"201900025429";"138 258 492";"A01";"1";"1";"0";"1";"3";"1";"5";""
"201900025430";"138 258 490";"A01";"1";"7";"0";"2";"3";"9";"1";""
"201900025430";"138 258 491";"B01";"1";"7";"0";"2";"1";"1";"0";""
"201900025431";"138 258 488";"B01";"3";"7";"0";"2";"1";"1";"1";""
"201900025431";"138 258 489";"A01";"3";"7";"0";"2";"2";"15";"1";""
"201900025432";"138 258 486";"B01";"3";"7";"0";"2";"2";"1";"1";""
"201900025432";"138 258 487";"A01";"3";"7";"0";"2";"1";"1";"1";""
"201900025433";"138 258 485";"A01";"1";"7";"0";"1";"1";"1";"1";""
"201900025434";"138 258 484";"A01";"1";"7";"5";"0";"2";"1";"1";""
"201900025435";"138 258 482";"B01";"1";"2";"0";"2";"0";"1";"1";""
"201900025435";"138 258 483";"A01";"1";"7";"0";"2";"2";"1";"1";""
"201900025436";"138 258 480";"A01";"1";"7";"0";"2";"1";"1";"1";""
"201900025436";"138 258 481";"B01";"1";"7";"0";"2";"1";"1";"1";""
"201900025437";"138 258 477";"A01";"0";"7";"0";"2";"1";"9";"1";""
"201900025437";"138 258 478";"C01";"1";"2";"0";"2";"1";"17";"1";""
"201900025437";"138 258 479";"B01";"1";"2";"0";"2";"1";"17";"1";""
"201900025438";"138 258 475";"B01";"1";"1";"0";"2";"1";"1";"5";""
"201900025438";"138 258 476";"A01";"1";"7";"0";"2";"1";"9";"1";""
"201900025439";"138 258 473";"A01";"2";"10";"0";"2";"1";"2";"1";""
"201900025439";"138 258 474";"B01";"1";"7";"0";"2";"4";"2";"1";""
"201900025440";"138 258 472";"A01";"1";"7";"0";"1";"1";"1";"1";""
"201900025441";"138 258 471";"A01";"1";"7";"0";"1";"1";"1";"1";""
"201900025442";"138 258 469";"A01";"1";"7";"0";"2";"1";"2";"1";""
"201900025442";"138 258 470";"B01";"1";"7";"0";"2";"4";"2";"1";""
"201900025443";"138 258 467";"A01";"0";"1";"0";"2";"3";"9";"5";""
"201900025443";"138 258 468";"B01";"0";"7";"0";"2";"2";"9";"1";""
"201900025444";"138 258 465";"A01";"0";"32";"0";"2";"1";"2";"1";""
"201900025444";"138 258 466";"B01";"0";"7";"0";"2";"6";"15";"1";""
"201900025445";"138 258 463";"A01";"0";"1";"0";"2";"2";"0";"5";""
"201900025445";"138 258 464";"B01";"0";"7";"0";"2";"1";"1";"1";""
"201900025446";"138 258 461";"A01";"0";"7";"0";"2";"2";"1";"1";""
"201900025446";"138 258 462";"B01";"0";"7";"0";"2";"3";"1";"1";""
"201900025447";"138 258 459";"B01";"1";"7";"0";"2";"6";"23";"1";""
"201900025447";"138 258 460";"A01";"1";"7";"0";"2";"3";"16";"1";""
"201900025448";"138 258 457";"A01";"1";"2";"0";"2";"3";"1";"0";""
"201900025448";"138 258 458";"B01";"2";"7";"0";"2";"8";"1";"0";""
"201900025449";"138 258 455";"A01";"1";"7";"0";"2";"1";"19";"0";""
"201900025449";"138 258 456";"B01";"1";"2";"0";"0";"0";"17";"0";""
"201900025450";"138 258 453";"A01";"2";"7";"0";"2";"1";"1";"1";""
"201900025450";"138 258 454";"B01";"2";"7";"0";"2";"4";"2";"1";""
"201900025451";"138 258 451";"B01";"2";"1";"0";"2";"4";"2";"0";""
"201900025451";"138 258 452";"A01";"2";"7";"0";"2";"1";"2";"1";""
"201900025452";"138 258 449";"A01";"2";"7";"0";"2";"1";"15";"1";""
"201900025452";"138 258 450";"B01";"2";"1";"0";"2";"2";"1";"0";""
"201900025453";"138 258 447";"B01";"2";"10";"0";"2";"4";"1";"1";""
"201900025453";"138 258 448";"A01";"2";"10";"0";"2";"1";"1";"1";""
"201900025454";"138 258 446";"A01";"1";"33";"0";"1";"7";"17";"1";""
"201900025455";"138 258 445";"A01";"3";"7";"2";"0";"1";"14";"1";""
"201900025456";"138 258 444";"A01";"3";"7";"15";"1";"1";"26";"0";""
"201900025457";"138 258 443";"A01";"1";"7";"0";"0";"0";"1";"1";""
"201900025458";"138 258 442";"Z01";"2";"7";"0";"1";"0";"1";"0";""
"201900025459";"138 258 440";"B01";"2";"7";"0";"2";"1";"1";"1";""
"201900025459";"138 258 441";"A01";"1";"7";"0";"2";"2";"15";"1";""
"201900025460";"138 258 439";"A01";"1";"7";"1";"0";"3";"13";"1";""
"201900025461";"138 258 437";"B01";"3";"30";"0";"2";"7";"0";"1";""
"201900025461";"138 258 438";"A01";"3";"7";"0";"2";"3";"9";"1";""
"201900025462";"138 258 434";"A01";"2";"7";"0";"2";"2";"15";"1";""
"201900025462";"138 258 435";"B01";"1";"7";"0";"2";"1";"1";"1";""
"201900025463";"138 258 433";"A01";"1";"33";"14";"0";"1";"14";"1";""
"201900025464";"138 258 431";"B01";"3";"1";"0";"2";"1";"19";"0";""
"201900025464";"138 258 432";"A01";"2";"10";"0";"1";"1";"1";"0";""
"201900025465";"138 258 429";"A01";"1";"30";"0";"2";"1";"17";"1";""
"201900025465";"138 258 430";"B01";"1";"7";"0";"2";"3";"15";"1";""
"201900025466";"138 258 427";"B01";"2";"7";"0";"2";"4";"1";"1";""
"201900025466";"138 258 428";"A01";"2";"37";"0";"2";"1";"1";"1";"1"
"201900025467";"138 258 425";"B01";"1";"10";"0";"2";"4";"2";"1";""
"201900025467";"138 258 426";"A01";"1";"33";"0";"2";"1";"2";"1";""
"201900025468";"138 258 423";"B01";"1";"7";"0";"2";"5";"2";"1";""
"201900025468";"138 258 424";"A01";"1";"30";"0";"2";"1";"2";"1";""
"201900025469";"138 258 421";"B01";"2";"7";"0";"2";"4";"2";"1";""
"201900025469";"138 258 422";"A01";"2";"7";"0";"2";"1";"2";"1";""
"201900025470";"138 258 419";"B01";"2";"7";"0";"2";"3";"1";"1";""
"201900025470";"138 258 420";"A01";"2";"7";"0";"2";"1";"13";"1";""
"201900025471";"138 258 418";"A01";"2";"43";"12";"0";"2";"0";"1";""
"201900025472";"138 258 416";"A01";"1";"2";"0";"2";"1";"15";"1";""
"201900025472";"138 258 417";"B01";"2";"7";"0";"2";"7";"1";"1";""
"201900025473";"138 258 415";"A01";"2";"7";"8";"0";"2";"13";"1";""
"201900025474";"138 258 413";"B01";"1";"7";"0";"2";"3";"13";"1";""
"201900025474";"138 258 414";"A01";"2";"30";"0";"2";"1";"13";"1";""
"201900025475";"138 258 411";"A01";"1";"7";"0";"2";"3";"15";"1";""
"201900025475";"138 258 412";"B01";"2";"7";"0";"2";"8";"2";"1";""
"201900025476";"138 258 410";"A01";"1";"7";"0";"1";"1";"1";"1";""
"201900025477";"138 258 409";"A01";"1";"7";"15";"0";"2";"26";"6";""
"201900025478";"138 258 407";"B01";"2";"37";"0";"2";"2";"1";"1";"1"
"201900025478";"138 258 408";"A01";"2";"7";"0";"2";"3";"1";"1";""
"201900025479";"138 258 405";"B01";"1";"7";"0";"2";"3";"15";"1";""
"201900025479";"138 258 406";"A01";"1";"33";"0";"2";"2";"17";"1";""
"201900025480";"138 258 403";"B01";"2";"2";"0";"2";"2";"2";"1";""
"201900025480";"138 258 404";"A01";"1";"7";"0";"2";"3";"13";"1";""
"201900025481";"138 258 399";"B01";"2";"7";"0";"2";"4";"2";"1";""
"201900025481";"138 258 400";"D01";"2";"7";"0";"2";"4";"2";"1";""
"201900025481";"138 258 401";"C01";"2";"7";"0";"2";"4";"2";"1";""
"201900025481";"138 258 402";"A01";"2";"7";"0";"2";"1";"2";"1";""
"201900025482";"138 258 397";"B01";"1";"7";"0";"2";"1";"15";"1";""
"201900025482";"138 258 398";"A01";"1";"2";"0";"2";"1";"1";"1";""
"201900025483";"138 258 395";"B01";"2";"10";"0";"2";"4";"1";"1";""
"201900025483";"138 258 396";"A01";"2";"32";"0";"2";"1";"2";"1";""
"201900025484";"138 258 393";"A01";"1";"7";"0";"2";"1";"6";"1";""
"201900025484";"138 258 394";"B01";"1";"7";"0";"2";"4";"6";"1";""
"201900025485";"138 258 392";"A01";"1";"1";"0";"0";"0";"26";"5";""
"201900025486";"138 258 390";"A01";"1";"7";"0";"2";"2";"15";"1";""
"201900025486";"138 258 391";"B01";"2";"2";"0";"2";"2";"1";"1";""
"201900025487";"138 258 389";"A01";"2";"32";"12";"0";"2";"1";"1";""
"201900025488";"138 258 388";"A01";"2";"2";"0";"1";"0";"21";"1";""
"201900025489";"138 258 386";"B01";"0";"31";"0";"2";"2";"1";"1";""
"201900025489";"138 258 387";"A01";"0";"7";"0";"2";"6";"9";"1";""
"201900025490";"138 258 385";"A01";"2";"7";"0";"1";"1";"1";"1";""
"201900025491";"138 258 383";"A01";"3";"7";"0";"2";"8";"19";"1";""
"201900025491";"138 258 384";"B01";"2";"2";"0";"2";"1";"1";"1";""
"201900025492";"138 258 381";"B01";"2";"2";"0";"0";"7";"1";"1";""
"201900025492";"138 258 382";"A01";"3";"7";"0";"0";"0";"19";"1";""
"201900025493";"138 258 380";"A01";"1";"30";"0";"0";"0";"0";"1";""
"201900025494";"138 258 379";"A01";"2";"7";"0";"1";"1";"1";"1";""
"201900025495";"138 258 377";"B01";"1";"7";"0";"2";"3";"15";"1";""
"201900025495";"138 258 378";"A01";"1";"2";"0";"2";"1";"17";"1";""
"201900025496";"138 258 376";"A01";"1";"2";"0";"0";"8";"1";"1";""
"201900025497";"138 258 374";"B01";"2";"7";"0";"2";"6";"1";"1";""
"201900025497";"138 258 375";"A01";"2";"31";"0";"2";"1";"2";"1";""
"201900025498";"138 258 372";"A01";"2";"33";"0";"2";"1";"1";"1";""
"201900025498";"138 258 373";"B01";"2";"7";"0";"2";"6";"23";"1";""
"201900025499";"138 258 369";"A01";"1";"7";"0";"2";"6";"11";"1";""
"201900025499";"138 258 370";"B01";"1";"33";"0";"2";"7";"11";"1";""
"201900025499";"138 258 371";"C01";"1";"10";"0";"2";"4";"23";"1";""
"201900025500";"138 258 368";"Z01";"2";"10";"0";"1";"0";"1";"1";""
"201900025501";"138 258 367";"A01";"2";"33";"0";"1";"1";"1";"1";""
"201900025502";"138 258 366";"A01";"1";"7";"0";"0";"0";"9";"1";""
"201900025503";"138 258 364";"A01";"1";"38";"0";"2";"3";"9";"1";"1"
"201900025503";"138 258 365";"B01";"2";"33";"0";"2";"7";"1";"1";""
"201900025504";"138 258 361";"Z01";"1";"7";"0";"2";"1";"2";"1";""
"201900025504";"138 258 362";"C01";"1";"7";"0";"2";"4";"1";"1";""
"201900025504";"138 258 363";"B01";"1";"7";"0";"2";"4";"2";"1";""
"201900025505";"138 258 359";"A01";"2";"7";"0";"2";"7";"15";"1";""
"201900025505";"138 258 360";"B01";"1";"33";"0";"2";"1";"1";"1";""
"201900025506";"138 258 356";"A01";"1";"7";"0";"1";"0";"1";"1";""
"201900025507";"138 258 354";"B01";"0";"33";"0";"2";"0";"1";"1";""
"201900025507";"138 258 355";"A01";"0";"7";"0";"2";"0";"15";"1";""
"201900025508";"138 258 352";"B01";"1";"7";"0";"0";"4";"2";"1";""
"201900025508";"138 258 353";"A01";"1";"1";"0";"2";"1";"2";"6";""
"201900025509";"138 258 350";"B01";"1";"10";"0";"2";"7";"14";"1";""
"201900025509";"138 258 351";"A01";"1";"7";"0";"2";"8";"0";"1";""
"201900025510";"138 258 347";"B01";"1";"2";"0";"2";"7";"21";"1";""
"201900025510";"138 258 348";"A01";"2";"7";"0";"2";"1";"26";"1";""
"201900025511";"138 258 345";"A01";"0";"7";"0";"1";"4";"26";"1";""
"201900025512";"138 258 344";"A01";"2";"7";"0";"1";"2";"1";"1";""
"201900025513";"138 258 342";"A01";"1";"7";"0";"2";"1";"26";"1";""
"201900025513";"138 258 343";"B01";"1";"2";"0";"2";"0";"0";"1";""
"201900025514";"138 258 341";"A01";"1";"7";"0";"1";"1";"1";"1";""
"201900025515";"138 258 339";"A01";"2";"7";"0";"1";"1";"1";"1";""
"201900025515";"138 258 340";"B01";"1";"7";"0";"1";"3";"0";"1";""
"201900025516";"138 258 337";"A01";"3";"7";"0";"2";"6";"9";"1";""
"201900025516";"138 258 338";"B01";"3";"7";"0";"2";"1";"9";"1";""
"201900025517";"138 258 336";"A01";"1";"10";"0";"1";"2";"1";"1";""
"201900025518";"138 258 333";"B01";"1";"33";"1";"2";"1";"2";"0";""
"201900025518";"138 258 334";"C01";"1";"7";"1";"2";"8";"24";"0";""
"201900025518";"138 258 335";"A01";"1";"7";"1";"2";"4";"1";"0";""
"201900025519";"138 258 331";"A01";"1";"7";"0";"2";"2";"1";"1";""
"201900025519";"138 258 332";"B01";"1";"2";"0";"2";"1";"1";"1";""
"201900025520";"138 258 330";"A01";"2";"7";"1";"0";"9";"0";"1";""
"201900025521";"138 258 328";"B01";"0";"7";"0";"2";"1";"1";"1";""
"201900025521";"138 258 329";"A01";"0";"7";"0";"2";"1";"15";"1";""
"201900025522";"138 258 326";"B01";"1";"33";"0";"2";"3";"1";"1";""
"201900025522";"138 258 327";"A01";"2";"7";"0";"2";"1";"15";"1";""
"201900025523";"138 258 324";"A01";"1";"7";"0";"2";"1";"19";"1";""
"201900025523";"138 258 325";"B01";"1";"31";"0";"2";"8";"1";"1";""
"201900025524";"138 258 322";"B01";"1";"7";"0";"2";"2";"15";"1";""
"201900025524";"138 258 323";"A01";"1";"7";"0";"2";"8";"1";"1";""
"201900025525";"138 258 321";"A01";"2";"33";"0";"0";"0";"1";"1";""
"201900025526";"138 258 318";"A01";"2";"7";"0";"2";"4";"2";"1";""
"201900025526";"138 258 319";"B01";"2";"30";"0";"2";"1";"2";"1";""
"201900025527";"138 258 317";"A01";"1";"7";"0";"1";"1";"16";"1";""
"201900025528";"138 258 315";"A01";"1";"7";"0";"2";"3";"1";"1";""
"201900025528";"138 258 316";"B01";"2";"7";"0";"0";"3";"13";"1";""
"201900025529";"138 258 313";"B01";"1";"2";"0";"2";"7";"17";"1";""
"201900025529";"138 258 314";"A01";"1";"7";"0";"2";"8";"15";"1";""
"201900025530";"138 258 311";"A01";"2";"7";"0";"2";"2";"2";"1";""
"201900025530";"138 258 312";"B01";"2";"3";"0";"2";"6";"1";"1";""
"201900025531";"138 258 307";"B01";"2";"0";"0";"1";"1";"26";"0";""
"201900025532";"138 258 306";"A01";"1";"33";"0";"1";"1";"21";"1";""
"201900025533";"138 258 305";"A01";"2";"7";"0";"1";"2";"26";"6";""
"201900025534";"138 258 303";"A01";"3";"10";"0";"1";"1";"15";"1";""
"201900025535";"138 258 302";"A01";"1";"7";"15";"0";"1";"5";"1";""
"201900025536";"138 258 299";"B01";"2";"7";"0";"2";"6";"1";"1";""
"201900025536";"138 258 300";"C01";"1";"7";"0";"2";"1";"1";"1";""
"201900025536";"138 258 301";"A01";"2";"7";"0";"2";"2";"17";"1";""
"201900025537";"138 258 285";"B01";"2";"7";"0";"2";"1";"1";"1";""
"201900025537";"138 258 286";"A01";"1";"7";"0";"2";"8";"19";"1";""
"201900025538";"138 258 282";"A01";"2";"7";"0";"1";"1";"13";"1";""
"201900025539";"138 258 279";"B01";"1";"33";"0";"2";"5";"1";"1";""
"201900025539";"138 258 280";"A01";"1";"7";"0";"2";"2";"9";"1";""
"201900025540";"138 258 278";"A01";"1";"7";"0";"1";"1";"1";"1";""
"201900025541";"138 258 276";"Z01";"2";"7";"0";"2";"8";"17";"1";""
"201900025541";"138 258 277";"B01";"1";"1";"0";"2";"8";"1";"5";""
"201900025542";"138 258 275";"A01";"3";"7";"0";"1";"1";"1";"1";""
"201900025543";"138 258 271";"B01";"0";"99";"0";"2";"0";"0";"1";""
"201900025543";"138 258 272";"A01";"2";"33";"0";"2";"1";"13";"0";""
"201900025544";"138 258 270";"Z01";"3";"7";"0";"2";"1";"1";"0";""
"201900025545";"138 258 258";"A01";"3";"7";"0";"2";"3";"15";"1";""
"201900025545";"138 258 259";"B01";"2";"31";"0";"2";"1";"1";"1";""
"201900025546";"138 258 254";"B01";"1";"40";"0";"2";"1";"2";"3";""
"201900025546";"138 258 255";"A01";"1";"7";"8";" -1";"2";"5";"1";""
"201900025547";"138 258 252";"B01";"3";"7";"0";"2";"3";"15";"1";""
"201900025547";"138 258 253";"A01";"3";"7";"0";"2";"2";"13";"1";""
"201900025548";"138 258 250";"B01";"1";"7";"1";"0";"2";"1";"1";""
"201900025548";"138 258 251";"A01";"1";"7";"0";"2";"8";"22";"1";""
"201900025549";"138 258 249";"A01";"3";"30";"0";"1";"6";"17";"0";""
"201900025550";"138 258 247";"A01";"2";"31";"0";"2";"1";"19";"1";""
"201900025550";"138 258 248";"B01";"3";"7";"0";"2";"8";"1";"1";""
"201900025551";"138 258 245";"B01";"1";"7";"0";"2";"8";"19";"1";""
"201900025551";"138 258 246";"A01";"1";"10";"0";"2";"1";"15";"1";""
"201900025552";"138 258 243";"B01";"1";"7";"0";"2";"8";"9";"1";""
"201900025552";"138 258 244";"A01";"1";"7";"0";"2";"1";"1";"1";""
"201900025553";"138 258 242";"Z01";"2";"99";"0";"1";"7";"0";"0";""
"201900025554";"138 258 240";"A01";"1";"7";"0";"0";"0";"0";"0";""
"201900025554";"138 258 241";"B01";"1";"7";"0";"0";"0";"0";"0";""
"201900025555";"138 258 238";"A01";"1";"33";"0";"2";"2";"25";"0";""
"201900025555";"138 258 239";"B01";"1";"7";"0";"2";"2";"9";"0";""
"201900025556";"138 258 237";"Z01";"3";"37";"0";"1";"5";"16";"0";"0"
"201900025557";"138 258 233";"B01";"3";"7";"0";"2";"1";"1";"1";""
"201900025557";"138 258 234";"A01";"3";"7";"0";"2";"2";"15";"1";""
"201900025558";"138 258 230";"B01";"2";"7";"0";"2";"1";"1";"1";""
"201900025558";"138 258 231";"A01";"1";"7";"0";"2";"5";"1";"1";""
"201900025559";"138 258 227";"A01";"1";"7";"0";"2";"1";"5";"1";""
"201900025559";"138 258 228";"B01";"2";"7";"0";"2";"1";"1";"1";""
"201900025560";"138 258 226";"A01";"0";"7";"0";"1";"2";"16";"1";""
"201900025561";"138 258 224";"B01";"2";"7";"6";"0";"9";"1";"1";""
"201900025561";"138 258 225";"A01";"1";"7";"2";"0";"9";"1";"1";""
"201900025562";"138 258 221";"C01";"0";"7";"0";"2";"1";"1";"1";""
"201900025562";"138 258 222";"B01";"0";"7";"0";"2";"1";"1";"1";""
"201900025562";"138 258 223";"A01";"0";"7";"0";"2";"1";"1";"1";""
"201900025563";"138 258 219";"A01";"1";"7";"0";"2";"3";"15";"1";""
"201900025563";"138 258 220";"B01";"1";"7";"5";"2";"5";"17";"1";""
"201900025564";"138 258 217";"B01";"2";"7";"0";"0";"4";"2";"1";""
"201900025564";"138 258 218";"A01";"2";"10";"0";"2";"1";"2";"1";""
"201900025565";"138 258 214";"C01";"2";"7";"0";"2";"1";"1";"1";""
"201900025565";"138 258 215";"B01";"2";"15";"0";"2";"8";"1";"1";""
"201900025565";"138 258 216";"A01";"2";"7";"0";"2";"7";"14";"1";""
"201900025566";"138 258 212";"B01";"2";"7";"0";"0";"6";"1";"1";""
"201900025566";"138 258 213";"A01";"2";"7";"0";"0";"1";"1";"1";""
"201900025567";"138 258 210";"B01";"1";"17";"0";"2";"3";"1";"1";""
"201900025567";"138 258 211";"A01";"2";"10";"0";"2";"6";"13";"1";""
"201900025568";"138 258 209";"A01";"2";"99";"3";"0";"9";"1";"1";""
"201900025569";"138 258 208";"A01";"3";"17";"13";"0";"1";"1";"1";""
"201900025570";"138 258 206";"A01";"1";"7";"0";"2";"3";"13";"1";""
"201900025570";"138 258 207";"B01";"2";"7";"0";"2";"3";"1";"1";""
"201900025571";"138 258 204";"A01";"2";"7";"0";"2";"1";"15";"1";""
"201900025571";"138 258 205";"B01";"1";"32";"0";"2";"8";"1";"1";""
"201900025572";"138 258 203";"A01";"0";"7";"4";"0";"0";"0";"0";""
"201900025573";"138 258 202";"A01";"2";"7";"8";"0";"8";"14";"1";""
"201900025574";"138 258 201";"A01";"0";"7";"8";"0";"3";"12";"1";""
"201900025575";"138 258 195";"A01";"0";"7";"9";"2";"1";"26";"1";""
"201900025575";"138 258 196";"B01";"3";"7";"0";"2";"8";"1";"1";""
"201900025575";"138 258 197";"C01";"3";"7";"0";"2";"8";"1";"1";""
"201900025575";"138 258 198";"D01";"3";"7";"0";"2";"4";"1";"1";""
"201900025575";"138 258 199";"E01";"3";"7";"0";"2";"6";"1";"1";""
"201900025575";"138 258 200";"F01";"3";"7";"0";"2";"4";"1";"1";""
"201900025576";"138 258 193";"B01";"3";"7";"13";"2";"8";"15";"1";""