"Num_Acc";"id_vehicule";"num_veh";"senc";"catv";"obs";"obsm";"choc";"manv";"motor";"occutc"
"201900026583";"138 256 281";"B01";"2";"17";"0";"2";"1";"1";"1";""
"201900026584";"138 256 278";"A01";"2";"33";"0";"0";"1";"2";"1";""
"201900026584";"138 256 279";"B01";"2";"7";"0";"2";"8";"15";"1";""
"201900026585";"138 256 277";"A01";"0";"7";"2";"0";"1";"1";"1";""
"201900026586";"138 256 276";"A01";"0";"36";"6";"0";"2";"1";"1";""
"201900026587";"138 256 275";"A01";"2";"33";"6";"0";"1";"0";"1";""
"201900026588";"138 256 273";"B01";"2";"7";"0";"2";"1";"1";"1";""
"201900026588";"138 256 274";"A01";"2";"7";"0";"2";"5";"1";"1";""
"201900026589";"138 256 272";"A01";"1";"7";"0";"1";"2";"2";"6";""
"201900026590";"138 256 270";"B01";"2";"33";"0";"2";"1";"17";"0";""
"201900026590";"138 256 271";"A01";"1";"7";"0";"2";"6";"13";"0";""
"201900026591";"138 256 269";"A01";"1";"80";"0";"0";"0";"25";"3";""
"201900026592";"138 256 265";"B01";"1";"7";"3";"2";"3";"1";"1";""
"201900026592";"138 256 266";"A01";"2";"7";"3";"2";"3";"1";"1";""
"201900026593";"138 256 261";"A01";"2";"7";"13";"0";"3";"13";"1";""
"201900026593";"138 256 262";"B01";"1";"7";"13";"0";"1";"1";"1";""
"201900026594";"138 256 260";"A01";"1";"7";"0";"1";"0";"1";"0";""
"201900026595";"138 256 259";"A01";"3";"2";"6";"0";"2";"1";"1";""
"201900026596";"138 256 257";"A01";"1";"2";"0";"2";"1";"1";"1";""
"201900026596";"138 256 258";"B01";"2";"7";"0";"2";"4";"1";"1";""
"201900026597";"138 256 255";"C01";"2";"7";"0";"2";"3";"1";"1";""
"201900026597";"138 256 256";"A01";"1";"2";"0";"2";"1";"11";"1";""
"201900026598";"138 256 253";"A01";"2";"7";"0";"2";"1";"13";"1";""
"201900026598";"138 256 254";"B01";"1";"7";"0";"2";"3";"1";"1";""
"201900026599";"138 256 251";"A01";"2";"1";"0";"2";"1";"1";"5";""
"201900026599";"138 256 252";"B01";"1";"7";"0";"2";"8";"1";"1";""
"201900026600";"138 256 249";"A01";"3";"7";"0";"2";"2";"15";"1";""
"201900026600";"138 256 250";"B01";"3";"33";"0";"2";"7";"9";"1";""
"201900026601";"138 256 247";"B01";"1";"38";"0";"2";"3";"1";"1";"17"
"201900026601";"138 256 248";"A01";"2";"7";"0";"2";"1";"13";"1";""
"201900026602";"138 256 244";"B01";"3";"7";"0";"2";"1";"1";"1";""
"201900026602";"138 256 245";"A01";"3";"7";"0";"2";"1";"1";"1";""
"201900026603";"138 256 243";"A01";"3";"7";"0";"1";"2";"1";"0";""
"201900026604";"138 256 241";"B01";"0";"7";"0";"2";"3";"1";"1";""
"201900026604";"138 256 242";"A01";"0";"2";"0";"2";"1";"13";"1";""
"201900026605";"138 256 239";"A01";"3";"7";"0";"0";"3";"26";"1";""
"201900026605";"138 256 240";"B01";"3";"0";"0";"0";"0";"0";"0";""
"201900026606";"138 256 238";"A01";"1";"7";"4";"0";"9";"6";"1";""
"201900026607";"138 256 237";"A01";"1";"7";"6";"0";"3";"13";"1";""
"201900026608";"138 256 234";"A01";"1";"7";"0";"2";"5";"17";"1";""
"201900026608";"138 256 235";"B01";"1";"7";"0";"2";"3";"17";"1";""
"201900026608";"138 256 236";"C01";"1";"21";"0";"0";"3";"1";"1";""
"201900026609";"138 256 231";"A01";"1";"7";"0";"2";"7";"1";"1";""
"201900026609";"138 256 232";"B01";"1";"1";"0";"2";"2";"15";"5";""
"201900026610";"138 256 230";"A01";"3";"7";"2";"0";"1";"1";"1";""
"201900026611";"138 256 228";"A01";"1";"33";"0";"0";"1";"2";"1";""
"201900026611";"138 256 229";"B01";"1";"10";"0";"0";"4";"2";"1";""
"201900026612";"138 256 227";"A01";"1";"33";"3";"0";"9";"0";"1";""
"201900026613";"138 256 225";"A01";"3";"7";"0";"2";"3";"13";"1";""
"201900026613";"138 256 226";"B01";"3";"7";"0";"2";"3";"1";"1";""
"201900026614";"138 256 223";"B01";"1";"7";"0";"2";"1";"1";"1";""
"201900026614";"138 256 224";"A01";"1";"7";"0";"2";"6";"9";"1";""
"201900026615";"138 256 222";"A01";"0";"33";"13";"0";"4";"1";"1";""
"201900026616";"138 256 221";"A01";"1";"33";"11";"0";"0";"17";"1";""
"201900026617";"138 256 220";"A01";"2";"33";"0";"0";"7";"1";"1";""
"201900026618";"138 256 218";"B01";"2";"7";"0";"2";"6";"15";"1";""
"201900026618";"138 256 219";"A01";"2";"33";"0";"2";"1";"17";"1";""
"201900026619";"138 256 216";"A01";"1";"7";"0";"2";"3";"16";"1";""
"201900026619";"138 256 217";"B01";"1";"1";"0";"2";"0";"1";"5";""
"201900026620";"138 256 212";"B01";"1";"1";"0";"2";"1";"1";"5";""
"201900026620";"138 256 213";"A01";"1";"14";"0";"2";"7";"16";"1";""
"201900026621";"138 256 209";"A01";"1";"7";"0";"9";"2";"1";"1";""
"201900026621";"138 256 210";"B01";"1";"1";"16";"0";"4";"1";"5";""
"201900026621";"138 256 211";"C01";"1";"1";"16";"0";"4";"1";"5";""
"201900026622";"138 256 208";"A01";"2";"7";"0";"0";"0";"1";"1";""
"201900026623";"138 256 206";"A01";"2";"7";"0";"2";"7";"13";"1";""
"201900026623";"138 256 207";"B01";"1";"10";"0";"2";"1";"1";"1";""
"201900026624";"138 256 204";"B01";"2";"33";"0";"2";"9";"1";"1";""
"201900026624";"138 256 205";"A01";"1";"10";"0";"2";"7";"15";"1";""
"201900026625";"138 256 202";"B01";"3";"1";"0";"2";"8";"1";"5";""
"201900026625";"138 256 203";"A01";"3";"21";"0";"2";"5";"17";"1";""
"201900026626";"138 256 199";"A01";"1";"7";"0";"2";"2";"17";"1";""
"201900026626";"138 256 200";"B01";"1";"1";"0";"2";"4";"1";"5";""
"201900026626";"138 256 201";"C01";"1";"1";"0";"2";"4";"1";"5";""
"201900026627";"138 256 198";"A01";"1";"2";"3";"0";"0";"1";"1";""
"201900026628";"138 256 197";"A01";"1";"7";"2";"0";"9";"1";"0";""
"201900026629";"138 256 195";"A01";"3";"7";"0";"2";"2";"9";"1";""
"201900026629";"138 256 196";"B01";"3";"7";"0";"2";"7";"1";"1";""
"201900026630";"138 256 193";"B01";"3";"7";"0";"2";"3";"1";"1";""
"201900026630";"138 256 194";"A01";"3";"7";"0";"2";"3";"1";"1";""
"201900026631";"138 256 191";"A01";"1";"7";"0";"2";"8";"13";"1";""
"201900026631";"138 256 192";"B01";"2";"33";"0";"2";"8";"1";"1";""
"201900026632";"138 256 190";"A01";"1";"33";"6";"0";"1";"1";"1";""
"201900026633";"138 256 188";"B01";"1";"2";"0";"2";"1";"1";"1";""
"201900026633";"138 256 189";"A01";"1";"7";"0";"2";"5";"1";"1";""
"201900026634";"138 256 187";"A01";"2";"7";"13";"0";"8";"1";"1";""
"201900026635";"138 256 186";"A01";"1";"31";"0";"0";"8";"1";"0";""
"201900026636";"138 256 185";"A01";"2";"7";"13";"0";"3";"13";"1";""
"201900026637";"138 256 183";"B01";"3";"7";"0";"2";"3";"1";"1";""
"201900026637";"138 256 184";"A01";"3";"2";"0";"2";"1";"1";"1";""
"201900026638";"138 256 182";"A01";"2";"2";"6";"0";"2";"1";"1";""
"201900026639";"138 256 180";"A01";"2";"7";"2";"2";"0";"17";"0";""
"201900026639";"138 256 181";"B01";"2";"7";"0";"2";"3";"15";"0";""
"201900026640";"138 256 176";"B01";"3";"2";"0";"2";"8";"1";"1";""
"201900026640";"138 256 177";"A01";"3";"7";"0";"2";"3";"1";"1";""
"201900026641";"138 256 175";"A01";"2";"7";"2";"0";"2";"26";"1";""
"201900026642";"138 256 174";"A01";"2";"2";"6";"0";"2";"1";"1";""
"201900026643";"138 256 172";"B01";"2";"33";"0";"2";"1";"1";"1";""
"201900026643";"138 256 173";"A01";"1";"7";"0";"2";"7";"15";"1";""
"201900026644";"138 256 170";"A01";"2";"7";"0";"2";"2";"6";"1";""
"201900026644";"138 256 171";"B01";"2";"7";"0";"2";"3";"11";"1";""
"201900026645";"138 256 168";"B01";"2";"17";"0";"0";"6";"2";"1";""
"201900026645";"138 256 169";"A01";"2";"10";"3";"2";"1";"2";"1";""
"201900026646";"138 256 165";"B01";"1";"33";"0";"2";"7";"1";"1";""
"201900026646";"138 256 166";"A01";"1";"7";"0";"2";"8";"11";"1";""
"201900026647";"138 256 164";"A01";"1";"33";"0";"0";"8";"1";"1";""
"201900026648";"138 256 162";"B01";"2";"10";"0";"9";"2";"2";"1";""
"201900026648";"138 256 163";"A01";"2";"1";"0";"0";"6";"2";"5";""
"201900026649";"138 256 160";"B01";"0";"1";"0";"2";"8";"26";"5";""
"201900026649";"138 256 161";"A01";"3";"7";"0";"1";"1";"26";"1";""
"201900026650";"138 256 159";"A01";"2";"7";"3";"0";"1";"16";"1";""
"201900026651";"138 256 158";"A01";"2";"33";"5";"0";"2";"1";"1";""
"201900026652";"138 256 157";"A01";"2";"10";"13";"0";"0";"1";"1";""
"201900026653";"138 256 155";"A01";"1";"7";"0";"2";"1";"17";"1";""
"201900026653";"138 256 156";"B01";"2";"7";"0";"2";"1";"1";"1";""
"201900026654";"138 256 154";"Z01";"1";"7";"0";"1";"0";"1";"0";""
"201900026655";"138 256 152";"B01";"2";"7";"0";"2";"6";"1";"1";""
"201900026655";"138 256 153";"A01";"2";"7";"0";"2";"2";"12";"1";""
"201900026656";"138 256 150";"B01";"1";"7";"0";"2";"6";"2";"1";""
"201900026656";"138 256 151";"A01";"1";"30";"0";"2";"1";"2";"1";""
"201900026657";"138 256 148";"B01";"2";"1";"1";"0";"7";"17";"5";""
"201900026657";"138 256 149";"A01";"2";"7";"1";"0";"3";"26";"1";""
"201900026658";"138 256 146";"A01";"2";"37";"0";"2";"1";"26";"1";"1"
"201900026658";"138 256 147";"B01";"2";"7";"0";"2";"4";"0";"1";""
"201900026659";"138 256 144";"A01";"1";"33";"0";"2";"4";"26";"1";""
"201900026659";"138 256 145";"B01";"1";"10";"0";"2";"1";"2";"1";""
"201900026660";"138 256 142";"B01";"0";"7";"0";"2";"1";"1";"0";""
"201900026660";"138 256 143";"A01";"0";"7";"0";"2";"3";"15";"0";""
"201900026661";"138 256 141";"A01";"1";"7";"0";"1";"0";"15";"0";""
"201900026662";"138 256 139";"B01";"1";"10";"0";"2";"1";"1";"0";""
"201900026662";"138 256 140";"A01";"1";"10";"0";"2";"1";"1";"0";""
"201900026663";"138 256 138";"A01";"1";"10";"0";"1";"1";"2";"0";""
"201900026664";"138 256 136";"A01";"3";"7";"0";"2";"1";"26";"1";""
"201900026664";"138 256 137";"B01";"3";"7";"0";"2";"4";"1";"1";""
"201900026665";"138 256 135";"B01";"1";"33";"1";"0";"1";"18";"0";""
"201900026666";"138 256 134";"A01";"1";"7";"1";"0";"2";"1";"6";""
"201900026667";"138 256 132";"A01";"2";"7";"0";"2";"3";"10";"1";""
"201900026667";"138 256 133";"B01";"2";"2";"0";"2";"7";"1";"1";""
"201900026668";"138 256 129";"B01";"3";"33";"0";"2";"3";"1";"1";""
"201900026668";"138 256 130";"A01";"2";"7";"0";"2";"3";"9";"1";""
"201900026669";"138 256 127";"B01";"2";"7";"14";"0";"1";"1";"1";""
"201900026669";"138 256 128";"A01";"1";"7";"14";"0";"4";"23";"1";""
"201900026670";"138 256 125";"Z01";"1";"7";"0";"2";"1";"12";"0";""
"201900026670";"138 256 126";"A01";"1";"80";"0";"2";"4";"1";"3";""
"201900026671";"138 256 123";"B01";"3";"7";"0";"2";"3";"1";"1";""
"201900026671";"138 256 124";"A01";"3";"30";"0";"2";"1";"1";"1";""
"201900026672";"138 256 121";"B01";"1";"7";"0";"2";"4";"1";"1";""
"201900026672";"138 256 122";"A01";"3";"7";"1";"1";"1";"17";"1";""
"201900026673";"138 256 117";"B01";"2";"2";"0";"2";"1";"1";"1";""
"201900026673";"138 256 118";"A01";"1";"7";"0";"2";"4";"20";"1";""
"201900026674";"138 256 115";"B01";"2";"32";"0";"2";"1";"1";"1";""
"201900026674";"138 256 116";"A01";"1";"7";"0";"2";"5";"15";"1";""
"201900026675";"138 256 113";"B01";"3";"33";"0";"2";"1";"1";"1";""
"201900026675";"138 256 114";"A01";"3";"10";"0";"2";"1";"15";"1";""
"201900026676";"138 256 111";"A01";"1";"7";"0";"2";"7";"17";"1";""
"201900026676";"138 256 112";"B01";"1";"1";"0";"2";"8";"2";"5";""
"201900026677";"138 256 109";"B01";"1";"1";"0";"2";"4";"1";"5";""
"201900026677";"138 256 110";"A01";"1";"7";"0";"2";"2";"2";"1";""
"201900026678";"138 256 107";"A01";"2";"10";"0";"2";"3";"13";"1";""
"201900026678";"138 256 108";"B01";"1";"15";"0";"2";"3";"1";"1";""
"201900026679";"138 256 105";"A01";"1";"7";"0";"0";"3";"5";"1";""
"201900026679";"138 256 106";"B01";"2";"7";"0";"0";"3";"1";"1";""
"201900026680";"138 256 104";"A01";"2";"33";"4";"0";"1";"17";"1";""
"201900026681";"138 256 102";"A01";"1";"33";"0";"0";"0";"18";"1";""
"201900026681";"138 256 103";"B01";"1";"7";"0";"0";"2";"2";"1";""
"201900026682";"138 256 101";"A01";"3";"7";"0";"1";"2";"2";"1";""
"201900026683";"138 256 100";"A01";"1";"7";"0";"0";"3";"1";"1";""
"201900026684";"138 256 099";"A01";"2";"7";"3";"0";"9";"1";"1";""
"201900026685";"138 256 096";"A01";"2";"7";"0";"2";"3";"13";"1";""
"201900026685";"138 256 097";"B01";"1";"7";"0";"2";"1";"0";"0";""
"201900026685";"138 256 098";"C01";"1";"7";"0";"2";"2";"21";"1";""
"201900026686";"138 256 095";"A01";"2";"7";"3";"0";"1";"1";"1";""
"201900026687";"138 256 093";"B01";"0";"7";"0";"2";"3";"1";"1";""
"201900026687";"138 256 094";"A01";"3";"33";"0";"2";"1";"1";"1";""
"201900026688";"138 256 091";"B01";"2";"17";"0";"2";"3";"2";"1";""
"201900026688";"138 256 092";"A01";"1";"10";"0";"2";"1";"0";"1";""
"201900026689";"138 256 089";"B01";"1";"7";"0";"2";"1";"1";"1";""
"201900026689";"138 256 090";"A01";"2";"7";"0";"2";"4";"4";"1";""
"201900026690";"138 256 088";"A01";"1";"7";"2";"0";"3";"13";"1";""
"201900026691";"138 256 087";"A01";"2";"7";"2";"0";"1";"13";"1";""
"201900026692";"138 256 085";"A01";"1";"7";"0";"2";"1";"1";"0";""
"201900026692";"138 256 086";"B01";"2";"7";"0";"2";"1";"5";"0";""
"201900026693";"138 256 084";"A01";"1";"7";"17";"0";"1";"1";"1";""
"201900026694";"138 256 083";"A01";"2";"7";"2";"0";"2";"1";"1";""
"201900026695";"138 256 082";"A01";"1";"7";"0";"1";"3";"1";"1";""
"201900026696";"138 256 081";"A01";"3";"7";"0";"1";"6";"26";"1";""
"201900026697";"138 256 080";"A01";"1";"2";"3";"0";"1";"0";"1";""
"201900026698";"138 256 078";"A01";"3";"7";"0";"9";"2";"1";"1";""
"201900026698";"138 256 079";"B01";"3";"1";"0";"2";"8";"16";"5";""
"201900026699";"138 256 077";"A01";"1";"33";"3";"0";"2";"1";"1";""
"201900026700";"138 256 076";"A01";"1";"7";"6";"0";"1";"1";"1";""
"201900026701";"138 256 072";"C01";"2";"7";"0";"2";"1";"0";"0";""
"201900026701";"138 256 073";"B01";"1";"7";"0";"2";"4";"0";"0";""
"201900026701";"138 256 074";"A01";"1";"7";"0";"2";"1";"1";"0";""
"201900026701";"138 256 075";"D01";"1";"7";"0";"0";"6";"21";"1";""
"201900026702";"138 256 071";"A01";"3";"7";"0";"1";"3";"1";"1";""
"201900026703";"138 256 069";"A01";"1";"7";"0";"2";"1";"19";"0";""
"201900026703";"138 256 070";"B01";"2";"7";"0";"2";"2";"21";"0";""
"201900026704";"138 256 068";"A01";"2";"7";"0";"0";"0";"14";"1";""
"201900026705";"138 256 067";"A01";"0";"7";"13";"0";"3";"1";"1";""
"201900026706";"138 256 066";"A01";"0";"7";"0";"1";"7";"1";"0";""
"201900026707";"138 256 065";"A01";"3";"7";"2";"0";"2";"1";"1";""
"201900026708";"138 256 064";"A01";"1";"7";"6";"0";"1";"1";"0";""
"201900026709";"138 256 063";"A01";"1";"7";"8";"0";"9";"13";"1";""
"201900026710";"138 256 062";"A01";"2";"2";"0";"0";"0";"1";"1";""
"201900026711";"138 256 061";"A01";"2";"7";"2";"0";"8";"14";"1";""
"201900026712";"138 256 060";"A01";"1";"10";"6";"1";"3";"26";"1";""
"201900026713";"138 256 059";"A01";"1";"7";"13";"0";"0";"1";"1";""
"201900026714";"138 256 058";"A01";"0";"7";"8";"0";"2";"1";"1";""
"201900026715";"138 256 057";"A01";"1";"7";"0";"0";"9";"0";"1";""
"201900026716";"138 256 056";"A01";"1";"7";"13";"0";"0";"0";"1";""
"201900026717";"138 256 055";"A01";"2";"33";"0";"0";"0";"15";"1";""
"201900026718";"138 256 054";"A01";"2";"7";"13";"0";"6";"0";"1";""
"201900026719";"138 256 052";"B01";"2";"7";"0";"2";"3";"1";"1";""
"201900026719";"138 256 053";"A01";"1";"7";"0";"2";"8";"5";"1";""
"201900026720";"138 256 051";"A01";"2";"7";"4";"0";"3";"0";"1";""
"201900026721";"138 256 050";"A01";"3";"10";"2";"0";"2";"1";"1";""
"201900026722";"138 256 049";"A01";"1";"17";"1";"2";"1";"1";"1";""
"201900026723";"138 256 048";"A01";"1";"7";"4";"0";"3";"1";"1";""
"201900026724";"138 256 046";"A01";"2";"7";"0";"2";"2";"1";"1";""
"201900026724";"138 256 047";"B01";"2";"7";"0";"2";"6";"1";"1";""
"201900026725";"138 256 043";"C01";"1";"7";"0";"2";"1";"1";"1";""
"201900026725";"138 256 044";"B01";"2";"14";"0";"2";"3";"1";"1";""
"201900026725";"138 256 045";"A01";"1";"7";"0";"2";"3";"13";"1";""
"201900026726";"138 256 041";"B01";"2";"17";"0";"2";"1";"1";"1";""
"201900026726";"138 256 042";"A01";"2";"7";"0";"0";"4";"1";"1";""
"201900026727";"138 256 040";"A01";"1";"7";"0";"1";"3";"1";"1";""
"201900026728";"138 256 038";"B01";"1";"15";"0";"2";"6";"2";"1";""
"201900026728";"138 256 039";"A01";"1";"7";"4";"2";"1";"2";"1";""
"201900026729";"138 256 037";"A01";"2";"7";"2";"0";"1";"1";"1";""
"201900026730";"138 256 036";"A01";"0";"10";"13";"0";"2";"1";"1";""
"201900026731";"138 256 034";"B01";"3";"33";"0";"2";"3";"26";"1";""
"201900026731";"138 256 035";"A01";"3";"14";"0";"2";"3";"15";"1";""
"201900026732";"138 256 032";"B01";"1";"2";"0";"2";"8";"19";"1";""
"201900026732";"138 256 033";"A01";"1";"7";"0";"2";"3";"1";"1";""
"201900026733";"138 256 031";"A01";"3";"7";"12";"0";"1";"1";"1";""
"201900026734";"138 256 030";"A01";"1";"2";"0";"0";"0";"1";"1";""
"201900026735";"138 256 028";"A01";"1";"7";"0";"0";"7";"15";"1";""
"201900026735";"138 256 029";"B01";"2";"33";"0";"0";"1";"1";"1";""
"201900026736";"138 256 026";"B01";"2";"7";"2";"2";"6";"1";"1";""
"201900026736";"138 256 027";"A01";"1";"7";"0";"2";"3";"13";"1";""
"201900026737";"138 256 024";"A01";"1";"10";"0";"2";"1";"15";"6";""
"201900026737";"138 256 025";"B01";"2";"7";"0";"2";"1";"1";"6";""
"201900026738";"138 256 022";"A01";"2";"7";"0";"2";"3";"13";"1";""
"201900026738";"138 256 023";"B01";"1";"10";"0";"2";"3";"0";"1";""
"201900026739";"138 256 019";"A01";"0";"33";"14";"0";"1";"1";"1";""
"201900026739";"138 256 020";"C01";"0";"7";"0";"0";"6";"23";"1";""
"201900026739";"138 256 021";"B01";"0";"7";"0";"0";"5";"23";"1";""
"201900026740";"138 256 018";"A01";"2";"33";"0";"0";"0";"0";"1";""
"201900026741";"138 256 017";"A01";"3";"33";"13";"0";"1";"1";"1";""
"201900026742";"138 256 015";"A01";"1";"34";"0";"2";"1";"1";"0";""
"201900026742";"138 256 016";"B01";"2";"7";"0";"0";"3";"19";"1";""
"201900026743";"138 256 014";"A01";"1";"7";"0";"1";"2";"1";"1";""
"201900026744";"138 256 013";"A01";"0";"14";"0";"1";"5";"1";"0";""
"201900026745";"138 256 011";"B01";"3";"7";"0";"0";"8";"23";"0";""
"201900026745";"138 256 012";"A01";"3";"7";"1";"0";"8";"13";"0";""
"201900026746";"138 256 009";"B01";"1";"7";"0";"2";"3";"1";"0";""
"201900026746";"138 256 010";"A01";"1";"7";"13";"2";"2";"17";"0";""
"201900026747";"138 256 008";"A01";"3";"2";"0";"0";"7";"1";"1";""
"201900026748";"138 256 006";"B01";"1";"2";"0";"2";"1";"1";"1";""
"201900026748";"138 256 007";"A01";"2";"3";"0";"2";"2";"15";"1";""
"201900026749";"138 256 004";"B01";"2";"2";"0";"2";"1";"1";"0";""
"201900026749";"138 256 005";"A01";"2";"7";"0";"2";"3";"15";"0";""
"201900026750";"138 256 003";"A01";"3";"15";"0";"1";"2";"9";"1";""
"201900026751";"138 256 001";"A01";"3";"7";"16";"0";"3";"1";"1";""
"201900026751";"138 256 002";"B01";"0";"7";"15";"0";"1";"26";"1";""
"201900026752";"138 256 000";"A01";"1";"7";"2";"0";"9";"13";"6";""
"201900026753";"138 255 999";"A01";"3";"2";"0";"0";"0";"1";"1";""
"201900026754";"138 255 996";"B01";"1";"10";"0";"0";"6";"16";"1";""
"201900026754";"138 255 997";"C01";"2";"7";"0";"2";"1";"1";"1";""
"201900026754";"138 255 998";"A01";"1";"2";"0";"2";"1";"13";"1";""
"201900026755";"138 255 994";"B01";"2";"33";"0";"2";"1";"17";"1";""
"201900026755";"138 255 995";"A01";"2";"7";"0";"0";"6";"15";"1";""
"201900026756";"138 255 993";"A01";"3";"2";"0";"0";"1";"1";"1";""
"201900026757";"138 255 992";"A01";"1";"33";"2";"0";"1";"0";"1";""
"201900026758";"138 255 990";"A01";"2";"7";"0";"4";"2";"1";"1";""
"201900026758";"138 255 991";"B01";"1";"39";"0";"4";"1";"0";"3";""
"201900026759";"138 255 988";"B01";"2";"33";"0";"2";"1";"1";"1";""
"201900026759";"138 255 989";"A01";"1";"7";"0";"2";"1";"15";"1";""
"201900026760";"138 255 987";"A01";"2";"17";"0";"1";"2";"0";"1";""
"201900026761";"138 255 985";"A01";"2";"7";"0";"2";"1";"17";"1";""
"201900026761";"138 255 986";"B01";"1";"15";"0";"2";"1";"1";"1";""
"201900026762";"138 255 984";"A01";"1";"33";"0";"0";"0";"1";"6";""
"201900026763";"138 255 980";"A01";"1";"10";"3";"2";"1";"2";"1";""
"201900026763";"138 255 981";"B01";"1";"7";"0";"2";"2";"2";"1";""
"201900026764";"138 255 979";"A01";"1";"33";"6";"0";"1";"14";"1";""
"201900026765";"138 255 977";"A01";"2";"33";"0";"2";"1";"26";"1";""
"201900026765";"138 255 978";"B01";"2";"7";"0";"2";"4";"2";"1";""
"201900026766";"138 255 975";"B01";"1";"7";"0";"2";"2";"12";"1";""
"201900026766";"138 255 976";"A01";"1";"7";"0";"2";"8";"1";"1";""
"201900026767";"138 255 974";"A01";"2";"7";"3";"0";"2";"14";"1";""
"201900026768";"138 255 973";"A01";"2";"13";"4";"0";"3";"13";"1";""
"201900026769";"138 255 969";"A01";"1";"7";"0";"0";"0";"0";"1";""
"201900026770";"138 255 968";"A01";"2";"33";"0";"0";"5";"0";"1";""
"201900026771";"138 255 966";"B01";"1";"33";"0";"2";"3";"3";"1";""
"201900026771";"138 255 967";"A01";"1";"7";"0";"2";"5";"12";"1";""
"201900026772";"138 255 962";"A01";"1";"7";"1";"2";"2";"21";"1";""
"201900026772";"138 255 963";"B01";"1";"7";"0";"2";"6";"23";"0";""
"201900026772";"138 255 964";"C01";"1";"7";"1";"2";"2";"2";"0";""
"201900026772";"138 255 965";"D01";"1";"7";"0";"2";"3";"1";"0";""
"201900026773";"138 255 960";"B01";"1";"7";"0";"2";"4";"2";"1";""
"201900026773";"138 255 961";"A01";"1";"7";"0";"2";"1";"2";"1";""
"201900026774";"138 255 959";"A01";"1";"7";"4";"0";"2";"1";"0";""
"201900026775";"138 255 958";"A01";"2";"10";"16";"0";"9";"1";"1";""
"201900026776";"138 255 957";"A01";"1";"7";"3";"2";"2";"21";"1";""
"201900026777";"138 255 954";"C01";"1";"7";"0";"2";"4";"2";"1";""
"201900026777";"138 255 955";"A01";"1";"7";"0";"2";"1";"2";"1";""
"201900026777";"138 255 956";"B01";"1";"7";"0";"2";"4";"2";"1";""
"201900026778";"138 255 952";"A01";"2";"14";"0";"2";"8";"1";"1";""
"201900026778";"138 255 953";"B01";"2";"7";"0";"2";"7";"12";"1";""
"201900026779";"138 255 951";"A01";"2";"31";"14";"0";"8";"13";"1";""
"201900026780";"138 255 949";"A01";"2";"7";"1";"0";"1";"26";"1";""
"201900026780";"138 255 950";"B01";"2";"14";"0";"2";"5";"23";"1";""
"201900026781";"138 255 937";"B01";"1";"7";"0";"2";"0";"0";"1";""
"201900026781";"138 255 938";"C01";"2";"1";"0";"2";"1";"5";"5";""
"201900026782";"138 255 935";"B01";"1";"7";"0";"2";"4";"2";"1";""
"201900026782";"138 255 936";"A01";"1";"7";"0";"2";"1";"2";"1";""
"201900026783";"138 255 932";"A01";"1";"7";"9";"0";"1";"5";"0";""
"201900026784";"138 255 928";"A01";"2";"7";"0";"1";"1";"9";"1";""
"201900026785";"138 255 927";"A01";"1";"7";"0";"1";"1";"1";"1";""
"201900026786";"138 255 925";"A01";"1";"0";"0";"2";"1";"0";"0";""
"201900026786";"138 255 926";"B01";"2";"1";"0";"2";"1";"5";"5";""
"201900026787";"138 255 922";"A01";"2";"7";"0";"2";"1";"1";"1";""
"201900026787";"138 255 923";"C01";"2";"7";"0";"2";"4";"1";"1";""
"201900026787";"138 255 924";"B01";"2";"7";"0";"2";"4";"1";"1";""
"201900026788";"138 255 920";"A01";"1";"7";"0";"2";"6";"11";"1";""
"201900026788";"138 255 921";"B01";"1";"7";"0";"2";"2";"3";"1";""
"201900026789";"138 255 918";"B01";"1";"33";"0";"2";"8";"3";"1";""
"201900026789";"138 255 919";"A01";"1";"7";"0";"2";"5";"12";"1";""
"201900026790";"138 255 917";"A01";"2";"33";"0";"0";"9";"21";"1";""
"201900026791";"138 255 916";"A01";"2";"7";"4";"2";"1";"1";"1";""
"201900026792";"138 255 914";"B01";"3";"7";"0";"2";"8";"1";"1";""
"201900026792";"138 255 915";"A01";"3";"10";"0";"2";"2";"15";"1";""
"201900026793";"138 255 910";"D01";"3";"10";"0";"2";"0";"0";"1";""
"201900026793";"138 255 911";"B01";"3";"2";"0";"2";"9";"23";"1";""
"201900026793";"138 255 912";"C01";"3";"7";"0";"2";"5";"23";"1";""
"201900026793";"138 255 913";"A01";"3";"10";"0";"2";"1";"1";"1";""
"201900026794";"138 255 908";"B01";"1";"7";"0";"2";"1";"1";"1";""
"201900026794";"138 255 909";"A01";"1";"7";"0";"2";"1";"1";"1";""
"201900026795";"138 255 907";"A01";"1";"7";"0";"0";"1";"26";"1";""
"201900026796";"138 255 905";"B01";"1";"7";"0";"2";"3";"1";"1";""
"201900026796";"138 255 906";"A01";"2";"7";"0";"2";"8";"19";"1";""
"201900026797";"138 255 903";"B01";"1";"10";"0";"2";"3";"15";"1";""
"201900026797";"138 255 904";"A01";"1";"31";"0";"2";"1";"0";"1";""
"201900026798";"138 255 902";"A01";"2";"7";"4";"0";"3";"13";"1";""
"201900026799";"138 255 900";"A01";"2";"7";"0";"2";"1";"2";"1";""
"201900026799";"138 255 901";"B01";"2";"7";"0";"1";"4";"2";"1";""