"Num_Acc";"id_vehicule";"num_veh";"senc";"catv";"obs";"obsm";"choc";"manv";"motor";"occutc"
"201900026800";"138 255 897";"C01";"1";"7";"0";"2";"1";"5";"1";""
"201900026800";"138 255 898";"B01";"2";"7";"0";"2";"4";"2";"1";""
"201900026800";"138 255 899";"A01";"2";"7";"0";"2";"1";"6";"1";""
"201900026801";"138 255 896";"A01";"1";"10";"8";"1";"1";"26";"1";""
"201900026802";"138 255 895";"A01";"1";"7";"4";"0";"2";"26";"1";""
"201900026803";"138 255 894";"A01";"3";"30";"14";"0";"1";"17";"1";""
"201900026804";"138 255 893";"A01";"1";"7";"0";"1";"3";"1";"1";""
"201900026805";"138 255 888";"A01";"2";"7";"3";"0";"3";"9";"1";""
"201900026805";"138 255 889";"B01";"2";"7";"3";"0";"5";"1";"1";""
"201900026806";"138 255 886";"B01";"1";"7";"0";"2";"1";"1";"1";""
"201900026806";"138 255 887";"A01";"2";"7";"0";"2";"7";"15";"1";""
"201900026807";"138 255 885";"A01";"3";"10";"11";"0";"3";"26";"0";""
"201900026808";"138 255 883";"B01";"1";"1";"0";"2";"8";"1";"5";""
"201900026808";"138 255 884";"A01";"1";"14";"0";"2";"5";"16";"1";""
"201900026809";"138 255 882";"A01";"2";"7";"0";"1";"3";"15";"0";""
"201900026810";"138 255 880";"B01";"2";"7";"0";"2";"1";"1";"1";""
"201900026810";"138 255 881";"A01";"1";"7";"0";"2";"8";"1";"1";""
"201900026811";"138 255 879";"A01";"1";"37";"0";"1";"7";"2";"0";"1"
"201900026812";"138 255 877";"A01";"1";"38";"0";"6";"3";"1";"0";"1"
"201900026812";"138 255 878";"B01";"1";"1";"0";"2";"7";"1";"0";""
"201900026813";"138 255 875";"B01";"1";"7";"0";"2";"3";"19";"1";""
"201900026813";"138 255 876";"A01";"1";"10";"1";"2";"2";"19";"1";""
"201900026814";"138 255 873";"A01";"1";"7";"0";"2";"1";"19";"1";""
"201900026814";"138 255 874";"B01";"1";"7";"0";"2";"7";"0";"1";""
"201900026815";"138 255 871";"B01";"1";"33";"4";"2";"1";"17";"1";""
"201900026815";"138 255 872";"A01";"2";"7";"0";"2";"2";"15";"1";""
"201900026816";"138 255 869";"A01";"1";"33";"0";"2";"1";"17";"1";""
"201900026816";"138 255 870";"B01";"1";"7";"0";"2";"8";"15";"1";""
"201900026817";"138 255 867";"B01";"1";"1";"0";"2";"1";"5";"5";""
"201900026817";"138 255 868";"A01";"2";"7";"0";"2";"1";"1";"1";""
"201900026818";"138 255 865";"A01";"2";"7";"15";"2";"1";"1";"1";""
"201900026818";"138 255 866";"B01";"1";"7";"0";"2";"1";"1";"1";""
"201900026819";"138 255 863";"A01";"1";"7";"0";"2";"6";"23";"1";""
"201900026819";"138 255 864";"B01";"1";"33";"0";"2";"1";"1";"1";""
"201900026820";"138 255 861";"A01";"2";"7";"0";"2";"1";"1";"1";""
"201900026820";"138 255 862";"B01";"1";"33";"0";"2";"1";"13";"1";""
"201900026821";"138 255 859";"A01";"1";"7";"0";"2";"1";"2";"0";""
"201900026821";"138 255 860";"B01";"1";"7";"1";"0";"3";"2";"0";""
"201900026822";"138 255 858";"A01";"1";"7";"10";"0";"1";"16";"1";""
"201900026823";"138 255 855";"B01";"1";"7";"0";"2";"4";"23";"1";""
"201900026823";"138 255 856";"A01";"1";"7";"0";"2";"1";"1";"1";""
"201900026823";"138 255 857";"C01";"1";"7";"0";"2";"4";"26";"0";""
"201900026824";"138 255 853";"A01";"1";"7";"0";"2";"3";"15";"1";""
"201900026824";"138 255 854";"B01";"1";"31";"0";"2";"1";"1";"1";""
"201900026825";"138 255 852";"A01";"1";"7";"0";"2";"2";"14";"1";""
"201900026826";"138 255 850";"B01";"1";"7";"0";"2";"8";"2";"1";""
"201900026826";"138 255 851";"A01";"2";"7";"0";"2";"0";"14";"1";""
"201900026827";"138 255 848";"B01";"2";"32";"0";"2";"1";"1";"1";""
"201900026827";"138 255 849";"A01";"2";"7";"0";"2";"3";"15";"2";""
"201900026828";"138 255 846";"B01";"1";"7";"0";"2";"4";"2";"0";""
"201900026828";"138 255 847";"A01";"1";"7";"0";"2";"1";"2";"0";""
"201900026829";"138 255 837";"B01";"1";"34";"0";"2";"3";"1";"1";""
"201900026829";"138 255 838";"A01";"3";"10";"0";"2";"2";"15";"1";""
"201900026830";"138 255 831";"D01";"3";"7";"0";"2";"4";"23";"1";""
"201900026830";"138 255 832";"B01";"3";"7";"0";"2";"4";"23";"1";""
"201900026830";"138 255 833";"C01";"3";"7";"0";"2";"4";"23";"1";""
"201900026830";"138 255 834";"A01";"3";"7";"0";"2";"1";"2";"1";""
"201900026831";"138 255 829";"B01";"0";"33";"0";"2";"1";"1";"1";""
"201900026831";"138 255 830";"A01";"3";"7";"0";"2";"3";"15";"1";""
"201900026832";"138 255 827";"A01";"1";"7";"0";"2";"3";"1";"1";""
"201900026832";"138 255 828";"B01";"2";"7";"0";"2";"5";"15";"1";""
"201900026833";"138 255 825";"B01";"3";"7";"0";"2";"7";"0";"0";""
"201900026833";"138 255 826";"A01";"3";"7";"0";"2";"1";"9";"0";""
"201900026834";"138 255 823";"A01";"1";"2";"0";"2";"1";"15";"1";""
"201900026834";"138 255 824";"B01";"1";"17";"0";"2";"8";"1";"1";""
"201900026835";"138 255 822";"A01";"2";"7";"0";"0";"0";"1";"1";""
"201900026836";"138 255 821";"A01";"1";"33";"12";"0";"0";"1";"1";""
"201900026837";"138 255 820";"A01";"1";"7";"2";"0";"1";"1";"1";""
"201900026838";"138 255 819";"A01";"1";"7";"0";"0";"2";"1";"1";""
"201900026839";"138 255 818";"A01";"1";"35";"14";"0";"1";"1";"1";""
"201900026840";"138 255 817";"A01";"3";"7";"17";"0";"1";"14";"1";""
"201900026841";"138 255 816";"A01";"2";"7";"13";"0";"2";"21";"1";""
"201900026842";"138 255 815";"A01";"1";"7";"0";"1";"1";"1";"1";""
"201900026843";"138 255 813";"B01";"3";"7";"0";"2";"3";"0";"1";""
"201900026843";"138 255 814";"A01";"3";"7";"0";"2";"1";"0";"1";""
"201900026844";"138 255 811";"B01";"0";"7";"0";"2";"7";"11";"0";""
"201900026844";"138 255 812";"A01";"0";"33";"0";"2";"1";"1";"0";""
"201900026845";"138 255 807";"B01";"1";"10";"0";"2";"3";"1";"1";""
"201900026845";"138 255 808";"A01";"2";"7";"0";"2";"3";"13";"1";""
"201900026846";"138 255 806";"A01";"2";"7";"2";"0";"3";"1";"1";""
"201900026847";"138 255 805";"A01";"1";"7";"0";"1";"1";"1";"1";""
"201900026848";"138 255 804";"A01";"1";"7";"2";"0";"1";"14";"0";""
"201900026849";"138 255 802";"A01";"3";"33";"0";"2";"1";"17";"1";""
"201900026849";"138 255 803";"B01";"3";"7";"0";"0";"8";"15";"1";""
"201900026850";"138 255 800";"B01";"2";"7";"0";"2";"1";"1";"1";""
"201900026850";"138 255 801";"A01";"1";"7";"0";"2";"1";"13";"1";""
"201900026851";"138 255 799";"A01";"3";"7";"2";"0";"2";"1";"1";""
"201900026852";"138 255 797";"A01";"2";"33";"0";"2";"1";"1";"1";""
"201900026852";"138 255 798";"B01";"2";"10";"0";"0";"4";"0";"1";""
"201900026853";"138 255 796";"A01";"0";"2";"0";"0";"0";"1";"1";""
"201900026854";"138 255 794";"B01";"2";"33";"0";"2";"9";"1";"1";""
"201900026854";"138 255 795";"A01";"1";"7";"0";"2";"1";"15";"1";""
"201900026855";"138 255 793";"A01";"1";"7";"0";"1";"2";"1";"0";""
"201900026856";"138 255 791";"A01";"1";"7";"0";"2";"5";"15";"1";""
"201900026856";"138 255 792";"B01";"2";"33";"0";"2";"1";"1";"1";""
"201900026857";"138 255 789";"A01";"1";"7";"0";"2";"3";"13";"1";""
"201900026857";"138 255 790";"B01";"2";"14";"0";"2";"3";"1";"1";""
"201900026858";"138 255 788";"A01";"1";"7";"0";"0";"9";"1";"1";""
"201900026859";"138 255 786";"A01";"0";"7";"0";"2";"3";"15";"1";""
"201900026859";"138 255 787";"B01";"1";"7";"0";"2";"2";"1";"1";""
"201900026860";"138 255 784";"A01";"2";"7";"8";"2";"2";"2";"0";""
"201900026860";"138 255 785";"B01";"2";"1";"0";"2";"4";"2";"5";""
"201900026861";"138 255 782";"A01";"2";"7";"13";"0";"9";"14";"1";""
"201900026862";"138 255 779";"B01";"2";"7";"0";"2";"3";"1";"1";""
"201900026862";"138 255 780";"A01";"1";"7";"0";"2";"3";"13";"1";""
"201900026863";"138 255 778";"A01";"1";"7";"0";"0";"0";"0";"1";""
"201900026864";"138 255 777";"A01";"1";"10";"13";"0";"1";"1";"1";""
"201900026865";"138 255 775";"A01";"1";"7";"0";"2";"1";"1";"1";""
"201900026865";"138 255 776";"B01";"2";"7";"0";"2";"1";"1";"1";""
"201900026866";"138 255 773";"B01";"1";"33";"0";"2";"8";"1";"1";""
"201900026866";"138 255 774";"A01";"1";"7";"0";"2";"7";"17";"1";""
"201900026867";"138 255 772";"A01";"2";"7";"0";"1";"2";"13";"1";""
"201900026868";"138 255 771";"A01";"2";"7";"2";"0";"7";"1";"1";""
"201900026869";"138 255 769";"A01";"1";"7";"0";"2";"3";"1";"1";""
"201900026869";"138 255 770";"B01";"1";"1";"0";"2";"1";"1";"5";""
"201900026870";"138 255 767";"B01";"2";"7";"0";"2";"3";"1";"1";""
"201900026870";"138 255 768";"A01";"1";"7";"0";"2";"3";"13";"1";""
"201900026871";"138 255 766";"A01";"1";"33";"0";"6";"1";"1";"1";""
"201900026872";"138 255 764";"A01";"1";"7";"0";"2";"3";"1";"1";""
"201900026872";"138 255 765";"B01";"2";"2";"0";"2";"1";"15";"1";""
"201900026873";"138 255 762";"A01";"2";"14";"0";"2";"7";"17";"1";""
"201900026873";"138 255 763";"B01";"2";"7";"0";"2";"8";"1";"1";""
"201900026874";"138 255 760";"B01";"2";"7";"0";"2";"3";"1";"1";""
"201900026874";"138 255 761";"A01";"1";"7";"0";"2";"3";"13";"1";""
"201900026875";"138 255 759";"A01";"3";"80";"12";"0";"0";"0";"3";""
"201900026876";"138 255 758";"A01";"2";"33";"0";"0";"8";"1";"1";""
"201900026877";"138 255 756";"B01";"3";"7";"0";"9";"1";"26";"1";""
"201900026877";"138 255 757";"A01";"1";"1";"0";"2";"1";"26";"5";""
"201900026878";"138 255 754";"B01";"1";"1";"0";"2";"8";"2";"5";""
"201900026878";"138 255 755";"A01";"1";"15";"0";"2";"7";"1";"1";""
"201900026879";"138 255 752";"B01";"1";"2";"0";"2";"4";"1";"1";""
"201900026879";"138 255 753";"A01";"1";"7";"0";"2";"1";"1";"1";""
"201900026880";"138 255 751";"A01";"2";"7";"4";"0";"3";"17";"1";""
"201900026881";"138 255 750";"A01";"2";"7";"0";"1";"1";"1";"1";""
"201900026882";"138 255 748";"A01";"1";"7";"0";"2";"1";"13";"1";""
"201900026882";"138 255 749";"B01";"2";"7";"0";"2";"1";"1";"1";""
"201900026883";"138 255 746";"B01";"1";"7";"0";"2";"1";"1";"1";""
"201900026883";"138 255 747";"A01";"2";"2";"0";"2";"1";"13";"1";""
"201900026884";"138 255 744";"B01";"2";"7";"0";"2";"3";"13";"1";""
"201900026884";"138 255 745";"A01";"1";"14";"0";"2";"3";"1";"1";""
"201900026885";"138 255 742";"A01";"2";"7";"0";"0";"4";"2";"1";""
"201900026885";"138 255 743";"B01";"2";"15";"0";"2";"2";"2";"1";""
"201900026886";"138 255 740";"B01";"0";"7";"0";"2";"3";"19";"0";""
"201900026886";"138 255 741";"A01";"1";"31";"0";"2";"1";"1";"1";""
"201900026887";"138 255 739";"A01";"1";"7";"13";"0";"0";"13";"1";""
"201900026888";"138 255 738";"A01";"1";"7";"1";"0";"3";"1";"1";""
"201900026889";"138 255 737";"A01";"1";"2";"3";"0";"2";"2";"1";""
"201900026890";"138 255 735";"A01";"1";"7";"5";"0";"7";"1";"0";""
"201900026891";"138 255 733";"B01";"2";"7";"0";"0";"1";"2";"1";""
"201900026891";"138 255 734";"A01";"2";"7";"0";"0";"4";"1";"1";""
"201900026892";"138 255 730";"C01";"1";"1";"0";"2";"1";"21";"5";""
"201900026892";"138 255 731";"B01";"1";"1";"0";"9";"4";"21";"5";""
"201900026892";"138 255 732";"A01";"2";"7";"0";"0";"0";"9";"1";""
"201900026893";"138 255 727";"C01";"2";"33";"14";"2";"1";"1";"0";""
"201900026893";"138 255 728";"B01";"1";"7";"0";"0";"2";"23";"0";""
"201900026893";"138 255 729";"A01";"1";"7";"0";"0";"6";"23";"0";""
"201900026894";"138 255 723";"B01";"0";"32";"0";"2";"8";"1";"1";""
"201900026894";"138 255 724";"A01";"0";"7";"0";"2";"3";"5";"1";""
"201900026895";"138 255 721";"A01";"1";"7";"0";"2";"2";"1";"1";""
"201900026895";"138 255 722";"B01";"2";"15";"0";"2";"2";"1";"1";""
"201900026896";"138 255 719";"B01";"3";"7";"0";"2";"4";"4";"1";""
"201900026896";"138 255 720";"A01";"3";"1";"0";"2";"1";"1";"5";""
"201900026897";"138 255 718";"A01";"0";"7";"8";"0";"9";"1";"1";""
"201900026898";"138 255 717";"A01";"1";"33";"0";"0";"3";"1";"1";""
"201900026899";"138 255 715";"B01";"2";"2";"0";"2";"1";"1";"1";""
"201900026899";"138 255 716";"A01";"1";"7";"0";"2";"3";"15";"0";""
"201900026900";"138 255 714";"A01";"0";"7";"6";"0";"3";"0";"1";""
"201900026901";"138 255 713";"A01";"1";"7";"0";"1";"7";"1";"1";""
"201900026902";"138 255 711";"A01";"1";"2";"0";"2";"1";"1";"1";""
"201900026902";"138 255 712";"B01";"2";"7";"0";"2";"3";"1";"1";""
"201900026903";"138 255 710";"A01";"1";"7";"6";"0";"8";"1";"1";""
"201900026904";"138 255 708";"B01";"2";"7";"0";"2";"3";"2";"1";""
"201900026904";"138 255 709";"A01";"1";"7";"15";"2";"2";"19";"1";""
"201900026905";"138 255 707";"A01";"0";"7";"13";"0";"0";"1";"0";""
"201900026906";"138 255 706";"A01";"1";"7";"10";"0";"2";"14";"1";""
"201900026907";"138 255 705";"A01";"1";"7";"2";"0";"1";"1";"1";""
"201900026908";"138 255 702";"A01";"2";"10";"0";"2";"1";"2";"1";""
"201900026908";"138 255 703";"B01";"2";"10";"0";"2";"4";"2";"1";""
"201900026908";"138 255 704";"C01";"2";"7";"0";"0";"4";"2";"1";""
"201900026909";"138 255 700";"B01";"1";"7";"0";"0";"4";"1";"1";""
"201900026909";"138 255 701";"A01";"1";"1";"0";"2";"1";"1";"5";""
"201900026910";"138 255 698";"B01";"2";"1";"0";"2";"4";"2";"5";""
"201900026910";"138 255 699";"A01";"2";"7";"0";"2";"2";"2";"1";""
"201900026911";"138 255 697";"A01";"3";"21";"2";"0";"1";"1";"1";""
"201900026912";"138 255 696";"A01";"2";"7";"15";"1";"7";"24";"1";""
"201900026913";"138 255 695";"A01";"1";"7";"0";"1";"1";"1";"1";""
"201900026914";"138 255 694";"A01";"3";"2";"0";"0";"0";"1";"1";""
"201900026915";"138 255 693";"A01";"1";"7";"2";"0";"1";"1";"1";""
"201900026916";"138 255 692";"A01";"2";"7";"13";"0";"1";"1";"1";""
"201900026917";"138 255 690";"B01";"2";"7";"0";"2";"8";"1";"1";""
"201900026917";"138 255 691";"A01";"1";"33";"0";"2";"3";"13";"1";""
"201900026918";"138 255 689";"A01";"2";"7";"8";"0";"1";"0";"1";""
"201900026919";"138 255 688";"A01";"0";"33";"1";"0";"1";"14";"1";""
"201900026920";"138 255 685";"A01";"2";"1";"0";"0";"1";"1";"5";""
"201900026921";"138 255 683";"A01";"2";"7";"8";"2";"3";"13";"1";""
"201900026921";"138 255 684";"B01";"1";"7";"0";"2";"3";"1";"1";""
"201900026922";"138 255 682";"A01";"3";"7";"0";"1";"5";"16";"1";""
"201900026923";"138 255 681";"A01";"1";"33";"17";"0";"1";"0";"1";""
"201900026924";"138 255 679";"A01";"1";"7";"0";"1";"2";"1";"1";""
"201900026925";"138 255 678";"A01";"2";"7";"6";"0";"1";"1";"1";""
"201900026926";"138 255 676";"B01";"1";"7";"0";"9";"1";"0";"1";""
"201900026926";"138 255 677";"A01";"1";"7";"4";"0";"0";"0";"1";""
"201900026927";"138 255 674";"B01";"2";"15";"0";"2";"6";"0";"1";""
"201900026927";"138 255 675";"A01";"2";"7";"0";"2";"2";"17";"1";""
"201900026928";"138 255 670";"B01";"2";"34";"0";"2";"1";"1";"1";""
"201900026928";"138 255 671";"A01";"2";"7";"0";"2";"5";"12";"1";""
"201900026929";"138 255 668";"A01";"1";"7";"17";"0";"1";"14";"1";""
"201900026930";"138 255 666";"B01";"1";"15";"0";"0";"4";"2";"1";""
"201900026930";"138 255 667";"A01";"1";"7";"0";"2";"1";"2";"1";""
"201900026931";"138 255 665";"A01";"2";"14";"13";"0";"3";"0";"1";""
"201900026932";"138 255 663";"B01";"2";"7";"0";"2";"4";"1";"1";""
"201900026932";"138 255 664";"A01";"2";"7";"0";"2";"1";"1";"1";""
"201900026933";"138 255 661";"A01";"2";"7";"3";"0";"4";"12";"2";""
"201900026933";"138 255 662";"B01";"2";"17";"0";"2";"1";"1";"1";""
"201900026934";"138 255 659";"A01";"2";"33";"0";"2";"1";"1";"1";""
"201900026934";"138 255 660";"B01";"3";"7";"0";"2";"2";"19";"1";""
"201900026935";"138 255 657";"A01";"3";"7";"0";"2";"2";"19";"0";""
"201900026935";"138 255 658";"B01";"3";"31";"0";"2";"1";"1";"0";""
"201900026936";"138 255 655";"A01";"1";"7";"0";"2";"1";"1";"1";""
"201900026936";"138 255 656";"B01";"3";"2";"0";"2";"8";"1";"1";""
"201900026937";"138 255 653";"B01";"2";"7";"0";"2";"1";"13";"1";""
"201900026937";"138 255 654";"A01";"1";"7";"0";"0";"3";"1";"1";""
"201900026938";"138 255 651";"A01";"3";"7";"0";"0";"8";"1";"1";""
"201900026938";"138 255 652";"B01";"3";"30";"0";"2";"1";"1";"1";""
"201900026939";"138 255 649";"A01";"1";"7";"0";"9";"1";"15";"1";""
"201900026939";"138 255 650";"B01";"2";"1";"0";"2";"3";"25";"0";""
"201900026940";"138 255 647";"B01";"2";"2";"0";"2";"1";"1";"6";""
"201900026940";"138 255 648";"A01";"1";"10";"0";"2";"3";"17";"6";""
"201900026941";"138 255 645";"A01";"2";"7";"0";"2";"3";"13";"1";""
"201900026941";"138 255 646";"B01";"1";"2";"0";"2";"8";"1";"1";""
"201900026942";"138 255 644";"A01";"2";"1";"6";"0";"1";"1";"5";""
"201900026943";"138 255 639";"A01";"2";"7";"0";"2";"2";"2";"1";""
"201900026943";"138 255 640";"B01";"2";"1";"0";"0";"4";"2";"5";""
"201900026943";"138 255 641";"C01";"2";"1";"0";"0";"4";"2";"5";""
"201900026943";"138 255 642";"D01";"2";"1";"0";"0";"4";"2";"5";""
"201900026943";"138 255 643";"E01";"2";"1";"0";"0";"4";"2";"5";""
"201900026944";"138 255 637";"B01";"1";"33";"0";"2";"1";"17";"1";""
"201900026944";"138 255 638";"A01";"1";"7";"0";"2";"6";"10";"1";""
"201900026945";"138 255 635";"B01";"0";"7";"0";"2";"3";"1";"1";""
"201900026945";"138 255 636";"A01";"0";"7";"0";"2";"3";"13";"1";""
"201900026946";"138 255 634";"A01";"3";"7";"7";"0";"2";"1";"1";""
"201900026947";"138 255 632";"B01";"3";"7";"0";"2";"1";"1";"1";""
"201900026947";"138 255 633";"A01";"3";"7";"0";"2";"2";"13";"1";""
"201900026948";"138 255 630";"A01";"1";"2";"0";"2";"1";"13";"1";""
"201900026948";"138 255 631";"B01";"2";"7";"0";"9";"1";"1";"1";""
"201900026949";"138 255 628";"B01";"1";"7";"0";"2";"1";"1";"1";""
"201900026949";"138 255 629";"A01";"2";"7";"0";"0";"1";"1";"1";""
"201900026950";"138 255 627";"A01";"2";"7";"4";"0";"1";"1";"1";""
"201900026951";"138 255 625";"B01";"0";"7";"0";"2";"4";"9";"1";""
"201900026951";"138 255 626";"A01";"3";"1";"0";"2";"1";"1";"5";""
"201900026952";"138 255 624";"A01";"3";"7";"13";"0";"2";"0";"1";""
"201900026953";"138 255 622";"A01";"2";"33";"0";"2";"7";"17";"1";""
"201900026953";"138 255 623";"B01";"2";"33";"0";"2";"8";"2";"1";""
"201900026954";"138 255 620";"B01";"1";"7";"0";"2";"3";"15";"1";""
"201900026954";"138 255 621";"A01";"1";"33";"0";"2";"2";"17";"1";""
"201900026955";"138 255 618";"B01";"1";"31";"0";"2";"1";"26";"1";""
"201900026955";"138 255 619";"A01";"2";"7";"0";"2";"5";"15";"1";""
"201900026956";"138 255 616";"A01";"1";"7";"0";"2";"2";"15";"0";""
"201900026956";"138 255 617";"B01";"2";"2";"0";"2";"8";"1";"0";""
"201900026957";"138 255 615";"A01";"1";"7";"12";"0";"1";"1";"1";""
"201900026958";"138 255 614";"A01";"2";"7";"6";"0";"3";"1";"1";""
"201900026959";"138 255 613";"A01";"3";"2";"0";"6";"1";"1";"1";""
"201900026960";"138 255 611";"B01";"1";"33";"0";"2";"1";"1";"1";""
"201900026960";"138 255 612";"A01";"2";"7";"0";"2";"3";"13";"1";""
"201900026961";"138 255 610";"A01";"2";"99";"0";"1";"2";"0";"0";""
"201900026962";"138 255 609";"A01";"1";"33";"6";"0";"1";"1";"1";""
"201900026963";"138 255 608";"A01";"0";"10";"7";"0";"9";"13";"1";""
"201900026964";"138 255 606";"B01";"2";"7";"0";"2";"1";"16";"1";""
"201900026964";"138 255 607";"A01";"1";"33";"0";"2";"1";"1";"1";""
"201900026965";"138 255 605";"A01";"1";"7";"0";"1";"1";"1";"1";""
"201900026966";"138 255 603";"A01";"2";"99";"0";"2";"8";"19";"1";""
"201900026966";"138 255 604";"B01";"2";"34";"0";"2";"1";"1";"1";""
"201900026967";"138 255 602";"A01";"1";"33";"6";"0";"0";"17";"1";""
"201900026968";"138 255 600";"B01";"2";"7";"0";"2";"3";"1";"1";""
"201900026968";"138 255 601";"A01";"1";"7";"0";"2";"3";"11";"1";""
"201900026969";"138 255 599";"A01";"1";"33";"13";"0";"2";"1";"1";""
"201900026970";"138 255 597";"B01";"1";"7";"0";"2";"3";"1";"1";""
"201900026970";"138 255 598";"A01";"2";"7";"0";"2";"1";"13";"1";""
"201900026971";"138 255 596";"A01";"2";"33";"0";"6";"2";"1";"1";""
"201900026972";"138 255 594";"B01";"0";"7";"0";"2";"1";"1";"1";""
"201900026972";"138 255 595";"A01";"0";"7";"13";"2";"5";"1";"1";""
"201900026973";"138 255 593";"A01";"1";"7";"13";"0";"1";"1";"1";""
"201900026974";"138 255 590";"A01";"2";"7";"0";"0";"6";"15";"1";""
"201900026974";"138 255 591";"B01";"2";"10";"1";"0";"1";"13";"1";""
"201900026974";"138 255 592";"C01";"1";"7";"0";"2";"3";"1";"1";""
"201900026975";"138 255 588";"B01";"1";"7";"0";"2";"6";"2";"1";""
"201900026975";"138 255 589";"A01";"1";"1";"0";"2";"1";"2";"6";""
"201900026976";"138 255 586";"B01";"1";"7";"0";"2";"8";"17";"1";""
"201900026976";"138 255 587";"A01";"1";"33";"0";"2";"7";"17";"1";""
"201900026977";"138 255 584";"A01";"1";"7";"0";"2";"1";"1";"0";""
"201900026977";"138 255 585";"A01";"0";"7";"0";"0";"8";"19";"0";""
"201900026978";"138 255 582";"B01";"2";"7";"14";"9";"2";"21";"1";""
"201900026978";"138 255 583";"A01";"2";"10";"0";"0";"2";"19";"1";""
"201900026979";"138 255 581";"A01";"1";"7";"15";"0";"1";"21";"1";""
"201900026980";"138 255 579";"B01";"2";"10";"0";"2";"3";"1";"1";""
"201900026980";"138 255 580";"A01";"2";"17";"3";"2";"3";"1";"1";""
"201900026981";"138 255 577";"B01";"2";"7";"0";"2";"6";"2";"1";""
"201900026981";"138 255 578";"A01";"2";"33";"0";"2";"1";"17";"1";""
"201900026982";"138 255 574";"A01";"1";"7";"0";"2";"4";"1";"1";""
"201900026982";"138 255 575";"B01";"1";"7";"0";"2";"4";"2";"1";""
"201900026982";"138 255 576";"C01";"1";"7";"0";"2";"1";"2";"1";""
"201900026983";"138 255 571";"C01";"1";"7";"0";"2";"1";"2";"1";""
"201900026983";"138 255 572";"B01";"1";"7";"0";"2";"4";"2";"1";""
"201900026983";"138 255 573";"A01";"1";"7";"0";"2";"4";"2";"1";""
"201900026984";"138 255 570";"A01";"1";"7";"16";"0";"1";"0";"1";""
"201900026985";"138 255 568";"A01";"2";"10";"0";"2";"1";"1";"1";""
"201900026985";"138 255 569";"B01";"2";"7";"0";"2";"4";"0";"1";""
"201900026986";"138 255 567";"A01";"2";"7";"13";"0";"3";"26";"1";""
"201900026987";"138 255 565";"B01";"1";"7";"0";"2";"3";"26";"1";""
"201900026987";"138 255 566";"A01";"1";"7";"0";"2";"8";"26";"1";""
"201900026988";"138 255 564";"A01";"2";"33";"5";"0";"7";"15";"1";""
"201900026989";"138 255 563";"A01";"2";"7";"4";"0";"9";"1";"1";""
"201900026990";"138 255 562";"A01";"1";"13";"1";"0";"1";"1";"1";""
"201900026991";"138 255 560";"B01";"2";"33";"0";"2";"0";"0";"1";""
"201900026991";"138 255 561";"A01";"2";"7";"0";"2";"0";"0";"1";""
"201900026992";"138 255 559";"A01";"2";"7";"16";"0";"9";"1";"0";""
"201900026993";"138 255 558";"A01";"2";"7";"16";"0";"3";"21";"1";""
"201900026994";"138 255 556";"B01";"1";"7";"0";"2";"2";"1";"1";""
"201900026994";"138 255 557";"A01";"1";"14";"0";"2";"3";"11";"1";""
"201900026995";"138 255 554";"B01";"2";"7";"0";"2";"4";"2";"1";""
"201900026995";"138 255 555";"A01";"2";"7";"0";"2";"1";"2";"1";""
"201900026996";"138 255 553";"A01";"1";"7";"0";"0";"1";"21";"1";""
"201900026997";"138 255 552";"A01";"1";"10";"4";"0";"1";"1";"1";""
"201900026998";"138 255 549";"A01";"2";"33";"0";"2";"8";"3";"1";""
"201900026998";"138 255 550";"B01";"2";"7";"0";"2";"2";"12";"1";""
"201900026998";"138 255 551";"C01";"2";"7";"0";"2";"8";"1";"1";""
"201900026999";"138 255 548";"A01";"1";"33";"4";"0";"1";"13";"1";""
"201900027000";"138 255 547";"A01";"2";"7";"4";"0";"1";"26";"1";""
"201900027001";"138 255 546";"A01";"1";"7";"4";"0";"2";"14";"1";""
"201900027002";"138 255 545";"A01";"2";"7";"0";"0";"9";"1";"1";""
"201900027003";"138 255 543";"B01";"2";"10";"3";"2";"8";"1";"1";""
"201900027003";"138 255 544";"A01";"2";"7";"0";"2";"7";"12";"1";""
"201900027004";"138 255 541";"B01";"2";"7";"0";"2";"6";"2";"1";""
"201900027004";"138 255 542";"A01";"2";"14";"0";"2";"2";"1";"1";""
"201900027005";"138 255 539";"B01";"1";"7";"0";"2";"4";"2";"1";""
"201900027005";"138 255 540";"A01";"1";"7";"0";"2";"1";"2";"1";""
"201900027006";"138 255 537";"A01";"2";"7";"0";"2";"1";"1";"1";""
"201900027006";"138 255 538";"B01";"2";"7";"0";"2";"4";"1";"1";""
"201900027007";"138 255 536";"A01";"1";"32";"0";"0";"0";"3";"1";""
"201900027008";"138 255 533";"C01";"1";"7";"0";"2";"5";"1";"1";""
"201900027008";"138 255 534";"B01";"1";"7";"0";"2";"7";"12";"1";""
"201900027008";"138 255 535";"A01";"1";"32";"0";"2";"8";"3";"1";""
"201900027009";"138 255 531";"B01";"2";"10";"0";"2";"4";"1";"1";""
"201900027009";"138 255 532";"A01";"2";"10";"0";"2";"1";"1";"1";""
"201900027010";"138 255 528";"A01";"1";"7";"0";"2";"1";"2";"1";""
"201900027010";"138 255 529";"B01";"1";"7";"0";"2";"6";"1";"1";""
"201900027010";"138 255 530";"C01";"1";"7";"0";"2";"4";"1";"1";""
"201900027011";"138 255 526";"A01";"1";"7";"0";"2";"4";"1";"1";""