"Num_Acc";"id_vehicule";"num_veh";"senc";"catv";"obs";"obsm";"choc";"manv";"motor";"occutc"
"201900027011";"138 255 527";"B01";"1";"33";"0";"2";"1";"1";"1";""
"201900027012";"138 255 525";"A01";"1";"7";"3";"0";"1";"1";"1";""
"201900027013";"138 255 518";"E01";"0";"99";"0";"0";"4";"0";"0";""
"201900027013";"138 255 519";"D01";"0";"7";"0";"0";"0";"0";"0";""
"201900027013";"138 255 520";"C01";"3";"7";"0";"0";"0";"0";"0";""
"201900027013";"138 255 521";"B01";"3";"7";"0";"2";"4";"0";"0";""
"201900027013";"138 255 522";"A01";"3";"7";"0";"2";"1";"26";"0";""
"201900027014";"138 255 515";"B01";"3";"1";"0";"2";"1";"1";"5";""
"201900027014";"138 255 516";"A01";"3";"7";"0";"2";"2";"15";"1";""
"201900027015";"138 255 513";"B01";"1";"7";"0";"2";"2";"2";"0";""
"201900027015";"138 255 514";"A01";"1";"33";"0";"2";"8";"2";"0";""
"201900027016";"138 255 511";"B01";"1";"32";"0";"2";"4";"2";"1";""
"201900027016";"138 255 512";"A01";"1";"30";"0";"2";"1";"2";"1";""
"201900027017";"138 255 510";"Z01";"2";"7";"0";"1";"0";"26";"0";""
"201900027018";"138 255 508";"B01";"0";"7";"0";"2";"4";"2";"1";""
"201900027018";"138 255 509";"A01";"1";"7";"0";"2";"1";"2";"1";""
"201900027019";"138 255 505";"B01";"2";"15";"0";"2";"5";"26";"0";""
"201900027019";"138 255 506";"A01";"2";"10";"0";"2";"5";"17";"0";""
"201900027020";"138 255 501";"A01";"1";"7";"0";"2";"5";"12";"1";""
"201900027020";"138 255 502";"B01";"1";"7";"0";"2";"1";"1";"1";""
"201900027021";"138 255 499";"B01";"1";"34";"0";"2";"7";"17";"0";""
"201900027021";"138 255 500";"A01";"1";"7";"1";"0";"1";"16";"0";""
"201900027022";"138 255 498";"A01";"3";"7";"14";"0";"1";"26";"0";""
"201900027023";"138 255 495";"B01";"1";"7";"0";"2";"2";"1";"1";""
"201900027023";"138 255 496";"C01";"1";"7";"0";"2";"1";"0";"1";""
"201900027023";"138 255 497";"A01";"2";"7";"0";"2";"5";"14";"1";""
"201900027024";"138 255 493";"B01";"2";"34";"0";"2";"1";"1";"1";""
"201900027024";"138 255 494";"A01";"2";"80";"0";"2";"4";"13";"3";""
"201900027025";"138 255 491";"B01";"1";"32";"0";"2";"0";"0";"1";""
"201900027025";"138 255 492";"A01";"1";"7";"0";"2";"0";"14";"0";""
"201900027026";"138 255 489";"A01";"2";"32";"0";"2";"7";"2";"1";""
"201900027026";"138 255 490";"B01";"2";"13";"0";"0";"0";"0";"0";""
"201900027027";"138 255 487";"A01";"1";"7";"0";"2";"7";"19";"1";""
"201900027027";"138 255 488";"B01";"2";"32";"0";"2";"1";"1";"1";""
"201900027028";"138 255 486";"A01";"1";"7";"0";"1";"1";"19";"1";""
"201900027029";"138 255 485";"B01";"3";"7";"0";"2";"8";"13";"0";""
"201900027030";"138 255 484";"A01";"1";"7";"3";"0";"1";"1";"1";""
"201900027031";"138 255 483";"A01";"2";"7";"4";"0";"3";"13";"1";""
"201900027032";"138 255 482";"A01";"3";"10";"16";"0";"0";"16";"1";""
"201900027033";"138 255 480";"A01";"3";"7";"0";"2";"3";"9";"1";""
"201900027033";"138 255 481";"A01";"3";"31";"0";"2";"5";"1";"1";""
"201900027034";"138 255 478";"A01";"3";"7";"0";"2";"1";"19";"1";""
"201900027034";"138 255 479";"B01";"3";"7";"0";"2";"8";"1";"1";""
"201900027035";"138 255 476";"A01";"3";"33";"0";"2";"1";"1";"1";""
"201900027035";"138 255 477";"B01";"3";"10";"0";"2";"4";"23";"1";""
"201900027036";"138 255 474";"B01";"1";"7";"0";"2";"1";"0";"0";""
"201900027036";"138 255 475";"A01";"1";"14";"0";"2";"1";"23";"0";""
"201900027037";"138 255 472";"B01";"2";"1";"0";"6";"0";"0";"0";""
"201900027037";"138 255 473";"A01";"1";"7";"0";"2";"0";"0";"0";""
"201900027038";"138 255 470";"B01";"1";"32";"0";"2";"5";"1";"1";""
"201900027038";"138 255 471";"A01";"2";"7";"0";"2";"1";"9";"1";""
"201900027039";"138 255 469";"A01";"1";"2";"0";"0";"0";"0";"0";""
"201900027040";"138 255 467";"B01";"3";"33";"0";"2";"1";"1";"1";""
"201900027040";"138 255 468";"A01";"3";"7";"0";"2";"3";"17";"1";""
"201900027041";"138 255 466";"A01";"1";"7";"0";"1";"1";"1";"1";""
"201900027042";"138 255 464";"A01";"3";"33";"0";"2";"2";"26";"1";""
"201900027042";"138 255 465";"B01";"3";"10";"0";"0";"0";"0";"1";""
"201900027043";"138 255 462";"A01";"3";"7";"0";"2";"3";"13";"1";""
"201900027043";"138 255 463";"B01";"1";"1";"0";"2";"5";"1";"5";""
"201900027044";"138 255 460";"A01";"1";"7";"0";"2";"1";"11";"1";""
"201900027044";"138 255 461";"B01";"1";"7";"0";"2";"0";"0";"1";""
"201900027045";"138 255 459";"A01";"3";"7";"13";"0";"1";"1";"1";""
"201900027046";"138 255 457";"A01";"3";"1";"0";"2";"1";"17";"5";""
"201900027046";"138 255 458";"B01";"3";"7";"16";"0";"3";"16";"1";""
"201900027047";"138 255 452";"B01";"3";"7";"0";"2";"4";"2";"1";""
"201900027047";"138 255 453";"D01";"3";"7";"0";"2";"4";"2";"1";""
"201900027047";"138 255 454";"A01";"3";"7";"0";"2";"1";"2";"1";""
"201900027047";"138 255 455";"E01";"1";"7";"0";"2";"4";"2";"1";""
"201900027047";"138 255 456";"C01";"3";"7";"0";"2";"4";"2";"1";""
"201900027048";"138 255 450";"A01";"2";"31";"0";"0";"0";"21";"1";""
"201900027049";"138 255 448";"B01";"2";"7";"0";"2";"1";"1";"0";""
"201900027049";"138 255 449";"A01";"2";"7";"0";"2";"7";"1";"0";""
"201900027050";"138 255 447";"A01";"3";"60";"0";"0";"0";"25";"5";""
"201900027051";"138 255 445";"A01";"2";"7";"0";"2";"2";"1";"1";""
"201900027051";"138 255 446";"B01";"2";"1";"0";"2";"0";"1";"0";""
"201900027052";"138 255 444";"A01";"1";"7";"1";"0";"3";"17";"0";""
"201900027053";"138 255 442";"A01";"2";"7";"0";"2";"7";"15";"1";""
"201900027053";"138 255 443";"B01";"1";"7";"0";"2";"1";"2";"1";""
"201900027054";"138 255 441";"A01";"3";"2";"0";"1";"1";"19";"0";""
"201900027055";"138 255 440";"A01";"3";"7";"0";"1";"3";"9";"1";""
"201900027056";"138 255 438";"A01";"1";"40";"0";"6";"1";"1";"3";""
"201900027056";"138 255 439";"B01";"3";"1";"0";"4";"7";"19";"0";""
"201900027057";"138 255 435";"A01";"1";"7";"0";"2";"3";"14";"1";""
"201900027057";"138 255 436";"C01";"1";"33";"0";"2";"4";"2";"1";""
"201900027057";"138 255 437";"B01";"1";"7";"0";"2";"5";"2";"1";""
"201900027058";"138 255 433";"A01";"1";"7";"0";"2";"1";"1";"1";""
"201900027058";"138 255 434";"B01";"2";"1";"0";"2";"7";"1";"5";""
"201900027059";"138 255 432";"B01";"1";"1";"0";"0";"1";"26";"5";""
"201900027060";"138 255 431";"A01";"1";"7";"0";"1";"3";"1";"1";""
"201900027061";"138 255 430";"A01";"1";"40";"0";"1";"2";"1";"3";""
"201900027062";"138 255 428";"B01";"2";"32";"0";"2";"8";"2";"0";""
"201900027062";"138 255 429";"A01";"2";"7";"0";"2";"7";"16";"0";""
"201900027063";"138 255 425";"B01";"2";"33";"0";"2";"1";"11";"0";""
"201900027063";"138 255 426";"C01";"2";"7";"0";"2";"4";"1";"0";""
"201900027063";"138 255 427";"A01";"2";"7";"0";"2";"2";"12";"1";""
"201900027064";"138 255 424";"A01";"1";"32";"0";"0";"1";"0";"1";""
"201900027065";"138 255 422";"A01";"1";"32";"0";"2";"3";"18";"1";""
"201900027065";"138 255 423";"B01";"1";"7";"0";"2";"5";"9";"1";""
"201900027066";"138 255 420";"A01";"2";"7";"7";"0";"1";"1";"1";""
"201900027066";"138 255 421";"A01";"1";"0";"0";"2";"1";"0";" -1";""
"201900027067";"138 255 419";"A01";"3";"7";"1";"0";"3";"1";"1";""
"201900027068";"138 255 418";"A01";"1";"31";"0";"1";"1";"1";"0";""
"201900027069";"138 255 416";"A01";"2";"30";"0";"2";"8";"1";"1";""
"201900027069";"138 255 417";"B01";"2";"7";"0";"2";"1";"19";"1";""
"201900027070";"138 255 414";"B01";"2";"10";"0";"0";"8";"19";"1";""
"201900027070";"138 255 415";"A01";"2";"33";"0";"2";"1";"5";"1";""
"201900027071";"138 255 412";"B01";"2";"1";"0";"2";"8";"25";"5";""
"201900027071";"138 255 413";"A01";"1";"7";"0";"2";"1";"9";"1";""
"201900027072";"138 255 411";"A01";"1";"32";"0";"1";"2";"1";"1";""
"201900027073";"138 255 410";"A01";"1";"10";"8";"2";"1";"2";"1";""
"201900027074";"138 255 409";"A01";"2";"7";"0";"1";"5";"21";"1";""
"201900027075";"138 255 407";"B01";"1";"10";"0";"2";"8";"26";"0";""
"201900027075";"138 255 408";"A01";"1";"31";"0";"2";"1";"1";"0";""
"201900027076";"138 255 406";"A01";"3";"7";"1";"1";"2";"1";"1";""
"201900027077";"138 255 404";"B01";"1";"7";"0";"0";"6";"1";"0";""
"201900027077";"138 255 405";"A01";"1";"7";"0";"2";"2";"1";"0";""
"201900027078";"138 255 403";"A01";"2";"10";"0";"1";"3";"1";"1";""
"201900027079";"138 255 401";"A01";"2";"7";"0";"2";"2";"26";"1";""
"201900027079";"138 255 402";"B01";"1";"7";"0";"2";"3";"1";"1";""
"201900027080";"138 255 400";"A01";"2";"7";"9";"0";"7";"1";"1";""
"201900027081";"138 255 398";"B01";"3";"7";"0";"2";"2";"0";"1";""
"201900027081";"138 255 399";"A01";"3";"31";"0";"2";"1";"17";"1";""
"201900027082";"138 255 396";"A01";"1";"34";"0";"2";"0";"0";"0";""
"201900027082";"138 255 397";"B01";"1";"32";"0";"2";"0";"0";"1";""
"201900027083";"138 255 395";"A01";"3";"7";"0";"1";"2";"1";"1";""
"201900027084";"138 255 393";"A01";"2";"10";"9";"1";"2";"26";"1";""
"201900027085";"138 255 391";"B01";"1";"13";"0";"2";"6";"23";"1";""
"201900027085";"138 255 392";"A01";"1";"34";"14";"0";"1";"2";"1";""
"201900027086";"138 255 389";"B01";"3";"80";"0";"2";"8";"1";"3";""
"201900027086";"138 255 390";"A01";"2";"7";"0";"2";"1";"1";"1";""
"201900027087";"138 255 387";"B01";"1";"7";"0";"2";"3";"15";"1";""
"201900027087";"138 255 388";"A01";"1";"33";"0";"2";"2";"17";"1";""
"201900027088";"138 255 384";"C01";"1";"7";"0";"2";"4";"23";"1";""
"201900027088";"138 255 385";"B01";"1";"7";"0";"2";"5";"23";"1";""
"201900027088";"138 255 386";"A01";"1";"7";"0";"2";"3";"2";"1";""
"201900027089";"138 255 383";"A01";"3";"7";"0";"1";"4";"26";"1";""
"201900027090";"138 255 382";"A01";"1";"7";"0";"1";"1";"1";"0";""
"201900027091";"138 255 380";"B01";"1";"7";"0";"2";"1";"1";"1";""
"201900027091";"138 255 381";"A01";"2";"7";"0";"2";"2";"15";"0";""
"201900027092";"138 255 377";"C01";"1";"7";"0";"2";"4";"0";"0";""
"201900027092";"138 255 378";"B01";"1";"7";"0";"2";"4";"0";"0";""
"201900027092";"138 255 379";"A01";"1";"7";"0";"2";"1";"26";"0";""
"201900027093";"138 255 373";"A01";"1";"7";"0";"1";"8";"19";"1";""
"201900027094";"138 255 371";"B01";"1";"7";"0";"0";"4";"23";"1";""
"201900027094";"138 255 372";"A01";"1";"34";"0";"2";"1";"23";"1";""
"201900027095";"138 255 369";"B01";"3";"32";"0";"2";"1";"26";"6";""
"201900027095";"138 255 370";"A01";"3";"10";"0";"2";"5";"15";"6";""
"201900027096";"138 255 367";"A01";"1";"7";"0";"2";"3";"1";"1";""
"201900027096";"138 255 368";"B01";"3";"1";"0";"2";"2";"1";"5";""
"201900027097";"138 255 366";"A01";"1";"7";"0";"1";"1";"18";"1";""
"201900027098";"138 255 364";"B01";"2";"7";"0";"2";"3";"26";"1";""
"201900027098";"138 255 365";"A01";"1";"7";"0";"2";"2";"10";"1";""
"201900027099";"138 255 363";"A01";"1";"7";"0";"1";"3";"1";"1";""
"201900027100";"138 255 361";"B01";"1";"33";"0";"2";"2";"17";"0";""
"201900027100";"138 255 362";"A01";"1";"7";"0";"2";"3";"13";"0";""
"201900027101";"138 255 359";"B01";"3";"99";"0";"2";"3";"5";"1";""
"201900027101";"138 255 360";"A01";"3";"7";"0";"2";"1";"1";"1";""
"201900027102";"138 255 355";"A01";"2";"7";"0";"1";"1";"1";"1";""
"201900027103";"138 255 354";"A01";"0";"7";"0";"0";"4";"24";"1";""
"201900027104";"138 255 351";"B01";"2";"10";"0";"2";"4";"2";"1";""
"201900027104";"138 255 352";"C01";"2";"7";"0";"2";"4";"2";"1";""
"201900027104";"138 255 353";"A01";"2";"7";"0";"2";"1";"2";"1";""
"201900027105";"138 255 349";"A01";"2";"7";"0";"2";"1";"1";"1";""
"201900027105";"138 255 350";"B01";"1";"7";"0";"2";"2";"1";"1";""
"201900027106";"138 255 346";"A01";"1";"7";"0";"6";"3";"1";"1";""
"201900027106";"138 255 347";"B01";"1";"2";"0";"2";"1";"1";"0";""
"201900027107";"138 255 344";"B01";"2";"7";"0";"2";"1";"1";"1";""
"201900027107";"138 255 345";"A01";"1";"7";"0";"2";"1";"9";"1";""
"201900027108";"138 255 343";"A01";"2";"7";"13";"0";"9";"21";"1";""
"201900027109";"138 255 340";"A01";"2";"7";"0";"2";"3";"10";"1";""
"201900027109";"138 255 341";"C01";"2";"33";"0";"2";"1";"17";"1";""
"201900027109";"138 255 342";"B01";"2";"33";"0";"2";"1";"17";"1";""
"201900027110";"138 255 338";"B01";"1";"31";"0";"2";"2";"1";"1";""
"201900027110";"138 255 339";"A01";"2";"7";"0";"2";"3";"16";"1";""
"201900027111";"138 255 336";"B01";"1";"7";"0";"2";"3";"1";"1";""
"201900027111";"138 255 337";"A01";"0";"33";"0";"2";"1";"1";"1";""
"201900027112";"138 255 333";"A01";"1";"7";"0";"2";"1";"2";"1";""
"201900027112";"138 255 334";"C01";"1";"7";"0";"2";"4";"2";"1";""
"201900027112";"138 255 335";"B01";"1";"7";"0";"2";"4";"2";"1";""
"201900027113";"138 255 331";"A01";"2";"10";"0";"2";"6";"16";"1";""
"201900027113";"138 255 332";"B01";"1";"1";"0";"2";"1";"1";"5";""
"201900027114";"138 255 329";"B01";"1";"33";"0";"2";"3";"13";"0";""
"201900027114";"138 255 330";"A01";"1";"7";"0";"2";"3";"26";"6";""
"201900027115";"138 255 327";"B01";"3";"7";"0";"2";"3";"15";"1";""
"201900027115";"138 255 328";"A01";"3";"2";"0";"2";"1";"17";"1";""
"201900027116";"138 255 326";"A01";"2";"7";"3";"0";"9";"0";"1";""
"201900027117";"138 255 321";"B01";"2";"1";"0";"0";"4";"0";"5";""
"201900027117";"138 255 322";"C01";"2";"10";"0";"2";"1";"2";"0";""
"201900027117";"138 255 323";"A01";"2";"7";"0";"2";"1";"0";"1";""
"201900027118";"138 255 319";"A01";"0";"1";"0";"2";"0";"1";"5";""
"201900027118";"138 255 320";"B01";"0";"7";"0";"2";"1";"1";"1";""
"201900027119";"138 255 314";"A01";"1";"7";"0";"2";"3";"16";"1";""
"201900027119";"138 255 315";"B01";"3";"7";"1";"2";"3";"1";"2";""
"201900027120";"138 255 310";"A01";"1";"33";"0";"0";"0";"26";"1";""
"201900027121";"138 255 307";"B01";"2";"7";"0";"2";"1";"1";"1";""
"201900027121";"138 255 308";"C01";"1";"7";"0";"2";"1";"2";"1";""
"201900027121";"138 255 309";"A01";"1";"7";"0";"2";"1";"13";"1";""
"201900027122";"138 255 306";"A01";"3";"37";"0";"1";"3";"1";"1";"1"
"201900027123";"138 255 305";"A01";"1";"7";"0";"1";"2";"1";"0";""
"201900027124";"138 255 302";"A01";"1";"20";"0";"1";"2";"19";"0";""
"201900027125";"138 255 298";"A01";"3";"14";"0";" -1";"1";"0";"1";""
"201900027125";"138 255 299";"B01";"3";"40";"0";"2";"2";"0";"3";""
"201900027126";"138 255 297";"B01";"1";"7";"0";"1";"2";"1";"1";""
"201900027127";"138 255 295";"B01";"0";"7";"0";"2";"1";"15";"0";""
"201900027127";"138 255 296";"A01";"0";"30";"0";"2";"1";"1";"1";""
"201900027128";"138 255 293";"Z01";"1";"7";"0";"2";"1";"0";"0";""
"201900027128";"138 255 294";"A01";"1";"34";"0";"0";"4";"23";"1";""
"201900027129";"138 255 291";"B01";"2";"7";"0";"2";"3";"1";"1";""
"201900027129";"138 255 292";"A01";"1";"30";"0";"2";"1";"13";"1";""
"201900027130";"138 255 288";"A01";"2";"7";"0";"1";"1";"1";"0";""
"201900027131";"138 255 286";"B01";"2";"7";"0";"2";"8";"16";"1";""
"201900027131";"138 255 287";"A01";"1";"33";"0";"2";"2";"3";"1";""
"201900027132";"138 255 283";"A01";"2";"7";"0";"2";"2";"1";"0";""
"201900027132";"138 255 284";"C01";"3";"7";"0";"2";"0";"1";"0";""
"201900027132";"138 255 285";"B01";"3";"7";"0";"2";"2";"1";"0";""
"201900027133";"138 255 282";"A01";"2";"7";"0";"1";"3";"1";"1";""
"201900027134";"138 255 280";"A01";"2";"7";"0";"2";"1";"2";"1";""
"201900027134";"138 255 281";"B01";"2";"7";"0";"2";"4";"2";"1";""
"201900027135";"138 255 278";"B01";"3";"7";"0";"2";"4";"2";"1";""
"201900027135";"138 255 279";"A01";"3";"7";"0";"1";"1";"2";"1";""
"201900027136";"138 255 276";"B01";"3";"7";"0";"2";"4";"2";"1";""
"201900027136";"138 255 277";"A01";"3";"7";"0";"2";"1";"2";"1";""
"201900027137";"138 255 274";"B01";"1";"7";"0";"2";"1";"1";"6";""
"201900027137";"138 255 275";"A01";"2";"7";"0";"2";"1";"5";"6";""
"201900027138";"138 255 271";"A01";"3";"10";"0";"2";"1";"15";"1";""
"201900027138";"138 255 272";"B01";"3";"10";"0";"2";"8";"1";"1";""
"201900027139";"138 255 270";"A01";"2";"7";"0";"1";"1";"26";"1";""
"201900027140";"138 255 268";"A01";"2";"30";"0";"2";"1";"26";"0";""
"201900027140";"138 255 269";"B01";"1";"37";"0";"2";"2";"26";"1";"1"
"201900027141";"138 255 267";"A01";"2";"33";"0";"1";"1";"21";"1";""
"201900027142";"138 255 266";"A01";"0";"7";"0";"1";"2";"15";"0";""
"201900027143";"138 255 263";"A01";"1";"15";"0";"1";"3";"9";"1";""
"201900027144";"138 255 262";"A01";"1";"7";"0";"1";"1";"1";"1";""
"201900027145";"138 255 260";"B01";"2";"1";"0";"2";"1";"9";"5";""
"201900027145";"138 255 261";"A01";"1";"1";"0";"2";"1";"5";"5";""
"201900027146";"138 255 258";"A01";"1";"1";"0";"2";"1";"1";"5";""
"201900027146";"138 255 259";"B01";"1";"7";"0";"2";"2";"16";"1";""
"201900027147";"138 255 256";"B01";"1";"7";"0";"2";"4";"2";"1";""
"201900027147";"138 255 257";"A01";"1";"7";"0";"2";"1";"2";"1";""
"201900027148";"138 255 255";"A01";"1";"7";"0";"1";"1";"1";"1";""
"201900027149";"138 255 252";"C01";"1";"7";"0";"2";"4";"2";"1";""
"201900027149";"138 255 253";"B01";"1";"7";"0";"2";"1";"2";"1";""
"201900027149";"138 255 254";"A01";"1";"7";"0";"2";"1";"2";"1";""
"201900027150";"138 255 251";"A01";"1";"30";"0";"1";"1";"1";"1";""
"201900027151";"138 255 249";"B01";"2";"7";"2";"2";"1";"1";"1";""
"201900027151";"138 255 250";"A01";"1";"7";"1";"2";"7";"15";"1";""
"201900027152";"138 255 248";"A01";"3";"7";"6";"0";"1";"16";"1";""
"201900027153";"138 255 246";"A01";"2";"14";"0";"6";"3";"16";"1";""
"201900027153";"138 255 247";"B01";"1";"1";"0";"2";"7";"15";"5";""
"201900027154";"138 255 245";"A01";"0";"32";"0";"1";"1";"1";"1";""
"201900027155";"138 255 243";"A01";"0";"7";"0";"2";"9";"13";"1";""
"201900027155";"138 255 244";"B01";"0";"7";"0";"2";"8";"1";"1";""
"201900027156";"138 255 241";"B01";"0";"7";"0";"2";"7";"1";"1";""
"201900027156";"138 255 242";"A01";"0";"7";"0";"2";"1";"19";"1";""
"201900027157";"138 255 239";"B01";"1";"2";"0";"2";"0";"0";"1";""
"201900027157";"138 255 240";"A01";"2";"7";"0";"2";"0";"15";"1";""
"201900027158";"138 255 238";"A01";"0";"7";"0";"1";"4";"4";"1";""
"201900027159";"138 255 237";"A01";"1";"30";"0";"1";"1";"1";"1";""
"201900027160";"138 255 236";"A01";"2";"30";"0";"1";"1";"3";"1";""
"201900027161";"138 255 234";"B01";"1";"31";"0";"2";"7";"3";"1";""
"201900027161";"138 255 235";"A01";"2";"7";"0";"2";"1";"15";"1";""
"201900027162";"138 255 232";"A01";"2";"21";"0";"2";"1";"1";"1";""
"201900027162";"138 255 233";"B01";"2";"7";"0";"2";"4";"1";"1";""
"201900027163";"138 255 230";"B01";"2";"30";"0";"2";"1";"1";"1";""
"201900027163";"138 255 231";"A01";"1";"7";"0";"2";"1";"15";"1";""
"201900027164";"138 255 229";"A01";"2";"7";"0";"1";"1";"1";"1";""
"201900027165";"138 255 227";"A01";"3";"7";"0";"2";"1";"5";"1";""
"201900027165";"138 255 228";"B01";"3";"7";"0";"2";"8";"1";"1";""
"201900027166";"138 255 225";"A01";"2";"7";"0";"2";"2";"15";"1";""
"201900027166";"138 255 226";"B01";"1";"2";"0";"2";"1";"1";"1";""
"201900027167";"138 255 222";"B01";"2";"7";"0";"2";"4";"16";"1";""
"201900027167";"138 255 223";"C01";"2";"2";"0";"2";"8";"1";"1";""
"201900027167";"138 255 224";"A01";"2";"10";"0";"2";"1";"1";"1";""
"201900027168";"138 255 221";"A01";"3";"7";"0";"1";"1";"26";"1";""
"201900027169";"138 255 220";"A01";"1";"32";"8";"0";"1";"26";"0";""
"201900027170";"138 255 216";"A01";"3";"7";"0";"2";"3";"2";"1";""
"201900027170";"138 255 217";"B01";"3";"7";"0";"2";"5";"0";"1";""
"201900027171";"138 255 214";"B01";"0";"1";"1";"2";"1";"0";"0";""
"201900027171";"138 255 215";"A01";"1";"7";"0";"2";"8";"22";"1";""
"201900027172";"138 255 211";"A01";"2";"30";"14";"0";"0";"26";"1";""
"201900027173";"138 255 210";"A01";"1";"7";"0";"1";"1";"15";"1";""
"201900027174";"138 255 209";"A01";"1";"99";"0";"1";"3";"26";"1";""
"201900027175";"138 255 204";"B01";"0";"7";"0";"2";"2";"0";"1";""
"201900027175";"138 255 205";"A01";"2";"7";"0";"2";"3";"0";"1";""
"201900027176";"138 255 197";"A01";"1";"7";"0";"1";"1";"2";"0";""
"201900027177";"138 255 195";"B01";"1";"33";"13";"2";"2";"2";"1";""
"201900027177";"138 255 196";"A01";"2";"10";"0";"2";"2";"15";"1";""
"201900027178";"138 255 191";"B01";"1";"2";"0";"2";"7";"1";"1";""
"201900027178";"138 255 192";"A01";"1";"7";"0";"2";"1";"1";"0";""
"201900027179";"138 255 189";"B01";"3";"7";"0";"2";"8";"1";"1";""
"201900027179";"138 255 190";"A01";"3";"7";"0";"2";"1";"1";"1";""
"201900027180";"138 255 187";"B01";"3";"31";"0";"2";"2";"1";"0";""
"201900027180";"138 255 188";"A01";"3";"7";"0";"2";"7";"20";"0";""
"201900027181";"138 255 186";"Z01";"3";"7";"0";"1";"0";"1";"0";""
"201900027182";"138 255 184";"B01";"1";"7";"0";"2";"1";"1";"1";""
"201900027182";"138 255 185";"A01";"2";"7";"3";"2";"5";"17";"1";""
"201900027183";"138 255 181";"A01";"1";"7";"0";"1";"3";"26";"1";""
"201900027184";"138 255 180";"A01";"2";"32";"16";"0";"8";"1";"1";""
"201900027185";"138 255 179";"A01";"1";"7";"0";"1";"1";"15";"1";""
"201900027186";"138 255 177";"A01";"1";"14";"8";"2";"5";"2";"1";""
"201900027186";"138 255 178";"B01";"1";"3";"0";"2";"2";"1";"1";""
"201900027187";"138 255 175";"B01";"1";"1";"0";"2";"0";"0";"5";""
"201900027187";"138 255 176";"A01";"1";"7";"0";"9";"0";"0";"1";""
"201900027188";"138 255 173";"B01";"1";"1";"0";"2";"0";"0";"5";""
"201900027188";"138 255 174";"A01";"1";"7";"0";"9";"0";"0";"1";""
"201900027189";"138 255 172";"A01";"3";"7";"2";"0";"1";"26";"1";""
"201900027190";"138 255 170";"B01";"1";"2";"0";"2";"1";"6";"1";""
"201900027190";"138 255 171";"A01";"1";"7";"0";"2";"3";"1";"1";""
"201900027191";"138 255 169";"Z01";"1";"0";"0";"1";"2";"0";"0";""
"201900027192";"138 255 167";"B01";"3";"33";"0";"2";"8";"15";"1";""
"201900027192";"138 255 168";"A01";"3";"10";"0";"2";"2";"17";"1";""
"201900027193";"138 255 166";"A01";"0";"7";"0";"1";"0";"15";"1";""
"201900027194";"138 255 164";"B01";"0";"7";"0";"2";"4";"1";"1";""
"201900027194";"138 255 165";"A01";"0";"7";"0";"2";"1";"1";"1";""
"201900027195";"138 255 161";"C01";"2";"7";"0";"2";"7";"17";"1";""
"201900027195";"138 255 162";"B01";"2";"7";"0";"2";"9";"2";"1";""
"201900027195";"138 255 163";"A01";"2";"1";"0";"2";"4";"26";"5";""
"201900027196";"138 255 160";"A01";"3";"1";"0";"1";"1";"25";"5";""
"201900027197";"138 255 156";"Z01";"1";"7";"0";"2";"6";"15";"1";""
"201900027197";"138 255 157";"B01";"1";"1";"0";"2";"3";"19";"5";""
"201900027198";"138 255 155";"A01";"3";"7";"0";"1";"2";"1";"1";""
"201900027199";"138 255 153";"A01";"1";"7";"0";"2";"3";"26";"1";""
"201900027199";"138 255 154";"B01";"1";"33";"0";"2";"1";"1";"1";""
"201900027200";"138 255 150";"A01";"1";"7";"0";"1";"1";"1";"1";""
"201900027201";"138 255 148";"B01";"1";"7";"0";"2";"7";"15";"1";""
"201900027201";"138 255 149";"A01";"2";"7";"0";"2";"1";"9";"1";""
"201900027202";"138 255 146";"A01";"1";"3";"0";"1";"2";"1";"1";""
"201900027203";"138 255 140";"B01";"1";"31";"0";"2";"4";"0";"6";""
"201900027203";"138 255 141";"A01";"1";"7";"0";"2";"1";"26";"6";""
"201900027204";"138 255 136";"B01";"3";"1";"0";"2";"8";"1";"5";""
"201900027204";"138 255 137";"A01";"3";"7";"0";"2";"0";"16";"0";""
"201900027205";"138 255 132";"A01";"1";"7";"0";"2";"2";"2";"1";""
"201900027205";"138 255 133";"B01";"1";"7";"0";"2";"3";"9";"1";""
"201900027206";"138 255 131";"A01";"1";"7";"0";"1";"1";"9";"1";""
"201900027207";"138 255 129";"A01";"3";"7";"7";"2";"2";"1";"0";""
"201900027207";"138 255 130";"B01";"3";"7";"0";"2";"3";"10";"0";""
"201900027208";"138 255 123";"A01";"1";"30";"0";"1";"1";"17";"0";""
"201900027209";"138 255 121";"A01";"0";"7";"0";"2";"1";"26";"1";""
"201900027209";"138 255 122";"B01";"0";"2";"0";"2";"3";"1";"1";""
"201900027210";"138 255 120";"A01";"3";"99";"6";"0";"1";"26";"1";""
"201900027211";"138 255 116";"A01";"2";"7";"0";"2";"2";"15";"0";""
"201900027211";"138 255 117";"B01";"1";"1";"0";"2";"1";"1";"0";""
"201900027212";"138 255 114";"A01";"3";"30";"0";"0";"0";"21";"1";""
"201900027212";"138 255 115";"B01";"3";"7";"0";"0";"0";"23";"1";""
"201900027213";"138 255 112";"A01";"0";"7";"0";"2";"2";"26";"1";""
"201900027213";"138 255 113";"B01";"3";"1";"0";"2";"1";"13";"5";""
"201900027214";"138 255 109";"C01";"2";"7";"0";"2";"3";"23";"1";""