"Num_Acc";"id_vehicule";"num_veh";"senc";"catv";"obs";"obsm";"choc";"manv";"motor";"occutc"
"201900027214";"138 255 110";"B01";"1";"7";"0";"2";"1";"1";"1";""
"201900027214";"138 255 111";"A01";"2";"7";"0";"2";"2";"15";"1";""
"201900027215";"138 255 108";"A01";"2";"7";"0";"0";"9";"1";"1";""
"201900027216";"138 255 107";"A01";"2";"7";"0";"1";"1";"1";"1";""
"201900027217";"138 255 104";"B01";"1";"33";"0";"2";"1";"21";"1";""
"201900027217";"138 255 105";"A01";"1";"7";"0";"2";"8";"15";"1";""
"201900027218";"138 255 102";"A01";"1";"7";"0";"1";"8";"15";"1";""
"201900027218";"138 255 103";"B01";"1";"33";"0";"2";"1";"21";"1";""
"201900027219";"138 255 100";"B01";"2";"33";"0";"2";"1";"1";"1";""
"201900027219";"138 255 101";"A01";"1";"7";"0";"2";"3";"13";"1";""
"201900027220";"138 255 099";"A01";"2";"7";"1";"0";"3";"13";"1";""
"201900027221";"138 255 097";"B01";"2";"7";"0";"2";"4";"1";"1";""
"201900027221";"138 255 098";"A01";"2";"7";"0";"2";"1";"1";"1";""
"201900027222";"138 255 096";"A01";"0";"7";"2";"0";"1";"1";"1";""
"201900027223";"138 255 095";"A01";"2";"7";"0";"1";"7";"1";"1";""
"201900027224";"138 255 093";"B01";"1";"7";"0";"2";"4";"23";"1";""
"201900027224";"138 255 094";"A01";"1";"30";"0";"2";"1";"26";"1";""
"201900027225";"138 255 090";"A01";"1";"7";"0";"1";"1";"26";"1";""
"201900027226";"138 255 088";"A01";"1";"10";"0";"2";"8";"15";"1";""
"201900027226";"138 255 089";"B01";"1";"33";"0";"2";"1";"17";"1";""
"201900027227";"138 255 087";"A01";"3";"7";"0";"1";"1";"1";"1";""
"201900027228";"138 255 085";"A01";"1";"7";"0";"2";"3";"26";"1";""
"201900027228";"138 255 086";"B01";"2";"7";"0";"2";"1";"1";"1";""
"201900027229";"138 255 084";"A01";"2";"7";"0";"1";"1";"1";"1";""
"201900027230";"138 255 083";"A01";"1";"7";"0";"1";"1";"1";"1";""
"201900027231";"138 255 081";"B01";"1";"7";"0";"2";"2";"9";"1";""
"201900027231";"138 255 082";"A01";"1";"33";"0";"2";"1";"1";"1";""
"201900027232";"138 255 079";"B01";"1";"7";"0";"2";"1";"2";"1";""
"201900027232";"138 255 080";"A01";"1";"7";"0";"2";"5";"2";"1";""
"201900027233";"138 255 077";"B01";"1";"7";"0";"2";"4";"16";"1";""
"201900027233";"138 255 078";"A01";"1";"2";"0";"2";"1";"2";"1";""
"201900027234";"138 255 075";"Z01";"3";"7";"0";"2";"0";"0";"1";""
"201900027234";"138 255 076";"B01";"3";"7";"0";"2";"1";"0";"1";""
"201900027235";"138 255 074";"A01";"2";"10";"0";"1";"2";"1";"1";""
"201900027236";"138 255 072";"A01";"2";"30";"0";"2";"1";"1";"1";""
"201900027236";"138 255 073";"B01";"2";"7";"0";"2";"5";"1";"1";""
"201900027237";"138 255 070";"B01";"1";"2";"0";"2";"1";"1";"1";""
"201900027237";"138 255 071";"A01";"1";"7";"0";"2";"8";"10";"1";""
"201900027238";"138 255 068";"B01";"1";"7";"0";"2";"7";"1";"1";""
"201900027238";"138 255 069";"A01";"1";"7";"0";"2";"3";"0";"1";""
"201900027239";"138 255 066";"A01";"2";"7";"0";"6";"2";"15";"1";""
"201900027239";"138 255 067";"B01";"2";"1";"0";"2";"1";"1";"1";""
"201900027240";"138 255 065";"A01";"1";"7";"0";"1";"1";"16";"1";""
"201900027241";"138 255 064";"A01";"1";"7";"15";"0";"2";"0";"1";""
"201900027242";"138 255 063";"A01";"1";"33";"0";"0";"4";"1";"1";""
"201900027243";"138 255 062";"A01";"1";"7";"0";"1";"1";"1";"1";""
"201900027244";"138 255 061";"Z01";"2";"7";"0";"1";"1";"14";"1";""
"201900027245";"138 255 059";"B01";"1";"31";"0";"2";"1";"1";"0";""
"201900027245";"138 255 060";"A01";"1";"7";"0";"2";"1";"15";"1";""
"201900027246";"138 255 057";"A01";"3";"1";"0";"2";"1";"5";"5";""
"201900027246";"138 255 058";"B01";"2";"50";"0";"2";"1";"1";"3";""
"201900027247";"138 255 055";"B01";"3";"2";"0";"2";"1";"1";"0";""
"201900027247";"138 255 056";"A01";"3";"7";"0";"2";"1";"15";"0";""
"201900027248";"138 255 049";"A01";"3";"7";"0";"2";"1";"15";"1";""
"201900027248";"138 255 050";"B01";"3";"31";"0";"2";"1";"1";"1";""
"201900027249";"138 255 048";"A01";"3";"2";"1";"0";"1";"0";"1";""
"201900027250";"138 255 045";"B01";"1";"31";"0";"2";"1";"1";"1";""
"201900027250";"138 255 046";"A01";"1";"7";"0";"2";"2";"16";"1";""
"201900027251";"138 255 041";"A01";"2";"7";"0";"2";"3";"9";"1";""
"201900027251";"138 255 042";"B01";"1";"1";"0";"2";"6";"1";"5";""
"201900027252";"138 255 039";"A01";"2";"10";"0";"2";"1";"1";"1";""
"201900027252";"138 255 040";"B01";"2";"7";"0";"2";"4";"1";"1";""
"201900027253";"138 255 035";"B01";"1";"17";"0";"2";"6";"1";"1";""
"201900027253";"138 255 036";"A01";"1";"7";"0";"2";"2";"21";"1";""
"201900027254";"138 255 030";"A01";"2";"7";"4";"0";"7";"14";"1";""
"201900027255";"138 255 027";"A01";"2";"7";"0";"2";"1";"2";"1";""
"201900027255";"138 255 028";"B01";"2";"7";"0";"2";"4";"1";"1";""
"201900027255";"138 255 029";"C01";"2";"7";"0";"2";"4";"1";"1";""
"201900027256";"138 255 026";"A01";"1";"7";"1";"0";"2";"14";"1";""
"201900027257";"138 255 025";"A01";"1";"30";"12";"0";"1";"13";"1";""
"201900027258";"138 255 023";"A01";"1";"7";"0";"2";"2";"1";"1";""
"201900027258";"138 255 024";"B01";"3";"1";"0";"2";"1";"19";"5";""
"201900027259";"138 255 022";"A01";"2";"7";"1";"0";"3";"13";"1";""
"201900027260";"138 255 019";"A01";"1";"7";"0";"2";"1";"2";"1";""
"201900027260";"138 255 020";"B01";"1";"7";"0";"2";"4";"2";"1";""
"201900027260";"138 255 021";"C01";"1";"7";"0";"2";"4";"2";"1";""
"201900027261";"138 255 016";"A01";"2";"7";"0";"2";"1";"2";"1";""
"201900027261";"138 255 017";"B01";"2";"7";"0";"2";"4";"23";"1";""
"201900027261";"138 255 018";"C01";"2";"7";"0";"2";"4";"23";"1";""
"201900027262";"138 255 015";"A01";"1";"37";"0";"1";"2";"1";"1";"1"
"201900027263";"138 255 013";"B01";"2";"7";"0";"2";"4";"1";"1";""
"201900027263";"138 255 014";"A01";"2";"30";"0";"2";"1";"2";"1";""
"201900027264";"138 255 011";"B01";"2";"7";"0";"2";"8";"1";"1";""
"201900027264";"138 255 012";"A01";"2";"14";"0";"2";"7";"12";"1";""
"201900027265";"138 255 009";"A01";"1";"7";"0";"2";"1";"2";"1";""
"201900027265";"138 255 010";"B01";"1";"7";"0";"2";"4";"1";"1";""
"201900027266";"138 255 007";"B01";"2";"1";"0";"2";"7";"1";"5";""
"201900027266";"138 255 008";"A01";"2";"7";"0";"2";"1";"16";"1";""
"201900027267";"138 255 006";"A01";"1";"7";"13";"0";"1";"14";"1";""
"201900027268";"138 255 004";"B01";"1";"33";"0";"2";"7";"1";"1";""
"201900027268";"138 255 005";"A01";"2";"10";"0";"2";"3";"9";"1";""
"201900027269";"138 255 002";"A01";"1";"7";"0";"2";"1";"2";"1";""
"201900027269";"138 255 003";"B01";"1";"7";"0";"2";"4";"1";"1";""
"201900027270";"138 255 001";"A01";"2";"30";"0";"0";"8";"15";"1";""
"201900027271";"138 255 000";"A01";"2";"31";"13";"0";"7";"14";"1";""
"201900027272";"138 254 999";"A01";"1";"7";"0";"1";"8";"17";"1";""
"201900027273";"138 254 997";"B01";"2";"7";"0";"2";"4";"0";"1";""
"201900027273";"138 254 998";"A01";"2";"7";"0";"2";"1";"2";"1";""
"201900027274";"138 254 996";"Z01";"1";"7";"0";"1";"0";"1";"1";""
"201900027275";"138 254 994";"B01";"1";"7";"0";"2";"1";"1";"1";""
"201900027275";"138 254 995";"A01";"2";"10";"0";"2";"2";"1";"1";""
"201900027276";"138 254 992";"A01";"1";"1";"0";"2";"1";"1";"5";""
"201900027276";"138 254 993";"B01";"1";"7";"0";"2";"8";"1";"1";""
"201900027277";"138 254 990";"B01";"1";"13";"0";"2";"3";"1";"0";""
"201900027277";"138 254 991";"A01";"1";"10";"0";"2";"1";"13";"0";""
"201900027278";"138 254 988";"B01";"3";"7";"0";"2";"1";"1";"0";""
"201900027278";"138 254 989";"A01";"3";"7";"0";"2";"8";"9";"0";""
"201900027279";"138 254 986";"B01";"2";"2";"0";"2";"1";"1";"1";""
"201900027279";"138 254 987";"A01";"2";"7";"0";"2";"5";"15";"1";""
"201900027280";"138 254 985";"A01";"2";"7";"0";"1";"3";"1";"1";""
"201900027281";"138 254 983";"A01";"1";"7";"0";"2";"1";"19";"1";""
"201900027281";"138 254 984";"B01";"1";"7";"0";"2";"8";"1";"1";""
"201900027282";"138 254 982";"A01";"1";"7";"0";"1";"1";"20";"1";""
"201900027283";"138 254 980";"Z01";"1";"7";"0";"2";"0";"21";"5";""
"201900027283";"138 254 981";"B01";"1";"1";"0";"2";"1";"1";"5";""
"201900027284";"138 254 978";"B01";"1";"7";"0";"2";"8";"0";"1";""
"201900027284";"138 254 979";"A01";"1";"7";"0";"2";"0";"0";"1";""
"201900027285";"138 254 976";"A01";"1";"1";"0";"6";"0";"0";"5";""
"201900027285";"138 254 977";"Z01";"1";"1";"0";"6";"0";"0";"5";""
"201900027286";"138 254 975";"A01";"1";"7";"0";"1";"1";"1";"1";""
"201900027287";"138 254 973";"Z01";"1";"7";"0";"2";"1";"1";"0";""
"201900027287";"138 254 974";"B01";"1";"7";"0";"2";"4";"1";"1";""
"201900027288";"138 254 971";"B01";"1";"33";"0";"0";"0";"0";"0";""
"201900027288";"138 254 972";"Z01";"1";"7";"0";"2";"1";"1";"0";""
"201900027289";"138 254 969";"A01";"1";"7";"0";"2";"1";"13";"1";""
"201900027289";"138 254 970";"B01";"1";"7";"1";"2";"1";"1";"1";""
"201900027290";"138 254 968";"A01";"1";"7";"0";"1";"4";"20";"1";""
"201900027291";"138 254 966";"Z01";"1";"7";"0";"2";"1";"1";"0";""
"201900027291";"138 254 967";"B01";"1";"7";"0";"2";"6";"1";"1";""
"201900027292";"138 254 964";"A01";"1";"7";"0";"9";"1";"15";"1";""
"201900027292";"138 254 965";"B01";"1";"33";"0";"2";"1";"1";"0";""
"201900027293";"138 254 962";"B01";"1";"33";"0";"2";"1";"1";"0";""
"201900027293";"138 254 963";"A01";"1";"7";"0";"2";"5";"15";"6";""
"201900027294";"138 254 961";"A01";"1";"7";"0";"1";"1";"1";"1";""
"201900027295";"138 254 960";"A01";"2";"7";"2";"0";"2";"1";"1";""
"201900027296";"138 254 954";"A01";"3";"7";"13";"0";"0";"13";"0";""
"201900027297";"138 254 939";"B01";"1";"7";"0";"2";"3";"23";"1";""
"201900027297";"138 254 940";"A01";"2";"32";"0";"2";"3";"13";"1";""
"201900027298";"138 254 938";"A01";"1";"7";"13";"0";"1";"14";"1";""
"201900027299";"138 254 937";"A01";"0";"7";"0";"1";"3";"15";"1";""
"201900027300";"138 254 935";"B01";"0";"7";"0";"2";"3";"2";"0";""
"201900027300";"138 254 936";"A01";"0";"7";"0";"2";"1";"2";"0";""
"201900027301";"138 254 934";"A01";"3";"7";"0";"1";"2";"1";"0";""
"201900027302";"138 254 932";"A01";"0";"15";"0";"2";"2";"1";"1";""
"201900027302";"138 254 933";"B01";"3";"7";"0";"2";"3";"15";"1";""
"201900027303";"138 254 930";"A01";"1";"7";"0";"2";"2";"9";"1";""
"201900027303";"138 254 931";"B01";"1";"1";"0";"2";"4";"1";"5";""
"201900027304";"138 254 928";"A01";"0";"10";"1";"2";"6";"14";"0";""
"201900027304";"138 254 929";"B01";"0";"7";"8";"2";"2";"21";"0";""
"201900027305";"138 254 926";"A01";"1";"7";"9";"2";"1";"15";"1";""
"201900027305";"138 254 927";"B01";"2";"7";"9";"2";"1";"1";"1";""
"201900027306";"138 254 925";"A01";"1";"7";"0";"1";"3";"1";"1";""
"201900027307";"138 254 923";"A01";"2";"7";"1";"0";"3";"1";"1";""
"201900027307";"138 254 924";"B01";"2";"7";"0";"0";"5";"23";"1";""
"201900027308";"138 254 922";"A01";"1";"10";"0";"1";"1";"15";"1";""
"201900027309";"138 254 920";"B01";"3";"7";"0";"2";"2";"1";"1";""
"201900027309";"138 254 921";"A01";"3";"2";"1";"2";"8";"9";"1";""
"201900027310";"138 254 919";"A01";"1";"10";"0";"1";"1";"1";"1";""
"201900027311";"138 254 917";"A01";"3";"10";"0";"2";"3";"13";"1";""
"201900027311";"138 254 918";"B01";"3";"7";"3";"2";"3";"1";"1";""
"201900027312";"138 254 915";"A01";"1";"10";"0";"2";"8";"1";"1";""
"201900027312";"138 254 916";"B01";"1";"1";"0";"2";"1";"16";"5";""
"201900027313";"138 254 913";"A01";"0";"7";"0";"2";"2";"1";"1";""
"201900027313";"138 254 914";"B01";"0";"7";"0";"2";"3";"9";"1";""
"201900027314";"138 254 912";"A01";"3";"10";"0";"1";"2";"1";"1";""
"201900027315";"138 254 910";"A01";"1";"7";"0";"2";"1";"2";"1";""
"201900027315";"138 254 911";"B01";"1";"17";"0";"2";"4";"1";"1";""
"201900027316";"138 254 907";"A01";"3";"10";"0";"2";"1";"1";"1";""
"201900027316";"138 254 908";"C01";"3";"10";"0";"2";"4";"1";"1";""
"201900027316";"138 254 909";"B01";"3";"10";"0";"2";"4";"1";"1";""
"201900027317";"138 254 905";"B01";"1";"7";"0";"2";"7";"1";"1";""
"201900027317";"138 254 906";"A01";"2";"1";"0";"2";"1";"1";"5";""
"201900027318";"138 254 902";"A01";"1";"7";"2";"0";"1";"13";"0";""
"201900027319";"138 254 900";"B01";"0";"7";"1";"0";"4";"24";"1";""
"201900027319";"138 254 901";"A01";"0";"7";"1";"0";"1";"2";"1";""
"201900027320";"138 254 899";"A01";"1";"7";"8";"0";"1";"1";"1";""
"201900027321";"138 254 898";"A01";"0";"37";"0";"1";"0";"21";"0";"3"
"201900027322";"138 254 897";"A01";"0";"33";"14";"0";"1";"1";"1";""
"201900027323";"138 254 895";"B01";"1";"1";"0";"2";"7";"1";"0";""
"201900027323";"138 254 896";"A01";"2";"7";"0";"6";"0";"9";"6";""
"201900027324";"138 254 893";"A01";"1";"7";"0";"2";"1";"17";"1";""
"201900027324";"138 254 894";"B01";"1";"7";"0";"2";"4";"15";"1";""
"201900027325";"138 254 892";"A01";"1";"7";"0";"1";"1";"1";"1";""
"201900027326";"138 254 891";"A01";"3";"7";"0";"1";"2";"1";"1";""
"201900027327";"138 254 889";"B01";"2";"7";"0";"2";"6";"1";"1";""
"201900027327";"138 254 890";"A01";"2";"30";"0";"2";"1";"1";"1";""
"201900027328";"138 254 887";"A01";"1";"7";"0";"2";"4";"1";"1";""
"201900027328";"138 254 888";"B01";"1";"33";"0";"2";"1";"2";"1";""
"201900027329";"138 254 885";"A01";"1";"10";"0";"2";"8";"19";"1";""
"201900027329";"138 254 886";"B01";"1";"37";"0";"2";"2";"1";"1";"1"
"201900027330";"138 254 884";"A01";"3";"30";"0";"0";"1";"1";"1";""
"201900027331";"138 254 883";"A01";"2";"1";"0";"0";"0";"1";"5";""
"201900027332";"138 254 879";"A01";"1";"7";"0";"2";"1";"2";"1";""
"201900027332";"138 254 880";"B01";"1";"7";"0";"2";"4";"2";"0";""
"201900027333";"138 254 877";"B01";"1";"1";"1";"0";"1";"1";"5";""
"201900027333";"138 254 878";"A01";"0";"7";"0";"2";"3";"22";"1";""
"201900027334";"138 254 875";"A01";"1";"2";"0";"2";"2";"9";"1";""
"201900027334";"138 254 876";"B01";"2";"7";"0";"1";"1";"1";"1";""
"201900027335";"138 254 873";"A01";"0";"7";"0";"2";"7";"15";"1";""
"201900027335";"138 254 874";"B01";"0";"2";"0";"2";"1";"1";"1";""
"201900027336";"138 254 872";"A01";"0";"7";"1";"0";"2";"1";"1";""
"201900027337";"138 254 871";"A01";"0";"7";"6";"0";"1";"13";"1";""
"201900027338";"138 254 870";"A01";"0";"7";"0";"1";"2";"1";"1";""
"201900027339";"138 254 869";"A01";"0";"7";"8";"0";"1";"1";"1";""
"201900027340";"138 254 867";"B01";"0";"7";"0";"2";"7";"1";"1";""
"201900027340";"138 254 868";"A01";"0";"7";"0";"2";"1";"1";"1";""
"201900027341";"138 254 866";"A01";"3";"10";"2";"0";"2";"1";"1";""
"201900027342";"138 254 864";"A01";"0";"7";"0";"2";"8";"9";"1";""
"201900027342";"138 254 865";"B01";"2";"1";"0";"2";"1";"1";"5";""
"201900027343";"138 254 863";"A01";"3";"7";"6";"1";"4";"4";"1";""
"201900027344";"138 254 861";"A01";"3";"7";"0";"0";"0";"16";"1";""
"201900027344";"138 254 862";"B01";"2";"2";"0";"0";"8";"1";"1";""
"201900027345";"138 254 859";"A01";"1";"7";"0";"2";"1";"1";"1";""
"201900027345";"138 254 860";"B01";"1";"7";"0";"2";"2";"1";"1";""
"201900027346";"138 254 857";"A01";"1";"33";"0";"2";"1";"0";"1";""
"201900027346";"138 254 858";"B01";"1";"7";"0";"2";"6";"0";"1";""
"201900027347";"138 254 856";"A01";"1";"7";"0";"1";"1";"1";"1";""
"201900027348";"138 254 855";"A01";"1";"2";"0";"0";"1";"1";"0";""
"201900027349";"138 254 854";"A01";"0";"7";"0";"1";"0";"0";"1";""
"201900027350";"138 254 852";"A01";"2";"35";"0";"2";"0";"1";"1";""
"201900027350";"138 254 853";"B01";"1";"7";"0";"2";"1";"0";"1";""
"201900027351";"138 254 850";"A01";"1";"2";"0";"2";"1";"0";"1";""
"201900027351";"138 254 851";"B01";"1";"14";"0";"2";"4";"0";"1";""
"201900027352";"138 254 846";"D01";"1";"7";"0";"2";"6";"0";"1";""
"201900027352";"138 254 847";"B01";"1";"7";"0";"2";"9";"0";"1";""
"201900027352";"138 254 848";"C01";"1";"7";"0";"2";"9";"0";"1";""
"201900027352";"138 254 849";"A01";"1";"7";"0";"2";"1";"0";"1";""
"201900027353";"138 254 844";"A01";"1";"7";"0";"2";"1";"0";"1";""
"201900027353";"138 254 845";"B01";"1";"33";"0";"2";"1";"0";"1";""
"201900027354";"138 254 843";"A01";"1";"7";"1";"0";"9";"0";"1";""
"201900027355";"138 254 841";"B01";"1";"7";"0";"2";"9";"0";"1";""
"201900027355";"138 254 842";"A01";"1";"15";"0";"2";"4";"17";"1";""
"201900027356";"138 254 839";"B01";"1";"2";"0";"2";"1";"0";"1";""
"201900027356";"138 254 840";"A01";"1";"7";"0";"2";"2";"0";"1";""
"201900027357";"138 254 836";"B01";"1";"7";"0";"2";"9";"0";"1";""
"201900027357";"138 254 837";"C01";"1";"7";"0";"2";"4";"0";"1";""
"201900027357";"138 254 838";"A01";"1";"7";"0";"2";"1";"0";"1";""
"201900027358";"138 254 834";"A01";"2";"7";"0";"2";"1";"1";"1";""
"201900027358";"138 254 835";"B01";"2";"7";"0";"2";"6";"1";"1";""
"201900027359";"138 254 832";"A01";"1";"7";"0";"2";"1";"1";"1";""
"201900027359";"138 254 833";"B01";"1";"7";"0";"2";"3";"9";"1";""
"201900027360";"138 254 830";"B01";"1";"33";"0";"2";"1";"1";"0";""
"201900027360";"138 254 831";"A01";"1";"1";"0";"2";"1";"1";"5";""
"201900027361";"138 254 828";"B01";"1";"7";"0";"2";"1";"1";"1";""
"201900027361";"138 254 829";"A01";"1";"7";"0";"2";"1";"15";"1";""
"201900027362";"138 254 826";"A01";"1";"7";"0";"2";"5";"0";"1";""
"201900027362";"138 254 827";"B01";"1";"33";"0";"2";"9";"0";"1";""
"201900027363";"138 254 825";"A01";"2";"10";"0";"1";"1";"1";"1";""
"201900027364";"138 254 824";"A01";"2";"7";"6";"0";"3";"1";"1";""
"201900027365";"138 254 822";"B01";"0";"33";"0";"2";"1";"1";"1";""
"201900027365";"138 254 823";"A01";"0";"7";"0";"2";"4";"1";"1";""
"201900027366";"138 254 821";"A01";"1";"7";"0";"1";"3";"1";"1";""
"201900027367";"138 254 820";"A01";"1";"7";"0";"1";"2";"1";"1";""
"201900027368";"138 254 819";"A01";"3";"14";"10";"0";"9";"14";"1";""
"201900027369";"138 254 817";"B01";"2";"50";"0";"2";"1";"1";"3";""
"201900027369";"138 254 818";"A01";"2";"10";"0";"9";"8";"10";"0";""
"201900027370";"138 254 816";"A01";"1";"7";"0";"1";"2";"11";"1";""
"201900027371";"138 254 814";"A01";"1";"7";"0";"2";"3";"13";"0";""
"201900027371";"138 254 815";"B01";"2";"7";"0";"2";"3";"1";"1";""
"201900027372";"138 254 812";"B01";"1";"2";"0";"2";"1";"2";"0";""
"201900027372";"138 254 813";"A01";"3";"7";"0";"2";"3";"16";"0";""
"201900027373";"138 254 811";"A01";"2";"7";"13";"0";"3";"1";"1";""
"201900027374";"138 254 809";"A01";"1";"7";"0";"2";"5";"13";"1";""
"201900027374";"138 254 810";"B01";"2";"7";"0";"2";"2";"2";"1";""
"201900027375";"138 254 807";"B01";"2";"7";"0";"2";"1";"1";"1";""
"201900027375";"138 254 808";"A01";"1";"7";"0";"2";"1";"13";"1";""
"201900027376";"138 254 806";"A01";"1";"7";"12";"0";"1";"1";"1";""
"201900027377";"138 254 805";"A01";"1";"7";"15";"0";"1";"0";"1";""
"201900027378";"138 254 804";"A01";"1";"7";"3";"0";"1";"1";"1";""
"201900027379";"138 254 803";"A01";"1";"43";"14";"0";"3";"1";"1";""
"201900027380";"138 254 801";"B01";"2";"7";"0";"2";"3";"1";"1";""
"201900027380";"138 254 802";"A01";"2";"15";"0";"2";"5";"12";"1";""
"201900027381";"138 254 799";"A01";"1";"7";"0";"2";"6";"4";"1";""
"201900027381";"138 254 800";"B01";"1";"13";"0";"2";"2";"1";"1";""
"201900027382";"138 254 798";"A01";"1";"7";"6";"0";"1";"5";"1";""
"201900027383";"138 254 797";"A01";"3";"7";"0";"1";"2";"1";"0";""
"201900027384";"138 254 796";"A01";"3";"2";"1";"0";"1";"0";"1";""
"201900027385";"138 254 794";"A01";"2";"7";"12";"0";"1";"26";"1";""
"201900027386";"138 254 792";"B01";"0";"7";"0";"1";"1";"1";"1";""
"201900027386";"138 254 793";"A01";"3";"7";"0";"1";"3";"1";"1";""
"201900027387";"138 254 791";"A01";"1";"7";"0";"1";"1";"1";"1";""
"201900027388";"138 254 789";"A01";"0";"7";"0";"9";"1";"9";"1";""
"201900027388";"138 254 790";"B01";"0";"1";"0";"2";"5";"1";"5";""
"201900027389";"138 254 788";"A01";"2";"7";"0";"1";"1";"15";"1";""
"201900027390";"138 254 787";"A01";"0";"7";"0";"1";"0";"19";"0";""
"201900027391";"138 254 785";"A01";"2";"7";"0";"2";"2";"15";"1";""
"201900027391";"138 254 786";"B01";"2";"2";"0";"2";"2";"15";"1";""
"201900027392";"138 254 783";"B01";"2";"7";"12";"2";"1";"1";"1";""
"201900027392";"138 254 784";"A01";"1";"7";"12";"2";"1";"13";"1";""
"201900027393";"138 254 781";"B01";"2";"7";"0";"2";"1";"1";"1";""
"201900027393";"138 254 782";"A01";"2";"7";"0";"0";"4";"1";"1";""
"201900027394";"138 254 779";"A01";"1";"7";"0";"2";"3";"13";"1";""
"201900027394";"138 254 780";"B01";"2";"17";"0";"2";"3";"1";"1";""
"201900027395";"138 254 778";"A01";"1";"7";"6";"9";"1";"14";"1";""
"201900027396";"138 254 776";"B01";"2";"7";"0";"2";"8";"26";"1";""
"201900027396";"138 254 777";"A01";"1";"7";"0";"2";"1";"1";"1";""
"201900027397";"138 254 774";"A01";"3";"7";"6";"6";"1";"21";"1";""
"201900027398";"138 254 772";"A01";"2";"10";"0";"2";"2";"9";"1";""
"201900027398";"138 254 773";"B01";"2";"34";"0";"2";"9";"9";"1";""
"201900027399";"138 254 770";"A01";"1";"7";"0";"2";"1";"1";"1";""
"201900027399";"138 254 771";"B01";"1";"7";"0";"2";"4";"1";"1";""
"201900027400";"138 254 768";"B01";"2";"7";"0";"2";"4";"2";"1";""
"201900027400";"138 254 769";"A01";"2";"7";"0";"2";"1";"1";"1";""
"201900027401";"138 254 767";"A01";"3";"31";"0";"0";"9";"2";"1";""
"201900027402";"138 254 765";"B01";"2";"14";"0";"2";"5";"1";"1";""
"201900027402";"138 254 766";"A01";"2";"7";"0";"2";"1";"2";"1";""
"201900027403";"138 254 764";"A01";"2";"7";"4";"0";"3";"1";"1";""
"201900027404";"138 254 763";"A01";"2";"7";"4";"0";"1";"1";"1";""
"201900027405";"138 254 761";"A01";"2";"33";"0";"2";"2";"3";"1";""
"201900027405";"138 254 762";"B01";"2";"7";"0";"2";"6";"1";"1";""
"201900027406";"138 254 760";"A01";"2";"31";"0";"0";"9";"3";"1";""
"201900027407";"138 254 758";"B01";"2";"7";"0";"2";"2";"12";"1";""
"201900027407";"138 254 759";"A01";"2";"33";"0";"2";"3";"3";"1";""
"201900027408";"138 254 757";"D01";"1";"7";"1";"0";"2";"2";"1";""
"201900027409";"138 254 756";"A01";"2";"7";"16";"0";"9";"1";"1";""
"201900027410";"138 254 754";"A01";"1";"7";"4";"2";"2";"13";"1";""
"201900027410";"138 254 755";"B01";"1";"33";"0";"2";"4";"1";"1";""
"201900027411";"138 254 753";"A01";"2";"7";"0";"0";"9";"1";"1";""
"201900027412";"138 254 752";"A01";"2";"31";"0";"0";"9";"1";"1";""
"201900027413";"138 254 748";"A01";"1";"15";"0";"2";"5";"2";"1";""
"201900027413";"138 254 749";"C01";"1";"7";"0";"2";"4";"2";"1";""
"201900027413";"138 254 750";"B01";"1";"7";"0";"2";"6";"2";"1";""
"201900027413";"138 254 751";"D01";"1";"15";"0";"2";"4";"2";"1";""
"201900027414";"138 254 746";"B01";"2";"7";"0";"2";"4";"23";"1";""
"201900027414";"138 254 747";"A01";"2";"7";"0";"2";"1";"2";"1";""
"201900027415";"138 254 745";"A01";"1";"34";"0";"2";"7";"14";"1";""
"201900027416";"138 254 744";"A01";"1";"7";"4";"0";"0";"1";"1";""
"201900027417";"138 254 742";"B01";"0";"7";"0";"2";"4";"23";"1";""
"201900027417";"138 254 743";"A01";"2";"30";"0";"2";"1";"2";"1";""
"201900027418";"138 254 740";"A01";"2";"7";"12";"0";"0";"0";"1";""
"201900027419";"138 254 739";"A01";"2";"33";"0";"0";"0";"1";"1";""
"201900027420";"138 254 738";"A01";"1";"7";"0";"1";"3";"15";"1";""
"201900027421";"138 254 735";"A01";"1";"7";"0";"1";"1";"15";"1";""
"201900027422";"138 254 733";"A01";"2";"7";"0";"2";"3";"13";"1";""
"201900027422";"138 254 734";"B01";"1";"7";"0";"2";"3";"0";"1";""
"201900027423";"138 254 732";"A01";"1";"7";"4";"0";"1";"1";"1";""
"201900027424";"138 254 731";"A01";"2";"7";"0";"0";"1";"1";"1";""
"201900027425";"138 254 728";"A01";"2";"7";"0";"2";"2";"1";"1";""
"201900027425";"138 254 729";"B01";"2";"2";"1";"2";"3";"1";"1";""
"201900027425";"138 254 730";"C01";"2";"37";"0";"2";"0";"0";"4";"1"
"201900027426";"138 254 727";"B01";"1";"40";"0";"1";"2";"0";"3";""
"201900027427";"138 254 725";"A01";"1";"2";"0";"2";"1";"9";"1";""
"201900027427";"138 254 726";"B01";"1";"7";"0";"2";"2";"1";"1";""
"201900027428";"138 254 723";"B01";"3";"3";"14";"2";"1";"1";"1";""
"201900027428";"138 254 724";"A01";"3";"30";"14";"0";"8";"19";"1";""
"201900027429";"138 254 720";"A01";"3";"7";"0";"2";"1";"1";"1";""
"201900027429";"138 254 721";"B01";"3";"33";"0";"2";"4";"1";"1";""
"201900027429";"138 254 722";"C01";"0";"7";"0";"0";"4";"1";"1";""