"Num_Acc";"id_vehicule";"num_veh";"senc";"catv";"obs";"obsm";"choc";"manv";"motor";"occutc"
"201900027645";"138 254 319";"B01";"3";"33";"0";"2";"7";"1";"0";""
"201900027645";"138 254 320";"A01";"3";"7";"0";"2";"3";"13";"0";""
"201900027646";"138 254 317";"A01";"2";"7";"0";"1";"1";"1";"1";""
"201900027646";"138 254 318";"Y01";"0";"0";"0";"2";"0";"19";"0";""
"201900027647";"138 254 316";"A01";"2";"37";"0";"1";"2";"2";"1";"0"
"201900027648";"138 254 314";"B01";"3";"7";"0";"2";"3";"15";"1";""
"201900027648";"138 254 315";"A01";"3";"32";"0";"2";"1";"26";"1";""
"201900027649";"138 254 312";"B01";"3";"2";"0";"2";"7";"0";"0";""
"201900027649";"138 254 313";"A01";"3";"7";"0";"2";"1";"15";"0";""
"201900027650";"138 254 311";"A01";"2";"7";"0";"1";"6";"2";"0";""
"201900027651";"138 254 310";"A01";"3";"7";"0";"1";"1";"0";"1";""
"201900027652";"138 254 309";"A01";"1";"33";"0";"0";"0";"1";"1";""
"201900027653";"138 254 307";"A01";"3";"7";"0";"2";"6";"15";"1";""
"201900027653";"138 254 308";"B01";"3";"32";"0";"2";"1";"1";"1";""
"201900027654";"138 254 306";"A01";"2";"33";"0";"0";"7";"16";"1";""
"201900027655";"138 254 304";"A01";"2";"7";"14";"2";"6";"9";"1";""
"201900027655";"138 254 305";"B01";"2";"7";"0";"2";"1";"1";"1";""
"201900027656";"138 254 302";"B01";"3";"7";"0";"2";"2";"1";"0";""
"201900027656";"138 254 303";"A01";"3";"7";"0";"2";"1";"15";"1";""
"201900027657";"138 254 296";"C01";"2";"7";"0";"2";"4";"2";"1";""
"201900027657";"138 254 297";"B01";"2";"7";"0";"2";"4";"2";"1";""
"201900027657";"138 254 298";"A01";"2";"7";"0";"2";"1";"2";"1";""
"201900027658";"138 254 294";"B01";"2";"7";"0";"2";"7";"15";"6";""
"201900027658";"138 254 295";"A01";"1";"2";"0";"2";"1";"17";"6";""
"201900027659";"138 254 292";"B01";"1";"31";"0";"2";"1";"1";"1";""
"201900027659";"138 254 293";"A01";"2";"7";"0";"2";"2";"15";"1";""
"201900027660";"138 254 291";"A01";"2";"7";"0";"1";"3";"15";"1";""
"201900027661";"138 254 290";"A01";"1";"32";"0";"1";"2";"1";"1";""
"201900027662";"138 254 288";"A01";"1";"15";"0";"2";"7";"16";"1";""
"201900027662";"138 254 289";"B01";"1";"33";"0";"2";"8";"7";"1";""
"201900027663";"138 254 286";"A01";"2";"10";"0";"2";"7";"14";"1";""
"201900027663";"138 254 287";"B01";"2";"1";"0";"2";"7";"1";"5";""
"201900027664";"138 254 282";"B01";"1";"43";"0";"2";"3";"1";"1";""
"201900027664";"138 254 283";"A01";"2";"7";"0";"2";"2";"9";"1";""
"201900027665";"138 254 280";"B01";"1";"80";"0";"2";"1";"17";"2";""
"201900027665";"138 254 281";"A01";"1";"7";"0";"2";"8";"10";"1";""
"201900027666";"138 254 278";"A01";"1";"10";"0";"2";"3";"15";"1";""
"201900027666";"138 254 279";"B01";"1";"33";"0";"2";"2";"17";"1";""
"201900027667";"138 254 277";"A01";"1";"31";"0";"1";"2";"1";"1";""
"201900027668";"138 254 276";"A01";"1";"7";"0";"1";"7";"1";"1";""
"201900027669";"138 254 274";"B01";"1";"1";"0";"2";"1";"1";"5";""
"201900027669";"138 254 275";"A01";"2";"7";"0";"2";"2";"16";"1";""
"201900027670";"138 254 273";"A01";"2";"50";"0";"1";"1";"1";"3";""
"201900027671";"138 254 272";"A01";"1";"7";"0";"1";"2";"15";"1";""
"201900027672";"138 254 271";"A01";"2";"7";"0";"1";"1";"15";"1";""
"201900027673";"138 254 269";"B01";"1";"33";"6";"2";"8";"18";"1";""
"201900027673";"138 254 270";"A01";"1";"10";"0";"2";"7";"14";"1";""
"201900027674";"138 254 267";"A01";"1";"30";"0";"2";"4";"15";"1";""
"201900027674";"138 254 268";"Z01";"1";"7";"0";"2";"1";"2";"0";""
"201900027675";"138 254 266";"A01";"1";"33";"0";"1";"1";"1";"1";""
"201900027676";"138 254 264";"B01";"1";"1";"0";"2";"1";"13";"5";""
"201900027676";"138 254 265";"A01";"1";"10";"0";"2";"2";"1";"1";""
"201900027677";"138 254 262";"B01";"2";"33";"0";"2";"1";"1";"1";""
"201900027677";"138 254 263";"A01";"1";"7";"0";"2";"2";"9";"1";""
"201900027678";"138 254 261";"A01";"2";"30";"0";"1";"8";"17";"1";""
"201900027679";"138 254 260";"A01";"2";"10";"0";"1";"3";"10";"3";""
"201900027680";"138 254 258";"Z01";"1";"1";"0";"2";"1";"1";"5";""
"201900027680";"138 254 259";"A01";"1";"1";"0";"2";"1";"13";"5";""
"201900027681";"138 254 257";"A01";"2";"7";"0";"1";"2";"1";"1";""
"201900027682";"138 254 255";"A01";"1";"31";"0";"2";"5";"16";"1";""
"201900027682";"138 254 256";"B01";"1";"32";"0";"2";"1";"1";"1";""
"201900027683";"138 254 253";"B01";"1";"1";"0";"2";"0";"17";"5";""
"201900027683";"138 254 254";"A01";"1";"1";"0";"2";"8";"13";"5";""
"201900027684";"138 254 250";"Z01";"2";"1";"0";"1";"8";"1";"5";""
"201900027685";"138 254 249";"A01";"2";"30";"0";"0";"3";"1";"1";""
"201900027686";"138 254 247";"A01";"1";"7";"0";"2";"1";"15";"1";""
"201900027686";"138 254 248";"B01";"2";"1";"0";"2";"0";"1";"5";""
"201900027687";"138 254 246";"A01";"2";"7";"0";"1";"3";"15";"1";""
"201900027688";"138 254 244";"B01";"3";"10";"0";"2";"1";"19";"3";""
"201900027688";"138 254 245";"A01";"3";"7";"0";"2";"7";"1";"1";""
"201900027689";"138 254 242";"B01";"1";"31";"0";"2";"4";"2";"1";""
"201900027689";"138 254 243";"A01";"1";"7";"0";"2";"1";"1";"1";""
"201900027690";"138 254 239";"C01";"2";"7";"0";"2";"4";"15";"1";""
"201900027690";"138 254 240";"B01";"2";"7";"0";"2";"9";"0";"1";""
"201900027690";"138 254 241";"A01";"2";"7";"0";"2";"1";"1";"1";""
"201900027691";"138 254 238";"A01";"2";"7";"14";"1";"1";"2";"1";""
"201900027692";"138 254 236";"Z01";"3";"7";"0";"2";"2";"16";"0";""
"201900027692";"138 254 237";"B01";"3";"7";"0";"2";"3";"1";"1";""
"201900027693";"138 254 234";"A01";"1";"7";"0";"1";"1";"26";"1";""
"201900027694";"138 254 232";"B01";"2";"2";"12";"2";"4";"2";"1";""
"201900027694";"138 254 233";"A01";"2";"7";"12";"2";"1";"2";"1";""
"201900027695";"138 254 231";"A01";"1";"7";"0";"1";"1";"1";"1";""
"201900027696";"138 254 230";"A01";"3";"37";"0";"1";"2";"20";"6";"1"
"201900027697";"138 254 228";"B01";"1";"30";"0";"2";"1";"1";"0";""
"201900027697";"138 254 229";"A01";"1";"7";"0";"2";"5";"15";"0";""
"201900027698";"138 254 226";"B01";"1";"7";"0";"2";"2";"26";"1";""
"201900027698";"138 254 227";"A01";"1";"7";"0";"1";"1";"1";"0";""
"201900027699";"138 254 225";"A01";"2";"7";"0";"1";"1";"15";"1";""
"201900027700";"138 254 223";"A01";"1";"7";"0";"2";"3";"26";"1";""
"201900027700";"138 254 224";"B01";"2";"1";"0";"2";"3";"0";"0";""
"201900027701";"138 254 222";"A01";"2";"7";"0";"1";"2";"15";"1";""
"201900027702";"138 254 221";"A01";"1";"30";"0";"0";"7";"6";"1";""
"201900027703";"138 254 220";"A01";"2";"7";"0";"1";"7";"1";"1";""
"201900027704";"138 254 218";"A01";"2";"3";"0";"2";"1";"17";"0";""
"201900027704";"138 254 219";"B01";"2";"3";"14";"0";"4";"1";"0";""
"201900027705";"138 254 216";"A01";"2";"99";"0";"1";"6";"15";"0";""
"201900027706";"138 254 213";"C01";"1";"3";"0";"0";"4";"1";"1";""
"201900027706";"138 254 214";"B01";"1";"3";"0";"2";"4";"1";"0";""
"201900027706";"138 254 215";"A01";"1";"3";"0";"2";"1";"13";"0";""
"201900027707";"138 254 212";"A01";"2";"7";"0";"1";"7";"1";"1";""
"201900027708";"138 254 210";"B01";"1";"7";"0";"2";"5";"16";"1";""
"201900027708";"138 254 211";"A01";"1";"7";"0";"2";"2";"16";"1";""
"201900027709";"138 254 208";"A01";"3";"10";"0";"2";"2";"15";"0";""
"201900027709";"138 254 209";"B01";"3";"2";"0";"2";"3";"2";"6";""
"201900027710";"138 254 207";"A01";"2";"32";"0";"1";"1";"16";"1";""
"201900027711";"138 254 206";"A01";"1";"10";"0";"1";"3";"1";"0";""
"201900027712";"138 254 204";"A01";"2";"31";"0";"2";"1";"1";"0";""
"201900027712";"138 254 205";"B01";"1";"7";"0";"2";"2";"17";"0";""
"201900027713";"138 254 202";"B01";"2";"34";"0";"2";"2";"1";"1";""
"201900027713";"138 254 203";"A01";"3";"7";"0";"2";"3";"26";"1";""
"201900027714";"138 254 200";"A01";"1";"30";"1";"0";"1";"2";"0";""
"201900027714";"138 254 201";"B01";"1";"7";"1";"0";"4";"23";"1";""
"201900027715";"138 254 198";"A01";"3";"7";"0";"2";"3";"13";"1";""
"201900027715";"138 254 199";"B01";"3";"80";"0";"2";"1";"1";"3";""
"201900027716";"138 254 197";"A01";"2";"33";"0";"0";"0";"1";"1";""
"201900027717";"138 254 196";"A01";"2";"80";"0";"0";"0";"2";"3";""
"201900027718";"138 254 194";"A01";"0";"3";"0";"2";"7";"9";"1";""
"201900027718";"138 254 195";"B01";"0";"32";"0";"2";"1";"2";"1";""
"201900027719";"138 254 192";"A01";"1";"7";"0";"2";"3";"11";"0";""
"201900027719";"138 254 193";"B01";"1";"33";"0";"2";"7";"0";"0";""
"201900027720";"138 254 190";"B01";"2";"32";"0";"2";"0";"15";"0";""
"201900027720";"138 254 191";"A01";"1";"10";"0";"2";"3";"19";"0";""
"201900027721";"138 254 188";"B01";"1";"32";"0";"2";"4";"2";"1";""
"201900027721";"138 254 189";"A01";"1";"7";"0";"2";"1";"2";"1";""
"201900027722";"138 254 186";"A01";"1";"7";"0";"2";"8";"24";"1";""
"201900027722";"138 254 187";"B01";"1";"50";"1";"0";"1";"0";"3";""
"201900027723";"138 254 184";"A01";"1";"14";"0";"2";"0";"15";"1";""
"201900027723";"138 254 185";"B01";"2";"32";"0";"2";"0";"1";"1";""
"201900027724";"138 254 183";"A01";"1";"10";"0";"1";"3";"1";"1";""
"201900027725";"138 254 181";"B01";"1";"1";"0";"2";"1";"1";"5";""
"201900027725";"138 254 182";"A01";"0";"7";"0";"2";"3";"16";"1";""
"201900027726";"138 254 179";"B01";"2";"7";"0";"2";"3";"1";"1";""
"201900027726";"138 254 180";"A01";"2";"10";"0";"2";"3";"1";"1";""
"201900027727";"138 254 177";"B01";"1";"43";"0";"2";"1";"17";"1";""
"201900027727";"138 254 178";"A01";"1";"7";"0";"2";"8";"10";"1";""
"201900027728";"138 254 176";"A01";"1";"30";"14";"0";"8";"1";"1";""
"201900027729";"138 254 174";"B01";"1";"7";"0";"2";"4";"16";"1";""
"201900027729";"138 254 175";"A01";"1";"34";"0";"2";"1";"2";"1";""
"201900027730";"138 254 173";"Z01";"1";"1";"0";"1";"0";"1";"5";""
"201900027731";"138 254 171";"B01";"1";"33";"0";"2";"1";"1";"1";""
"201900027731";"138 254 172";"A01";"1";"10";"0";"2";"3";"9";"1";""
"201900027732";"138 254 169";"B01";"1";"7";"0";"2";"5";"23";"1";""
"201900027732";"138 254 170";"A01";"1";"7";"0";"2";"3";"16";"1";""
"201900027733";"138 254 166";"A01";"1";"31";"0";"2";"1";"5";"1";""
"201900027733";"138 254 167";"C01";"2";"7";"0";"2";"3";"1";"1";""
"201900027733";"138 254 168";"B01";"2";"7";"0";"2";"2";"15";"1";""
"201900027734";"138 254 164";"A01";"1";"30";"0";"2";"3";"9";"1";""
"201900027734";"138 254 165";"B01";"1";"7";"0";"2";"2";"17";"1";""
"201900027735";"138 254 162";"A01";"1";"13";"0";"2";"1";"2";"1";""
"201900027735";"138 254 163";"B01";"1";"10";"0";"2";"4";"23";"1";""
"201900027736";"138 254 161";"A01";"2";"7";"0";"1";"8";"7";"2";""
"201900027737";"138 254 159";"A01";"1";"7";"0";"2";"6";"1";"1";""
"201900027737";"138 254 160";"B01";"1";"30";"0";"2";"1";"1";"1";""
"201900027738";"138 254 157";"A01";"2";"2";"0";"2";"1";"17";"1";""
"201900027738";"138 254 158";"B01";"1";"10";"0";"2";"3";"15";"1";""
"201900027739";"138 254 155";"B01";"2";"30";"0";"2";"1";"1";"3";""
"201900027739";"138 254 156";"A01";"2";"7";"0";"2";"6";"10";"1";""
"201900027740";"138 254 154";"A01";"3";"2";"0";"0";"8";"1";"1";""
"201900027741";"138 254 153";"A01";"1";"30";"0";"0";"0";"1";"1";""
"201900027742";"138 254 151";"A01";"1";"17";"1";"0";"3";"17";"0";""
"201900027742";"138 254 152";"B01";"2";"10";"16";"2";"3";"16";"0";""
"201900027743";"138 254 149";"B01";"1";"7";"0";"2";"2";"15";"1";""
"201900027743";"138 254 150";"A01";"2";"33";"0";"2";"1";"1";"1";""
"201900027744";"138 254 148";"A01";"3";"7";"0";"1";"6";"1";"1";""
"201900027745";"138 254 147";"A01";"2";"7";"0";"1";"3";"15";"1";""
"201900027746";"138 254 145";"A01";"1";"7";"0";"2";"8";"20";"1";""
"201900027746";"138 254 146";"B01";"1";"34";"0";"2";"2";"1";"1";""
"201900027747";"138 254 143";"B01";"0";"3";"0";"2";"5";"1";"0";""
"201900027747";"138 254 144";"A01";"1";"3";"0";"2";"3";"9";"0";""
"201900027748";"138 254 142";"A01";"1";"7";"0";"1";"1";"1";"1";""
"201900027749";"138 254 140";"B01";"1";"7";"0";"2";"3";"1";"1";""
"201900027749";"138 254 141";"A01";"1";"7";"0";"2";"2";"26";"1";""
"201900027750";"138 254 138";"B01";"0";"13";"1";"0";"1";"0";"0";""
"201900027750";"138 254 139";"A01";"1";"7";"0";"0";"4";"23";"0";""
"201900027751";"138 254 137";"A01";"0";"7";"0";"1";"2";"1";"1";""
"201900027752";"138 254 134";"BA01";"0";"7";"0";"2";"2";"17";"0";""
"201900027752";"138 254 135";"B01";"1";"7";"0";"0";"6";"0";"0";""
"201900027752";"138 254 136";"C01";"1";"7";"0";"0";"4";"0";"0";""
"201900027753";"138 254 131";"A01";"2";"33";"0";"2";"1";"1";"1";""
"201900027753";"138 254 132";"B01";"3";"7";"0";"2";"3";"19";"1";""
"201900027753";"138 254 133";"C01";"1";"7";"0";"9";"3";"1";"1";""
"201900027754";"138 254 129";"A01";"2";"7";"0";"2";"2";"1";"1";""
"201900027754";"138 254 130";"B01";"1";"2";"0";"2";"3";"1";"1";""
"201900027755";"138 254 127";"B01";"1";"7";"0";"2";"1";"2";"1";""
"201900027755";"138 254 128";"A01";"1";"7";"0";"2";"4";"2";"1";""
"201900027756";"138 254 125";"A01";"1";"32";"0";"1";"1";"2";"0";""
"201900027756";"138 254 126";"B01";"1";"10";"0";"2";"3";"2";"0";""
"201900027757";"138 254 123";"B01";"1";"7";"0";"2";"8";"1";"1";""
"201900027757";"138 254 124";"A01";"1";"7";"0";"2";"1";"1";"1";""
"201900027758";"138 254 122";"A01";"1";"2";"6";"0";"1";"16";"1";""
"201900027759";"138 254 121";"A01";"1";"10";"0";"1";"2";"0";"0";""
"201900027760";"138 254 120";"A01";"3";"7";"0";"2";"5";"15";"1";""
"201900027761";"138 254 118";"B01";"0";"7";"0";"0";"5";"0";"1";""
"201900027761";"138 254 119";"A01";"1";"7";"5";"0";"1";"0";"1";""
"201900027762";"138 254 117";"A01";"2";"7";"0";"1";"0";"19";"1";""
"201900027763";"138 254 114";"B01";"3";"7";"0";"2";"8";"2";"1";""
"201900027763";"138 254 115";"A01";"3";"32";"0";"2";"1";"2";"1";""
"201900027764";"138 254 112";"A01";"3";"10";"0";"2";"4";"1";"1";""
"201900027764";"138 254 113";"B01";"3";"43";"0";"2";"1";"1";"1";""
"201900027765";"138 254 110";"Z01";"2";"7";"0";"2";"2";"14";"0";""
"201900027765";"138 254 111";"B01";"2";"2";"0";"2";"8";"0";"6";""
"201900027766";"138 254 109";"A01";"2";"7";"0";"1";"1";"1";"1";""
"201900027767";"138 254 108";"A01";"2";"10";"0";"1";"1";"15";"1";""
"201900027768";"138 254 106";"A01";"1";"3";"0";"2";"3";"11";"1";""
"201900027768";"138 254 107";"B01";"2";"33";"0";"2";"1";"1";"1";""
"201900027769";"138 254 105";"A01";"3";"33";"15";"0";"1";"1";"1";""
"201900027770";"138 254 103";"B01";"0";"32";"0";"2";"4";"23";"0";""
"201900027770";"138 254 104";"A01";"3";"7";"0";"2";"1";"1";"1";""
"201900027771";"138 254 101";"B01";"2";"7";"0";"2";"8";"2";"1";""
"201900027771";"138 254 102";"A01";"2";"7";"0";"2";"1";"15";"1";""
"201900027772";"138 254 098";"C01";"2";"10";"0";"0";"1";"1";"1";""
"201900027772";"138 254 099";"B01";"1";"32";"0";"2";"7";"1";"1";""
"201900027772";"138 254 100";"A01";"3";"0";"0";"0";"0";"0";"0";""
"201900027773";"138 254 097";"A01";"3";"30";"0";"1";"1";"21";"0";""
"201900027774";"138 254 096";"A01";"2";"7";"13";"0";"1";"13";"1";""
"201900027775";"138 254 095";"A01";"3";"7";"0";"1";"2";"1";"1";""
"201900027776";"138 254 094";"A01";"1";"7";"2";"0";"1";"19";"0";""
"201900027777";"138 254 092";"A01";"1";"7";"0";"0";"5";"15";"1";""
"201900027777";"138 254 093";"B01";"1";"2";"0";"2";"1";"1";"1";""
"201900027778";"138 254 091";"A01";"1";"7";"6";"0";"8";"2";"1";""
"201900027779";"138 254 088";"A01";"2";"14";"0";"2";"2";"2";"1";""
"201900027779";"138 254 089";"B01";"2";"7";"0";"2";"6";"2";"1";""
"201900027779";"138 254 090";"C01";"2";"7";"0";"2";"5";"2";"1";""
"201900027780";"138 254 087";"A01";"3";"31";"13";"0";"2";"1";"1";""
"201900027781";"138 254 080";"G01";"2";"7";"0";"2";"3";"2";"1";""
"201900027781";"138 254 081";"F01";"2";"7";"0";"2";"6";"2";"1";""
"201900027781";"138 254 082";"E01";"2";"7";"0";"2";"1";"2";"1";""
"201900027781";"138 254 083";"D01";"2";"10";"0";"2";"1";"2";"1";""
"201900027781";"138 254 084";"C01";"2";"7";"0";"2";"1";"2";"1";""
"201900027781";"138 254 085";"B01";"2";"10";"0";"2";"6";"2";"1";""
"201900027781";"138 254 086";"A01";"2";"10";"0";"2";"1";"2";"1";""
"201900027782";"138 254 078";"A01";"2";"7";"17";"2";"1";"1";"0";""
"201900027782";"138 254 079";"B01";"3";"7";"0";"2";"8";"9";"0";""
"201900027783";"138 254 076";"B01";"2";"7";"0";"1";"4";"23";"1";""
"201900027783";"138 254 077";"A01";"2";"7";"0";"2";"1";"2";"1";""
"201900027784";"138 254 074";"A01";"1";"7";"0";"2";"1";"5";"1";""
"201900027784";"138 254 075";"B01";"2";"7";"0";"2";"1";"1";"1";""
"201900027785";"138 254 073";"A01";"1";"7";"0";"1";"2";"1";"1";""
"201900027786";"138 254 071";"B01";"1";"7";"0";"2";"1";"1";"1";""
"201900027786";"138 254 072";"A01";"1";"7";"0";"0";"4";"15";"1";""
"201900027787";"138 254 069";"A01";"2";"21";"0";"2";"8";"15";"1";""
"201900027787";"138 254 070";"B01";"2";"10";"0";"2";"2";"17";"1";""
"201900027788";"138 254 067";"A01";"2";"7";"0";"2";"1";"13";"0";""
"201900027788";"138 254 068";"B01";"1";"38";"0";"2";"1";"1";"0";"1"
"201900027789";"138 254 064";"C01";"1";"7";"0";"2";"1";"1";"0";""
"201900027789";"138 254 065";"B01";"1";"10";"0";"2";"1";"1";"0";""
"201900027789";"138 254 066";"A01";"1";"7";"0";"2";"4";"23";"1";""
"201900027790";"138 254 062";"B01";"1";"7";"0";"2";"3";"1";"1";""
"201900027790";"138 254 063";"A01";"2";"7";"0";"0";"6";"15";"1";""
"201900027791";"138 254 060";"B01";"3";"7";"0";"2";"1";"21";"1";""
"201900027791";"138 254 061";"A01";"3";"2";"0";"2";"1";"13";"1";""
"201900027792";"138 254 059";"A01";"3";"2";"0";"0";"0";"0";"1";""
"201900027793";"138 254 058";"A01";"2";"7";"17";"0";"1";"1";"1";""
"201900027794";"138 254 056";"A01";"2";"7";"0";"2";"1";"13";"1";""
"201900027794";"138 254 057";"B01";"1";"7";"0";"2";"1";"1";"1";""
"201900027795";"138 254 055";"A01";"2";"10";"2";"0";"3";"13";"1";""
"201900027796";"138 254 051";"A01";"2";"7";"15";"2";"2";"17";"1";""
"201900027796";"138 254 052";"B01";"1";"2";"15";"2";"1";"1";"1";""
"201900027796";"138 254 053";"C01";"1";"2";"15";"0";"0";"1";"1";""
"201900027796";"138 254 054";"D01";"2";"21";"0";"2";"0";"1";"1";""
"201900027797";"138 254 050";"A01";"3";"7";"13";"0";"1";"13";"1";""
"201900027798";"138 254 049";"A01";"1";"7";"13";"0";"2";"1";"1";""
"201900027799";"138 254 047";"B01";"1";"13";"0";"2";"4";"24";"1";""
"201900027799";"138 254 048";"A01";"1";"7";"1";"0";"1";"14";"1";""
"201900027800";"138 254 045";"A01";"1";"31";"0";"2";"1";"2";"1";""
"201900027800";"138 254 046";"B01";"1";"7";"0";"2";"6";"15";"1";""
"201900027801";"138 254 044";"A01";"1";"7";"0";"0";"9";"1";"1";""
"201900027802";"138 254 043";"A01";"3";"2";"12";"0";"1";"5";"1";""
"201900027803";"138 254 041";"A01";"3";"33";"0";"2";"1";"26";"1";""
"201900027803";"138 254 042";"B01";"0";"7";"0";"9";"1";"1";"0";""
"201900027804";"138 254 039";"A01";"1";"33";"0";"2";"0";"16";"0";""
"201900027804";"138 254 040";"B01";"1";"1";"0";"2";"8";"1";"5";""
"201900027805";"138 254 037";"B01";"2";"7";"0";"2";"6";"1";"1";""
"201900027805";"138 254 038";"A01";"1";"7";"0";"2";"3";"13";"1";""
"201900027806";"138 254 036";"A01";"2";"10";"0";"0";"4";"26";"1";""
"201900027807";"138 254 034";"B01";"2";"7";"0";"2";"3";"1";"1";""
"201900027807";"138 254 035";"A01";"1";"7";"0";"2";"2";"13";"1";""
"201900027808";"138 254 031";"A01";"1";"1";"0";"0";"2";"1";"5";""
"201900027808";"138 254 032";"B01";"2";"7";"0";"9";"3";"9";"1";""
"201900027809";"138 254 028";"C01";"2";"31";"0";"2";"7";"17";"1";""
"201900027809";"138 254 029";"B01";"2";"34";"0";"2";"2";"17";"1";""
"201900027809";"138 254 030";"A01";"2";"7";"0";"2";"6";"15";"1";""
"201900027810";"138 254 026";"B01";"1";"7";"0";"0";"6";"15";"1";""
"201900027810";"138 254 027";"A01";"1";"2";"0";"2";"1";"2";"1";""
"201900027811";"138 254 025";"A01";"1";"7";"0";"1";"1";"1";"1";""
"201900027812";"138 254 023";"A01";"0";"7";"0";"0";"3";"15";"1";""
"201900027812";"138 254 024";"B01";"0";"1";"0";"2";"5";"17";"5";""
"201900027813";"138 254 020";"C01";"1";"7";"0";"2";"4";"1";"0";""
"201900027813";"138 254 021";"B01";"1";"7";"0";"0";"4";"1";"0";""
"201900027813";"138 254 022";"A01";"1";"7";"0";"2";"1";"1";"0";""
"201900027814";"138 254 018";"A01";"2";"7";"0";"2";"1";"15";"1";""
"201900027814";"138 254 019";"B01";"1";"33";"0";"2";"8";"1";"1";""
"201900027815";"138 254 016";"A01";"1";"7";"0";"2";"5";"15";"1";""
"201900027815";"138 254 017";"B01";"2";"33";"0";"2";"1";"1";"1";""
"201900027816";"138 254 014";"A01";"1";"7";"0";"2";"1";"1";"1";""
"201900027816";"138 254 015";"B01";"1";"7";"0";"2";"2";"19";"1";""
"201900027817";"138 254 013";"A01";"1";"7";"8";"0";"2";"13";"1";""
"201900027818";"138 254 012";"A01";"0";"7";"0";"1";"1";"1";"1";""
"201900027819";"138 254 009";"A01";"2";"38";"0";"1";"7";"14";"1";"1"
"201900027820";"138 254 008";"A01";"2";"32";"0";"2";"7";"21";"1";""
"201900027821";"138 254 005";"A01";"2";"10";"0";"2";"4";"1";"1";""
"201900027821";"138 254 006";"B01";"2";"7";"0";"2";"4";"2";"1";""
"201900027821";"138 254 007";"C01";"2";"7";"0";"2";"1";"2";"1";""
"201900027822";"138 254 002";"C01";"1";"7";"0";"2";"4";"1";"4";""
"201900027822";"138 254 003";"B01";"1";"7";"0";"2";"5";"1";"1";""
"201900027822";"138 254 004";"A01";"1";"7";"3";"2";"2";"18";"1";""
"201900027823";"138 254 000";"A01";"2";"15";"0";"2";"4";"1";"1";""
"201900027823";"138 254 001";"B01";"2";"15";"0";"2";"1";"2";"1";""
"201900027824";"138 253 994";"A01";"2";"17";"0";"2";"1";"2";"1";""
"201900027824";"138 253 995";"B01";"2";"7";"0";"2";"4";"23";"1";""
"201900027824";"138 253 996";"C01";"2";"38";"0";"2";"1";"2";"1";"2"
"201900027824";"138 253 997";"D01";"2";"7";"0";"2";"4";"2";"1";""
"201900027824";"138 253 998";"E01";"2";"7";"0";"2";"4";"2";"1";""
"201900027824";"138 253 999";"F01";"2";"7";"0";"2";"4";"2";"1";""
"201900027825";"138 253 992";"A01";"1";"7";"0";"2";"3";"11";"1";""
"201900027825";"138 253 993";"B01";"1";"33";"0";"2";"7";"3";"1";""
"201900027826";"138 253 990";"A01";"2";"7";"0";"2";"6";"11";"1";""
"201900027826";"138 253 991";"B01";"2";"33";"0";"2";"2";"1";"0";""
"201900027827";"138 253 986";"A01";"2";"7";"0";"2";"1";"2";"1";""
"201900027827";"138 253 987";"B01";"2";"15";"0";"2";"4";"2";"1";""
"201900027827";"138 253 988";"C01";"2";"7";"0";"2";"4";"2";"1";""
"201900027827";"138 253 989";"D01";"2";"7";"0";"2";"4";"0";"1";""
"201900027828";"138 253 984";"A01";"2";"33";"0";"2";"3";"3";"1";""
"201900027828";"138 253 985";"B01";"2";"7";"0";"2";"5";"1";"1";""
"201900027829";"138 253 983";"A01";"1";"33";"0";"0";"0";"1";"1";""
"201900027830";"138 253 981";"A01";"1";"33";"0";"2";"7";"1";"1";""
"201900027830";"138 253 982";"B01";"1";"7";"0";"2";"8";"0";"1";""
"201900027831";"138 253 979";"A01";"2";"7";"0";"2";"1";"1";"1";""
"201900027831";"138 253 980";"B01";"2";"7";"0";"2";"4";"1";"1";""
"201900027832";"138 253 977";"B01";"1";"17";"0";"2";"4";"0";"1";""
"201900027832";"138 253 978";"A01";"1";"7";"0";"2";"1";"0";"1";""
"201900027833";"138 253 975";"B01";"2";"7";"0";"0";"4";"2";"1";""
"201900027833";"138 253 976";"A01";"2";"7";"0";"0";"1";"2";"1";""
"201900027834";"138 253 973";"A01";"2";"7";"0";"2";"8";"11";"1";""
"201900027834";"138 253 974";"B01";"2";"31";"0";"2";"7";"1";"1";""
"201900027835";"138 253 972";"A01";"2";"33";"4";"0";"2";"26";"1";""
"201900027836";"138 253 971";"A01";"2";"7";"4";"0";"8";"13";"1";""
"201900027837";"138 253 969";"B01";"2";"7";"0";"2";"4";"2";"1";""
"201900027837";"138 253 970";"A01";"2";"7";"0";"2";"1";"2";"1";""
"201900027838";"138 253 966";"A01";"1";"7";"0";"2";"4";"2";"2";""
"201900027838";"138 253 967";"B01";"1";"10";"0";"2";"1";"2";"1";""
"201900027838";"138 253 968";"C01";"1";"43";"0";"2";"2";"21";"1";""
"201900027839";"138 253 964";"A01";"2";"31";"0";"2";"8";"3";"1";""
"201900027839";"138 253 965";"B01";"2";"7";"0";"2";"5";"12";"1";""
"201900027840";"138 253 963";"A01";"3";"7";"9";"0";"1";"14";"1";""
"201900027841";"138 253 962";"A01";"1";"7";"4";"0";"1";"13";"1";""