"Num_Acc";"id_vehicule";"num_veh";"senc";"catv";"obs";"obsm";"choc";"manv";"motor";"occutc"
"201900027842";"138 253 961";"A01";"0";"7";"3";"0";"1";"16";"1";""
"201900027843";"138 253 959";"A01";"1";"7";"0";"2";"3";"2";"1";""
"201900027843";"138 253 960";"B01";"1";"37";"0";"2";"2";"1";"1";"1"
"201900027844";"138 253 957";"A01";"3";"1";"0";"2";"4";"1";"0";""
"201900027844";"138 253 958";"Z01";"3";"7";"0";"2";"0";"0";"0";""
"201900027845";"138 253 956";"A01";"1";"30";"0";"1";"1";"1";"1";""
"201900027846";"138 253 955";"A01";"1";"7";"0";"1";"3";"1";"1";""
"201900027847";"138 253 953";"A01";"1";"34";"0";"2";"7";"17";"1";""
"201900027847";"138 253 954";"B01";"1";"7";"0";"2";"8";"15";"1";""
"201900027848";"138 253 952";"A01";"3";"33";"0";"0";"0";"26";"0";""
"201900027849";"138 253 950";"A01";"1";"43";"0";"2";"1";"1";"0";""
"201900027849";"138 253 951";"B01";"1";"1";"0";"2";"4";"13";"6";""
"201900027850";"138 253 948";"A01";"3";"1";"0";"0";"0";"26";"6";""
"201900027851";"138 253 946";"B01";"3";"33";"0";"2";"2";"17";"1";""
"201900027851";"138 253 947";"A01";"3";"10";"0";"2";"8";"15";"1";""
"201900027852";"138 253 944";"A01";"0";"10";"0";"2";"1";"16";"1";""
"201900027852";"138 253 945";"B01";"0";"10";"0";"2";"7";"1";"1";""
"201900027853";"138 253 942";"A01";"1";"7";"0";"1";"3";"1";"6";""
"201900027853";"138 253 943";"B01";"2";"50";"0";"2";"1";"1";"3";""
"201900027854";"138 253 940";"A01";"1";"7";"0";"2";"1";"1";"1";""
"201900027854";"138 253 941";"B01";"2";"37";"0";"2";"8";"15";"1";"3"
"201900027855";"138 253 939";"Z01";"3";"0";"0";"1";"0";"1";"0";""
"201900027856";"138 253 937";"B01";"3";"7";"0";"2";"1";"1";"1";""
"201900027856";"138 253 938";"A01";"3";"33";"0";"2";"7";"19";"1";""
"201900027857";"138 253 936";"A01";"2";"30";"0";"1";"0";"26";"1";""
"201900027858";"138 253 934";"A01";"2";"31";"0";"2";"1";"2";"1";""
"201900027858";"138 253 935";"B01";"2";"7";"0";"2";"4";"2";"1";""
"201900027859";"138 253 932";"B01";"3";"31";"0";"2";"1";"1";"1";""
"201900027859";"138 253 933";"A01";"3";"7";"0";"2";"2";"15";"1";""
"201900027860";"138 253 931";"A01";"3";"7";"2";"0";"1";"1";"1";""
"201900027861";"138 253 927";"A01";"0";"7";"0";"1";"0";"0";"0";""
"201900027862";"138 253 923";"B01";"1";"7";"0";"2";"0";"1";"1";""
"201900027862";"138 253 924";"A01";"1";"7";"0";"2";"8";"1";"1";""
"201900027863";"138 253 921";"A01";"0";"7";"0";"2";"1";"2";"1";""
"201900027863";"138 253 922";"B01";"0";"7";"0";"2";"4";"2";"1";""
"201900027864";"138 253 919";"B01";"1";"7";"0";"2";"1";"1";"1";""
"201900027864";"138 253 920";"A01";"2";"7";"0";"2";"7";"15";"1";""
"201900027865";"138 253 917";"B01";"1";"31";"0";"2";"1";"1";"1";""
"201900027865";"138 253 918";"A01";"1";"7";"0";"2";"3";"9";"1";""
"201900027866";"138 253 913";"B01";"3";"7";"0";"2";"8";"1";"1";""
"201900027866";"138 253 914";"A01";"3";"7";"0";"2";"1";"15";"1";""
"201900027867";"138 253 912";"A01";"1";"7";"8";"0";"1";"14";"1";""
"201900027868";"138 253 910";"B01";"1";"15";"0";"2";"6";"0";"1";""
"201900027868";"138 253 911";"A01";"2";"7";"0";"2";"3";"13";"1";""
"201900027869";"138 253 909";"A01";"3";"7";"0";"1";"1";"26";"1";""
"201900027870";"138 253 908";"A01";"1";"7";"0";"1";"2";"16";"1";""
"201900027871";"138 253 904";"B01";"2";"1";"0";"2";"8";"1";"5";""
"201900027871";"138 253 905";"A01";"2";"14";"0";"2";"5";"16";"1";""
"201900027872";"138 253 903";"A01";"0";"7";"4";"6";"9";"17";"1";""
"201900027873";"138 253 901";"A01";"0";"7";"0";"2";"1";"15";"1";""
"201900027873";"138 253 902";"B01";"0";"7";"0";"2";"1";"1";"1";""
"201900027874";"138 253 899";"A01";"1";"30";"0";"2";"1";"2";"1";""
"201900027874";"138 253 900";"B01";"1";"7";"0";"2";"4";"1";"1";""
"201900027875";"138 253 897";"A01";"1";"7";"0";"2";"1";"1";"1";""
"201900027875";"138 253 898";"B01";"2";"7";"0";"2";"8";"19";"1";""
"201900027876";"138 253 889";"A01";"2";"7";"0";"1";"0";"1";"1";""
"201900027877";"138 253 887";"A01";"1";"7";"0";"2";"3";"9";"1";""
"201900027877";"138 253 888";"B01";"2";"30";"0";"2";"1";"1";"1";""
"201900027878";"138 253 886";"A01";"1";"7";"0";"1";"2";"1";"1";""
"201900027879";"138 253 885";"A01";"3";"2";"0";"2";"7";"17";"1";""
"201900027880";"138 253 881";"A01";"1";"7";"0";"2";"3";"15";"1";""
"201900027880";"138 253 882";"B01";"1";"31";"0";"2";"1";"1";"1";""
"201900027881";"138 253 880";"A01";"2";"10";"0";"1";"2";"1";"1";""
"201900027882";"138 253 879";"A01";"1";"7";"0";"1";"2";"1";"1";""
"201900027883";"138 253 877";"A01";"1";"7";"0";"2";"2";"2";"1";""
"201900027883";"138 253 878";"B01";"1";"7";"0";"2";"4";"2";"1";""
"201900027884";"138 253 875";"A01";"1";"7";"0";"2";"1";"1";"1";""
"201900027884";"138 253 876";"B01";"1";"32";"0";"2";"4";"1";"1";""
"201900027885";"138 253 873";"A01";"1";"7";"0";"2";"1";"1";"1";""
"201900027885";"138 253 874";"B01";"1";"7";"0";"2";"4";"1";"1";""
"201900027886";"138 253 872";"A01";"1";"7";"3";"0";"2";"14";"1";""
"201900027887";"138 253 870";"B01";"1";"1";"0";"2";"4";"1";"5";""
"201900027887";"138 253 871";"A01";"1";"7";"0";"2";"2";"1";"1";""
"201900027888";"138 253 868";"A01";"2";"2";"0";"2";"1";"1";"1";""
"201900027888";"138 253 869";"B01";"2";"7";"0";"2";"6";"16";"1";""
"201900027889";"138 253 866";"A01";"0";"7";"0";"2";"6";"15";"1";""
"201900027889";"138 253 867";"B01";"1";"2";"0";"2";"1";"1";"1";""
"201900027890";"138 253 865";"A01";"3";"32";"2";"0";"0";"1";"1";""
"201900027891";"138 253 863";"B01";"1";"7";"0";"2";"8";"15";"1";""
"201900027891";"138 253 864";"A01";"1";"2";"0";"2";"1";"17";"1";""
"201900027892";"138 253 862";"A01";"1";"7";"0";"0";"9";"13";"1";""
"201900027893";"138 253 856";"B01";"1";"7";"0";"2";"1";"1";"1";""
"201900027893";"138 253 857";"A01";"2";"7";"0";"2";"3";"9";"1";""
"201900027894";"138 253 854";"B01";"1";"0";"0";"2";"2";"18";"0";""
"201900027894";"138 253 855";"A01";"1";"33";"0";"2";"3";"1";"1";""
"201900027895";"138 253 853";"A01";"2";"33";"0";"0";"8";"0";"1";""
"201900027896";"138 253 851";"A01";"1";"7";"0";"2";"1";"1";"1";""
"201900027896";"138 253 852";"B01";"1";"7";"0";"2";"1";"1";"1";""
"201900027897";"138 253 847";"A01";"2";"30";"0";"2";"1";"1";"1";""
"201900027897";"138 253 848";"B01";"2";"7";"0";"2";"6";"15";"1";""
"201900027898";"138 253 846";"A01";"1";"7";"0";"1";"2";"16";"1";""
"201900027899";"138 253 845";"A01";"2";"7";"0";"1";"2";"1";"1";""
"201900027900";"138 253 843";"Y01";"3";"1";"0";"2";"7";"19";"0";""
"201900027900";"138 253 844";"A01";"3";"3";"0";"1";"1";"1";"0";""
"201900027901";"138 253 842";"A01";"1";"1";"12";"0";"1";"1";"2";""
"201900027902";"138 253 841";"A01";"1";"7";"4";"0";"8";"1";"1";""
"201900027903";"138 253 839";"B01";"3";"30";"0";"2";"1";"2";"1";""
"201900027903";"138 253 840";"A01";"1";"7";"0";"2";"4";"26";"0";""
"201900027904";"138 253 837";"B01";"3";"33";"0";"2";"0";"1";"1";""
"201900027904";"138 253 838";"A01";"1";"37";"0";"2";"2";"15";"0";"1"
"201900027905";"138 253 836";"A01";"2";"7";"0";"1";"3";"15";"1";""
"201900027906";"138 253 834";"B01";"1";"1";"0";"2";"1";"9";"0";""
"201900027906";"138 253 835";"A01";"1";"7";"0";"2";"3";"1";"1";""
"201900027907";"138 253 833";"A01";"1";"10";"0";"1";"2";"16";"1";""
"201900027908";"138 253 831";"B01";"2";"7";"0";"2";"1";"1";"1";""
"201900027908";"138 253 832";"A01";"1";"7";"0";"2";"1";"15";"1";""
"201900027909";"138 253 829";"B01";"2";"2";"0";"2";"0";"1";"1";""
"201900027909";"138 253 830";"A01";"1";"7";"0";"2";"1";"1";"1";""
"201900027910";"138 253 827";"B01";"0";"7";"0";"2";"1";"1";"1";""
"201900027910";"138 253 828";"A01";"0";"1";"0";"2";"2";"15";"5";""
"201900027911";"138 253 826";"A01";"0";"7";"0";"2";"8";"1";"1";""
"201900027912";"138 253 823";"B01";"0";"7";"0";"2";"9";"1";"1";""
"201900027912";"138 253 824";"C01";"0";"7";"0";"2";"4";"1";"2";""
"201900027912";"138 253 825";"A01";"0";"7";"0";"2";"1";"1";"1";""
"201900027913";"138 253 821";"A01";"0";"7";"0";"2";"3";"9";"1";""
"201900027913";"138 253 822";"B01";"0";"1";"0";"2";"1";"1";"5";""
"201900027914";"138 253 820";"A01";"0";"7";"0";"1";"2";"1";"1";""
"201900027915";"138 253 819";"A01";"0";"7";"0";"1";"0";"1";"0";""
"201900027916";"138 253 818";"A01";"1";"7";"0";"1";"1";"1";"0";""
"201900027917";"138 253 817";"A01";"1";"7";"0";"1";"1";"15";"1";""
"201900027918";"138 253 815";"B01";"1";"1";"0";"2";"1";"1";"5";""
"201900027918";"138 253 816";"A01";"1";"7";"0";"2";"6";"9";"1";""
"201900027919";"138 253 814";"A01";"3";"7";"0";"1";"1";"15";"1";""
"201900027920";"138 253 812";"B01";"2";"30";"0";"2";"1";"2";"1";""
"201900027920";"138 253 813";"A01";"2";"7";"0";"2";"8";"15";"1";""
"201900027921";"138 253 810";"B01";"1";"7";"1";"2";"6";"2";"1";""
"201900027921";"138 253 811";"A01";"1";"7";"0";"2";"2";"13";"1";""
"201900027922";"138 253 809";"A01";"1";"7";"0";"1";"1";"1";"1";""
"201900027923";"138 253 806";"A01";"2";"10";"0";"2";"8";"21";"0";""
"201900027923";"138 253 807";"B01";"2";"7";"0";"2";"3";"13";"0";""
"201900027923";"138 253 808";"C01";"2";"7";"0";"2";"3";"1";"0";""
"201900027924";"138 253 803";"A01";"2";"7";"13";"2";"3";"13";"1";""
"201900027924";"138 253 804";"C01";"1";"7";"13";"2";"3";"1";"1";""
"201900027924";"138 253 805";"B01";"2";"15";"0";"2";"3";"1";"1";""
"201900027925";"138 253 800";"B01";"0";"7";"0";"2";"0";"19";"0";""
"201900027925";"138 253 801";"A01";"1";"7";"0";"2";"1";"19";"0";""
"201900027926";"138 253 798";"A01";"2";"7";"0";"2";"2";"22";"0";""
"201900027926";"138 253 799";"B01";"1";"1";"0";"2";"0";"0";"0";""
"201900027927";"138 253 793";"A01";"2";"7";"0";"2";"2";"15";"1";""
"201900027927";"138 253 794";"B01";"1";"33";"0";"2";"1";"1";"1";""
"201900027928";"138 253 791";"A01";"1";"7";"0";"2";"3";"15";"1";""
"201900027928";"138 253 792";"B01";"2";"33";"0";"2";"1";"1";"1";""
"201900027929";"138 253 789";"A01";"1";"7";"0";"1";"1";"1";"1";""
"201900027930";"138 253 787";"A01";"3";"7";"0";"2";"1";"1";"1";""
"201900027930";"138 253 788";"B01";"3";"7";"0";"2";"1";"1";"1";""
"201900027931";"138 253 784";"B01";"3";"1";"0";"2";"7";"0";"5";""
"201900027931";"138 253 785";"Z01";"1";"7";"0";"2";"3";"1";"6";""
"201900027932";"138 253 783";"A01";"1";"7";"8";"0";"1";"14";"1";""
"201900027933";"138 253 782";"A01";"2";"7";"0";"1";"1";"1";"1";""
"201900027934";"138 253 779";"A01";"2";"7";"0";"2";"1";"2";"1";""
"201900027934";"138 253 780";"C01";"2";"7";"0";"2";"4";"2";"1";""
"201900027934";"138 253 781";"B01";"2";"7";"0";"2";"4";"2";"1";""
"201900027935";"138 253 778";"A01";"3";"10";"0";"0";"8";"1";"0";""
"201900027936";"138 253 777";"A01";"1";"7";"0";"1";"3";"15";"1";""
"201900027937";"138 253 770";"A01";"2";"7";"0";"2";"3";"1";"1";""
"201900027937";"138 253 771";"B01";"1";"7";"0";"2";"3";"1";"1";""
"201900027938";"138 253 767";"A01";"3";"7";"0";"2";"1";"2";"1";""
"201900027938";"138 253 768";"B01";"3";"7";"0";"2";"1";"23";"1";""
"201900027938";"138 253 769";"C01";"3";"10";"0";"2";"4";"23";"1";""
"201900027939";"138 253 766";"A01";"1";"2";"0";"0";"1";"1";"1";""
"201900027940";"138 253 765";"A01";"1";"7";"14";"0";"9";"24";"1";""
"201900027941";"138 253 763";"B01";"1";"7";"0";"2";"2";"16";"1";""
"201900027941";"138 253 764";"A01";"2";"1";"0";"2";"1";"19";"5";""
"201900027942";"138 253 762";"A01";"0";"7";"0";"1";"2";"1";"1";""
"201900027943";"138 253 759";"C01";"2";"7";"0";"2";"1";"1";"1";""
"201900027943";"138 253 760";"B01";"2";"7";"0";"2";"1";"1";"1";""
"201900027943";"138 253 761";"A01";"2";"7";"0";"2";"1";"1";"1";""
"201900027944";"138 253 758";"A01";"1";"7";"0";"1";"2";"14";"1";""
"201900027945";"138 253 756";"B01";"2";"7";"0";"0";"1";"1";"0";""
"201900027945";"138 253 757";"A01";"1";"7";"0";"2";"1";"1";"1";""
"201900027946";"138 253 755";"A01";"2";"30";"0";"0";"0";"26";"1";""
"201900027947";"138 253 753";"A01";"2";"7";"0";"2";"2";"1";"1";""
"201900027947";"138 253 754";"B01";"2";"7";"0";"2";"4";"11";"1";""
"201900027948";"138 253 752";"A01";"2";"7";"10";"0";"1";"1";"1";""
"201900027949";"138 253 750";"B01";"2";"7";"0";"0";"4";"2";"1";""
"201900027949";"138 253 751";"A01";"2";"14";"0";"2";"1";"2";"1";""
"201900027950";"138 253 748";"B01";"0";"7";"0";"2";"5";"0";"1";""
"201900027950";"138 253 749";"A01";"2";"30";"0";"2";"1";"0";"1";""
"201900027951";"138 253 746";"A01";"1";"10";"0";"2";"0";"0";"1";""
"201900027951";"138 253 747";"B01";"1";"7";"0";"2";"0";"0";"0";""
"201900027952";"138 253 743";"A01";"2";"10";"0";"2";"1";"13";"1";""
"201900027952";"138 253 744";"B01";"1";"10";"0";"2";"1";"1";"1";""
"201900027952";"138 253 745";"C01";"2";"10";"0";"2";"6";"23";"1";""
"201900027953";"138 253 742";"A01";"3";"30";"0";"0";"0";"16";"1";""
"201900027954";"138 253 741";"A01";"2";"30";"8";"0";"3";"19";"3";""
"201900027955";"138 253 740";"A01";"1";"10";"0";"1";"2";"1";"1";""
"201900027956";"138 253 739";"A01";"1";"99";"0";"0";"0";"0";"0";""
"201900027957";"138 253 738";"A01";"1";"7";"0";"1";"1";"1";"1";""
"201900027958";"138 253 736";"A01";"3";"7";"0";"2";"3";"13";"0";""
"201900027958";"138 253 737";"B01";"3";"7";"0";"2";"3";"1";"1";""
"201900027959";"138 253 734";"A01";"1";"33";"0";"2";"8";"13";"1";""
"201900027959";"138 253 735";"B01";"1";"7";"0";"2";"2";"1";"1";""
"201900027960";"138 253 732";"B01";"1";"7";"0";"2";"4";"1";"1";""
"201900027960";"138 253 733";"A01";"1";"10";"0";"2";"1";"2";"1";""
"201900027961";"138 253 731";"A01";"0";"2";"0";"0";"0";"1";"1";""
"201900027962";"138 253 730";"A01";"1";"14";"0";"1";"1";"2";"1";""
"201900027963";"138 253 727";"B01";"1";"7";"0";"2";"4";"1";"1";""
"201900027963";"138 253 728";"C01";"1";"7";"0";"2";"4";"1";"1";""
"201900027963";"138 253 729";"A01";"1";"7";"0";"2";"1";"1";"1";""
"201900027964";"138 253 724";"C01";"3";"7";"0";"2";"1";"23";"1";""
"201900027964";"138 253 725";"A01";"3";"7";"0";"2";"2";"15";"1";""
"201900027964";"138 253 726";"B01";"3";"7";"0";"2";"1";"1";"1";""
"201900027965";"138 253 722";"B01";"2";"34";"0";"2";"9";"1";"1";""
"201900027965";"138 253 723";"A01";"1";"7";"0";"2";"0";"15";"0";""
"201900027966";"138 253 720";"A01";"2";"2";"0";"2";"3";"1";"1";""
"201900027966";"138 253 721";"B01";"2";"7";"0";"2";"3";"1";"2";""
"201900027967";"138 253 718";"B01";"2";"7";"0";"2";"6";"9";"1";""
"201900027967";"138 253 719";"A01";"2";"7";"0";"2";"1";"1";"1";""
"201900027968";"138 253 716";"A01";"1";"7";"0";"2";"1";"1";"1";""
"201900027968";"138 253 717";"B01";"1";"7";"0";"2";"4";"1";"1";""
"201900027969";"138 253 713";"B01";"1";"7";"0";"2";"4";"2";"1";""
"201900027969";"138 253 714";"C01";"1";"7";"0";"0";"4";"1";"1";""
"201900027969";"138 253 715";"A01";"1";"7";"0";"2";"1";"1";"1";""
"201900027970";"138 253 711";"B01";"1";"7";"0";"2";"4";"2";"1";""
"201900027970";"138 253 712";"A01";"1";"7";"0";"2";"1";"2";"1";""
"201900027971";"138 253 710";"A01";"1";"7";"0";"1";"3";"15";"2";""
"201900027972";"138 253 708";"A01";"0";"32";"0";"2";"8";"17";"1";""
"201900027972";"138 253 709";"B01";"0";"10";"0";"2";"6";"15";"1";""
"201900027973";"138 253 706";"A01";"2";"14";"0";"2";"1";"2";"1";""
"201900027973";"138 253 707";"B01";"2";"7";"0";"2";"4";"2";"1";""
"201900027974";"138 253 704";"B01";"3";"1";"0";"2";"7";"19";"5";""
"201900027974";"138 253 705";"Z01";"3";"0";"0";"2";"7";"1";"0";""
"201900027975";"138 253 702";"A01";"1";"10";"0";"2";"2";"15";"1";""
"201900027975";"138 253 703";"B01";"2";"1";"0";"2";"1";"1";"5";""
"201900027976";"138 253 700";"A01";"1";"10";"0";"2";"2";"15";"1";""
"201900027976";"138 253 701";"B01";"1";"10";"0";"2";"1";"1";"1";""
"201900027977";"138 253 698";"A01";"2";"7";"4";"0";"2";"1";"1";""
"201900027978";"138 253 696";"A01";"2";"7";"0";"2";"2";"15";"1";""
"201900027978";"138 253 697";"B01";"1";"2";"0";"2";"1";"1";"1";""
"201900027979";"138 253 695";"A01";"2";"7";"0";"1";"1";"1";"1";""
"201900027980";"138 253 693";"B01";"1";"1";"0";"0";"0";"1";"5";""
"201900027980";"138 253 694";"A01";"1";"17";"0";"2";"1";"16";"1";""
"201900027981";"138 253 692";"A01";"0";"7";"0";"1";"1";"1";"1";""
"201900027982";"138 253 690";"B01";"0";"2";"0";"2";"1";"1";"1";""
"201900027982";"138 253 691";"A01";"0";"7";"0";"2";"5";"16";"1";""
"201900027983";"138 253 689";"Z01";"1";"7";"0";"1";"0";"13";"1";""
"201900027984";"138 253 687";"B01";"2";"7";"0";"2";"1";"1";"1";""
"201900027984";"138 253 688";"A01";"1";"7";"0";"2";"2";"13";"1";""
"201900027985";"138 253 682";"A01";"2";"7";"4";"0";"9";"26";"1";""
"201900027986";"138 253 681";"A01";"0";"7";"0";"1";"1";"1";"1";""
"201900027987";"138 253 679";"A01";"0";"10";"8";"2";"3";"1";"1";""
"201900027987";"138 253 680";"B01";"0";"7";"0";"2";"1";"1";"1";""
"201900027988";"138 253 678";"A01";"3";"7";"0";"1";"2";"15";"0";""
"201900027989";"138 253 675";"A01";"3";"7";"0";"2";"1";"1";"1";""
"201900027989";"138 253 676";"B01";"3";"7";"0";"2";"1";"15";"1";""
"201900027990";"138 253 673";"A01";"3";"7";"0";"2";"1";"1";"1";""
"201900027990";"138 253 674";"B01";"3";"7";"0";"2";"1";"15";"1";""
"201900027991";"138 253 666";"B01";"2";"7";"0";"2";"6";"23";"1";""
"201900027991";"138 253 667";"A01";"2";"30";"0";"2";"6";"2";"1";""
"201900027992";"138 253 665";"A01";"1";"7";"1";"0";"3";"14";"1";""
"201900027993";"138 253 663";"A01";"1";"7";"0";"2";"1";"15";"1";""
"201900027993";"138 253 664";"B01";"1";"2";"0";"2";"1";"1";"1";""
"201900027994";"138 253 661";"A01";"1";"33";"0";"2";"0";"13";"1";""
"201900027994";"138 253 662";"B01";"2";"14";"0";"2";"8";"1";"1";""
"201900027995";"138 253 660";"A01";"0";"7";"0";"1";"2";"1";"1";""
"201900027996";"138 253 659";"A01";"2";"10";"0";"1";"3";"15";"1";""
"201900027997";"138 253 658";"A01";"2";"7";"0";"1";"7";"26";"1";""
"201900027998";"138 253 656";"B01";"1";"33";"0";"2";"1";"2";"1";""
"201900027998";"138 253 657";"A01";"1";"7";"0";"2";"8";"10";"1";""
"201900027999";"138 253 654";"B01";"1";"2";"0";"2";"1";"16";"1";""
"201900027999";"138 253 655";"A01";"1";"7";"0";"2";"1";"1";"0";""
"201900028000";"138 253 648";"A01";"0";"7";"15";"0";"9";"0";"1";""
"201900028001";"138 253 647";"B01";"1";"31";"0";"1";"1";"1";"1";""
"201900028002";"138 253 644";"B01";"2";"10";"0";"1";"1";"1";"1";""
"201900028003";"138 253 642";"A01";"0";"7";"0";"2";"1";"1";"1";""
"201900028003";"138 253 643";"B01";"0";"7";"0";"2";"4";"1";"1";""
"201900028004";"138 253 640";"A01";"1";"7";"0";"2";"1";"15";"1";""
"201900028004";"138 253 641";"B01";"2";"32";"0";"2";"1";"1";"1";""
"201900028005";"138 253 638";"B01";"1";"7";"0";"2";"4";"0";"0";""
"201900028005";"138 253 639";"A01";"1";"7";"0";"2";"1";"1";"0";""
"201900028006";"138 253 636";"B01";"2";"7";"0";"2";"1";"0";"1";""
"201900028006";"138 253 637";"A01";"2";"7";"0";"2";"3";"0";"1";""
"201900028007";"138 253 635";"A01";"2";"7";"0";"1";"3";"1";"1";""
"201900028008";"138 253 632";"C01";"1";"7";"0";"2";"6";"23";"1";""
"201900028008";"138 253 633";"A01";"1";"34";"0";"2";"1";"2";"1";""
"201900028008";"138 253 634";"B01";"1";"7";"0";"2";"1";"15";"1";""
"201900028009";"138 253 630";"B01";"0";"7";"0";"2";"3";"15";"1";""
"201900028009";"138 253 631";"A01";"0";"32";"0";"2";"7";"14";"1";""
"201900028010";"138 253 628";"A01";"2";"33";"0";"2";"1";"1";"0";""
"201900028010";"138 253 629";"Z01";"1";"7";"0";"2";"1";"17";"0";""
"201900028011";"138 253 625";"B01";"2";"7";"0";"2";"3";"15";"0";""
"201900028011";"138 253 626";"A01";"2";"33";"0";"2";"8";"3";"1";""
"201900028012";"138 253 622";"C01";"2";"34";"0";"2";"4";"0";"0";""
"201900028012";"138 253 623";"A01";"2";"7";"0";"2";"1";"0";"0";""
"201900028012";"138 253 624";"B01";"2";"7";"0";"2";"4";"0";"0";""
"201900028013";"138 253 620";"B01";"1";"34";"0";"2";"1";"1";"1";""
"201900028013";"138 253 621";"A01";"2";"7";"0";"2";"1";"15";"1";""
"201900028014";"138 253 618";"B01";"0";"7";"0";"2";"3";"1";"1";""
"201900028014";"138 253 619";"A01";"0";"7";"0";"2";"3";"9";"1";""
"201900028015";"138 253 617";"A01";"1";"7";"0";"1";"1";"2";"0";""
"201900028016";"138 253 615";"B01";"2";"30";"0";"2";"8";"1";"1";""
"201900028016";"138 253 616";"Z01";"2";"7";"0";"2";"8";"1";"0";""
"201900028017";"138 253 614";"A01";"1";"30";"1";"0";"0";"0";"1";""
"201900028018";"138 253 612";"B01";"1";"32";"0";"2";"1";"21";"1";""
"201900028018";"138 253 613";"A01";"2";"7";"0";"2";"7";"15";"1";""
"201900028019";"138 253 611";"A01";"2";"7";"0";"1";"1";"1";"1";""
"201900028020";"138 253 610";"A01";"1";"7";"0";"1";"2";"1";"1";""
"201900028021";"138 253 609";"A01";"1";"34";"0";"1";"1";"13";"1";""
"201900028022";"138 253 607";"B01";"3";"10";"0";"2";"1";"1";"0";""
"201900028022";"138 253 608";"A01";"3";"10";"1";"2";"1";"18";"0";""
"201900028023";"138 253 605";"B01";"0";"7";"0";"2";"1";"0";"1";""
"201900028023";"138 253 606";"A01";"0";"7";"0";"2";"1";"0";"1";""
"201900028024";"138 253 604";"A01";"2";"10";"0";"1";"2";"0";"1";""
"201900028025";"138 253 601";"A01";"1";"7";"0";"9";"1";"2";"1";""
"201900028026";"138 253 599";"B01";"1";"7";"0";"2";"1";"1";"1";""
"201900028026";"138 253 600";"A01";"2";"7";"0";"2";"1";"13";"1";""
"201900028027";"138 253 597";"A01";"1";"7";"0";"2";"5";"11";"1";""
"201900028027";"138 253 598";"B01";"1";"33";"6";"2";"1";"1";"1";""
"201900028028";"138 253 595";"Z01";"0";"7";"0";"0";"0";"0";"0";""
"201900028028";"138 253 596";"B01";"3";"33";"0";"2";"7";"17";"0";""
"201900028029";"138 253 593";"A01";"2";"7";"0";"2";"1";"1";"1";""
"201900028029";"138 253 594";"B01";"2";"7";"0";"2";"4";"1";"1";""
"201900028030";"138 253 591";"A01";"1";"10";"0";"2";"3";"0";"1";""
"201900028030";"138 253 592";"B01";"2";"33";"0";"2";"1";"6";"1";""
"201900028031";"138 253 588";"A01";"2";"7";"0";"2";"1";"2";"1";""
"201900028031";"138 253 589";"B01";"2";"7";"0";"2";"4";"2";"1";""
"201900028031";"138 253 590";"C01";"2";"7";"0";"2";"4";"2";"1";""
"201900028032";"138 253 586";"B01";"2";"7";"0";"2";"5";"12";"1";""
"201900028032";"138 253 587";"A01";"2";"32";"0";"2";"3";"3";"1";""
"201900028033";"138 253 584";"A01";"2";"43";"0";"2";"2";"1";"1";""
"201900028033";"138 253 585";"B01";"2";"7";"0";"2";"6";"12";"1";""
"201900028034";"138 253 582";"A01";"1";"31";"0";"0";"7";"3";"1";""
"201900028035";"138 253 580";"A01";"2";"7";"0";"2";"2";"16";"1";""
"201900028035";"138 253 581";"B01";"1";"7";"2";"2";"3";"7";"1";""
"201900028036";"138 253 574";"A01";"1";"7";"0";"2";"3";"23";"2";""
"201900028036";"138 253 575";"B01";"1";"10";"0";"2";"8";"23";"1";""
"201900028036";"138 253 576";"C01";"1";"7";"0";"2";"8";"1";"1";""
"201900028036";"138 253 577";"D01";"2";"10";"0";"2";"0";"1";"1";""
"201900028036";"138 253 578";"E01";"1";"7";"0";"2";"0";"1";"1";""
"201900028036";"138 253 579";"Z01";"1";"7";"8";"2";"1";"17";"1";""
"201900028037";"138 253 572";"B01";"2";"32";"0";"2";"1";"1";"1";""
"201900028037";"138 253 573";"A01";"2";"7";"0";"2";"6";"1";"1";""
"201900028038";"138 253 571";"A01";"1";"43";"0";"1";"3";"15";"1";""
"201900028039";"138 253 569";"A01";"1";"1";"0";"2";"4";"14";"5";""
"201900028039";"138 253 570";"B01";"1";"2";"0";"2";"1";"1";"1";""
"201900028040";"138 253 568";"A01";"2";"7";"0";"1";"1";"1";"2";""
"201900028041";"138 253 566";"A01";"2";"7";"0";"2";"2";"12";"1";""
"201900028041";"138 253 567";"B01";"2";"33";"0";"2";"1";"7";"1";""
"201900028042";"138 253 565";"A01";"1";"32";"0";"1";"1";"1";"1";""
"201900028043";"138 253 564";"A01";"2";"14";"0";"1";"1";"16";"1";""
"201900028044";"138 253 562";"B01";"1";"17";"0";"2";"2";"12";"1";""
"201900028044";"138 253 563";"A01";"1";"10";"0";"2";"8";"11";"1";""
"201900028045";"138 253 561";"A01";"1";"7";"0";"1";"0";"1";"2";""
"201900028046";"138 253 560";"A01";"0";"7";"0";"1";"2";"16";"0";""
"201900028047";"138 253 559";"A01";"2";"7";"11";"0";"1";"13";"1";""
"201900028048";"138 253 557";"C01";"0";"7";"0";"2";"1";"16";"0";""
"201900028048";"138 253 558";"B01";"3";"1";"0";"2";"8";"1";"5";""
"201900028049";"138 253 555";"B01";"1";"1";"0";"2";"3";"1";"5";""