"Num_Acc";"id_vehicule";"num_veh";"senc";"catv";"obs";"obsm";"choc";"manv";"motor";"occutc"
"201900028049";"138 253 556";"A01";"1";"7";"0";"2";"2";"17";"1";""
"201900028050";"138 253 553";"B01";"2";"7";"0";"2";"1";"23";"1";""
"201900028050";"138 253 554";"A01";"1";"32";"0";"2";"8";"13";"1";""
"201900028051";"138 253 552";"A01";"1";"30";"0";"1";"7";"21";"3";""
"201900028052";"138 253 551";"Z01";"2";"7";"0";"1";"0";"15";"0";""
"201900028053";"138 253 550";"A01";"1";"7";"0";"1";"1";"1";"1";""
"201900028054";"138 253 549";"A01";"2";"30";"0";"0";"0";"1";"1";""
"201900028055";"138 253 547";"A01";"1";"33";"0";"2";"2";"17";"1";""
"201900028055";"138 253 548";"B01";"1";"7";"0";"2";"3";"15";"1";""
"201900028056";"138 253 545";"B01";"2";"7";"0";"2";"5";"16";"1";""
"201900028056";"138 253 546";"A01";"2";"30";"0";"2";"3";"7";"1";""
"201900028057";"138 253 544";"A01";"2";"34";"0";"1";"3";"1";"1";""
"201900028058";"138 253 543";"A01";"0";"2";"1";"0";"3";"14";"1";""
"201900028059";"138 253 541";"A01";"0";"7";"0";"2";"7";"10";"1";""
"201900028059";"138 253 542";"B01";"3";"34";"0";"2";"1";"1";"1";""
"201900028060";"138 253 540";"A01";"1";"7";"0";"1";"3";"15";"1";""
"201900028061";"138 253 538";"B01";"1";"2";"0";"2";"3";"1";"1";""
"201900028061";"138 253 539";"A01";"2";"7";"0";"2";"1";"15";"1";""
"201900028062";"138 253 536";"B01";"3";"33";"0";"2";"7";"21";"1";""
"201900028062";"138 253 537";"A01";"3";"32";"0";"2";"8";"21";"1";""
"201900028063";"138 253 530";"Z01";"1";"7";"0";"2";"1";"2";"1";""
"201900028063";"138 253 531";"C01";"2";"7";"0";"2";"3";"1";"1";""
"201900028063";"138 253 532";"B01";"1";"32";"0";"2";"6";"1";"1";""
"201900028064";"138 253 528";"B01";"1";"1";"0";"2";"1";"1";"1";""
"201900028064";"138 253 529";"A01";"1";"7";"0";"2";"3";"22";"1";""
"201900028065";"138 253 527";"A01";"1";"32";"0";"0";"3";"21";"1";""
"201900028066";"138 253 526";"A01";"1";"7";"0";"1";"3";"15";"2";""
"201900028067";"138 253 524";"A01";"1";"7";"0";"2";"6";"11";"1";""
"201900028067";"138 253 525";"B01";"1";"30";"0";"2";"7";"1";"1";""
"201900028068";"138 253 523";"A01";"3";"33";"0";"0";"8";"1";"1";""
"201900028069";"138 253 521";"Z01";"2";"7";"0";"2";"7";"1";"1";""
"201900028069";"138 253 522";"B01";"2";"33";"0";"2";"1";"1";"1";""
"201900028070";"138 253 519";"A01";"2";"7";"0";"2";"0";"9";"1";""
"201900028070";"138 253 520";"B01";"2";"2";"0";"2";"7";"21";"1";""
"201900028071";"138 253 518";"A01";"1";"32";"0";"0";"1";"1";"1";""
"201900028072";"138 253 517";"A01";"3";"7";"0";"1";"4";"4";"1";""
"201900028073";"138 253 514";"A01";"3";"14";"0";"2";"3";"2";"1";""
"201900028073";"138 253 515";"B01";"2";"37";"0";"2";"6";"2";"1";"1"
"201900028073";"138 253 516";"C01";"2";"30";"0";"2";"8";"1";"1";""
"201900028074";"138 253 513";"A01";"2";"33";"1";"1";"1";"1";"1";""
"201900028075";"138 253 512";"A01";"2";"33";"0";"0";"8";"1";"1";""
"201900028076";"138 253 511";"A01";"1";"7";"11";"0";"8";"15";"1";""
"201900028077";"138 253 509";"B01";"2";"7";"0";"2";"5";"2";"1";""
"201900028077";"138 253 510";"A01";"2";"43";"0";"2";"1";"2";"1";""
"201900028078";"138 253 508";"A01";"2";"30";"1";"1";"1";"1";"1";""
"201900028079";"138 253 507";"A01";"1";"7";"0";"1";"2";"16";"1";""
"201900028080";"138 253 506";"A01";"1";"2";"0";"1";"1";"21";"1";""
"201900028081";"138 253 504";"B01";"1";"32";"0";"2";"8";"1";"1";""
"201900028081";"138 253 505";"A01";"2";"32";"0";"2";"2";"19";"1";""
"201900028082";"138 253 502";"A01";"3";"1";"0";"2";"7";"19";"5";""
"201900028082";"138 253 503";"B01";"1";"32";"0";"2";"1";"1";"1";""
"201900028083";"138 253 500";"B01";"2";"1";"0";"2";"5";"15";"5";""
"201900028083";"138 253 501";"A01";"1";"7";"0";"2";"3";"1";"1";""
"201900028084";"138 253 498";"A01";"1";"33";"0";"2";"2";"17";"0";""
"201900028084";"138 253 499";"B01";"1";"7";"0";"2";"3";"15";"0";""
"201900028085";"138 253 496";"B01";"3";"33";"0";"0";"0";"0";"0";""
"201900028085";"138 253 497";"A01";"3";"7";"0";"2";"2";"12";"1";""
"201900028086";"138 253 495";"A01";"2";"99";"0";"0";"2";"0";"0";""
"201900028087";"138 253 494";"A01";"1";"7";"0";"1";"3";"26";"1";""
"201900028088";"138 253 492";"B01";"1";"31";"0";"2";"7";"1";"1";""
"201900028088";"138 253 493";"A01";"1";"7";"0";"2";"3";"11";"1";""
"201900028089";"138 253 488";"A01";"3";"33";"0";"2";"1";"1";"1";""
"201900028089";"138 253 489";"B01";"3";"7";"0";"6";"6";"1";"1";""
"201900028090";"138 253 486";"Z01";"2";"7";"0";"2";"0";"11";"0";""
"201900028090";"138 253 487";"B01";"2";"34";"0";"2";"2";"1";"0";""
"201900028091";"138 253 484";"A01";"1";"7";"0";"6";"0";"24";"1";""
"201900028091";"138 253 485";"B01";"1";"50";"1";"0";"0";"7";"0";""
"201900028092";"138 253 483";"A01";"2";"50";"12";"0";"1";"25";"0";""
"201900028093";"138 253 481";"A01";"2";"32";"0";"2";"3";"0";"1";""
"201900028093";"138 253 482";"B01";"2";"7";"0";"2";"2";"9";"1";""
"201900028094";"138 253 480";"A01";"1";"43";"8";"0";"1";"26";"1";""
"201900028095";"138 253 478";"A01";"1";"32";"0";"2";"2";"1";"1";""
"201900028095";"138 253 479";"B01";"1";"7";"0";"2";"3";"20";"1";""
"201900028096";"138 253 477";"A01";"0";"30";"0";"0";"1";"0";" -1";""
"201900028097";"138 253 476";"A01";"3";"10";"1";"1";"2";"17";"1";""
"201900028098";"138 253 474";"A01";"1";"10";"0";"2";"2";"15";"1";""
"201900028098";"138 253 475";"B01";"2";"10";"0";"2";"3";"1";"1";""
"201900028099";"138 253 472";"B01";"2";"1";"0";"2";"1";"1";"5";""
"201900028099";"138 253 473";"A01";"2";"10";"0";"2";"3";"9";"1";""
"201900028100";"138 253 470";"A01";"1";"7";"0";"2";"1";"17";"1";""
"201900028100";"138 253 471";"B01";"1";"3";"0";"2";"3";"15";"1";""
"201900028101";"138 253 469";"A01";"1";"7";"0";"6";"1";"1";"1";""
"201900028102";"138 253 468";"A01";"2";"7";"13";"0";"0";"0";"1";""
"201900028103";"138 253 466";"A01";"2";"7";"0";"2";"1";"13";"1";""
"201900028103";"138 253 467";"B01";"1";"17";"0";"2";"1";"1";"1";""
"201900028104";"138 253 465";"A01";"2";"33";"8";"0";"3";"1";"1";""
"201900028105";"138 253 463";"B01";"1";"33";"0";"2";"3";"1";"1";""
"201900028105";"138 253 464";"A01";"2";"7";"0";"2";"8";"13";"0";""
"201900028106";"138 253 461";"A01";"2";"7";"7";"2";"3";"19";"6";""
"201900028106";"138 253 462";"B01";"1";"7";"0";"2";"1";"1";"6";""
"201900028107";"138 253 460";"A01";"3";"33";"13";"0";"3";"2";"1";""
"201900028108";"138 253 458";"A01";"0";"2";"0";"2";"3";"1";"0";""
"201900028108";"138 253 459";"B01";"3";"7";"0";"2";"6";"15";"1";""
"201900028109";"138 253 457";"A01";"2";"7";"13";"0";"0";"1";"0";""
"201900028110";"138 253 456";"A01";"1";"7";"13";"0";"1";"26";"1";""
"201900028111";"138 253 455";"A01";"1";"7";"2";"0";"3";"14";"6";""
"201900028112";"138 253 453";"B01";"1";"1";"1";"0";"1";"1";"6";""
"201900028112";"138 253 454";"A01";"1";"7";"0";"2";"3";"22";"1";""
"201900028113";"138 253 449";"A01";"1";"7";"0";"2";"2";"1";"1";""
"201900028113";"138 253 450";"B01";"1";"33";"0";"0";"4";"23";"1";""
"201900028113";"138 253 451";"C01";"1";"33";"16";"0";"4";"23";"1";""
"201900028113";"138 253 452";"D01";"1";"33";"0";"2";"4";"23";"1";""
"201900028114";"138 253 447";"B01";"2";"7";"0";"2";"1";"1";"1";""
"201900028114";"138 253 448";"A01";"1";"7";"0";"2";"1";"13";"6";""
"201900028115";"138 253 445";"A01";"3";"7";"0";"2";"1";"2";"1";""
"201900028115";"138 253 446";"B01";"3";"1";"0";"2";"4";"1";"5";""
"201900028116";"138 253 444";"A01";"0";"33";"0";"0";"8";"10";"6";""
"201900028117";"138 253 443";"A01";"1";"7";"0";"1";"2";"17";"1";""
"201900028118";"138 253 442";"A01";"2";"33";"0";"0";"8";"1";"1";""
"201900028119";"138 253 441";"A01";"0";"7";"0";"1";"1";"1";"1";""
"201900028120";"138 253 439";"B01";"1";"7";"0";"2";"8";"14";"1";""
"201900028120";"138 253 440";"A01";"2";"7";"0";"2";"3";"13";"1";""
"201900028121";"138 253 438";"A01";"2";"7";"0";"1";"2";"1";"1";""
"201900028122";"138 253 436";"A01";"2";"7";"4";"2";"0";"23";"1";""
"201900028122";"138 253 437";"B01";"2";"17";"4";"2";"1";"2";"1";""
"201900028123";"138 253 434";"A01";"1";"31";"0";"2";"3";"1";"1";""
"201900028123";"138 253 435";"B01";"2";"37";"0";"2";"3";"1";"1";"1"
"201900028124";"138 253 433";"A01";"3";"33";"0";"0";"0";"0";"1";""
"201900028125";"138 253 431";"A01";"2";"7";"0";"2";"1";"5";"1";""
"201900028125";"138 253 432";"B01";"2";"7";"0";"2";"1";"1";"1";""
"201900028126";"138 253 429";"B01";"1";"7";"0";"2";"1";"1";"0";""
"201900028126";"138 253 430";"A01";"2";"7";"0";"2";"1";"13";"0";""
"201900028127";"138 253 428";"A01";"2";"2";"15";"0";"1";"1";"1";""
"201900028128";"138 253 425";"A01";"2";"10";"0";"2";"1";"2";"1";""
"201900028128";"138 253 426";"B01";"2";"7";"0";"2";"4";"2";"1";""
"201900028128";"138 253 427";"C01";"2";"7";"3";"2";"4";"2";"1";""
"201900028129";"138 253 423";"B01";"0";"7";"0";"2";"4";"15";"1";""
"201900028129";"138 253 424";"A01";"0";"34";"0";"2";"1";"17";"0";""
"201900028130";"138 253 421";"B01";"1";"7";"0";"2";"2";"15";"1";""
"201900028130";"138 253 422";"A01";"2";"7";"0";"2";"3";"1";"1";""
"201900028131";"138 253 420";"A01";"2";"7";"8";"0";"3";"13";"1";""
"201900028132";"138 253 418";"A01";"1";"7";"0";"2";"1";"1";"0";""
"201900028132";"138 253 419";"B01";"2";"7";"0";"0";"8";"19";"0";""
"201900028133";"138 253 414";"B01";"3";"7";"0";"2";"8";"15";"1";""
"201900028133";"138 253 415";"A01";"3";"1";"0";"2";"1";"26";"0";""
"201900028134";"138 253 412";"B01";"1";"13";"0";"2";"2";"1";"0";""
"201900028134";"138 253 413";"A01";"2";"7";"0";"2";"1";"5";"0";""
"201900028135";"138 253 411";"A01";"2";"2";"6";"0";"1";"13";"0";""
"201900028136";"138 253 410";"A01";"3";"36";"0";"0";"3";"26";"1";""
"201900028137";"138 253 409";"A01";"1";"17";"4";"0";"1";"13";"1";""
"201900028138";"138 253 407";"B01";"2";"7";"0";"2";"3";"10";"1";""
"201900028138";"138 253 408";"A01";"2";"7";"0";"2";"1";"1";"1";""
"201900028139";"138 253 406";"A01";"3";"7";"2";"0";"2";"1";"1";""
"201900028140";"138 253 405";"A01";"0";"7";"13";"0";"2";"2";"0";""
"201900028141";"138 253 403";"A01";"3";"7";"0";"2";"3";"13";"1";""
"201900028141";"138 253 404";"B01";"3";"7";"0";"2";"3";"1";"1";""
"201900028142";"138 253 401";"A01";"3";"2";"0";"2";"3";"21";"1";""
"201900028142";"138 253 402";"B01";"3";"21";"0";"2";"3";"1";"1";""
"201900028143";"138 253 400";"A01";"2";"31";"7";"0";"0";"0";"1";""
"201900028144";"138 253 399";"A01";"1";"2";"0";"1";"1";"1";"1";""
"201900028145";"138 253 397";"B01";"3";"2";"0";"2";"7";"1";"0";""
"201900028145";"138 253 398";"A01";"0";"7";"0";"2";"3";"9";"0";""
"201900028146";"138 253 395";"A01";"3";"7";"0";"2";"3";"9";"6";""
"201900028146";"138 253 396";"B01";"3";"33";"0";"0";"7";"1";"0";""
"201900028147";"138 253 392";"C01";"1";"33";"0";"0";"0";"20";"1";""
"201900028147";"138 253 393";"B01";"1";"33";"0";"0";"7";"20";"1";""
"201900028147";"138 253 394";"A01";"1";"33";"0";"2";"8";"1";"1";""
"201900028148";"138 253 391";"A01";"3";"33";"2";"0";"1";"0";"1";""
"201900028149";"138 253 389";"B01";"1";"7";"0";"2";"2";"1";"1";""
"201900028149";"138 253 390";"A01";"1";"7";"0";"2";"1";"19";"1";""
"201900028150";"138 253 387";"B01";"1";"7";"0";"2";"1";"19";"1";""
"201900028150";"138 253 388";"A01";"1";"34";"0";"2";"1";"1";"1";""
"201900028151";"138 253 386";"A01";"1";"2";"0";"0";"0";"0";"1";""
"201900028152";"138 253 384";"B01";"1";"10";"0";"2";"4";"2";"1";""
"201900028152";"138 253 385";"A01";"1";"2";"0";"2";"1";"2";"1";""
"201900028153";"138 253 382";"A01";"3";"7";"0";"2";"3";"1";"1";""
"201900028153";"138 253 383";"B01";"3";"30";"0";"2";"2";"16";"1";""
"201900028154";"138 253 381";"A01";"1";"7";"17";"0";"1";"0";"0";""
"201900028155";"138 253 379";"A01";"3";"3";"0";"2";"3";"16";"1";""
"201900028155";"138 253 380";"B01";"2";"32";"0";"2";"1";"1";"1";""
"201900028156";"138 253 378";"A01";"2";"7";"0";"0";"1";"0";"1";""
"201900028157";"138 253 377";"A01";"1";"7";"13";"0";"1";"13";"1";""
"201900028158";"138 253 375";"A01";"1";"7";"0";"2";"1";"1";"1";""
"201900028158";"138 253 376";"B01";"1";"7";"0";"2";"4";"1";"1";""
"201900028159";"138 253 374";"A01";"1";"7";"2";"0";"1";"16";"1";""
"201900028160";"138 253 372";"B01";"3";"80";"0";"2";"3";"2";"3";""
"201900028160";"138 253 373";"A01";"3";"7";"0";"0";"5";"2";"1";""
"201900028161";"138 253 370";"A01";"2";"7";"0";"2";"2";"15";"1";""
"201900028161";"138 253 371";"B01";"1";"7";"9";"2";"3";"1";"1";""
"201900028162";"138 253 369";"A01";"0";"31";"13";"0";"7";"0";"1";""
"201900028163";"138 253 367";"A01";"2";"7";"6";"2";"2";"18";"1";""
"201900028163";"138 253 368";"B01";"2";"7";"0";"0";"8";"15";"1";""
"201900028164";"138 253 366";"A01";"2";"7";"6";"0";"2";"14";"0";""
"201900028165";"138 253 364";"B01";"1";"7";"0";"2";"1";"2";"1";""
"201900028165";"138 253 365";"A01";"1";"7";"0";"0";"4";"13";"1";""
"201900028166";"138 253 362";"A01";"0";"2";"0";"2";"7";"19";"1";""
"201900028166";"138 253 363";"B01";"2";"7";"0";"2";"3";"1";"1";""
"201900028167";"138 253 361";"A01";"2";"7";"16";"0";"9";"17";"1";""
"201900028168";"138 253 359";"B01";"2";"33";"0";"2";"1";"1";"0";""
"201900028168";"138 253 360";"A01";"1";"7";"0";"2";"2";"15";"0";""
"201900028169";"138 253 358";"A01";"0";"3";"13";"0";"2";"0";"1";""
"201900028170";"138 253 357";"A01";"2";"7";"0";"1";"2";"1";"1";""
"201900028171";"138 253 356";"A01";"3";"7";"2";"0";"1";"1";"1";""
"201900028172";"138 253 355";"A01";"1";"7";"2";"0";"3";"1";"1";""
"201900028173";"138 253 354";"A01";"3";"2";"0";"0";"0";"26";"1";""
"201900028174";"138 253 352";"B01";"2";"2";"0";"2";"8";"19";"1";""
"201900028174";"138 253 353";"A01";"1";"7";"0";"2";"3";"1";"1";""
"201900028175";"138 253 351";"A01";"1";"33";"0";"0";"7";"1";"1";""
"201900028176";"138 253 349";"A01";"1";"7";"0";"9";"2";"1";"0";""
"201900028176";"138 253 350";"B01";"3";"1";"0";"2";"8";"19";"5";""
"201900028177";"138 253 347";"A01";"2";"7";"0";"9";"6";"13";"1";""
"201900028177";"138 253 348";"B01";"1";"1";"0";"2";"1";"1";"5";""
"201900028178";"138 253 346";"A01";"1";"7";"0";"1";"2";"1";"1";""
"201900028179";"138 253 345";"A01";"1";"7";"0";"1";"1";"1";"1";""
"201900028180";"138 253 344";"A01";"1";"7";"8";"0";"1";"1";"1";""
"201900028181";"138 253 343";"A01";"3";"7";"0";"0";"9";"1";"1";""
"201900028182";"138 253 341";"A01";"1";"2";"0";"2";"1";"1";"1";""
"201900028182";"138 253 342";"B01";"2";"7";"0";"0";"3";"1";"1";""
"201900028183";"138 253 339";"A01";"3";"7";"0";"2";"5";"19";"1";""
"201900028183";"138 253 340";"B01";"2";"33";"0";"2";"1";"1";"1";""
"201900028184";"138 253 338";"A01";"1";"10";"13";"0";"1";"13";"1";""
"201900028185";"138 253 337";"A01";"1";"7";"5";"0";"1";"1";"1";""
"201900028186";"138 253 335";"B01";"2";"1";"0";"0";"4";"0";"5";""
"201900028186";"138 253 336";"A01";"1";"7";"0";"0";"1";"15";"1";""
"201900028187";"138 253 334";"A01";"0";"31";"0";"0";"0";"0";"1";""
"201900028188";"138 253 332";"B01";"1";"1";"0";"0";"3";"1";"5";""
"201900028188";"138 253 333";"A01";"1";"7";"0";"0";"2";"16";"1";""
"201900028189";"138 253 330";"A01";"2";"7";"0";"2";"7";"17";"1";""
"201900028189";"138 253 331";"B01";"2";"7";"0";"2";"8";"1";"1";""
"201900028190";"138 253 329";"A01";"2";"7";"13";"0";"3";"1";"1";""
"201900028191";"138 253 327";"A01";"1";"7";"0";"2";"3";"15";"1";""
"201900028191";"138 253 328";"B01";"2";"33";"0";"2";"6";"1";"1";""
"201900028192";"138 253 324";"C01";"2";"7";"0";"0";"4";"2";"1";""
"201900028192";"138 253 325";"B01";"2";"7";"6";"2";"4";"17";"1";""
"201900028192";"138 253 326";"A01";"2";"7";"6";"2";"3";"1";"1";""
"201900028193";"138 253 322";"B01";"0";"7";"0";"2";"1";"19";"0";""
"201900028193";"138 253 323";"A01";"0";"7";"0";"0";"9";"1";"0";""
"201900028194";"138 253 320";"B01";"2";"7";"0";"2";"3";"1";"1";""
"201900028194";"138 253 321";"A01";"1";"10";"0";"2";"3";"1";"0";""
"201900028195";"138 253 318";"B01";"3";"10";"0";"2";"3";"1";"1";""
"201900028195";"138 253 319";"A01";"3";"1";"0";"2";"1";"13";"5";""
"201900028196";"138 253 317";"A01";"1";"7";"15";"0";"1";"1";"1";""
"201900028197";"138 253 315";"A01";"1";"33";"0";"2";"1";"1";"1";""
"201900028197";"138 253 316";"B01";"1";"7";"0";"2";"6";"23";"1";""
"201900028198";"138 253 314";"A01";"2";"7";"2";"0";"1";"1";"1";""
"201900028199";"138 253 312";"A01";"0";"7";"0";"2";"1";"2";"1";""
"201900028199";"138 253 313";"B01";"0";"7";"0";"0";"5";"23";"1";""
"201900028200";"138 253 311";"A01";"1";"33";"8";"0";"1";"1";"1";""
"201900028201";"138 253 309";"B01";"2";"7";"0";"2";"3";"1";"1";""
"201900028201";"138 253 310";"A01";"1";"33";"0";"2";"3";"13";"1";""
"201900028202";"138 253 305";"D01";"1";"1";"0";"2";"1";"1";"5";""
"201900028202";"138 253 306";"C01";"1";"1";"0";"2";"1";"1";"5";""
"201900028202";"138 253 307";"B01";"1";"1";"0";"2";"1";"1";"5";""
"201900028202";"138 253 308";"A01";"2";"33";"0";"2";"1";"13";"1";""
"201900028203";"138 253 304";"A01";"2";"31";"15";"0";"0";"14";"1";""
"201900028204";"138 253 302";"A01";"1";"7";"0";"2";"5";"15";"0";""
"201900028204";"138 253 303";"B01";"2";"1";"0";"2";"1";"1";"5";""
"201900028205";"138 253 300";"A01";"1";"2";"0";"2";"8";"1";"1";""
"201900028205";"138 253 301";"B01";"3";"7";"0";"2";"1";"19";"1";""
"201900028206";"138 253 299";"A01";"1";"2";"0";"0";"0";"1";"1";""
"201900028207";"138 253 297";"B01";"3";"7";"0";"2";"8";"24";"1";""
"201900028207";"138 253 298";"A01";"2";"7";"0";"2";"1";"1";"1";""
"201900028208";"138 253 296";"A01";"3";"33";"13";"0";"3";"1";"0";""
"201900028209";"138 253 295";"A01";"3";"7";"13";"0";"3";"1";"1";""
"201900028210";"138 253 292";"B01";"0";"7";"0";"2";"8";"15";"0";""
"201900028210";"138 253 293";"A01";"0";"31";"0";"2";"1";"17";"0";""
"201900028211";"138 253 290";"A01";"1";"7";"0";"2";"7";"13";"1";""
"201900028211";"138 253 291";"B01";"2";"33";"0";"2";"1";"21";"1";""
"201900028212";"138 253 288";"A01";"2";"10";"0";"2";"3";"1";"1";""
"201900028212";"138 253 289";"B01";"1";"2";"0";"2";"1";"1";"1";""
"201900028213";"138 253 286";"B01";"3";"2";"0";"2";"1";"5";"0";""
"201900028213";"138 253 287";"A01";"3";"7";"0";"2";"2";"0";"1";""
"201900028214";"138 253 284";"A01";"0";"14";"0";"2";"4";"4";"1";""
"201900028214";"138 253 285";"B01";"0";"33";"0";"2";"3";"18";"1";""
"201900028215";"138 253 283";"A01";"1";"7";"13";"0";"2";"1";"1";""
"201900028216";"138 253 281";"A01";"3";"7";"0";"1";"3";"1";"1";""
"201900028217";"138 253 279";"B01";"3";"7";"0";"2";"3";"1";"1";""
"201900028217";"138 253 280";"A01";"0";"2";"0";"2";"1";"17";"1";""
"201900028218";"138 253 277";"B01";"2";"10";"0";"2";"1";"21";"1";""
"201900028218";"138 253 278";"A01";"1";"7";"0";"2";"1";"13";"1";""
"201900028219";"138 253 274";"A01";"2";"31";"13";"0";"7";"0";"1";""
"201900028220";"138 253 273";"A01";"1";"7";"2";"0";"8";"0";"6";""
"201900028221";"138 253 271";"B01";"0";"33";"0";"2";"1";"26";"1";""
"201900028221";"138 253 272";"A01";"0";"3";"0";"0";"4";"17";"1";""
"201900028222";"138 253 269";"B01";"3";"7";"0";"2";"6";"1";"1";""
"201900028222";"138 253 270";"A01";"3";"2";"0";"2";"1";"1";"1";""
"201900028223";"138 253 265";"A01";"2";"7";"0";"2";"1";"2";"1";""
"201900028223";"138 253 266";"C01";"2";"10";"0";"2";"4";"2";"1";""
"201900028223";"138 253 267";"D01";"2";"7";"0";"0";"4";"2";"1";""
"201900028223";"138 253 268";"B01";"2";"7";"0";"0";"4";"2";"1";""
"201900028224";"138 253 263";"B01";"2";"7";"0";"2";"2";"21";"1";""
"201900028224";"138 253 264";"A01";"2";"7";"0";"0";"6";"26";"1";""
"201900028225";"138 253 262";"A01";"3";"7";"6";"0";"1";"1";"1";""
"201900028226";"138 253 260";"A01";"1";"7";"0";"2";"1";"15";"1";""
"201900028226";"138 253 261";"B01";"2";"32";"0";"2";"1";"1";"1";""
"201900028227";"138 253 258";"A01";"0";"7";"0";"9";"2";"2";"0";""
"201900028227";"138 253 259";"B01";"0";"1";"0";"2";"4";"2";"0";""
"201900028228";"138 253 256";"B01";"1";"7";"0";"2";"1";"1";"0";""
"201900028228";"138 253 257";"A01";"1";"7";"0";"2";"4";"1";"0";""
"201900028229";"138 253 252";"A01";"2";"7";"0";"2";"1";"1";"1";""
"201900028229";"138 253 253";"B01";"2";"7";"0";"2";"4";"1";"1";""
"201900028230";"138 253 251";"A01";"1";"33";"12";"0";"1";"1";"1";""
"201900028231";"138 253 250";"A01";"3";"7";"0";"1";"4";"4";"1";""
"201900028232";"138 253 248";"B01";"1";"15";"0";"2";"2";"1";"1";""
"201900028232";"138 253 249";"A01";"1";"7";"0";"2";"8";"9";"1";""
"201900028233";"138 253 246";"B01";"1";"7";"0";"2";"4";"1";"1";""
"201900028233";"138 253 247";"A01";"1";"7";"4";"2";"1";"2";"1";""
"201900028234";"138 253 244";"A01";"1";"10";"0";"2";"1";"2";"1";""
"201900028234";"138 253 245";"B01";"1";"7";"0";"2";"4";"2";"1";""
"201900028235";"138 253 242";"A01";"2";"17";"0";"0";"0";"1";"1";""
"201900028235";"138 253 243";"B01";"2";"33";"0";"9";"2";"17";"1";""
"201900028236";"138 253 241";"A01";"2";"7";"2";"0";"5";"1";"1";""
"201900028237";"138 253 239";"B01";"2";"7";"0";"2";"5";"1";"1";""
"201900028237";"138 253 240";"A01";"1";"7";"0";"2";"2";"15";"1";""
"201900028238";"138 253 238";"A01";"2";"7";"13";"0";"1";"1";"0";""
"201900028239";"138 253 237";"A01";"1";"7";"0";"0";"1";"1";"1";""
"201900028240";"138 253 236";"A01";"1";"33";"0";"0";"0";"1";"0";""
"201900028241";"138 253 234";"A01";"2";"7";"0";"2";"2";"15";"1";""
"201900028241";"138 253 235";"B01";"1";"7";"0";"2";"2";"21";"0";""
"201900028242";"138 253 233";"A01";"1";"2";"13";"0";"1";"0";"1";""
"201900028243";"138 253 232";"A01";"2";"34";"0";"1";"1";"2";"1";""
"201900028244";"138 253 230";"A01";"1";"7";"0";"2";"1";"1";"1";""
"201900028244";"138 253 231";"B01";"2";"10";"0";"2";"1";"1";"1";""
"201900028245";"138 253 229";"A01";"1";"33";"13";"0";"0";"1";"1";""
"201900028246";"138 253 228";"A01";"1";"7";"0";"1";"2";"1";"0";""
"201900028247";"138 253 227";"A01";"2";"33";"16";"0";"7";"2";"1";""
"201900028248";"138 253 226";"A01";"1";"33";"12";"0";"1";"1";"1";""
"201900028249";"138 253 225";"A01";"2";"7";"13";"0";"1";"1";"1";""
"201900028250";"138 253 224";"A01";"1";"7";"13";"0";"1";"1";"0";""
"201900028251";"138 253 222";"B01";"2";"7";"0";"2";"1";"1";"0";""
"201900028251";"138 253 223";"A01";"1";"7";"0";"2";"2";"15";"0";""
"201900028252";"138 253 221";"A01";"2";"7";"2";"0";"0";"2";"1";""
"201900028253";"138 253 220";"A01";"2";"10";"0";"1";"1";"1";"1";""
"201900028254";"138 253 218";"B01";"1";"7";"0";"2";"7";"15";"0";""
"201900028254";"138 253 219";"A01";"2";"7";"0";"2";"1";"1";"1";""
"201900028255";"138 253 217";"A01";"1";"34";"0";"1";"2";"1";"1";""
"201900028256";"138 253 215";"A01";"1";"10";"0";"2";"1";"5";"1";""
"201900028256";"138 253 216";"B01";"2";"7";"0";"2";"1";"2";"1";""
"201900028257";"138 253 213";"B01";"2";"7";"0";"2";"1";"6";"0";""
"201900028257";"138 253 214";"A01";"1";"31";"0";"2";"1";"1";"0";""
"201900028258";"138 253 211";"A01";"1";"33";"0";"2";"7";"17";"1";""
"201900028258";"138 253 212";"B01";"1";"10";"0";"2";"8";"15";"1";""
"201900028259";"138 253 210";"A01";"2";"1";"0";"0";"0";"1";"5";""
"201900028260";"138 253 208";"B01";"3";"15";"0";"2";"3";"1";"1";""
"201900028260";"138 253 209";"A01";"3";"1";"0";"2";"3";"13";"5";""
"201900028261";"138 253 207";"A01";"1";"7";"13";"0";"1";"0";"0";""
"201900028262";"138 253 204";"C01";"1";"7";"0";"2";"1";"1";"1";""
"201900028262";"138 253 205";"B01";"1";"7";"0";"0";"9";"21";"1";""
"201900028262";"138 253 206";"A01";"3";"7";"0";"2";"1";"5";"1";""
"201900028263";"138 253 202";"B01";"1";"10";"0";"0";"4";"1";"1";""
"201900028263";"138 253 203";"A01";"1";"10";"0";"2";"1";"1";"1";""
"201900028264";"138 253 201";"A01";"2";"33";"16";"0";"0";"0";"1";""
"201900028265";"138 253 200";"A01";"2";"7";"4";"0";"3";"1";"1";""
"201900028266";"138 253 199";"A01";"3";"33";"0";"6";"1";"0";"1";""
"201900028267";"138 253 197";"B01";"3";"7";"0";"2";"2";"2";"1";""
"201900028267";"138 253 198";"A01";"3";"10";"8";"2";"1";"13";"1";""
"201900028268";"138 253 196";"A01";"2";"10";"2";"9";"1";"13";"1";""