"Num_Acc";"id_vehicule";"num_veh";"senc";"catv";"obs";"obsm";"choc";"manv";"motor";"occutc"
"201900028460";"138 252 818";"B01";"3";"7";"0";"2";"4";"2";"0";""
"201900028461";"138 252 816";"A01";"2";"7";"8";"0";"1";"0";"1";""
"201900028462";"138 252 811";"A01";"2";"7";"12";"2";"1";"13";"1";""
"201900028462";"138 252 812";"C01";"2";"7";"0";"2";"4";"1";"1";""
"201900028462";"138 252 813";"E01";"2";"14";"0";"0";"1";"9";"1";""
"201900028462";"138 252 814";"B01";"2";"7";"0";"2";"5";"1";"1";""
"201900028462";"138 252 815";"D01";"2";"7";"12";"2";"4";"1";"1";""
"201900028463";"138 252 807";"B01";"1";"10";"0";"2";"1";"1";"0";""
"201900028463";"138 252 808";"A01";"2";"7";"0";"2";"7";"1";"0";""
"201900028464";"138 252 805";"A01";"3";"10";"0";"2";"4";"26";"0";""
"201900028464";"138 252 806";"B01";"3";"1";"0";"2";"1";"1";"5";""
"201900028465";"138 252 803";"B01";"2";"7";"0";"2";"4";"1";"0";""
"201900028465";"138 252 804";"A01";"2";"7";"0";"2";"1";"2";"0";""
"201900028466";"138 252 802";"A01";"3";"10";"0";"1";"5";"1";"1";""
"201900028467";"138 252 800";"A01";"3";"7";"0";"0";"2";"1";"0";""
"201900028467";"138 252 801";"B01";"3";"31";"0";"2";"3";"0";"0";""
"201900028468";"138 252 798";"B01";"3";"2";"0";"2";"8";"1";"0";""
"201900028468";"138 252 799";"A01";"3";"7";"0";"2";"1";"15";"0";""
"201900028469";"138 252 790";"B01";"1";"30";"0";"2";"1";"1";"1";""
"201900028469";"138 252 791";"A01";"0";"20";"0";"2";"3";"26";"1";""
"201900028470";"138 252 788";"A01";"3";"14";"0";"2";"2";"26";"1";""
"201900028470";"138 252 789";"B01";"3";"1";"0";"2";"8";"1";"5";""
"201900028471";"138 252 785";"A01";"2";"7";"0";"2";"2";"15";"0";""
"201900028471";"138 252 786";"B01";"1";"7";"0";"2";"1";"1";"0";""
"201900028472";"138 252 782";"B01";"1";"7";"0";"2";"4";"1";"1";""
"201900028472";"138 252 783";"C01";"1";"7";"0";"2";"1";"1";"1";""
"201900028472";"138 252 784";"A01";"1";"7";"0";"2";"4";"1";"1";""
"201900028473";"138 252 779";"A01";"1";"33";"0";"0";"0";"9";"1";""
"201900028474";"138 252 777";"A01";"2";"33";"0";"2";"1";"17";"1";""
"201900028474";"138 252 778";"C01";"2";"0";"0";"2";"3";"15";" -1";""
"201900028475";"138 252 775";"A01";"1";"7";"0";"2";"8";"11";"0";""
"201900028475";"138 252 776";"B01";"2";"7";"0";"2";"1";"1";"0";""
"201900028476";"138 252 774";"A01";"2";"7";"0";"1";"2";"17";"1";""
"201900028477";"138 252 772";"B01";"2";"38";"0";"2";"3";"1";"1";"1"
"201900028477";"138 252 773";"A01";"1";"38";"0";"2";"2";"15";"1";"1"
"201900028478";"138 252 770";"B01";"1";"10";"16";"0";"4";"1";"1";""
"201900028478";"138 252 771";"A01";"1";"10";"0";"2";"1";"2";"1";""
"201900028479";"138 252 764";"A01";"2";"30";"0";"2";"1";"0";"1";""
"201900028479";"138 252 765";"B01";"2";"33";"0";"2";"1";"0";"0";""
"201900028480";"138 252 763";"A01";"1";"7";"8";"0";"7";"0";"1";""
"201900028481";"138 252 761";"B01";"1";"33";"0";"2";"2";"1";"1";""
"201900028481";"138 252 762";"A01";"1";"7";"0";"2";"3";"15";"1";""
"201900028482";"138 252 759";"B01";"2";"32";"0";"2";"1";"0";"1";""
"201900028482";"138 252 760";"A01";"1";"7";"0";"2";"3";"9";"1";""
"201900028483";"138 252 757";"Z01";"0";"7";"0";"2";"8";"11";"0";""
"201900028483";"138 252 758";"B01";"0";"32";"0";"2";"7";"1";"1";""
"201900028484";"138 252 756";"A01";"2";"31";"0";"0";"7";"1";"1";""
"201900028485";"138 252 754";"B01";"3";"7";"0";"2";"1";"1";"1";""
"201900028485";"138 252 755";"A01";"3";"7";"0";"2";"2";"15";"1";""
"201900028486";"138 252 752";"B01";"1";"7";"0";"2";"4";"23";"1";""
"201900028486";"138 252 753";"A01";"1";"3";"0";"2";"1";"2";"1";""
"201900028487";"138 252 751";"A01";"3";"10";"0";"1";"2";"1";"1";""
"201900028488";"138 252 750";"A01";"2";"7";"0";"1";"1";"16";"1";""
"201900028489";"138 252 749";"B01";"2";"7";"0";"2";"4";"26";"1";""
"201900028490";"138 252 747";"B01";"3";"7";"0";"2";"1";"1";"1";""
"201900028490";"138 252 748";"A01";"3";"7";"0";"2";"5";"19";"1";""
"201900028491";"138 252 745";"A01";"1";"33";"0";"2";"8";"21";"1";""
"201900028491";"138 252 746";"Z01";"2";"10";"0";"2";"3";"5";"0";""
"201900028492";"138 252 743";"B01";"2";"1";"0";"2";"1";"1";"5";""
"201900028492";"138 252 744";"A01";"1";"7";"0";"2";"3";"9";"2";""
"201900028493";"138 252 742";"A01";"1";"7";"4";"0";"1";"26";"1";""
"201900028494";"138 252 740";"B01";"1";"7";"0";"2";"5";"1";"1";""
"201900028494";"138 252 741";"A01";"1";"7";"0";"2";"1";"19";"1";""
"201900028495";"138 252 738";"A01";"1";"30";"0";"2";"7";"17";"1";""
"201900028495";"138 252 739";"B01";"1";"7";"0";"2";"8";"15";"1";""
"201900028496";"138 252 736";"B01";"2";"2";"0";"2";"7";"1";"1";""
"201900028496";"138 252 737";"A01";"1";"7";"0";"2";"3";"9";"1";""
"201900028497";"138 252 733";"B01";"1";"7";"0";"2";"6";"2";"1";""
"201900028497";"138 252 734";"C01";"1";"7";"0";"2";"5";"1";"1";""
"201900028497";"138 252 735";"A01";"1";"7";"0";"2";"2";"17";"1";""
"201900028498";"138 252 731";"A01";"1";"7";"0";"2";"3";"16";"1";""
"201900028498";"138 252 732";"B01";"2";"1";"0";"2";"7";"1";"5";""
"201900028499";"138 252 729";"A01";"3";"7";"0";"2";"2";"2";"1";""
"201900028499";"138 252 730";"B01";"3";"1";"0";"2";"4";"2";"5";""
"201900028500";"138 252 727";"B01";"1";"7";"0";"0";"0";"1";"0";""
"201900028500";"138 252 728";"A01";"1";"32";"0";"0";"8";"1";"1";""
"201900028501";"138 252 726";"A01";"1";"7";"0";"1";"3";"1";"1";""
"201900028502";"138 252 724";"A01";"3";"7";"0";"2";"6";"26";"1";""
"201900028502";"138 252 725";"B01";"1";"32";"0";"2";"2";"1";"1";""
"201900028503";"138 252 722";"B01";"1";"7";"0";"2";"4";"2";"1";""
"201900028503";"138 252 723";"A01";"1";"2";"0";"2";"1";"26";"1";""
"201900028504";"138 252 720";"B01";"1";"7";"0";"2";"2";"1";"1";""
"201900028504";"138 252 721";"A01";"1";"7";"0";"2";"6";"11";"1";""
"201900028505";"138 252 719";"A01";"1";"7";"0";"1";"1";"15";"1";""
"201900028506";"138 252 717";"B01";"0";"1";"0";"2";"1";"1";"5";""
"201900028506";"138 252 718";"A01";"0";"10";"0";"6";"4";"4";"1";""
"201900028507";"138 252 715";"B01";"2";"33";"0";"2";"1";"1";"1";""
"201900028507";"138 252 716";"A01";"1";"37";"0";"2";"5";"15";"6";"1"
"201900028508";"138 252 713";"B01";"0";"7";"0";"2";"0";"0";"1";""
"201900028508";"138 252 714";"A01";"0";"33";"0";"2";"7";"17";"1";""
"201900028509";"138 252 704";"B01";"2";"7";"0";"2";"4";"1";"1";""
"201900028509";"138 252 705";"C01";"2";"7";"0";"2";"4";"1";"1";""
"201900028509";"138 252 706";"A01";"1";"7";"0";"2";"1";"1";"1";""
"201900028510";"138 252 703";"A01";"2";"10";"0";"1";"1";"15";"1";""
"201900028511";"138 252 701";"Z01";"1";"1";"0";"4";"0";"7";"5";""
"201900028511";"138 252 702";"B01";"1";"40";"0";"2";"0";"1";"3";""
"201900028512";"138 252 699";"A01";"1";"7";"1";"0";"3";"20";"1";""
"201900028512";"138 252 700";"B01";"1";"7";"0";"2";"2";"1";"1";""
"201900028513";"138 252 697";"A01";"2";"10";"0";"1";"2";"1";"1";""
"201900028514";"138 252 696";"A01";"1";"7";"0";"1";"1";"1";"1";""
"201900028515";"138 252 694";"B01";"0";"7";"0";"2";"3";"1";"1";""
"201900028515";"138 252 695";"A01";"0";"32";"0";"2";"1";"1";"1";""
"201900028516";"138 252 693";"A01";"1";"7";"7";"0";"1";"16";"1";""
"201900028517";"138 252 692";"A01";"3";"7";"6";"0";"1";"1";"1";""
"201900028518";"138 252 690";"B01";"0";"7";"0";"0";"0";"0";"1";""
"201900028518";"138 252 691";"A01";"0";"2";"0";"2";"1";"17";"1";""
"201900028519";"138 252 689";"A01";"0";"2";"1";"0";"1";"1";"1";""
"201900028520";"138 252 688";"A01";"3";"7";"0";"1";"1";"20";"1";""
"201900028521";"138 252 686";"B01";"2";"7";"0";"2";"3";"1";"0";""
"201900028521";"138 252 687";"A01";"1";"7";"0";"2";"1";"15";"0";""
"201900028522";"138 252 684";"A01";"2";"7";"0";"2";"1";"9";"1";""
"201900028522";"138 252 685";"B01";"2";"1";"0";"2";"2";"1";"5";""
"201900028523";"138 252 681";"A01";"1";"33";"0";"2";"1";"3";"1";""
"201900028523";"138 252 682";"C01";"1";"7";"0";"2";"5";"23";"1";""
"201900028523";"138 252 683";"B01";"1";"7";"0";"2";"6";"23";"1";""
"201900028524";"138 252 680";"A01";"3";"7";"0";"1";"0";"26";"0";""
"201900028525";"138 252 674";"A01";"1";"7";"0";"0";"4";"1";"1";""
"201900028525";"138 252 675";"C01";"1";"7";"0";"2";"4";"2";"0";""
"201900028525";"138 252 676";"E01";"1";"7";"0";"2";"1";"2";"0";""
"201900028525";"138 252 677";"B01";"1";"7";"0";"2";"1";"1";"0";""
"201900028525";"138 252 678";"D01";"1";"7";"0";"2";"4";"2";"0";""
"201900028526";"138 252 672";"A01";"1";"7";"0";"2";"2";"17";"1";""
"201900028526";"138 252 673";"B01";"1";"7";"0";"2";"3";"15";"1";""
"201900028527";"138 252 671";"A01";"1";"7";"6";"2";"2";"26";"1";""
"201900028528";"138 252 669";"A01";"3";"1";"0";"2";"7";"15";"5";""
"201900028528";"138 252 670";"Z01";"3";"7";"0";"2";"1";"1";"1";""
"201900028529";"138 252 667";"B01";"2";"7";"0";"2";"1";"1";"1";""
"201900028529";"138 252 668";"A01";"2";"7";"0";"2";"8";"1";"1";""
"201900028530";"138 252 665";"Z01";"1";"7";"0";"2";"1";"2";"1";""
"201900028530";"138 252 666";"A01";"1";"7";"0";"2";"4";"23";"1";""
"201900028531";"138 252 663";"A01";"1";"7";"0";"2";"1";"26";"1";""
"201900028531";"138 252 664";"B01";"1";"7";"0";"2";"1";"1";"1";""
"201900028532";"138 252 661";"B01";"1";"33";"0";"2";"2";"0";"1";""
"201900028532";"138 252 662";"A01";"1";"10";"0";"2";"1";"9";"1";""
"201900028533";"138 252 659";"B01";"2";"7";"0";"2";"5";"16";"1";""
"201900028533";"138 252 660";"A01";"2";"1";"0";"2";"1";"2";"5";""
"201900028534";"138 252 655";"B01";"2";"33";"0";"2";"3";"1";"1";""
"201900028534";"138 252 656";"A01";"2";"7";"0";"2";"6";"11";"1";""
"201900028535";"138 252 654";"A01";"1";"32";"0";"0";"8";"21";"1";""
"201900028536";"138 252 652";"A01";"1";"60";"0";"2";"1";"2";"5";""
"201900028536";"138 252 653";"B01";"3";"7";"0";"2";"5";"16";"1";""
"201900028537";"138 252 650";"C01";"3";"33";"0";"2";"1";"1";"5";""
"201900028537";"138 252 651";"B01";"3";"33";"0";"2";"1";"1";"1";""
"201900028538";"138 252 648";"A01";"3";"10";"0";"2";"2";"1";"1";""
"201900028538";"138 252 649";"B01";"3";"10";"0";"2";"3";"16";"1";""
"201900028539";"138 252 645";"A01";"2";"10";"0";"2";"1";"1";"1";""
"201900028539";"138 252 646";"B01";"1";"7";"13";"0";"0";"1";"1";""
"201900028539";"138 252 647";"C01";"2";"7";"13";"2";"8";"0";"1";""
"201900028540";"138 252 643";"A01";"3";"7";"0";"2";"1";"1";"1";""
"201900028540";"138 252 644";"B01";"3";"1";"0";"2";"8";"19";"5";""
"201900028541";"138 252 641";"A01";"2";"1";"0";"2";"1";"1";"5";""
"201900028541";"138 252 642";"B01";"2";"10";"0";"2";"7";"15";"1";""
"201900028542";"138 252 638";"C01";"1";"7";"0";"0";"4";"1";"1";""
"201900028542";"138 252 639";"B01";"1";"7";"0";"0";"5";"1";"1";""
"201900028542";"138 252 640";"A01";"1";"7";"2";"2";"3";"1";"1";""
"201900028543";"138 252 637";"A01";"1";"7";"0";"1";"1";"1";"1";""
"201900028544";"138 252 635";"B01";"1";"7";"0";"2";"8";"1";"1";""
"201900028544";"138 252 636";"A01";"1";"14";"0";"2";"2";"12";"1";""
"201900028545";"138 252 634";"A01";"3";"7";"0";"1";"2";"16";"1";""
"201900028546";"138 252 632";"C01";"0";"7";"0";"2";"8";"17";" -1";""
"201900028546";"138 252 633";"B01";"1";"30";"0";"2";"0";"0";"0";""
"201900028547";"138 252 629";"A01";"0";"33";"0";"1";"1";"1";"0";""
"201900028548";"138 252 628";"A01";"3";"10";"0";"1";"4";"4";"1";""
"201900028549";"138 252 626";"A01";"2";"7";"0";"2";"7";"19";"1";""
"201900028549";"138 252 627";"B01";"1";"33";"0";"2";"1";"18";"1";""
"201900028550";"138 252 625";"B01";"2";"7";"0";"1";"1";"1";"1";""
"201900028551";"138 252 623";"A01";"0";"33";"0";"2";"1";"2";"1";""
"201900028551";"138 252 624";"B01";"0";"7";"0";"2";"4";"1";"1";""
"201900028552";"138 252 622";"A01";"1";"7";"0";"1";"2";"1";"1";""
"201900028553";"138 252 621";"A01";"3";"7";"13";"0";"1";"1";"1";""
"201900028554";"138 252 619";"B01";"3";"7";"0";"2";"2";"15";"1";""
"201900028554";"138 252 620";"A01";"3";"7";"0";"2";"1";"9";"1";""
"201900028555";"138 252 618";"A01";"3";"7";"0";"1";"2";"1";"1";""
"201900028556";"138 252 616";"Z01";"2";"7";"0";"2";"1";"0";"0";""
"201900028556";"138 252 617";"B01";"2";"30";"0";"2";"8";"0";"1";""
"201900028557";"138 252 615";"A01";"1";"7";"1";"0";"2";"14";"1";""
"201900028558";"138 252 614";"A01";"3";"7";"0";"1";"2";"1";"2";""
"201900028559";"138 252 613";"A01";"1";"30";"0";"6";"1";"25";"1";""
"201900028560";"138 252 612";"A01";"1";"33";"0";"0";"9";"26";"1";""
"201900028561";"138 252 610";"B01";"1";"1";"0";"2";"8";"1";"0";""
"201900028561";"138 252 611";"A01";"1";"7";"0";"2";"7";"16";"0";""
"201900028562";"138 252 609";"A01";"1";"7";"13";"0";"1";"26";"1";""
"201900028563";"138 252 607";"A01";"1";"30";"0";"0";"0";"26";"1";""
"201900028564";"138 252 605";"B01";"1";"7";"0";"2";"4";"1";"1";""
"201900028564";"138 252 606";"A01";"1";"33";"0";"2";"1";"2";"1";""
"201900028565";"138 252 603";"A01";"3";"7";"0";"2";"7";"15";"0";""
"201900028565";"138 252 604";"B01";"3";"32";"0";"2";"1";"1";"0";""
"201900028566";"138 252 600";"B01";"0";"7";"1";"0";"1";"14";"1";""
"201900028566";"138 252 601";"A01";"0";"37";"0";"2";"6";"23";"1";"1"
"201900028566";"138 252 602";"C01";"0";"7";"0";"2";"2";"2";"0";""
"201900028567";"138 252 598";"Z01";"1";"10";"0";"2";"1";"2";"0";""
"201900028567";"138 252 599";"B01";"1";"7";"0";"2";"4";"23";"1";""
"201900028568";"138 252 597";"A01";"1";"2";"0";"2";"1";"0";"1";""
"201900028569";"138 252 596";"A01";"3";"7";"0";"1";"2";"1";"1";""
"201900028570";"138 252 594";"B01";"3";"7";"0";"2";"5";"1";"1";""
"201900028570";"138 252 595";"A01";"3";"7";"0";"2";"1";"9";"0";""
"201900028571";"138 252 592";"A01";"0";"30";"0";"2";"1";"26";"1";""
"201900028571";"138 252 593";"B01";"0";"33";"0";"2";"8";"26";"1";""
"201900028572";"138 252 590";"B01";"3";"37";"0";"2";"0";"0";"0";"1"
"201900028572";"138 252 591";"A01";"3";"7";"0";"2";"0";"0";"0";""
"201900028573";"138 252 588";"A01";"3";"7";"0";"2";"3";"9";"0";""
"201900028573";"138 252 589";"B01";"3";"32";"0";"2";"7";"1";"0";""
"201900028574";"138 252 586";"B01";"1";"7";"14";"0";"1";"15";"1";""
"201900028574";"138 252 587";"A01";"3";"7";"14";"0";"2";"26";"1";""
"201900028575";"138 252 585";"A01";"2";"7";"11";"0";"1";"19";"1";""
"201900028576";"138 252 583";"A01";"1";"10";"0";"2";"1";"0";"1";""
"201900028576";"138 252 584";"B01";"2";"10";"0";"2";"6";"0";"1";""
"201900028577";"138 252 581";"A01";"3";"7";"0";"2";"2";"12";"1";""
"201900028577";"138 252 582";"B01";"0";"7";"0";"2";"3";"1";"1";""
"201900028578";"138 252 579";"B01";"0";"7";"0";"2";"3";"1";"1";""
"201900028578";"138 252 580";"A01";"0";"7";"0";"2";"1";"9";"1";""
"201900028579";"138 252 578";"B01";"0";"34";"0";"1";"1";"1";" -1";""
"201900028580";"138 252 576";"B01";"2";"34";"0";"2";"1";"1";"0";""
"201900028580";"138 252 577";"A01";"1";"7";"0";"2";"7";"15";"0";""
"201900028581";"138 252 574";"Y01";"2";"60";"0";"2";"1";"25";"5";""
"201900028581";"138 252 575";"A01";"2";"7";"0";"6";"2";"16";"1";""
"201900028582";"138 252 572";"B01";"3";"10";"0";"2";"6";"1";"1";""
"201900028582";"138 252 573";"A01";"3";"7";"0";"2";"3";"19";"1";""
"201900028583";"138 252 570";"A01";"2";"30";"0";"2";"1";"5";"1";""
"201900028583";"138 252 571";"B01";"1";"34";"0";"2";"1";"1";"1";""
"201900028584";"138 252 569";"A01";"1";"7";"0";"1";"2";"15";"1";""
"201900028585";"138 252 568";"A01";"2";"17";"0";"1";"5";"26";"1";""
"201900028586";"138 252 567";"A01";"2";"7";"2";"0";"1";"14";"1";""
"201900028587";"138 252 562";"B01";"3";"1";"0";"2";"1";"1";"5";""
"201900028587";"138 252 563";"A01";"3";"7";"0";"2";"0";"16";"1";""
"201900028588";"138 252 558";"A01";"1";"7";"0";"2";"1";"16";"1";""
"201900028588";"138 252 559";"B01";"2";"32";"0";"2";"1";"1";"1";""
"201900028589";"138 252 557";"A01";"1";"7";"0";"1";"4";"4";"6";""
"201900028590";"138 252 556";"A01";"1";"7";"8";"0";"2";"14";"6";""
"201900028591";"138 252 555";"A01";"3";"7";"8";"0";"6";"16";"1";""
"201900028592";"138 252 553";"A01";"2";"7";"0";"2";"1";"13";"1";""
"201900028592";"138 252 554";"B01";"1";"7";"0";"2";"3";"1";"1";""
"201900028593";"138 252 552";"A01";"3";"7";"15";"0";"7";"26";"1";""
"201900028594";"138 252 550";"B01";"3";"7";"0";"2";"2";"16";"1";""
"201900028594";"138 252 551";"A01";"3";"34";"0";"2";"1";"2";"1";""
"201900028595";"138 252 548";"B01";"1";"10";"0";"2";"3";"1";"1";""
"201900028595";"138 252 549";"A01";"1";"10";"0";"2";"3";"1";"1";""
"201900028596";"138 252 546";"B01";"0";"31";"0";"2";"1";"1";"1";""
"201900028596";"138 252 547";"A01";"0";"7";"0";"2";"3";"15";"1";""
"201900028597";"138 252 544";"A01";"1";"7";"1";"0";"7";"14";"1";""
"201900028597";"138 252 545";"C01";"1";"7";"1";"0";"8";"0";"1";""
"201900028598";"138 252 542";"A01";"1";"7";"15";"2";"2";"15";"1";""
"201900028598";"138 252 543";"B01";"1";"1";"0";"2";"1";"15";"6";""
"201900028599";"138 252 540";"A01";"3";"7";"0";"2";"1";"1";"1";""
"201900028599";"138 252 541";"B01";"2";"33";"0";"2";"1";"1";"1";""
"201900028600";"138 252 538";"A01";"2";"7";"0";"2";"1";"2";"1";""
"201900028600";"138 252 539";"B01";"2";"10";"0";"2";"4";"2";"1";""
"201900028601";"138 252 535";"C01";"2";"10";"0";"2";"2";"1";"1";""
"201900028601";"138 252 536";"B01";"2";"13";"0";"2";"2";"1";"0";""
"201900028601";"138 252 537";"A01";"2";"7";"4";"2";"6";"18";"1";""
"201900028602";"138 252 533";"A01";"2";"32";"0";"2";"1";"12";"1";""
"201900028602";"138 252 534";"B01";"2";"10";"0";"2";"4";"1";"1";""
"201900028603";"138 252 531";"B01";"1";"7";"0";"2";"4";"1";"1";""
"201900028603";"138 252 532";"A01";"1";"7";"0";"2";"1";"2";"6";""
"201900028604";"138 252 529";"A01";"2";"33";"0";"2";"1";"2";"1";""
"201900028604";"138 252 530";"B01";"2";"7";"0";"2";"5";"1";"1";""
"201900028605";"138 252 527";"A01";"1";"33";"0";"2";"7";"12";"1";""
"201900028605";"138 252 528";"B01";"1";"7";"0";"2";"8";"1";"1";""
"201900028606";"138 252 525";"A01";"2";"33";"0";"2";"2";"3";"1";""
"201900028606";"138 252 526";"B01";"2";"10";"0";"2";"6";"11";"1";""
"201900028607";"138 252 523";"A01";"2";"34";"0";"2";"1";"12";"1";""
"201900028607";"138 252 524";"B01";"2";"10";"0";"2";"5";"1";"1";""
"201900028608";"138 252 521";"Z01";"2";"34";"0";"2";"0";"5";"1";""
"201900028608";"138 252 522";"A01";"1";"7";"0";"1";"0";"23";"1";""
"201900028609";"138 252 519";"A01";"1";"7";"0";"2";"3";"15";"1";""
"201900028609";"138 252 520";"B01";"2";"33";"0";"2";"8";"1";"1";""
"201900028610";"138 252 518";"A01";"1";"43";"0";"1";"3";"1";"1";""
"201900028611";"138 252 516";"A01";"2";"7";"0";"2";"1";"15";"1";""
"201900028611";"138 252 517";"B01";"1";"33";"0";"2";"1";"1";"1";""
"201900028612";"138 252 515";"Z01";"1";"32";"0";"1";"0";"1";"0";""
"201900028613";"138 252 514";"A01";"1";"7";"0";"1";"2";"1";"1";""
"201900028614";"138 252 512";"A01";"1";"31";"0";"2";"1";"15";"1";""
"201900028614";"138 252 513";"B01";"1";"7";"0";"2";"1";"1";"1";""
"201900028615";"138 252 510";"A01";"2";"32";"0";"2";"1";"15";"1";""
"201900028615";"138 252 511";"B01";"2";"34";"0";"2";"3";"1";"1";""
"201900028616";"138 252 509";"A01";"1";"32";"0";"1";"1";"1";"1";""
"201900028617";"138 252 507";"B01";"2";"32";"0";"2";"8";"1";"1";""
"201900028617";"138 252 508";"A01";"2";"7";"0";"2";"1";"1";"1";""
"201900028618";"138 252 505";"B01";"2";"10";"0";"2";"2";"15";"1";""
"201900028618";"138 252 506";"A01";"2";"30";"0";"2";"3";"17";"3";""
"201900028619";"138 252 503";"Z01";"2";"7";"0";"2";"3";"15";"0";""
"201900028619";"138 252 504";"A01";"1";"30";"0";"2";"8";"1";"1";""
"201900028620";"138 252 502";"A01";"2";"37";"0";"0";"0";"21";"1";"2"
"201900028621";"138 252 501";"A01";"1";"33";"0";"0";"8";"17";"1";""
"201900028622";"138 252 499";"A01";"3";"7";"0";"2";"2";"1";"1";""
"201900028622";"138 252 500";"B01";"3";"7";"0";"0";"6";"13";"1";""
"201900028623";"138 252 498";"A01";"2";"7";"0";"1";"5";"1";"1";""
"201900028624";"138 252 497";"A01";"2";"33";"0";"0";"1";"14";"1";""
"201900028625";"138 252 495";"B01";"2";"7";"0";"2";"3";"1";"1";""
"201900028625";"138 252 496";"A01";"1";"30";"0";"2";"1";"5";"1";""
"201900028626";"138 252 493";"A01";"2";"31";"0";"2";"1";"17";"1";""
"201900028626";"138 252 494";"B01";"2";"10";"0";"2";"6";"15";"1";""
"201900028627";"138 252 491";"B01";"2";"32";"0";"2";"4";"2";"1";""
"201900028627";"138 252 492";"A01";"2";"34";"0";"2";"8";"2";"1";""
"201900028628";"138 252 490";"A01";"1";"30";"0";"1";"2";"1";"1";""
"201900028629";"138 252 488";"B01";"1";"1";"0";"2";"3";"1";"5";""
"201900028629";"138 252 489";"A01";"1";"7";"0";"2";"5";"16";"1";""
"201900028630";"138 252 486";"A01";"1";"7";"0";"2";"8";"22";"1";""
"201900028630";"138 252 487";"B01";"2";"50";"0";"2";"1";"1";"3";""
"201900028631";"138 252 484";"A01";"1";"31";"0";"2";"1";"1";"1";""
"201900028631";"138 252 485";"B01";"2";"7";"0";"2";"3";"15";"1";""
"201900028632";"138 252 482";"A01";"2";"7";"0";"2";"7";"22";"1";""
"201900028632";"138 252 483";"B01";"2";"34";"0";"2";"3";"1";"3";""
"201900028633";"138 252 480";"A01";"2";"7";"1";"2";"1";"1";"1";""
"201900028633";"138 252 481";"B01";"2";"7";"0";"2";"3";"1";"1";""
"201900028634";"138 252 478";"A01";"2";"7";"0";"2";"7";"5";"1";""
"201900028634";"138 252 479";"B01";"2";"7";"0";"2";"1";"15";"1";""
"201900028635";"138 252 477";"A01";"2";"3";"1";"0";"1";"14";"1";""
"201900028636";"138 252 475";"A01";"1";"7";"0";"2";"1";"9";"1";""
"201900028636";"138 252 476";"B01";"1";"32";"0";"2";"7";"1";"1";""
"201900028637";"138 252 473";"A01";"1";"7";"0";"2";"3";"15";"1";""
"201900028637";"138 252 474";"B01";"2";"1";"0";"2";"8";"1";"5";""
"201900028638";"138 252 471";"B01";"1";"43";"0";"2";"8";"14";"1";""
"201900028638";"138 252 472";"A01";"1";"14";"0";"2";"2";"16";"1";""
"201900028639";"138 252 469";"A01";"1";"7";"0";"2";"2";"14";"1";""
"201900028639";"138 252 470";"B01";"1";"17";"0";"2";"6";"1";"1";""
"201900028640";"138 252 467";"B01";"1";"7";"0";"2";"3";"11";"1";""
"201900028640";"138 252 468";"A01";"1";"33";"0";"2";"2";"3";"1";""
"201900028641";"138 252 465";"B01";"1";"7";"0";"2";"3";"26";"1";""
"201900028641";"138 252 466";"A01";"2";"7";"0";"2";"1";"26";"1";""
"201900028642";"138 252 463";"A01";"1";"10";"0";"2";"3";"9";"1";""
"201900028642";"138 252 464";"B01";"1";"1";"0";"2";"1";"15";"5";""
"201900028643";"138 252 461";"B01";"2";"30";"0";"0";"0";"0";"0";""
"201900028643";"138 252 462";"A01";"1";"7";"14";"2";"3";"26";"6";""
"201900028644";"138 252 459";"B01";"1";"32";"0";"2";"2";"1";"1";""
"201900028644";"138 252 460";"A01";"2";"7";"0";"2";"1";"15";"1";""
"201900028645";"138 252 457";"A01";"3";"32";"0";"2";"0";"26";"0";""
"201900028645";"138 252 458";"B01";"3";"7";"0";"2";"0";"26";"0";""
"201900028646";"138 252 455";"A01";"1";"1";"0";"2";"1";"2";"5";""
"201900028646";"138 252 456";"B01";"1";"7";"0";"2";"4";"23";"1";""
"201900028647";"138 252 453";"A01";"2";"7";"0";"2";"8";"22";"1";""
"201900028647";"138 252 454";"B01";"2";"1";"1";"0";"7";"1";"0";""
"201900028648";"138 252 452";"A01";"1";"10";"8";"2";"3";"26";"0";""
"201900028649";"138 252 450";"A01";"0";"1";"0";"2";"2";"19";"5";""
"201900028649";"138 252 451";"B01";"1";"10";"0";"2";"3";"1";"1";""
"201900028650";"138 252 449";"A01";"1";"7";"0";"1";"2";"1";"1";""
"201900028651";"138 252 447";"A01";"1";"7";"0";"2";"1";"2";"1";""
"201900028651";"138 252 448";"B01";"1";"7";"0";"2";"4";"23";"1";""
"201900028652";"138 252 445";"A01";"2";"31";"0";"2";"7";"1";"0";""
"201900028652";"138 252 446";"B01";"1";"10";"0";"2";"2";"1";"0";""
"201900028653";"138 252 444";"A01";"1";"7";"3";"0";"1";"14";"1";""
"201900028654";"138 252 442";"A01";"1";"7";"0";"2";"1";"1";"1";""
"201900028654";"138 252 443";"B01";"1";"7";"0";"2";"4";"9";"1";""
"201900028655";"138 252 441";"A01";"2";"7";"6";"0";"6";"13";"1";""
"201900028656";"138 252 440";"A01";"2";"7";"0";"1";"4";"20";"1";""
"201900028657";"138 252 438";"A01";"1";"7";"0";"2";"3";"15";"0";""
"201900028657";"138 252 439";"B01";"1";"33";"0";"2";"1";"17";"0";""