"Num_Acc";"id_vehicule";"num_veh";"senc";"catv";"obs";"obsm";"choc";"manv";"motor";"occutc"
"201900029276";"138 251 281";"B01";"0";"7";"0";"2";"2";"26";"1";""
"201900029276";"138 251 282";"A01";"3";"13";"0";"2";"5";"26";"1";""
"201900029277";"138 251 280";"A01";"1";"7";"2";"0";"1";"17";"1";""
"201900029278";"138 251 279";"A01";"2";"7";"1";"0";"7";"14";"1";""
"201900029279";"138 251 278";"A01";"1";"7";"0";"1";"1";"1";"1";""
"201900029280";"138 251 277";"A01";"1";"7";"0";"0";"1";"1";"1";""
"201900029281";"138 251 275";"B01";"2";"7";"0";"2";"1";"1";"1";""
"201900029281";"138 251 276";"A01";"1";"7";"0";"2";"1";"13";"1";""
"201900029282";"138 251 274";"A01";"3";"7";"6";"0";"9";"1";"1";""
"201900029283";"138 251 272";"A01";"2";"7";"0";"2";"7";"1";"1";""
"201900029283";"138 251 273";"B01";"2";"2";"0";"2";"8";"18";"1";""
"201900029284";"138 251 269";"A01";"3";"7";"1";"0";"7";"13";"1";""
"201900029285";"138 251 267";"B01";"1";"7";"0";"2";"8";"21";"1";""
"201900029285";"138 251 268";"A01";"2";"7";"0";"2";"3";"13";"0";""
"201900029286";"138 251 266";"A01";"2";"2";"16";"0";"0";"1";"1";""
"201900029287";"138 251 264";"A01";"3";"2";"0";"2";"1";"0";"1";""
"201900029287";"138 251 265";"B01";"0";"7";"0";"2";"3";"19";"1";""
"201900029288";"138 251 262";"A01";"1";"7";"0";"2";"8";"15";"1";""
"201900029288";"138 251 263";"B01";"1";"10";"0";"2";"1";"1";"1";""
"201900029289";"138 251 260";"A01";"2";"7";"1";"0";"1";"17";"1";""
"201900029290";"138 251 259";"A01";"2";"7";"17";"0";"3";"21";"1";""
"201900029291";"138 251 257";"B01";"2";"7";"0";"2";"3";"21";"1";""
"201900029291";"138 251 258";"A01";"1";"7";"0";"2";"3";"21";"1";""
"201900029292";"138 251 256";"A01";"2";"10";"0";"1";"2";"1";"1";""
"201900029293";"138 251 254";"B01";"2";"7";"0";"2";"1";"1";"1";""
"201900029293";"138 251 255";"A01";"3";"7";"0";"2";"1";"19";"1";""
"201900029294";"138 251 252";"B01";"1";"0";"0";"9";"3";"0";"0";""
"201900029294";"138 251 253";"A01";"1";"2";"0";"2";"1";"0";"0";""
"201900029295";"138 251 250";"B01";"2";"33";"0";"2";"1";"1";"1";""
"201900029295";"138 251 251";"A01";"1";"7";"0";"2";"2";"11";"1";""
"201900029296";"138 251 247";"C01";"2";"7";"3";"2";"4";"23";"1";""
"201900029296";"138 251 248";"B01";"2";"7";"0";"2";"5";"11";"1";""
"201900029296";"138 251 249";"A01";"2";"7";"1";"1";"1";"12";"1";""
"201900029297";"138 251 246";"A01";"1";"7";"4";"0";"9";"1";"1";""
"201900029298";"138 251 244";"A01";"2";"33";"0";"2";"4";"2";"1";""
"201900029298";"138 251 245";"B01";"2";"7";"0";"2";"1";"2";"1";""
"201900029299";"138 251 241";"A01";"2";"7";"0";"0";"3";"13";"6";""
"201900029300";"138 251 239";"A01";"1";"7";"0";"2";"3";"1";"0";""
"201900029300";"138 251 240";"B01";"1";"2";"0";"2";"2";"1";"0";""
"201900029301";"138 251 237";"A01";"1";"7";"0";"0";"8";"17";"1";""
"201900029301";"138 251 238";"B01";"1";"33";"0";"2";"1";"1";"1";""
"201900029302";"138 251 234";"A01";"2";"7";"0";"2";"3";"5";"0";""
"201900029302";"138 251 235";"B01";"1";"7";"0";"2";"3";"1";"0";""
"201900029302";"138 251 236";"C01";"1";"7";"0";"2";"6";"1";"0";""
"201900029303";"138 251 232";"A01";"3";"7";"0";"2";"5";"15";"1";""
"201900029303";"138 251 233";"B01";"3";"34";"0";"2";"1";"1";"1";""
"201900029304";"138 251 231";"A01";"2";"7";"6";"2";"1";"13";"1";""
"201900029305";"138 251 229";"A01";"1";"7";"0";"2";"3";"5";"0";""
"201900029305";"138 251 230";"B01";"2";"7";"0";"2";"3";"1";"0";""
"201900029306";"138 251 227";"B01";"1";"7";"0";"2";"1";"1";"1";""
"201900029306";"138 251 228";"A01";"2";"7";"0";"2";"1";"26";"1";""
"201900029307";"138 251 225";"A01";"1";"7";"4";"2";"9";"18";"1";""
"201900029307";"138 251 226";"B01";"1";"7";"0";"2";"7";"1";"1";""
"201900029308";"138 251 224";"A01";"0";"2";"2";"0";"1";"2";"1";""
"201900029309";"138 251 222";"B01";"3";"1";"0";"2";"1";"17";"5";""
"201900029309";"138 251 223";"A01";"3";"7";"0";"9";"3";"1";"1";""
"201900029310";"138 251 220";"A01";"2";"7";"0";"2";"1";"1";"1";""
"201900029310";"138 251 221";"B01";"1";"21";"0";"2";"3";"1";"1";""
"201900029311";"138 251 219";"A01";"3";"2";"8";"0";"1";"0";"1";""
"201900029312";"138 251 217";"B01";"0";"2";"0";"2";"1";"1";"0";""
"201900029312";"138 251 218";"A01";"0";"7";"0";"2";"5";"4";"0";""
"201900029313";"138 251 213";"A01";"2";"7";"0";"2";"1";"1";"1";""
"201900029313";"138 251 214";"B01";"1";"7";"0";"2";"6";"15";"1";""
"201900029314";"138 251 206";"A01";"1";"7";"0";"2";"4";"1";"1";""
"201900029314";"138 251 207";"B01";"1";"7";"0";"2";"4";"1";"1";""
"201900029314";"138 251 208";"C01";"1";"7";"0";"2";"1";"2";"1";""
"201900029315";"138 251 203";"A01";"2";"7";"0";"2";"1";"1";"1";""
"201900029315";"138 251 204";"B01";"2";"7";"0";"2";"4";"2";"1";""
"201900029315";"138 251 205";"C01";"2";"7";"0";"2";"4";"2";"1";""
"201900029316";"138 251 201";"A01";"2";"16";"0";"2";"2";"1";"1";""
"201900029316";"138 251 202";"B01";"2";"7";"0";"2";"3";"11";"1";""
"201900029317";"138 251 200";"A01";"1";"7";"4";"0";"1";"1";"1";""
"201900029318";"138 251 199";"A01";"2";"7";"3";"0";"1";"1";"1";""
"201900029319";"138 251 196";"A01";"1";"7";"0";"2";"7";"1";"0";""
"201900029319";"138 251 197";"B01";"1";"7";"0";"2";"8";"1";"0";""
"201900029320";"138 251 194";"B01";"2";"7";"0";"2";"4";"1";"1";""
"201900029320";"138 251 195";"A01";"2";"7";"0";"2";"1";"1";"1";""
"201900029321";"138 251 192";"A01";"1";"7";"4";"2";"1";"1";"1";""
"201900029321";"138 251 193";"B01";"1";"7";"0";"2";"8";"1";"1";""
"201900029322";"138 251 187";"A01";"2";"7";"0";"2";"3";"2";"1";""
"201900029322";"138 251 188";"C01";"2";"33";"0";"2";"1";"3";"1";""
"201900029322";"138 251 189";"D01";"2";"7";"0";"2";"8";"2";"1";""
"201900029322";"138 251 190";"E01";"2";"7";"0";"2";"6";"2";"1";""
"201900029322";"138 251 191";"B01";"2";"7";"0";"2";"5";"2";"1";""
"201900029323";"138 251 184";"A01";"1";"10";"0";"2";"1";"1";"1";""
"201900029323";"138 251 185";"B01";"1";"7";"0";"2";"1";"1";"1";""
"201900029323";"138 251 186";"C01";"1";"7";"0";"2";"5";"16";"1";""
"201900029324";"138 251 180";"B01";"1";"7";"0";"2";"1";"2";"1";""
"201900029324";"138 251 181";"A01";"1";"7";"0";"0";"7";"2";"1";""
"201900029325";"138 251 179";"A01";"1";"7";"6";"0";"1";"14";"1";""
"201900029326";"138 251 177";"B01";"1";"7";"0";"2";"4";"2";"1";""
"201900029326";"138 251 178";"A01";"1";"7";"0";"2";"1";"2";"1";""
"201900029327";"138 251 175";"A01";"3";"10";"0";"2";"1";"13";"1";""
"201900029327";"138 251 176";"B01";"3";"10";"0";"2";"1";"1";"1";""
"201900029328";"138 251 173";"B01";"1";"7";"0";"2";"6";"1";"0";""
"201900029328";"138 251 174";"A01";"1";"7";"0";"2";"2";"19";"1";""
"201900029329";"138 251 172";"A01";"2";"50";"0";"0";"0";"26";"3";""
"201900029330";"138 251 170";"B01";"2";"7";"0";"2";"1";"1";"1";""
"201900029330";"138 251 171";"A01";"2";"7";"0";"2";"6";"15";"1";""
"201900029331";"138 251 169";"A01";"2";"7";"4";"0";"3";"13";"1";""
"201900029332";"138 251 166";"C01";"1";"7";"0";"2";"4";"2";"1";""
"201900029332";"138 251 167";"B01";"1";"7";"0";"2";"4";"2";"1";""
"201900029332";"138 251 168";"A01";"1";"7";"0";"2";"1";"2";"1";""
"201900029333";"138 251 164";"A01";"2";"30";"0";"2";"1";"17";"6";""
"201900029333";"138 251 165";"B01";"2";"7";"0";"2";"8";"15";"0";""
"201900029334";"138 251 162";"B01";"1";"33";"0";"2";"8";"11";"0";""
"201900029334";"138 251 163";"A01";"1";"7";"0";"2";"2";"1";"6";""
"201900029335";"138 251 161";"A01";"3";"10";"2";"0";"1";"16";"1";""
"201900029336";"138 251 159";"B01";"3";"7";"0";"2";"1";"2";"1";""
"201900029336";"138 251 160";"C01";"3";"7";"0";"2";"1";"2";"1";""
"201900029337";"138 251 157";"A01";"1";"32";"0";"0";"4";"23";"1";""
"201900029337";"138 251 158";"B01";"1";"7";"0";"2";"2";"1";"1";""
"201900029338";"138 251 155";"TB01";"0";"7";"0";"0";"0";"0";"1";""
"201900029338";"138 251 156";"A01";"1";"7";"1";"1";"2";"21";"1";""
"201900029339";"138 251 151";"A01";"3";"10";"0";"2";"1";"1";"0";""
"201900029339";"138 251 152";"B01";"3";"10";"1";"2";"6";"9";"0";""
"201900029340";"138 251 150";"A01";"3";"33";"0";"0";"1";"17";"1";""
"201900029341";"138 251 149";"A01";"0";"7";"0";"1";"2";"15";"1";""
"201900029342";"138 251 148";"A01";"1";"7";"6";"0";"2";"15";"1";""
"201900029343";"138 251 143";"A01";"1";"7";"1";"0";"4";"20";"1";""
"201900029344";"138 251 141";"B01";"1";"7";"0";"2";"1";"1";"1";""
"201900029344";"138 251 142";"A01";"1";"7";"0";"2";"3";"19";"1";""
"201900029345";"138 251 139";"A01";"3";"3";"0";"2";"3";"9";"1";""
"201900029345";"138 251 140";"B01";"1";"7";"0";"2";"1";"1";"1";""
"201900029346";"138 251 138";"A01";"2";"10";"7";"0";"1";"11";"1";""
"201900029347";"138 251 137";"A01";"3";"7";"0";"1";"1";"1";"1";""
"201900029348";"138 251 134";"A01";"0";"7";"0";"1";"2";"26";"0";""
"201900029349";"138 251 133";"A01";"3";"7";"2";"0";"1";"16";"1";""
"201900029350";"138 251 132";"A01";"3";"37";"0";"1";"2";"1";"6";"1"
"201900029351";"138 251 130";"B01";"1";"33";"0";"2";"4";"1";"1";""
"201900029351";"138 251 131";"A01";"1";"33";"0";"2";"1";"1";"1";""
"201900029352";"138 251 127";"A01";"2";"7";"0";"2";"1";"13";"1";""
"201900029352";"138 251 128";"B01";"1";"7";"0";"2";"1";"1";"1";""
"201900029352";"138 251 129";"C01";"1";"7";"0";"2";"1";"1";"0";""
"201900029353";"138 251 125";"A01";"1";"30";"0";"2";"0";"9";"1";""
"201900029353";"138 251 126";"Z01";"1";"7";"0";"2";"0";"1";"1";""
"201900029354";"138 251 123";"B01";"3";"33";"0";"2";"1";"1";"1";""
"201900029354";"138 251 124";"A01";"1";"7";"0";"2";"8";"1";"1";""
"201900029355";"138 251 119";"A01";"3";"10";"0";"0";"0";"13";"1";""
"201900029355";"138 251 120";"B01";"3";"33";"0";"2";"0";"1";"2";""
"201900029355";"138 251 121";"C01";"3";"7";"0";"2";"6";"23";"1";""
"201900029356";"138 251 117";"A01";"1";"7";"0";"2";"3";"1";"1";""
"201900029356";"138 251 118";"B01";"2";"7";"0";"2";"3";"1";"1";""
"201900029357";"138 251 115";"B01";"2";"2";"0";"0";"4";"1";"1";""
"201900029357";"138 251 116";"A01";"2";"7";"0";"2";"1";"1";"1";""
"201900029358";"138 251 113";"B01";"3";"7";"0";"2";"7";"26";"1";""
"201900029358";"138 251 114";"A01";"0";"7";"0";"2";"1";"1";"1";""
"201900029359";"138 251 112";"A01";"3";"15";"0";"0";"0";"1";"1";""
"201900029360";"138 251 111";"A01";"3";"37";"2";"0";"7";"1";"1";"2"
"201900029361";"138 251 109";"A01";"2";"2";"0";"2";"1";"1";"1";""
"201900029361";"138 251 110";"B01";"1";"7";"0";"2";"6";"15";"0";""
"201900029362";"138 251 108";"A01";"2";"7";"6";"0";"3";"0";"1";""
"201900029363";"138 251 107";"A01";"1";"7";"13";"0";"1";"17";"1";""
"201900029364";"138 251 105";"B01";"2";"10";"0";"2";"3";"15";"1";""
"201900029364";"138 251 106";"A01";"1";"2";"0";"2";"1";"1";"1";""
"201900029365";"138 251 102";"A01";"1";"3";"15";"0";"1";"1";"1";""
"201900029366";"138 251 101";"A01";"2";"7";"8";"0";"3";"1";"1";""
"201900029367";"138 251 100";"A01";"1";"7";"0";"1";"1";"1";"1";""
"201900029368";"138 251 098";"A01";"1";"7";"0";"1";"1";"1";"1";""
"201900029368";"138 251 099";"B01";"1";"7";"0";"2";"1";"1";"1";""
"201900029369";"138 251 097";"A01";"1";"7";"2";"0";"2";"1";"1";""
"201900029370";"138 251 095";"B01";"1";"2";"0";"2";"1";"17";"1";""
"201900029370";"138 251 096";"A01";"2";"7";"0";"2";"1";"1";"1";""
"201900029371";"138 251 094";"A01";"2";"7";"13";"0";"9";"1";"1";""
"201900029372";"138 251 092";"B01";"2";"7";"0";"2";"1";"1";"1";""
"201900029372";"138 251 093";"A01";"1";"7";"0";"2";"2";"5";"1";""
"201900029373";"138 251 090";"B01";"2";"7";"0";"2";"7";"13";"1";""
"201900029373";"138 251 091";"A01";"1";"7";"0";"2";"1";"1";"1";""
"201900029374";"138 251 089";"A01";"2";"33";"13";"0";"1";"1";"1";""
"201900029375";"138 251 086";"A01";"1";"7";"0";"2";"1";"1";"1";""
"201900029375";"138 251 087";"B01";"2";"7";"0";"2";"1";"13";"1";""
"201900029376";"138 251 084";"A01";"1";"7";"0";"9";"5";"17";"1";""
"201900029376";"138 251 085";"B01";"1";"1";"0";"2";"7";"1";"5";""
"201900029377";"138 251 082";"A01";"2";"7";"0";"2";"1";"13";"1";""
"201900029377";"138 251 083";"B01";"3";"7";"0";"2";"1";"1";"1";""
"201900029378";"138 251 080";"A01";"2";"2";"0";"2";"1";"17";"1";""
"201900029378";"138 251 081";"B01";"2";"7";"0";"2";"3";"15";"1";""
"201900029379";"138 251 079";"A01";"3";"7";"0";"0";"3";"2";"1";""
"201900029380";"138 251 076";"A01";"2";"7";"0";"2";"1";"3";"1";""
"201900029380";"138 251 077";"B01";"2";"7";"0";"2";"5";"2";"1";""
"201900029380";"138 251 078";"C01";"2";"7";"3";"2";"4";"2";"1";""
"201900029381";"138 251 074";"B01";"1";"7";"0";"2";"1";"1";"1";""
"201900029381";"138 251 075";"A01";"2";"10";"0";"2";"1";"1";"1";""
"201900029382";"138 251 072";"B01";"1";"7";"2";"0";"2";"24";"1";""
"201900029382";"138 251 073";"A01";"2";"7";"0";"0";"2";"1";"1";""
"201900029383";"138 251 069";"A01";"1";"7";"0";"2";"5";"19";"1";""
"201900029383";"138 251 070";"B01";"2";"7";"0";"2";"1";"1";"1";""
"201900029384";"138 251 067";"B01";"2";"1";"0";"2";"1";"1";"5";""
"201900029384";"138 251 068";"A01";"1";"7";"0";"2";"3";"15";"1";""
"201900029385";"138 251 066";"A01";"1";"7";"2";"0";"8";"1";"1";""
"201900029386";"138 251 065";"A01";"2";"7";"13";"0";"1";"0";"1";""
"201900029387";"138 251 062";"A01";"2";"7";"0";"2";"1";"1";"1";""
"201900029387";"138 251 063";"B01";"2";"7";"0";"0";"4";"15";"1";""
"201900029387";"138 251 064";"C01";"1";"7";"0";"2";"1";"1";"1";""
"201900029388";"138 251 061";"A01";"2";"7";"13";"0";"3";"0";"1";""
"201900029389";"138 251 059";"B01";"1";"7";"0";"2";"3";"1";"1";""
"201900029389";"138 251 060";"A01";"2";"7";"0";"2";"3";"13";"1";""
"201900029390";"138 251 057";"B01";"0";"7";"0";"2";"8";"1";"0";""
"201900029390";"138 251 058";"A01";"0";"10";"0";"2";"3";"13";"0";""
"201900029391";"138 251 046";"J01";"1";"7";"3";"0";"1";"2";"1";""
"201900029391";"138 251 047";"I01";"1";"7";"0";"2";"5";"2";"1";""
"201900029391";"138 251 048";"H01";"1";"7";"3";"2";"1";"2";"1";""
"201900029391";"138 251 049";"G01";"1";"7";"0";"2";"1";"2";"1";""
"201900029391";"138 251 050";"F01";"1";"7";"3";"2";"1";"2";"1";""
"201900029391";"138 251 051";"E01";"1";"7";"3";"2";"1";"2";"1";""
"201900029391";"138 251 052";"D01";"1";"7";"0";"2";"1";"2";"1";""
"201900029391";"138 251 053";"C01";"1";"7";"3";"0";"1";"2";"1";""
"201900029391";"138 251 054";"K01";"1";"7";"3";"0";"2";"2";"1";""
"201900029391";"138 251 055";"B01";"1";"7";"4";"2";"1";"2";"1";""
"201900029391";"138 251 056";"A01";"1";"7";"3";"0";"1";"2";"1";""
"201900029392";"138 251 044";"B01";"1";"15";"0";"2";"7";"19";"1";""
"201900029392";"138 251 045";"A01";"2";"7";"0";"2";"1";"1";"1";""
"201900029393";"138 251 043";"A01";"1";"33";"14";"0";"1";"1";"1";""
"201900029394";"138 251 042";"A01";"0";"7";"0";"1";"1";"1";"0";""
"201900029395";"138 251 040";"A01";"1";"7";"0";"2";"1";"19";"1";""
"201900029395";"138 251 041";"B01";"1";"7";"0";"2";"1";"1";"1";""
"201900029396";"138 251 039";"A01";"1";"7";"2";"0";"1";"1";"1";""
"201900029397";"138 251 038";"A01";"1";"7";"3";"0";"3";"1";"1";""
"201900029398";"138 251 037";"A01";"1";"7";"15";"0";"1";"1";"1";""
"201900029399";"138 251 030";"G01";"2";"7";"3";"0";"2";"2";"1";""
"201900029399";"138 251 031";"F01";"2";"38";"0";"0";"4";"2";"1";"1"
"201900029399";"138 251 032";"E01";"2";"7";"0";"2";"1";"2";"1";""
"201900029399";"138 251 033";"D01";"2";"7";"0";"2";"9";"2";"1";""
"201900029399";"138 251 034";"C01";"2";"7";"0";"2";"1";"2";"1";""
"201900029399";"138 251 035";"B01";"2";"7";"0";"0";"4";"2";"1";""
"201900029399";"138 251 036";"A01";"2";"7";"0";"2";"1";"2";"1";""
"201900029400";"138 251 028";"B01";"2";"7";"0";"2";"8";"1";"1";""
"201900029400";"138 251 029";"A01";"2";"7";"4";"2";"3";"21";"1";""
"201900029401";"138 251 024";"D01";"1";"7";"0";"2";"1";"1";"1";""
"201900029401";"138 251 025";"C01";"2";"7";"0";"2";"7";"1";"1";""
"201900029401";"138 251 026";"B01";"1";"7";"0";"2";"2";"19";"1";""
"201900029401";"138 251 027";"A01";"1";"32";"0";"2";"1";"1";"1";""
"201900029402";"138 251 021";"A01";"3";"7";"0";"0";"9";"1";"1";""
"201900029403";"138 251 019";"B01";"2";"10";"0";"2";"1";"1";"1";""
"201900029403";"138 251 020";"A01";"1";"7";"0";"2";"1";"13";"1";""
"201900029404";"138 251 018";"A01";"3";"7";"0";"1";"3";"15";"1";""
"201900029405";"138 251 016";"B01";"2";"7";"0";"2";"1";"1";"1";""
"201900029405";"138 251 017";"A01";"2";"7";"0";"2";"6";"10";"1";""
"201900029406";"138 251 015";"A01";"3";"7";"2";"0";"1";"1";"1";""
"201900029407";"138 251 013";"A01";"2";"33";"0";"2";"1";"1";"1";""
"201900029407";"138 251 014";"B01";"2";"10";"0";"2";"6";"1";"1";""
"201900029408";"138 251 011";"B01";"2";"33";"0";"2";"1";"1";"1";""
"201900029408";"138 251 012";"A01";"1";"7";"0";"2";"7";"15";"1";""
"201900029409";"138 251 010";"A01";"3";"7";"0";"1";"3";"1";"1";""
"201900029410";"138 251 008";"A01";"3";"2";"13";"0";"2";"21";"1";""
"201900029410";"138 251 009";"B01";"3";"0";"0";"0";"0";"0";"0";""
"201900029411";"138 251 006";"B01";"2";"1";"0";"2";"4";"1";"5";""
"201900029411";"138 251 007";"A01";"1";"7";"0";"2";"2";"14";"0";""
"201900029412";"138 251 005";"A01";"1";"7";"2";"0";"2";"1";"1";""
"201900029413";"138 251 003";"A01";"3";"2";"0";"0";"4";"1";"1";""
"201900029413";"138 251 004";"B01";"3";"7";"0";"0";"1";"0";"1";""
"201900029414";"138 251 002";"A01";"3";"7";"0";"1";"1";"0";"1";""
"201900029415";"138 251 000";"A01";"1";"31";"0";"2";"8";"1";"1";""
"201900029415";"138 251 001";"B01";"2";"7";"0";"2";"1";"1";"1";""
"201900029416";"138 250 998";"A01";"1";"7";"0";"2";"3";"10";"1";""
"201900029416";"138 250 999";"B01";"1";"33";"0";"2";"1";"1";"1";""
"201900029417";"138 250 996";"A01";"1";"33";"0";"2";"1";"2";"1";""
"201900029417";"138 250 997";"B01";"1";"7";"0";"0";"4";"2";"1";""
"201900029418";"138 250 995";"A01";"1";"7";"2";"0";"5";"1";"1";""
"201900029419";"138 250 993";"B01";"1";"2";"0";"2";"1";"1";"1";""
"201900029419";"138 250 994";"A01";"2";"7";"13";"2";"5";"17";"1";""
"201900029420";"138 250 992";"A01";"1";"7";"7";"0";"1";"0";"1";""
"201900029421";"138 250 988";"C01";"2";"7";"0";"2";"1";"2";"1";""
"201900029421";"138 250 989";"B01";"2";"7";"0";"2";"4";"2";"1";""
"201900029421";"138 250 990";"A01";"2";"7";"0";"2";"4";"2";"1";""
"201900029422";"138 250 986";"A01";"1";"7";"0";"2";"8";"11";"1";""
"201900029422";"138 250 987";"B01";"1";"7";"0";"2";"5";"1";"1";""
"201900029423";"138 250 983";"Z01";"2";"0";"0";"2";"1";"2";"0";""
"201900029423";"138 250 984";"B01";"2";"7";"0";"2";"4";"1";"1";""
"201900029423";"138 250 985";"A01";"2";"7";"0";"2";"4";"1";"1";""
"201900029424";"138 250 982";"A01";"2";"7";"5";"0";"1";"14";"1";""
"201900029425";"138 250 981";"A01";"1";"33";"0";"9";"0";"0";"1";""
"201900029426";"138 250 979";"A01";"2";"7";"0";"2";"1";"2";"1";""
"201900029426";"138 250 980";"B01";"2";"15";"0";"2";"4";"2";"1";""
"201900029427";"138 250 978";"A01";"2";"33";"0";"2";"2";"17";"1";""
"201900029428";"138 250 976";"B01";"2";"13";"0";"2";"6";"2";"1";""
"201900029428";"138 250 977";"A01";"2";"7";"0";"2";"1";"13";"1";""
"201900029429";"138 250 974";"B01";"1";"7";"0";"2";"4";"2";"1";""
"201900029429";"138 250 975";"A01";"1";"7";"0";"2";"1";"2";"1";""
"201900029430";"138 250 971";"A01";"2";"7";"0";"2";"1";"1";"1";""
"201900029430";"138 250 972";"B01";"2";"7";"0";"2";"4";"1";"1";""
"201900029430";"138 250 973";"C01";"2";"10";"0";"2";"4";"1";"1";""
"201900029431";"138 250 969";"A01";"1";"7";"0";"2";"1";"2";"1";""
"201900029431";"138 250 970";"B01";"1";"7";"0";"2";"4";"2";"1";""
"201900029432";"138 250 967";"A01";"2";"7";"0";"2";"2";"0";"1";""
"201900029432";"138 250 968";"B01";"2";"15";"0";"2";"7";"1";"1";""
"201900029433";"138 250 965";"B01";"2";"7";"6";"0";"5";"2";"1";""
"201900029433";"138 250 966";"A01";"2";"7";"0";"2";"1";"2";"1";""
"201900029434";"138 250 962";"C01";"1";"7";"0";"2";"4";"23";"1";""
"201900029434";"138 250 963";"B01";"1";"7";"0";"2";"4";"23";"1";""
"201900029434";"138 250 964";"A01";"1";"7";"0";"2";"1";"2";"1";""
"201900029435";"138 250 960";"A01";"1";"10";"0";"2";"7";"12";"1";""
"201900029435";"138 250 961";"B01";"1";"33";"0";"2";"3";"3";"1";""
"201900029436";"138 250 958";"B01";"2";"33";"0";"2";"4";"1";"1";""
"201900029436";"138 250 959";"A01";"2";"7";"0";"2";"2";"12";"1";""
"201900029437";"138 250 954";"A01";"2";"7";"0";"2";"1";"2";"1";""
"201900029437";"138 250 955";"B01";"2";"7";"0";"2";"4";"2";"1";""
"201900029437";"138 250 956";"C01";"2";"7";"0";"2";"4";"0";"1";""
"201900029437";"138 250 957";"D01";"2";"7";"0";"2";"4";"2";"1";""
"201900029438";"138 250 951";"C01";"2";"7";"0";"2";"4";"2";"1";""
"201900029438";"138 250 952";"B01";"2";"7";"0";"2";"4";"2";"1";""
"201900029438";"138 250 953";"A01";"2";"7";"0";"2";"1";"2";"1";""
"201900029439";"138 250 949";"A01";"2";"7";"0";"2";"5";"21";"1";""
"201900029439";"138 250 950";"B01";"2";"31";"0";"2";"3";"1";"1";""
"201900029440";"138 250 947";"A01";"2";"7";"0";"2";"8";"13";"1";""
"201900029440";"138 250 948";"B01";"2";"33";"0";"2";"7";"3";"1";""
"201900029441";"138 250 945";"B01";"1";"7";"0";"2";"4";"12";"1";""
"201900029441";"138 250 946";"A01";"1";"7";"0";"2";"1";"11";"1";""
"201900029442";"138 250 942";"A01";"1";"7";"0";"2";"1";"2";"1";""
"201900029442";"138 250 943";"B01";"1";"10";"0";"2";"4";"2";"1";""
"201900029442";"138 250 944";"C01";"1";"7";"0";"2";"4";"2";"1";""
"201900029443";"138 250 940";"B01";"1";"7";"0";"2";"8";"1";"2";""
"201900029443";"138 250 941";"A01";"1";"7";"4";"2";"1";"26";"1";""
"201900029444";"138 250 938";"A01";"1";"7";"4";"2";"5";"1";"1";""
"201900029444";"138 250 939";"Z01";"1";"0";"0";"2";"0";"11";"0";""
"201900029445";"138 250 935";"A01";"2";"33";"0";"2";"5";"1";"1";""
"201900029445";"138 250 936";"B01";"2";"7";"0";"2";"3";"11";"1";""
"201900029445";"138 250 937";"C01";"2";"10";"0";"2";"5";"1";"1";""
"201900029446";"138 250 932";"A01";"1";"7";"0";"2";"4";"2";"1";""
"201900029446";"138 250 933";"B01";"1";"17";"0";"2";"3";"2";"1";""
"201900029446";"138 250 934";"C01";"1";"17";"0";"2";"2";"17";"1";""
"201900029447";"138 250 930";"A01";"2";"7";"0";"2";"1";"1";"2";""
"201900029447";"138 250 931";"B01";"2";"7";"12";"2";"8";"14";"1";""
"201900029448";"138 250 928";"B01";"1";"17";"0";"2";"1";"0";"1";""
"201900029448";"138 250 929";"A01";"1";"7";"3";"2";"8";"26";"1";""
"201900029449";"138 250 926";"B01";"2";"33";"0";"2";"3";"2";"1";""
"201900029449";"138 250 927";"A01";"2";"33";"0";"2";"7";"2";"1";""
"201900029450";"138 250 924";"A01";"2";"7";"0";"2";"3";"11";"1";""
"201900029450";"138 250 925";"B01";"2";"33";"0";"2";"7";"3";"1";""
"201900029451";"138 250 923";"A01";"2";"33";"0";"0";"9";"21";"1";""
"201900029452";"138 250 921";"B01";"2";"33";"0";"2";"8";"1";"1";""
"201900029452";"138 250 922";"A01";"2";"7";"0";"2";"7";"14";"1";""
"201900029453";"138 250 919";"A01";"1";"7";"0";"2";"2";"1";"1";""
"201900029453";"138 250 920";"B01";"1";"7";"0";"2";"6";"2";"1";""
"201900029454";"138 250 916";"A01";"2";"15";"0";"2";"4";"1";"1";""
"201900029454";"138 250 917";"B01";"2";"15";"0";"2";"1";"1";"1";""
"201900029454";"138 250 918";"C01";"2";"15";"0";"2";"1";"1";"1";""
"201900029455";"138 250 914";"A01";"2";"10";"0";"2";"1";"2";"1";""
"201900029455";"138 250 915";"B01";"2";"7";"0";"0";"4";"2";"1";""
"201900029456";"138 250 912";"B01";"2";"7";"0";"2";"1";"2";"1";""
"201900029456";"138 250 913";"A01";"2";"7";"0";"2";"4";"2";"1";""
"201900029457";"138 250 897";"A01";"1";"31";"0";"2";"8";"1";"1";""
"201900029457";"138 250 898";"B01";"1";"7";"0";"2";"2";"16";"0";""
"201900029458";"138 250 895";"B01";"3";"33";"0";"2";"7";"0";"0";""
"201900029458";"138 250 896";"A01";"3";"7";"0";"2";"8";"13";"0";""
"201900029459";"138 250 894";"A01";"2";"7";"4";"0";"1";"1";"1";""
"201900029460";"138 250 892";"A01";"3";"7";"0";"2";"3";"13";"1";""
"201900029460";"138 250 893";"B01";"3";"7";"0";"2";"5";"2";"1";""