"Num_Acc";"id_vehicule";"num_veh";"senc";"catv";"obs";"obsm";"choc";"manv";"motor";"occutc"
"201900029461";"138 250 890";"B01";"3";"30";"3";"2";"1";"3";"1";""
"201900029461";"138 250 891";"A01";"3";"7";"3";"2";"5";"14";"1";""
"201900029462";"138 250 888";"B01";"1";"10";"0";"2";"3";"15";"1";""
"201900029462";"138 250 889";"A01";"1";"2";"0";"2";"1";"1";"0";""
"201900029463";"138 250 885";"A01";"1";"7";"0";"2";"1";"1";"1";""
"201900029463";"138 250 886";"B01";"1";"7";"0";"2";"4";"1";"1";""
"201900029463";"138 250 887";"C01";"1";"7";"0";"2";"6";"1";"1";""
"201900029464";"138 250 883";"A01";"1";"10";"0";"2";"1";"9";"0";""
"201900029464";"138 250 884";"B01";"3";"10";"0";"2";"2";"9";"6";""
"201900029465";"138 250 882";"A01";"3";"7";"0";"1";"8";"15";"1";""
"201900029466";"138 250 880";"A01";"2";"50";"0";"2";"7";"1";"3";""
"201900029466";"138 250 881";"B01";"1";"7";"0";"2";"1";"1";"1";""
"201900029467";"138 250 878";"B01";"3";"7";"0";"2";"1";"24";"1";""
"201900029467";"138 250 879";"A01";"2";"1";"1";"0";"1";"5";"0";""
"201900029468";"138 250 877";"A01";"1";"7";"0";"1";"4";"26";"1";""
"201900029469";"138 250 875";"A01";"3";"7";"0";"2";"4";"0";"2";""
"201900029469";"138 250 876";"B01";"3";"7";"0";"2";"1";"0";"1";""
"201900029470";"138 250 873";"B01";"1";"1";"0";"2";"8";"9";"0";""
"201900029470";"138 250 874";"A01";"1";"7";"0";"1";"1";"9";"6";""
"201900029471";"138 250 872";"A01";"3";"31";"15";"0";"0";"15";"1";""
"201900029472";"138 250 870";"A01";"1";"7";"0";"2";"5";"9";"1";""
"201900029472";"138 250 871";"B01";"1";"7";"0";"2";"1";"1";"1";""
"201900029473";"138 250 868";"B01";"1";"7";"0";"2";"3";"1";"1";""
"201900029473";"138 250 869";"A01";"2";"7";"0";"2";"3";"16";"1";""
"201900029474";"138 250 866";"B01";"1";"7";"0";"2";"2";"16";"1";""
"201900029474";"138 250 867";"A01";"1";"2";"0";"2";"8";"18";"1";""
"201900029475";"138 250 861";"A01";"1";"7";"0";"1";"8";"1";"1";""
"201900029476";"138 250 857";"A01";"3";"3";"0";"2";"1";"15";"0";""
"201900029476";"138 250 858";"B01";"3";"33";"0";"2";"5";"1";"0";""
"201900029477";"138 250 856";"A01";"0";"7";"0";"1";"0";"1";"0";""
"201900029478";"138 250 854";"A01";"1";"7";"0";"2";"3";"10";"1";""
"201900029478";"138 250 855";"B01";"1";"7";"0";"2";"2";"1";"1";""
"201900029479";"138 250 850";"B01";"2";"7";"0";"2";"1";"1";"1";""
"201900029479";"138 250 851";"A01";"2";"7";"0";"2";"6";"15";"1";""
"201900029480";"138 250 848";"B01";"3";"33";"0";"2";"5";"1";"1";""
"201900029480";"138 250 849";"A01";"3";"7";"0";"2";"3";"9";"1";""
"201900029481";"138 250 844";"Z01";"2";"7";"0";"2";"0";"0";"1";""
"201900029481";"138 250 845";"A01";"1";"1";"0";"2";"0";"1";"5";""
"201900029482";"138 250 842";"A01";"1";"7";"0";"9";"2";"1";"6";""
"201900029482";"138 250 843";"C01";"1";"50";"0";"2";"0";"26";"3";""
"201900029483";"138 250 838";"A01";"1";"7";"0";"2";"8";"0";"1";""
"201900029483";"138 250 839";"B01";"1";"7";"0";"2";"1";"0";"1";""
"201900029484";"138 250 836";"A01";"1";"7";"0";"2";"2";"9";"1";""
"201900029484";"138 250 837";"B01";"1";"2";"0";"2";"7";"1";"1";""
"201900029485";"138 250 834";"B01";"0";"7";"3";"2";"1";"1";"0";""
"201900029485";"138 250 835";"A01";"0";"7";"0";"2";"1";"13";"0";""
"201900029486";"138 250 832";"A01";"3";"7";"0";"2";"1";"2";"0";""
"201900029486";"138 250 833";"B01";"3";"7";"0";"2";"4";"23";"0";""
"201900029487";"138 250 831";"A01";"1";"7";"0";"1";"1";"1";"1";""
"201900029488";"138 250 829";"A01";"3";"30";"0";"2";"5";"1";"0";""
"201900029488";"138 250 830";"B01";"3";"7";"0";"2";"1";"1";"0";""
"201900029489";"138 250 827";"B01";"2";"7";"0";"2";"5";"15";"1";""
"201900029489";"138 250 828";"A01";"1";"7";"0";"2";"2";"1";"1";""
"201900029490";"138 250 825";"B01";"3";"7";"0";"2";"3";"16";"1";""
"201900029490";"138 250 826";"A01";"3";"33";"0";"2";"7";"15";"1";""
"201900029491";"138 250 823";"B01";"1";"1";"0";"2";"1";"1";"5";""
"201900029491";"138 250 824";"A01";"1";"7";"0";"2";"3";"15";"1";""
"201900029492";"138 250 821";"B01";"3";"1";"0";"2";"8";"1";"5";""
"201900029492";"138 250 822";"A01";"3";"7";"0";"1";"1";"15";"1";""
"201900029493";"138 250 819";"B01";"3";"7";"0";"2";"8";"1";"1";""
"201900029493";"138 250 820";"A01";"3";"7";"0";"2";"1";"1";"1";""
"201900029494";"138 250 816";"C01";"2";"7";"0";"2";"1";"0";"1";""
"201900029494";"138 250 817";"B01";"2";"7";"9";"2";"6";"21";"1";""
"201900029494";"138 250 818";"A01";"1";"7";"0";"2";"1";"13";"1";""
"201900029495";"138 250 813";"A01";"1";"7";"0";"2";"1";"2";"1";""
"201900029495";"138 250 814";"B01";"1";"7";"0";"2";"4";"2";"1";""
"201900029495";"138 250 815";"C01";"1";"7";"0";"2";"4";"0";"1";""
"201900029496";"138 250 811";"B01";"2";"7";"0";"2";"8";"1";"1";""
"201900029496";"138 250 812";"A01";"1";"2";"0";"2";"1";"1";"1";""
"201900029497";"138 250 808";"A01";"1";"7";"3";"2";"3";"13";"1";""
"201900029497";"138 250 809";"B01";"2";"2";"0";"2";"3";"1";"0";""
"201900029498";"138 250 806";"A01";"1";"10";"0";"2";"2";"2";"1";""
"201900029498";"138 250 807";"B01";"1";"1";"0";"2";"4";"2";"5";""
"201900029499";"138 250 804";"A01";"1";"10";"0";"2";"0";"9";"1";""
"201900029499";"138 250 805";"B01";"1";"2";"0";"2";"0";"1";"1";""
"201900029500";"138 250 801";"C01";"1";"7";"0";"2";"3";"0";"1";""
"201900029500";"138 250 802";"B01";"1";"7";"0";"2";"1";"1";"1";""
"201900029500";"138 250 803";"A01";"1";"7";"0";"2";"2";"15";"1";""
"201900029501";"138 250 799";"A01";"3";"7";"0";"2";"1";"2";"1";""
"201900029501";"138 250 800";"B01";"3";"7";"0";"2";"4";"2";"6";""
"201900029502";"138 250 796";"C01";"3";"7";"0";"2";"4";"1";"1";""
"201900029502";"138 250 797";"B01";"3";"7";"0";"2";"9";"1";"1";""
"201900029502";"138 250 798";"A01";"3";"7";"0";"2";"1";"9";"1";""
"201900029503";"138 250 795";"A01";"1";"30";"0";"0";"3";"1";"0";""
"201900029504";"138 250 793";"A01";"1";"7";"0";"2";"1";"1";"1";""
"201900029504";"138 250 794";"B01";"1";"7";"0";"2";"1";"1";"1";""
"201900029505";"138 250 791";"A01";"3";"7";"0";"2";"1";"2";"1";""
"201900029505";"138 250 792";"B01";"3";"7";"0";"2";"4";"15";"1";""
"201900029506";"138 250 787";"B01";"2";"10";"0";"2";"3";"1";"1";""
"201900029506";"138 250 788";"A01";"1";"7";"0";"2";"3";"9";"1";""
"201900029507";"138 250 785";"A01";"1";"7";"0";"2";"7";"1";"1";""
"201900029507";"138 250 786";"B01";"2";"31";"0";"2";"1";"1";"1";""
"201900029508";"138 250 783";"A01";"1";"32";"0";"2";"8";"2";"1";""
"201900029508";"138 250 784";"B01";"1";"7";"0";"2";"4";"2";"1";""
"201900029509";"138 250 781";"A01";"1";"32";"0";"2";"1";"3";"1";""
"201900029509";"138 250 782";"B01";"1";"7";"0";"2";"8";"11";"1";""
"201900029510";"138 250 778";"B01";"2";"7";"0";"2";"6";"1";"1";""
"201900029510";"138 250 779";"A01";"2";"33";"0";"2";"1";"3";"1";""
"201900029510";"138 250 780";"Z01";"2";"7";"0";"2";"4";"11";"1";""
"201900029511";"138 250 777";"A01";"2";"7";"0";"1";"2";"1";"1";""
"201900029512";"138 250 775";"B01";"1";"10";"0";"2";"4";"23";"1";""
"201900029512";"138 250 776";"A01";"1";"7";"0";"2";"1";"2";"1";""
"201900029513";"138 250 774";"A01";"1";"20";"0";"1";"2";"16";"0";""
"201900029514";"138 250 773";"A01";"2";"33";"1";"0";"1";"14";"1";""
"201900029515";"138 250 772";"A01";"2";"31";"0";"1";"1";"17";"1";""
"201900029516";"138 250 770";"B01";"2";"2";"0";"2";"8";"16";"1";""
"201900029516";"138 250 771";"A01";"2";"14";"0";"2";"7";"16";"1";""
"201900029517";"138 250 768";"A01";"1";"30";"0";"2";"2";"17";"1";""
"201900029517";"138 250 769";"B01";"1";"7";"0";"2";"8";"15";"1";""
"201900029518";"138 250 767";"A01";"2";"33";"0";"1";"1";"1";"1";""
"201900029519";"138 250 765";"A01";"1";"10";"0";"2";"7";"22";"1";""
"201900029519";"138 250 766";"B01";"1";"80";"0";"2";"1";"1";"2";""
"201900029520";"138 250 763";"B01";"2";"1";"0";"2";"2";"1";"5";""
"201900029520";"138 250 764";"A01";"2";"7";"0";"2";"3";"15";"1";""
"201900029521";"138 250 761";"B01";"2";"1";"0";"2";"1";"19";"5";""
"201900029521";"138 250 762";"A01";"2";"7";"0";"2";"1";"16";"1";""
"201900029522";"138 250 759";"A01";"1";"7";"0";"2";"3";"13";"1";""
"201900029522";"138 250 760";"B01";"1";"2";"0";"2";"2";"5";"1";""
"201900029523";"138 250 757";"A01";"1";"33";"0";"2";"7";"1";"1";""
"201900029523";"138 250 758";"B01";"1";"7";"0";"2";"1";"1";"1";""
"201900029524";"138 250 755";"B01";"2";"2";"0";"2";"3";"1";"1";""
"201900029524";"138 250 756";"A01";"1";"7";"0";"2";"2";"1";"1";""
"201900029525";"138 250 754";"A01";"2";"10";"0";"1";"3";"1";"1";""
"201900029526";"138 250 752";"A01";"2";"7";"0";"2";"1";"2";"1";""
"201900029526";"138 250 753";"B01";"2";"7";"0";"2";"4";"2";"1";""
"201900029527";"138 250 751";"A01";"1";"1";"0";"0";"0";"1";"5";""
"201900029528";"138 250 750";"A01";"1";"30";"12";"0";"3";"13";"3";""
"201900029529";"138 250 749";"A01";"2";"1";"0";"0";"7";"16";"5";""
"201900029530";"138 250 747";"[01";"2";"13";"0";"2";"0";"2";"0";""
"201900029530";"138 250 748";"A01";"2";"10";"0";"2";"1";"2";"1";""
"201900029531";"138 250 746";"Z01";"2";"30";"0";"1";"1";"1";"1";""
"201900029532";"138 250 745";"A01";"1";"7";"0";"1";"1";"15";"2";""
"201900029533";"138 250 743";"B01";"1";"7";"0";"2";"8";"9";"1";""
"201900029533";"138 250 744";"A01";"1";"7";"0";"2";"1";"19";"1";""
"201900029534";"138 250 741";"B01";"3";"34";"0";"2";"7";"16";"1";""
"201900029534";"138 250 742";"A01";"3";"7";"0";"2";"3";"9";"1";""
"201900029535";"138 250 739";"B01";"3";"1";"0";"0";"4";"1";"6";""
"201900029535";"138 250 740";"A01";"3";"10";"0";"2";"1";"9";"1";""
"201900029536";"138 250 738";"A01";"0";"30";"0";"0";"8";"21";"1";""
"201900029537";"138 250 737";"A01";"0";"37";"0";"1";"3";"16";"6";"1"
"201900029538";"138 250 735";"A01";"0";"1";"0";"2";"1";"1";"5";""
"201900029538";"138 250 736";"Z01";"0";"7";"0";"0";"0";"0";"0";""
"201900029539";"138 250 733";"B01";"0";"7";"0";"2";"1";"9";"1";""
"201900029539";"138 250 734";"A01";"0";"33";"0";"2";"2";"1";"1";""
"201900029540";"138 250 732";"A01";"0";"7";"4";"0";"9";"1";"1";""
"201900029541";"138 250 730";"A01";"1";"7";"0";"2";"2";"1";"1";""
"201900029541";"138 250 731";"B01";"1";"1";"0";"2";"0";"19";"5";""
"201900029542";"138 250 729";"A01";"1";"33";"14";"0";"1";"16";"1";""
"201900029543";"138 250 727";"A01";"1";"33";"0";"2";"1";"1";"1";""
"201900029543";"138 250 728";"B01";"1";"7";"0";"2";"4";"1";"1";""
"201900029544";"138 250 725";"A01";"1";"30";"0";"2";"8";"17";"1";""
"201900029544";"138 250 726";"B01";"1";"10";"0";"2";"2";"12";"1";""
"201900029545";"138 250 722";"A01";"3";"7";"0";"1";"2";"1";"1";""
"201900029546";"138 250 721";"A01";"3";"30";"0";"0";"0";"15";"1";""
"201900029547";"138 250 719";"A01";"1";"7";"0";"2";"1";"2";"1";""
"201900029547";"138 250 720";"B01";"1";"7";"0";"2";"4";"2";"1";""
"201900029548";"138 250 717";"B01";"3";"7";"0";"2";"4";"24";"1";""
"201900029548";"138 250 718";"A01";"2";"10";"1";"1";"1";"13";"1";""
"201900029549";"138 250 713";"A01";"1";"7";"0";"2";"1";"15";"1";""
"201900029549";"138 250 714";"B01";"1";"2";"1";"2";"7";"1";"1";""
"201900029550";"138 250 711";"H01";"0";"7";"0";"2";"1";"23";" -1";""
"201900029550";"138 250 712";"B01";"0";"7";"0";"2";"1";"1";"0";""
"201900029551";"138 250 710";"A01";"2";"7";"0";"1";"1";"2";"0";""
"201900029552";"138 250 708";"B01";"0";"33";"0";"2";"0";"0";"0";""
"201900029552";"138 250 709";"A01";"0";"7";"0";"2";"0";"0";"0";""
"201900029553";"138 250 707";"A01";"1";"7";"8";"0";"3";"13";"1";""
"201900029554";"138 250 706";"A01";"3";"7";"13";"0";"8";"13";"1";""
"201900029555";"138 250 705";"A01";"3";"7";"0";"1";"1";"1";"0";""
"201900029556";"138 250 703";"B01";"2";"2";"0";"2";"0";"3";"1";""
"201900029556";"138 250 704";"A01";"2";"7";"0";"0";"0";"10";"1";""
"201900029557";"138 250 701";"B01";"0";"33";"0";"2";"2";"1";"1";""
"201900029557";"138 250 702";"A01";"0";"7";"0";"2";"3";"15";"1";""
"201900029558";"138 250 698";"A01";"2";"7";"0";"2";"1";"2";"1";""
"201900029558";"138 250 699";"B01";"2";"7";"0";"2";"4";"2";"1";""
"201900029558";"138 250 700";"C01";"2";"10";"0";"2";"4";"2";"1";""
"201900029559";"138 250 696";"A01";"1";"33";"0";"2";"1";"14";"1";""
"201900029559";"138 250 697";"B01";"2";"1";"0";"2";"1";"8";"5";""
"201900029560";"138 250 694";"A01";"1";"7";"0";"2";"3";"16";"1";""
"201900029560";"138 250 695";"B01";"1";"32";"0";"2";"2";"17";"1";""
"201900029561";"138 250 692";"A01";"2";"30";"0";"2";"4";"2";"1";""
"201900029561";"138 250 693";"B01";"2";"33";"0";"2";"3";"2";"1";""
"201900029562";"138 250 689";"Z01";"1";"7";"0";"2";"0";"20";"0";""
"201900029562";"138 250 690";"B01";"1";"7";"0";"2";"6";"23";"1";""
"201900029562";"138 250 691";"A01";"1";"7";"0";"2";"9";"2";"1";""
"201900029563";"138 250 688";"A01";"1";"33";"0";"1";"1";"1";"1";""
"201900029564";"138 250 686";"A01";"2";"7";"0";"2";"1";"16";"1";""
"201900029564";"138 250 687";"B01";"3";"60";"0";"2";"8";"19";"5";""
"201900029565";"138 250 684";"B01";"1";"10";"0";"2";"2";"1";"1";""
"201900029565";"138 250 685";"A01";"1";"32";"0";"2";"8";"15";"1";""
"201900029566";"138 250 683";"A01";"2";"32";"0";"0";"1";"21";"1";""
"201900029567";"138 250 681";"B01";"1";"1";"0";"2";"8";"1";"5";""
"201900029567";"138 250 682";"A01";"2";"7";"0";"2";"1";"15";"1";""
"201900029568";"138 250 680";"A01";"2";"10";"0";"1";"4";"4";"1";""
"201900029569";"138 250 678";"A01";"3";"43";"0";"2";"1";"1";"1";""
"201900029569";"138 250 679";"Z01";"3";"7";"0";"2";"8";"10";"0";""
"201900029570";"138 250 676";"A01";"1";"32";"0";"2";"1";"17";"1";""
"201900029570";"138 250 677";"B01";"1";"7";"0";"2";"3";"15";"1";""
"201900029571";"138 250 674";"A01";"3";"7";"0";"2";"7";"1";"1";""
"201900029571";"138 250 675";"B01";"3";"30";"0";"2";"1";"1";"1";""
"201900029572";"138 250 672";"A01";"1";"32";"0";"2";"1";"1";"1";""
"201900029572";"138 250 673";"B01";"2";"7";"0";"2";"4";"15";"1";""
"201900029573";"138 250 670";"A01";"2";"7";"0";"2";"3";"13";"1";""
"201900029573";"138 250 671";"B01";"2";"32";"0";"2";"7";"17";"1";""
"201900029574";"138 250 668";"Z01";"3";"10";"0";"2";"1";"2";"1";""
"201900029574";"138 250 669";"A01";"3";"1";"0";"2";"4";"2";"5";""
"201900029575";"138 250 667";"A01";"1";"7";"0";"1";"1";"1";"1";""
"201900029576";"138 250 665";"B01";"2";"33";"1";"2";"1";"1";"1";""
"201900029576";"138 250 666";"A01";"1";"10";"0";"2";"2";"1";"3";""
"201900029577";"138 250 664";"A01";"1";"7";"0";"1";"0";"4";"2";""
"201900029578";"138 250 663";"Z01";"1";"30";"0";"1";"8";"16";"0";""
"201900029579";"138 250 661";"A01";"1";"38";"0";"2";"5";"12";"1";"1"
"201900029579";"138 250 662";"B01";"1";"32";"0";"2";"3";"1";"1";""
"201900029580";"138 250 660";"A01";"1";"1";"0";"1";"8";"1";"5";""
"201900029581";"138 250 658";"A01";"1";"7";"0";"2";"1";"1";"1";""
"201900029581";"138 250 659";"B01";"1";"7";"0";"2";"3";"1";"1";""
"201900029582";"138 250 657";"A01";"1";"10";"0";"1";"1";"1";"1";""
"201900029583";"138 250 655";"A01";"1";"10";"0";"2";"3";"9";"1";""
"201900029583";"138 250 656";"B01";"1";"1";"0";"2";"2";"25";"5";""
"201900029584";"138 250 654";"A01";"2";"10";"0";"1";"3";"15";"1";""
"201900029585";"138 250 653";"A01";"3";"7";"0";"1";"1";"15";"0";""
"201900029586";"138 250 651";"A01";"1";"7";"0";"0";"5";"10";"1";""
"201900029586";"138 250 652";"B01";"2";"33";"0";"2";"1";"1";"1";""
"201900029587";"138 250 650";"L01";"0";"7";"0";"1";"1";"1";"1";""
"201900029588";"138 250 647";"A01";"2";"7";"0";"2";"1";"2";"1";""
"201900029588";"138 250 648";"B01";"2";"7";"0";"2";"4";"2";"1";""
"201900029588";"138 250 649";"C01";"2";"7";"0";"2";"4";"1";"1";""
"201900029589";"138 250 645";"A01";"1";"7";"0";"2";"4";"23";"0";""
"201900029589";"138 250 646";"B01";"2";"7";"0";"2";"1";"0";"0";""
"201900029590";"138 250 643";"B01";"1";"30";"0";"2";"1";"2";"0";""
"201900029590";"138 250 644";"A01";"1";"10";"0";"2";"2";"20";"0";""
"201900029591";"138 250 641";"A01";"2";"7";"12";"1";"2";"1";"1";""
"201900029592";"138 250 639";"A01";"2";"0";"0";"2";"0";"0";"0";""
"201900029592";"138 250 640";"B01";"1";"7";"0";"2";"3";"15";"1";""
"201900029593";"138 250 638";"A01";"1";"33";"14";"0";"1";"0";"1";""
"201900029594";"138 250 636";"B01";"3";"32";"0";"2";"1";"2";"0";""
"201900029594";"138 250 637";"A01";"3";"7";"0";"2";"3";"1";"0";""
"201900029595";"138 250 635";"A01";"1";"30";"0";"1";"1";"1";"0";""
"201900029596";"138 250 633";"A01";"1";"32";"0";"2";"1";"1";"1";""
"201900029596";"138 250 634";"B01";"1";"30";"0";"2";"4";"0";"1";""
"201900029597";"138 250 631";"B01";"1";"7";"0";"2";"6";"2";"1";""
"201900029597";"138 250 632";"A01";"1";"7";"0";"2";"1";"2";"1";""
"201900029598";"138 250 629";"B01";"2";"2";"0";"0";"4";"2";"1";""
"201900029598";"138 250 630";"A01";"2";"7";"0";"9";"2";"2";"1";""
"201900029599";"138 250 628";"A01";"2";"7";"16";"0";"0";"15";"1";""
"201900029600";"138 250 627";"A01";"3";"7";"16";"0";"9";"0";"1";""
"201900029601";"138 250 626";"A01";"0";"7";"0";"1";"4";"4";"6";""
"201900029602";"138 250 624";"A01";"1";"17";"0";"2";"6";"17";"1";""
"201900029602";"138 250 625";"B01";"1";"33";"0";"2";"1";"1";"1";""
"201900029603";"138 250 622";"A01";"3";"7";"0";"2";"1";"13";"1";""
"201900029603";"138 250 623";"B01";"3";"2";"0";"2";"1";"1";"1";""
"201900029604";"138 250 620";"B01";"1";"7";"0";"2";"3";"1";"1";""
"201900029604";"138 250 621";"A01";"1";"2";"0";"2";"1";"17";"1";""
"201900029605";"138 250 618";"B01";"0";"7";"0";"0";"4";"1";"1";""
"201900029605";"138 250 619";"A01";"0";"2";"0";"2";"1";"1";"1";""
"201900029606";"138 250 617";"A01";"1";"7";"2";"0";"1";"6";"1";""
"201900029607";"138 250 615";"A01";"1";"21";"0";"9";"5";"17";"1";""
"201900029607";"138 250 616";"B01";"1";"1";"0";"2";"3";"1";"5";""
"201900029608";"138 250 612";"A01";"1";"7";"0";"2";"1";"17";"1";""
"201900029608";"138 250 613";"B01";"2";"7";"0";"2";"1";"1";"1";""
"201900029608";"138 250 614";"C01";"1";"14";"0";"2";"6";"1";"1";""
"201900029609";"138 250 611";"A01";"1";"2";"13";"0";"0";"1";"1";""
"201900029610";"138 250 608";"A01";"2";"7";"0";"0";"0";"17";"1";""
"201900029610";"138 250 609";"B01";"2";"21";"6";"2";"8";"1";"1";""
"201900029610";"138 250 610";"C01";"1";"7";"0";"2";"1";"1";"1";""
"201900029611";"138 250 606";"A01";"2";"7";"13";"2";"1";"19";"1";""
"201900029611";"138 250 607";"B01";"2";"7";"13";"2";"2";"2";"1";""
"201900029612";"138 250 604";"B01";"3";"7";"0";"2";"3";"1";"1";""
"201900029612";"138 250 605";"A01";"3";"7";"0";"2";"3";"13";"1";""
"201900029613";"138 250 601";"A01";"3";"10";"0";"2";"4";"4";"1";""
"201900029613";"138 250 602";"B01";"3";"32";"0";"2";"2";"23";"1";""
"201900029614";"138 250 599";"B01";"3";"7";"0";"2";"3";"1";"1";""
"201900029614";"138 250 600";"A01";"3";"43";"0";"2";"3";"13";"1";""
"201900029615";"138 250 597";"B01";"2";"30";"0";"2";"1";"1";"1";""
"201900029615";"138 250 598";"A01";"1";"21";"0";"2";"3";"1";"1";""
"201900029616";"138 250 595";"B01";"3";"7";"1";"2";"2";"24";"1";""
"201900029616";"138 250 596";"A01";"0";"13";"0";"0";"4";"0";"1";""
"201900029617";"138 250 593";"A01";"3";"7";"0";"2";"7";"1";"1";""
"201900029617";"138 250 594";"B01";"3";"30";"0";"2";"3";"1";"1";""
"201900029618";"138 250 592";"A01";"0";"7";"2";"6";"3";"21";"1";""
"201900029619";"138 250 591";"A01";"2";"33";"13";"0";"1";"1";"1";""
"201900029620";"138 250 590";"A01";"1";"7";"0";"1";"3";"1";"1";""
"201900029621";"138 250 588";"B01";"2";"33";"0";"2";"1";"1";"1";""
"201900029621";"138 250 589";"A01";"1";"7";"0";"2";"7";"10";"1";""
"201900029622";"138 250 586";"B01";"1";"7";"0";"2";"1";"1";"1";""
"201900029622";"138 250 587";"A01";"2";"7";"0";"2";"7";"13";"1";""
"201900029623";"138 250 584";"B01";"1";"7";"0";"2";"3";"1";"1";""
"201900029623";"138 250 585";"A01";"2";"7";"0";"2";"1";"5";"1";""
"201900029624";"138 250 583";"A01";"1";"7";"0";"1";"1";"1";"1";""
"201900029625";"138 250 581";"A01";"1";"32";"0";"2";"1";"1";"1";""
"201900029625";"138 250 582";"B01";"2";"7";"0";"2";"1";"1";"1";""
"201900029626";"138 250 579";"B01";"2";"2";"0";"2";"1";"1";"1";""
"201900029626";"138 250 580";"A01";"2";"7";"0";"0";"8";"10";"1";""
"201900029627";"138 250 577";"B01";"2";"32";"0";"2";"1";"1";"6";""
"201900029627";"138 250 578";"A01";"2";"7";"0";"2";"6";"10";"1";""
"201900029628";"138 250 576";"A01";"1";"32";"2";"0";"1";"1";"1";""
"201900029629";"138 250 574";"B01";"2";"17";"0";"0";"1";"1";"1";""
"201900029629";"138 250 575";"A01";"2";"17";"0";"0";"4";"23";"1";""
"201900029630";"138 250 569";"A01";"2";"7";"3";"9";"4";"2";"1";""
"201900029630";"138 250 570";"B01";"2";"7";"0";"2";"9";"2";"1";""
"201900029630";"138 250 571";"C01";"2";"7";"0";"2";"9";"2";"1";""
"201900029630";"138 250 572";"D01";"2";"7";"0";"2";"9";"2";"1";""
"201900029630";"138 250 573";"E01";"2";"17";"0";"0";"0";"1";"1";""
"201900029631";"138 250 567";"A01";"1";"10";"0";"2";"2";"17";"1";""
"201900029631";"138 250 568";"B01";"1";"7";"4";"2";"6";"1";"1";""
"201900029632";"138 250 566";"A01";"2";"38";"13";"0";"7";"14";"1";"30"
"201900029633";"138 250 565";"A01";"0";"7";"16";"0";"2";"14";"1";""
"201900029634";"138 250 562";"A01";"1";"2";"4";"0";"2";"0";"1";""
"201900029635";"138 250 561";"A01";"0";"7";"0";"1";"1";"1";"1";""
"201900029636";"138 250 560";"A01";"2";"7";"0";"1";"2";"1";"1";""
"201900029637";"138 250 559";"A01";"3";"7";"0";"1";"2";"2";"0";""
"201900029638";"138 250 557";"B01";"3";"7";"0";"0";"4";"2";"1";""
"201900029638";"138 250 558";"A01";"0";"7";"0";"2";"1";"2";"1";""
"201900029639";"138 250 556";"A01";"2";"7";"13";"0";"9";"1";"1";""
"201900029640";"138 250 555";"A01";"1";"31";"0";"0";"3";"1";"1";""
"201900029641";"138 250 553";"B01";"1";"7";"0";"2";"3";"9";"1";""
"201900029641";"138 250 554";"A01";"1";"1";"0";"2";"5";"19";"5";""
"201900029642";"138 250 551";"A01";"2";"3";"0";"2";"1";"0";"1";""
"201900029642";"138 250 552";"B01";"1";"7";"0";"2";"1";"0";"1";""
"201900029643";"138 250 549";"A01";"1";"38";"0";"2";"1";"1";"1";"1"
"201900029643";"138 250 550";"B01";"0";"7";"6";"0";"8";"0";"1";""
"201900029644";"138 250 548";"A01";"1";"7";"2";"0";"1";"1";"1";""
"201900029645";"138 250 537";"A01";"1";"7";"0";"2";"4";"23";"1";""
"201900029645";"138 250 538";"B01";"1";"7";"0";"2";"4";"2";"1";""
"201900029645";"138 250 539";"C01";"1";"7";"0";"2";"4";"2";"1";""
"201900029645";"138 250 540";"D01";"1";"7";"0";"2";"1";"2";"1";""
"201900029645";"138 250 541";"E01";"1";"7";"0";"2";"1";"2";"1";""
"201900029646";"138 250 535";"B01";"2";"17";"0";"2";"2";"12";"1";""
"201900029646";"138 250 536";"A01";"2";"7";"0";"2";"6";"1";"1";""
"201900029647";"138 250 533";"B01";"0";"15";"0";"2";"0";"2";"1";""
"201900029647";"138 250 534";"A01";"1";"31";"0";"2";"0";"2";"1";""
"201900029648";"138 250 531";"A01";"1";"14";"0";"2";"1";"2";"1";""
"201900029648";"138 250 532";"B01";"1";"15";"0";"2";"4";"2";"1";""
"201900029649";"138 250 529";"A01";"1";"34";"0";"2";"1";"2";"1";""
"201900029649";"138 250 530";"B01";"1";"7";"0";"2";"4";"0";"1";""
"201900029650";"138 250 527";"B01";"2";"33";"0";"2";"1";"3";"1";""
"201900029650";"138 250 528";"A01";"2";"7";"0";"2";"5";"12";"1";""
"201900029651";"138 250 525";"B01";"2";"7";"0";"2";"4";"1";"1";""
"201900029651";"138 250 526";"A01";"2";"7";"0";"2";"1";"1";"1";""
"201900029652";"138 250 524";"A01";"1";"7";"4";"0";"2";"14";"1";""
"201900029653";"138 250 523";"A01";"2";"7";"4";"0";"1";"1";"1";""
"201900029654";"138 250 521";"B01";"1";"7";"0";"2";"2";"11";"1";""
"201900029654";"138 250 522";"A01";"1";"7";"0";"2";"6";"2";"1";""
"201900029655";"138 250 520";"A01";"1";"32";"14";"0";"3";"1";"1";""
"201900029656";"138 250 518";"A01";"2";"20";"0";"2";"7";"12";"1";""
"201900029656";"138 250 519";"B01";"2";"7";"0";"0";"6";"1";"1";""
"201900029657";"138 250 517";"A01";"1";"32";"8";"0";"1";"26";"1";""
"201900029658";"138 250 516";"A01";"1";"30";"0";"0";"1";"26";"1";""