"Num_Acc";"id_vehicule";"num_veh";"senc";"catv";"obs";"obsm";"choc";"manv";"motor";"occutc"
"201900029659";"138 250 514";"B01";"2";"7";"0";"2";"3";"1";"1";""
"201900029659";"138 250 515";"A01";"2";"7";"0";"2";"1";"19";"1";""
"201900029660";"138 250 512";"B01";"1";"7";"0";"2";"8";"1";"1";""
"201900029660";"138 250 513";"A01";"1";"30";"0";"2";"1";"15";"1";""
"201900029661";"138 250 510";"B01";"2";"50";"0";"2";"8";"1";"3";""
"201900029661";"138 250 511";"A01";"2";"37";"0";"2";"6";"17";"0";"1"
"201900029662";"138 250 508";"B01";"2";"7";"0";"2";"6";"1";"1";""
"201900029662";"138 250 509";"A01";"3";"99";"0";"2";"1";"19";"3";""
"201900029663";"138 250 506";"B01";"1";"7";"0";"2";"6";"1";"1";""
"201900029663";"138 250 507";"A01";"1";"7";"0";"2";"2";"1";"0";""
"201900029664";"138 250 504";"B01";"1";"33";"0";"2";"3";"1";"1";""
"201900029664";"138 250 505";"A01";"1";"99";"0";"2";"7";"15";"1";""
"201900029665";"138 250 503";"A01";"1";"7";"0";"1";"2";"14";"0";""
"201900029666";"138 250 499";"B01";"1";"7";"1";"2";"5";"1";"1";""
"201900029666";"138 250 500";"A01";"1";"7";"0";"2";"1";"15";"1";""
"201900029667";"138 250 497";"B01";"1";"2";"0";"2";"4";"2";"1";""
"201900029667";"138 250 498";"A01";"1";"33";"0";"2";"1";"26";"1";""
"201900029668";"138 250 495";"B01";"1";"7";"0";"2";"3";"23";"0";""
"201900029668";"138 250 496";"A01";"2";"10";"6";"2";"1";"13";"0";""
"201900029669";"138 250 493";"B01";"1";"10";"0";"2";"1";"1";"1";""
"201900029669";"138 250 494";"A01";"2";"10";"0";"2";"1";"13";"1";""
"201900029670";"138 250 489";"A01";"0";"7";"0";"2";"7";"19";"1";""
"201900029670";"138 250 490";"B01";"0";"7";"0";"2";"1";"1";"1";""
"201900029671";"138 250 487";"B01";"1";"7";"0";"2";"2";"1";"1";""
"201900029671";"138 250 488";"A01";"2";"7";"0";"2";"3";"1";"1";""
"201900029672";"138 250 485";"B01";"1";"7";"0";"2";"3";"10";"6";""
"201900029672";"138 250 486";"A01";"1";"33";"0";"2";"7";"17";"1";""
"201900029673";"138 250 483";"Z01";"3";"33";"0";"2";"1";"1";"0";""
"201900029673";"138 250 484";"B01";"3";"7";"0";"2";"2";"16";"1";""
"201900029674";"138 250 482";"A01";"1";"30";"0";"0";"7";"16";"1";""
"201900029675";"138 250 481";"A01";"3";"14";"8";"0";"1";"0";"1";""
"201900029676";"138 250 480";"A01";"3";"7";"2";"0";"1";"1";"1";""
"201900029677";"138 250 476";"A01";"1";"7";"0";"9";"1";"1";"1";""
"201900029677";"138 250 477";"B01";"1";"1";"0";"2";"1";"1";"1";""
"201900029678";"138 250 475";"A01";"1";"7";"0";"0";"0";"14";"1";""
"201900029679";"138 250 474";"A01";"1";"7";"3";"0";"9";"13";"1";""
"201900029680";"138 250 473";"A01";"2";"10";"4";"0";"1";"26";"1";""
"201900029681";"138 250 470";"A01";"2";"7";"0";"2";"4";"2";"1";""
"201900029681";"138 250 471";"B01";"2";"7";"0";"2";"4";"2";"1";""
"201900029681";"138 250 472";"C01";"2";"7";"0";"2";"1";"2";"1";""
"201900029682";"138 250 468";"B01";"3";"80";"0";"2";"8";"15";"3";""
"201900029682";"138 250 469";"A01";"3";"7";"0";"2";"2";"17";"1";""
"201900029683";"138 250 466";"B01";"1";"7";"0";"2";"1";"1";"1";""
"201900029683";"138 250 467";"A01";"2";"7";"0";"2";"1";"11";"1";""
"201900029684";"138 250 464";"B01";"2";"7";"0";"2";"1";"0";"1";""
"201900029684";"138 250 465";"A01";"1";"7";"0";"2";"1";"13";"1";""
"201900029685";"138 250 462";"B01";"1";"33";"0";"2";"7";"17";"1";""
"201900029685";"138 250 463";"A01";"1";"10";"0";"2";"8";"15";"2";""
"201900029686";"138 250 461";"A01";"2";"33";"8";"0";"7";"1";"1";""
"201900029687";"138 250 459";"B01";"3";"33";"0";"2";"1";"1";"1";""
"201900029687";"138 250 460";"A01";"3";"7";"0";"2";"5";"10";"1";""
"201900029688";"138 250 457";"A01";"2";"7";"0";"2";"8";"26";"1";""
"201900029688";"138 250 458";"B01";"1";"7";"0";"2";"3";"13";"1";""
"201900029689";"138 250 456";"A01";"3";"7";"6";"0";"1";"1";"1";""
"201900029690";"138 250 455";"B01";"3";"7";"0";"1";"0";"0";"0";""
"201900029691";"138 250 454";"A01";"1";"32";"12";"0";"0";"18";"0";""
"201900029692";"138 250 453";"A01";"2";"7";"12";"0";"2";"1";"1";""
"201900029693";"138 250 452";"A01";"1";"7";"4";"0";"2";"14";"1";""
"201900029694";"138 250 450";"A01";"1";"7";"0";"2";"1";"15";"1";""
"201900029694";"138 250 451";"B01";"2";"2";"0";"2";"1";"1";"1";""
"201900029695";"138 250 448";"B01";"1";"7";"0";"2";"1";"1";"1";""
"201900029695";"138 250 449";"A01";"1";"30";"0";"2";"8";"15";"1";""
"201900029696";"138 250 446";"B01";"1";"33";"0";"2";"8";"16";"1";""
"201900029696";"138 250 447";"A01";"1";"7";"0";"2";"1";"1";"1";""
"201900029697";"138 250 444";"B01";"1";"7";"0";"2";"5";"16";"1";""
"201900029697";"138 250 445";"A01";"1";"33";"0";"2";"1";"7";"1";""
"201900029698";"138 250 443";"A01";"1";"7";"0";"1";"1";"15";"1";""
"201900029699";"138 250 442";"A01";"1";"32";"0";"0";"3";"15";"1";""
"201900029700";"138 250 440";"B01";"2";"7";"0";"2";"4";"2";"1";""
"201900029700";"138 250 441";"A01";"2";"7";"0";"2";"1";"2";"1";""
"201900029701";"138 250 438";"A01";"1";"37";"0";"2";"4";"12";"1";"1"
"201900029701";"138 250 439";"B01";"1";"50";"0";"2";"8";"8";"3";""
"201900029702";"138 250 437";"A01";"2";"7";"12";"1";"2";"14";"1";""
"201900029703";"138 250 436";"A01";"2";"7";"0";"1";"3";"15";"1";""
"201900029704";"138 250 434";"A01";"1";"7";"0";"2";"2";"7";"1";""
"201900029704";"138 250 435";"B01";"1";"1";"0";"2";"3";"13";"5";""
"201900029705";"138 250 433";"A01";"3";"1";"9";"0";"0";"0";"0";""
"201900029706";"138 250 430";"A01";"3";"7";"0";"2";"4";"2";"1";""
"201900029706";"138 250 431";"B01";"3";"7";"0";"2";"4";"1";"1";""
"201900029706";"138 250 432";"C01";"3";"7";"2";"0";"4";"1";"1";""
"201900029707";"138 250 428";"B01";"1";"10";"0";"2";"3";"15";"1";""
"201900029707";"138 250 429";"A01";"0";"7";"0";"2";"3";"1";"1";""
"201900029708";"138 250 427";"A01";"0";"7";"0";"1";"1";"1";"1";""
"201900029709";"138 250 425";"A01";"2";"7";"0";"2";"7";"1";"1";""
"201900029709";"138 250 426";"B01";"2";"7";"0";"2";"1";"1";"1";""
"201900029710";"138 250 423";"A01";"1";"33";"0";"2";"1";"1";"1";""
"201900029710";"138 250 424";"B01";"1";"10";"0";"2";"8";"1";"1";""
"201900029711";"138 250 421";"A01";"2";"3";"12";"0";"1";"14";"1";""
"201900029712";"138 250 419";"A01";"0";"7";"0";"2";"1";"0";"1";""
"201900029712";"138 250 420";"B01";"0";"7";"0";"2";"4";"23";"1";""
"201900029713";"138 250 417";"B01";"1";"7";"0";"0";"4";"0";"0";""
"201900029713";"138 250 418";"A01";"1";"7";"1";"0";"1";"2";"0";""
"201900029714";"138 250 415";"B01";"3";"7";"6";"0";"6";"1";"1";""
"201900029714";"138 250 416";"A01";"3";"31";"6";"0";"1";"26";"1";""
"201900029715";"138 250 413";"A01";"2";"30";"0";"2";"1";"26";"0";""
"201900029715";"138 250 414";"B01";"2";"7";"0";"2";"7";"1";"1";""
"201900029716";"138 250 412";"A01";"2";"7";"2";"0";"7";"1";"1";""
"201900029717";"138 250 411";"A01";"1";"7";"2";"0";"1";"1";"1";""
"201900029718";"138 250 410";"A01";"2";"7";"13";"0";"1";"1";"1";""
"201900029719";"138 250 407";"C01";"2";"10";"13";"2";"3";"1";"1";""
"201900029719";"138 250 408";"B01";"1";"7";"0";"2";"6";"23";"1";""
"201900029719";"138 250 409";"A01";"1";"10";"15";"2";"3";"13";"1";""
"201900029720";"138 250 406";"A01";"2";"1";"0";"0";"1";"0";"5";""
"201900029721";"138 250 405";"A01";"1";"33";"0";"0";"0";"1";"1";""
"201900029722";"138 250 404";"A01";"2";"7";"0";"0";"2";"1";"1";""
"201900029723";"138 250 403";"A01";"1";"7";"0";"1";"2";"1";"1";""
"201900029724";"138 250 402";"B01";"1";"1";"0";"1";"2";"1";"5";""
"201900029725";"138 250 401";"A01";"1";"7";"4";"0";"1";"13";"1";""
"201900029726";"138 250 400";"A01";"3";"7";"0";"1";"3";"1";"1";""
"201900029727";"138 250 398";"A01";"2";"30";"0";"2";"1";"21";"1";""
"201900029727";"138 250 399";"B01";"2";"10";"0";"2";"2";"9";"1";""
"201900029728";"138 250 396";"B01";"1";"32";"0";"2";"2";"1";"1";""
"201900029728";"138 250 397";"A01";"1";"37";"0";"2";"6";"13";"1";"1"
"201900029729";"138 250 394";"B01";"1";"7";"0";"2";"2";"16";"1";""
"201900029729";"138 250 395";"A01";"1";"32";"0";"2";"1";"18";"1";""
"201900029730";"138 250 393";"A01";"1";"43";"12";"0";"2";"13";"1";""
"201900029731";"138 250 392";"A01";"1";"33";"14";"0";"1";"1";"1";""
"201900029732";"138 250 391";"A01";"1";"34";"0";"1";"2";"1";"1";""
"201900029733";"138 250 390";"A01";"1";"43";"0";"0";"7";"16";"1";""
"201900029734";"138 250 389";"A01";"2";"7";"0";"1";"7";"1";"1";""
"201900029735";"138 250 388";"A01";"1";"10";"11";"2";"3";"13";"0";""
"201900029736";"138 250 387";"A01";"2";"34";"8";"0";"1";"26";"0";""
"201900029737";"138 250 386";"A01";"1";"7";"0";"1";"7";"1";"0";""
"201900029738";"138 250 384";"B01";"1";"33";"0";"2";"8";"2";"1";""
"201900029738";"138 250 385";"A01";"2";"7";"0";"2";"2";"15";"1";""
"201900029739";"138 250 383";"A01";"1";"33";"0";"1";"1";"1";"1";""
"201900029740";"138 250 382";"A01";"2";"2";"0";"0";"7";"1";"1";""
"201900029741";"138 250 380";"A01";"1";"43";"0";"1";"2";"19";"1";""
"201900029741";"138 250 381";"B01";"1";"7";"0";"2";"1";"19";"1";""
"201900029742";"138 250 378";"A01";"3";"7";"0";"2";"1";"5";"0";""
"201900029742";"138 250 379";"B01";"3";"32";"0";"2";"1";"1";"1";""
"201900029743";"138 250 376";"A01";"2";"7";"0";"2";"1";"2";"1";""
"201900029743";"138 250 377";"B01";"2";"7";"0";"2";"4";"2";"1";""
"201900029744";"138 250 375";"A01";"2";"7";"0";"1";"1";"15";"6";""
"201900029745";"138 250 374";"A01";"1";"7";"6";"0";"3";"26";"1";""
"201900029746";"138 250 372";"A01";"1";"7";"0";"1";"3";"1";"0";""
"201900029747";"138 250 370";"B01";"3";"7";"0";"2";"1";"2";"1";""
"201900029747";"138 250 371";"A01";"3";"7";"0";"2";"4";"23";"1";""
"201900029748";"138 250 368";"B01";"1";"7";"0";"1";"7";"12";"0";""
"201900029749";"138 250 367";"A01";"0";"30";"1";"0";"7";"14";"6";""
"201900029750";"138 250 366";"A01";"1";"7";"0";"1";"1";"17";"1";""
"201900029751";"138 250 365";"A01";"1";"3";"0";"1";"3";"1";"6";""
"201900029752";"138 250 364";"A01";"1";"20";"12";"0";"2";"17";"1";""
"201900029753";"138 250 361";"A01";"1";"30";"0";"1";"2";"18";"1";""
"201900029754";"138 250 360";"A01";"0";"7";"0";"1";"0";"2";"0";""
"201900029755";"138 250 359";"A01";"2";"10";"0";"1";"2";"2";"1";""
"201900029756";"138 250 357";"B01";"1";"7";"0";"2";"1";"21";"1";""
"201900029756";"138 250 358";"A01";"1";"7";"0";"2";"8";"19";"1";""
"201900029757";"138 250 356";"A01";"3";"7";"0";"1";"2";"26";"1";""
"201900029758";"138 250 355";"A01";"1";"7";"0";"1";"2";"1";"0";""
"201900029759";"138 250 353";"A01";"3";"7";"1";"0";"0";"0";"0";""
"201900029759";"138 250 354";"B01";"0";"7";"0";"2";"1";"0";"0";""
"201900029760";"138 250 352";"A01";"1";"7";"0";"1";"6";"20";"0";""
"201900029761";"138 250 350";"B01";"1";"33";"0";"2";"7";"17";"1";""
"201900029761";"138 250 351";"A01";"1";"7";"0";"2";"3";"15";"1";""
"201900029762";"138 250 349";"A01";"2";"7";"0";"0";"0";"1";"1";""
"201900029763";"138 250 348";"A01";"1";"7";"0";"1";"3";"16";"1";""
"201900029764";"138 250 346";"B01";"3";"7";"0";"2";"5";"23";"1";""
"201900029764";"138 250 347";"A01";"3";"30";"0";"2";"3";"26";"1";""
"201900029765";"138 250 345";"A01";"2";"7";"1";"0";"2";"1";"1";""
"201900029766";"138 250 343";"B01";"1";"7";"0";"2";"2";"1";"1";""
"201900029766";"138 250 344";"A01";"2";"10";"0";"2";"5";"26";"1";""
"201900029767";"138 250 341";"B01";"2";"7";"0";"2";"2";"1";"1";""
"201900029767";"138 250 342";"A01";"2";"30";"0";"2";"1";"15";"1";""
"201900029768";"138 250 339";"A01";"0";"7";"0";"2";"8";"17";"1";""
"201900029768";"138 250 340";"B01";"0";"33";"0";"2";"7";"17";"1";""
"201900029769";"138 250 337";"A01";"1";"10";"0";"2";"2";"1";"1";""
"201900029769";"138 250 338";"B01";"1";"7";"0";"2";"1";"1";"1";""
"201900029770";"138 250 335";"B01";"1";"3";"0";"2";"4";"2";"1";""
"201900029770";"138 250 336";"A01";"1";"3";"0";"2";"1";"26";"1";""
"201900029771";"138 250 334";"A01";"1";"7";"1";"1";"1";"17";"1";""
"201900029772";"138 250 333";"A01";"3";"7";"0";"1";"1";"15";"1";""
"201900029773";"138 250 331";"B01";"2";"7";"0";"2";"6";"11";"1";""
"201900029773";"138 250 332";"A01";"2";"31";"0";"2";"1";"1";"1";""
"201900029774";"138 250 330";"A01";"1";"2";"0";"1";"1";"1";"1";""
"201900029775";"138 250 329";"A01";"3";"32";"0";"0";"0";"0";"0";""
"201900029776";"138 250 327";"B01";"3";"7";"0";"2";"1";"1";"1";""
"201900029776";"138 250 328";"A01";"0";"7";"0";"2";"7";"19";"1";""
"201900029777";"138 250 324";"C01";"2";"7";"0";"2";"4";"23";"1";""
"201900029777";"138 250 325";"B01";"2";"7";"0";"2";"4";"2";"1";""
"201900029777";"138 250 326";"A01";"2";"7";"0";"2";"1";"1";"1";""
"201900029778";"138 250 322";"A01";"0";"7";"0";"2";"7";"19";"1";""
"201900029778";"138 250 323";"B01";"1";"7";"0";"2";"1";"1";"1";""
"201900029779";"138 250 320";"B01";"3";"7";"0";"2";"1";"1";"1";""
"201900029779";"138 250 321";"A01";"2";"7";"0";"2";"7";"19";"1";""
"201900029780";"138 250 318";"B01";"2";"14";"0";"2";"4";"1";"1";""
"201900029780";"138 250 319";"A01";"2";"7";"0";"2";"1";"12";"1";""
"201900029781";"138 250 317";"A01";"2";"7";"13";"0";"2";"1";"1";""
"201900029782";"138 250 316";"A01";"0";"7";"13";"0";"8";"1";"1";""
"201900029783";"138 250 312";"A01";"2";"7";"0";"2";"1";"15";"1";""
"201900029783";"138 250 313";"B01";"1";"2";"0";"2";"1";"1";"1";""
"201900029784";"138 250 311";"A01";"1";"7";"3";"0";"0";"1";"1";""
"201900029785";"138 250 309";"B01";"1";"2";"0";"2";"1";"26";"0";""
"201900029785";"138 250 310";"A01";"0";"7";"0";"2";"3";"1";"0";""
"201900029786";"138 250 308";"A01";"2";"7";"0";"1";"7";"1";"0";""
"201900029787";"138 250 306";"A01";"1";"7";"0";"0";"3";"15";"1";""
"201900029787";"138 250 307";"B01";"2";"33";"0";"2";"1";"1";"1";""
"201900029788";"138 250 304";"A01";"2";"7";"0";"2";"8";"21";"1";""
"201900029788";"138 250 305";"B01";"1";"10";"0";"2";"3";"5";"1";""
"201900029789";"138 250 302";"A01";"1";"10";"0";"2";"1";"2";"1";""
"201900029789";"138 250 303";"B01";"1";"10";"0";"2";"4";"2";"1";""
"201900029790";"138 250 299";"A01";"1";"10";"1";"2";"1";"1";"1";""
"201900029790";"138 250 300";"B01";"1";"10";"0";"0";"4";"23";"1";""
"201900029790";"138 250 301";"C01";"1";"0";"0";"0";"4";"23";"6";""
"201900029791";"138 250 298";"A01";"0";"7";"13";"0";"1";"0";"1";""
"201900029792";"138 250 297";"A01";"0";"10";"0";"1";"1";"1";"1";""
"201900029793";"138 250 296";"A01";"0";"7";"15";"0";"7";"1";"1";""
"201900029794";"138 250 295";"A01";"3";"7";"7";"1";"1";"0";"1";""
"201900029795";"138 250 294";"A01";"3";"7";"0";"1";"1";"1";"1";""
"201900029796";"138 250 293";"A01";"3";"33";"0";"1";"1";"1";"6";""
"201900029797";"138 250 291";"A01";"1";"7";"0";"2";"3";"1";"0";""
"201900029797";"138 250 292";"B01";"2";"7";"0";"2";"3";"1";"0";""
"201900029798";"138 250 288";"B01";"2";"7";"0";"2";"1";"15";"2";""
"201900029798";"138 250 289";"A01";"1";"2";"0";"2";"1";"1";"1";""
"201900029799";"138 250 287";"A01";"1";"7";"2";"0";"1";"1";"1";""
"201900029800";"138 250 286";"A01";"1";"7";"3";"0";"3";"1";"1";""
"201900029801";"138 250 284";"A01";"2";"15";"0";"2";"7";"1";"1";""
"201900029801";"138 250 285";"B01";"2";"38";"2";"2";"3";"16";"1";"7"
"201900029802";"138 250 283";"A01";"1";"7";"0";"0";"9";"26";"6";""
"201900029803";"138 250 282";"A01";"2";"7";"13";"0";"9";"1";"1";""
"201900029804";"138 250 279";"C01";"2";"7";"14";"2";"1";"2";"1";""
"201900029804";"138 250 280";"A01";"2";"7";"0";"2";"3";"2";"1";""
"201900029804";"138 250 281";"B01";"2";"14";"0";"2";"5";"2";"1";""
"201900029805";"138 250 277";"A01";"2";"7";"0";"2";"7";"13";"1";""
"201900029805";"138 250 278";"B01";"1";"7";"0";"2";"1";"1";"1";""
"201900029806";"138 250 275";"A01";"3";"10";"10";"2";"7";"17";"1";""
"201900029806";"138 250 276";"B01";"3";"2";"0";"2";"8";"15";"1";""
"201900029807";"138 250 273";"A01";"0";"2";"0";"2";"1";"2";"1";""
"201900029807";"138 250 274";"B01";"0";"7";"0";"0";"4";"23";"1";""
"201900029808";"138 250 271";"A01";"2";"7";"2";"0";"0";"1";"0";""
"201900029809";"138 250 269";"B01";"1";"2";"0";"2";"3";"1";"1";""
"201900029809";"138 250 270";"A01";"2";"7";"0";"2";"1";"11";"1";""
"201900029810";"138 250 267";"B01";"2";"7";"0";"2";"3";"1";"1";""
"201900029810";"138 250 268";"A01";"1";"7";"0";"2";"3";"17";"1";""
"201900029811";"138 250 266";"A01";"1";"7";"0";"1";"2";"1";"1";""
"201900029812";"138 250 264";"A01";"3";"7";"0";"2";"8";"15";"1";""
"201900029812";"138 250 265";"B01";"3";"33";"0";"2";"1";"1";"1";""
"201900029813";"138 250 263";"A01";"1";"7";"2";"0";"1";"14";"1";""
"201900029814";"138 250 256";"A01";"1";"7";"0";"2";"7";"15";"1";""
"201900029814";"138 250 257";"B01";"2";"2";"12";"2";"1";"1";"1";""
"201900029815";"138 250 255";"A01";"1";"7";"0";"1";"7";"0";"0";""
"201900029816";"138 250 253";"B01";"1";"7";"0";"2";"1";"1";"1";""
"201900029816";"138 250 254";"A01";"2";"7";"0";"2";"1";"13";"1";""
"201900029817";"138 250 251";"B01";"1";"10";"0";"2";"1";"1";"1";""
"201900029817";"138 250 252";"A01";"2";"7";"0";"2";"1";"1";"1";""
"201900029818";"138 250 250";"A01";"3";"7";"2";"0";"1";"0";"1";""
"201900029819";"138 250 248";"A01";"1";"7";"0";"0";"2";"1";"1";""
"201900029819";"138 250 249";"B01";"1";"7";"0";"2";"3";"2";" -1";""
"201900029820";"138 250 247";"A01";"1";"7";"2";"0";"8";"1";"1";""
"201900029821";"138 250 246";"A01";"1";"7";"0";"0";"1";"1";"0";""
"201900029822";"138 250 244";"A01";"1";"7";"0";"0";"7";"1";"1";""
"201900029822";"138 250 245";"B01";"2";"7";"0";"0";"3";"1";"1";""
"201900029823";"138 250 242";"A01";"1";"7";"0";"2";"2";"9";"1";""
"201900029823";"138 250 243";"B01";"1";"7";"3";"0";"3";"1";"1";""
"201900029824";"138 250 240";"B01";"2";"7";"0";"2";"2";"2";"0";""
"201900029824";"138 250 241";"A01";"2";"2";"0";"2";"4";"2";"1";""
"201900029825";"138 250 238";"B01";"2";"7";"0";"0";"7";"1";"1";""
"201900029825";"138 250 239";"A01";"1";"7";"0";"2";"1";"15";"1";""
"201900029826";"138 250 237";"A01";"0";"10";"16";"0";"9";"0";"0";""
"201900029827";"138 250 236";"A01";"2";"7";"3";"0";"8";"1";"1";""
"201900029828";"138 250 233";"C01";"1";"7";"1";"0";"1";"1";"1";""
"201900029828";"138 250 234";"B01";"1";"7";"1";"0";"4";"1";"1";""
"201900029828";"138 250 235";"A01";"1";"7";"13";"0";"2";"1";"1";""
"201900029829";"138 250 232";"A01";"3";"38";"0";"1";"3";"20";"1";"1"
"201900029830";"138 250 230";"A01";"3";"2";"0";"2";"7";"1";"6";""
"201900029830";"138 250 231";"B01";"3";"7";"0";"2";"1";"26";"6";""
"201900029831";"138 250 228";"B01";"1";"7";"0";"2";"1";"1";"1";""
"201900029831";"138 250 229";"A01";"2";"7";"0";"2";"1";"13";"1";""
"201900029832";"138 250 227";"A01";"2";"7";"13";"0";"1";"1";"1";""
"201900029833";"138 250 226";"A01";"1";"7";"15";"1";"1";"26";"1";""
"201900029834";"138 250 224";"A01";"1";"7";"0";"2";"3";"17";"1";""
"201900029834";"138 250 225";"B01";"2";"7";"0";"2";"3";"5";"1";""
"201900029835";"138 250 223";"A01";"1";"7";"13";"0";"2";"1";"1";""
"201900029836";"138 250 222";"A01";"1";"7";"2";"0";"0";"1";"1";""
"201900029837";"138 250 220";"A01";"2";"7";"0";"2";"3";"13";"1";""
"201900029837";"138 250 221";"B01";"1";"7";"0";"2";"3";"1";"1";""
"201900029838";"138 250 215";"A01";"1";"10";"2";"0";"1";"1";"1";""
"201900029839";"138 250 214";"A01";"1";"7";"0";"0";"0";"1";"1";""
"201900029840";"138 250 213";"A01";"2";"7";"0";"1";"3";"1";"1";""
"201900029841";"138 250 212";"A01";"1";"7";"13";"0";"0";"13";"1";""
"201900029842";"138 250 210";"A01";"3";"7";"0";"1";"3";"1";"1";""
"201900029842";"138 250 211";"B01";"0";"7";"1";"1";"3";"1";"1";""
"201900029843";"138 250 209";"A01";"2";"38";"0";"1";"5";"26";"1";"1"
"201900029844";"138 250 208";"A01";"1";"7";"0";"1";"3";"15";"1";""
"201900029845";"138 250 206";"A01";"2";"7";"0";"2";"3";"13";"1";""
"201900029845";"138 250 207";"B01";"1";"7";"0";"2";"3";"1";"1";""
"201900029846";"138 250 205";"A01";"1";"3";"13";"0";"1";"13";"1";""
"201900029847";"138 250 204";"A01";"1";"7";"13";"0";"1";"14";"1";""
"201900029848";"138 250 202";"A01";"2";"7";"0";"2";"3";"13";"0";""
"201900029848";"138 250 203";"B01";"1";"13";"0";"2";"3";"1";"1";""
"201900029849";"138 250 201";"A01";"2";"7";"2";"0";"7";"14";"1";""
"201900029850";"138 250 199";"B01";"1";"7";"0";"2";"3";"1";"1";""
"201900029850";"138 250 200";"A01";"2";"7";"0";"2";"3";"1";"1";""
"201900029851";"138 250 198";"A01";"2";"7";"3";"0";"1";"1";"1";""
"201900029852";"138 250 196";"B01";"3";"34";"0";"2";"1";"1";"1";""
"201900029852";"138 250 197";"A01";"3";"7";"0";"2";"2";"15";"1";""
"201900029853";"138 250 194";"B01";"2";"7";"0";"0";"8";"1";"0";""
"201900029853";"138 250 195";"A01";"2";"7";"0";"2";"1";"1";"0";""
"201900029854";"138 250 192";"A01";"1";"7";"0";"2";"2";"13";"1";""
"201900029854";"138 250 193";"B01";"2";"2";"0";"2";"7";"21";"1";""
"201900029855";"138 250 188";"A01";"2";"7";"0";"2";"1";"2";"1";""
"201900029855";"138 250 189";"B01";"2";"7";"0";"2";"4";"2";"1";""
"201900029855";"138 250 190";"C01";"2";"7";"0";"2";"4";"2";"1";""
"201900029855";"138 250 191";"D01";"2";"10";"0";"2";"4";"2";"1";""
"201900029856";"138 250 187";"A01";"2";"7";"2";"0";"7";"1";"1";""
"201900029857";"138 250 185";"A01";"1";"7";"0";"9";"2";"17";"1";""
"201900029857";"138 250 186";"B01";"1";"1";"13";"0";"8";"1";"5";""
"201900029858";"138 250 184";"A01";"3";"7";"0";"1";"5";"1";"1";""
"201900029859";"138 250 183";"A01";"3";"17";"0";"1";"1";"1";"0";""
"201900029860";"138 250 182";"A01";"2";"7";"3";"0";"1";"1";"1";""
"201900029861";"138 250 181";"A01";"3";"7";"2";"0";"3";"1";"1";""
"201900029862";"138 250 178";"A01";"2";"7";"0";"2";"1";"13";"1";""
"201900029862";"138 250 179";"B01";"1";"7";"0";"2";"1";"1";"1";""
"201900029862";"138 250 180";"C01";"1";"7";"0";"2";"1";"1";"1";""
"201900029863";"138 250 177";"A01";"1";"7";"0";"0";"0";"1";"1";""
"201900029864";"138 250 175";"A01";"2";"7";"0";"2";"1";"13";"1";""
"201900029864";"138 250 176";"B01";"1";"17";"0";"2";"1";"1";"1";""
"201900029865";"138 250 173";"A01";"3";"7";"8";"2";"8";"1";"1";""
"201900029865";"138 250 174";"B01";"3";"7";"6";"2";"1";"1";"1";""
"201900029866";"138 250 171";"A01";"2";"7";"0";"2";"3";"17";"1";""
"201900029866";"138 250 172";"B01";"2";"7";"0";"2";"6";"2";"1";""
"201900029867";"138 250 170";"A01";"2";"7";"4";"0";"2";"1";"1";""
"201900029868";"138 250 168";"A01";"1";"7";"0";"2";"1";"13";"1";""
"201900029868";"138 250 169";"B01";"2";"7";"0";"2";"1";"1";"1";""
"201900029869";"138 250 166";"B01";"3";"7";"0";"2";"1";"1";"1";""
"201900029869";"138 250 167";"A01";"3";"10";"0";"2";"7";"15";"1";""
"201900029870";"138 250 164";"A01";"1";"7";"5";"0";"1";"26";"1";""
"201900029871";"138 250 162";"A01";"2";"15";"3";"2";"3";"6";"1";""
"201900029871";"138 250 163";"B01";"1";"10";"0";"2";"3";"1";"1";""
"201900029872";"138 250 160";"A01";"1";"33";"0";"2";"1";"1";"1";""
"201900029872";"138 250 161";"B01";"1";"7";"0";"2";"5";"15";"1";""
"201900029873";"138 250 159";"A01";"1";"7";"6";"0";"2";"1";"1";""
"201900029874";"138 250 158";"A01";"2";"7";"13";"0";"1";"1";"1";""
"201900029875";"138 250 157";"A01";"2";"7";"13";"0";"1";"14";"1";""
"201900029876";"138 250 155";"A01";"2";"7";"4";"2";"1";"14";"1";""
"201900029876";"138 250 156";"C01";"2";"17";"0";"0";"0";"2";"1";""
"201900029877";"138 250 152";"C01";"2";"7";"0";"2";"2";"23";"1";""
"201900029877";"138 250 153";"B01";"1";"33";"0";"2";"2";"1";"1";""
"201900029877";"138 250 154";"A01";"1";"7";"0";"2";"1";"9";"1";""
"201900029878";"138 250 150";"B01";"1";"7";"0";"2";"3";"1";"1";""
"201900029878";"138 250 151";"A01";"1";"7";"0";"2";"7";"17";"1";""
"201900029879";"138 250 149";"A01";"1";"33";"0";"0";"8";"17";"1";""
"201900029880";"138 250 146";"A01";"1";"7";"0";"2";"1";"11";"1";""
"201900029880";"138 250 147";"B01";"2";"7";"0";"2";"8";"1";"1";""
"201900029880";"138 250 148";"C01";"2";"7";"0";"2";"1";"1";"1";""
"201900029881";"138 250 144";"B01";"2";"7";"0";"2";"1";"1";"6";""
"201900029881";"138 250 145";"A01";"1";"7";"0";"2";"1";"13";"6";""