"Num_Acc";"id_vehicule";"num_veh";"senc";"catv";"obs";"obsm";"choc";"manv";"motor";"occutc"
"201900029882";"138 250 142";"B01";"2";"33";"0";"2";"1";"1";"0";""
"201900029882";"138 250 143";"A01";"1";"7";"0";"2";"7";"15";"1";""
"201900029883";"138 250 140";"B01";"3";"1";"0";"2";"1";"13";"5";""
"201900029883";"138 250 141";"A01";"3";"7";"16";"9";"2";"1";"1";""
"201900029884";"138 250 138";"B01";"0";"7";"0";"2";"3";"5";"1";""
"201900029884";"138 250 139";"A01";"0";"7";"0";"2";"6";"5";"0";""
"201900029885";"138 250 136";"B01";"3";"1";"0";"2";"8";"1";"5";""
"201900029885";"138 250 137";"A01";"3";"10";"3";"2";"8";"2";"6";""
"201900029886";"138 250 135";"A01";"1";"7";"13";"0";"7";"14";"0";""
"201900029887";"138 250 133";"A01";"2";"7";"0";"9";"2";"2";"0";""
"201900029887";"138 250 134";"B01";"2";"1";"0";"2";"0";"2";"5";""
"201900029888";"138 250 132";"A01";"2";"7";"8";"0";"3";"1";"1";""
"201900029889";"138 250 127";"C01";"2";"7";"0";"2";"1";"1";"1";""
"201900029889";"138 250 128";"B01";"2";"7";"0";"2";"9";"1";"1";""
"201900029889";"138 250 129";"A01";"2";"7";"0";"2";"4";"1";"1";""
"201900029890";"138 250 126";"A01";"2";"7";"3";"0";"1";"1";"1";""
"201900029891";"138 250 125";"A01";"2";"7";"16";"0";"2";"1";"1";""
"201900029892";"138 250 123";"A01";"2";"7";"0";"2";"1";"13";"1";""
"201900029892";"138 250 124";"B01";"1";"7";"0";"2";"3";"1";"1";""
"201900029893";"138 250 121";"A01";"2";"7";"0";"2";"2";"1";"1";""
"201900029893";"138 250 122";"B01";"2";"7";"17";"0";"6";"2";"1";""
"201900029894";"138 250 120";"A01";"1";"7";"6";"0";"3";"1";"1";""
"201900029895";"138 250 119";"A01";"1";"2";"6";"0";"1";"0";"1";""
"201900029896";"138 250 117";"B01";"2";"7";"0";"2";"3";"1";"1";""
"201900029896";"138 250 118";"A01";"1";"7";"0";"2";"3";"13";"1";""
"201900029897";"138 250 115";"B01";"1";"7";"0";"2";"3";"1";"1";""
"201900029897";"138 250 116";"A01";"1";"7";"3";"2";"2";"1";"1";""
"201900029898";"138 250 113";"B01";"1";"7";"0";"2";"1";"1";"1";""
"201900029898";"138 250 114";"A01";"2";"7";"0";"2";"1";"13";"1";""
"201900029899";"138 250 112";"A01";"1";"7";"0";"1";"1";"1";"1";""
"201900029900";"138 250 111";"A01";"2";"7";"13";"0";"1";"1";"1";""
"201900029901";"138 250 109";"B01";"1";"38";"0";"2";"1";"1";"1";"1"
"201900029901";"138 250 110";"A01";"2";"7";"0";"2";"2";"13";"1";""
"201900029902";"138 250 108";"A01";"1";"7";"0";"0";"9";"0";"0";""
"201900029903";"138 250 106";"B01";"0";"7";"0";"2";"1";"16";"1";""
"201900029903";"138 250 107";"A01";"1";"7";"0";"2";"1";"5";"1";""
"201900029904";"138 250 104";"B01";"2";"17";"0";"2";"1";"1";"0";""
"201900029904";"138 250 105";"A01";"1";"7";"0";"2";"3";"1";"0";""
"201900029905";"138 250 102";"A01";"3";"33";"0";"9";"1";"21";"0";""
"201900029905";"138 250 103";"B01";"3";"1";"0";"2";"1";"1";"5";""
"201900029906";"138 250 101";"A01";"0";"99";"0";"1";"2";"1";"1";""
"201900029907";"138 250 100";"A01";"3";"7";"2";"0";"3";"1";"1";""
"201900029908";"138 250 098";"B01";"2";"7";"0";"2";"2";"1";"1";""
"201900029908";"138 250 099";"A01";"1";"7";"0";"2";"1";"15";"1";""
"201900029909";"138 250 097";"A01";"2";"7";"2";"0";"8";"13";"6";""
"201900029910";"138 250 094";"A01";"1";"7";"0";"2";"8";"13";"1";""
"201900029910";"138 250 095";"B01";"2";"7";"0";"2";"1";"1";"1";""
"201900029910";"138 250 096";"C01";"2";"7";"0";"2";"1";"1";"1";""
"201900029911";"138 250 092";"A01";"2";"7";"0";"2";"1";"13";"1";""
"201900029911";"138 250 093";"B01";"1";"10";"0";"2";"1";"1";"1";""
"201900029912";"138 250 090";"B01";"3";"2";"0";"2";"1";"1";"0";""
"201900029912";"138 250 091";"A01";"3";"7";"0";"0";"7";"15";"0";""
"201900029913";"138 250 089";"A01";"2";"7";"0";"1";"1";"1";"1";""
"201900029914";"138 250 088";"A01";"2";"7";"6";"0";"7";"13";"1";""
"201900029915";"138 250 087";"A01";"0";"38";"0";"1";"7";"16";"1";"1"
"201900029916";"138 250 086";"A01";"2";"33";"0";"0";"8";"2";"1";""
"201900029917";"138 250 085";"A01";"1";"7";"13";"0";"3";"13";"1";""
"201900029918";"138 250 083";"B01";"1";"2";"0";"2";"7";"9";"1";""
"201900029918";"138 250 084";"A01";"1";"7";"0";"2";"1";"1";"1";""
"201900029919";"138 250 082";"A01";"3";"33";"0";"0";"7";"1";"1";""
"201900029920";"138 250 081";"A01";"1";"10";"0";"0";"3";"1";"1";""
"201900029921";"138 250 077";"A01";"0";"7";"2";"0";"1";"1";"1";""
"201900029922";"138 250 075";"A01";"0";"13";"0";"1";"4";"4";"0";""
"201900029923";"138 250 074";"A01";"3";"7";"0";"1";"2";"1";"1";""
"201900029924";"138 250 073";"A01";"0";"36";"12";"0";"2";"1";"1";""
"201900029925";"138 250 072";"A01";"2";"36";"8";"0";"1";"1";"1";""
"201900029926";"138 250 071";"A01";"2";"7";"6";"0";"7";"1";"1";""
"201900029927";"138 250 069";"B01";"1";"1";"0";"0";"8";"10";"5";""
"201900029927";"138 250 070";"A01";"1";"7";"0";"2";"1";"1";"1";""
"201900029928";"138 250 067";"A01";"2";"7";"1";"9";"3";"1";"0";""
"201900029928";"138 250 068";"B01";"2";"1";"0";"2";"2";"1";"0";""
"201900029929";"138 250 066";"A01";"1";"33";"0";"0";"0";"1";"1";""
"201900029930";"138 250 065";"A01";"1";"7";"13";"0";"0";"1";"1";""
"201900029931";"138 250 062";"C01";"2";"7";"0";"2";"2";"0";"1";""
"201900029931";"138 250 063";"B01";"2";"7";"0";"2";"4";"2";"1";""
"201900029931";"138 250 064";"A01";"2";"7";"0";"2";"3";"11";"1";""
"201900029932";"138 250 059";"C01";"1";"7";"0";"2";"3";"11";"1";""
"201900029932";"138 250 060";"B01";"1";"7";"0";"2";"5";"1";"1";""
"201900029932";"138 250 061";"A01";"1";"7";"0";"2";"4";"1";"1";""
"201900029933";"138 250 055";"D01";"2";"10";"0";"2";"1";"2";"1";""
"201900029933";"138 250 056";"C01";"2";"10";"0";"2";"4";"2";"1";""
"201900029933";"138 250 057";"B01";"2";"7";"0";"2";"4";"2";"1";""
"201900029933";"138 250 058";"A01";"2";"7";"0";"2";"4";"2";"1";""
"201900029934";"138 250 053";"A01";"1";"7";"0";"2";"4";"2";"1";""
"201900029934";"138 250 054";"B01";"1";"7";"0";"2";"1";"2";"1";""
"201900029935";"138 250 051";"B01";"1";"7";"0";"2";"3";"10";"1";""
"201900029935";"138 250 052";"A01";"1";"7";"0";"2";"2";"9";"1";""
"201900029936";"138 250 049";"A01";"1";"7";"0";"2";"4";"2";"1";""
"201900029936";"138 250 050";"B01";"1";"7";"0";"2";"1";"2";"1";""
"201900029937";"138 250 045";"D01";"2";"7";"0";"0";"1";"1";"1";""
"201900029937";"138 250 046";"C01";"2";"7";"0";"2";"1";"21";"1";""
"201900029937";"138 250 047";"B01";"2";"7";"0";"2";"1";"21";"1";""
"201900029937";"138 250 048";"A01";"1";"7";"3";"2";"3";"13";"1";""
"201900029938";"138 250 042";"A01";"2";"10";"0";"2";"1";"2";"1";""
"201900029938";"138 250 043";"B01";"2";"7";"0";"2";"4";"1";"1";""
"201900029938";"138 250 044";"C01";"2";"7";"0";"2";"1";"2";"1";""
"201900029939";"138 250 040";"B01";"1";"7";"0";"2";"5";"12";"1";""
"201900029939";"138 250 041";"A01";"1";"31";"0";"2";"1";"3";"1";""
"201900029940";"138 250 038";"B01";"1";"7";"0";"0";"6";"1";"1";""
"201900029940";"138 250 039";"A01";"1";"7";"4";"2";"2";"14";"1";""
"201900029941";"138 250 037";"A01";"2";"33";"0";"0";"0";"1";"1";""
"201900029942";"138 250 035";"A01";"2";"17";"0";"2";"1";"2";"1";""
"201900029942";"138 250 036";"B01";"2";"7";"0";"2";"4";"2";"1";""
"201900029943";"138 250 032";"C01";"2";"7";"0";"2";"4";"23";"1";""
"201900029943";"138 250 033";"B01";"2";"7";"0";"2";"4";"23";"1";""
"201900029943";"138 250 034";"A01";"2";"10";"0";"2";"1";"2";"1";""
"201900029944";"138 250 029";"A01";"2";"7";"0";"2";"1";"12";"1";""
"201900029944";"138 250 030";"B01";"2";"7";"0";"2";"8";"1";"1";""
"201900029944";"138 250 031";"C01";"2";"7";"0";"2";"7";"1";"1";""
"201900029945";"138 250 027";"B01";"2";"7";"0";"2";"1";"2";"0";""
"201900029945";"138 250 028";"A01";"2";"15";"0";"2";"4";"1";"1";""
"201900029946";"138 250 024";"C01";"1";"7";"0";"2";"7";"1";"1";""
"201900029946";"138 250 025";"B01";"1";"7";"0";"2";"8";"1";"1";""
"201900029946";"138 250 026";"A01";"1";"7";"0";"2";"1";"19";"1";""
"201900029947";"138 250 019";"A01";"1";"7";"0";"2";"4";"1";"1";""
"201900029947";"138 250 020";"B01";"1";"7";"0";"2";"1";"0";"1";""
"201900029947";"138 250 021";"C01";"1";"7";"0";"2";"1";"2";"1";""
"201900029947";"138 250 022";"D01";"1";"7";"0";"2";"1";"2";"1";""
"201900029947";"138 250 023";"E01";"1";"7";"0";"2";"1";"2";"1";""
"201900029948";"138 250 017";"B01";"3";"7";"0";"2";"1";"9";"1";""
"201900029948";"138 250 018";"A01";"3";"7";"0";"2";"8";"19";"1";""
"201900029949";"138 250 015";"A01";"1";"7";"0";"2";"5";"14";"1";""
"201900029949";"138 250 016";"B01";"1";"34";"0";"2";"3";"3";"0";""
"201900029950";"138 250 012";"B01";"1";"33";"0";"2";"2";"3";"1";""
"201900029950";"138 250 013";"C01";"1";"7";"0";"2";"5";"1";"1";""
"201900029950";"138 250 014";"Z01";"1";"7";"0";"2";"3";"11";"0";""
"201900029951";"138 250 010";"B01";"2";"7";"0";"2";"4";"1";"1";""
"201900029951";"138 250 011";"A01";"2";"7";"0";"2";"1";"1";"1";""
"201900029952";"138 250 008";"A01";"2";"7";"0";"2";"8";"11";"1";""
"201900029952";"138 250 009";"B01";"2";"34";"0";"2";"8";"1";"1";""
"201900029953";"138 250 004";"D01";"2";"10";"0";"2";"4";"2";"1";""
"201900029953";"138 250 005";"C01";"2";"7";"0";"2";"1";"2";"1";""
"201900029953";"138 250 006";"B01";"2";"10";"0";"2";"1";"2";"1";""
"201900029953";"138 250 007";"A01";"2";"7";"0";"2";"1";"2";"1";""
"201900029954";"138 250 002";"B01";"2";"10";"0";"2";"2";"12";"0";""
"201900029954";"138 250 003";"A01";"2";"32";"0";"2";"3";"3";"0";""
"201900029955";"138 250 001";"A01";"1";"7";"14";"0";"1";"1";"1";""
"201900029956";"138 249 999";"A01";"1";"15";"0";"2";"3";"2";"1";""
"201900029956";"138 250 000";"B01";"1";"10";"0";"2";"5";"2";"1";""
"201900029957";"138 249 997";"B01";"1";"43";"0";"2";"8";"3";"1";""
"201900029957";"138 249 998";"A01";"1";"7";"0";"2";"2";"12";"1";""
"201900029958";"138 249 995";"B01";"2";"10";"0";"2";"5";"1";"1";""
"201900029958";"138 249 996";"A01";"2";"43";"0";"2";"3";"11";"1";""
"201900029959";"138 249 992";"C01";"2";"7";"0";"2";"4";"2";"1";""
"201900029959";"138 249 993";"B01";"2";"7";"0";"2";"2";"12";"1";""
"201900029959";"138 249 994";"A01";"2";"31";"0";"2";"3";"3";"1";""
"201900029960";"138 249 991";"A01";"1";"43";"0";"2";"1";"2";"1";""
"201900029961";"138 249 989";"B01";"1";"7";"0";"2";"7";"12";"1";""
"201900029961";"138 249 990";"A01";"1";"33";"0";"2";"8";"3";"1";""
"201900029962";"138 249 988";"A01";"1";"33";"0";"0";"9";"9";"1";""
"201900029963";"138 249 986";"A01";"1";"7";"0";"2";"6";"12";"2";""
"201900029963";"138 249 987";"B01";"1";"33";"0";"2";"1";"3";"1";""
"201900029964";"138 249 984";"A01";"2";"7";"0";"2";"5";"12";"1";""
"201900029964";"138 249 985";"B01";"2";"33";"0";"2";"1";"1";"1";""
"201900029965";"138 249 981";"C01";"2";"33";"0";"2";"4";"3";"1";""
"201900029965";"138 249 982";"B01";"2";"33";"0";"2";"4";"3";"1";""
"201900029965";"138 249 983";"A01";"2";"33";"0";"2";"1";"3";"1";""
"201900029966";"138 249 978";"A01";"2";"33";"0";"2";"7";"0";"1";""
"201900029966";"138 249 979";"B01";"2";"7";"0";"2";"6";"0";"1";""
"201900029966";"138 249 980";"Z01";"2";"7";"0";"2";"0";"0";"1";""
"201900029967";"138 249 975";"A01";"2";"43";"0";"2";"4";"3";"1";""
"201900029967";"138 249 976";"B01";"2";"31";"0";"2";"1";"3";"1";""
"201900029967";"138 249 977";"C01";"2";"7";"0";"2";"4";"1";"1";""
"201900029968";"138 249 972";"C01";"2";"14";"0";"2";"0";"0";"1";""
"201900029968";"138 249 973";"B01";"2";"33";"0";"2";"2";"0";"1";""
"201900029968";"138 249 974";"A01";"2";"43";"0";"2";"1";"0";"1";""
"201900029969";"138 249 970";"B01";"1";"7";"0";"2";"4";"2";"1";""
"201900029969";"138 249 971";"A01";"1";"7";"0";"2";"1";"2";"1";""
"201900029970";"138 249 966";"A01";"1";"7";"0";"2";"4";"2";"1";""
"201900029970";"138 249 967";"B01";"1";"10";"0";"2";"6";"2";"1";""
"201900029970";"138 249 968";"C01";"1";"7";"0";"2";"1";"2";"2";""
"201900029970";"138 249 969";"D01";"1";"7";"0";"2";"5";"2";"1";""
"201900029971";"138 249 963";"C01";"1";"7";"0";"2";"4";"1";"1";""
"201900029971";"138 249 964";"B01";"1";"7";"0";"2";"4";"1";"1";""
"201900029971";"138 249 965";"A01";"1";"7";"0";"2";"1";"2";"1";""
"201900029972";"138 249 961";"B01";"1";"7";"0";"2";"7";"1";"1";""
"201900029972";"138 249 962";"A01";"1";"7";"0";"2";"3";"1";"1";""
"201900029973";"138 249 960";"A01";"1";"7";"4";"0";"1";"0";"1";""
"201900029974";"138 249 955";"D01";"2";"7";"0";"2";"4";"1";"0";""
"201900029974";"138 249 956";"C01";"2";"7";"0";"2";"4";"1";"1";""
"201900029974";"138 249 957";"B01";"2";"7";"4";"2";"4";"1";"1";""
"201900029974";"138 249 958";"A01";"2";"7";"0";"2";"1";"1";"1";""
"201900029975";"138 249 953";"B01";"1";"7";"0";"2";"7";"14";"1";""
"201900029975";"138 249 954";"A01";"1";"33";"0";"2";"1";"3";"1";""
"201900029976";"138 249 951";"B01";"2";"34";"0";"2";"1";"1";"1";""
"201900029976";"138 249 952";"A01";"2";"7";"0";"2";"6";"11";"1";""
"201900029977";"138 249 949";"B01";"2";"34";"0";"2";"2";"3";"1";""
"201900029977";"138 249 950";"A01";"2";"7";"0";"2";"2";"11";"1";""
"201900029978";"138 249 948";"A01";"1";"7";"4";"0";"2";"21";"1";""
"201900029979";"138 249 946";"B01";"1";"15";"0";"2";"4";"23";"1";""
"201900029979";"138 249 947";"A01";"1";"7";"1";"0";"1";"2";"1";""
"201900029980";"138 249 944";"A01";"1";"7";"7";"0";"3";"21";"1";""
"201900029980";"138 249 945";"B01";"1";"7";"0";"2";"3";"1";"2";""
"201900029981";"138 249 942";"B01";"1";"31";"0";"2";"8";"11";"0";""
"201900029981";"138 249 943";"A01";"1";"7";"0";"2";"8";"11";"0";""
"201900029982";"138 249 938";"B01";"1";"7";"0";"2";"3";"1";"1";""
"201900029982";"138 249 939";"A01";"2";"30";"0";"2";"1";"26";"1";""
"201900029983";"138 249 937";"A01";"3";"7";"0";"1";"1";"0";"0";""
"201900029984";"138 249 935";"B01";"3";"7";"1";"0";"4";"2";"1";""
"201900029984";"138 249 936";"A01";"3";"7";"0";"2";"1";"2";"1";""
"201900029985";"138 249 934";"B01";"1";"33";"0";"2";"7";"1";"0";""
"201900029986";"138 249 932";"A01";"3";"7";"0";"2";"1";"15";"1";""
"201900029986";"138 249 933";"B01";"3";"30";"0";"2";"8";"26";"1";""
"201900029987";"138 249 931";"A01";"1";"31";"0";"0";"0";"16";"1";""
"201900029988";"138 249 929";"A01";"2";"31";"0";"2";"7";"2";"1";""
"201900029988";"138 249 930";"B01";"2";"7";"0";"2";"3";"10";"1";""
"201900029989";"138 249 928";"A01";"1";"7";"0";"1";"1";"1";"1";""
"201900029990";"138 249 927";"A01";"1";"33";"3";"0";"0";"1";"1";""
"201900029991";"138 249 926";"A01";"1";"33";"0";"0";"0";"1";"1";""
"201900029992";"138 249 924";"B01";"1";"7";"0";"2";"2";"19";"0";""
"201900029992";"138 249 925";"A01";"3";"31";"0";"2";"2";"26";"0";""
"201900029993";"138 249 922";"B01";"1";"33";"0";"2";"7";"1";"1";""
"201900029993";"138 249 923";"A01";"1";"7";"0";"2";"3";"10";"1";""
"201900029994";"138 249 921";"A01";"2";"7";"0";"1";"2";"16";"1";""
"201900029995";"138 249 919";"A01";"3";"7";"0";"2";"1";"1";"1";""
"201900029995";"138 249 920";"B01";"3";"7";"0";"2";"4";"1";"1";""
"201900029996";"138 249 917";"B01";"2";"10";"8";"2";"4";"23";"1";""
"201900029996";"138 249 918";"A01";"2";"37";"1";"0";"1";"9";"1";"1"
"201900029997";"138 249 915";"B01";"2";"7";"0";"2";"8";"15";"1";""
"201900029997";"138 249 916";"A01";"2";"33";"6";"2";"7";"17";"1";""
"201900029998";"138 249 912";"A01";"1";"10";"0";"2";"1";"1";"1";""
"201900029998";"138 249 913";"B01";"1";"10";"0";"0";"4";"2";"2";""
"201900029998";"138 249 914";"C01";"1";"33";"0";"0";"9";"0";"1";""
"201900029999";"138 249 910";"A01";"1";"7";"0";"1";"1";"16";"1";""
"201900030000";"138 249 907";"C01";"1";"7";"0";"2";"3";"1";"1";""
"201900030000";"138 249 908";"B01";"3";"33";"0";"2";"9";"1";"0";""
"201900030000";"138 249 909";"A01";"3";"7";"0";"2";"1";"15";"1";""
"201900030001";"138 249 905";"A01";"1";"7";"0";"2";"1";"9";"1";""
"201900030001";"138 249 906";"B01";"0";"7";"0";"2";"1";"26";"1";""
"201900030002";"138 249 904";"A01";"1";"7";"0";"1";"1";"15";"1";""
"201900030003";"138 249 902";"B01";"3";"33";"0";"2";"8";"0";"1";""
"201900030003";"138 249 903";"A01";"3";"7";"0";"2";"8";"10";"1";""
"201900030004";"138 249 900";"A01";"1";"7";"0";"2";"1";"1";"1";""
"201900030004";"138 249 901";"B01";"2";"7";"0";"2";"8";"1";"1";""
"201900030005";"138 249 898";"B01";"1";"7";"0";"2";"1";"1";"1";""
"201900030005";"138 249 899";"A01";"1";"7";"0";"2";"3";"1";"1";""
"201900030006";"138 249 897";"A01";"1";"7";"0";"1";"1";"9";"1";""
"201900030007";"138 249 895";"B01";"1";"33";"0";"2";"1";"1";"1";""
"201900030007";"138 249 896";"A01";"1";"7";"0";"2";"3";"15";"1";""
"201900030008";"138 249 893";"B01";"3";"1";"0";"2";"2";"15";"5";""
"201900030008";"138 249 894";"A01";"3";"7";"0";"9";"7";"9";"1";""
"201900030009";"138 249 891";"A01";"2";"7";"0";"2";"1";"11";"1";""
"201900030009";"138 249 892";"B01";"1";"7";"0";"2";"3";"1";"1";""
"201900030010";"138 249 878";"A01";"1";"34";"0";"2";"6";"1";"1";""
"201900030010";"138 249 879";"Z01";"1";"10";"0";"2";"0";"14";"1";""
"201900030011";"138 249 877";"A01";"0";"10";"0";"1";"1";"1";"1";""
"201900030012";"138 249 875";"A01";"1";"7";"0";"2";"2";"15";"1";""
"201900030012";"138 249 876";"B01";"1";"1";"0";"2";"4";"1";"5";""
"201900030013";"138 249 873";"A01";"3";"7";"0";"2";"2";"17";"1";""
"201900030013";"138 249 874";"B01";"3";"1";"0";"2";"1";"1";"5";""
"201900030014";"138 249 872";"A01";"1";"7";"0";"1";"3";"1";"1";""
"201900030015";"138 249 870";"B01";"2";"2";"0";"2";"1";"1";"1";""
"201900030015";"138 249 871";"A01";"1";"10";"0";"2";"2";"15";"1";""
"201900030016";"138 249 868";"B01";"1";"7";"0";"2";"4";"1";"1";""
"201900030016";"138 249 869";"A01";"1";"10";"0";"2";"1";"1";"1";""
"201900030017";"138 249 867";"A01";"2";"33";"0";"1";"1";"1";"1";""
"201900030018";"138 249 865";"A01";"3";"1";"0";"2";"2";"0";"5";""
"201900030018";"138 249 866";"B01";"3";"7";"0";"0";"0";"0";"0";""
"201900030019";"138 249 864";"A01";"2";"7";"0";"1";"2";"17";"1";""
"201900030020";"138 249 863";"A01";"1";"7";"0";"1";"2";"0";"1";""
"201900030021";"138 249 861";"B01";"1";"7";"0";"2";"1";"2";"1";""
"201900030021";"138 249 862";"A01";"1";"7";"0";"2";"1";"2";"1";""
"201900030022";"138 249 859";"B01";"2";"7";"0";"2";"1";"1";"1";""
"201900030022";"138 249 860";"A01";"1";"30";"0";"2";"1";"15";"1";""
"201900030023";"138 249 857";"A01";"1";"7";"0";"2";"3";"9";"1";""
"201900030023";"138 249 858";"B01";"3";"7";"0";"2";"2";"15";"1";""
"201900030024";"138 249 855";"B01";"1";"10";"0";"9";"2";"1";"1";""
"201900030024";"138 249 856";"A01";"1";"1";"0";"2";"1";"26";"5";""
"201900030025";"138 249 853";"A01";"1";"7";"0";"2";"4";"1";"1";""
"201900030025";"138 249 854";"B01";"1";"7";"0";"2";"1";"1";"1";""
"201900030026";"138 249 849";"A01";"2";"7";"0";"2";"1";"0";"1";""
"201900030026";"138 249 850";"B01";"2";"7";"0";"2";"4";"23";"2";""
"201900030026";"138 249 851";"C01";"2";"7";"0";"0";"4";"23";"1";""
"201900030027";"138 249 847";"A01";"1";"1";"0";"2";"1";"1";"5";""
"201900030027";"138 249 848";"B01";"1";"7";"0";"2";"3";"9";"1";""
"201900030028";"138 249 842";"B01";"2";"1";"0";"6";"1";"26";"5";""
"201900030028";"138 249 843";"A01";"1";"30";"0";"6";"1";"26";"1";""
"201900030029";"138 249 841";"A01";"1";"30";"0";"0";"0";"0";"1";""
"201900030030";"138 249 839";"A01";"1";"7";"0";"2";"2";"0";"1";""
"201900030030";"138 249 840";"B01";"1";"1";"0";"2";"9";"0";"5";""
"201900030031";"138 249 837";"B01";"1";"7";"0";"2";"1";"0";"1";""
"201900030031";"138 249 838";"A01";"1";"7";"0";"2";"1";"0";"1";""
"201900030032";"138 249 835";"A01";"1";"10";"0";"2";"8";"0";"1";""
"201900030032";"138 249 836";"B01";"1";"80";"0";"2";"0";"0";"3";""
"201900030033";"138 249 833";"B01";"1";"1";"0";"2";"8";"19";"5";""
"201900030033";"138 249 834";"A01";"1";"7";"0";"2";"1";"1";"1";""
"201900030034";"138 249 832";"A01";"1";"30";"12";"0";"1";"1";"1";""
"201900030035";"138 249 830";"B01";"2";"7";"0";"2";"1";"19";"1";""
"201900030035";"138 249 831";"A01";"3";"30";"0";"2";"7";"19";"1";""
"201900030036";"138 249 828";"B01";"3";"1";"0";"2";"4";"11";"0";""
"201900030036";"138 249 829";"A01";"3";"33";"0";"2";"1";"1";"1";""
"201900030037";"138 249 826";"A01";"0";"30";"0";"2";"1";"1";"1";""
"201900030037";"138 249 827";"B01";"0";"10";"0";"2";"6";"1";"1";""
"201900030038";"138 249 825";"A01";"1";"33";"12";"0";"1";"26";"1";""
"201900030039";"138 249 821";"D01";"0";"7";"0";"2";"4";"1";"1";""
"201900030039";"138 249 822";"C01";"0";"7";"0";"2";"4";"1";"1";""
"201900030039";"138 249 823";"B01";"0";"7";"0";"2";"4";"1";"1";""
"201900030039";"138 249 824";"A01";"0";"7";"0";"2";"1";"1";"1";""
"201900030040";"138 249 817";"B01";"1";"1";"0";"2";"8";"18";"5";""
"201900030040";"138 249 818";"A01";"1";"14";"0";"2";"7";"1";"1";""
"201900030041";"138 249 815";"B01";"3";"7";"0";"2";"3";"26";"1";""
"201900030041";"138 249 816";"A01";"3";"33";"0";"2";"3";"13";"1";""
"201900030042";"138 249 813";"B01";"3";"1";"0";"2";"1";"1";"0";""
"201900030042";"138 249 814";"A01";"3";"7";"0";"2";"7";"15";"1";""
"201900030043";"138 249 811";"A01";"1";"7";"0";"2";"2";"9";"1";""
"201900030043";"138 249 812";"B01";"1";"2";"0";"2";"1";"1";"1";""
"201900030044";"138 249 810";"A01";"3";"7";"15";"1";"2";"1";"1";""
"201900030045";"138 249 809";"A01";"2";"7";"3";"0";"2";"14";"1";""
"201900030046";"138 249 807";"B01";"1";"7";"0";"2";"4";"2";"1";""
"201900030046";"138 249 808";"A01";"1";"7";"0";"2";"1";"2";"1";""
"201900030047";"138 249 805";"A01";"1";"33";"0";"2";"1";"1";"1";""
"201900030047";"138 249 806";"B01";"1";"10";"0";"2";"3";"1";"1";""
"201900030048";"138 249 803";"A01";"2";"33";"0";"2";"7";"3";"1";""
"201900030048";"138 249 804";"B01";"2";"7";"0";"2";"3";"15";"1";""
"201900030049";"138 249 801";"A01";"0";"7";"0";"0";"9";"1";"1";""
"201900030050";"138 249 800";"A01";"1";"30";"0";"1";"1";"17";"1";""
"201900030051";"138 249 799";"A01";"2";"7";"0";"1";"1";"1";"1";""
"201900030052";"138 249 797";"B01";"2";"7";"0";"2";"3";"1";"1";""
"201900030052";"138 249 798";"Z01";"1";"7";"0";"0";"0";"0";"0";""
"201900030053";"138 249 796";"A01";"1";"7";"0";"1";"1";"1";"1";""
"201900030054";"138 249 794";"B01";"2";"1";"0";"2";"1";"1";"0";""
"201900030054";"138 249 795";"A01";"3";"7";"0";"6";"1";"19";"1";""
"201900030055";"138 249 793";"A01";"3";"43";"14";"0";"0";"9";"1";""
"201900030056";"138 249 792";"A01";"1";"43";"0";"1";"1";"21";"1";""
"201900030057";"138 249 787";"A01";"3";"37";"0";"2";"1";"11";"1";"1"
"201900030057";"138 249 788";"B01";"3";"7";"0";"2";"5";"2";"1";""
"201900030058";"138 249 786";"A01";"2";"33";"0";"0";"0";"1";"1";""
"201900030059";"138 249 783";"A01";"1";"15";"0";"2";"2";"12";"1";""
"201900030059";"138 249 784";"B01";"1";"7";"0";"2";"3";"1";"1";""
"201900030059";"138 249 785";"C01";"1";"7";"0";"2";"1";"1";"1";""
"201900030060";"138 249 779";"A01";"2";"7";"0";"2";"7";"12";"1";""
"201900030060";"138 249 780";"B01";"2";"43";"0";"2";"3";"3";"1";""
"201900030060";"138 249 781";"C01";"2";"7";"0";"2";"5";"1";"1";""
"201900030060";"138 249 782";"D01";"2";"10";"0";"2";"3";"1";"1";""
"201900030061";"138 249 777";"A01";"1";"33";"0";"2";"1";"2";"1";""
"201900030061";"138 249 778";"B01";"1";"10";"0";"2";"5";"2";"1";""
"201900030062";"138 249 775";"A01";"1";"7";"0";"2";"8";"15";"1";""
"201900030062";"138 249 776";"Z01";"1";"10";"0";"2";"1";"1";"1";""
"201900030063";"138 249 773";"B01";"1";"30";"0";"2";"1";"1";"1";""
"201900030063";"138 249 774";"A01";"1";"7";"0";"2";"3";"9";"1";""
"201900030064";"138 249 772";"A01";"1";"30";"1";"0";"1";"14";"3";""
"201900030065";"138 249 771";"A01";"2";"1";"0";"1";"1";"7";"5";""
"201900030066";"138 249 769";"A01";"1";"7";"0";"2";"3";"15";"1";""
"201900030066";"138 249 770";"B01";"1";"31";"0";"2";"1";"1";"1";""
"201900030067";"138 249 767";"B01";"1";"50";"0";"2";"8";"15";"3";""
"201900030067";"138 249 768";"A01";"1";"30";"0";"2";"1";"17";"1";""
"201900030068";"138 249 766";"A01";"1";"31";"0";"0";"8";"1";"1";""
"201900030069";"138 249 764";"B01";"1";"1";"0";"2";"4";"1";"5";""