"Num_Acc";"id_vehicule";"num_veh";"senc";"catv";"obs";"obsm";"choc";"manv";"motor";"occutc"
"201900030270";"138 249 359";"Z01";"1";"7";"0";"2";"0";"5";"0";""
"201900030270";"138 249 360";"C01";"2";"7";"0";"2";"4";"2";"1";""
"201900030270";"138 249 361";"B01";"2";"7";"0";"2";"4";"2";"1";""
"201900030270";"138 249 362";"A01";"2";"7";"0";"2";"1";"2";"1";""
"201900030271";"138 249 356";"C01";"3";"10";"0";"2";"2";"1";"1";""
"201900030271";"138 249 357";"B01";"3";"10";"0";"2";"6";"1";"1";""
"201900030271";"138 249 358";"A01";"3";"33";"0";"2";"2";"3";"1";""
"201900030272";"138 249 355";"A01";"2";"50";"0";"1";"1";"1";"3";""
"201900030273";"138 249 354";"A01";"1";"31";"0";"1";"1";"1";"1";""
"201900030274";"138 249 352";"A01";"2";"7";"1";"2";"2";"15";"1";""
"201900030274";"138 249 353";"B01";"1";"80";"0";"2";"7";"1";"3";""
"201900030275";"138 249 350";"A01";"2";"30";"1";"2";"1";"5";"1";""
"201900030275";"138 249 351";"B01";"1";"1";"0";"2";"1";"1";"5";""
"201900030276";"138 249 348";"B01";"2";"1";"0";"2";"1";"1";"5";""
"201900030276";"138 249 349";"A01";"3";"10";"0";"2";"3";"1";"1";""
"201900030277";"138 249 346";"A01";"1";"30";"0";"2";"2";"1";"1";""
"201900030277";"138 249 347";"B01";"1";"7";"0";"2";"3";"11";"2";""
"201900030278";"138 249 345";"A01";"2";"7";"0";"1";"1";"16";"1";""
"201900030279";"138 249 343";"A01";"1";"7";"0";"2";"1";"2";"2";""
"201900030279";"138 249 344";"B01";"1";"43";"0";"2";"4";"2";"1";""
"201900030280";"138 249 341";"A01";"2";"7";"0";"2";"3";"9";"1";""
"201900030280";"138 249 342";"B01";"1";"2";"0";"2";"7";"1";"1";""
"201900030281";"138 249 339";"B01";"1";"10";"0";"2";"6";"1";"1";""
"201900030281";"138 249 340";"A01";"1";"7";"0";"2";"2";"1";"1";""
"201900030282";"138 249 338";"A01";"1";"33";"0";"1";"1";"1";"1";""
"201900030283";"138 249 337";"A01";"2";"32";"0";"0";"0";"1";"1";""
"201900030284";"138 249 336";"A01";"1";"30";"11";"0";"3";"17";"1";""
"201900030285";"138 249 334";"A01";"2";"7";"0";"2";"2";"15";"1";""
"201900030285";"138 249 335";"B01";"2";"33";"0";"2";"3";"15";"1";""
"201900030286";"138 249 332";"B01";"2";"7";"0";"2";"3";"1";"2";""
"201900030286";"138 249 333";"A01";"2";"2";"0";"2";"3";"5";"3";""
"201900030287";"138 249 330";"A01";"1";"43";"0";"2";"1";"1";"1";""
"201900030287";"138 249 331";"B01";"2";"1";"0";"2";"1";"17";"5";""
"201900030288";"138 249 326";"B01";"2";"7";"0";"2";"8";"1";"1";""
"201900030288";"138 249 327";"A01";"1";"32";"0";"2";"1";"1";"0";""
"201900030289";"138 249 324";"A01";"3";"7";"0";"2";"1";"1";"0";""
"201900030289";"138 249 325";"B01";"3";"7";"0";"2";"4";"23";"0";""
"201900030290";"138 249 323";"A01";"2";"30";"0";"0";"0";"2";"1";""
"201900030291";"138 249 321";"A01";"2";"7";"0";"2";"1";"10";"1";""
"201900030291";"138 249 322";"B01";"1";"30";"0";"2";"1";"0";"2";""
"201900030292";"138 249 320";"A01";"2";"10";"0";"1";"2";"1";"1";""
"201900030293";"138 249 318";"B01";"2";"32";"0";"2";"2";"15";"1";""
"201900030293";"138 249 319";"A01";"2";"7";"0";"2";"3";"15";"1";""
"201900030294";"138 249 317";"A01";"1";"32";"0";"1";"1";"26";"0";""
"201900030295";"138 249 315";"A01";"2";"7";"0";"2";"2";"2";"1";""
"201900030295";"138 249 316";"B01";"1";"7";"0";"2";"3";"2";"1";""
"201900030296";"138 249 314";"A01";"2";"7";"9";"2";"8";"17";"1";""
"201900030297";"138 249 313";"A01";"1";"7";"0";"1";"1";"1";"1";""
"201900030298";"138 249 312";"A01";"1";"7";"0";"1";"1";"1";"1";""
"201900030299";"138 249 310";"B01";"1";"7";"0";"2";"4";"1";"0";""
"201900030299";"138 249 311";"A01";"1";"7";"0";"2";"1";"1";"1";""
"201900030300";"138 249 309";"A01";"1";"3";"0";"1";"2";"1";"1";""
"201900030301";"138 249 307";"A01";"3";"7";"0";"0";"8";"24";"1";""
"201900030301";"138 249 308";"B01";"3";"2";"1";"0";"1";"17";"1";""
"201900030302";"138 249 301";"A01";"3";"7";"0";"6";"2";"26";"1";""
"201900030302";"138 249 302";"B01";"3";"1";"0";"2";"1";"1";"5";""
"201900030303";"138 249 299";"A01";"3";"15";"0";"2";"2";"26";"6";""
"201900030303";"138 249 300";"B01";"1";"7";"0";"2";"3";"1";"1";""
"201900030304";"138 249 297";"A01";"2";"7";"0";"1";"2";"17";"1";""
"201900030304";"138 249 298";"B01";"1";"1";"0";"2";"2";"1";"5";""
"201900030305";"138 249 293";"A01";"1";"7";"0";"2";"7";"26";"0";""
"201900030305";"138 249 294";"B01";"2";"7";"0";"2";"1";"1";"0";""
"201900030306";"138 249 292";"A01";"1";"7";"0";"1";"2";"19";"0";""
"201900030307";"138 249 291";"A01";"1";"7";"0";"1";"1";"9";"0";""
"201900030308";"138 249 290";"A01";"3";"7";"0";"1";"1";"1";"1";""
"201900030309";"138 249 288";"A01";"1";"7";"0";"2";"8";"11";"0";""
"201900030309";"138 249 289";"B01";"1";"34";"0";"2";"2";"1";"0";""
"201900030310";"138 249 287";"A01";"2";"7";"0";"1";"3";"17";"0";""
"201900030311";"138 249 286";"A01";"1";"33";"0";"1";"1";"11";"1";""
"201900030312";"138 249 285";"A01";"3";"7";"0";"1";"3";"17";"1";""
"201900030313";"138 249 283";"A01";"1";"10";"0";"2";"3";"2";"1";""
"201900030313";"138 249 284";"B01";"3";"10";"0";"2";"3";"15";"1";""
"201900030314";"138 249 281";"A01";"1";"10";"0";"2";"1";"1";"1";""
"201900030314";"138 249 282";"B01";"1";"10";"0";"2";"7";"1";"1";""
"201900030315";"138 249 280";"A01";"2";"3";"0";"1";"1";"16";"0";""
"201900030316";"138 249 279";"A01";"1";"7";"6";"0";"1";"26";"1";""
"201900030317";"138 249 277";"B01";"3";"7";"0";"2";"1";"1";"1";""
"201900030317";"138 249 278";"A01";"3";"7";"0";"2";"2";"19";"1";""
"201900030318";"138 249 276";"A01";"3";"10";"0";"1";"5";"4";"1";""
"201900030319";"138 249 275";"A01";"1";"7";"0";"1";"3";"1";"1";""
"201900030320";"138 249 273";"B01";"2";"7";"0";"2";"5";"11";"1";""
"201900030320";"138 249 274";"A01";"1";"33";"0";"2";"1";"1";"1";""
"201900030321";"138 249 271";"A01";"2";"7";"0";"2";"7";"1";"0";""
"201900030321";"138 249 272";"B01";"0";"10";"0";"2";"4";"20";"0";""
"201900030322";"138 249 269";"A01";"3";"7";"0";"2";"3";"1";"1";""
"201900030322";"138 249 270";"B01";"3";"10";"0";"2";"8";"15";"1";""
"201900030323";"138 249 267";"B01";"1";"7";"0";"2";"3";"2";"1";""
"201900030323";"138 249 268";"A01";"1";"13";"0";"2";"2";"2";"1";""
"201900030324";"138 249 266";"A01";"3";"7";"0";"1";"2";"1";"1";""
"201900030325";"138 249 265";"A01";"1";"3";"1";"0";"2";"14";"1";""
"201900030326";"138 249 263";"B01";"2";"1";"0";"2";"1";"2";"5";""
"201900030326";"138 249 264";"A01";"2";"7";"0";"2";"4";"1";"0";""
"201900030327";"138 249 258";"A01";"2";"33";"0";"2";"1";"1";"1";""
"201900030327";"138 249 259";"B01";"3";"7";"0";"2";"8";"19";"1";""
"201900030328";"138 249 256";"B01";"2";"1";"0";"0";"8";"19";"0";""
"201900030328";"138 249 257";"A01";"2";"30";"0";"2";"1";"19";"1";""
"201900030329";"138 249 254";"A01";"1";"7";"0";"2";"8";"15";"2";""
"201900030329";"138 249 255";"B01";"1";"2";"0";"2";"7";"17";"1";""
"201900030330";"138 249 252";"B01";"3";"7";"0";"2";"0";"2";"1";""
"201900030330";"138 249 253";"A01";"3";"32";"0";"0";"0";"0";"1";""
"201900030331";"138 249 250";"A01";"0";"50";"0";"2";"1";"1";"3";""
"201900030331";"138 249 251";"B01";"0";"7";"0";"6";"3";"1";"1";""
"201900030332";"138 249 248";"A01";"2";"7";"0";"2";"2";"15";"1";""
"201900030332";"138 249 249";"O01";"1";"34";"0";"2";"1";"1";"1";""
"201900030333";"138 249 247";"Z01";"0";"30";"0";"1";"0";"0";"0";""
"201900030334";"138 249 245";"B01";"2";"7";"0";"0";"4";"2";"1";""
"201900030334";"138 249 246";"A01";"2";"7";"1";"0";"1";"2";"1";""
"201900030335";"138 249 243";"A01";"2";"7";"0";"2";"7";"15";"1";""
"201900030335";"138 249 244";"B01";"1";"7";"0";"2";"1";"1";"1";""
"201900030336";"138 249 240";"A01";"1";"10";"0";"2";"4";"1";"1";""
"201900030336";"138 249 241";"B01";"1";"13";"0";"2";"1";"1";"1";""
"201900030336";"138 249 242";"C01";"1";"7";"0";"2";"1";"1";"1";""
"201900030337";"138 249 238";"A01";"2";"7";"0";"2";"3";"23";"1";""
"201900030337";"138 249 239";"B01";"1";"38";"0";"2";"6";"16";"1";"1"
"201900030338";"138 249 237";"A01";"1";"7";"0";"1";"2";"26";"1";""
"201900030339";"138 249 235";"B01";"1";"7";"0";"2";"7";"1";"1";""
"201900030339";"138 249 236";"A01";"1";"43";"0";"2";"1";"1";"1";""
"201900030340";"138 249 234";"A01";"1";"50";"0";"1";"1";"1";"3";""
"201900030341";"138 249 232";"B01";"1";"2";"0";"2";"1";"2";"1";""
"201900030341";"138 249 233";"A01";"2";"7";"0";"2";"8";"16";"1";""
"201900030342";"138 249 231";"A01";"2";"33";"0";"1";"7";"1";"1";""
"201900030343";"138 249 229";"B01";"2";"33";"0";"2";"1";"1";"1";""
"201900030343";"138 249 230";"A01";"1";"10";"0";"2";"7";"20";"1";""
"201900030344";"138 249 227";"A01";"3";"7";"0";"2";"2";"1";"1";""
"201900030344";"138 249 228";"B01";"3";"1";"0";"2";"4";"1";"5";""
"201900030345";"138 249 226";"A01";"3";"7";"12";"0";"1";"5";"1";""
"201900030346";"138 249 224";"B01";"2";"32";"0";"2";"7";"21";"1";""
"201900030346";"138 249 225";"A01";"2";"14";"0";"2";"1";"26";"1";""
"201900030347";"138 249 222";"B01";"3";"2";"0";"2";"8";"23";"1";""
"201900030347";"138 249 223";"A01";"3";"7";"0";"2";"7";"15";"1";""
"201900030348";"138 249 221";"A01";"1";"7";"1";"0";"1";"1";"1";""
"201900030349";"138 249 219";"B01";"2";"34";"0";"2";"3";"15";"1";""
"201900030349";"138 249 220";"A01";"2";"7";"0";"2";"1";"1";"1";""
"201900030350";"138 249 217";"B01";"1";"32";"0";"2";"1";"1";"1";""
"201900030350";"138 249 218";"A01";"1";"7";"0";"2";"6";"10";"1";""
"201900030351";"138 249 215";"B01";"3";"7";"1";"0";"2";"0";"1";""
"201900030351";"138 249 216";"A01";"3";"32";"1";"0";"1";"5";"1";""
"201900030352";"138 249 213";"B01";"3";"33";"15";"0";"8";"2";"1";""
"201900030352";"138 249 214";"A01";"3";"7";"0";"0";"2";"0";"1";""
"201900030353";"138 249 212";"A01";"3";"33";"0";"0";"0";"1";"1";""
"201900030354";"138 249 211";"A01";"2";"7";"1";"0";"7";"14";"1";""
"201900030355";"138 249 209";"B01";"2";"7";"0";"2";"6";"23";"1";""
"201900030355";"138 249 210";"A01";"2";"30";"14";"0";"1";"1";"1";""
"201900030356";"138 249 208";"A01";"0";"7";"0";"0";"1";"1";"1";""
"201900030357";"138 249 206";"A01";"2";"7";"0";"2";"1";"13";"1";""
"201900030357";"138 249 207";"B01";"1";"7";"0";"2";"1";"1";"1";""
"201900030358";"138 249 204";"B01";"3";"10";"0";"2";"1";"1";"1";""
"201900030358";"138 249 205";"A01";"2";"7";"0";"0";"7";"1";"1";""
"201900030359";"138 249 203";"A01";"0";"2";"0";"1";"1";"1";"1";""
"201900030360";"138 249 202";"A01";"2";"7";"13";"0";"1";"19";"1";""
"201900030361";"138 249 199";"A01";"1";"7";"3";"0";"3";"13";"1";""
"201900030362";"138 249 197";"A01";"3";"2";"0";"0";"0";"13";"0";""
"201900030362";"138 249 198";"B01";"3";"2";"0";"1";"2";"17";"0";""
"201900030363";"138 249 195";"A01";"2";"7";"0";"0";"8";"15";"1";""
"201900030363";"138 249 196";"B01";"2";"7";"8";"2";"1";"17";"1";""
"201900030364";"138 249 193";"B01";"2";"7";"3";"2";"3";"5";"0";""
"201900030364";"138 249 194";"A01";"1";"7";"3";"2";"1";"5";"0";""
"201900030365";"138 249 191";"B01";"2";"31";"0";"2";"1";"1";"1";""
"201900030365";"138 249 192";"A01";"0";"7";"0";"0";"3";"10";"1";""
"201900030366";"138 249 190";"A01";"0";"0";"0";"0";"0";"0";"0";""
"201900030367";"138 249 188";"A01";"1";"7";"0";"5";"2";"21";"1";""
"201900030368";"138 249 186";"B01";"0";"2";"15";"2";"1";"9";"0";""
"201900030368";"138 249 187";"A01";"0";"7";"0";"2";"7";"9";"1";""
"201900030369";"138 249 184";"B01";"1";"1";"0";"2";"1";"1";"5";""
"201900030369";"138 249 185";"A01";"2";"10";"0";"2";"3";"19";"1";""
"201900030370";"138 249 182";"B01";"1";"7";"0";"6";"2";"2";"1";""
"201900030370";"138 249 183";"A01";"1";"33";"0";"2";"1";"2";"1";""
"201900030371";"138 249 180";"B01";"2";"7";"0";"2";"3";"1";"1";""
"201900030371";"138 249 181";"A01";"1";"7";"0";"2";"3";"1";"1";""
"201900030372";"138 249 179";"A01";"2";"14";"0";"1";"2";"1";"1";""
"201900030373";"138 249 178";"A01";"1";"7";"13";"0";"1";"1";"1";""
"201900030374";"138 249 177";"A01";"1";"7";"13";"0";"7";"1";"1";""
"201900030375";"138 249 175";"A01";"2";"2";"0";"2";"1";"1";"1";""
"201900030375";"138 249 176";"B01";"2";"7";"0";"2";"2";"1";"1";""
"201900030376";"138 249 174";"A01";"1";"7";"4";"0";"3";"1";"1";""
"201900030377";"138 249 172";"B01";"3";"7";"0";"2";"2";"26";"1";""
"201900030377";"138 249 173";"A01";"3";"2";"0";"2";"1";"26";"1";""
"201900030378";"138 249 170";"A01";"1";"7";"0";"2";"1";"1";"1";""
"201900030378";"138 249 171";"B01";"2";"10";"0";"2";"4";"9";"1";""
"201900030379";"138 249 169";"A01";"1";"33";"1";"0";"1";"1";"1";""
"201900030380";"138 249 167";"B01";"1";"1";"0";"2";"4";"1";"5";""
"201900030380";"138 249 168";"A01";"1";"0";"0";"2";"2";"0";"0";""
"201900030381";"138 249 166";"A01";"1";"2";"12";"0";"1";"1";"1";""
"201900030382";"138 249 165";"A01";"2";"7";"7";"0";"1";"26";"0";""
"201900030383";"138 249 163";"B01";"2";"15";"0";"0";"3";"23";"1";""
"201900030383";"138 249 164";"A01";"1";"7";"0";"2";"3";"5";"2";""
"201900030384";"138 249 162";"A01";"0";"7";"0";"1";"6";"0";"1";""
"201900030385";"138 249 160";"B01";"0";"2";"0";"2";"7";"3";"1";""
"201900030385";"138 249 161";"A01";"0";"7";"0";"2";"1";"15";"1";""
"201900030386";"138 249 158";"B01";"2";"7";"0";"0";"1";"2";"1";""
"201900030386";"138 249 159";"A01";"1";"7";"0";"0";"1";"5";"1";""
"201900030387";"138 249 157";"A01";"0";"7";"0";"1";"1";"1";"6";""
"201900030388";"138 249 156";"A01";"1";"7";"0";"0";"0";"1";"1";""
"201900030389";"138 249 154";"B01";"1";"33";"0";"2";"1";"13";"1";""
"201900030389";"138 249 155";"A01";"2";"7";"0";"2";"3";"1";"1";""
"201900030390";"138 249 153";"A01";"1";"7";"0";"1";"2";"15";"1";""
"201900030391";"138 249 151";"A01";"2";"7";"0";"2";"1";"10";"0";""
"201900030391";"138 249 152";"B01";"2";"7";"0";"0";"2";"1";"0";""
"201900030392";"138 249 150";"A01";"1";"32";"0";"0";"1";"0";"1";""
"201900030393";"138 249 149";"A01";"1";"7";"13";"0";"2";"14";"1";""
"201900030394";"138 249 148";"A01";"1";"7";"0";"0";"7";"1";"1";""
"201900030395";"138 249 146";"B01";"1";"7";"0";"2";"1";"1";"1";""
"201900030395";"138 249 147";"A01";"2";"1";"0";"2";"1";"13";"5";""
"201900030396";"138 249 145";"A01";"2";"7";"13";"0";"3";"0";"1";""
"201900030397";"138 249 144";"A01";"2";"33";"0";"0";"1";"0";"0";""
"201900030398";"138 249 141";"C01";"1";"7";"0";"2";"1";"1";"1";""
"201900030398";"138 249 142";"A01";"2";"7";"0";"2";"1";"13";"1";""
"201900030398";"138 249 143";"B01";"1";"7";"0";"2";"1";"1";"1";""
"201900030399";"138 249 140";"A01";"2";"33";"0";"0";"1";"13";"1";""
"201900030400";"138 249 139";"A01";"0";"7";"2";"0";"7";"1";"1";""
"201900030401";"138 249 137";"A01";"2";"7";"0";"2";"1";"1";"0";""
"201900030401";"138 249 138";"B01";"1";"2";"0";"2";"1";"5";"1";""
"201900030402";"138 249 135";"A01";"1";"21";"0";"2";"3";"15";"0";""
"201900030402";"138 249 136";"B01";"1";"33";"0";"2";"1";"17";"1";""
"201900030403";"138 249 133";"B01";"1";"33";"0";"2";"1";"17";"1";""
"201900030403";"138 249 134";"A01";"2";"7";"0";"2";"6";"13";"1";""
"201900030404";"138 249 132";"A01";"1";"7";"13";"0";"9";"1";"1";""
"201900030405";"138 249 131";"A01";"1";"7";"15";"0";"2";"0";"1";""
"201900030406";"138 249 129";"B01";"1";"7";"0";"2";"3";"1";"1";""
"201900030406";"138 249 130";"A01";"2";"7";"0";"2";"3";"13";"1";""
"201900030407";"138 249 128";"A01";"3";"7";"0";"1";"6";"4";"6";""
"201900030408";"138 249 127";"A01";"3";"33";"6";"0";"1";"21";"1";""
"201900030409";"138 249 125";"A01";"3";"3";"0";"2";"3";"9";"1";""
"201900030409";"138 249 126";"B01";"3";"33";"0";"2";"7";"1";"1";""
"201900030410";"138 249 123";"B01";"1";"21";"0";"2";"3";"15";"1";""
"201900030410";"138 249 124";"A01";"1";"33";"0";"2";"1";"17";"1";""
"201900030411";"138 249 122";"A01";"2";"7";"2";"0";"1";"1";"1";""
"201900030412";"138 249 120";"B01";"1";"1";"0";"2";"3";"15";"5";""
"201900030412";"138 249 121";"A01";"1";"7";"0";"1";"2";"17";"1";""
"201900030413";"138 249 119";"A01";"0";"7";"8";"0";"1";"0";"1";""
"201900030414";"138 249 118";"A01";"2";"7";"0";"1";"2";"1";"1";""
"201900030415";"138 249 117";"A01";"1";"7";"2";"0";"3";"0";"0";""
"201900030416";"138 249 115";"B01";"0";"2";"0";"2";"1";"19";"1";""
"201900030416";"138 249 116";"A01";"3";"7";"0";"2";"3";"1";"1";""
"201900030417";"138 249 112";"A01";"2";"0";"0";"9";"0";"1";" -1";""
"201900030417";"138 249 113";"A01";"1";"7";"0";"2";"1";"17";"1";""
"201900030417";"138 249 114";"B01";"2";"1";"0";"2";"8";"1";"5";""
"201900030418";"138 249 110";"A01";"2";"31";"13";"0";"0";"1";"1";""
"201900030419";"138 249 109";"A01";"2";"7";"13";"0";"1";"1";"0";""
"201900030420";"138 249 108";"A01";"1";"7";"1";"0";"2";"1";"1";""
"201900030421";"138 249 105";"A01";"3";"7";"1";"0";"2";"1";"1";""
"201900030421";"138 249 106";"B01";"0";"7";"1";"1";"4";"22";"1";""
"201900030421";"138 249 107";"C01";"0";"7";"0";"0";"1";"0";"1";""
"201900030422";"138 249 104";"A01";"0";"7";"13";"0";"1";"0";"1";""
"201900030423";"138 249 103";"A01";"2";"7";"13";"0";"1";"1";"1";""
"201900030424";"138 249 102";"A01";"1";"33";"0";"0";"8";"15";"1";""
"201900030425";"138 249 101";"A01";"2";"33";"0";"0";"7";"1";"1";""
"201900030426";"138 249 100";"A01";"1";"7";"2";"0";"1";"1";"1";""
"201900030427";"138 249 099";"A01";"1";"7";"13";"0";"1";"1";"1";""
"201900030428";"138 249 098";"A01";"2";"33";"2";"0";"2";"1";"1";""
"201900030429";"138 249 096";"A01";"3";"20";"0";"2";"2";"15";"1";""
"201900030429";"138 249 097";"B01";"3";"33";"0";"2";"1";"1";"1";""
"201900030430";"138 249 094";"B01";"2";"7";"0";"0";"0";"15";"0";""
"201900030430";"138 249 095";"A01";"1";"32";"0";"0";"0";"21";"1";""
"201900030431";"138 249 093";"A01";"3";"10";"0";"1";"4";"4";"1";""
"201900030432";"138 249 092";"A01";"2";"7";"11";"0";"1";"1";"1";""
"201900030433";"138 249 090";"B01";"1";"7";"0";"2";"3";"1";"1";""
"201900030433";"138 249 091";"A01";"2";"7";"0";"2";"3";"1";"1";""
"201900030434";"138 249 087";"C01";"1";"7";"13";"2";"8";"1";"1";""
"201900030434";"138 249 088";"B01";"2";"7";"0";"2";"1";"1";"1";""
"201900030434";"138 249 089";"A01";"1";"7";"0";"2";"1";"17";"1";""
"201900030435";"138 249 086";"A01";"1";"7";"0";"0";"9";"1";"1";""
"201900030436";"138 249 085";"A01";"2";"7";"6";"0";"3";"13";"1";""
"201900030437";"138 249 084";"A01";"2";"7";"13";"0";"3";"13";"1";""
"201900030438";"138 249 082";"B01";"2";"7";"0";"0";"2";"1";"1";""
"201900030438";"138 249 083";"A01";"1";"7";"0";"2";"2";"15";"1";""
"201900030439";"138 249 080";"B01";"1";"7";"0";"2";"2";"1";"1";""
"201900030439";"138 249 081";"A01";"2";"7";"0";"2";"1";"15";"1";""
"201900030440";"138 249 079";"A01";"2";"7";"4";"0";"1";"5";"1";""
"201900030441";"138 249 078";"A01";"1";"7";"13";"0";"1";"1";"0";""
"201900030442";"138 249 076";"B01";"2";"7";"0";"2";"1";"1";"1";""
"201900030442";"138 249 077";"A01";"1";"7";"0";"2";"1";"13";"1";""
"201900030443";"138 249 074";"A01";"3";"7";"0";"2";"1";"26";"1";""
"201900030443";"138 249 075";"B01";"2";"7";"0";"0";"8";"1";"1";""
"201900030444";"138 249 067";"A01";"1";"7";"0";"2";"1";"2";"1";""
"201900030444";"138 249 068";"B01";"1";"7";"0";"2";"4";"1";"1";""
"201900030445";"138 249 066";"A01";"1";"7";"3";"0";"2";"1";"1";""
"201900030446";"138 249 063";"C01";"1";"7";"0";"0";"4";"2";"1";""
"201900030446";"138 249 064";"B01";"1";"7";"0";"2";"4";"2";"1";""
"201900030446";"138 249 065";"A01";"1";"7";"0";"2";"1";"2";"1";""
"201900030447";"138 249 061";"A01";"1";"7";"0";"2";"2";"1";"1";""
"201900030447";"138 249 062";"B01";"2";"7";"0";"2";"1";"1";"2";""
"201900030448";"138 249 060";"A01";"0";"99";"0";"1";"1";"0";"1";""
"201900030449";"138 249 059";"A01";"2";"7";"0";"0";"3";"0";"1";""
"201900030450";"138 249 055";"B01";"2";"7";"0";"2";"4";"1";"1";""
"201900030450";"138 249 056";"C01";"2";"7";"0";"2";"1";"1";"1";""
"201900030450";"138 249 057";"D01";"2";"7";"0";"2";"5";"1";"1";""
"201900030450";"138 249 058";"A01";"2";"7";"0";"0";"4";"1";"1";""
"201900030451";"138 249 054";"A01";"1";"7";"0";"1";"1";"1";"1";""
"201900030452";"138 249 052";"B01";"2";"2";"0";"2";"2";"17";"3";""
"201900030452";"138 249 053";"A01";"2";"10";"0";"2";"3";"15";"1";""
"201900030453";"138 249 050";"B01";"1";"14";"0";"2";"5";"12";"1";""
"201900030453";"138 249 051";"A01";"1";"32";"0";"2";"3";"18";"1";""
"201900030454";"138 249 048";"A01";"1";"1";"0";"2";"1";"16";"5";""
"201900030454";"138 249 049";"B01";"1";"7";"0";"2";"3";"1";"1";""
"201900030455";"138 249 046";"A01";"2";"10";"0";"2";"3";"13";"1";""
"201900030455";"138 249 047";"B01";"2";"31";"0";"2";"2";"17";"1";""
"201900030456";"138 249 044";"B01";"2";"7";"12";"2";"3";"1";"1";""
"201900030456";"138 249 045";"A01";"2";"7";"0";"2";"2";"14";"1";""
"201900030457";"138 249 041";"C01";"1";"7";"0";"2";"4";"23";"1";""
"201900030457";"138 249 042";"B01";"1";"7";"0";"2";"4";"23";"1";""
"201900030457";"138 249 043";"A01";"1";"7";"0";"2";"1";"2";"1";""
"201900030458";"138 249 039";"B01";"1";"7";"0";"2";"6";"2";"1";""
"201900030458";"138 249 040";"A01";"1";"34";"0";"2";"2";"2";"0";""
"201900030459";"138 249 038";"A01";"1";"32";"12";"0";"6";"13";"1";""
"201900030460";"138 249 037";"A01";"2";"7";"0";"1";"2";"1";"1";""
"201900030461";"138 249 036";"A01";"1";"7";"14";"0";"3";"13";"1";""
"201900030462";"138 249 034";"Z01";"1";"7";"0";"2";"0";"15";"0";""
"201900030462";"138 249 035";"A01";"1";"32";"0";"2";"0";"21";"1";""
"201900030463";"138 249 033";"A01";"1";"37";"0";"1";"2";"1";"1";"1"
"201900030464";"138 249 031";"A01";"2";"43";"0";"2";"2";"1";"1";""
"201900030464";"138 249 032";"Z01";"2";"7";"0";"2";"3";"13";"0";""
"201900030465";"138 249 029";"B01";"2";"31";"0";"2";"1";"1";"1";""
"201900030465";"138 249 030";"A01";"1";"7";"0";"2";"7";"15";"1";""
"201900030466";"138 249 028";"A01";"2";"1";"0";"0";"0";"21";"5";""
"201900030467";"138 249 026";"B01";"3";"32";"0";"2";"1";"18";"1";""
"201900030467";"138 249 027";"A01";"3";"17";"0";"2";"5";"16";"1";""
"201900030468";"138 249 024";"B01";"3";"60";"0";"2";"7";"19";"5";""
"201900030468";"138 249 025";"A01";"2";"7";"0";"2";"7";"1";"1";""
"201900030469";"138 249 022";"B01";"3";"30";"0";"2";"1";"1";"1";""
"201900030469";"138 249 023";"A01";"3";"7";"0";"2";"2";"15";"1";""
"201900030470";"138 249 020";"A01";"1";"33";"0";"2";"1";"3";"1";""
"201900030470";"138 249 021";"B01";"1";"7";"0";"2";"3";"15";"2";""
"201900030471";"138 249 019";"A01";"2";"7";"0";"1";"4";"20";"1";""
"201900030472";"138 249 017";"B01";"2";"7";"0";"2";"3";"15";"2";""
"201900030472";"138 249 018";"A01";"2";"1";"0";"2";"2";"1";"5";""
"201900030473";"138 249 016";"A01";"2";"7";"0";"1";"1";"1";"1";""
"201900030474";"138 249 014";"B01";"2";"1";"0";"2";"1";"1";"5";""
"201900030474";"138 249 015";"A01";"2";"7";"0";"2";"5";"1";"1";""
"201900030475";"138 249 012";"A01";"2";"33";"1";"2";"0";"1";"1";""
"201900030475";"138 249 013";"B01";"1";"7";"0";"2";"0";"15";"1";""
"201900030476";"138 249 011";"A01";"1";"1";"0";"1";"1";"1";"5";""
"201900030477";"138 249 009";"A01";"1";"10";"0";"2";"2";"2";"1";""
"201900030477";"138 249 010";"B01";"1";"33";"0";"2";"1";"15";"1";""
"201900030478";"138 249 008";"A01";"2";"80";"0";"1";"2";"1";"3";""
"201900030479";"138 249 006";"A01";"1";"30";"0";"2";"1";"1";"1";""
"201900030479";"138 249 007";"B01";"1";"7";"0";"2";"4";"23";"1";""
"201900030480";"138 249 005";"A01";"2";"32";"0";"1";"1";"1";"1";""
"201900030481";"138 249 003";"A01";"2";"1";"0";"2";"1";"7";"5";""
"201900030481";"138 249 004";"B01";"1";"7";"0";"2";"7";"16";"1";""
"201900030482";"138 249 001";"Z01";"1";"10";"0";"2";"3";"1";"1";""
"201900030482";"138 249 002";"B01";"2";"1";"0";"2";"6";"1";"5";""
"201900030483";"138 248 999";"B01";"2";"1";"0";"2";"3";"1";"5";""
"201900030483";"138 249 000";"A01";"2";"32";"0";"2";"2";"1";"1";""
"201900030484";"138 248 997";"Z01";"2";"7";"0";"2";"4";"12";"1";""
"201900030484";"138 248 998";"A01";"2";"31";"0";"2";"1";"1";"1";""
"201900030485";"138 248 995";"A01";"2";"7";"0";"2";"1";"15";"1";""