"Num_Acc";"id_vehicule";"num_veh";"senc";"catv";"obs";"obsm";"choc";"manv";"motor";"occutc"
"201900030693";"138 248 624";"A01";"1";"30";"0";"2";"2";"17";"1";""
"201900030694";"138 248 620";"A01";"2";"7";"0";"2";"3";"1";"1";""
"201900030694";"138 248 621";"B01";"1";"7";"0";"2";"8";"1";"1";""
"201900030694";"138 248 622";"C01";"1";"7";"0";"2";"3";"1";"1";""
"201900030695";"138 248 615";"A01";"3";"7";"1";"0";"4";"20";"1";""
"201900030696";"138 248 613";"A01";"3";"7";"0";"2";"5";"2";"1";""
"201900030696";"138 248 614";"B01";"3";"7";"0";"2";"0";"0";"1";""
"201900030697";"138 248 611";"B01";"1";"7";"0";"2";"5";"0";"0";""
"201900030697";"138 248 612";"A01";"1";"7";"0";"2";"3";"0";"0";""
"201900030698";"138 248 609";"B01";"0";"7";"0";"2";"8";"10";"0";""
"201900030698";"138 248 610";"A01";"0";"7";"0";"2";"2";"1";"0";""
"201900030699";"138 248 607";"B01";"3";"33";"0";"2";"7";"17";"1";""
"201900030699";"138 248 608";"A01";"3";"7";"0";"2";"8";"15";"1";""
"201900030700";"138 248 605";"A01";"1";"7";"1";"0";"1";"17";"0";""
"201900030700";"138 248 606";"B01";"2";"34";"0";"2";"1";"1";"0";""
"201900030701";"138 248 603";"B01";"3";"7";"0";"2";"3";"19";"1";""
"201900030701";"138 248 604";"A01";"2";"7";"0";"2";"3";"2";"1";""
"201900030702";"138 248 599";"Z01";"1";"7";"0";"2";"3";"1";"1";""
"201900030702";"138 248 600";"B01";"1";"7";"0";"2";"4";"23";"1";""
"201900030702";"138 248 601";"C01";"1";"7";"0";"2";"4";"23";"1";""
"201900030702";"138 248 602";"D01";"1";"7";"0";"2";"4";"23";"1";""
"201900030703";"138 248 596";"C01";"2";"7";"0";"2";"1";"2";"1";""
"201900030703";"138 248 597";"B01";"2";"7";"0";"2";"4";"23";"1";""
"201900030703";"138 248 598";"A01";"2";"7";"0";"2";"4";"23";"1";""
"201900030704";"138 248 595";"A01";"2";"7";"0";"1";"2";"1";"1";""
"201900030705";"138 248 593";"A01";"1";"3";"1";"0";"3";"20";"0";""
"201900030705";"138 248 594";"B01";"1";"3";"1";"0";"0";"0";"0";""
"201900030706";"138 248 592";"A01";"2";"30";"12";"2";"1";"25";"0";""
"201900030707";"138 248 590";"A01";"2";"7";"0";"2";"7";"15";"0";""
"201900030707";"138 248 591";"B01";"2";"31";"0";"2";"2";"17";"0";""
"201900030708";"138 248 588";"B01";"2";"34";"0";"2";"1";"1";"1";""
"201900030708";"138 248 589";"A01";"1";"7";"0";"2";"2";"15";"1";""
"201900030709";"138 248 587";"B01";"1";"33";"0";"1";"4";"23";"0";""
"201900030710";"138 248 585";"A01";"1";"7";"0";"2";"5";"1";"1";""
"201900030710";"138 248 586";"B01";"1";"7";"0";"2";"1";"15";"1";""
"201900030711";"138 248 583";"B01";"1";"7";"0";"2";"1";"1";"1";""
"201900030711";"138 248 584";"A01";"1";"10";"0";"2";"4";"26";"1";""
"201900030712";"138 248 580";"A01";"3";"32";"0";"2";"8";"26";"0";""
"201900030712";"138 248 581";"B01";"3";"7";"0";"2";"3";"16";"0";""
"201900030713";"138 248 578";"A01";"3";"10";"0";"2";"1";"1";"1";""
"201900030713";"138 248 579";"B01";"3";"10";"2";"2";"7";"1";"1";""
"201900030714";"138 248 576";"B01";"0";"14";"0";"0";"5";"12";"1";""
"201900030714";"138 248 577";"A01";"0";"43";"0";"2";"1";"16";"1";""
"201900030715";"138 248 574";"B01";"2";"7";"0";"2";"3";"10";"1";""
"201900030715";"138 248 575";"A01";"1";"7";"0";"2";"2";"1";"1";""
"201900030716";"138 248 573";"A01";"3";"1";"0";"1";"1";"2";"0";""
"201900030717";"138 248 572";"A01";"1";"10";"0";"1";"4";"4";"1";""
"201900030718";"138 248 570";"B01";"2";"7";"0";"2";"6";"1";"1";""
"201900030718";"138 248 571";"A01";"2";"17";"0";"2";"2";"21";"1";""
"201900030719";"138 248 568";"A01";"1";"7";"0";"2";"1";"26";"1";""
"201900030719";"138 248 569";"B01";"1";"32";"0";"2";"8";"1";"1";""
"201900030720";"138 248 565";"A01";"1";"32";"0";"2";"1";"1";"1";""
"201900030720";"138 248 566";"B01";"2";"1";"0";"2";"2";"1";"5";""
"201900030721";"138 248 564";"A01";"1";"50";"0";"1";"1";"1";"3";""
"201900030722";"138 248 563";"A01";"2";"30";"0";"0";"0";"1";"1";""
"201900030723";"138 248 560";"A01";"3";"7";"0";"2";"1";"1";"1";""
"201900030723";"138 248 561";"B01";"3";"7";"0";"2";"4";"1";"1";""
"201900030724";"138 248 558";"A01";"0";"7";"0";"2";"3";"15";"1";""
"201900030724";"138 248 559";"B01";"3";"33";"0";"2";"7";"17";"1";""
"201900030725";"138 248 556";"A01";"3";"7";"0";"2";"2";"15";"1";""
"201900030725";"138 248 557";"B01";"2";"32";"0";"2";"3";"1";"1";""
"201900030726";"138 248 554";"B01";"1";"7";"0";"6";"1";"1";"1";""
"201900030726";"138 248 555";"A01";"2";"1";"0";"2";"7";"1";"5";""
"201900030727";"138 248 552";"B01";"2";"34";"0";"2";"1";"1";"0";""
"201900030727";"138 248 553";"A01";"2";"7";"0";"2";"6";"15";"1";""
"201900030728";"138 248 550";"B01";"1";"7";"0";"2";"3";"1";"1";""
"201900030728";"138 248 551";"A01";"1";"30";"0";"2";"1";"1";"1";""
"201900030729";"138 248 547";"C01";"1";"33";"0";"2";"0";"11";"1";""
"201900030729";"138 248 548";"B01";"1";"7";"0";"2";"8";"0";"1";""
"201900030729";"138 248 549";"A01";"1";"33";"0";"2";"7";"12";"1";""
"201900030730";"138 248 544";"A01";"2";"7";"0";"2";"2";"20";"1";""
"201900030730";"138 248 545";"B01";"2";"43";"0";"2";"7";"1";"1";""
"201900030731";"138 248 542";"A01";"1";"7";"13";"2";"0";"1";"1";""
"201900030731";"138 248 543";"B01";"2";"7";"0";"2";"8";"1";"1";""
"201900030732";"138 248 541";"A01";"2";"7";"13";"0";"1";"1";"1";""
"201900030733";"138 248 539";"A01";"1";"1";"0";"2";"1";"1";"5";""
"201900030733";"138 248 540";"B01";"2";"7";"0";"9";"3";"13";"1";""
"201900030734";"138 248 538";"A01";"1";"7";"0";"0";"9";"1";"1";""
"201900030735";"138 248 537";"A01";"1";"7";"2";"0";"6";"0";"1";""
"201900030736";"138 248 536";"A01";"1";"7";"0";"1";"1";"21";"1";""
"201900030737";"138 248 535";"A01";"2";"10";"4";"0";"2";"1";"1";""
"201900030738";"138 248 533";"A01";"2";"7";"4";"0";"6";"23";"1";""
"201900030738";"138 248 534";"B01";"2";"34";"1";"0";"1";"18";"1";""
"201900030739";"138 248 532";"A01";"2";"7";"16";"0";"1";"1";"1";""
"201900030740";"138 248 530";"B01";"2";"17";"0";"2";"1";"13";"1";""
"201900030740";"138 248 531";"A01";"1";"7";"0";"0";"8";"0";"1";""
"201900030741";"138 248 527";"A01";"1";"7";"0";"2";"2";"0";"1";""
"201900030741";"138 248 528";"B01";"1";"7";"0";"2";"8";"11";"1";""
"201900030741";"138 248 529";"C01";"1";"17";"0";"2";"8";"1";"1";""
"201900030742";"138 248 525";"B01";"1";"7";"0";"2";"1";"1";"1";""
"201900030742";"138 248 526";"A01";"2";"10";"4";"2";"7";"13";"1";""
"201900030743";"138 248 523";"B01";"2";"7";"0";"2";"1";"1";"1";""
"201900030743";"138 248 524";"A01";"1";"7";"0";"2";"1";"19";"1";""
"201900030744";"138 248 522";"A01";"2";"7";"2";"0";"1";"0";"1";""
"201900030745";"138 248 520";"B01";"2";"7";"8";"2";"1";"1";"1";""
"201900030745";"138 248 521";"A01";"2";"7";"0";"2";"3";"0";"1";""
"201900030746";"138 248 517";"B01";"2";"7";"0";"0";"4";"1";"1";""
"201900030746";"138 248 518";"A01";"2";"7";"0";"2";"1";"2";"1";""
"201900030747";"138 248 515";"B01";"1";"7";"0";"2";"7";"5";"1";""
"201900030747";"138 248 516";"A01";"2";"15";"3";"2";"1";"1";"1";""
"201900030748";"138 248 514";"A01";"3";"7";"0";"0";"1";"0";"1";""
"201900030749";"138 248 513";"A01";"2";"7";"15";"0";"2";"1";"1";""
"201900030750";"138 248 511";"B01";"2";"33";"0";"2";"2";"17";"1";""
"201900030750";"138 248 512";"A01";"2";"7";"0";"0";"6";"15";"1";""
"201900030751";"138 248 509";"A01";"2";"14";"0";"0";"4";"24";"1";""
"201900030751";"138 248 510";"B01";"2";"7";"1";"0";"1";"14";"1";""
"201900030752";"138 248 508";"A01";"2";"7";"8";"0";"1";"1";"1";""
"201900030753";"138 248 507";"A01";"3";"7";"2";"0";"5";"1";"1";""
"201900030754";"138 248 506";"A01";"2";"7";"5";"0";"1";"1";"1";""
"201900030755";"138 248 504";"A01";"1";"7";"0";"1";"4";"23";"1";""
"201900030755";"138 248 505";"B01";"1";"7";"0";"2";"1";"1";"1";""
"201900030756";"138 248 502";"B01";"2";"1";"0";"2";"1";"2";"5";""
"201900030756";"138 248 503";"A01";"2";"7";"0";"2";"7";"16";"1";""
"201900030757";"138 248 501";"A01";"1";"7";"3";"0";"2";"1";"1";""
"201900030758";"138 248 500";"A01";"0";"10";"3";"0";"1";"1";"1";""
"201900030759";"138 248 498";"B01";"3";"7";"0";"0";"0";"0";"1";""
"201900030759";"138 248 499";"A01";"0";"2";"12";"0";"3";"17";"1";""
"201900030760";"138 248 496";"B01";"1";"7";"0";"2";"1";"1";"1";""
"201900030760";"138 248 497";"A01";"2";"3";"0";"2";"1";"1";"1";""
"201900030761";"138 248 494";"B01";"1";"7";"0";"2";"3";"1";"1";""
"201900030761";"138 248 495";"A01";"2";"7";"0";"2";"1";"13";"1";""
"201900030762";"138 248 492";"B01";"3";"1";"0";"0";"4";"2";"5";""
"201900030762";"138 248 493";"A01";"3";"1";"0";"9";"4";"2";"5";""
"201900030763";"138 248 490";"A01";"1";"7";"6";"0";"0";"17";"1";""
"201900030763";"138 248 491";"B01";"2";"7";"0";"0";"8";"1";"6";""
"201900030764";"138 248 489";"A01";"1";"7";"6";"0";"3";"13";"1";""
"201900030765";"138 248 488";"A01";"3";"33";"0";"0";"0";"1";"1";""
"201900030766";"138 248 487";"A01";"1";"7";"8";"0";"9";"1";"1";""
"201900030767";"138 248 485";"A01";"1";"7";"0";"0";"7";"15";"1";""
"201900030767";"138 248 486";"C01";"2";"33";"0";"2";"3";"1";"1";""
"201900030768";"138 248 483";"B01";"1";"7";"0";"2";"7";"12";"0";""
"201900030768";"138 248 484";"A01";"1";"33";"0";"2";"8";"1";"1";""
"201900030769";"138 248 481";"B01";"2";"21";"0";"2";"4";"23";"1";""
"201900030769";"138 248 482";"A01";"2";"7";"0";"2";"1";"1";"1";""
"201900030770";"138 248 479";"A01";"2";"7";"0";"2";"3";"1";"1";""
"201900030770";"138 248 480";"B01";"1";"21";"0";"2";"3";"1";"1";""
"201900030771";"138 248 477";"B01";"1";"33";"0";"2";"1";"1";"1";""
"201900030771";"138 248 478";"A01";"2";"7";"0";"2";"3";"15";"1";""
"201900030772";"138 248 475";"A01";"2";"7";"0";"9";"7";"14";"0";""
"201900030772";"138 248 476";"B01";"2";"1";"0";"2";"8";"1";"6";""
"201900030773";"138 248 473";"B01";"1";"33";"0";"2";"8";"1";"1";""
"201900030773";"138 248 474";"A01";"1";"7";"0";"2";"2";"9";"1";""
"201900030774";"138 248 471";"A01";"1";"1";"0";"2";"8";"1";"5";""
"201900030774";"138 248 472";"B01";"1";"7";"0";"2";"2";"16";"1";""
"201900030775";"138 248 469";"A01";"2";"7";"0";"2";"1";"15";"1";""
"201900030775";"138 248 470";"B01";"1";"34";"0";"2";"7";"17";"1";""
"201900030776";"138 248 467";"A01";"2";"7";"0";"2";"2";"15";"1";""
"201900030776";"138 248 468";"B01";"1";"31";"0";"2";"1";"1";"1";""
"201900030777";"138 248 466";"A01";"3";"7";"16";"0";"0";"0";"1";""
"201900030778";"138 248 464";"B01";"3";"7";"3";"2";"1";"0";"1";""
"201900030778";"138 248 465";"A01";"3";"7";"0";"2";"1";"1";"1";""
"201900030779";"138 248 463";"A01";"0";"7";"15";"0";"1";"0";"1";""
"201900030780";"138 248 461";"B01";"0";"33";"0";"2";"1";"1";"1";""
"201900030780";"138 248 462";"A01";"0";"7";"0";"9";"2";"10";"2";""
"201900030781";"138 248 459";"A01";"1";"7";"0";"2";"1";"17";"1";""
"201900030781";"138 248 460";"B01";"2";"7";"0";"2";"1";"1";"1";""
"201900030782";"138 248 457";"A01";"2";"33";"13";"0";"0";"1";"1";""
"201900030783";"138 248 456";"A01";"0";"33";"0";"0";"0";"1";"1";""
"201900030784";"138 248 453";"B01";"2";"31";"0";"2";"1";"1";"0";""
"201900030784";"138 248 454";"A01";"1";"7";"0";"2";"3";"15";"0";""
"201900030784";"138 248 455";"C01";"2";"7";"0";"2";"3";"23";"0";""
"201900030785";"138 248 451";"A01";"2";"7";"0";"2";"1";"13";"0";""
"201900030785";"138 248 452";"B01";"1";"7";"0";"2";"1";"1";"0";""
"201900030786";"138 248 449";"A01";"3";"7";"0";"2";"5";"19";"1";""
"201900030786";"138 248 450";"B01";"2";"2";"0";"2";"2";"1";"1";""
"201900030787";"138 248 448";"A01";"2";"7";"16";"0";"9";"1";"1";""
"201900030788";"138 248 445";"C01";"1";"7";"0";"2";"1";"1";"1";""
"201900030788";"138 248 446";"B01";"2";"7";"0";"2";"4";"15";"1";""
"201900030788";"138 248 447";"A01";"2";"7";"0";"2";"1";"2";"1";""
"201900030789";"138 248 444";"A01";"3";"7";"0";"1";"1";"2";"1";""
"201900030790";"138 248 442";"A01";"2";"33";"0";"2";"1";"13";"1";""
"201900030790";"138 248 443";"B01";"1";"7";"0";"2";"1";"1";"1";""
"201900030791";"138 248 440";"A01";"1";"7";"8";"0";"3";"13";"1";""
"201900030792";"138 248 437";"C01";"2";"33";"0";"2";"8";"1";"1";""
"201900030792";"138 248 438";"B01";"1";"7";"0";"2";"1";"1";"1";""
"201900030792";"138 248 439";"A01";"2";"7";"0";"2";"1";"15";"1";""
"201900030793";"138 248 434";"A01";"3";"2";"0";"2";"3";"1";"1";""
"201900030793";"138 248 435";"C01";"3";"7";"0";"2";"3";"1";"2";""
"201900030793";"138 248 436";"B01";"3";"7";"0";"2";"1";"1";"1";""
"201900030794";"138 248 432";"B01";"1";"7";"0";"2";"1";"1";"0";""
"201900030794";"138 248 433";"A01";"2";"7";"0";"2";"1";"5";"0";""
"201900030795";"138 248 430";"A01";"3";"7";"0";"1";"4";"4";"0";""
"201900030795";"138 248 431";"B01";"0";"0";"0";"0";"0";"0";"5";""
"201900030796";"138 248 428";"A01";"2";"7";"0";"2";"1";"1";"1";""
"201900030796";"138 248 429";"B01";"0";"7";"0";"2";"8";"19";"1";""
"201900030797";"138 248 426";"A01";"2";"10";"0";"2";"2";"1";"1";""
"201900030797";"138 248 427";"B01";"2";"7";"0";"2";"3";"1";"1";""
"201900030798";"138 248 424";"B01";"1";"1";"0";"2";"8";"1";"5";""
"201900030798";"138 248 425";"A01";"1";"7";"0";"9";"2";"17";"0";""
"201900030799";"138 248 423";"A01";"2";"7";"8";"0";"1";"1";"1";""
"201900030800";"138 248 422";"A01";"3";"7";"0";"1";"3";"1";"1";""
"201900030801";"138 248 421";"A01";"2";"31";"10";"0";"1";"1";"1";""
"201900030802";"138 248 420";"A01";"2";"7";"13";"0";"1";"17";"1";""
"201900030803";"138 248 418";"A01";"1";"33";"0";"0";"8";"0";"0";""
"201900030804";"138 248 415";"A01";"0";"2";"0";"2";"1";"1";"1";""
"201900030804";"138 248 416";"B01";"0";"2";"0";"2";"4";"1";"1";""
"201900030804";"138 248 417";"C01";"0";"2";"0";"2";"4";"1";"1";""
"201900030805";"138 248 414";"A01";"3";"2";"1";"0";"7";"0";"1";""
"201900030806";"138 248 412";"A01";"1";"7";"0";"2";"3";"13";"1";""
"201900030806";"138 248 413";"B01";"2";"7";"13";"2";"2";"1";"1";""
"201900030807";"138 248 411";"A01";"1";"33";"0";"0";"8";"1";"1";""
"201900030808";"138 248 410";"A01";"1";"14";"0";"1";"5";"0";"1";""
"201900030809";"138 248 409";"A01";"1";"7";"2";"0";"1";"13";"1";""
"201900030810";"138 248 400";"A01";"1";"33";"0";"0";"0";"0";"1";""
"201900030811";"138 248 398";"B01";"0";"2";"0";"2";"2";"1";"1";""
"201900030811";"138 248 399";"A01";"0";"7";"0";"2";"3";"15";"1";""
"201900030812";"138 248 397";"A01";"3";"2";"0";"0";"8";"1";"1";""
"201900030813";"138 248 395";"A01";"1";"60";"0";"2";"8";"15";"5";""
"201900030813";"138 248 396";"B01";"1";"7";"0";"2";"2";"1";"1";""
"201900030814";"138 248 394";"A01";"1";"7";"0";"1";"1";"1";"1";""
"201900030815";"138 248 392";"B01";"2";"17";"0";"2";"6";"15";"1";""
"201900030815";"138 248 393";"A01";"2";"33";"0";"2";"2";"2";"1";""
"201900030816";"138 248 391";"A01";"3";"31";"0";"0";"1";"1";"1";""
"201900030817";"138 248 388";"C01";"2";"7";"0";"2";"1";"1";"1";""
"201900030817";"138 248 389";"B01";"2";"7";"0";"2";"6";"1";"1";""
"201900030817";"138 248 390";"A01";"1";"7";"0";"2";"1";"13";"1";""
"201900030818";"138 248 386";"A01";"1";"7";"0";"2";"3";"13";"1";""
"201900030818";"138 248 387";"B01";"2";"7";"0";"0";"3";"1";"1";""
"201900030819";"138 248 384";"A01";"1";"7";"0";"2";"8";"15";"0";""
"201900030819";"138 248 385";"B01";"2";"1";"0";"2";"1";"1";"6";""
"201900030820";"138 248 383";"A01";"3";"7";"2";"0";"8";"1";"1";""
"201900030821";"138 248 382";"A01";"1";"10";"7";"0";"1";"26";"1";""
"201900030822";"138 248 381";"A01";"1";"7";"0";"1";"1";"1";"1";""
"201900030823";"138 248 379";"B01";"2";"1";"0";"0";"8";"1";"5";""
"201900030823";"138 248 380";"A01";"2";"7";"0";"2";"7";"17";"1";""
"201900030824";"138 248 378";"A01";"3";"7";"0";"1";"4";"20";"1";""
"201900030825";"138 248 377";"A01";"1";"7";"0";"1";"1";"9";"1";""
"201900030826";"138 248 375";"B01";"1";"7";"0";"2";"5";"1";"1";""
"201900030826";"138 248 376";"A01";"1";"31";"0";"2";"8";"13";"1";""
"201900030827";"138 248 373";"A01";"3";"7";"0";"2";"1";"9";"1";""
"201900030827";"138 248 374";"B01";"3";"7";"0";"2";"4";"9";"1";""
"201900030828";"138 248 372";"A01";"3";"7";"0";"1";"1";"1";"1";""
"201900030829";"138 248 371";"A01";"1";"7";"2";"0";"2";"0";"1";""
"201900030830";"138 248 369";"B01";"3";"7";"0";"2";"6";"0";"1";""
"201900030830";"138 248 370";"A01";"3";"33";"0";"2";"6";"21";"1";""
"201900030831";"138 248 367";"B01";"2";"37";"0";"2";"3";"1";"1";"1"
"201900030831";"138 248 368";"A01";"2";"14";"3";"2";"5";"17";"1";""
"201900030832";"138 248 365";"A01";"3";"7";"0";"2";"2";"1";"1";""
"201900030832";"138 248 366";"B01";"3";"1";"0";"2";"0";"0";"0";""
"201900030833";"138 248 363";"A01";"1";"7";"0";"2";"5";"16";"1";""
"201900030833";"138 248 364";"B01";"1";"1";"0";"2";"1";"1";"5";""
"201900030834";"138 248 362";"A01";"2";"7";"1";"0";"3";"13";"1";""
"201900030835";"138 248 360";"B01";"2";"7";"0";"2";"7";"1";"1";""
"201900030835";"138 248 361";"A01";"2";"7";"4";"2";"8";"9";"1";""
"201900030836";"138 248 359";"A01";"3";"32";"12";"1";"2";"14";"1";""
"201900030837";"138 248 356";"C01";"2";"7";"0";"2";"4";"1";"1";""
"201900030837";"138 248 357";"B01";"2";"7";"0";"2";"1";"1";"1";""
"201900030837";"138 248 358";"A01";"2";"10";"0";"2";"1";"1";"1";""
"201900030838";"138 248 354";"A01";"2";"7";"0";"2";"0";"10";"1";""
"201900030838";"138 248 355";"B01";"2";"33";"0";"2";"0";"1";"1";""
"201900030839";"138 248 353";"A01";"2";"7";"12";"0";"1";"26";"1";""
"201900030840";"138 248 351";"A01";"1";"33";"0";"2";"8";"1";"1";""
"201900030840";"138 248 352";"B01";"2";"7";"0";"2";"2";"15";"1";""
"201900030841";"138 248 349";"A01";"2";"7";"0";"0";"0";"15";"1";""
"201900030841";"138 248 350";"B01";"2";"31";"0";"0";"0";"17";"1";""
"201900030842";"138 248 347";"B01";"1";"1";"0";"2";"1";"1";"0";""
"201900030842";"138 248 348";"A01";"1";"7";"0";"2";"7";"16";"0";""
"201900030843";"138 248 345";"A01";"1";"30";"0";"2";"1";"17";"1";""
"201900030843";"138 248 346";"B01";"3";"10";"0";"2";"8";"15";"1";""
"201900030844";"138 248 342";"C01";"1";"7";"0";"2";"4";"23";"1";""
"201900030844";"138 248 343";"A01";"1";"10";"0";"2";"1";"2";"1";""
"201900030844";"138 248 344";"B01";"1";"7";"0";"2";"4";"23";"1";""
"201900030845";"138 248 340";"A01";"2";"31";"0";"2";"0";"2";"0";""
"201900030845";"138 248 341";"B01";"2";"7";"0";"2";"6";"2";"1";""
"201900030846";"138 248 338";"B01";"2";"7";"0";"2";"4";"1";"1";""
"201900030846";"138 248 339";"A01";"2";"7";"0";"2";"1";"26";"1";""
"201900030847";"138 248 336";"B01";"1";"50";"0";"2";"1";"19";"3";""
"201900030847";"138 248 337";"A01";"1";"7";"0";"6";"7";"26";"1";""
"201900030848";"138 248 334";"B01";"1";"7";"0";"2";"4";"23";"1";""
"201900030848";"138 248 335";"A01";"3";"7";"0";"2";"1";"2";"1";""
"201900030849";"138 248 333";"H01";"3";"7";"1";"0";"1";"26";"1";""
"201900030850";"138 248 331";"B01";"2";"80";"1";"0";"1";"17";"3";""
"201900030850";"138 248 332";"A01";"2";"7";"0";"2";"8";"24";"1";""
"201900030851";"138 248 330";"A01";"3";"10";"0";"1";"1";"15";"1";""
"201900030852";"138 248 329";"A01";"3";"7";"0";"1";"2";"16";"1";""
"201900030853";"138 248 328";"A01";"2";"7";"2";"0";"0";"14";"1";""
"201900030854";"138 248 326";"A01";"1";"7";"0";"2";"1";"2";"1";""
"201900030854";"138 248 327";"B01";"1";"7";"0";"2";"4";"2";"1";""
"201900030855";"138 248 324";"A01";"2";"7";"0";"2";"1";"2";"1";""
"201900030855";"138 248 325";"B01";"2";"7";"0";"2";"4";"2";"1";""
"201900030856";"138 248 322";"B01";"3";"1";"0";"2";"0";"0";"5";""
"201900030856";"138 248 323";"A01";"3";"7";"0";"2";"0";"2";"0";""
"201900030857";"138 248 321";"A01";"3";"3";"8";"0";"1";"26";"1";""
"201900030858";"138 248 318";"B01";"1";"7";"0";"2";"0";"12";"0";""
"201900030858";"138 248 319";"C01";"1";"1";"0";"2";"1";"2";"0";""
"201900030858";"138 248 320";"A01";"1";"7";"0";"2";"1";"12";"1";""
"201900030859";"138 248 316";"A01";"1";"7";"0";"2";"2";"16";"1";""
"201900030859";"138 248 317";"B01";"2";"1";"0";"2";"4";"1";"5";""
"201900030860";"138 248 314";"A01";"1";"7";"0";"2";"7";"26";"1";""
"201900030860";"138 248 315";"B01";"1";"33";"0";"2";"8";"1";"1";""
"201900030861";"138 248 312";"A01";"2";"7";"3";"0";"0";"26";"1";""
"201900030861";"138 248 313";"B01";"2";"7";"0";"2";"0";"0";"0";""
"201900030862";"138 248 310";"B01";"1";"7";"0";"2";"3";"15";"1";""
"201900030862";"138 248 311";"A01";"2";"33";"0";"2";"1";"1";"1";""
"201900030863";"138 248 308";"A01";"3";"7";"0";"2";"1";"15";"1";""
"201900030863";"138 248 309";"B01";"3";"31";"0";"2";"8";"1";"1";""
"201900030864";"138 248 306";"A01";"3";"31";"0";"2";"3";"9";"1";""
"201900030864";"138 248 307";"B01";"1";"7";"14";"2";"2";"9";"1";""
"201900030865";"138 248 305";"A01";"1";"7";"0";"1";"2";"26";"0";""
"201900030866";"138 248 303";"A01";"3";"7";"0";"2";"1";"18";"1";""
"201900030866";"138 248 304";"B01";"3";"2";"0";"2";"1";"17";"1";""
"201900030867";"138 248 302";"A01";"3";"7";"0";"1";"3";"1";"1";""
"201900030868";"138 248 300";"B01";"0";"32";"0";"2";"1";"23";"1";""
"201900030868";"138 248 301";"A01";"2";"50";"0";"2";"1";"1";"3";""
"201900030869";"138 248 298";"A01";"0";"1";"0";"2";"1";"19";"5";""
"201900030869";"138 248 299";"B01";"0";"7";"0";"2";"1";"15";"1";""
"201900030870";"138 248 297";"A01";"3";"33";"0";"1";"2";"1";"1";""
"201900030871";"138 248 295";"A01";"3";"7";"0";"2";"2";"15";"1";""
"201900030871";"138 248 296";"B01";"3";"33";"0";"2";"1";"1";"1";""
"201900030872";"138 248 293";"A01";"1";"10";"0";"2";"1";"16";"1";""
"201900030872";"138 248 294";"B01";"1";"1";"0";"2";"4";"1";"5";""
"201900030873";"138 248 290";"A01";"0";"7";"0";"2";"2";"2";"1";""
"201900030873";"138 248 291";"C01";"0";"10";"0";"2";"4";"2";"1";""
"201900030873";"138 248 292";"B01";"0";"32";"0";"2";"4";"2";"1";""
"201900030874";"138 248 288";"B01";"2";"7";"0";"2";"3";"1";"0";""
"201900030874";"138 248 289";"A01";"1";"7";"0";"2";"3";"13";"0";""
"201900030875";"138 248 286";"B01";"0";"1";"0";"2";"1";"1";"5";""
"201900030875";"138 248 287";"A01";"0";"10";"0";"2";"1";"1";"1";""
"201900030876";"138 248 284";"A01";"2";"7";"0";"2";"1";"2";"1";""
"201900030876";"138 248 285";"B01";"2";"7";"0";"0";"4";"2";"1";""
"201900030877";"138 248 282";"B01";"0";"7";"0";"2";"2";"2";"1";""
"201900030877";"138 248 283";"A01";"3";"7";"0";"2";"1";"15";"1";""
"201900030878";"138 248 280";"B01";"0";"31";"0";"2";"1";"1";"1";""
"201900030878";"138 248 281";"A01";"0";"7";"0";"2";"3";"15";"1";""
"201900030879";"138 248 277";"B01";"1";"7";"14";"2";"1";"2";"0";""
"201900030879";"138 248 278";"C01";"1";"7";"0";"2";"5";"1";"0";""
"201900030879";"138 248 279";"A01";"1";"7";"14";"2";"1";"26";"0";""
"201900030880";"138 248 275";"B01";"2";"30";"0";"2";"3";"15";"1";""
"201900030880";"138 248 276";"A01";"2";"10";"0";"2";"3";"1";"1";""
"201900030881";"138 248 274";"A01";"0";"7";"6";"0";"1";"1";"1";""
"201900030882";"138 248 272";"A01";"2";"2";"0";"2";"1";"1";"1";""
"201900030882";"138 248 273";"B01";"2";"7";"0";"0";"4";"1";"1";""
"201900030883";"138 248 270";"B01";"1";"7";"0";"2";"1";"1";"1";""
"201900030883";"138 248 271";"A01";"2";"7";"0";"2";"1";"13";"1";""
"201900030884";"138 248 269";"B01";"2";"7";"0";"1";"1";"1";"1";""
"201900030885";"138 248 268";"A01";"0";"1";"0";"1";"2";"1";"5";""
"201900030886";"138 248 266";"A01";"1";"7";"1";"2";"1";"1";"1";""
"201900030886";"138 248 267";"B01";"3";"7";"0";"2";"2";"1";"1";""
"201900030887";"138 248 263";"A01";"1";"7";"0";"2";"1";"1";"1";""
"201900030887";"138 248 264";"C01";"1";"7";"0";"2";"4";"2";"1";""
"201900030887";"138 248 265";"B01";"1";"7";"0";"2";"4";"2";"1";""
"201900030888";"138 248 262";"A01";"1";"10";"0";"1";"3";"1";"1";""
"201900030889";"138 248 260";"B01";"2";"7";"0";"2";"1";"1";"1";""
"201900030889";"138 248 261";"A01";"2";"7";"0";"2";"4";"9";"1";""
"201900030890";"138 248 258";"A01";"3";"33";"0";"2";"8";"2";"0";""
"201900030890";"138 248 259";"B01";"3";"7";"0";"2";"8";"9";"1";""
"201900030891";"138 248 256";"B01";"1";"7";"0";"2";"4";"23";"1";""