"Num_Acc";"id_vehicule";"num_veh";"senc";"catv";"obs";"obsm";"choc";"manv";"motor";"occutc"
"201900031289";"138 247 500";"C01";"1";"7";"0";"2";"1";"2";"1";""
"201900031289";"138 247 501";"B01";"1";"33";"0";"2";"2";"2";"1";""
"201900031289";"138 247 502";"A01";"1";"10";"0";"2";"6";"11";"1";""
"201900031290";"138 247 497";"A01";"1";"10";"2";"2";"1";"13";"1";""
"201900031290";"138 247 498";"B01";"2";"43";"0";"2";"1";"1";"1";""
"201900031290";"138 247 499";"C01";"2";"7";"0";"2";"1";"1";"1";""
"201900031291";"138 247 495";"B01";"1";"33";"0";"2";"3";"1";"1";""
"201900031291";"138 247 496";"A01";"2";"7";"0";"2";"2";"15";"1";""
"201900031292";"138 247 494";"A01";"2";"30";"0";"1";"1";"1";"1";""
"201900031293";"138 247 493";"A01";"1";"7";"11";"0";"3";"17";"1";""
"201900031294";"138 247 491";"A01";"1";"50";"0";"2";"3";"1";"3";""
"201900031294";"138 247 492";"Z01";"1";"7";"0";"2";"2";"17";"1";""
"201900031295";"138 247 490";"A01";"1";"1";"8";"0";"1";"1";"5";""
"201900031296";"138 247 488";"A01";"1";"7";"0";"2";"5";"16";"1";""
"201900031296";"138 247 489";"B01";"1";"1";"0";"2";"7";"7";"5";""
"201900031297";"138 247 487";"A01";"1";"7";"0";"1";"1";"15";"1";""
"201900031298";"138 247 485";"B01";"1";"10";"0";"2";"3";"1";"1";""
"201900031298";"138 247 486";"A01";"1";"50";"0";"2";"2";"19";"3";""
"201900031299";"138 247 484";"A01";"2";"7";"0";"1";"3";"16";"2";""
"201900031300";"138 247 482";"B01";"1";"14";"0";"2";"2";"20";"4";""
"201900031300";"138 247 483";"A01";"1";"33";"1";"2";"8";"18";"1";""
"201900031301";"138 247 480";"B01";"1";"7";"0";"2";"2";"15";"1";""
"201900031301";"138 247 481";"A01";"1";"30";"0";"2";"1";"5";"1";""
"201900031302";"138 247 478";"A01";"1";"30";"0";"2";"1";"2";"1";""
"201900031302";"138 247 479";"B01";"1";"10";"0";"2";"4";"23";"1";""
"201900031303";"138 247 476";"A01";"2";"32";"0";"2";"7";"17";"1";""
"201900031303";"138 247 477";"B01";"2";"7";"0";"2";"8";"15";"1";""
"201900031304";"138 247 475";"A01";"1";"7";"8";"0";"1";"13";"1";""
"201900031305";"138 247 473";"A01";"2";"7";"0";"9";"8";"2";"1";""
"201900031305";"138 247 474";"B01";"2";"50";"0";"2";"1";"1";"3";""
"201900031306";"138 247 472";"A01";"1";"7";"7";"0";"1";"1";"1";""
"201900031307";"138 247 471";"A01";"1";"7";"0";"1";"2";"1";"1";""
"201900031308";"138 247 470";"A01";"0";"10";"0";"1";"7";"1";"1";""
"201900031309";"138 247 468";"A01";"2";"7";"0";"2";"3";"15";"1";""
"201900031309";"138 247 469";"B01";"1";"34";"0";"2";"5";"2";"1";""
"201900031310";"138 247 466";"B01";"3";"33";"0";"2";"7";"2";"1";""
"201900031310";"138 247 467";"A01";"3";"10";"0";"2";"1";"19";"1";""
"201900031311";"138 247 465";"Z01";"0";"10";"0";"1";"0";"26";"0";""
"201900031312";"138 247 463";"B01";"3";"7";"0";"2";"1";"0";"0";""
"201900031312";"138 247 464";"A01";"3";"32";"0";"2";"1";"1";"1";""
"201900031313";"138 247 462";"A01";"3";"7";"0";"1";"1";"15";"1";""
"201900031314";"138 247 461";"Z01";"1";"7";"0";"1";"1";"26";"0";""
"201900031315";"138 247 460";"A01";"1";"7";"0";"1";"1";"1";"0";""
"201900031316";"138 247 459";"A01";"1";"7";"0";"1";"0";"26";"1";""
"201900031317";"138 247 458";"A01";"3";"7";"0";"1";"1";"19";"1";""
"201900031318";"138 247 457";"A01";"0";"7";"0";"1";"1";"19";"1";""
"201900031319";"138 247 456";"A01";"3";"7";"0";"1";"0";"1";"1";""
"201900031320";"138 247 454";"A01";"3";"7";"0";"2";"3";"9";"1";""
"201900031320";"138 247 455";"B01";"3";"2";"0";"2";"2";"21";"1";""
"201900031321";"138 247 451";"A01";"1";"7";"0";"2";"5";"9";"1";""
"201900031321";"138 247 452";"B01";"1";"7";"0";"2";"5";"9";"1";""
"201900031321";"138 247 453";"C01";"3";"7";"0";"2";"0";"0";"0";""
"201900031322";"138 247 449";"A01";"2";"7";"0";"2";"0";"15";"1";""
"201900031322";"138 247 450";"B01";"2";"2";"0";"2";"1";"1";"1";""
"201900031323";"138 247 448";"A01";"1";"32";"0";"1";"1";"1";"1";""
"201900031324";"138 247 446";"A01";"3";"7";"0";"2";"4";"26";"0";""
"201900031324";"138 247 447";"B01";"0";"10";"0";"2";"1";"0";"0";""
"201900031325";"138 247 445";"A01";"3";"7";"0";"1";"2";"2";"1";""
"201900031326";"138 247 444";"A01";"3";"7";"1";"0";"2";"14";"1";""
"201900031327";"138 247 442";"A01";"1";"7";"0";"2";"3";"10";"1";""
"201900031327";"138 247 443";"B01";"1";"1";"0";"2";"2";"1";"5";""
"201900031328";"138 247 440";"B01";"2";"3";"0";"2";"8";"22";"1";""
"201900031328";"138 247 441";"A01";"2";"32";"0";"2";"3";"21";"1";""
"201900031329";"138 247 439";"A01";"1";"7";"0";"1";"1";"1";"1";""
"201900031330";"138 247 438";"A01";"3";"33";"4";"0";"1";"2";"1";""
"201900031331";"138 247 436";"B01";"2";"7";"0";"2";"0";"20";"1";""
"201900031331";"138 247 437";"A01";"2";"30";"0";"2";"4";"20";"1";""
"201900031332";"138 247 434";"B01";"1";"7";"0";"2";"7";"1";"1";""
"201900031332";"138 247 435";"A01";"1";"30";"0";"2";"3";"13";"1";""
"201900031333";"138 247 432";"B01";"3";"40";"0";"2";"1";"1";"3";""
"201900031333";"138 247 433";"A01";"3";"1";"0";"4";"2";"1";"5";""
"201900031334";"138 247 431";"A01";"1";"10";"0";"1";"1";"16";"1";""
"201900031335";"138 247 429";"A01";"3";"13";"0";"2";"5";"16";"1";""
"201900031335";"138 247 430";"B01";"1";"1";"0";"2";"8";"0";"5";""
"201900031336";"138 247 426";"C01";"3";"1";"0";"0";"0";"1";"5";""
"201900031336";"138 247 427";"B01";"3";"1";"0";"2";"1";"1";"5";""
"201900031336";"138 247 428";"A01";"3";"7";"0";"2";"2";"15";"1";""
"201900031337";"138 247 424";"A01";"1";"7";"0";"2";"3";"1";"1";""
"201900031337";"138 247 425";"B01";"2";"2";"0";"2";"7";"26";"1";""
"201900031338";"138 247 423";"A01";"3";"7";"0";"1";"1";"15";"1";""
"201900031339";"138 247 421";"B01";"2";"7";"0";"2";"1";"16";"1";""
"201900031339";"138 247 422";"A01";"1";"10";"0";"2";"2";"1";"1";""
"201900031340";"138 247 419";"B01";"1";"7";"0";"2";"1";"0";"1";""
"201900031340";"138 247 420";"A01";"2";"7";"0";"2";"7";"5";"1";""
"201900031341";"138 247 418";"A01";"0";"10";"0";"1";"2";"1";"1";""
"201900031342";"138 247 417";"A01";"1";"17";"0";"0";"8";"9";"0";""
"201900031343";"138 247 416";"A01";"3";"7";"2";"0";"3";"1";"1";""
"201900031344";"138 247 414";"B01";"1";"3";"0";"2";"3";"1";"1";""
"201900031344";"138 247 415";"A01";"2";"7";"0";"2";"3";"1";"1";""
"201900031345";"138 247 412";"B01";"2";"7";"0";"2";"1";"1";"1";""
"201900031345";"138 247 413";"A01";"1";"38";"7";"0";"2";"15";"1";"2"
"201900031346";"138 247 410";"B01";"0";"13";"0";"0";"6";"24";"0";""
"201900031346";"138 247 411";"A01";"0";"7";"1";"2";"1";"2";"1";""
"201900031347";"138 247 408";"A01";"1";"7";"0";"0";"4";"23";"1";""
"201900031347";"138 247 409";"B01";"1";"3";"0";"2";"1";"1";"1";""
"201900031348";"138 247 407";"A01";"0";"7";"0";"1";"2";"1";"1";""
"201900031349";"138 247 406";"A01";"2";"17";"16";"0";"7";"14";"1";""
"201900031350";"138 247 403";"A01";"1";"7";"0";"2";"3";"13";"1";""
"201900031350";"138 247 404";"B01";"2";"7";"0";"2";"3";"1";"1";""
"201900031350";"138 247 405";"C01";"2";"7";"0";"9";"3";"1";"1";""
"201900031351";"138 247 401";"B01";"2";"7";"0";"2";"6";"15";"1";""
"201900031351";"138 247 402";"A01";"2";"7";"13";"2";"2";"17";"1";""
"201900031352";"138 247 399";"B01";"1";"7";"0";"2";"1";"1";"1";""
"201900031352";"138 247 400";"A01";"3";"7";"0";"2";"8";"19";"1";""
"201900031353";"138 247 397";"A01";"2";"7";"0";"2";"8";"9";"1";""
"201900031353";"138 247 398";"B01";"3";"33";"0";"2";"1";"1";"1";""
"201900031354";"138 247 395";"B01";"1";"7";"0";"0";"1";"1";"1";""
"201900031354";"138 247 396";"A01";"1";"7";"0";"2";"3";"16";"1";""
"201900031355";"138 247 393";"B01";"1";"7";"0";"2";"2";"2";"1";""
"201900031355";"138 247 394";"A01";"1";"2";"0";"0";"4";"1";"1";""
"201900031356";"138 247 391";"A01";"2";"7";"0";"2";"3";"1";"1";""
"201900031356";"138 247 392";"B01";"1";"14";"0";"2";"8";"1";"1";""
"201900031357";"138 247 390";"A01";"1";"1";"0";"0";"1";"14";"5";""
"201900031358";"138 247 388";"A01";"1";"7";"0";"1";"1";"15";"1";""
"201900031359";"138 247 387";"A01";"1";"7";"17";"0";"1";"1";"1";""
"201900031360";"138 247 386";"A01";"1";"7";"0";"1";"1";"1";"1";""
"201900031361";"138 247 384";"A01";"2";"7";"0";"2";"3";"13";"1";""
"201900031361";"138 247 385";"B01";"1";"7";"0";"2";"3";"1";"1";""
"201900031362";"138 247 383";"A01";"3";"7";"13";"0";"3";"1";"1";""
"201900031363";"138 247 382";"A01";"0";"15";"0";"1";"3";"15";"1";""
"201900031364";"138 247 380";"A01";"0";"7";"0";"2";"2";"9";"1";""
"201900031364";"138 247 381";"B01";"0";"7";"0";"2";"6";"2";"1";""
"201900031365";"138 247 378";"B01";"1";"15";"0";"2";"1";"1";"1";""
"201900031365";"138 247 379";"A01";"2";"7";"0";"2";"1";"13";"1";""
"201900031366";"138 247 376";"A01";"1";"7";"0";"1";"1";"1";"1";""
"201900031367";"138 247 374";"B01";"2";"33";"0";"2";"8";"17";"1";""
"201900031367";"138 247 375";"A01";"1";"7";"0";"2";"8";"13";"1";""
"201900031368";"138 247 372";"B01";"1";"1";"0";"2";"8";"1";"5";""
"201900031368";"138 247 373";"A01";"1";"1";"0";"2";"7";"14";"5";""
"201900031369";"138 247 371";"A01";"2";"7";"2";"0";"1";"13";"1";""
"201900031370";"138 247 370";"A01";"2";"7";"13";"0";"2";"14";"1";""
"201900031371";"138 247 368";"A01";"1";"7";"0";"2";"2";"15";"1";""
"201900031371";"138 247 369";"B01";"2";"32";"0";"2";"1";"1";"1";""
"201900031372";"138 247 366";"A01";"2";"10";"0";"2";"1";"1";"1";""
"201900031372";"138 247 367";"B01";"1";"7";"0";"2";"8";"1";"1";""
"201900031373";"138 247 364";"B01";"0";"1";"0";"2";"7";"15";"0";""
"201900031373";"138 247 365";"A01";"0";"7";"0";"2";"2";"1";"0";""
"201900031374";"138 247 362";"B01";"2";"15";"0";"9";"7";"1";"1";""
"201900031374";"138 247 363";"A01";"1";"1";"0";"2";"7";"14";"5";""
"201900031375";"138 247 360";"B01";"2";"7";"7";"2";"1";"1";"1";""
"201900031375";"138 247 361";"A01";"2";"7";"0";"2";"8";"19";"1";""
"201900031376";"138 247 359";"A01";"1";"7";"0";"1";"1";"1";"0";""
"201900031377";"138 247 358";"A01";"2";"3";"0";"0";"9";"1";"1";""
"201900031378";"138 247 356";"A01";"1";"7";"0";"2";"1";"15";"1";""
"201900031378";"138 247 357";"B01";"2";"33";"0";"2";"1";"1";"1";""
"201900031379";"138 247 355";"A01";"3";"7";"0";"1";"1";"1";"1";""
"201900031380";"138 247 353";"B01";"1";"7";"0";"0";"4";"2";"1";""
"201900031380";"138 247 354";"A01";"1";"7";"0";"2";"1";"2";"1";""
"201900031381";"138 247 351";"B01";"1";"15";"0";"0";"4";"1";"1";""
"201900031381";"138 247 352";"A01";"1";"7";"3";"2";"1";"0";"1";""
"201900031382";"138 247 349";"B01";"2";"17";"0";"0";"8";"1";"0";""
"201900031382";"138 247 350";"A01";"2";"7";"3";"2";"2";"17";"0";""
"201900031383";"138 247 346";"A01";"2";"7";"0";"2";"2";"12";"1";""
"201900031383";"138 247 347";"B01";"2";"7";"3";"2";"6";"1";"1";""
"201900031383";"138 247 348";"C01";"2";"7";"0";"2";"4";"1";"1";""
"201900031384";"138 247 345";"A01";"2";"7";"3";"0";"1";"1";"1";""
"201900031385";"138 247 344";"A01";"2";"7";"4";"0";"8";"12";"1";""
"201900031386";"138 247 342";"A01";"2";"7";"0";"2";"8";"1";"1";""
"201900031386";"138 247 343";"B01";"2";"7";"0";"2";"1";"1";"1";""
"201900031387";"138 247 340";"A01";"0";"2";"0";"2";"1";"17";"1";""
"201900031387";"138 247 341";"B01";"0";"7";"0";"2";"8";"15";"1";""
"201900031388";"138 247 338";"B01";"2";"7";"13";"2";"3";"1";"1";""
"201900031388";"138 247 339";"A01";"1";"7";"13";"2";"3";"1";"1";""
"201900031389";"138 247 337";"A01";"0";"7";"6";"0";"1";"26";"1";""
"201900031390";"138 247 335";"A01";"1";"7";"6";"2";"2";"17";"1";""
"201900031390";"138 247 336";"B01";"1";"7";"0";"2";"8";"15";"1";""
"201900031391";"138 247 334";"A01";"2";"2";"0";"0";"0";"15";"1";""
"201900031392";"138 247 332";"A01";"1";"7";"0";"1";"2";"1";"6";""
"201900031393";"138 247 331";"A01";"0";"7";"6";"0";"2";"1";"1";""
"201900031394";"138 247 330";"A01";"2";"7";"0";"0";"9";"1";"1";""
"201900031395";"138 247 328";"A01";"1";"7";"0";"2";"1";"9";"1";""
"201900031395";"138 247 329";"B01";"2";"43";"0";"2";"1";"1";"1";""
"201900031396";"138 247 325";"A01";"1";"7";"0";"2";"1";"13";"1";""
"201900031396";"138 247 326";"B01";"2";"15";"0";"2";"1";"1";"1";""
"201900031397";"138 247 323";"A01";"2";"7";"0";"2";"7";"19";"1";""
"201900031397";"138 247 324";"B01";"1";"15";"0";"2";"1";"1";"1";""
"201900031398";"138 247 321";"A01";"1";"7";"0";"2";"3";"15";"1";""
"201900031398";"138 247 322";"B01";"2";"33";"0";"2";"1";"1";"1";""
"201900031399";"138 247 319";"B01";"1";"7";"0";"2";"3";"1";"1";""
"201900031399";"138 247 320";"A01";"1";"7";"0";"2";"2";"19";"1";""
"201900031400";"138 247 317";"B01";"1";"14";"0";"2";"8";"1";"1";""
"201900031400";"138 247 318";"A01";"2";"7";"0";"2";"8";"13";"1";""
"201900031401";"138 247 316";"A01";"2";"7";"0";"1";"3";"1";"1";""
"201900031402";"138 247 315";"A01";"1";"7";"13";"0";"2";"1";"1";""
"201900031403";"138 247 313";"A01";"2";"7";"0";"2";"3";"13";"1";""
"201900031403";"138 247 314";"B01";"1";"7";"0";"2";"3";"1";"0";""
"201900031404";"138 247 312";"A01";"1";"7";"8";"0";"3";"1";"1";""
"201900031405";"138 247 311";"A01";"2";"7";"12";"0";"8";"1";"1";""
"201900031406";"138 247 310";"A01";"3";"7";"0";"1";"3";"15";"1";""
"201900031407";"138 247 309";"A01";"3";"7";"0";"1";"4";"4";"1";""
"201900031408";"138 247 308";"A01";"1";"7";"17";"0";"1";"1";"1";""
"201900031409";"138 247 306";"A01";"1";"7";"13";"0";"1";"26";"1";""
"201900031409";"138 247 307";"B01";"2";"7";"0";"2";"1";"1";"1";""
"201900031410";"138 247 304";"B01";"1";"7";"0";"2";"1";"1";"1";""
"201900031410";"138 247 305";"A01";"2";"7";"0";"2";"8";"13";"1";""
"201900031411";"138 247 302";"A01";"3";"7";"0";"2";"8";"9";"1";""
"201900031411";"138 247 303";"B01";"2";"7";"0";"2";"1";"1";"1";""
"201900031412";"138 247 300";"A01";"1";"7";"0";"2";"1";"13";"1";""
"201900031412";"138 247 301";"B01";"2";"7";"0";"2";"1";"1";"1";""
"201900031413";"138 247 298";"B01";"2";"7";"0";"2";"1";"14";"1";""
"201900031413";"138 247 299";"A01";"1";"7";"0";"2";"1";"13";"0";""
"201900031414";"138 247 296";"A01";"2";"7";"2";"0";"9";"0";"1";""
"201900031415";"138 247 295";"A01";"2";"7";"13";"0";"1";"0";"1";""
"201900031416";"138 247 292";"A01";"2";"7";"13";"0";"1";"1";"0";""
"201900031417";"138 247 290";"A01";"2";"7";"0";"2";"8";"15";"1";""
"201900031417";"138 247 291";"B01";"1";"2";"0";"2";"1";"1";"1";""
"201900031418";"138 247 288";"B01";"0";"2";"0";"2";"1";"1";"1";""
"201900031418";"138 247 289";"A01";"0";"7";"0";"2";"1";"15";"1";""
"201900031419";"138 247 286";"A01";"0";"7";"0";"9";"1";"15";"0";""
"201900031419";"138 247 287";"B01";"0";"1";"0";"2";"1";"1";"1";""
"201900031420";"138 247 285";"A01";"1";"3";"2";"0";"1";"1";"1";""
"201900031421";"138 247 284";"A01";"2";"33";"13";"0";"0";"1";"1";""
"201900031422";"138 247 283";"A01";"2";"7";"6";"0";"1";"1";"1";""
"201900031423";"138 247 282";"A01";"1";"7";"6";"0";"1";"15";"1";""
"201900031424";"138 247 280";"A01";"1";"7";"0";"9";"3";"15";"1";""
"201900031424";"138 247 281";"B01";"1";"43";"0";"2";"7";"17";"1";""
"201900031425";"138 247 278";"B01";"3";"33";"0";"2";"1";"1";"1";""
"201900031425";"138 247 279";"A01";"3";"31";"0";"0";"4";"23";"1";""
"201900031426";"138 247 276";"A01";"2";"7";"0";"2";"8";"15";"1";""
"201900031426";"138 247 277";"B01";"2";"33";"0";"2";"7";"17";"1";""
"201900031427";"138 247 275";"A01";"1";"33";"0";"6";"1";"0";"1";""
"201900031428";"138 247 273";"B01";"2";"2";"0";"2";"1";"2";"1";""
"201900031428";"138 247 274";"A01";"2";"7";"0";"0";"6";"23";"1";""
"201900031429";"138 247 272";"A01";"2";"7";"0";"1";"1";"15";"1";""
"201900031430";"138 247 271";"A01";"3";"7";"2";"0";"3";"1";"1";""
"201900031431";"138 247 270";"A01";"2";"7";"0";"0";"4";"1";"0";""
"201900031432";"138 247 268";"B01";"2";"99";"3";"2";"1";"1";"1";""
"201900031432";"138 247 269";"A01";"1";"10";"0";"2";"1";"5";"1";""
"201900031433";"138 247 266";"B01";"3";"7";"0";"2";"3";"1";"1";""
"201900031433";"138 247 267";"A01";"0";"2";"0";"2";"8";"13";"1";""
"201900031434";"138 247 265";"A01";"1";"7";"2";"0";"1";"5";"1";""
"201900031435";"138 247 264";"A01";"1";"33";"0";"0";"0";"1";"1";""
"201900031436";"138 247 262";"A01";"1";"3";"0";"0";"4";"0";"0";""
"201900031436";"138 247 263";"B01";"1";"7";"0";"0";"1";"2";"0";""
"201900031437";"138 247 259";"A01";"1";"7";"15";"0";"0";"1";"1";""
"201900031438";"138 247 257";"B01";"1";"7";"0";"2";"1";"1";"1";""
"201900031438";"138 247 258";"A01";"2";"7";"0";"2";"7";"1";"1";""
"201900031439";"138 247 255";"A01";"1";"7";"0";"2";"3";"10";"1";""
"201900031439";"138 247 256";"B01";"1";"33";"0";"2";"2";"1";"1";""
"201900031440";"138 247 253";"B01";"1";"32";"0";"2";"1";"2";"1";""
"201900031440";"138 247 254";"A01";"1";"7";"0";"2";"4";"11";"1";""
"201900031441";"138 247 252";"A01";"2";"33";"0";"0";"1";"1";"1";""
"201900031442";"138 247 250";"Z01";"2";"7";"0";"2";"5";"12";"0";""
"201900031442";"138 247 251";"B01";"2";"7";"0";"2";"3";"1";"1";""
"201900031443";"138 247 248";"B01";"1";"7";"0";"2";"8";"1";"1";""
"201900031443";"138 247 249";"A01";"1";"17";"0";"2";"2";"12";"1";""
"201900031444";"138 247 246";"B01";"1";"7";"0";"2";"0";"1";"1";""
"201900031444";"138 247 247";"A01";"1";"10";"0";"2";"2";"1";"1";""
"201900031445";"138 247 244";"A01";"1";"33";"0";"2";"1";"2";"1";""
"201900031445";"138 247 245";"B01";"1";"7";"0";"2";"5";"2";"1";""
"201900031446";"138 247 243";"A01";"1";"7";"4";"0";"1";"16";"1";""
"201900031447";"138 247 242";"A01";"1";"10";"4";"0";"1";"0";"1";""
"201900031448";"138 247 241";"A01";"2";"33";"0";"0";"8";"1";"1";""
"201900031449";"138 247 238";"C01";"1";"7";"0";"2";"7";"2";"1";""
"201900031449";"138 247 239";"B01";"1";"7";"0";"2";"1";"2";"1";""
"201900031449";"138 247 240";"A01";"1";"7";"14";"2";"1";"1";"1";""
"201900031450";"138 247 237";"A01";"1";"7";"4";"0";"9";"1";"1";""
"201900031451";"138 247 236";"A01";"1";"10";"4";"0";"2";"14";"1";""
"201900031452";"138 247 234";"B01";"1";"7";"0";"2";"4";"2";"1";""
"201900031452";"138 247 235";"A01";"1";"7";"0";"2";"1";"2";"1";""
"201900031453";"138 247 232";"A01";"1";"7";"0";"2";"2";"18";"1";""
"201900031453";"138 247 233";"B01";"1";"7";"0";"2";"6";"1";"1";""
"201900031454";"138 247 230";"B01";"1";"7";"0";"2";"3";"11";"1";""
"201900031454";"138 247 231";"A01";"1";"7";"0";"2";"7";"1";"1";""
"201900031455";"138 247 229";"A01";"1";"7";"4";"0";"3";"13";"1";""
"201900031456";"138 247 225";"A01";"2";"7";"0";"2";"1";"2";"1";""
"201900031456";"138 247 226";"B01";"2";"7";"0";"2";"4";"2";"1";""
"201900031457";"138 247 222";"A01";"1";"7";"0";"2";"2";"11";"1";""
"201900031457";"138 247 223";"B01";"1";"30";"14";"2";"0";"0";"1";""
"201900031458";"138 247 220";"B01";"1";"7";"0";"2";"3";"15";"1";""
"201900031458";"138 247 221";"A01";"1";"34";"0";"2";"8";"18";"1";""
"201900031459";"138 247 218";"B01";"1";"32";"0";"2";"4";"2";"1";""
"201900031459";"138 247 219";"A01";"1";"7";"0";"2";"1";"11";"1";""
"201900031460";"138 247 216";"A01";"1";"10";"0";"2";"2";"0";"1";""
"201900031460";"138 247 217";"B01";"1";"10";"0";"2";"6";"1";"1";""
"201900031461";"138 247 214";"B01";"2";"7";"0";"2";"3";"15";"1";""
"201900031461";"138 247 215";"A01";"1";"7";"0";"2";"3";"1";"1";""
"201900031462";"138 247 212";"B01";"1";"2";"0";"2";"1";"2";"1";""
"201900031462";"138 247 213";"A01";"1";"7";"0";"2";"2";"15";"1";""
"201900031463";"138 247 210";"A01";"1";"7";"0";"2";"8";"11";"1";""
"201900031463";"138 247 211";"B01";"1";"32";"0";"2";"7";"1";"1";""
"201900031464";"138 247 208";"B01";"2";"7";"0";"2";"1";"1";"1";""
"201900031464";"138 247 209";"A01";"1";"7";"0";"2";"1";"13";"1";""
"201900031465";"138 247 206";"A01";"2";"37";"0";"2";"0";"2";"0";"3"
"201900031466";"138 247 202";"B01";"3";"33";"0";"2";"2";"3";"0";""
"201900031466";"138 247 203";"A01";"3";"7";"0";"2";"1";"15";"1";""
"201900031467";"138 247 199";"B01";"3";"1";"0";"2";"3";"15";"5";""
"201900031467";"138 247 200";"A01";"3";"7";"0";"2";"2";"1";"1";""
"201900031468";"138 247 197";"B01";"1";"7";"0";"2";"5";"2";"1";""
"201900031468";"138 247 198";"A01";"1";"7";"0";"2";"1";"2";"1";""
"201900031469";"138 247 195";"A01";"1";"7";"0";"0";"4";"1";" -1";""
"201900031469";"138 247 196";"B01";"1";"7";"0";"2";"4";"1";"1";""
"201900031470";"138 247 193";"A01";"1";"7";"15";"2";"2";"17";"1";""
"201900031470";"138 247 194";"B01";"2";"7";"0";"2";"2";"1";"1";""
"201900031471";"138 247 192";"A01";"2";"7";"6";"0";"1";"26";"4";""
"201900031472";"138 247 190";"A01";"2";"32";"0";"2";"4";"16";"1";""
"201900031472";"138 247 191";"B01";"1";"7";"0";"2";"1";"15";"2";""
"201900031473";"138 247 189";"A01";"2";"33";"0";"0";"7";"0";"0";""
"201900031474";"138 247 187";"A01";"1";"7";"0";"0";"0";"26";"0";""
"201900031474";"138 247 188";"B01";"1";"32";"0";"0";"8";"26";"1";""
"201900031475";"138 247 177";"A01";"1";"33";"1";"0";"0";"0";"1";""
"201900031476";"138 247 175";"A01";"1";"33";"0";"0";"7";"1";"1";""
"201900031477";"138 247 173";"B01";"0";"1";"0";"2";"8";"1";"5";""
"201900031477";"138 247 174";"A01";"0";"7";"0";"2";"8";"9";"6";""
"201900031478";"138 247 172";"A01";"2";"30";"12";"0";"3";"1";"1";""
"201900031479";"138 247 169";"A01";"3";"7";"0";"2";"1";"0";"1";""
"201900031479";"138 247 170";"B01";"1";"7";"0";"2";"4";"0";"1";""
"201900031479";"138 247 171";"C01";"1";"7";"0";"2";"4";"1";"1";""
"201900031480";"138 247 167";"B01";"1";"7";"0";"2";"7";"15";"1";""
"201900031480";"138 247 168";"Z01";"1";"31";"0";"2";"1";"1";"1";""
"201900031481";"138 247 165";"B01";"3";"7";"0";"2";"4";"1";"0";""
"201900031481";"138 247 166";"A01";"3";"7";"0";"2";"1";"1";"0";""
"201900031482";"138 247 164";"A01";"3";"7";"0";"1";"1";"15";"1";""
"201900031483";"138 247 163";"A01";"3";"40";"0";"1";"3";"1";"3";""
"201900031484";"138 247 161";"A01";"1";"2";"0";"2";"1";"1";"1";""
"201900031484";"138 247 162";"B01";"2";"7";"0";"2";"2";"15";"1";""
"201900031485";"138 247 159";"A01";"1";"7";"0";"2";"6";"9";"1";""
"201900031485";"138 247 160";"B01";"1";"31";"0";"2";"2";"1";"1";""
"201900031486";"138 247 157";"A01";"1";"7";"0";"2";"1";"1";"1";""
"201900031486";"138 247 158";"B01";"1";"7";"0";"0";"4";"23";"1";""
"201900031487";"138 247 155";"A01";"1";"30";"0";"2";"1";"1";"1";""
"201900031487";"138 247 156";"B01";"1";"7";"0";"2";"4";"1";"1";""
"201900031488";"138 247 153";"B01";"1";"31";"0";"2";"3";"0";"1";""
"201900031488";"138 247 154";"A01";"2";"7";"0";"2";"2";"1";"1";""
"201900031489";"138 247 149";"A01";"1";"99";"0";"1";"1";"1";" -1";""
"201900031490";"138 247 147";"B01";"0";"33";"0";"2";"2";"1";"1";""
"201900031490";"138 247 148";"A01";"0";"7";"0";"2";"5";"15";"1";""
"201900031491";"138 247 146";"A01";"1";"7";"0";"0";"0";"1";"1";""
"201900031492";"138 247 143";"Z01";"1";"7";"0";"2";"0";"0";"1";""
"201900031492";"138 247 144";"B01";"1";"7";"0";"2";"1";"1";"1";""
"201900031492";"138 247 145";"A01";"1";"7";"0";"2";"1";"13";"1";""
"201900031493";"138 247 140";"A01";"3";"7";"6";"2";"7";"19";"1";""
"201900031493";"138 247 141";"B01";"3";"7";"0";"2";"1";"1";"1";""
"201900031494";"138 247 138";"A01";"3";"7";"0";"6";"1";"16";"1";""
"201900031494";"138 247 139";"B01";"3";"1";"0";"2";"7";"1";"5";""
"201900031495";"138 247 136";"B01";"2";"1";"0";"2";"1";"1";"5";""
"201900031495";"138 247 137";"A01";"1";"7";"0";"2";"2";"6";"1";""
"201900031496";"138 247 134";"B01";"2";"10";"0";"2";"6";"1";"1";""
"201900031496";"138 247 135";"A01";"2";"1";"0";"2";"1";"1";"5";""
"201900031497";"138 247 132";"A01";"2";"30";"0";"0";"7";"1";"1";""
"201900031497";"138 247 133";"B01";"1";"7";"0";"0";"0";"15";"1";""
"201900031498";"138 247 130";"A01";"1";"1";"0";"2";"1";"5";"5";""
"201900031498";"138 247 131";"B01";"1";"7";"0";"2";"3";"1";"1";""
"201900031499";"138 247 128";"B01";"1";"7";"0";"2";"4";"23";"1";""
"201900031499";"138 247 129";"A01";"1";"10";"0";"2";"1";"2";"1";""
"201900031500";"138 247 127";"A01";"1";"30";"0";"0";"0";"1";"1";""
"201900031501";"138 247 125";"A01";"2";"34";"0";"2";"1";"15";"1";""
"201900031501";"138 247 126";"B01";"1";"7";"0";"2";"1";"1";"1";""