"Num_Acc";"id_vehicule";"num_veh";"senc";"catv";"obs";"obsm";"choc";"manv";"motor";"occutc"
"201900031502";"138 247 123";"B01";"2";"32";"1";"2";"3";"18";"1";""
"201900031502";"138 247 124";"A01";"2";"7";"0";"2";"7";"22";"1";""
"201900031503";"138 247 121";"A01";"1";"30";"0";"2";"2";"25";"1";""
"201900031503";"138 247 122";"B01";"1";"7";"0";"2";"2";"16";"1";""
"201900031504";"138 247 119";"B01";"1";"7";"0";"2";"6";"23";"1";""
"201900031504";"138 247 120";"A01";"1";"30";"0";"2";"1";"2";"1";""
"201900031505";"138 247 117";"A01";"2";"30";"0";"2";"2";"1";"1";""
"201900031505";"138 247 118";"B01";"2";"30";"0";"2";"0";"1";"1";""
"201900031506";"138 247 114";"A01";"2";"7";"0";"2";"3";"17";"1";""
"201900031506";"138 247 115";"B01";"3";"7";"0";"2";"3";"23";"1";""
"201900031506";"138 247 116";"C01";"1";"7";"0";"2";"7";"23";"1";""
"201900031507";"138 247 113";"A01";"1";"7";"0";"1";"1";"15";"1";""
"201900031508";"138 247 112";"A01";"1";"32";"0";"0";"8";"16";"1";""
"201900031509";"138 247 111";"A01";"1";"30";"0";"0";"0";"1";"1";""
"201900031510";"138 247 109";"B01";"3";"32";"0";"2";"3";"1";"0";""
"201900031510";"138 247 110";"A01";"3";"7";"0";"2";"3";"15";"0";""
"201900031511";"138 247 107";"B01";"1";"7";"0";"2";"1";"1";"0";""
"201900031511";"138 247 108";"A01";"1";"7";"0";"2";"0";"0";"0";""
"201900031512";"138 247 105";"A01";"1";"34";"0";"2";"2";"17";"1";""
"201900031512";"138 247 106";"B01";"1";"30";"0";"0";"8";"15";"1";""
"201900031513";"138 247 103";"B01";"3";"34";"0";"2";"9";"19";"0";""
"201900031513";"138 247 104";"A01";" -1";"10";" -1";" -1";" -1";" -1";" -1";""
"201900031514";"138 247 101";"B01";"3";"7";"0";"2";"6";"1";"1";""
"201900031514";"138 247 102";"A01";"3";"7";"0";"2";"3";"2";"1";""
"201900031515";"138 247 099";"A01";"1";"32";"0";"2";"2";"17";"1";""
"201900031515";"138 247 100";"B01";"1";"7";"0";"2";"3";"15";"1";""
"201900031516";"138 247 098";"A01";"0";"7";"1";"0";"2";"26";"0";""
"201900031517";"138 247 096";"B01";"0";"99";"0";"2";"0";"0";" -1";""
"201900031517";"138 247 097";"A01";"1";"7";"0";"0";"0";"0";"0";""
"201900031518";"138 247 094";"B01";"3";"7";"0";"2";"7";"15";"1";""
"201900031518";"138 247 095";"A01";"3";"7";"0";"2";"1";"1";"1";""
"201900031519";"138 247 093";"A01";"3";"7";"0";"1";"3";"1";"1";""
"201900031520";"138 247 090";"A01";"1";"7";"0";"2";"1";"2";"1";""
"201900031520";"138 247 091";"B01";"1";"7";"0";"2";"0";"0";"1";""
"201900031520";"138 247 092";"C01";"1";"7";"0";"2";"0";"0";"1";""
"201900031521";"138 247 088";"B01";"1";"33";"0";"2";"1";"13";"1";""
"201900031521";"138 247 089";"A01";"1";"7";"0";"2";"3";"10";"1";""
"201900031522";"138 247 086";"A01";"3";"7";"0";"2";"1";"24";"1";""
"201900031522";"138 247 087";"B01";"3";"10";"1";"2";"1";"1";"0";""
"201900031523";"138 247 084";"A01";"1";"30";"0";"0";"0";"26";"1";""
"201900031523";"138 247 085";"B01";"0";"0";"0";"0";"0";"0";"0";""
"201900031524";"138 247 082";"A01";"0";"33";"0";"2";"1";"0";"0";""
"201900031524";"138 247 083";"B01";"1";"7";"0";"2";"7";"9";"0";""
"201900031525";"138 247 081";"A01";"2";"7";"0";"1";"0";"19";"0";""
"201900031526";"138 247 079";"A01";"1";"34";"0";"2";"3";"26";"1";""
"201900031526";"138 247 080";"B01";"2";"99";"0";"2";"1";"5";"3";""
"201900031527";"138 247 070";"I01";"3";"10";"0";"2";"6";"1";"0";""
"201900031527";"138 247 071";"H01";"3";"7";"0";"2";"4";"1";"0";""
"201900031527";"138 247 072";"G01";"0";"7";"0";"2";"4";"1";"0";""
"201900031527";"138 247 073";"F01";"3";"7";"0";"2";"4";"1";"0";""
"201900031527";"138 247 074";"E01";"3";"7";"0";"2";"5";"1";"0";""
"201900031527";"138 247 075";"D01";"3";"7";"0";"2";"2";"1";"0";""
"201900031527";"138 247 076";"C01";"3";"7";"4";"0";"6";"1";"0";""
"201900031527";"138 247 077";"B01";"3";"7";"4";"0";"4";"2";"0";""
"201900031527";"138 247 078";"A01";"3";"7";"0";"2";"1";"9";"0";""
"201900031528";"138 247 068";"A01";"3";"7";"1";"0";"1";"1";"0";""
"201900031528";"138 247 069";"B01";"3";"7";"0";"2";"7";"16";"0";""
"201900031529";"138 247 066";"A01";"1";"7";"6";"2";"3";"0";"0";""
"201900031529";"138 247 067";"B01";"0";"7";"0";"2";"1";"0";"0";""
"201900031530";"138 247 064";"A01";"1";"7";"0";"2";"2";"15";"0";""
"201900031530";"138 247 065";"B01";"2";"7";"0";"2";"1";"1";"0";""
"201900031531";"138 247 063";"A01";"1";"10";"0";"1";"2";"1";"1";""
"201900031532";"138 247 060";"A01";"3";"7";"0";"2";"1";"1";"1";""
"201900031532";"138 247 061";"B01";"1";"7";"0";"2";"4";"1";"1";""
"201900031532";"138 247 062";"C01";"1";"7";"0";"2";"4";"1";"1";""
"201900031533";"138 247 059";"A01";"1";"33";"0";"0";"7";"26";"1";""
"201900031534";"138 247 057";"A01";"1";"7";"11";"0";"3";"1";"1";""
"201900031535";"138 247 056";"A01";"2";"33";"3";"0";"2";"14";"1";""
"201900031536";"138 247 055";"A01";"2";"7";"2";"0";"1";"1";"1";""
"201900031537";"138 247 049";"B01";"2";"7";"0";"2";"1";"1";"1";""
"201900031537";"138 247 050";"A01";"1";"7";"0";"2";"1";"13";"1";""
"201900031538";"138 247 048";"A01";"1";"21";"6";"0";"1";"0";"1";""
"201900031539";"138 247 046";"B01";"1";"1";"0";"9";"1";"1";"5";""
"201900031539";"138 247 047";"A01";"2";"1";"0";"9";"1";"1";"5";""
"201900031540";"138 247 044";"B01";"0";"33";"1";"2";"9";"1";"0";""
"201900031540";"138 247 045";"A01";"0";"7";"0";"0";"7";"19";"0";""
"201900031541";"138 247 043";"A01";"3";"7";"0";"1";"4";"20";"1";""
"201900031542";"138 247 042";"A01";"3";"33";"0";"0";"1";"10";"1";""
"201900031543";"138 247 041";"A01";"1";"7";"2";"0";"3";"1";"1";""
"201900031544";"138 247 040";"A01";"2";"7";"2";"0";"3";"19";"1";""
"201900031545";"138 247 038";"B01";"3";"33";"0";"2";"7";"17";"1";""
"201900031545";"138 247 039";"A01";"3";"7";"0";"2";"3";"15";"1";""
"201900031546";"138 247 036";"B01";"2";"7";"0";"0";"3";"1";"1";""
"201900031546";"138 247 037";"A01";"0";"7";"0";"0";"2";"13";"1";""
"201900031547";"138 247 034";"A01";"1";"31";"0";"2";"1";"1";"1";""
"201900031547";"138 247 035";"B01";"2";"10";"0";"2";"3";"1";"1";""
"201900031548";"138 247 033";"A01";"0";"7";"2";"0";"1";"1";"0";""
"201900031549";"138 247 032";"A01";"3";"7";"0";"0";"0";"15";"1";""
"201900031550";"138 247 030";"A01";"1";"7";"0";"2";"7";"26";"1";""
"201900031550";"138 247 031";"B01";"2";"7";"0";"2";"1";"1";"1";""
"201900031551";"138 247 029";"A01";"1";"7";"2";"0";"2";"0";"1";""
"201900031552";"138 247 027";"A01";"1";"7";"0";"2";"2";"16";"0";""
"201900031552";"138 247 028";"B01";"1";"33";"0";"2";"8";"1";"1";""
"201900031553";"138 247 025";"B01";"2";"1";"0";"2";"1";"5";"5";""
"201900031553";"138 247 026";"A01";"1";"7";"8";"2";"1";"1";"1";""
"201900031554";"138 247 024";"A01";"2";"2";"9";"0";"1";"14";"1";""
"201900031555";"138 247 023";"A01";"2";"33";"0";"0";"7";"1";"1";""
"201900031556";"138 247 022";"A01";"1";"7";"8";"0";"2";"1";"1";""
"201900031557";"138 247 020";"A01";"2";"7";"0";"2";"7";"1";"1";""
"201900031557";"138 247 021";"B01";"1";"7";"0";"2";"1";"1";"1";""
"201900031558";"138 247 019";"A01";"3";"7";"2";"0";"4";"1";"1";""
"201900031559";"138 247 017";"B01";"0";"7";"0";"2";"3";"9";"1";""
"201900031559";"138 247 018";"A01";"0";"1";"0";"0";"5";"15";"5";""
"201900031560";"138 247 015";"B01";"1";"7";"0";"2";"7";"17";"1";""
"201900031560";"138 247 016";"A01";"1";"1";"0";"2";"8";"13";"5";""
"201900031561";"138 247 014";"A01";"1";"7";"0";"1";"2";"1";"1";""
"201900031562";"138 247 013";"A01";"1";"7";"13";"0";"9";"14";"1";""
"201900031563";"138 247 011";"A01";"3";"2";"0";"2";"3";"1";"1";""
"201900031563";"138 247 012";"B01";"3";"10";"0";"2";"8";"1";"1";""
"201900031564";"138 247 009";"A01";"2";"7";"0";"2";"1";"13";"1";""
"201900031564";"138 247 010";"B01";"1";"7";"0";"2";"1";"1";"1";""
"201900031565";"138 247 008";"A01";"3";"7";"0";"1";"4";"4";"1";""
"201900031566";"138 247 007";"A01";"1";"33";"0";"0";"0";"1";"1";""
"201900031567";"138 247 005";"B01";"1";"7";"0";"2";"3";"1";"1";""
"201900031567";"138 247 006";"A01";"2";"7";"0";"2";"3";"13";"1";""
"201900031568";"138 247 003";"B01";"1";"2";"0";"2";"1";"1";"1";""
"201900031568";"138 247 004";"A01";"2";"7";"0";"2";"3";"15";"1";""
"201900031569";"138 247 002";"B01";"1";"7";"1";"1";"1";"1";"1";""
"201900031570";"138 246 999";"A01";"2";"10";"0";"1";"1";"1";"1";""
"201900031571";"138 246 997";"Z01";"2";"7";"0";"2";"1";"0";"1";""
"201900031571";"138 246 998";"A01";"2";"7";"0";"2";"4";"2";"1";""
"201900031572";"138 246 994";"A01";"2";"10";"0";"2";"4";"2";"1";""
"201900031572";"138 246 995";"B01";"2";"7";"0";"2";"4";"2";"1";""
"201900031572";"138 246 996";"Z01";"2";"7";"0";"2";"1";"2";"1";""
"201900031573";"138 246 992";"B01";"2";"7";"0";"2";"1";"26";"1";""
"201900031573";"138 246 993";"A01";"2";"7";"0";"2";"4";"26";"1";""
"201900031574";"138 246 990";"A01";"2";"7";"3";"2";"4";"2";"1";""
"201900031574";"138 246 991";"B01";"2";"10";"4";"2";"1";"2";"1";""
"201900031575";"138 246 987";"A01";"1";"7";"0";"2";"4";"2";"1";""
"201900031575";"138 246 988";"B01";"1";"7";"0";"2";"1";"2";"1";""
"201900031575";"138 246 989";"C01";"1";"34";"13";"2";"8";"1";"1";""
"201900031576";"138 246 985";"Z01";"2";"10";"0";"0";"0";"0";"0";""
"201900031576";"138 246 986";"A01";"2";"33";"0";"2";"4";"1";"1";""
"201900031577";"138 246 981";"D01";"1";"10";"0";"2";"4";"2";"1";""
"201900031577";"138 246 982";"A01";"1";"7";"0";"2";"1";"2";"1";""
"201900031577";"138 246 983";"B01";"1";"10";"0";"2";"4";"2";"1";""
"201900031577";"138 246 984";"C01";"1";"7";"0";"2";"4";"2";"1";""
"201900031578";"138 246 979";"A01";"2";"7";"0";"2";"4";"2";"1";""
"201900031578";"138 246 980";"B01";"2";"7";"0";"2";"1";"2";"1";""
"201900031579";"138 246 977";"A01";"1";"10";"0";"2";"6";"9";"1";""
"201900031579";"138 246 978";"B01";"1";"7";"0";"2";"1";"9";"1";""
"201900031580";"138 246 975";"A01";"1";"7";"0";"2";"3";"1";"1";""
"201900031580";"138 246 976";"B01";"1";"7";"0";"2";"2";"14";"1";""
"201900031581";"138 246 973";"A01";"2";"7";"0";"2";"4";"1";"1";""
"201900031581";"138 246 974";"B01";"2";"7";"0";"2";"1";"9";"1";""
"201900031582";"138 246 971";"A01";"2";"10";"0";"2";"2";"2";"1";""
"201900031582";"138 246 972";"B01";"2";"7";"0";"2";"6";"11";"1";""
"201900031583";"138 246 969";"A01";"2";"7";"0";"2";"1";"18";"1";""
"201900031583";"138 246 970";"B01";"2";"7";"0";"2";"4";"2";"1";""
"201900031584";"138 246 967";"A01";"2";"7";"0";"2";"4";"1";"1";""
"201900031584";"138 246 968";"B01";"2";"7";"0";"2";"1";"17";"1";""
"201900031585";"138 246 964";"A01";"2";"7";"0";"2";"1";"2";"1";""
"201900031585";"138 246 965";"B01";"2";"10";"0";"2";"4";"1";"1";""
"201900031585";"138 246 966";"C01";"2";"7";"0";"2";"4";"1";"1";""
"201900031586";"138 246 961";"A01";"2";"7";"0";"2";"7";"12";"1";""
"201900031586";"138 246 962";"B01";"2";"33";"0";"2";"1";"3";"1";""
"201900031587";"138 246 960";"A01";"1";"7";"4";"0";"1";"26";"6";""
"201900031588";"138 246 958";"B01";"1";"7";"0";"2";"4";"23";"1";""
"201900031588";"138 246 959";"A01";"1";"10";"0";"2";"1";"1";"1";""
"201900031589";"138 246 954";"A01";"2";"7";"0";"2";"1";"1";"1";""
"201900031589";"138 246 955";"B01";"2";"10";"0";"2";"4";"2";"1";""
"201900031589";"138 246 956";"C01";"2";"7";"0";"2";"2";"2";"1";""
"201900031589";"138 246 957";"D01";"2";"7";"0";"2";"5";"2";"1";""
"201900031590";"138 246 952";"A01";"1";"7";"0";"2";"3";"9";"1";""
"201900031590";"138 246 953";"B01";"1";"17";"0";"2";"2";"1";"1";""
"201900031591";"138 246 950";"B01";"2";"7";"0";"2";"4";"2";"1";""
"201900031591";"138 246 951";"A01";"2";"7";"0";"2";"1";"2";"1";""
"201900031592";"138 246 949";"A01";"2";"10";"4";"0";"1";"1";"1";""
"201900031593";"138 246 948";"A01";"2";"33";"0";"0";"7";"1";"1";""
"201900031594";"138 246 947";"A01";"2";"7";"6";"0";"2";"1";"1";""
"201900031595";"138 246 945";"A01";"1";"7";"0";"2";"8";"11";"1";""
"201900031595";"138 246 946";"B01";"1";"33";"0";"2";"7";"1";"1";""
"201900031596";"138 246 944";"A01";"3";"10";"7";"0";"1";"1";"1";""
"201900031597";"138 246 942";"B01";"1";"7";"0";"2";"1";"1";"1";""
"201900031597";"138 246 943";"A01";"1";"7";"0";"2";"2";"12";"1";""
"201900031598";"138 246 941";"A01";"1";"10";"12";"0";"3";"1";"1";""
"201900031599";"138 246 940";"A01";"1";"7";"4";"0";"1";"14";"1";""
"201900031600";"138 246 939";"A01";"1";"7";"0";"0";"0";"0";"1";""
"201900031601";"138 246 938";"A01";"2";"10";"4";"0";"3";"1";"1";""
"201900031602";"138 246 936";"B01";"3";"7";"0";"0";"4";"0";"1";""
"201900031602";"138 246 937";"Z01";"3";"7";"0";"2";"1";"0";"1";""
"201900031603";"138 246 935";"A01";"2";"7";"4";"0";"3";"0";"1";""
"201900031604";"138 246 933";"A01";"1";"7";"0";"2";"1";"11";"1";""
"201900031604";"138 246 934";"B01";"1";"7";"0";"2";"4";"11";"1";""
"201900031605";"138 246 932";"A01";"1";"7";"4";"0";"2";"1";"1";""
"201900031606";"138 246 931";"A01";"2";"7";"4";"0";"2";"0";"1";""
"201900031607";"138 246 929";"B01";"1";"7";"0";"2";"3";"1";"1";""
"201900031607";"138 246 930";"A01";"1";"7";"0";"2";"5";"14";"1";""
"201900031608";"138 246 926";"A01";"2";"7";"0";"2";"1";"2";"1";""
"201900031608";"138 246 927";"C01";"2";"7";"0";"2";"4";"2";"1";""
"201900031608";"138 246 928";"B01";"2";"7";"0";"2";"4";"2";"1";""
"201900031609";"138 246 924";"B01";"2";"17";"0";"2";"2";"1";"1";""
"201900031609";"138 246 925";"A01";"2";"7";"0";"2";"6";"11";"1";""
"201900031610";"138 246 922";"B01";"2";"7";"0";"2";"9";"0";"1";""
"201900031610";"138 246 923";"A01";"2";"7";"0";"2";"1";"0";"1";""
"201900031611";"138 246 920";"B01";"1";"7";"4";"2";"6";"0";"1";""
"201900031611";"138 246 921";"A01";"1";"7";"0";"2";"5";"0";"1";""
"201900031612";"138 246 919";"A01";"1";"7";"4";"0";"3";"19";"1";""
"201900031613";"138 246 918";"Z01";"2";"0";"0";"1";"0";"0";"0";""
"201900031614";"138 246 916";"A01";"1";"7";"0";"2";"2";"2";"1";""
"201900031614";"138 246 917";"B01";"1";"7";"3";"2";"8";"13";"1";""
"201900031615";"138 246 914";"B01";"2";"34";"0";"2";"8";"3";"1";""
"201900031615";"138 246 915";"A01";"2";"7";"0";"2";"7";"12";"1";""
"201900031616";"138 246 912";"B01";"1";"33";"0";"2";"8";"0";"1";""
"201900031616";"138 246 913";"A01";"1";"7";"0";"2";"7";"1";"1";""
"201900031617";"138 246 908";"A01";"3";"30";"1";"2";"1";"26";"0";""
"201900031617";"138 246 909";"B01";"1";"7";"0";"2";"2";"1";"1";""
"201900031618";"138 246 906";"A01";"1";"7";"13";"0";"1";"1";"1";""
"201900031619";"138 246 905";"A01";"2";"7";"3";"0";"1";"0";"1";""
"201900031620";"138 246 903";"B01";"1";"7";"0";"2";"1";"1";"1";""
"201900031620";"138 246 904";"A01";"3";"7";"0";"2";"1";"1";"1";""
"201900031621";"138 246 902";"A01";"2";"7";"0";"1";"1";"1";"1";""
"201900031622";"138 246 901";"A01";"1";"7";"0";"1";"4";"26";"1";""
"201900031623";"138 246 899";"B01";"3";"33";"0";"2";"1";"17";"1";""
"201900031623";"138 246 900";"A01";"1";"7";"0";"2";"3";"15";"1";""
"201900031624";"138 246 895";"B01";"1";"1";"0";"2";"6";"2";"0";""
"201900031624";"138 246 896";"A01";"1";"7";"0";"2";"5";"19";"1";""
"201900031625";"138 246 894";"A01";"1";"7";"0";"1";"3";"1";"1";""
"201900031626";"138 246 893";"A01";"1";"7";"0";"1";"7";"26";"1";""
"201900031627";"138 246 890";"C01";"2";"7";"0";"0";"0";"24";"1";""
"201900031627";"138 246 891";"B01";"2";"7";"0";"2";"3";"16";"1";""
"201900031627";"138 246 892";"A01";"1";"33";"0";"2";"8";"21";"1";""
"201900031628";"138 246 889";"A01";"3";"7";"0";"1";"0";"0";"0";""
"201900031629";"138 246 887";"A01";"1";"7";"0";"2";"3";"19";"1";""
"201900031629";"138 246 888";"B01";"2";"33";"0";"2";"1";"1";"1";""
"201900031630";"138 246 886";"A01";"1";"7";"0";"1";"1";"1";"1";""
"201900031631";"138 246 884";"A01";"1";"7";"0";"2";"8";"15";"1";""
"201900031631";"138 246 885";"B01";"1";"7";"0";"2";"3";"1";"1";""
"201900031632";"138 246 883";"A01";"0";"7";"0";"1";"0";"16";"1";""
"201900031633";"138 246 881";"B01";"0";"33";"0";"2";"0";"1";"1";""
"201900031633";"138 246 882";"A01";"0";"7";"0";"2";"2";"1";"1";""
"201900031634";"138 246 876";"A01";"3";"7";"0";"2";"1";"0";"1";""
"201900031634";"138 246 877";"B01";"3";"7";"0";"2";"1";"0";"1";""
"201900031635";"138 246 875";"A01";"1";"13";"0";"0";"1";"1";"1";""
"201900031636";"138 246 872";"C01";"2";"7";"0";"2";"4";"26";"1";""
"201900031636";"138 246 873";"B01";"2";"7";"0";"2";"4";"26";"1";""
"201900031636";"138 246 874";"A01";"2";"7";"0";"2";"1";"26";"1";""
"201900031637";"138 246 870";"A01";"0";"7";"0";"2";"3";"9";"1";""
"201900031637";"138 246 871";"B01";"0";"1";"0";"2";"1";"1";"5";""
"201900031638";"138 246 869";"A01";"3";"10";"2";"0";"7";"0";"1";""
"201900031639";"138 246 867";"B01";"3";"1";"0";"2";"1";"1";"5";""
"201900031639";"138 246 868";"A01";"1";"7";"0";"2";"3";"15";"1";""
"201900031640";"138 246 866";"A01";"1";"7";"0";"1";"8";"1";"1";""
"201900031641";"138 246 862";"A01";"1";"7";"0";"1";"3";"15";"1";""
"201900031642";"138 246 861";"A01";"1";"7";"0";"1";"3";"15";"1";""
"201900031643";"138 246 859";"A01";"2";"7";"0";"2";"2";"19";"1";""
"201900031643";"138 246 860";"B01";"2";"2";"0";"2";"1";"1";"1";""
"201900031644";"138 246 856";"A01";"2";"10";"16";"0";"0";"1";"1";""
"201900031645";"138 246 854";"A01";"1";"7";"0";"2";"1";"2";"1";""
"201900031645";"138 246 855";"B01";"1";"7";"0";"2";"4";"2";"1";""
"201900031646";"138 246 853";"Z01";"1";"7";"0";"1";"0";"1";"1";""
"201900031647";"138 246 850";"A01";"1";"10";"0";"2";"8";"13";"1";""
"201900031647";"138 246 851";"B01";"1";"10";"0";"2";"3";"1";"1";""
"201900031648";"138 246 849";"A01";"2";"7";"0";"1";"2";"16";"1";""
"201900031649";"138 246 847";"B01";"0";"7";"0";"2";"6";"2";"1";""
"201900031649";"138 246 848";"A01";"0";"7";"0";"2";"1";"2";"1";""
"201900031650";"138 246 845";"A01";"1";"7";"0";"2";"1";"1";"0";""
"201900031650";"138 246 846";"B01";"1";"1";"0";"2";"7";"1";"0";""
"201900031651";"138 246 843";"B01";"1";"1";"0";"2";"8";"1";"5";""
"201900031651";"138 246 844";"A01";"1";"15";"0";"2";"7";"16";"0";""
"201900031652";"138 246 842";"A01";"2";"7";"0";"1";"7";"16";"0";""
"201900031653";"138 246 841";"A01";"2";"7";"4";"0";"1";"9";"1";""
"201900031654";"138 246 839";"A01";"1";"7";"0";"2";"1";"1";"1";""
"201900031654";"138 246 840";"B01";"1";"7";"0";"2";"8";"1";"1";""
"201900031655";"138 246 837";"B01";"3";"7";"1";"2";"6";"24";"1";""
"201900031655";"138 246 838";"A01";"1";"32";"1";"0";"1";"1";"1";""
"201900031656";"138 246 836";"A01";"2";"7";"2";"1";"3";"1";"1";""
"201900031657";"138 246 835";"A01";"2";"1";"0";"0";"1";"1";"5";""
"201900031658";"138 246 834";"A01";"2";"7";"0";"1";"1";"15";"1";""
"201900031659";"138 246 833";"A01";"2";"7";"0";"1";"1";"1";"1";""
"201900031660";"138 246 832";"A01";"1";"30";"0";"0";"7";"18";"1";""
"201900031661";"138 246 830";"B01";"1";"33";"0";"2";"8";"1";"1";""
"201900031661";"138 246 831";"A01";"2";"7";"0";"2";"1";"15";"1";""
"201900031662";"138 246 828";"A01";"0";"7";"0";"2";"1";"1";"1";""
"201900031662";"138 246 829";"B01";"1";"7";"0";"2";"7";"1";"1";""
"201900031663";"138 246 826";"B01";"2";"43";"0";"2";"1";"1";"1";""
"201900031663";"138 246 827";"A01";"1";"7";"0";"2";"3";"19";"1";""
"201900031664";"138 246 824";"B01";"2";"33";"0";"2";"1";"1";"1";""
"201900031664";"138 246 825";"A01";"1";"7";"0";"2";"1";"15";"1";""
"201900031665";"138 246 823";"A01";"2";"7";"0";"1";"3";"9";"1";""
"201900031666";"138 246 822";"A01";"2";"32";"0";"1";"1";"1";"1";""
"201900031667";"138 246 820";"A01";"1";"7";"0";"2";"1";"2";"1";""
"201900031667";"138 246 821";"B01";"1";"7";"0";"0";"4";"1";"1";""
"201900031668";"138 246 818";"A01";"1";"7";"0";"2";"3";"9";"1";""
"201900031668";"138 246 819";"B01";"1";"1";"0";"2";"7";"1";"5";""
"201900031669";"138 246 816";"A01";"2";"1";"0";"2";"1";"5";"5";""
"201900031669";"138 246 817";"B01";"1";"7";"0";"2";"3";"9";"1";""
"201900031670";"138 246 815";"A01";"3";"7";"0";"1";"1";"0";"1";""
"201900031671";"138 246 812";"A01";"3";"7";"0";"1";"2";"21";"1";""
"201900031672";"138 246 811";"A01";"1";"7";"2";"0";"1";"1";"1";""
"201900031673";"138 246 810";"A01";"1";"7";"0";"1";"3";"1";"1";""
"201900031674";"138 246 809";"A01";"3";"7";"0";"1";"1";"1";"1";""
"201900031675";"138 246 807";"A01";"2";"7";"0";"1";"1";"2";"1";""
"201900031675";"138 246 808";"B01";"2";"7";"0";"1";"1";"1";"1";""
"201900031676";"138 246 806";"Z01";"1";"7";"0";"1";"1";"1";"0";""
"201900031677";"138 246 804";"B01";"2";"7";"0";"0";"2";"1";"0";""
"201900031677";"138 246 805";"A01";"2";"30";"0";"2";"1";"14";"0";""
"201900031678";"138 246 802";"B01";"1";"7";"0";"2";"3";"1";"0";""
"201900031678";"138 246 803";"A01";"1";"7";"0";"2";"3";"13";"0";""
"201900031679";"138 246 800";"A01";"2";"30";"1";"2";"1";"17";"1";""
"201900031679";"138 246 801";"B01";"1";"7";"0";"2";"0";"21";"0";""
"201900031680";"138 246 798";"B01";"0";"7";"0";"2";"8";"1";"1";""
"201900031680";"138 246 799";"A01";"0";"7";"0";"2";"8";"17";"1";""
"201900031681";"138 246 797";"A01";"3";"17";"4";"0";"2";"0";"1";""
"201900031682";"138 246 796";"A01";"1";"7";"0";"1";"1";"1";"1";""
"201900031683";"138 246 794";"B01";"1";"7";"0";"0";"0";"15";"1";""
"201900031683";"138 246 795";"A01";"2";"33";"0";"0";"3";"21";"1";""
"201900031684";"138 246 791";"C01";"1";"7";"0";"2";"2";"26";"1";""
"201900031684";"138 246 792";"B01";"3";"30";"0";"2";"1";"0";"1";""
"201900031684";"138 246 793";"A01";"2";"10";"0";"2";"2";"11";"1";""
"201900031685";"138 246 790";"A01";"1";"30";"0";"1";"1";"17";"1";""
"201900031686";"138 246 788";"A01";"1";"43";"0";"2";"1";"3";"1";""
"201900031686";"138 246 789";"B01";"1";"7";"0";"2";"6";"1";"1";""
"201900031687";"138 246 786";"A01";"1";"7";"0";"2";"2";"12";"1";""
"201900031687";"138 246 787";"B01";"1";"33";"0";"2";"3";"1";"1";""
"201900031688";"138 246 785";"A01";"3";"33";"14";"0";"1";"13";"1";""
"201900031689";"138 246 783";"B01";"1";"33";"0";"2";"8";"1";"1";""
"201900031689";"138 246 784";"A01";"2";"7";"0";"2";"1";"15";"2";""
"201900031690";"138 246 780";"A01";"1";"10";"0";"2";"1";"2";"1";""
"201900031690";"138 246 781";"B01";"1";"7";"0";"2";"4";"23";"1";""
"201900031690";"138 246 782";"C01";"2";"7";"0";"2";"4";"23";"1";""
"201900031691";"138 246 779";"A01";"1";"7";"0";"1";"2";"1";"1";""
"201900031692";"138 246 778";"A01";"2";"32";"0";"0";"1";"1";"1";""
"201900031693";"138 246 776";"A01";"1";"7";"0";"2";"3";"9";"1";""
"201900031693";"138 246 777";"B01";"1";"7";"1";"2";"2";"1";"2";""
"201900031694";"138 246 775";"A01";"2";"10";"4";"0";"1";"13";"1";""
"201900031695";"138 246 773";"A01";"1";"32";"0";"2";"1";"7";"1";""
"201900031695";"138 246 774";"B01";"2";"10";"0";"2";"8";"15";"1";""
"201900031696";"138 246 771";"A01";"3";"7";"0";"2";"4";"1";"1";""
"201900031696";"138 246 772";"Z01";"3";"7";"0";"2";"1";"2";"1";""
"201900031697";"138 246 769";"A01";"2";"7";"0";"2";"2";"1";"1";""
"201900031697";"138 246 770";"B01";"2";"7";"1";"2";"2";"1";"2";""
"201900031698";"138 246 767";"A01";"1";"32";"0";"2";"1";"2";"1";""
"201900031698";"138 246 768";"B01";"1";"7";"0";"2";"6";"1";"1";""
"201900031699";"138 246 766";"A01";"1";"37";"15";"0";"1";"1";"1";"3"
"201900031700";"138 246 764";"A01";"3";"7";"0";"2";"2";"1";"1";""
"201900031700";"138 246 765";"B01";"3";"7";"0";"2";"1";"1";"1";""
"201900031701";"138 246 763";"A01";"1";"7";"0";"1";"2";"26";"1";""
"201900031702";"138 246 762";"A01";"2";"10";"0";"1";"3";"1";"1";""
"201900031703";"138 246 761";"A01";"2";"37";"0";"1";"2";"19";"0";"1"
"201900031704";"138 246 759";"A01";"2";"7";"0";"2";"1";"1";"0";""
"201900031704";"138 246 760";"B01";"2";"7";"1";"0";"0";"0";"0";""
"201900031705";"138 246 757";"B01";"3";"10";"0";"2";"0";"0";"1";""
"201900031705";"138 246 758";"A01";"1";"33";"1";"0";"9";"15";"1";""
"201900031706";"138 246 755";"A01";"3";"7";"14";"0";"3";"15";"1";""
"201900031707";"138 246 754";"A01";"0";"7";"16";"0";"1";"1";"1";""
"201900031708";"138 246 753";"A01";"2";"7";"0";"1";"1";"15";"0";""