"Num_Acc";"id_vehicule";"num_veh";"senc";"catv";"obs";"obsm";"choc";"manv";"motor";"occutc"
"201900031709";"138 246 751";"A01";"1";"30";"0";"2";"2";"17";"1";""
"201900031709";"138 246 752";"B01";"1";"7";"0";"2";"3";"15";"1";""
"201900031710";"138 246 750";"A01";"1";"3";"0";"1";"1";"21";"6";""
"201900031711";"138 246 748";"B01";"1";"3";"0";"2";"3";"15";"1";""
"201900031711";"138 246 749";"A01";"1";"34";"0";"2";"1";"2";"1";""
"201900031712";"138 246 746";"A01";"1";"33";"0";"2";"1";"3";"1";""
"201900031712";"138 246 747";"B01";"2";"7";"0";"2";"3";"9";"0";""
"201900031713";"138 246 745";"B01";"2";"10";"0";"1";"2";"21";"1";""
"201900031714";"138 246 744";"A01";"0";"10";"6";"1";"4";"26";"1";""
"201900031715";"138 246 743";"A01";"1";"7";"0";"1";"2";"17";"1";""
"201900031716";"138 246 741";"A01";"1";"7";"0";"2";"1";"19";"1";""
"201900031716";"138 246 742";"B01";"2";"17";"0";"2";"1";"1";"1";""
"201900031717";"138 246 740";"A01";"2";"7";"4";"0";"3";"0";"1";""
"201900031718";"138 246 739";"A01";"1";"7";"13";"0";"2";"21";"1";""
"201900031719";"138 246 738";"A01";"0";"7";"0";"1";"0";"9";"0";""
"201900031720";"138 246 736";"A01";"0";"7";"0";"2";"1";"15";"2";""
"201900031720";"138 246 737";"B01";"0";"7";"0";"2";"1";"23";"1";""
"201900031721";"138 246 734";"B01";"2";"7";"0";"2";"1";"1";"1";""
"201900031721";"138 246 735";"A01";"1";"7";"0";"2";"1";"13";"1";""
"201900031722";"138 246 733";"A01";"1";"1";"0";"0";"0";"0";"5";""
"201900031723";"138 246 732";"A01";"1";"7";"0";"1";"3";"1";"1";""
"201900031724";"138 246 731";"A01";"2";"7";"0";"1";"1";"15";"1";""
"201900031725";"138 246 729";"A01";"2";"7";"0";"2";"1";"1";"1";""
"201900031725";"138 246 730";"B01";"1";"7";"0";"2";"1";"5";"1";""
"201900031726";"138 246 727";"B01";"2";"10";"0";"2";"1";"1";"1";""
"201900031726";"138 246 728";"A01";"1";"7";"0";"2";"1";"13";"1";""
"201900031727";"138 246 725";"A01";"1";"7";"0";"2";"3";"17";"1";""
"201900031727";"138 246 726";"B01";"2";"7";"0";"2";"3";"1";"1";""
"201900031728";"138 246 723";"B01";"2";"2";"0";"2";"1";"1";"1";""
"201900031728";"138 246 724";"A01";"1";"7";"0";"2";"2";"15";"1";""
"201900031729";"138 246 721";"A01";"2";"7";"0";"2";"1";"15";"1";""
"201900031729";"138 246 722";"B01";"1";"7";"0";"2";"1";"1";"1";""
"201900031730";"138 246 719";"A01";"2";"10";"2";"0";"3";"1";"1";""
"201900031731";"138 246 715";"A01";"2";"7";"0";"2";"1";"15";"1";""
"201900031731";"138 246 716";"B01";"1";"2";"0";"2";"1";"1";"1";""
"201900031732";"138 246 713";"A01";"1";"7";"0";"2";"7";"1";"1";""
"201900031732";"138 246 714";"B01";"2";"10";"0";"2";"1";"1";"1";""
"201900031733";"138 246 711";"B01";"3";"7";"0";"2";"1";"1";"1";""
"201900031733";"138 246 712";"A01";"3";"13";"0";"2";"8";"15";"1";""
"201900031734";"138 246 709";"B01";"2";"17";"0";"2";"3";"1";"1";""
"201900031734";"138 246 710";"A01";"1";"10";"0";"2";"3";"13";"1";""
"201900031735";"138 246 708";"A01";"2";"7";"3";"0";"8";"0";"6";""
"201900031736";"138 246 706";"A01";"2";"7";"0";"2";"8";"24";"1";""
"201900031736";"138 246 707";"B01";"2";"7";"1";"0";"7";"1";"0";""
"201900031737";"138 246 705";"A01";"1";"2";"0";"1";"1";"0";"1";""
"201900031738";"138 246 704";"A01";"2";"33";"0";"5";"1";"0";"1";""
"201900031739";"138 246 702";"B01";"2";"7";"0";"2";"3";"1";"1";""
"201900031739";"138 246 703";"A01";"1";"7";"0";"2";"3";"5";"1";""
"201900031740";"138 246 701";"A01";"1";"7";"16";"0";"9";"1";"1";""
"201900031741";"138 246 699";"A01";"2";"7";"0";"2";"8";"15";"1";""
"201900031741";"138 246 700";"B01";"2";"7";"0";"2";"9";"17";"1";""
"201900031742";"138 246 697";"A01";"0";"7";"0";"2";"8";"15";"0";""
"201900031742";"138 246 698";"B01";"0";"34";"0";"2";"2";"17";"0";""
"201900031743";"138 246 695";"B01";"2";"17";"0";"2";"8";"1";"1";""
"201900031743";"138 246 696";"A01";"1";"17";"3";"2";"8";"13";"1";""
"201900031744";"138 246 694";"A01";"2";"7";"13";"0";"3";"1";"1";""
"201900031745";"138 246 692";"B01";"1";"7";"0";"2";"1";"1";"1";""
"201900031745";"138 246 693";"A01";"2";"7";"0";"2";"7";"26";"1";""
"201900031746";"138 246 691";"A01";"1";"7";"2";"0";"8";"14";"1";""
"201900031747";"138 246 689";"A01";"2";"7";"0";"2";"3";"1";"1";""
"201900031747";"138 246 690";"B01";"1";"7";"0";"2";"3";"1";"1";""
"201900031748";"138 246 682";"A01";"1";"7";"0";"2";"4";"2";"1";""
"201900031748";"138 246 683";"B01";"1";"7";"0";"2";"1";"2";"1";""
"201900031748";"138 246 684";"C01";"1";"7";"0";"2";"1";"2";"1";""
"201900031748";"138 246 685";"D01";"1";"7";"0";"2";"1";"2";"1";""
"201900031749";"138 246 680";"A01";"2";"7";"0";"2";"1";"3";"1";""
"201900031749";"138 246 681";"B01";"2";"7";"0";"2";"4";"1";"1";""
"201900031750";"138 246 679";"A01";"1";"7";"0";"1";"3";"15";"0";""
"201900031751";"138 246 678";"A01";"1";"33";"0";"2";"7";"17";"1";""
"201900031752";"138 246 676";"A01";"3";"33";"0";"2";"7";"1";"1";""
"201900031752";"138 246 677";"B01";"3";"7";"0";"2";"1";"16";"1";""
"201900031753";"138 246 674";"B01";"3";"0";"0";"2";"1";"19";"6";""
"201900031753";"138 246 675";"A01";"3";"13";"0";"5";"7";"16";"1";""
"201900031754";"138 246 672";"B01";"1";"1";"0";"2";"1";"1";"0";""
"201900031754";"138 246 673";"A01";"1";"7";"0";"2";"3";"26";"1";""
"201900031755";"138 246 670";"A01";"1";"7";"0";"2";"0";"15";"1";""
"201900031755";"138 246 671";"B01";"1";"30";"0";"2";"8";"1";"1";""
"201900031756";"138 246 669";"A01";"2";"31";"0";"0";"3";"1";"1";""
"201900031757";"138 246 668";"A01";"1";"10";"0";"1";"5";"26";"0";""
"201900031758";"138 246 664";"C01";"0";"7";"0";"2";"1";"1";"1";""
"201900031758";"138 246 665";"B01";"0";"32";"0";"2";"1";"1";"1";""
"201900031758";"138 246 666";"A01";"0";"7";"0";"2";"2";"1";"1";""
"201900031759";"138 246 662";"A01";"2";"7";"0";"2";"1";"9";"1";""
"201900031759";"138 246 663";"B01";"1";"7";"0";"2";"5";"9";"1";""
"201900031760";"138 246 660";"A01";"1";"7";"0";"2";"1";"13";"1";""
"201900031760";"138 246 661";"B01";"2";"7";"0";"2";"1";"1";"1";""
"201900031761";"138 246 658";"A01";"3";"7";"0";"2";"8";"1";"1";""
"201900031761";"138 246 659";"B01";"3";"60";"0";"2";"1";"19";"5";""
"201900031762";"138 246 656";"A01";"1";"7";"0";"2";"2";"15";"1";""
"201900031762";"138 246 657";"B01";"2";"1";"0";"2";"1";"8";"5";""
"201900031763";"138 246 654";"A01";"1";"10";"0";"2";"0";"15";"1";""
"201900031763";"138 246 655";"B01";"1";"33";"0";"2";"8";"1";"1";""
"201900031764";"138 246 652";"A01";"2";"7";"0";"2";"6";"1";"1";""
"201900031764";"138 246 653";"B01";"2";"31";"0";"2";"1";"2";"1";""
"201900031765";"138 246 649";"A01";"2";"7";"0";"2";"4";"1";"1";""
"201900031765";"138 246 650";"B01";"2";"7";"0";"2";"1";"1";"1";""
"201900031765";"138 246 651";"C01";"2";"7";"0";"2";"1";"1";"1";""
"201900031766";"138 246 647";"B01";"1";"7";"0";"2";"1";"1";"1";""
"201900031766";"138 246 648";"A01";"2";"7";"0";"2";"7";"19";"1";""
"201900031767";"138 246 645";"A01";"3";"13";"0";"2";"6";"15";"1";""
"201900031767";"138 246 646";"B01";"3";"33";"0";"2";"3";"2";"0";""
"201900031768";"138 246 643";"B01";"2";"7";"0";"2";"8";"1";"1";""
"201900031768";"138 246 644";"A01";"1";"32";"0";"2";"1";"1";"1";""
"201900031769";"138 246 642";"B01";"1";"31";"0";"0";"9";"1";"1";""
"201900031770";"138 246 640";"D01";"1";"30";"0";"0";"4";"1";" -1";""
"201900031770";"138 246 641";"C01";"1";"30";"0";"2";"1";"1";" -1";""
"201900031771";"138 246 638";"C01";"1";"7";"0";"2";"1";"1";"1";""
"201900031771";"138 246 639";"D01";"1";"7";"0";"2";"4";"1";"1";""
"201900031772";"138 246 637";"B01";"1";"33";"0";"0";"9";"1";"1";""
"201900031773";"138 246 636";"A01";"1";"10";"0";"1";"4";"25";"1";""
"201900031774";"138 246 635";"Z01";"2";"7";"0";"1";"3";"1";"0";""
"201900031775";"138 246 632";"B01";"2";"1";"0";"2";"1";"9";"0";""
"201900031775";"138 246 633";"A01";"1";"7";"0";"2";"1";"1";"0";""
"201900031776";"138 246 630";"A01";"1";"7";"0";"2";"8";"13";"1";""
"201900031776";"138 246 631";"B01";"1";"14";"0";"2";"2";"0";"1";""
"201900031777";"138 246 628";"B01";"1";"7";"0";"2";"6";"2";"1";""
"201900031777";"138 246 629";"A01";"1";"30";"0";"2";"1";"2";"1";""
"201900031778";"138 246 626";"A01";"2";"7";"0";"2";"3";"1";"1";""
"201900031778";"138 246 627";"B01";"1";"32";"0";"2";"7";"1";"1";""
"201900031779";"138 246 624";"A01";"2";"7";"0";"2";"3";"19";"1";""
"201900031779";"138 246 625";"B01";"1";"34";"0";"2";"1";"1";"1";""
"201900031780";"138 246 623";"A01";"1";"10";"0";"1";"1";"15";"0";""
"201900031781";"138 246 621";"A01";"2";"7";"0";"2";"2";"1";"1";""
"201900031781";"138 246 622";"B01";"3";"1";"0";"2";"8";"19";"5";""
"201900031782";"138 246 620";"A01";"1";"33";"14";"0";"0";"17";"1";""
"201900031783";"138 246 619";"A01";"3";"7";"13";"0";"1";"14";"1";""
"201900031784";"138 246 617";"B01";"3";"7";"0";"2";"4";"2";"1";""
"201900031784";"138 246 618";"A01";"3";"7";"0";"2";"1";"2";"1";""
"201900031785";"138 246 615";"B01";"0";"32";"1";"2";"7";"2";"1";""
"201900031785";"138 246 616";"A01";"2";"7";"0";"2";"1";"19";"1";""
"201900031786";"138 246 614";"A01";"2";"7";"15";"0";"2";"1";"0";""
"201900031787";"138 246 610";"A01";"2";"7";"0";"2";"1";"9";"1";""
"201900031787";"138 246 611";"B01";"1";"7";"0";"2";"2";"1";"1";""
"201900031788";"138 246 607";"C01";"1";"7";"0";"2";"8";"1";"2";""
"201900031788";"138 246 608";"A01";"1";"30";"0";"2";"1";"9";"1";""
"201900031788";"138 246 609";"B01";"1";"30";"0";"2";"8";"9";"1";""
"201900031789";"138 246 604";"C01";"1";"1";"0";"2";"1";"1";"5";""
"201900031789";"138 246 605";"B01";"1";"7";"0";"2";"8";"24";"1";""
"201900031789";"138 246 606";"A01";"1";"7";"0";"2";"5";"22";"1";""
"201900031790";"138 246 603";"A01";"3";"30";"0";"5";"1";"1";"1";""
"201900031791";"138 246 601";"Z01";"1";"30";"0";"2";"4";"17";"0";""
"201900031791";"138 246 602";"A01";"1";"30";"0";"2";"1";"1";"1";""
"201900031792";"138 246 599";"A01";"1";"7";"0";"2";"1";"2";"1";""
"201900031792";"138 246 600";"B01";"1";"32";"0";"2";"4";"2";"1";""
"201900031793";"138 246 597";"B01";"2";"7";"0";"2";"7";"14";"1";""
"201900031793";"138 246 598";"A01";"2";"32";"0";"2";"8";"1";"1";""
"201900031794";"138 246 596";"A01";"2";"7";"0";"1";"3";"1";"1";""
"201900031795";"138 246 594";"A01";"2";"7";"0";"2";"2";"10";"1";""
"201900031795";"138 246 595";"B01";"1";"31";"0";"2";"1";"1";"1";""
"201900031796";"138 246 590";"A01";"2";"7";"0";"2";"3";"15";"1";""
"201900031796";"138 246 592";"Z01";"2";"33";"0";"2";"2";"14";"1";""
"201900031797";"138 246 591";"B01";"3";"33";"0";"2";"7";"15";"0";""
"201900031797";"138 246 593";"A01";"3";"7";"0";"2";"3";"10";"0";""
"201900031798";"138 246 588";"B01";"2";"7";"0";"2";"3";"1";"1";""
"201900031798";"138 246 589";"A01";"2";"30";"0";"2";"7";"1";"1";""
"201900031799";"138 246 586";"B01";"1";"33";"0";"2";"8";"1";"1";""
"201900031799";"138 246 587";"A01";"1";"7";"0";"2";"0";"11";"0";""
"201900031800";"138 246 585";"A01";"1";"1";"0";"0";"7";"13";"5";""
"201900031801";"138 246 582";"A01";"3";"1";"0";"1";"1";"1";"5";""
"201900031802";"138 246 583";"U01";"2";"10";"0";"0";"4";"23";"1";""
"201900031802";"138 246 584";"B01";"2";"14";"0";"2";"1";"2";"1";""
"201900031803";"138 246 581";"A01";"2";"30";"11";"0";"1";"13";"3";""
"201900031804";"138 246 579";"B01";"3";"10";"0";"2";"1";"9";"1";""
"201900031804";"138 246 580";"A01";"3";"7";"0";"2";"2";"26";"1";""
"201900031805";"138 246 578";"A01";"1";"30";"1";"0";"1";"14";"3";""
"201900031806";"138 246 576";"A01";"1";"7";"0";"1";"3";"20";"1";""
"201900031807";"138 246 575";"B01";"1";"33";"0";"2";"1";"1";"1";""
"201900031807";"138 246 577";"A01";"1";"10";"0";"2";"1";"9";"1";""
"201900031808";"138 246 573";"A01";"1";"33";"0";"2";"0";"26";"1";""
"201900031808";"138 246 574";"B01";"1";"2";"0";"2";"0";"1";"1";""
"201900031809";"138 246 571";"A01";"2";"10";"0";"2";"8";"26";"1";""
"201900031809";"138 246 572";"B01";"2";"1";"0";"2";"1";"1";"6";""
"201900031810";"138 246 569";"B01";"1";"31";"0";"2";"7";"0";"0";""
"201900031810";"138 246 570";"A01";"2";"7";"0";"2";"7";"15";"0";""
"201900031811";"138 246 566";"A01";"2";"7";"0";"2";"5";"0";"1";""
"201900031811";"138 246 567";"B01";"2";"32";"0";"2";"1";"21";"0";""
"201900031812";"138 246 564";"A01";"1";"3";"4";"0";"3";"1";"1";""
"201900031813";"138 246 563";"B01";"1";"10";"0";"2";"2";"15";"1";""
"201900031813";"138 246 565";"A01";"1";"1";"0";"2";"8";"14";"0";""
"201900031814";"138 246 560";"A01";"1";"7";"0";"6";"3";"26";"1";""
"201900031814";"138 246 562";"B01";"1";"1";"0";"2";"1";"1";"0";""
"201900031815";"138 246 559";"B01";"2";"7";"0";"2";"2";"15";"1";""
"201900031815";"138 246 561";"A01";"1";"1";"0";"2";"1";"1";"5";""
"201900031816";"138 246 555";"A01";"2";"7";"0";"2";"2";"26";"1";""
"201900031816";"138 246 556";"B01";"1";"7";"0";"2";"1";"1";"1";""
"201900031817";"138 246 557";"A01";"1";"20";"0";"2";"6";"10";"1";""
"201900031817";"138 246 558";"B01";"1";"31";"0";"2";"1";"1";"1";""
"201900031818";"138 246 553";"B01";"1";"7";"0";"2";"2";"15";"1";""
"201900031818";"138 246 554";"A01";"2";"30";"0";"2";"1";"17";"1";""
"201900031819";"138 246 551";"A01";"3";"7";"0";"0";"9";"1";"0";""
"201900031820";"138 246 550";"B01";"1";"7";"0";"2";"1";"1";"1";""
"201900031820";"138 246 552";"A01";"1";"7";"0";"2";"5";"1";"1";""
"201900031821";"138 246 549";"A01";"1";"33";"0";"0";"0";"1";"1";""
"201900031822";"138 246 544";"B01";"2";"10";"0";"2";"6";"13";"1";""
"201900031822";"138 246 546";"A01";"1";"7";"0";"2";"2";"1";"1";""
"201900031823";"138 246 543";"A01";"2";"10";"0";"2";"1";"2";"0";""
"201900031823";"138 246 545";"D01";"2";"7";"0";"2";"4";"2";"0";""
"201900031823";"138 246 547";"C01";"2";"7";"0";"2";"1";"2";"0";""
"201900031823";"138 246 548";"B01";"2";"10";"0";"2";"4";"2";"0";""
"201900031824";"138 246 541";"A01";"1";"3";"0";"1";"1";"1";"0";""
"201900031825";"138 246 540";"B01";"3";"1";"0";"0";"7";"19";"5";""
"201900031825";"138 246 542";"A01";"3";"2";"0";"9";"1";"9";"1";""
"201900031826";"138 246 538";"A01";"1";"31";"0";"0";"8";"1";"1";""
"201900031827";"138 246 537";"A01";"0";"34";"0";"2";"1";"17";"0";""
"201900031827";"138 246 539";"B01";"0";"7";"0";"0";"3";"1";"0";""
"201900031828";"138 246 534";"B01";"3";"60";"0";"2";"8";"1";"5";""
"201900031828";"138 246 535";"A01";"1";"7";"0";"6";"3";"15";"1";""
"201900031829";"138 246 532";"A01";"1";"7";"0";"1";"6";"1";"1";""
"201900031830";"138 246 533";"B01";"2";"7";"0";"2";"2";"1";"1";""
"201900031830";"138 246 536";"A01";"1";"10";"0";"2";"1";"19";"1";""
"201900031831";"138 246 530";"B01";"1";"7";"0";"0";"4";"0";"0";""
"201900031831";"138 246 531";"A01";"1";"7";"0";"0";"1";"12";"3";""
"201900031832";"138 246 528";"A01";"1";"7";"0";"2";"1";"13";"1";""
"201900031832";"138 246 529";"B01";"2";"7";"0";"2";"3";"1";"1";""
"201900031833";"138 246 526";"B01";"3";"3";"0";"2";"7";"15";"1";""
"201900031833";"138 246 527";"A01";"3";"30";"0";"2";"1";"5";"1";""
"201900031834";"138 246 523";"A01";"3";"33";"0";"2";"8";"17";"1";""
"201900031834";"138 246 524";"B01";"3";"32";"0";"2";"8";"1";"1";""
"201900031834";"138 246 525";"C01";"2";"33";"0";"2";"0";"1";"1";""
"201900031835";"138 246 521";"B01";"1";"7";"0";"2";"4";"23";"0";""
"201900031835";"138 246 522";"A01";"1";"7";"0";"2";"4";"23";"0";""
"201900031836";"138 246 520";"A01";"0";"7";"13";"0";"0";"14";"1";""
"201900031837";"138 246 517";"C01";"3";"3";"0";"2";"1";"2";"1";""
"201900031837";"138 246 518";"B01";"3";"7";"0";"2";"1";"2";"1";""
"201900031837";"138 246 519";"A01";"3";"33";"0";"2";"7";"21";"1";""
"201900031838";"138 246 513";"B01";"1";"32";"0";"2";"1";"1";"0";""
"201900031838";"138 246 515";"A01";"1";"7";"0";"2";"2";"15";"1";""
"201900031839";"138 246 514";"B01";"2";"7";"0";"2";"3";"2";"1";""
"201900031839";"138 246 516";"A01";"1";"7";"0";"2";"1";"13";"1";""
"201900031840";"138 246 511";"A01";"1";"7";"0";"2";"3";"20";"0";""
"201900031840";"138 246 512";"B01";"1";"32";"0";"2";"1";"1";"0";""
"201900031841";"138 246 509";"B01";"2";"7";"0";"2";"1";"15";"0";""
"201900031841";"138 246 510";"A01";"1";"33";"0";"2";"0";"1";"0";""
"201900031842";"138 246 507";"B01";"1";"1";"0";"2";"3";"13";"0";""
"201900031842";"138 246 508";"A01";"1";"37";"0";"2";"2";"17";"0";"1"
"201900031843";"138 246 504";"B01";"2";"7";"0";"2";"1";"1";"1";""
"201900031843";"138 246 505";"A01";"1";"7";"0";"2";"2";"15";"1";""
"201900031844";"138 246 506";"A01";"1";"31";"0";"0";"3";"1";"1";""
"201900031845";"138 246 503";"A01";"1";"7";"0";"1";"3";"19";"1";""
"201900031846";"138 246 501";"B01";"1";"33";"0";"2";"1";"1";"1";""
"201900031846";"138 246 502";"A01";"2";"10";"0";"0";"3";"15";"1";""
"201900031847";"138 246 498";"B01";"1";"32";"0";"9";"1";"1";"1";""
"201900031847";"138 246 500";"A01";"1";"1";"0";"0";"4";"13";"5";""
"201900031848";"138 246 499";"A01";"1";"7";"13";"0";"9";"1";"1";""
"201900031849";"138 246 497";"A01";"1";"7";"2";"0";"1";"2";"1";""
"201900031850";"138 246 493";"B01";"2";"7";"0";"2";"2";"16";"1";""
"201900031850";"138 246 494";"A01";"1";"1";"0";"0";"6";"1";"5";""
"201900031851";"138 246 489";"B01";"2";"20";"0";"2";"6";"24";"1";""
"201900031851";"138 246 490";"A01";"2";"7";"1";"0";"2";"1";"1";""
"201900031852";"138 246 485";"A01";"2";"7";"0";"2";"2";"1";"1";""
"201900031852";"138 246 486";"B01";"2";"10";"0";"2";"1";"16";"1";""
"201900031853";"138 246 483";"A01";"0";"30";"0";"2";"0";"1";"0";""
"201900031853";"138 246 484";"B01";"0";"7";"0";"2";"0";"5";"1";""
"201900031854";"138 246 487";"D01";"1";"14";"0";"0";"0";"9";"1";""
"201900031854";"138 246 488";"C01";"2";"10";"0";"2";"7";"21";"1";""
"201900031854";"138 246 491";"B01";"1";"17";"3";"2";"1";"21";"1";""
"201900031854";"138 246 492";"A01";"2";"7";"3";"2";"1";"15";"1";""
"201900031855";"138 246 482";"A01";"1";"2";"15";"0";"0";"13";"0";""
"201900031856";"138 246 480";"B01";"1";"7";"13";"2";"1";"1";"1";""
"201900031856";"138 246 481";"A01";"2";"3";"13";"2";"7";"1";"1";""
"201900031857";"138 246 478";"A01";"1";"17";"0";"0";"2";"1";"1";""
"201900031858";"138 246 479";"A01";"1";"7";"0";"1";"2";"0";"0";""
"201900031859";"138 246 476";"A01";"1";"7";"13";"0";"0";"21";"1";""
"201900031860";"138 246 477";"A01";"1";"2";"13";"0";"1";"0";"0";""
"201900031861";"138 246 474";"A01";"2";"10";"0";"2";"1";"1";"1";""
"201900031861";"138 246 475";"B01";"2";"15";"0";"0";"4";"1";"1";""
"201900031862";"138 246 472";"A01";"1";"7";"0";"2";"1";"1";"1";""
"201900031862";"138 246 473";"B01";"2";"21";"0";"2";"1";"1";"1";""
"201900031863";"138 246 470";"B01";"3";"2";"0";"2";"9";"9";"1";""
"201900031863";"138 246 471";"A01";"1";"7";"0";"2";"7";"1";"1";""
"201900031864";"138 246 468";"A01";"3";"7";"0";"9";"3";"1";"1";""
"201900031864";"138 246 469";"B01";"3";"1";"0";"2";"3";"1";"5";""
"201900031865";"138 246 466";"B01";"2";"17";"0";"0";"4";"2";"0";""
"201900031865";"138 246 467";"A01";"2";"10";"0";"2";"0";"2";"0";""
"201900031866";"138 246 463";"B01";"2";"1";"0";"2";"8";"15";"5";""
"201900031866";"138 246 464";"A01";"1";"7";"0";"0";"1";"1";"1";""
"201900031867";"138 246 460";"A01";"1";"17";"0";"2";"1";"1";"1";""
"201900031867";"138 246 461";"B01";"1";"10";"0";"0";"4";"1";"1";""
"201900031867";"138 246 462";"C01";"1";"7";"0";"2";"1";"1";"1";""
"201900031868";"138 246 465";"A01";"1";"7";"0";"1";"2";"15";"1";""
"201900031869";"138 246 458";"A01";"1";"33";"0";"2";"3";"10";"1";""
"201900031869";"138 246 459";"B01";"1";"33";"0";"2";"2";"1";"1";""
"201900031870";"138 246 456";"A01";"1";"7";"0";"2";"2";"15";"1";""
"201900031870";"138 246 457";"B01";"2";"33";"0";"2";"1";"1";"1";""
"201900031871";"138 246 451";"A01";"1";"7";"0";"2";"3";"20";"1";""
"201900031871";"138 246 453";"B01";"1";"33";"0";"2";"2";"1";"1";""
"201900031872";"138 246 448";"B01";"2";"7";"0";"2";"1";"1";"1";""
"201900031872";"138 246 449";"A01";"1";"7";"0";"2";"3";"19";"1";""
"201900031873";"138 246 450";"B01";"1";"7";"0";"2";"6";"1";"1";""
"201900031873";"138 246 452";"A01";"2";"7";"0";"2";"1";"1";"1";""
"201900031874";"138 246 446";"A01";"3";"7";"0";"2";"0";"17";"0";""
"201900031874";"138 246 447";"B01";"3";"0";"0";"0";"4";"1";"6";""
"201900031875";"138 246 445";"A01";"1";"1";"0";"0";"1";"2";"5";""
"201900031876";"138 246 440";"B01";"2";"10";"0";"2";"5";"13";"1";""
"201900031876";"138 246 441";"A01";"2";"7";"0";"1";"1";"12";"1";""
"201900031877";"138 246 439";"A01";"2";"7";"0";"2";"1";"13";"1";""
"201900031877";"138 246 442";"B01";"1";"7";"0";"2";"1";"1";"1";""
"201900031878";"138 246 438";"A01";"3";"2";"7";"0";"1";"0";"0";""
"201900031879";"138 246 437";"A01";"3";"7";"2";"0";"8";"13";"1";""
"201900031880";"138 246 436";"A01";"2";"7";"0";"1";"2";"2";"1";""
"201900031881";"138 246 435";"A01";"2";"33";"13";"0";"1";"17";"1";""
"201900031882";"138 246 431";"B01";"1";"31";"0";"0";"1";"0";"1";""
"201900031882";"138 246 433";"A01";"1";"7";"15";"0";"3";"26";"1";""
"201900031883";"138 246 432";"A01";"0";"33";"0";"2";"0";"17";"0";""
"201900031883";"138 246 434";"B01";"3";"10";"0";"2";"8";"10";"0";""
"201900031884";"138 246 429";"A01";"1";"31";"15";"0";"7";"0";"0";""
"201900031885";"138 246 428";"A01";"1";"7";"0";"0";"1";"1";"1";""
"201900031885";"138 246 430";"B01";"3";"21";"0";"0";"6";"1";"1";""
"201900031886";"138 246 425";"C01";"2";"7";"0";"2";"1";"1";"1";""
"201900031886";"138 246 426";"B01";"2";"7";"0";"2";"0";"11";"1";""
"201900031886";"138 246 427";"A01";"2";"15";"0";"2";"2";"12";"1";""
"201900031887";"138 246 423";"A01";"1";"7";"0";"2";"2";"19";"1";""
"201900031887";"138 246 424";"B01";"1";"30";"0";"2";"1";"1";"1";""
"201900031888";"138 246 421";"B01";"3";"39";"0";"2";"3";"1";"0";""
"201900031888";"138 246 422";"A01";"0";"7";"0";"4";"6";"1";"1";""
"201900031889";"138 246 419";"B01";"2";"7";"0";"2";"1";"3";"1";""
"201900031889";"138 246 420";"A01";"1";"7";"0";"2";"1";"1";"1";""
"201900031890";"138 246 418";"A01";"3";"7";"13";"0";"3";"0";"1";""
"201900031891";"138 246 414";"A01";"2";"7";"0";"1";"3";"1";"1";""
"201900031891";"138 246 416";"B01";"2";"15";"0";"0";"0";"24";"1";""
"201900031892";"138 246 415";"B01";"2";"7";"0";"2";"1";"1";"0";""
"201900031892";"138 246 417";"A01";"1";"7";"0";"2";"8";"9";"0";""
"201900031893";"138 246 413";"A01";"1";"7";"15";"0";"9";"1";"1";""
"201900031894";"138 246 410";"A01";"3";"7";"0";"2";"3";"9";"0";""
"201900031894";"138 246 412";"B01";"3";"2";"0";"2";"2";"1";"1";""
"201900031895";"138 246 409";"B01";"2";"7";"0";"2";"1";"1";"1";""
"201900031895";"138 246 411";"A01";"1";"7";"0";"2";"1";"13";"1";""
"201900031896";"138 246 408";"A01";"3";"31";"9";"0";"3";"0";"1";""
"201900031897";"138 246 407";"A01";"0";"7";"0";"1";"2";"1";"1";""
"201900031898";"138 246 404";"B01";"1";"10";"0";"2";"3";"15";"1";""
"201900031898";"138 246 405";"A01";"2";"7";"0";"2";"3";"13";"1";""
"201900031899";"138 246 403";"B01";"0";"33";"0";"2";"0";"18";"1";""
"201900031899";"138 246 406";"A01";"0";"7";"0";"2";"3";"15";"1";""
"201900031900";"138 246 401";"A01";"2";"7";"6";"0";"1";"0";"1";""
"201900031901";"138 246 400";"B01";"1";"2";"1";"2";"1";"1";"1";""
"201900031901";"138 246 402";"A01";"1";"7";"0";"0";"4";"1";"1";""
"201900031902";"138 246 397";"A01";"2";"33";"0";"2";"1";"1";"1";""
"201900031902";"138 246 399";"B01";"2";"7";"0";"0";"6";"2";"1";""
"201900031903";"138 246 398";"A01";"1";"30";"0";"0";"0";"0";"0";""
"201900031904";"138 246 396";"A01";"0";"2";"0";"0";"0";"1";"1";""
"201900031905";"138 246 393";"B01";"2";"7";"0";"2";"8";"13";"0";""
"201900031905";"138 246 395";"A01";"2";"33";"0";"2";"1";"17";"0";""
"201900031906";"138 246 388";"B01";"1";"1";"0";"2";"4";"1";"5";""
"201900031906";"138 246 389";"A01";"1";"7";"0";"9";"2";"1";"1";""
"201900031907";"138 246 387";"A01";"0";"7";"13";"0";"1";"1";"1";""
"201900031908";"138 246 386";"A01";"0";"7";"0";"1";"3";"1";"0";""
"201900031909";"138 246 385";"A01";"0";"10";"0";"1";"2";"0";"1";""