"Num_Acc";"id_vehicule";"num_veh";"senc";"catv";"obs";"obsm";"choc";"manv";"motor";"occutc"
"201900031910";"138 246 384";"A01";"3";"33";"0";"0";"9";"1";"1";""
"201900031911";"138 246 383";"A01";"2";"7";"0";"1";"2";"0";"1";""
"201900031912";"138 246 381";"B01";"3";"1";"0";"0";"1";"19";"5";""
"201900031912";"138 246 382";"A01";"3";"7";"0";"1";"3";"1";"1";""
"201900031913";"138 246 377";"B01";"2";"1";"0";"2";"8";"0";"5";""
"201900031913";"138 246 378";"A01";"1";"33";"0";"1";"1";"1";"1";""
"201900031914";"138 246 375";"B01";"3";"7";"0";"2";"1";"1";"1";""
"201900031914";"138 246 376";"A01";"3";"7";"0";"2";"3";"19";"1";""
"201900031915";"138 246 379";"B01";"1";"2";"0";"0";"1";"1";"1";""
"201900031915";"138 246 380";"A01";"1";"7";"0";"0";"3";"9";"1";""
"201900031916";"138 246 372";"A01";"2";"7";"0";"2";"3";"13";"1";""
"201900031916";"138 246 373";"B01";"1";"13";"0";"2";"3";"1";"1";""
"201900031916";"138 246 374";"C01";"1";"7";"0";"2";"1";"2";"1";""
"201900031917";"138 246 370";"A01";"2";"7";"0";"2";"2";"15";"1";""
"201900031917";"138 246 371";"B01";"1";"33";"0";"2";"1";"1";"1";""
"201900031918";"138 246 368";"B01";"3";"39";"0";"2";"2";"1";"3";""
"201900031918";"138 246 369";"A01";"3";"14";"0";"4";"5";"23";"1";""
"201900031919";"138 246 365";"B01";"1";"7";"0";"2";"1";"1";"1";""
"201900031919";"138 246 367";"A01";"2";"30";"0";"2";"1";"13";"1";""
"201900031920";"138 246 364";"B01";"2";"33";"0";"2";"2";"1";"1";""
"201900031920";"138 246 366";"A01";"2";"10";"0";"0";"3";"11";"1";""
"201900031921";"138 246 361";"A01";"1";"10";"0";"2";"3";"15";"1";""
"201900031921";"138 246 362";"B01";"2";"33";"0";"2";"1";"1";"1";""
"201900031922";"138 246 360";"A01";"2";"7";"0";"2";"3";"23";"0";""
"201900031922";"138 246 363";"B01";"1";"2";"0";"2";"3";"15";"1";""
"201900031923";"138 246 354";"A01";"2";"7";"0";"2";"4";"2";"1";""
"201900031923";"138 246 355";"C01";"2";"10";"0";"2";"1";"2";"1";""
"201900031923";"138 246 357";"B01";"2";"7";"0";"2";"4";"2";"1";""
"201900031924";"138 246 353";"A01";"2";"7";"4";"0";"9";"14";"1";""
"201900031925";"138 246 351";"B01";"2";"7";"0";"0";"4";"2";"0";""
"201900031925";"138 246 352";"A01";"2";"7";"0";"2";"1";"2";"0";""
"201900031926";"138 246 350";"A01";"2";"33";"0";"0";"7";"3";"1";""
"201900031927";"138 246 348";"B01";"2";"7";"0";"2";"3";"15";"1";""
"201900031927";"138 246 349";"A01";"2";"33";"0";"2";"2";"17";"1";""
"201900031928";"138 246 345";"C01";"2";"7";"0";"1";"1";"2";"1";""
"201900031928";"138 246 346";"B01";"2";"10";"0";"2";"4";"1";"1";""
"201900031928";"138 246 347";"A01";"2";"7";"0";"2";"4";"1";"1";""
"201900031929";"138 246 344";"A01";"3";"7";"2";"0";"8";"1";"1";""
"201900031930";"138 246 343";"A01";"2";"7";"11";"0";"1";"21";"1";""
"201900031931";"138 246 342";"A01";"2";"7";"13";"0";"1";"13";"1";""
"201900031932";"138 246 340";"A01";"1";"17";"0";"2";"3";"12";"1";""
"201900031932";"138 246 341";"B01";"1";"7";"0";"2";"4";"1";"1";""
"201900031933";"138 246 336";"B01";"3";"99";"0";"2";"1";"19";"1";""
"201900031933";"138 246 339";"A01";"0";"2";"0";"2";"2";"1";"1";""
"201900031934";"138 246 335";"A01";"0";"1";"0";"0";"0";"1";"5";""
"201900031935";"138 246 334";"A01";"2";"7";"0";"2";"7";"12";"1";""
"201900031935";"138 246 337";"B01";"2";"33";"0";"2";"1";"1";"1";""
"201900031935";"138 246 338";"C01";"2";"7";"0";"2";"4";"2";"1";""
"201900031936";"138 246 331";"A01";"1";"43";"13";"0";"1";"1";"1";""
"201900031937";"138 246 329";"D01";"2";"14";"0";"2";"4";"2";"1";""
"201900031937";"138 246 330";"C01";"2";"7";"0";"2";"4";"2";"1";""
"201900031937";"138 246 332";"B01";"2";"7";"0";"2";"5";"2";"1";""
"201900031937";"138 246 333";"A01";"2";"7";"0";"2";"3";"14";"1";""
"201900031938";"138 246 328";"A01";"3";"33";"0";"0";"0";"1";"1";""
"201900031939";"138 246 327";"A01";"1";"32";"0";"0";"8";"26";"1";""
"201900031940";"138 246 324";"B01";"2";"15";"0";"2";"6";"1";"1";""
"201900031940";"138 246 325";"A01";"2";"7";"0";"9";"2";"12";"1";""
"201900031941";"138 246 321";"C01";"2";"17";"0";"0";"3";"24";"1";""
"201900031941";"138 246 322";"B01";"2";"7";"0";"0";"4";"1";"1";""
"201900031941";"138 246 323";"A01";"2";"7";"1";"1";"2";"26";"1";""
"201900031942";"138 246 320";"B01";"1";"7";"0";"2";"3";"1";"1";""
"201900031942";"138 246 326";"A01";"1";"32";"0";"2";"5";"9";"1";""
"201900031943";"138 246 317";"C01";"2";"7";"0";"2";"4";"23";"1";""
"201900031943";"138 246 318";"B01";"2";"10";"0";"2";"4";"23";"1";""
"201900031943";"138 246 319";"A01";"2";"10";"1";"0";"1";"2";"1";""
"201900031944";"138 246 312";"C01";"2";"7";"0";"2";"4";"23";"1";""
"201900031944";"138 246 313";"B01";"2";"10";"0";"2";"4";"23";"1";""
"201900031944";"138 246 314";"A01";"2";"10";"1";"0";"1";"2";"1";""
"201900031945";"138 246 315";"A01";"1";"7";"0";"0";"4";"15";"1";""
"201900031945";"138 246 316";"B01";"1";"2";"0";"2";"1";"2";"1";""
"201900031946";"138 246 307";"B01";"2";"15";"0";"0";"6";"1";"1";""
"201900031946";"138 246 309";"A01";"2";"7";"0";"2";"1";"0";"0";""
"201900031947";"138 246 306";"C01";"1";"7";"0";"2";"4";"1";"1";""
"201900031947";"138 246 308";"B01";"1";"7";"0";"2";"4";"1";"1";""
"201900031947";"138 246 310";"A01";"1";"7";"0";"2";"4";"1";"1";""
"201900031947";"138 246 311";"Z01";"1";"7";"0";"2";"1";"26";"1";""
"201900031948";"138 246 303";"B01";"1";"33";"0";"2";"1";"1";"1";""
"201900031948";"138 246 305";"A01";"2";"17";"0";"2";"2";"19";"1";""
"201900031949";"138 246 302";"B01";"1";"7";"0";"2";"4";"2";"3";""
"201900031949";"138 246 304";"A01";"1";"7";"0";"2";"1";"2";"2";""
"201900031950";"138 246 298";"A01";"2";"7";"0";"2";"2";"12";"1";""
"201900031950";"138 246 299";"B01";"2";"10";"0";"2";"6";"1";"1";""
"201900031951";"138 246 300";"B01";"1";"33";"0";"2";"1";"1";"1";""
"201900031951";"138 246 301";"A01";"1";"7";"0";"2";"2";"19";"1";""
"201900031952";"138 246 296";"A01";"1";"7";"5";"6";"1";"9";"1";""
"201900031953";"138 246 295";"A01";"2";"7";"0";"2";"2";"13";"1";""
"201900031953";"138 246 297";"B01";"1";"7";"0";"2";"2";"21";"1";""
"201900031954";"138 246 292";"A01";"2";"7";"0";"0";"6";"23";"1";""
"201900031954";"138 246 294";"B01";"2";"7";"1";"0";"2";"1";"1";""
"201900031955";"138 246 290";"B01";"2";"10";"0";"2";"2";"1";"1";""
"201900031955";"138 246 291";"A01";"2";"1";"0";"2";"3";"11";"5";""
"201900031956";"138 246 289";"A01";"1";"32";"0";"1";"0";"0";"0";""
"201900031957";"138 246 285";"A01";"3";"7";"0";"2";"3";"19";"1";""
"201900031957";"138 246 288";"B01";"3";"33";"0";"2";"2";"1";"1";""
"201900031958";"138 246 283";"Y01";"3";"0";"0";"2";"1";"0";"0";""
"201900031958";"138 246 284";"A01";"3";"7";"0";"1";"3";"26";"1";""
"201900031959";"138 246 281";"B01";"1";"33";"0";"2";"1";"1";"1";""
"201900031959";"138 246 282";"A01";"2";"7";"0";"2";"3";"19";"1";""
"201900031960";"138 246 280";"A01";"2";"30";"0";"1";"1";"17";"1";""
"201900031961";"138 246 278";"A01";"1";"7";"0";"0";"0";"1";"1";""
"201900031962";"138 246 277";"A01";"2";"7";"0";"2";"3";"1";"1";""
"201900031962";"138 246 279";"B01";"0";"7";"0";"2";"8";"9";"1";""
"201900031963";"138 246 275";"B01";"3";"1";"0";"2";"7";"19";"5";""
"201900031963";"138 246 276";"A01";"1";"7";"0";"2";"1";"2";"1";""
"201900031964";"138 246 274";"A01";"2";"7";"8";"0";"2";"14";"1";""
"201900031965";"138 246 272";"A01";"1";"7";"0";"2";"0";"0";"1";""
"201900031965";"138 246 273";"B01";"3";"1";"0";"2";"5";"16";"5";""
"201900031966";"138 246 271";"A01";"3";"43";"6";"0";"1";"15";"1";""
"201900031967";"138 246 269";"B01";"1";"30";"0";"0";"0";"0";"1";""
"201900031967";"138 246 270";"A01";"0";"1";"0";"0";"0";"0";"5";""
"201900031968";"138 246 265";"A01";"2";"7";"13";"0";"9";"1";"1";""
"201900031969";"138 246 263";"A01";"1";"3";"0";"2";"7";"12";"1";""
"201900031969";"138 246 264";"B01";"1";"2";"0";"2";"8";"1";"1";""
"201900031970";"138 246 260";"B01";"2";"7";"0";"2";"2";"1";"1";""
"201900031970";"138 246 262";"A01";"2";"1";"0";"2";"3";"16";"5";""
"201900031971";"138 246 257";"C01";"2";"7";"0";"2";"4";"2";"1";""
"201900031971";"138 246 258";"B01";"2";"7";"0";"2";"1";"2";"1";""
"201900031971";"138 246 259";"A01";"2";"7";"0";"2";"1";"2";"1";""
"201900031972";"138 246 261";"A01";"0";"7";"13";"0";"1";"0";"0";""
"201900031973";"138 246 255";"A01";"3";"7";"0";"2";"1";"13";"0";""
"201900031973";"138 246 256";"B01";"3";"7";"0";"2";"3";"1";"0";""
"201900031974";"138 246 252";"B01";"1";"2";"0";"2";"1";"1";"0";""
"201900031974";"138 246 253";"A01";"1";"7";"0";"2";"7";"16";"0";""
"201900031975";"138 246 250";"A01";"3";"30";"0";"0";"8";"1";"1";""
"201900031976";"138 246 247";"A01";"3";"7";"0";"9";"6";"24";"1";""
"201900031976";"138 246 249";"B01";"3";"1";"1";"0";"1";"2";"5";""
"201900031977";"138 246 246";"A01";"1";"7";"0";"2";"2";"26";"0";""
"201900031977";"138 246 248";"B01";"1";"31";"0";"2";"1";"5";"1";""
"201900031978";"138 246 245";"A01";"0";"2";"0";"9";"1";"1";"1";""
"201900031979";"138 246 240";"A01";"1";"7";"0";"2";"0";"19";"1";""
"201900031979";"138 246 242";"B01";"2";"33";"0";"2";"1";"0";"1";""
"201900031980";"138 246 236";"A01";"2";"7";"0";"1";"3";"2";"0";""
"201900031981";"138 246 237";"A01";"1";"7";"0";"2";"3";"1";"1";""
"201900031981";"138 246 238";"B01";"1";"7";"0";"2";"1";"15";"1";""
"201900031982";"138 246 234";"A01";"3";"7";"0";"2";"2";"19";"0";""
"201900031982";"138 246 235";"B01";"3";"7";"0";"2";"1";"1";"1";""
"201900031983";"138 246 232";"A01";"2";"7";"0";"2";"3";"19";"1";""
"201900031983";"138 246 233";"B01";"1";"31";"0";"2";"7";"1";"1";""
"201900031984";"138 246 230";"B01";"1";"31";"0";"2";"1";"17";"1";""
"201900031984";"138 246 231";"A01";"1";"7";"0";"2";"3";"15";"1";""
"201900031985";"138 246 228";"B01";"3";"1";"0";"2";"8";"1";"5";""
"201900031985";"138 246 229";"A01";"3";"7";"0";"2";"7";"16";"1";""
"201900031986";"138 246 226";"A01";"2";"7";"0";"2";"3";"1";"1";""
"201900031986";"138 246 227";"B01";"1";"14";"0";"2";"3";"1";"1";""
"201900031987";"138 246 222";"B01";"2";"7";"0";"2";"1";"1";"1";""
"201900031987";"138 246 223";"A01";"1";"2";"0";"2";"1";"5";"1";""
"201900031988";"138 246 217";"B01";"2";"31";"0";"2";"1";"1";"1";""
"201900031988";"138 246 218";"A01";"1";"7";"0";"2";"1";"17";"1";""
"201900031989";"138 246 219";"A01";"2";"7";"16";"0";"1";"1";"1";""
"201900031990";"138 246 210";"A01";"3";"7";"0";"2";"1";"15";"1";""
"201900031990";"138 246 212";"B01";"3";"7";"0";"2";"3";"1";"1";""
"201900031991";"138 246 209";"A01";"0";"7";"0";"1";"7";"1";"1";""
"201900031992";"138 246 206";"B01";"0";"33";"0";"2";"1";"1";"1";""
"201900031992";"138 246 208";"A01";"0";"7";"0";"2";"3";"15";"1";""
"201900031993";"138 246 200";"A01";"2";"7";"0";"2";"4";"2";"1";""
"201900031993";"138 246 202";"B01";"2";"7";"0";"2";"4";"2";"1";""
"201900031993";"138 246 203";"C01";"2";"7";"0";"2";"1";"2";"1";""
"201900031994";"138 246 197";"A01";"2";"7";"0";"2";"7";"12";"1";""
"201900031994";"138 246 198";"B01";"2";"33";"0";"2";"8";"1";"1";""
"201900031995";"138 246 199";"A01";"2";"7";"0";"2";"2";"15";"1";""
"201900031995";"138 246 201";"B01";"1";"43";"0";"2";"1";"1";"1";""
"201900031996";"138 246 194";"B01";"1";"7";"0";"2";"5";"11";"1";""
"201900031996";"138 246 196";"A01";"1";"33";"0";"2";"1";"1";"1";""
"201900031997";"138 246 190";"A01";"2";"7";"0";"2";"3";"1";"1";""
"201900031997";"138 246 193";"B01";"2";"10";"0";"2";"2";"1";"1";""
"201900031997";"138 246 195";"C01";"1";"7";"0";"2";"7";"12";"1";""
"201900031998";"138 246 191";"A01";"1";"33";"0";"2";"1";"2";"1";""
"201900031998";"138 246 192";"B01";"1";"7";"0";"2";"5";"2";"1";""
"201900031999";"138 246 188";"A01";"1";"7";"0";"2";"1";"15";"1";""
"201900031999";"138 246 189";"B01";"2";"1";"0";"2";"8";"0";"0";""
"201900032000";"138 246 185";"A01";"1";"7";"0";"2";"6";"1";"1";""
"201900032000";"138 246 186";"B01";"1";"7";"0";"2";"2";"1";"1";""
"201900032000";"138 246 187";"C01";"1";"33";"0";"2";"1";"3";"1";""
"201900032001";"138 246 183";"A01";"1";"37";"0";"2";"3";"13";"1";"1"
"201900032001";"138 246 184";"B01";"2";"14";"0";"2";"7";"1";"1";""
"201900032002";"138 246 181";"A01";"1";"7";"0";"1";"3";"1";"1";""
"201900032003";"138 246 182";"A01";"2";"33";"0";"0";"9";"0";"1";""
"201900032004";"138 246 179";"A01";"2";"7";"0";"2";"3";"15";"1";""
"201900032004";"138 246 180";"B01";"1";"2";"0";"2";"8";"1";"1";""
"201900032005";"138 246 177";"B01";"2";"7";"0";"2";"1";"17";"1";""
"201900032005";"138 246 178";"A01";"2";"2";"0";"2";"3";"1";"1";""
"201900032006";"138 246 176";"A01";"2";"33";"0";"0";"9";"11";"1";""
"201900032007";"138 246 173";"A01";"2";"7";"0";"2";"1";"2";"1";""
"201900032007";"138 246 174";"B01";"2";"7";"0";"2";"4";"2";"1";""
"201900032008";"138 246 172";"B01";"2";"7";"0";"2";"0";"26";"1";""
"201900032008";"138 246 175";"A01";"2";"30";"0";"2";"0";"13";"1";""
"201900032009";"138 246 169";"C01";"1";"7";"0";"2";"6";"9";"1";""
"201900032009";"138 246 170";"B01";"1";"10";"0";"2";"4";"1";"1";""
"201900032009";"138 246 171";"A01";"1";"37";"0";"2";"1";"1";"1";"1"
"201900032010";"138 246 166";"A01";"3";"7";"0";"2";"3";"26";"1";""
"201900032010";"138 246 167";"B01";"3";"99";"0";"2";"3";"1";"1";""
"201900032011";"138 246 164";"B01";"2";"7";"0";"2";"8";"11";"1";""
"201900032011";"138 246 165";"A01";"2";"31";"0";"2";"7";"3";"1";""
"201900032012";"138 246 162";"A01";"3";"7";"8";"2";"2";"17";"0";""
"201900032012";"138 246 163";"B01";"3";"7";"0";"2";"3";"9";"0";""
"201900032013";"138 246 160";"B01";"1";"33";"0";"2";"7";"11";"1";""
"201900032013";"138 246 161";"A01";"1";"7";"0";"2";"7";"12";"1";""
"201900032014";"138 246 159";"A01";"1";"7";"0";"1";"1";"16";"1";""
"201900032015";"138 246 156";"C01";"1";"10";"0";"2";"1";"1";"1";""
"201900032015";"138 246 157";"B01";"1";"7";"0";"2";"4";"1";"1";""
"201900032015";"138 246 158";"A01";"1";"7";"0";"2";"4";"1";"1";""
"201900032016";"138 246 151";"A01";"2";"33";"0";"2";"1";"1";"1";""
"201900032016";"138 246 152";"B01";"2";"7";"0";"2";"5";"12";"1";""
"201900032017";"138 246 149";"A01";"1";"7";"0";"1";"3";"1";"1";""
"201900032018";"138 246 148";"A01";"2";"10";"5";"0";"3";"13";"1";""
"201900032019";"138 246 147";"A01";"2";"2";"16";"0";"7";"1";"1";""
"201900032020";"138 246 142";"B01";"2";"7";"0";"2";"8";"1";"1";""
"201900032020";"138 246 143";"A01";"1";"7";"0";"2";"3";"15";"1";""
"201900032021";"138 246 140";"B01";"1";"7";"0";"2";"3";"1";"1";""
"201900032021";"138 246 141";"A01";"0";"7";"0";"2";"1";"15";"1";""
"201900032022";"138 246 138";"A01";"1";"1";"0";"2";"6";"1";"5";""
"201900032022";"138 246 139";"B01";"1";"7";"0";"2";"1";"1";"1";""
"201900032023";"138 246 134";"B01";"3";"7";"0";"2";"2";"9";"1";""
"201900032023";"138 246 137";"Z01";"3";"10";"0";"2";"0";"9";"1";""
"201900032024";"138 246 132";"A01";"2";"7";"0";"2";"3";"1";"1";""
"201900032024";"138 246 133";"B01";"2";"7";"0";"2";"2";"1";"1";""
"201900032025";"138 246 127";"A01";"0";"7";"0";"2";"1";"17";"6";""
"201900032025";"138 246 129";"B01";"0";"34";"0";"2";"1";"0";"1";""
"201900032026";"138 246 124";"A01";"1";"10";"0";"2";"1";"13";"1";""
"201900032026";"138 246 125";"B01";"2";"15";"0";"2";"1";"1";"1";""
"201900032027";"138 246 119";"A01";"1";"33";"4";"0";"8";"13";"1";""
"201900032028";"138 246 120";"A01";"1";"7";"3";"0";"1";"0";"1";""
"201900032029";"138 246 117";"A01";"1";"30";"0";"0";"7";"0";"1";""
"201900032030";"138 246 116";"A01";"3";"1";"0";"2";"5";"19";"5";""
"201900032030";"138 246 118";"B01";"3";"7";"0";"2";"1";"1";"1";""
"201900032031";"138 246 112";"B01";"1";"50";"0";"2";"2";"1";"3";""
"201900032031";"138 246 113";"A01";"2";"7";"0";"2";"2";"15";"1";""
"201900032032";"138 246 114";"B01";"1";"7";"0";"2";"1";"0";"1";""
"201900032032";"138 246 115";"A01";"1";"30";"0";"2";"9";"19";"1";""
"201900032033";"138 246 109";"A01";"1";"33";"0";"2";"8";"26";"1";""
"201900032033";"138 246 110";"B01";"1";"7";"0";"2";"3";"0";"1";""
"201900032034";"138 246 107";"B01";"1";"7";"0";"2";"7";"0";"1";""
"201900032034";"138 246 108";"A01";"1";"1";"0";"2";"1";"0";"5";""
"201900032035";"138 246 111";"A01";"3";"1";"12";"0";"1";"1";"5";""
"201900032036";"138 246 103";"A01";"2";"7";"0";"2";"1";"2";"1";""
"201900032036";"138 246 104";"B01";"2";"7";"0";"2";"4";"1";"1";""
"201900032037";"138 246 105";"B01";"0";"40";"0";"0";"0";"0";"3";""
"201900032037";"138 246 106";"A01";"0";"1";"0";" -1";"0";"0";"5";""
"201900032038";"138 246 101";"B01";"2";"7";"0";"2";"1";"1";"0";""
"201900032038";"138 246 102";"A01";"1";"10";"0";"2";"1";"11";"1";""
"201900032039";"138 246 099";"A01";"1";"7";"0";"2";"0";"0";"1";""
"201900032039";"138 246 100";"B01";"1";"32";"0";"2";"0";"0";"1";""
"201900032040";"138 246 097";"B01";"3";"50";"0";"2";"1";"19";"3";""
"201900032040";"138 246 098";"A01";"1";"7";"0";"2";"2";"0";"1";""
"201900032041";"138 246 094";"A01";"2";"30";"0";"2";"6";"18";"3";""
"201900032041";"138 246 095";"B01";"2";"7";"0";"2";"2";"16";"1";""
"201900032042";"138 246 093";"A01";"2";"7";"0";"2";"3";"15";"1";""
"201900032043";"138 246 091";"A01";"3";"7";"0";"2";"2";"1";"1";""
"201900032043";"138 246 092";"B01";"3";"34";"0";"2";"1";"1";"1";""
"201900032044";"138 246 089";"A01";"1";"10";"0";"2";"7";"15";"1";""
"201900032044";"138 246 090";"B01";"2";"43";"0";"2";"1";"1";"1";""
"201900032045";"138 246 096";"A01";"2";"10";"0";"1";"3";"16";"1";""
"201900032046";"138 246 088";"A01";"1";"30";"12";"2";"7";"21";"1";""
"201900032047";"138 246 086";"B01";"1";"7";"0";"2";"2";"1";"1";""
"201900032047";"138 246 087";"A01";"1";"2";"0";"2";"1";"18";"1";""
"201900032048";"138 246 084";"A01";"2";"7";"0";"2";"2";"1";"1";""
"201900032048";"138 246 085";"B01";"2";"7";"0";"2";"3";"1";"1";""
"201900032049";"138 246 082";"A01";"0";"7";"6";"0";"1";"21";"1";""
"201900032050";"138 246 079";"A01";"1";"7";"0";"2";"4";"20";"1";""
"201900032050";"138 246 080";"B01";"1";"2";"0";"2";"1";"2";"1";""
"201900032051";"138 246 077";"B01";"3";"7";"0";"2";"3";"10";"1";""
"201900032051";"138 246 078";"A01";"3";"7";"0";"2";"2";"21";"1";""
"201900032052";"138 246 081";"B01";"1";"7";"0";"6";"4";"15";"0";""
"201900032052";"138 246 083";"A01";"1";"2";"0";"2";"1";"2";"0";""
"201900032053";"138 246 076";"A01";"1";"7";"1";"0";"3";"1";"1";""
"201900032054";"138 246 073";"A01";"2";"36";"7";"0";"1";"15";"1";""
"201900032055";"138 246 074";"A01";"1";"7";"0";"2";"6";"22";"0";""
"201900032055";"138 246 075";"B01";"1";"50";"1";"0";"1";"1";"3";""
"201900032056";"138 246 069";"A01";"3";"30";"8";"2";"1";"17";"1";""
"201900032056";"138 246 070";"B01";"3";"7";"0";"2";"6";"15";"1";""
"201900032057";"138 246 068";"A01";"1";"7";"0";"1";"5";"1";"1";""
"201900032058";"138 246 065";"A01";"2";"7";"0";"2";"1";"15";"1";""
"201900032058";"138 246 067";"B01";"1";"33";"0";"2";"2";"17";"1";""
"201900032059";"138 246 066";"A01";"1";"50";"0";"1";"1";"5";"3";""
"201900032060";"138 246 062";"B01";"1";"99";"8";"2";"0";"0";"3";""
"201900032060";"138 246 064";"A01";"1";"7";"0";"2";"3";"2";"1";""
"201900032061";"138 246 061";"B01";"1";"7";"0";"2";"1";"16";"1";""
"201900032061";"138 246 063";"A01";"1";"7";"0";"2";"4";"4";"1";""
"201900032062";"138 246 059";"B01";"1";"7";"0";"2";"2";"1";"1";""
"201900032062";"138 246 060";"A01";"2";"34";"0";"2";"3";"15";"1";""
"201900032063";"138 246 057";"A01";"1";"1";"0";"2";"1";"1";"6";""
"201900032063";"138 246 058";"B01";"3";"7";"0";"2";"1";"15";"0";""
"201900032064";"138 246 055";"B01";"3";"7";"0";"2";"6";"1";"1";""
"201900032064";"138 246 056";"A01";"3";"31";"0";"2";"1";"11";"1";""
"201900032065";"138 246 053";"Z01";"3";"7";"0";"2";"1";"1";"0";""
"201900032065";"138 246 054";"B01";"3";"7";"0";"2";"6";"1";"1";""
"201900032066";"138 246 051";"A01";"1";"7";"0";"0";"0";"22";"1";""
"201900032067";"138 246 050";"B01";"3";"10";"0";"2";"4";"26";"1";""
"201900032067";"138 246 052";"A01";"3";"32";"0";"2";"1";"26";"1";""
"201900032068";"138 246 048";"A01";"1";"7";"0";"2";"0";"0";"0";""
"201900032068";"138 246 049";"B01";"2";"32";"0";"2";"4";"2";"1";""
"201900032069";"138 246 046";"B01";"2";"33";"0";"2";"7";"12";"0";""
"201900032069";"138 246 047";"A01";"2";"7";"0";"2";"6";"1";"1";""
"201900032070";"138 246 044";"A01";"2";"7";"0";"1";"1";"9";"1";""
"201900032071";"138 246 045";"A01";"1";"31";"0";"1";"7";"21";"1";""
"201900032072";"138 246 041";"A01";"1";"7";"0";"2";"6";"9";"2";""
"201900032072";"138 246 043";"B01";"1";"30";"0";"2";"1";"1";"1";""
"201900032073";"138 246 042";"A01";"2";"7";"0";"1";"1";"1";"1";""
"201900032074";"138 246 040";"A01";"1";"31";"0";"0";"1";"1";"1";""
"201900032075";"138 246 037";"Z01";"2";"7";"0";"2";"0";"1";"0";""
"201900032075";"138 246 038";"A01";"2";"10";"6";"2";"1";"12";"1";""
"201900032076";"138 246 036";"B01";"1";"33";"0";"2";"2";"26";"1";""
"201900032076";"138 246 039";"A01";"1";"7";"0";"2";"3";"9";"1";""
"201900032077";"138 246 035";"Z01";"2";"50";"0";"1";"3";"25";"3";""
"201900032078";"138 246 032";"A01";"2";"7";"0";"2";"1";"2";"1";""
"201900032078";"138 246 034";"B01";"2";"31";"0";"2";"4";"2";"1";""
"201900032079";"138 246 030";"A01";"1";"10";"0";"2";"3";"1";"1";""
"201900032079";"138 246 031";"B01";"1";"7";"0";"2";"5";"9";"1";""
"201900032080";"138 246 028";"B01";"1";"33";"0";"2";"3";"1";"1";""
"201900032080";"138 246 029";"A01";"1";"7";"0";"2";"2";"9";"1";""
"201900032081";"138 246 027";"A01";"1";"32";"1";"0";"7";"1";"1";""
"201900032082";"138 246 025";"A01";"2";"33";"0";"2";"1";"17";"1";""
"201900032082";"138 246 026";"B01";"2";"7";"0";"2";"6";"15";"1";""
"201900032083";"138 246 023";"A01";"1";"7";"0";"2";"3";"15";"1";""
"201900032083";"138 246 024";"B01";"2";"33";"0";"2";"8";"1";"1";""
"201900032084";"138 246 021";"B01";"2";"33";"0";"2";"2";"1";"1";""
"201900032084";"138 246 022";"A01";"2";"7";"0";"2";"3";"15";"1";""
"201900032085";"138 246 020";"A01";"1";"33";"0";"1";"3";"18";"1";""
"201900032086";"138 246 018";"B01";"1";"33";"0";"2";"1";"1";"1";""
"201900032086";"138 246 019";"A01";"1";"1";"0";"2";"8";"19";"5";""
"201900032087";"138 246 016";"B01";"2";"7";"0";"2";"4";"2";"2";""
"201900032087";"138 246 017";"A01";"2";"30";"0";"2";"1";"2";"3";""
"201900032088";"138 246 014";"B01";"2";"43";"1";"2";"8";"1";"1";""
"201900032088";"138 246 015";"A01";"2";"7";"0";"2";"7";"14";"1";""
"201900032089";"138 246 012";"A01";"1";"7";"0";"2";"6";"11";"1";""
"201900032089";"138 246 013";"B01";"1";"33";"0";"2";"7";"1";"1";""
"201900032090";"138 246 010";"A01";"1";"10";"0";"2";"7";"17";"1";""
"201900032090";"138 246 011";"B01";"1";"37";"0";"2";"3";"1";"1";"1"
"201900032091";"138 246 009";"A01";"1";"7";"0";"1";"5";"20";"1";""
"201900032092";"138 246 007";"A01";"2";"10";"0";"2";"3";"2";"1";""
"201900032092";"138 246 008";"B01";"2";"33";"0";"2";"4";"23";"1";""
"201900032093";"138 246 005";"B01";"1";"33";"0";"2";"2";"20";"1";""
"201900032093";"138 246 006";"A01";"1";"7";"0";"2";"3";"1";"1";""
"201900032094";"138 246 004";"A01";"0";"10";"15";"0";"1";"1";"1";""
"201900032095";"138 246 002";"B01";"3";"20";"0";"0";"3";"15";"1";""
"201900032095";"138 246 003";"A01";"3";"30";"0";"0";"1";"1";"1";""
"201900032096";"138 246 000";"A01";"3";"13";"0";"2";"2";"12";"1";""
"201900032096";"138 246 001";"B01";"3";"32";"0";"2";"3";"26";"1";""
"201900032097";"138 245 998";"B01";"2";"1";"1";"0";"2";"2";"5";""
"201900032097";"138 245 999";"A01";"2";"7";"0";"2";"3";"24";"1";""
"201900032098";"138 245 996";"A01";"1";"31";"0";"2";"1";"2";"1";""
"201900032098";"138 245 997";"B01";"1";"10";"14";"0";"4";"2";"1";""
"201900032099";"138 245 992";"A01";"3";"7";"0";"2";"2";"15";"1";""
"201900032099";"138 245 993";"B01";"3";"7";"0";"2";"3";"1";"1";""
"201900032100";"138 245 991";"A01";"1";"7";"0";"1";"1";"1";"1";""
"201900032101";"138 245 989";"A01";"2";"7";"0";"2";"7";"16";"1";""
"201900032101";"138 245 990";"B01";"2";"34";"0";"2";"3";"18";"1";""