"Num_Acc";"id_vehicule";"num_veh";"senc";"catv";"obs";"obsm";"choc";"manv";"motor";"occutc"
"201900032102";"138 245 987";"B01";"3";"7";"0";"0";"4";"2";"1";""
"201900032102";"138 245 988";"A01";"3";"7";"0";"0";"1";"2";"3";""
"201900032103";"138 245 986";"A01";"3";"7";"0";"1";"3";"15";"0";""
"201900032104";"138 245 984";"B01";"0";"40";"0";"0";"0";"0";"0";""
"201900032104";"138 245 985";"A01";"0";"7";"0";" -1";"3";"15";"0";""
"201900032105";"138 245 981";"A01";"1";"7";"0";"2";"2";"2";"1";""
"201900032105";"138 245 982";"B01";"1";"7";"0";"2";"4";"2";"1";""
"201900032105";"138 245 983";"C01";"1";"7";"0";"2";"4";"2";"1";""
"201900032106";"138 245 980";"A01";"0";"30";"0";"1";"8";"5";"1";""
"201900032107";"138 245 978";"B01";"3";"3";"0";"2";"2";"2";"0";""
"201900032107";"138 245 979";"A01";"3";"3";"0";"2";"3";"10";"0";""
"201900032108";"138 245 977";"A01";"1";"60";"0";"2";"7";"21";"5";""
"201900032109";"138 245 975";"A01";"2";"7";"0";"2";"1";"1";"1";""
"201900032109";"138 245 976";"B01";"3";"7";"0";"2";"3";"23";"1";""
"201900032110";"138 245 973";"A01";"3";"7";"0";"2";"9";"5";"0";""
"201900032110";"138 245 974";"E01";"3";"7";"0";"0";"0";"0";"0";""
"201900032111";"138 245 971";"A01";"2";"7";"0";"2";"5";"15";"1";""
"201900032111";"138 245 972";"B01";"1";"33";"0";"2";"1";"1";"1";""
"201900032112";"138 245 970";"A01";"1";"7";"7";"0";"9";"1";"1";""
"201900032113";"138 245 968";"B01";"1";"7";"0";"2";"1";"1";"1";""
"201900032113";"138 245 969";"A01";"2";"7";"0";"2";"1";"13";"1";""
"201900032114";"138 245 966";"B01";"0";"2";"0";"2";"1";"1";"1";""
"201900032114";"138 245 967";"A01";"2";"7";"0";"2";"7";"1";"0";""
"201900032115";"138 245 965";"A01";"1";"7";"0";"1";"1";"1";"6";""
"201900032116";"138 245 961";"A01";"2";"7";"0";"1";"1";"1";"1";""
"201900032117";"138 245 960";"A01";"2";"7";"13";"0";"8";"13";"1";""
"201900032118";"138 245 958";"B01";"1";"1";"0";"0";"0";"19";"5";""
"201900032118";"138 245 959";"A01";"1";"7";"0";"0";"2";"17";"0";""
"201900032119";"138 245 957";"A01";"2";"7";"2";"0";"1";"1";"1";""
"201900032120";"138 245 956";"A01";"3";"7";"0";"1";"5";"4";"1";""
"201900032121";"138 245 954";"A01";"1";"2";"0";"0";"7";"1";"1";""
"201900032121";"138 245 955";"B01";"2";"7";"0";"0";"2";"1";"1";""
"201900032122";"138 245 950";"A01";"2";"7";"0";"2";"3";"13";"1";""
"201900032122";"138 245 951";"D01";"2";"7";"0";"2";"1";"1";"1";""
"201900032122";"138 245 952";"C01";"1";"7";"0";"2";"8";"1";"1";""
"201900032122";"138 245 953";"B01";"1";"7";"0";"2";"3";"1";"1";""
"201900032123";"138 245 949";"A01";"1";"7";"3";"0";"1";"1";"1";""
"201900032124";"138 245 948";"A01";"1";"7";"8";"0";"1";"17";"1";""
"201900032125";"138 245 947";"A01";"1";"99";"8";"0";"2";"1";"1";""
"201900032126";"138 245 945";"B01";"1";"7";"0";"2";"1";"1";"1";""
"201900032126";"138 245 946";"A01";"2";"7";"0";"2";"1";"15";"1";""
"201900032127";"138 245 943";"A01";"2";"7";"0";"2";"3";"13";"1";""
"201900032127";"138 245 944";"B01";"1";"7";"0";"2";"3";"1";"1";""
"201900032128";"138 245 942";"A01";"1";"7";"13";"0";"2";"0";"1";""
"201900032129";"138 245 937";"B01";"1";"7";"0";"2";"1";"1";"1";""
"201900032129";"138 245 938";"A01";"1";"7";"0";"2";"8";"9";"1";""
"201900032130";"138 245 935";"A01";"1";"7";"15";"2";"3";"1";"1";""
"201900032130";"138 245 936";"B01";"1";"7";"0";"2";"3";"1";"1";""
"201900032131";"138 245 929";"A01";"1";"7";"0";"2";"1";"15";"1";""
"201900032131";"138 245 930";"B01";"2";"7";"0";"2";"1";"1";"1";""
"201900032132";"138 245 928";"A01";"1";"7";"0";"1";"2";"1";"1";""
"201900032133";"138 245 927";"A01";"1";"7";"0";"1";"3";"13";"1";""
"201900032134";"138 245 924";"A01";"1";"10";"0";"2";"0";"1";"1";""
"201900032134";"138 245 925";"B01";"2";"10";"0";"2";"8";"1";"1";""
"201900032134";"138 245 926";"C01";"2";"7";"0";"2";"8";"1";"1";""
"201900032135";"138 245 923";"A01";"3";"7";"0";"1";"3";"1";"1";""
"201900032136";"138 245 922";"A01";"1";"7";"6";"0";"7";"1";"1";""
"201900032137";"138 245 921";"A01";"1";"7";"16";"0";"2";"14";"1";""
"201900032138";"138 245 920";"A01";"1";"7";"8";"0";"2";"1";"1";""
"201900032139";"138 245 919";"A01";"2";"7";"16";"0";"9";"0";"1";""
"201900032140";"138 245 917";"A01";"3";"7";"0";"2";"2";"1";"1";""
"201900032140";"138 245 918";"B01";"3";"2";"0";"2";"2";"17";"1";""
"201900032141";"138 245 916";"A01";"2";"13";"0";"1";"2";"1";"1";""
"201900032142";"138 245 914";"B01";"2";"7";"0";"2";"1";"1";"1";""
"201900032142";"138 245 915";"A01";"1";"7";"13";"2";"7";"15";"1";""
"201900032143";"138 245 912";"A01";"2";"7";"0";"2";"3";"1";"1";""
"201900032143";"138 245 913";"B01";"1";"7";"0";"2";"3";"15";"1";""
"201900032144";"138 245 911";"A01";"1";"7";"13";"0";"3";"17";"1";""
"201900032145";"138 245 910";"A01";"1";"7";"6";"0";"2";"1";"1";""
"201900032146";"138 245 909";"A01";"1";"7";"0";"0";"1";"1";"0";""
"201900032147";"138 245 908";"A01";"1";"7";"13";"0";"7";"1";"1";""
"201900032148";"138 245 907";"A01";"2";"7";"2";"0";"2";"1";"1";""
"201900032149";"138 245 906";"A01";"2";"7";"2";"0";"1";"1";"1";""
"201900032150";"138 245 905";"A01";"3";"7";"2";"0";"3";"1";"1";""
"201900032151";"138 245 901";"C01";"1";"7";"0";"2";"4";"23";"1";""
"201900032151";"138 245 902";"A01";"1";"7";"0";"2";"1";"1";"1";""
"201900032151";"138 245 903";"B01";"1";"7";"0";"0";"4";"23";"1";""
"201900032151";"138 245 904";"D01";"1";"7";"0";"2";"4";"23";"1";""
"201900032152";"138 245 900";"A01";"1";"7";"9";"0";"9";"1";"1";""
"201900032153";"138 245 898";"A01";"0";"2";"0";"2";"1";"5";"6";""
"201900032153";"138 245 899";"B01";"0";"7";"0";"2";"1";"1";"0";""
"201900032154";"138 245 896";"B01";"2";"7";"0";"2";"6";"15";"1";""
"201900032154";"138 245 897";"C01";"1";"2";"0";"2";"1";"1";"1";""
"201900032155";"138 245 895";"A01";"3";"31";"6";"0";"2";"11";"1";""
"201900032156";"138 245 893";"A01";"3";"7";"0";"2";"1";"9";"1";""
"201900032156";"138 245 894";"B01";"1";"7";"0";"2";"3";"1";"1";""
"201900032157";"138 245 892";"A01";"1";"7";"2";"0";"1";"16";"1";""
"201900032158";"138 245 891";"A01";"2";"7";"17";"0";"2";"1";"1";""
"201900032159";"138 245 889";"A01";"2";"7";"0";"2";"8";"26";"0";""
"201900032159";"138 245 890";"B01";"1";"7";"0";"2";"1";"1";"0";""
"201900032160";"138 245 887";"B01";"2";"7";"0";"2";"1";"2";"1";""
"201900032160";"138 245 888";"A01";"2";"7";"0";"0";"8";"15";"1";""
"201900032161";"138 245 885";"B01";"1";"10";"0";"2";"8";"1";"1";""
"201900032161";"138 245 886";"A01";"2";"7";"0";"2";"3";"13";"1";""
"201900032162";"138 245 882";"B01";"2";"15";"0";"2";"1";"1";"1";""
"201900032162";"138 245 883";"C01";"1";"15";"0";"2";"1";"1";"1";""
"201900032162";"138 245 884";"A01";"2";"7";"0";"2";"8";"19";"1";""
"201900032163";"138 245 881";"A01";"0";"7";"13";"0";"1";"1";"1";""
"201900032164";"138 245 878";"A01";"1";"10";"3";"2";"1";"1";"1";""
"201900032164";"138 245 879";"C01";"1";"10";"14";"0";"2";"1";"1";""
"201900032164";"138 245 880";"B01";"1";"15";"0";"2";"4";"1";"1";""
"201900032165";"138 245 875";"B01";"1";"2";"0";"2";"7";"1";"1";""
"201900032165";"138 245 876";"A01";"1";"7";"0";"2";"1";"9";"1";""
"201900032166";"138 245 874";"A01";"0";"7";"13";"0";"0";"0";"0";""
"201900032167";"138 245 872";"C01";"2";"7";"0";"2";"8";"1";"1";""
"201900032167";"138 245 873";"B01";"2";"7";"0";"2";"1";"1";"1";""
"201900032167";"138 245 877";"A01";"1";"7";"0";"2";"1";"13";"1";""
"201900032168";"138 245 869";"A01";"2";"14";"16";"0";"8";"13";"1";""
"201900032169";"138 245 865";"B01";"1";"7";"0";"2";"3";"21";"1";""
"201900032169";"138 245 867";"A01";"1";"1";"0";"2";"8";"19";"5";""
"201900032170";"138 245 864";"C01";"1";"7";"0";"0";"4";"23";"1";""
"201900032170";"138 245 866";"B01";"1";"7";"0";"2";"4";"23";"1";""
"201900032170";"138 245 868";"A01";"1";"7";"0";"2";"1";"2";"1";""
"201900032171";"138 245 863";"A01";"0";"2";"0";"0";"1";"1";"1";""
"201900032172";"138 245 859";"B01";"2";"7";"3";"0";"6";"2";"1";""
"201900032172";"138 245 860";"A01";"2";"10";"0";"2";"2";"2";"1";""
"201900032173";"138 245 858";"A01";"1";"7";"0";"1";"2";"13";"1";""
"201900032174";"138 245 861";"B01";"1";"7";"13";"0";"0";"2";"1";""
"201900032174";"138 245 862";"A01";"1";"7";"13";"0";"0";"17";"1";""
"201900032175";"138 245 856";"B01";"1";"7";"0";"2";"4";"2";"1";""
"201900032175";"138 245 857";"A01";"1";"7";"0";"2";"3";"2";"1";""
"201900032176";"138 245 854";"A01";"1";"10";"16";"0";"8";"1";"1";""
"201900032177";"138 245 851";"A01";"2";"33";"0";"2";"1";"17";"1";""
"201900032177";"138 245 852";"B01";"2";"10";"0";"0";"8";"15";"1";""
"201900032178";"138 245 850";"B01";"2";"1";"0";"2";"4";"1";"5";""
"201900032178";"138 245 853";"A01";"2";"14";"0";"9";"2";"1";"1";""
"201900032179";"138 245 849";"A01";"1";"7";"0";"0";"0";"0";"1";""
"201900032180";"138 245 846";"A01";"3";"7";"0";"1";"1";"1";"1";""
"201900032181";"138 245 845";"A01";"2";"17";"7";"9";"2";"21";"1";""
"201900032182";"138 245 843";"B01";"3";"10";"0";"2";"2";"15";"1";""
"201900032182";"138 245 844";"A01";"3";"32";"0";"2";"2";"1";"1";""
"201900032183";"138 245 840";"A01";"1";"17";"0";"0";"0";"1";"1";""
"201900032184";"138 245 836";"A01";"2";"7";"0";"2";"4";"2";"1";""
"201900032184";"138 245 838";"B01";"2";"7";"0";"2";"1";"2";"1";""
"201900032185";"138 245 837";"A01";"2";"33";"0";"2";"1";"1";"1";""
"201900032185";"138 245 839";"B01";"1";"7";"0";"2";"3";"1";"1";""
"201900032186";"138 245 833";"A01";"1";"7";"0";"0";"7";"0";"1";""
"201900032187";"138 245 831";"A01";"1";"7";"0";"1";"2";"1";"1";""
"201900032188";"138 245 830";"A01";"1";"7";"0";"2";"1";"13";"1";""
"201900032188";"138 245 832";"B01";"2";"38";"0";"2";"2";"21";"1";"12"
"201900032189";"138 245 828";"A01";"2";"7";"0";"0";"4";"26";"1";""
"201900032189";"138 245 829";"B01";"2";"2";"0";"2";"1";"23";"1";""
"201900032190";"138 245 825";"B01";"0";"7";"0";"0";"6";"1";"1";""
"201900032190";"138 245 827";"A01";"0";"7";"10";"2";"1";"17";"1";""
"201900032191";"138 245 824";"B01";"1";"7";"0";"2";"3";"1";"2";""
"201900032191";"138 245 826";"A01";"2";"7";"4";"2";"5";"5";"0";""
"201900032192";"138 245 821";"A01";"1";"7";"0";"2";"7";"15";"1";""
"201900032192";"138 245 823";"B01";"1";"33";"0";"2";"1";"1";"1";""
"201900032193";"138 245 820";"A01";"0";"7";"0";"2";"2";"15";"1";""
"201900032193";"138 245 822";"B01";"1";"1";"0";"2";"7";"5";"5";""
"201900032194";"138 245 819";"A01";"1";"7";"8";"0";"3";"0";"1";""
"201900032195";"138 245 818";"A01";"1";"7";"2";"0";"9";"13";"1";""
"201900032196";"138 245 813";"A01";"2";"34";"0";"2";"1";"17";"1";""
"201900032196";"138 245 814";"C01";"1";"7";"0";"9";"0";"1";"1";""
"201900032196";"138 245 815";"B01";"1";"7";"0";"2";"3";"1";"1";""
"201900032197";"138 245 811";"B01";"1";"7";"0";"2";"3";"15";"1";""
"201900032197";"138 245 812";"A01";"1";"33";"0";"2";"1";"17";"1";""
"201900032198";"138 245 809";"A01";"3";"7";"0";"2";"1";"26";"1";""
"201900032198";"138 245 810";"B01";"1";"7";"0";"0";"8";"1";"1";""
"201900032199";"138 245 816";"A01";"2";"7";"0";"2";"3";"14";"1";""
"201900032199";"138 245 817";"B01";"2";"17";"0";"2";"4";"1";"1";""
"201900032200";"138 245 807";"A01";"1";"33";"14";"2";"3";"1";"1";""
"201900032200";"138 245 808";"B01";"2";"7";"0";"2";"8";"1";"1";""
"201900032201";"138 245 805";"B01";"3";"7";"0";"2";"3";"1";"1";""
"201900032201";"138 245 806";"A01";"3";"7";"0";"2";"3";"13";"1";""
"201900032202";"138 245 801";"A01";"2";"7";"0";"0";"8";"10";"1";""
"201900032202";"138 245 802";"B01";"2";"33";"1";"0";"1";"1";"1";""
"201900032202";"138 245 803";"C01";"2";"33";"0";"2";"1";"1";"1";""
"201900032202";"138 245 804";"D01";"2";"33";"0";"0";"1";"1";"1";""
"201900032203";"138 245 798";"B01";"0";"7";"0";"2";"3";"1";"1";""
"201900032203";"138 245 799";"A01";"3";"7";"0";"2";"1";"1";"1";""
"201900032204";"138 245 800";"A01";"3";"7";"2";"0";"2";"26";"1";""
"201900032205";"138 245 797";"A01";"2";"2";"8";"0";"1";"1";"1";""
"201900032206";"138 245 796";"A01";"2";"7";"9";"0";"9";"1";"1";""
"201900032207";"138 245 793";"A01";"0";"2";"0";"0";"0";"0";"1";""
"201900032208";"138 245 790";"C01";"2";"7";"0";"2";"2";"1";"1";""
"201900032208";"138 245 791";"B01";"2";"7";"0";"2";"3";"1";"1";""
"201900032208";"138 245 792";"A01";"1";"7";"0";"2";"3";"13";"1";""
"201900032209";"138 245 787";"C01";"3";"1";"0";"2";"1";"1";"5";""
"201900032209";"138 245 788";"B01";"3";"1";"0";"2";"1";"1";"5";""
"201900032209";"138 245 789";"A01";"3";"1";"0";"2";"1";"1";"5";""
"201900032210";"138 245 785";"B01";"2";"2";"0";"2";"5";"1";"1";""
"201900032210";"138 245 786";"A01";"1";"7";"0";"2";"3";"9";"0";""
"201900032211";"138 245 794";"A01";"2";"7";"0";"2";"2";"1";"0";""
"201900032211";"138 245 795";"B01";"1";"7";"0";"2";"3";"15";"0";""
"201900032212";"138 245 782";"A01";"1";"2";"0";"2";"1";"1";"1";""
"201900032212";"138 245 784";"B01";"1";"10";"0";"0";"8";"15";"1";""
"201900032213";"138 245 783";"A01";"2";"7";"0";"1";"1";"1";"0";""
"201900032214";"138 245 778";"A01";"2";"7";"13";"0";"2";"1";"0";""
"201900032215";"138 245 779";"B01";"1";"1";"0";"2";"7";"15";"5";""
"201900032215";"138 245 780";"A01";"2";"7";"0";"2";"2";"1";"1";""
"201900032216";"138 245 776";"A01";"2";"10";"0";"2";"2";"15";"1";""
"201900032216";"138 245 777";"B01";"1";"33";"0";"2";"8";"1";"1";""
"201900032217";"138 245 773";"B01";"1";"7";"13";"2";"4";"2";"1";""
"201900032217";"138 245 774";"A01";"1";"33";"0";"2";"1";"26";"1";""
"201900032218";"138 245 771";"A01";"3";"7";"0";"2";"2";"9";"1";""
"201900032218";"138 245 772";"B01";"3";"31";"0";"2";"2";"1";"1";""
"201900032219";"138 245 769";"A01";"2";"7";"2";"0";"3";"1";"0";""
"201900032220";"138 245 767";"B01";"2";"33";"0";"2";"8";"19";"1";""
"201900032220";"138 245 770";"A01";"2";"7";"0";"2";"2";"1";"1";""
"201900032221";"138 245 766";"A01";"2";"7";"0";"9";"1";"15";"1";""
"201900032221";"138 245 768";"B01";"1";"1";"0";"2";"1";"1";"5";""
"201900032222";"138 245 764";"A01";"2";"7";"13";"0";"2";"15";"1";""
"201900032223";"138 245 763";"A01";"1";"7";"0";"2";"2";"2";"0";""
"201900032223";"138 245 765";"B01";"1";"15";"0";"0";"6";"2";"6";""
"201900032224";"138 245 760";"B01";"3";"2";"0";"2";"1";"1";"1";""
"201900032224";"138 245 762";"A01";"3";"7";"0";"0";"8";"19";"1";""
"201900032225";"138 245 759";"A01";"3";"7";"0";"1";"1";"15";"1";""
"201900032226";"138 245 758";"A01";"2";"7";"2";"0";"2";"1";"1";""
"201900032227";"138 245 756";"A01";"0";"7";"0";"2";"3";"16";"6";""
"201900032227";"138 245 757";"B01";"3";"2";"0";"2";"2";"1";"0";""
"201900032228";"138 245 761";"A01";"3";"7";"2";"0";"2";"1";"1";""
"201900032229";"138 245 754";"A01";"2";"7";"0";"0";"1";"13";"1";""
"201900032230";"138 245 752";"B01";"3";"2";"0";"2";"1";"1";"1";""
"201900032230";"138 245 753";"A01";"3";"7";"0";"2";"2";"15";"1";""
"201900032231";"138 245 751";"A01";"0";"7";"13";"0";"1";"1";"1";""
"201900032232";"138 245 748";"A01";"2";"7";"0";"2";"3";"13";"1";""
"201900032232";"138 245 750";"B01";"1";"7";"0";"2";"3";"1";"1";""
"201900032233";"138 245 746";"B01";"1";"7";"0";"2";"3";"1";"1";""
"201900032233";"138 245 747";"A01";"2";"7";"0";"2";"3";"13";"1";""
"201900032234";"138 245 745";"A01";"1";"7";"0";"2";"1";"9";"1";""
"201900032234";"138 245 749";"B01";"1";"1";"0";"2";"7";"1";"5";""
"201900032235";"138 245 744";"A01";"3";"7";"0";"1";"1";"1";"1";""
"201900032236";"138 245 741";"A01";"3";"2";"0";"2";"7";"26";"1";""
"201900032236";"138 245 743";"B01";"3";"7";"0";"2";"1";"26";"1";""
"201900032237";"138 245 739";"B01";"3";"7";"0";"2";"1";"1";"1";""
"201900032237";"138 245 740";"A01";"3";"2";"0";"2";"1";"1";"1";""
"201900032238";"138 245 737";"A01";"3";"33";"0";"2";"1";"2";"1";""
"201900032238";"138 245 738";"B01";"3";"21";"0";"2";"5";"1";"1";""
"201900032239";"138 245 742";"A01";"1";"7";"13";"0";"0";"1";"1";""
"201900032240";"138 245 735";"B01";"2";"7";"0";"2";"6";"1";"1";""
"201900032240";"138 245 736";"A01";"2";"15";"0";"2";"2";"21";"1";""
"201900032241";"138 245 733";"B01";"1";"7";"0";"2";"3";"1";"1";""
"201900032241";"138 245 734";"A01";"2";"7";"0";"2";"3";"13";"1";""
"201900032242";"138 245 731";"A01";"1";"7";"13";"0";"0";"1";"1";""
"201900032243";"138 245 729";"A01";"1";"7";"0";"2";"1";"19";"1";""
"201900032243";"138 245 730";"B01";"2";"7";"0";"0";"1";"0";"1";""
"201900032244";"138 245 728";"A01";"2";"7";"6";"0";"2";"1";"1";""
"201900032245";"138 245 727";"A01";"3";"7";"0";"1";"3";"1";"1";""
"201900032246";"138 245 726";"A01";"3";"7";"0";"1";"1";"19";"1";""
"201900032247";"138 245 725";"A01";"1";"7";"8";"0";"8";"14";"1";""
"201900032248";"138 245 724";"A01";"2";"31";"0";"0";"1";"1";"1";""
"201900032249";"138 245 722";"A01";"1";"7";"0";"1";"1";"1";"1";""
"201900032250";"138 245 720";"A01";"2";"7";"0";"2";"1";"15";"1";""
"201900032250";"138 245 721";"B01";"1";"7";"0";"2";"1";"1";"1";""
"201900032251";"138 245 718";"A01";"1";"7";"0";"2";"7";"15";"1";""
"201900032251";"138 245 719";"B01";"2";"7";"0";"2";"1";"1";"1";""
"201900032252";"138 245 717";"A01";"2";"7";"0";"2";"1";"5";"1";""
"201900032252";"138 245 732";"B01";"1";"7";"0";"2";"1";"1";"1";""
"201900032253";"138 245 716";"A01";"1";"7";"6";"0";"1";"1";"1";""
"201900032254";"138 245 714";"B01";"0";"99";"0";"0";"0";"0";"1";""
"201900032254";"138 245 715";"A01";"0";"99";"0";"0";"0";"0";"1";""
"201900032255";"138 245 713";"A01";"1";"7";"2";"0";"9";"1";"1";""
"201900032256";"138 245 709";"A01";"3";"7";"0";"1";"2";"1";"1";""
"201900032257";"138 245 707";"A01";"2";"10";"0";"2";"5";"0";"0";""
"201900032257";"138 245 708";"B01";"1";"33";"0";"2";"1";"0";"1";""
"201900032258";"138 245 699";"A01";"1";"7";"0";"2";"1";"2";"1";""
"201900032258";"138 245 700";"B01";"1";"7";"0";"2";"4";"2";"1";""
"201900032259";"138 245 697";"A01";"2";"32";"0";"2";"6";"14";"1";""
"201900032260";"138 245 696";"A01";"2";"7";"0";"2";"1";"1";"1";""
"201900032260";"138 245 698";"B01";"1";"7";"3";"0";"9";"0";"1";""
"201900032261";"138 245 695";"A01";"2";"34";"0";"0";"8";"1";"1";""
"201900032262";"138 245 693";"A01";"1";"7";"0";"2";"4";"1";"1";""
"201900032262";"138 245 694";"B01";"1";"7";"0";"2";"1";"2";"1";""
"201900032263";"138 245 691";"B01";"2";"13";"0";"0";"0";"0";"1";""
"201900032263";"138 245 692";"A01";"2";"7";"3";"0";"0";"16";"1";""
"201900032264";"138 245 685";"A01";"2";"7";"0";"2";"4";"1";"1";""
"201900032264";"138 245 686";"B01";"2";"7";"0";"2";"4";"2";"1";""
"201900032264";"138 245 687";"C01";"2";"10";"0";"2";"1";"2";"1";""
"201900032264";"138 245 688";"D01";"2";"7";"0";"2";"1";"2";"1";""
"201900032265";"138 245 683";"A01";"1";"7";"0";"2";"9";"1";"1";""
"201900032265";"138 245 684";"B01";"1";"7";"6";"2";"2";"14";"1";""
"201900032266";"138 245 679";"A01";"1";"7";"3";"0";"2";"26";"1";""
"201900032267";"138 245 675";"B01";"1";"7";"0";"2";"1";"26";"1";""
"201900032267";"138 245 676";"A01";"1";"7";"0";"2";"4";"26";"1";""
"201900032268";"138 245 672";"A01";"1";"7";"0";"2";"9";"0";"1";""
"201900032268";"138 245 674";"C01";"1";"10";"0";"2";"4";"21";"1";""
"201900032268";"138 245 677";"E01";"1";"7";"14";"0";"1";"1";"1";""
"201900032268";"138 245 678";"B01";"1";"7";"0";"2";"1";"21";"1";""
"201900032268";"138 245 680";"D01";"1";"7";"0";"2";"1";"21";"1";""
"201900032269";"138 245 671";"B01";"1";"7";"0";"2";"8";"0";"1";""
"201900032269";"138 245 673";"A01";"1";"15";"0";"2";"2";"0";"1";""
"201900032270";"138 245 670";"A01";"1";"10";"0";"2";"4";"1";"1";""
"201900032271";"138 245 669";"A01";"1";"7";"4";"0";"3";"1";"1";""
"201900032272";"138 245 663";"D01";"2";"7";"0";"2";"1";"2";"1";""
"201900032272";"138 245 665";"C01";"2";"7";"0";"2";"4";"23";"1";""
"201900032272";"138 245 667";"B01";"2";"10";"0";"2";"4";"1";"1";""
"201900032272";"138 245 668";"A01";"2";"7";"0";"2";"4";"23";"1";""
"201900032273";"138 245 660";"A01";"1";"7";"0";"2";"8";"1";"1";""
"201900032273";"138 245 662";"C01";"1";"7";"0";"2";"7";"1";"1";""
"201900032273";"138 245 664";"B01";"1";"17";"0";"2";"2";"12";"1";""
"201900032273";"138 245 666";"D01";"1";"10";"0";"2";"1";"1";"1";""
"201900032274";"138 245 659";"B01";"1";"7";"0";"2";"8";"1";"1";""
"201900032274";"138 245 661";"A01";"1";"10";"4";"2";"7";"14";"1";""
"201900032275";"138 245 655";"B01";"1";"7";"0";"2";"4";"1";"1";""
"201900032275";"138 245 656";"D01";"1";"10";"0";"2";"4";"1";"1";""
"201900032275";"138 245 657";"C01";"1";"7";"0";"0";"1";"2";"1";""
"201900032275";"138 245 658";"A01";"1";"7";"0";"2";"1";"2";"1";""
"201900032276";"138 245 652";"B01";"2";"7";"0";"2";"7";"2";"1";""
"201900032276";"138 245 653";"A01";"2";"36";"0";"2";"8";"2";"1";""
"201900032277";"138 245 648";"B01";"2";"7";"0";"2";"5";"2";"1";""
"201900032277";"138 245 650";"A01";"2";"31";"0";"2";"1";"1";"1";""
"201900032278";"138 245 647";"D01";"2";"7";"0";"2";"4";"2";"1";""
"201900032278";"138 245 649";"C01";"2";"10";"0";"2";"4";"2";"1";""
"201900032278";"138 245 651";"B01";"2";"7";"0";"2";"4";"2";"1";""
"201900032278";"138 245 654";"A01";"2";"7";"0";"2";"1";"1";"1";""
"201900032279";"138 245 644";"A01";"1";"7";"0";"2";"1";"2";"1";""
"201900032279";"138 245 646";"B01";"1";"7";"0";"2";"4";"0";"1";""
"201900032280";"138 245 643";"A01";"2";"7";"0";"2";"6";"11";"1";""
"201900032280";"138 245 645";"B01";"2";"33";"0";"2";"2";"3";"1";""
"201900032281";"138 245 639";"A01";"2";"7";"0";"2";"3";"3";"1";""
"201900032281";"138 245 641";"B01";"2";"7";"0";"2";"5";"1";"1";""
"201900032281";"138 245 642";"C01";"2";"15";"0";"2";"6";"1";"1";""
"201900032282";"138 245 638";"B01";"1";"7";"0";"2";"5";"23";"1";""
"201900032282";"138 245 640";"A01";"1";"7";"0";"2";"1";"2";"1";""
"201900032283";"138 245 632";"D01";"2";"7";"0";"2";"2";"2";"1";""
"201900032283";"138 245 634";"C01";"2";"7";"0";"2";"4";"23";"1";""
"201900032283";"138 245 635";"B01";"2";"10";"0";"2";"4";"23";"1";""
"201900032283";"138 245 637";"A01";"2";"10";"0";"2";"4";"23";"1";""
"201900032284";"138 245 627";"B01";"1";"7";"0";"2";"8";"1";"1";""
"201900032284";"138 245 628";"C01";"1";"7";"0";"2";"1";"1";"1";""
"201900032284";"138 245 629";"D01";"1";"7";"0";"2";"1";"1";"1";""
"201900032284";"138 245 630";"E01";"1";"7";"0";"2";"1";"1";"1";""
"201900032284";"138 245 631";"Z01";"1";"17";"0";"2";"2";"14";"1";""
"201900032285";"138 245 633";"B01";"1";"7";"4";"2";"2";"0";"1";""
"201900032285";"138 245 636";"A01";"1";"7";"4";"2";"3";"14";"1";""
"201900032286";"138 245 623";"A01";"1";"33";"3";"0";"0";"13";"1";""
"201900032287";"138 245 624";"B01";"1";"7";"0";"2";"5";"1";"1";""
"201900032287";"138 245 625";"A01";"1";"7";"0";"2";"1";"1";"1";""
"201900032288";"138 245 618";"B01";"1";"7";"0";"2";"4";"1";"1";""
"201900032288";"138 245 619";"C01";"1";"7";"0";"2";"4";"1";"1";""
"201900032288";"138 245 621";"A01";"1";"15";"0";"2";"1";"1";"1";""
"201900032289";"138 245 620";"A01";"2";"7";"0";"2";"1";"2";"1";""
"201900032289";"138 245 622";"B01";"2";"7";"0";"2";"4";"1";"1";""
"201900032290";"138 245 616";"A01";"2";"10";"0";"2";"1";"2";"1";""
"201900032290";"138 245 617";"B01";"2";"3";"0";"2";"4";"2";"1";""
"201900032291";"138 245 614";"A01";"1";"7";"0";"2";"1";"2";"1";""
"201900032291";"138 245 615";"B01";"1";"7";"0";"2";"4";"2";"1";""
"201900032292";"138 245 610";"B01";"1";"33";"0";"2";"7";"3";"1";""
"201900032292";"138 245 612";"A01";"1";"7";"0";"2";"8";"13";"1";""
"201900032293";"138 245 609";"A01";"2";"7";"4";"2";"2";"21";"1";""
"201900032293";"138 245 611";"C01";"2";"7";"0";"2";"0";"1";"1";""
"201900032293";"138 245 613";"B01";"2";"7";"0";"2";"6";"1";"1";""
"201900032294";"138 245 606";"B01";"1";"33";"0";"2";"8";"1";"1";""
"201900032294";"138 245 608";"A01";"1";"7";"0";"2";"7";"14";"1";""
"201900032295";"138 245 605";"A01";"2";"7";"0";"2";"1";"1";"1";""
"201900032295";"138 245 607";"B01";"2";"7";"0";"2";"4";"1";"1";""