"Num_Acc";"id_vehicule";"num_veh";"senc";"catv";"obs";"obsm";"choc";"manv";"motor";"occutc"
"201900032296";"138 245 604";"A01";"1";"7";"3";"0";"3";"2";"1";""
"201900032297";"138 245 603";"A01";"2";"7";"4";"0";"4";"21";"1";""
"201900032298";"138 245 601";"B01";"1";"10";"0";"2";"2";"1";"1";""
"201900032298";"138 245 602";"A01";"1";"7";"0";"2";"6";"11";"1";""
"201900032299";"138 245 596";"B01";"1";"7";"0";"2";"2";"1";"1";""
"201900032299";"138 245 598";"A01";"1";"7";"0";"2";"8";"11";"1";""
"201900032300";"138 245 594";"E01";"1";"7";"0";"2";"4";"21";"0";""
"201900032300";"138 245 595";"D01";"1";"7";"0";"2";"3";"1";"0";""
"201900032300";"138 245 597";"C01";"1";"7";"0";"2";"4";"1";"1";""
"201900032300";"138 245 599";"B01";"1";"7";"0";"2";"4";"1";"1";""
"201900032300";"138 245 600";"A01";"1";"7";"0";"2";"1";"1";"1";""
"201900032301";"138 245 591";"A01";"2";"7";"0";"2";"2";"12";"1";""
"201900032301";"138 245 592";"C01";"2";"7";"0";"2";"6";"2";"1";""
"201900032301";"138 245 593";"B01";"2";"32";"0";"2";"8";"3";"1";""
"201900032302";"138 245 590";"A01";"2";"7";"5";"0";"1";"14";"1";""
"201900032303";"138 245 587";"A01";"1";"7";"0";"2";"1";"1";"1";""
"201900032303";"138 245 589";"B01";"1";"7";"0";"2";"4";"1";"1";""
"201900032304";"138 245 588";"A01";"2";"7";"4";"0";"9";"1";"1";""
"201900032305";"138 245 586";"A01";"1";"7";"0";"0";"1";"1";"1";""
"201900032306";"138 245 583";"A01";"2";"10";"0";"2";"5";"1";"1";""
"201900032306";"138 245 585";"B01";"2";"32";"0";"2";"3";"3";"1";""
"201900032307";"138 245 581";"B01";"1";"7";"0";"2";"4";"2";"1";""
"201900032307";"138 245 582";"C01";"1";"7";"0";"2";"4";"2";"1";""
"201900032307";"138 245 584";"A01";"1";"7";"0";"2";"1";"2";"1";""
"201900032308";"138 245 578";"A01";"1";"7";"0";"2";"1";"2";"1";""
"201900032308";"138 245 580";"B01";"1";"7";"0";"2";"4";"2";"1";""
"201900032309";"138 245 577";"B01";"1";"14";"0";"2";"4";"2";"0";""
"201900032309";"138 245 579";"A01";"1";"20";"0";"2";"1";"2";"0";""
"201900032310";"138 245 575";"B01";"1";"33";"0";"2";"8";"3";"1";""
"201900032310";"138 245 576";"A01";"1";"7";"0";"2";"7";"12";"1";""
"201900032311";"138 245 573";"B01";"2";"33";"0";"2";"5";"3";"1";""
"201900032311";"138 245 574";"A01";"2";"7";"0";"2";"3";"11";"1";""
"201900032312";"138 245 570";"A01";"2";"7";"0";"2";"1";"2";"1";""
"201900032312";"138 245 571";"C01";"2";"10";"0";"2";"4";"2";"1";""
"201900032312";"138 245 572";"B01";"2";"7";"0";"2";"4";"2";"1";""
"201900032313";"138 245 567";"A01";"1";"7";"1";"0";"1";"1";"1";""
"201900032313";"138 245 568";"B01";"1";"7";"4";"0";"1";"13";"1";""
"201900032313";"138 245 569";"C01";"1";"7";"1";"0";"3";"1";"1";""
"201900032314";"138 245 565";"B01";"2";"7";"0";"2";"1";"1";"1";""
"201900032314";"138 245 566";"A01";"2";"7";"0";"2";"4";"2";"1";""
"201900032315";"138 245 564";"A01";"0";"33";"0";"0";"2";"1";"1";""
"201900032316";"138 245 562";"A01";"1";"17";"0";"1";"7";"1";"1";""
"201900032317";"138 245 560";"C01";"2";"7";"0";"2";"5";"2";"3";""
"201900032317";"138 245 561";"B01";"2";"7";"0";"2";"6";"2";"1";""
"201900032317";"138 245 563";"A01";"2";"37";"0";"2";"2";"21";"1";"1"
"201900032318";"138 245 558";"B01";"1";"10";"0";"2";"8";"1";"1";""
"201900032318";"138 245 559";"A01";"1";"32";"0";"2";"0";"9";"1";""
"201900032319";"138 245 556";"A01";"2";"7";"0";"2";"1";"2";"1";""
"201900032319";"138 245 557";"B01";"2";"7";"0";"2";"4";"23";"1";""
"201900032320";"138 245 555";"A01";"1";"7";"13";"0";"3";"19";"1";""
"201900032321";"138 245 554";"A01";"2";"32";"0";"0";"3";"3";"1";""
"201900032322";"138 245 551";"A01";"2";"7";"1";"0";"2";"21";"0";""
"201900032322";"138 245 552";"B01";"2";"7";"0";"2";"6";"24";"0";""
"201900032323";"138 245 548";"B01";"2";"7";"0";"2";"1";"0";"1";""
"201900032323";"138 245 549";"A01";"2";"7";"0";"2";"4";"1";"1";""
"201900032324";"138 245 547";"C01";"2";"7";"0";"2";"4";"2";"1";""
"201900032324";"138 245 550";"B01";"2";"7";"0";"2";"6";"1";"1";""
"201900032324";"138 245 553";"A01";"2";"7";"0";"2";"2";"13";"1";""
"201900032325";"138 245 544";"A01";"2";"33";"0";"2";"2";"3";"1";""
"201900032325";"138 245 545";"B01";"2";"7";"0";"2";"6";"1";"1";""
"201900032325";"138 245 546";"C01";"2";"7";"0";"2";"2";"1";"1";""
"201900032326";"138 245 543";"A01";"1";"7";"4";"0";"0";"13";"1";""
"201900032327";"138 245 540";"A01";"2";"7";"0";"2";"1";"2";"1";""
"201900032327";"138 245 541";"B01";"2";"10";"0";"2";"4";"2";"1";""
"201900032327";"138 245 542";"C01";"2";"7";"0";"2";"4";"2";"1";""
"201900032328";"138 245 539";"A01";"2";"7";"4";"0";"1";"26";"1";""
"201900032329";"138 245 538";"A01";"2";"7";"4";"0";"3";"21";"1";""
"201900032330";"138 245 534";"B01";"2";"7";"0";"2";"4";"2";"1";""
"201900032330";"138 245 536";"C01";"2";"7";"0";"2";"4";"2";"1";""
"201900032330";"138 245 537";"A01";"2";"7";"0";"2";"1";"2";"1";""
"201900032331";"138 245 533";"B01";"2";"33";"0";"2";"7";"1";"1";""
"201900032331";"138 245 535";"A01";"2";"7";"0";"2";"8";"11";"1";""
"201900032332";"138 245 525";"B01";"2";"7";"0";"2";"0";"2";"1";""
"201900032332";"138 245 528";"A01";"2";"7";"0";"2";"0";"1";"1";""
"201900032333";"138 245 524";"G01";"1";"7";"0";"2";"4";"2";"1";""
"201900032333";"138 245 526";"B01";"1";"10";"0";"2";"4";"2";"1";""
"201900032333";"138 245 527";"D01";"1";"7";"0";"2";"4";"2";"1";""
"201900032333";"138 245 529";"E01";"1";"7";"0";"2";"4";"2";"1";""
"201900032333";"138 245 530";"C01";"1";"7";"0";"2";"4";"2";"1";""
"201900032333";"138 245 531";"A01";"1";"10";"0";"2";"1";"2";"1";""
"201900032333";"138 245 532";"F01";"1";"7";"0";"2";"4";"2";"1";""
"201900032334";"138 245 521";"B01";"2";"7";"0";"2";"6";"1";"1";""
"201900032334";"138 245 523";"A01";"2";"17";"0";"2";"2";"12";"1";""
"201900032335";"138 245 518";"A01";"1";"7";"4";"2";"1";"18";"1";""
"201900032335";"138 245 519";"B01";"1";"7";"0";"2";"4";"1";"1";""
"201900032335";"138 245 520";"C01";"1";"7";"0";"2";"4";"1";"1";""
"201900032336";"138 245 516";"A01";"1";"7";"4";"2";"1";"11";"1";""
"201900032336";"138 245 517";"B01";"1";"17";"4";"2";"8";"1";"1";""
"201900032337";"138 245 513";"C01";"2";"7";"0";"2";"4";"1";"1";""
"201900032337";"138 245 514";"B01";"2";"7";"0";"2";"4";"1";"1";""
"201900032337";"138 245 515";"A01";"2";"7";"0";"2";"1";"2";"1";""
"201900032338";"138 245 511";"A01";"2";"17";"0";"2";"1";"2";"1";""
"201900032338";"138 245 512";"B01";"2";"7";"0";"2";"4";"2";"1";""
"201900032339";"138 245 510";"A01";"2";"7";"4";"0";"3";"1";"1";""
"201900032340";"138 245 509";"A01";"2";"7";"0";"2";"2";"12";"1";""
"201900032340";"138 245 522";"B01";"2";"15";"0";"2";"6";"1";"1";""
"201900032341";"138 245 505";"A01";"2";"7";"0";"2";"1";"1";"1";""
"201900032341";"138 245 506";"C01";"2";"7";"0";"2";"4";"23";"1";""
"201900032341";"138 245 507";"B01";"2";"7";"0";"2";"4";"23";"1";""
"201900032342";"138 245 503";"B01";"2";"7";"0";"2";"5";"0";"1";""
"201900032342";"138 245 504";"A01";"2";"31";"0";"2";"1";"3";"1";""
"201900032343";"138 245 501";"A01";"1";"33";"3";"0";"0";"17";"1";""
"201900032344";"138 245 500";"A01";"2";"7";"14";"2";"1";"21";"1";""
"201900032344";"138 245 502";"B01";"2";"33";"0";"2";"0";"26";"1";""
"201900032345";"138 245 495";"A01";"2";"7";"0";"2";"1";"2";"1";""
"201900032345";"138 245 497";"B01";"2";"7";"0";"2";"4";"2";"1";""
"201900032346";"138 245 496";"A01";"1";"7";"0";"2";"4";"2";"1";""
"201900032346";"138 245 498";"B01";"1";"10";"0";"2";"1";"2";"1";""
"201900032347";"138 245 492";"B01";"1";"7";"0";"2";"3";"1";"1";""
"201900032347";"138 245 494";"A01";"1";"7";"0";"2";"7";"12";"1";""
"201900032348";"138 245 491";"A01";"1";"10";"4";"0";"4";"13";"1";""
"201900032349";"138 245 489";"A01";"1";"33";"0";"2";"1";"3";"1";""
"201900032349";"138 245 493";"B01";"1";"7";"0";"2";"6";"1";"1";""
"201900032350";"138 245 487";"B01";"2";"7";"0";"2";"5";"0";"1";""
"201900032350";"138 245 488";"C01";"2";"7";"1";"0";"3";"1";"1";""
"201900032350";"138 245 490";"A01";"2";"7";"1";"2";"4";"23";"1";""
"201900032351";"138 245 486";"A01";"2";"7";"0";"0";"7";"26";"1";""
"201900032352";"138 245 484";"B01";"2";"7";"0";"2";"4";"1";"1";""
"201900032352";"138 245 485";"A01";"2";"7";"0";"2";"1";"1";"0";""
"201900032353";"138 245 481";"A01";"1";"33";"9";"0";"7";"1";"1";""
"201900032354";"138 245 482";"B01";"1";"7";"0";"2";"2";"15";"1";""
"201900032354";"138 245 483";"A01";"2";"7";"0";"2";"1";"1";"1";""
"201900032355";"138 245 475";"A01";"0";"7";"0";"2";"7";"19";"1";""
"201900032355";"138 245 476";"B01";"0";"7";"0";"2";"1";"1";"1";""
"201900032356";"138 245 472";"A01";"0";"7";"0";"2";"7";"10";"1";""
"201900032356";"138 245 473";"B01";"0";"33";"0";"2";"1";"1";"1";""
"201900032357";"138 245 470";"\01";"2";"60";"0";"2";"5";"1";"5";""
"201900032357";"138 245 471";"Z01";"2";"7";"0";"2";"2";"15";"0";""
"201900032358";"138 245 468";"A01";"3";"33";"1";"2";"2";"17";"0";""
"201900032358";"138 245 469";"B01";"0";"7";"0";"2";"8";"20";"0";""
"201900032359";"138 245 466";"B01";"1";"33";"0";"2";"8";"3";"0";""
"201900032359";"138 245 467";"A01";"1";"10";"0";"2";"7";"14";"0";""
"201900032360";"138 245 465";"A01";"2";"7";"0";"0";"1";"1";"1";""
"201900032361";"138 245 464";"A01";"2";"7";"0";"2";"7";"1";"1";""
"201900032361";"138 245 474";"B01";"2";"7";"0";"2";"8";"20";"1";""
"201900032362";"138 245 462";"B01";"1";"7";"0";"6";"7";"1";"0";""
"201900032362";"138 245 463";"A01";"1";"1";"0";"2";"1";"11";"5";""
"201900032363";"138 245 460";"A01";"3";"7";"15";"0";"1";"0";"1";""
"201900032364";"138 245 457";"B01";"3";"7";"0";"2";"3";"2";"1";""
"201900032364";"138 245 458";"A01";"0";"7";"0";"2";"3";"16";"1";""
"201900032365";"138 245 456";"A01";"2";"7";"0";"1";"6";"4";"1";""
"201900032366";"138 245 459";"A01";"1";"7";"0";"2";"0";"2";" -1";""
"201900032366";"138 245 461";"B01";"1";"7";"0";"2";"0";"2";" -1";""
"201900032367";"138 245 455";"A01";"1";"7";"0";"0";"9";"14";"1";""
"201900032368";"138 245 453";"A01";"2";"7";"0";"2";"1";"15";"1";""
"201900032368";"138 245 454";"B01";"1";"7";"0";"2";"1";"1";"1";""
"201900032369";"138 245 452";"A01";"1";"10";"3";"0";"2";"1";"1";""
"201900032370";"138 245 451";"A01";"1";"20";"0";"1";"1";"16";"1";""
"201900032371";"138 245 450";"A01";"1";"2";"1";"0";"1";"16";"1";""
"201900032372";"138 245 448";"B01";"3";"30";"0";"2";"1";"1";"1";""
"201900032372";"138 245 449";"A01";"3";"10";"0";"2";"5";"19";"1";""
"201900032373";"138 245 445";"Z01";"2";"7";"0";"0";"1";"2";"0";""
"201900032373";"138 245 446";"B01";"2";"7";"0";"0";"1";"23";"1";""
"201900032373";"138 245 447";"A01";"2";"7";"0";"0";"4";"23";"1";""
"201900032374";"138 245 444";"A01";"1";"7";"3";"0";"1";"1";"1";""
"201900032375";"138 245 442";"A01";"1";"33";"0";"2";"1";"2";"1";""
"201900032375";"138 245 443";"B01";"1";"7";"0";"2";"6";"2";"1";""
"201900032376";"138 245 438";"B01";"2";"1";"0";"2";"1";"25";"5";""
"201900032376";"138 245 439";"A01";"1";"7";"0";"2";"2";"9";"1";""
"201900032377";"138 245 440";"A01";"3";"7";"0";"2";"3";"1";"3";""
"201900032377";"138 245 441";"B01";"3";"30";"0";"2";"1";"9";"1";""
"201900032378";"138 245 435";"A01";"1";"7";"0";"2";"7";"18";"1";""
"201900032378";"138 245 436";"B01";"1";"2";"0";"2";"8";"0";"0";""
"201900032379";"138 245 434";"A01";"1";"7";"0";"1";"2";"1";"1";""
"201900032380";"138 245 432";"B01";"0";"7";"0";"2";"2";"15";"1";""
"201900032380";"138 245 433";"A01";"1";"31";"0";"2";"8";"1";"1";""
"201900032381";"138 245 431";"A01";"3";"7";"0";"1";"2";"11";"0";""
"201900032382";"138 245 429";"B01";"1";"1";"0";"2";"8";"0";"0";""
"201900032382";"138 245 430";"A01";"1";"7";"0";"2";"1";"1";"0";""
"201900032383";"138 245 428";"B01";"1";"33";"0";"2";"6";"15";"1";""
"201900032384";"138 245 427";"A01";"1";"7";"13";"0";"1";"14";"1";""
"201900032385";"138 245 426";"A01";"1";"10";"0";"1";"2";"1";"1";""
"201900032386";"138 245 424";"B01";"2";"30";"0";"2";"1";"1";"1";""
"201900032386";"138 245 425";"A01";"2";"7";"0";"2";"6";"15";"1";""
"201900032387";"138 245 422";"A01";"1";"7";"0";"2";"5";"1";"0";""
"201900032387";"138 245 423";"B01";"2";"99";"0";"2";"1";"1";"3";""
"201900032388";"138 245 421";"A01";"1";"7";"0";"1";"1";"16";"1";""
"201900032389";"138 245 420";"A01";"3";"7";"0";"1";"6";"20";"6";""
"201900032390";"138 245 419";"A01";"1";"7";"4";"0";"0";"1";"1";""
"201900032391";"138 245 418";"A01";"2";"10";"0";"1";"5";"26";"1";""
"201900032392";"138 245 416";"A01";"1";"7";"0";"2";"1";"13";"1";""
"201900032392";"138 245 417";"B01";"2";"7";"0";"2";"1";"1";"1";""
"201900032393";"138 245 415";"A01";"1";"7";"0";"1";"3";"2";"1";""
"201900032394";"138 245 411";"B01";"0";"1";"0";"2";"1";"1";"5";""
"201900032394";"138 245 412";"A01";"3";"7";"0";"2";"3";"9";"1";""
"201900032395";"138 245 409";"B01";"2";"7";"0";"2";"8";"1";"0";""
"201900032395";"138 245 410";"A01";"2";"33";"0";"2";"1";"16";"0";""
"201900032396";"138 245 408";"A01";"0";"7";"0";"1";"1";"17";"1";""
"201900032397";"138 245 406";"A01";"3";"7";"0";"2";"3";"15";"1";""
"201900032397";"138 245 407";"B01";"3";"33";"0";"2";"2";"17";"1";""
"201900032398";"138 245 405";"A01";"2";"33";"0";"1";"1";"17";"1";""
"201900032399";"138 245 401";"B01";"2";"1";"0";"2";"1";"1";"5";""
"201900032399";"138 245 402";"A01";"2";"7";"0";"2";"3";"9";"1";""
"201900032400";"138 245 399";"A01";"1";"7";"0";"2";"3";"15";"1";""
"201900032400";"138 245 400";"B01";"1";"30";"0";"2";"1";"17";"0";""
"201900032401";"138 245 396";"A01";"2";"10";"0";"2";"1";"19";"1";""
"201900032401";"138 245 397";"C01";"1";"7";"0";"2";"1";"2";"1";""
"201900032401";"138 245 398";"B01";"1";"7";"0";"2";"3";"2";"1";""
"201900032402";"138 245 394";"A01";"2";"2";"0";"0";"7";"17";"1";""
"201900032402";"138 245 395";"B01";"2";"15";"0";"0";"0";"0";"1";""
"201900032403";"138 245 392";"B01";"1";"7";"0";"2";"2";"21";"1";""
"201900032403";"138 245 393";"A01";"2";"1";"0";"2";"1";"5";"5";""
"201900032404";"138 245 388";"A01";"2";"7";"0";"2";"0";"19";"1";""
"201900032404";"138 245 389";"B01";"2";"7";"0";"2";"3";"1";"1";""
"201900032405";"138 245 386";"B01";"1";"2";"0";"2";"1";"1";"1";""
"201900032405";"138 245 387";"A01";"2";"7";"0";"2";"7";"15";"0";""
"201900032406";"138 245 385";"A01";"3";"7";"12";"0";"1";"1";"1";""
"201900032407";"138 245 383";"B01";"3";"7";"0";"2";"3";"1";"1";""
"201900032407";"138 245 384";"A01";"3";"7";"0";"2";"3";"13";"1";""
"201900032408";"138 245 380";"A01";"1";"7";"0";"2";"2";"19";"1";""
"201900032408";"138 245 381";"B01";"1";"7";"0";"2";"1";"1";"1";""
"201900032409";"138 245 377";"A01";"1";"7";"8";"0";"5";"14";"1";""
"201900032410";"138 245 375";"A01";"3";"2";"0";"2";"2";"17";"1";""
"201900032410";"138 245 376";"B01";"3";"7";"0";"2";"8";"15";"1";""
"201900032411";"138 245 372";"A01";"1";"7";"0";"2";"3";"13";"1";""
"201900032411";"138 245 373";"C01";"2";"7";"0";"2";"6";"1";"1";""
"201900032411";"138 245 374";"B01";"2";"7";"0";"2";"8";"1";"1";""
"201900032412";"138 245 369";"A01";"1";"0";"0";"0";"0";"1";" -1";""
"201900032412";"138 245 370";"Z01";"1";"3";"0";"1";"1";"1";"0";""
"201900032413";"138 245 367";"B01";"1";"7";"0";"2";"4";"23";"1";""
"201900032413";"138 245 368";"A01";"1";"7";"0";"2";"1";"1";"1";""
"201900032414";"138 245 365";"A01";"3";"1";"0";"2";"8";"26";"6";""
"201900032414";"138 245 366";"B01";"3";"7";"0";"2";"0";"1";"1";""
"201900032415";"138 245 363";"C01";"0";"10";"0";"2";"0";"0";"0";""
"201900032415";"138 245 364";"A01";"0";"7";"1";"2";"1";"26";"6";""
"201900032416";"138 245 361";"A01";"3";"7";"0";"2";"8";"16";"1";""
"201900032416";"138 245 362";"B01";"3";"2";"0";"2";"1";"1";"1";""
"201900032417";"138 245 360";"A01";"1";"7";"9";"0";"1";"26";"1";""
"201900032418";"138 245 359";"A01";"1";"15";"13";"0";"1";"13";"1";""
"201900032419";"138 245 357";"A01";"2";"7";"17";"0";"1";"14";"1";""
"201900032420";"138 245 355";"A01";"1";"7";"0";"2";"5";"15";"1";""
"201900032420";"138 245 356";"B01";"2";"1";"0";"2";"1";"1";"5";""
"201900032421";"138 245 353";"B01";"2";"1";"1";"0";"1";"1";"5";""
"201900032421";"138 245 354";"A01";"2";"7";"0";"2";"0";"22";"1";""
"201900032422";"138 245 351";"B01";"1";"7";"0";"2";"6";"15";"1";""
"201900032422";"138 245 352";"A01";"1";"33";"0";"2";"2";"17";"1";""
"201900032423";"138 245 350";"A01";"1";"1";"0";"1";"1";"1";"5";""
"201900032424";"138 245 348";"A01";"0";"7";"0";"2";"7";"15";"1";""
"201900032424";"138 245 349";"B01";"3";"2";"0";"2";"1";"1";"1";""
"201900032425";"138 245 346";"A01";"1";"31";"0";"2";"9";"17";"1";""
"201900032425";"138 245 347";"B01";"1";"10";"0";"2";"8";"1";"1";""
"201900032426";"138 245 344";"B01";"1";"7";"0";"2";"4";"0";"0";""
"201900032426";"138 245 345";"A01";"1";"7";"0";"2";"1";"0";"1";""
"201900032427";"138 245 341";"B01";"1";"7";"0";"2";"5";"1";"1";""
"201900032427";"138 245 342";"A01";"1";"10";"0";"2";"3";"2";"1";""
"201900032428";"138 245 340";"A01";"2";"30";"14";"0";"3";"13";"1";""
"201900032429";"138 245 338";"B01";"0";"1";"0";"2";"1";"0";"5";""
"201900032429";"138 245 339";"A01";"2";"7";"0";"2";"1";"9";"1";""
"201900032430";"138 245 337";"A01";"3";"7";"0";"1";"7";"26";"1";""
"201900032431";"138 245 336";"A01";"2";"33";"0";"0";"0";"0";"1";""
"201900032432";"138 245 334";"B01";"3";"34";"0";"2";"8";"1";"1";""
"201900032432";"138 245 335";"A01";"3";"7";"0";"2";"1";"19";"1";""
"201900032433";"138 245 332";"B01";"1";"37";"0";"2";"3";"2";"1";"1"
"201900032433";"138 245 333";"A01";"2";"30";"0";"2";"7";"2";"1";""
"201900032434";"138 245 331";"A01";"0";"7";"6";"0";"1";"16";"0";""
"201900032435";"138 245 329";"A01";"0";"7";"0";"2";"2";"10";"1";""
"201900032435";"138 245 330";"B01";"0";"34";"0";"2";"1";"1";"1";""
"201900032436";"138 245 328";"G01";"1";"7";"0";"1";"4";"4";" -1";""
"201900032437";"138 245 326";"A01";"3";"10";"0";"2";"5";"19";"1";""
"201900032437";"138 245 327";"B01";"3";"7";"0";"2";"3";"1";"1";""
"201900032438";"138 245 325";"A01";"1";"7";"1";"0";"2";"14";"0";""
"201900032439";"138 245 323";"B01";"1";"33";"0";"2";"8";"3";"1";""
"201900032439";"138 245 324";"A01";"1";"7";"0";"2";"2";"14";"1";""
"201900032440";"138 245 322";"A01";"1";"40";"0";"1";"2";"1";"3";""
"201900032441";"138 245 320";"A01";"1";"7";"0";"2";"2";"16";"1";""
"201900032441";"138 245 321";"B01";"1";"1";"0";"2";"1";"1";"5";""
"201900032442";"138 245 318";"A01";"2";"30";"0";"2";"1";"17";"1";""
"201900032442";"138 245 319";"B01";"1";"1";"0";"2";"3";"19";"5";""
"201900032443";"138 245 316";"A01";"1";"2";"0";"2";"4";"1";"1";""
"201900032443";"138 245 317";"B01";"1";"2";"0";"2";"4";"1";"1";""
"201900032444";"138 245 314";"A01";"2";"2";"0";"2";"7";"17";"1";""
"201900032444";"138 245 315";"B01";"2";"7";"0";"2";"6";"13";"1";""
"201900032445";"138 245 312";"B01";"1";"7";"0";"2";"6";"1";"1";""
"201900032445";"138 245 313";"A01";"1";"7";"1";"2";"1";"1";"1";""
"201900032446";"138 245 311";"A01";"0";"7";"0";"1";"1";"1";"1";""
"201900032447";"138 245 309";"B01";"3";"7";"0";"2";"4";"23";"1";""
"201900032447";"138 245 310";"A01";"3";"32";"0";"2";"1";"1";"1";""
"201900032448";"138 245 307";"B01";"0";"7";"0";"2";"2";"1";"1";""
"201900032448";"138 245 308";"A01";"0";"50";"0";"2";"1";"1";"3";""
"201900032449";"138 245 305";"A01";"1";"32";"0";"2";"2";"21";"1";""
"201900032449";"138 245 306";"B01";"1";"7";"0";"2";"1";"15";"1";""
"201900032450";"138 245 303";"B01";"2";"32";"0";"2";"8";"23";"1";""
"201900032450";"138 245 304";"A01";"2";"7";"0";"2";"1";"1";"1";""
"201900032451";"138 245 301";"A01";"1";"60";"0";"2";"1";"19";"5";""
"201900032451";"138 245 302";"B01";"1";"37";"0";"2";"6";"1";"2";"1"
"201900032452";"138 245 299";"A01";"1";"14";"0";"2";"1";"1";"1";""
"201900032452";"138 245 300";"B01";"1";"37";"0";"2";"6";"23";"2";"3"
"201900032453";"138 245 297";"A01";"2";"10";"0";"2";"3";"15";"1";""
"201900032453";"138 245 298";"B01";"2";"34";"0";"2";"7";"17";"1";""
"201900032454";"138 245 295";"A01";"1";"7";"0";"2";"5";"15";"1";""
"201900032454";"138 245 296";"B01";"2";"33";"0";"2";"2";"1";"1";""
"201900032455";"138 245 293";"B01";"1";"50";"0";"2";"1";"1";"3";""
"201900032455";"138 245 294";"A01";"1";"7";"0";"2";"4";"20";"1";""
"201900032456";"138 245 292";"A01";"1";"33";"0";"1";"1";"1";"1";""
"201900032457";"138 245 290";"A01";"2";"30";"0";"2";"1";"1";"1";""
"201900032457";"138 245 291";"B01";"2";"30";"0";"2";"4";"1";"1";""
"201900032458";"138 245 288";"Z01";"2";"50";"0";"2";"7";"5";"3";""
"201900032458";"138 245 289";"B01";"1";"33";"0";"2";"8";"9";"1";""
"201900032459";"138 245 287";"A01";"3";"10";"8";"1";"4";"20";"1";""
"201900032460";"138 245 285";"A01";"2";"7";"0";"2";"2";"16";"1";""
"201900032460";"138 245 286";"B01";"2";"1";"0";"2";"2";"7";"5";""
"201900032461";"138 245 283";"A01";"2";"10";"0";"2";"5";"4";"1";""
"201900032461";"138 245 284";"B01";"1";"2";"0";"2";"1";"2";"1";""
"201900032462";"138 245 282";"A01";"1";"7";"0";"2";"3";"1";"1";""
"201900032463";"138 245 281";"A01";"2";"30";"0";"1";"2";"2";"1";""
"201900032464";"138 245 279";"A01";"1";"7";"0";"2";"1";"15";"1";""
"201900032464";"138 245 280";"B01";"1";"7";"0";"2";"1";"2";"1";""
"201900032465";"138 245 277";"A01";"1";"7";"0";"2";"3";"19";"1";""
"201900032465";"138 245 278";"B01";"1";"14";"0";"2";"3";"2";"1";""
"201900032466";"138 245 275";"B01";"2";"33";"0";"2";"1";"1";"0";""
"201900032466";"138 245 276";"A01";"3";"7";"0";"2";"3";"26";"1";""
"201900032467";"138 245 274";"A01";"0";"7";"0";"9";"1";"26";"1";""
"201900032468";"138 245 272";"A01";"3";"7";"0";"2";"2";"1";"1";""
"201900032468";"138 245 273";"B01";"1";"7";"0";"2";"3";"26";"1";""
"201900032469";"138 245 270";"A01";"3";"31";"16";"0";"7";"17";"0";""
"201900032469";"138 245 271";"B01";"1";"7";"0";"0";"2";"0";"0";""
"201900032470";"138 245 269";"A01";"2";"7";"0";"1";"3";"1";"1";""
"201900032471";"138 245 267";"A01";"2";"32";"14";"2";"1";"26";"1";""
"201900032471";"138 245 268";"B01";"1";"7";"0";"2";"4";"4";"1";""
"201900032472";"138 245 265";"A01";"1";"7";"0";"2";"3";"15";"1";""
"201900032472";"138 245 266";"B01";"1";"32";"0";"2";"1";"1";"1";""
"201900032473";"138 245 264";"A01";"3";"7";"0";"1";"1";"1";"1";""
"201900032474";"138 245 262";"B01";"3";"7";"0";"2";"1";"1";"1";""
"201900032474";"138 245 263";"A01";"3";"7";"0";"2";"2";"12";"1";""
"201900032475";"138 245 260";"A01";"1";"33";"0";"2";"3";"1";"1";""
"201900032475";"138 245 261";"B01";"2";"7";"0";"2";"2";"15";"1";""
"201900032476";"138 245 258";"A01";"3";"31";"0";"2";"4";"23";"1";""
"201900032476";"138 245 259";"B01";"3";"7";"0";"2";"1";"1";"1";""
"201900032477";"138 245 257";"A01";"2";"7";"0";"1";"2";"1";"1";""
"201900032478";"138 245 256";"A01";"1";"7";"1";"0";"1";"1";"0";""
"201900032479";"138 245 254";"A01";"1";"17";"0";"2";"2";"9";"1";""
"201900032479";"138 245 255";"B01";"1";"10";"0";"2";"3";"1";"1";""
"201900032480";"138 245 253";"A01";"3";"10";"0";"1";"1";"19";"1";""
"201900032481";"138 245 252";"A01";"1";"2";"0";"0";"2";"0";"1";""
"201900032482";"138 245 250";"A01";"1";"7";"0";"9";"3";"16";"1";""
"201900032482";"138 245 251";"B01";"2";"1";"0";"2";"1";"1";"5";""
"201900032483";"138 245 249";"A01";"2";"7";"2";"0";"3";"1";"0";""
"201900032484";"138 245 247";"A01";"1";"33";"0";"2";"1";"11";"6";""
"201900032484";"138 245 248";"B01";"2";"7";"0";"2";"1";"1";"6";""
"201900032485";"138 245 245";"A01";"2";"7";"0";"2";"1";"1";"1";""
"201900032485";"138 245 246";"B01";"1";"2";"0";"2";"1";"23";"1";""
"201900032486";"138 245 244";"A01";"2";"31";"0";"0";"1";"1";"0";""
"201900032487";"138 245 242";"B01";"1";"7";"0";"2";"3";"21";"1";""
"201900032487";"138 245 243";"A01";"2";"2";"0";"2";"1";"19";"1";""
"201900032488";"138 245 240";"A01";"1";"2";"0";"2";"3";"11";"1";""
"201900032488";"138 245 241";"B01";"2";"33";"0";"2";"1";"1";"1";""
"201900032489";"138 245 239";"A01";"1";"7";"2";"0";"1";"0";"1";""
"201900032490";"138 245 237";"B01";"1";"21";"0";"2";"6";"15";"1";""