"Num_Acc";"id_vehicule";"num_veh";"senc";"catv";"obs";"obsm";"choc";"manv";"motor";"occutc"
"201900032887";"138 244 412";"A01";"1";"10";"6";"0";"1";"1";"1";""
"201900032888";"138 244 411";"A01";"2";"7";"0";"1";"3";"9";"1";""
"201900032889";"138 244 408";"A01";"1";"1";"0";"2";"4";"15";"5";""
"201900032889";"138 244 409";"B01";"1";"7";"0";"2";"1";"1";"1";""
"201900032890";"138 244 405";"A01";"2";"7";"0";"2";"3";"9";"1";""
"201900032890";"138 244 407";"B01";"2";"33";"0";"2";"5";"1";"1";""
"201900032891";"138 244 403";"B01";"3";"7";"0";"0";"4";"2";"6";""
"201900032891";"138 244 406";"A01";"3";"7";"0";"2";"1";"2";"6";""
"201900032892";"138 244 400";"B01";"1";"2";"0";"2";"6";"2";"1";""
"201900032892";"138 244 402";"A01";"1";"7";"0";"2";"7";"17";"0";""
"201900032893";"138 244 399";"A01";"1";"7";"0";"1";"3";"0";"0";""
"201900032894";"138 244 397";"A01";"1";"30";"0";"2";"6";"1";"1";""
"201900032894";"138 244 398";"B01";"1";"7";"0";"2";"2";"1";"1";""
"201900032895";"138 244 396";"A01";"3";"7";"0";"1";"8";"16";"1";""
"201900032896";"138 244 393";"A01";"0";"7";"6";"2";"0";"26";"1";""
"201900032896";"138 244 395";"B01";"0";"7";"0";"2";"3";"1";"1";""
"201900032897";"138 244 391";"C01";"1";"7";"0";"2";"2";"26";"1";""
"201900032897";"138 244 392";"B01";"2";"7";"0";"1";"2";"1";"1";""
"201900032897";"138 244 394";"A01";"1";"33";"0";"2";"1";"1";"1";""
"201900032898";"138 244 390";"A01";"0";"7";"0";"1";"3";"1";"1";""
"201900032899";"138 244 386";"A01";"3";"7";"0";"2";"5";"0";"1";""
"201900032899";"138 244 388";"B01";"3";"2";"0";"2";"0";"0";"1";""
"201900032900";"138 244 383";"A01";"3";"2";"0";"0";"0";"5";"1";""
"201900032901";"138 244 380";"B01";"0";"1";"0";"2";"1";"1";"5";""
"201900032901";"138 244 382";"A01";"0";"7";"0";"2";"2";"16";"1";""
"201900032902";"138 244 378";"Z01";"2";"10";"0";"2";"1";"2";"0";""
"201900032902";"138 244 379";"A01";"2";"7";"0";"2";"6";"2";"1";""
"201900032903";"138 244 376";"A01";"3";"33";"0";"2";"8";"0";"1";""
"201900032903";"138 244 377";"B01";"3";"7";"0";"2";"1";"0";"1";""
"201900032904";"138 244 373";"A01";"1";"7";"1";"0";"3";"1";"1";""
"201900032904";"138 244 375";"B01";"1";"7";"0";"0";"4";"23";"1";""
"201900032905";"138 244 372";"A01";"2";"7";"0";"2";"0";"5";"1";""
"201900032905";"138 244 374";"B01";"2";"7";"0";"2";"0";"0";"1";""
"201900032906";"138 244 368";"B01";"1";"33";"0";"2";"4";"2";"1";""
"201900032906";"138 244 369";"A01";"1";"7";"0";"2";"7";"2";"1";""
"201900032907";"138 244 364";"C01";"1";"7";"0";"2";"4";"0";"1";""
"201900032907";"138 244 365";"B01";"1";"7";"0";"2";"4";"2";"1";""
"201900032907";"138 244 366";"A01";"1";"7";"0";"2";"1";"2";"1";""
"201900032908";"138 244 361";"B01";"1";"7";"0";"2";"4";"2";"1";""
"201900032908";"138 244 363";"A01";"1";"7";"0";"2";"1";"2";"1";""
"201900032909";"138 244 360";"A01";"2";"7";"0";"2";"1";"16";"1";""
"201900032909";"138 244 362";"B01";"1";"50";"0";"2";"1";"1";"3";""
"201900032910";"138 244 359";"A01";"1";"10";"3";"0";"7";"2";"1";""
"201900032911";"138 244 356";"B01";"2";"33";"0";"2";"2";"3";"1";""
"201900032911";"138 244 357";"A01";"2";"7";"0";"2";"8";"11";"1";""
"201900032912";"138 244 355";"A01";"1";"7";"0";"1";"1";"1";"1";""
"201900032913";"138 244 352";"A01";"1";"7";"0";"1";"1";"1";"1";""
"201900032914";"138 244 351";"A01";"2";"7";"0";"2";"6";"1";"1";""
"201900032914";"138 244 353";"B01";"2";"7";"0";"2";"2";"12";"1";""
"201900032914";"138 244 354";"C01";"2";"34";"0";"2";"3";"3";"1";""
"201900032915";"138 244 349";"B01";"2";"7";"0";"2";"3";"1";"1";""
"201900032915";"138 244 350";"A01";"1";"7";"0";"2";"2";"5";"1";""
"201900032916";"138 244 346";"C01";"2";"7";"0";"2";"6";"1";"1";""
"201900032916";"138 244 347";"B01";"2";"33";"0";"2";"7";"1";"1";""
"201900032916";"138 244 348";"A01";"2";"34";"0";"2";"8";"9";"1";""
"201900032917";"138 244 344";"B01";"1";"7";"0";"2";"4";"1";"1";""
"201900032917";"138 244 345";"A01";"1";"10";"0";"2";"1";"1";"1";""
"201900032918";"138 244 342";"B01";"1";"7";"0";"2";"4";"1";"1";""
"201900032918";"138 244 343";"A01";"1";"7";"0";"2";"1";"1";"1";""
"201900032919";"138 244 341";"A01";"2";"7";"0";"1";"2";"1";"1";""
"201900032920";"138 244 336";"B01";"2";"30";"0";"2";"7";"1";"1";""
"201900032920";"138 244 338";"A01";"2";"7";"0";"2";"7";"9";"1";""
"201900032921";"138 244 335";"D01";"1";"7";"0";"2";"6";"1";"1";""
"201900032921";"138 244 337";"C01";"1";"7";"0";"2";"1";"1";"1";""
"201900032921";"138 244 339";"B01";"1";"33";"0";"2";"1";"3";"1";""
"201900032921";"138 244 340";"A01";"1";"7";"0";"2";"2";"12";"1";""
"201900032922";"138 244 329";"C01";"3";"7";"0";"9";"4";"0";"1";""
"201900032922";"138 244 331";"B01";"2";"7";"0";"2";"4";"26";"1";""
"201900032922";"138 244 333";"A01";"2";"7";"0";"2";"1";"26";"1";""
"201900032923";"138 244 328";"A01";"2";"33";"0";"0";"9";"1";"1";""
"201900032924";"138 244 330";"C01";"2";"7";"0";"2";"4";"23";"1";""
"201900032924";"138 244 332";"B01";"2";"10";"1";"0";"4";"23";"1";""
"201900032924";"138 244 334";"A01";"2";"37";"1";"0";"1";"2";"1";"1"
"201900032925";"138 244 327";"A01";"2";"7";"4";"0";"1";"14";"1";""
"201900032926";"138 244 325";"B01";"1";"33";"0";"2";"2";"24";"1";""
"201900032926";"138 244 326";"A01";"1";"7";"0";"2";"4";"4";"1";""
"201900032927";"138 244 321";"B01";"1";"7";"0";"2";"4";"2";"1";""
"201900032927";"138 244 323";"A01";"1";"7";"0";"2";"1";"2";"1";""
"201900032928";"138 244 319";"D01";"2";"7";"0";"2";"4";"2";"1";""
"201900032928";"138 244 320";"C01";"2";"7";"0";"2";"4";"2";"1";""
"201900032928";"138 244 322";"B01";"2";"7";"0";"2";"4";"2";"1";""
"201900032928";"138 244 324";"A01";"2";"7";"0";"2";"1";"2";"1";""
"201900032929";"138 244 318";"A01";"2";"7";"3";"0";"1";"14";"1";""
"201900032930";"138 244 316";"A01";"2";"17";"1";"0";"1";"1";"1";""
"201900032930";"138 244 317";"B01";"2";"7";"0";"2";"4";"23";"1";""
"201900032931";"138 244 314";"A01";"1";"7";"0";"2";"1";"1";"1";""
"201900032931";"138 244 315";"B01";"1";"7";"0";"2";"4";"2";"1";""
"201900032932";"138 244 313";"A01";"2";"7";"3";"0";"2";"14";"1";""
"201900032933";"138 244 312";"A01";"1";"7";"3";"0";"1";"1";"1";""
"201900032934";"138 244 309";"B01";"1";"7";"0";"2";"1";"1";"1";""
"201900032934";"138 244 310";"A01";"2";"1";"0";"2";"1";"15";"5";""
"201900032935";"138 244 307";"A01";"2";"7";"0";"2";"6";"11";"1";""
"201900032935";"138 244 308";"B01";"2";"7";"4";"2";"2";"17";"1";""
"201900032936";"138 244 306";"A01";"2";"7";"0";"1";"1";"1";"1";""
"201900032937";"138 244 304";"A01";"1";"7";"0";"1";"1";"1";"1";""
"201900032938";"138 244 302";"A01";"3";"30";"0";"2";"7";"17";"1";""
"201900032938";"138 244 303";"B01";"3";"7";"0";"2";"8";"1";"1";""
"201900032939";"138 244 301";"A01";"1";"7";"0";"1";"8";"15";"1";""
"201900032940";"138 244 298";"A01";"1";"7";"0";"1";"1";"26";"1";""
"201900032941";"138 244 296";"A01";"3";"10";"0";"9";"1";"9";"1";""
"201900032941";"138 244 297";"B01";"3";"1";"0";"2";"7";"0";"5";""
"201900032942";"138 244 295";"A01";"1";"7";"0";"1";"1";"14";"1";""
"201900032943";"138 244 294";"A01";"2";"7";"7";"0";"8";"1";"1";""
"201900032944";"138 244 292";"A01";"2";"7";"3";"2";"2";"26";"0";""
"201900032945";"138 244 291";"B01";"1";"7";"0";"2";"7";"15";"1";""
"201900032945";"138 244 293";"A01";"1";"7";"0";"2";"1";"1";"1";""
"201900032946";"138 244 290";"A01";"1";"7";"0";"1";"3";"1";"1";""
"201900032947";"138 244 289";"A01";"2";"7";"0";"1";"1";"1";"1";""
"201900032948";"138 244 287";"A01";"2";"7";"0";"2";"1";"1";"0";""
"201900032948";"138 244 288";"B01";"2";"7";"0";"0";"4";"23";"1";""
"201900032949";"138 244 286";"Z01";"1";"7";"0";"1";"2";"17";"0";""
"201900032950";"138 244 284";"A01";"3";"7";"0";"2";"6";"15";"1";""
"201900032950";"138 244 285";"B01";"3";"7";"0";"2";"3";"15";"1";""
"201900032951";"138 244 280";"B01";"1";"30";"0";"2";"8";"1";"1";""
"201900032951";"138 244 281";"A01";"1";"7";"0";"2";"3";"15";"1";""
"201900032952";"138 244 278";"B01";"1";"33";"0";"0";"0";"12";"1";""
"201900032952";"138 244 279";"Z01";"1";"10";"0";"0";"0";"0";"1";""
"201900032953";"138 244 277";"B01";"1";"7";"0";"1";"4";"20";" -1";""
"201900032954";"138 244 276";"A01";"3";"1";"0";"0";"8";"26";"5";""
"201900032955";"138 244 274";"A01";"1";"30";"0";"1";"8";"17";"1";""
"201900032956";"138 244 273";"B01";"2";"1";"0";"2";"4";"1";"5";""
"201900032956";"138 244 275";"A01";"2";"7";"0";"2";"1";"1";"1";""
"201900032957";"138 244 269";"A01";"1";"7";"0";"2";"8";"1";"0";""
"201900032957";"138 244 271";"B01";"2";"1";"0";"2";"7";"1";"5";""
"201900032958";"138 244 268";"A01";"3";"7";"0";"1";"1";"1";"1";""
"201900032959";"138 244 267";"A01";"3";"7";"0";"1";"1";"26";"1";""
"201900032960";"138 244 266";"A01";"3";"7";"0";"1";"5";"16";"1";""
"201900032961";"138 244 264";"A01";"2";"7";"0";"1";"3";"0";"1";""
"201900032962";"138 244 262";"B01";"2";"7";"14";"2";"6";"1";"1";""
"201900032962";"138 244 263";"A01";"2";"7";"1";"2";"1";"17";"1";""
"201900032962";"138 244 265";"C01";"1";"7";"0";"2";"3";"9";"1";""
"201900032963";"138 244 259";"A01";"1";"7";"17";"0";"9";"26";"1";""
"201900032964";"138 244 256";"A01";"3";"7";"0";"2";"3";"15";"1";""
"201900032964";"138 244 258";"B01";"3";"33";"0";"2";"3";"1";"1";""
"201900032965";"138 244 255";"B01";"1";"7";"0";"2";"3";"15";"1";""
"201900032965";"138 244 257";"A01";"1";"33";"0";"2";"5";"17";"1";""
"201900032966";"138 244 253";"A01";"0";"7";"0";"2";"1";"15";"1";""
"201900032966";"138 244 254";"B01";"0";"2";"0";"2";"1";"1";"1";""
"201900032967";"138 244 251";"B01";"2";"30";"0";"2";"1";"0";"1";""
"201900032967";"138 244 252";"A01";"1";"7";"0";"2";"3";"15";"1";""
"201900032968";"138 244 248";"B01";"3";"7";"0";"2";"3";"19";"0";""
"201900032968";"138 244 249";"A01";"3";"30";"0";"2";"1";"5";"0";""
"201900032969";"138 244 247";"B01";"3";"7";"0";"2";"3";"1";"1";""
"201900032969";"138 244 250";"A01";"3";"7";"0";"2";"2";"15";"1";""
"201900032970";"138 244 246";"A01";"1";"7";"0";"1";"3";"1";"1";""
"201900032971";"138 244 244";"B01";"1";"7";"9";"2";"8";"1";"1";""
"201900032971";"138 244 245";"A01";"3";"7";"0";"2";"1";"1";"1";""
"201900032972";"138 244 243";"A01";"1";"7";"0";"1";"1";"1";"1";""
"201900032973";"138 244 241";"A01";"1";"7";"0";"1";"3";"13";"1";""
"201900032974";"138 244 242";"A01";"2";"30";"8";"0";"1";"1";"1";""
"201900032975";"138 244 240";"A01";"3";"7";"8";"0";"1";"1";"1";""
"201900032976";"138 244 235";"A01";"1";"17";"0";"2";"2";"14";"1";""
"201900032976";"138 244 236";"B01";"1";"7";"0";"1";"8";"1";"1";""
"201900032976";"138 244 237";"C01";"1";"7";"3";"2";"3";"1";"1";""
"201900032976";"138 244 238";"D01";"1";"7";"0";"1";"8";"2";"1";""
"201900032976";"138 244 239";"E01";"1";"7";"0";"2";"6";"1";"0";""
"201900032977";"138 244 233";"B01";"1";"10";"0";"2";"6";"26";"1";""
"201900032977";"138 244 234";"A01";"1";"7";"0";"2";"1";"26";"1";""
"201900032978";"138 244 231";"A01";"2";"7";"0";"2";"1";"2";"1";""
"201900032978";"138 244 232";"B01";"1";"13";"0";"2";"4";"1";"1";""
"201900032979";"138 244 229";"A01";"2";"30";"0";"2";"7";"17";"1";""
"201900032979";"138 244 230";"B01";"3";"7";"0";"2";"1";"23";"1";""
"201900032980";"138 244 228";"A01";"3";"7";"0";"1";"8";"15";"1";""
"201900032981";"138 244 226";"B01";"0";"7";"0";"2";"1";"11";"1";""
"201900032981";"138 244 227";"A01";"0";"33";"0";"2";"3";"17";"1";""
"201900032982";"138 244 224";"A01";"0";"7";"0";"2";"2";"1";"1";""
"201900032982";"138 244 225";"B01";"0";"2";"0";"2";"1";"1";"1";""
"201900032983";"138 244 223";"A01";"1";"7";"0";"0";"9";"21";"1";""
"201900032984";"138 244 221";"A01";"2";"7";"0";"2";"6";"1";"1";""
"201900032984";"138 244 222";"B01";"2";"32";"0";"2";"1";"1";"1";""
"201900032985";"138 244 219";"A01";"3";"7";"0";"0";"0";"0";"1";""
"201900032985";"138 244 220";"B01";"3";"30";"0";"0";"0";"0";"1";""
"201900032986";"138 244 218";"A01";"3";"7";"0";"6";"7";"26";"1";""
"201900032987";"138 244 216";"A01";"2";"7";"0";"2";"1";"1";"1";""
"201900032987";"138 244 217";"B01";"1";"10";"0";"2";"1";"9";"1";""
"201900032988";"138 244 214";"B01";"1";"1";"0";"2";"1";"1";"0";""
"201900032988";"138 244 215";"A01";"2";"1";"0";"2";"1";"1";"0";""
"201900032989";"138 244 212";"A01";"3";"7";"0";"1";"1";"1";"1";""
"201900032990";"138 244 211";"B01";"2";"1";"0";"2";"6";"12";"5";""
"201900032990";"138 244 213";"A01";"2";"7";"0";"2";"3";"1";"1";""
"201900032991";"138 244 207";"A01";"2";"7";"0";"2";"1";"1";"1";""
"201900032991";"138 244 208";"B01";"2";"7";"0";"2";"1";"1";"1";""
"201900032991";"138 244 209";"C01";"2";"7";"0";"0";"4";"1";"1";""
"201900032992";"138 244 206";"A01";"3";"1";"0";"2";"7";"19";"5";""
"201900032992";"138 244 210";"B01";"0";"1";"0";"2";"1";"1";"5";""
"201900032993";"138 244 204";"A01";"2";"7";"0";"1";"1";"1";"1";""
"201900032994";"138 244 202";"A01";"3";"7";"0";"2";"3";"26";"1";""
"201900032994";"138 244 203";"B01";"3";"2";"0";"2";"1";"2";"1";""
"201900032995";"138 244 198";"A01";"2";"7";"0";"2";"1";"2";"1";""
"201900032995";"138 244 199";"B01";"2";"7";"0";"2";"4";"23";"1";""
"201900032995";"138 244 201";"C01";"2";"7";"0";"2";"4";"23";"1";""
"201900032996";"138 244 196";"A01";"3";"50";"0";"2";"1";"19";"3";""
"201900032996";"138 244 197";"B01";"3";"7";"0";"2";"5";"16";"1";""
"201900032997";"138 244 195";"A01";"3";"37";"0";"1";"2";"2";"1";"1"
"201900032998";"138 244 194";"A01";"2";"7";"0";"1";"1";"1";"1";""
"201900032999";"138 244 193";"A01";"1";"30";"0";"1";"1";"1";"1";""
"201900033000";"138 244 191";"B01";"1";"7";"0";"2";"2";"1";"1";""
"201900033000";"138 244 192";"A01";"1";"32";"0";"2";"1";"1";"1";""
"201900033001";"138 244 189";"B01";"3";"7";"0";"2";"7";"23";"1";""
"201900033001";"138 244 190";"A01";"3";"7";"0";"2";"1";"19";"1";""
"201900033002";"138 244 187";"A01";"3";"33";"0";"2";"1";"1";"0";""
"201900033002";"138 244 188";"B01";"3";"7";"0";"2";"5";"16";"0";""
"201900033003";"138 244 200";"A01";"1";"32";"0";"0";"0";"2";"1";""
"201900033004";"138 244 183";"A01";"2";"7";"0";"1";"1";"1";"0";""
"201900033005";"138 244 184";"C01";"1";"7";"0";"2";"3";"0";"0";""
"201900033005";"138 244 185";"B01";"2";"7";"0";"2";"3";"1";"0";""
"201900033005";"138 244 186";"A01";"2";"7";"15";"2";"2";"14";"0";""
"201900033006";"138 244 181";"A01";"1";"30";"0";"2";"1";"26";"0";""
"201900033006";"138 244 182";"B01";"0";"7";"0";"2";"7";"0";"0";""
"201900033007";"138 244 179";"B01";"1";"34";"0";"2";"2";"17";"6";""
"201900033007";"138 244 180";"A01";"1";"7";"0";"2";"8";"15";"6";""
"201900033008";"138 244 175";"A01";"0";"7";"0";"2";"1";"16";"1";""
"201900033008";"138 244 176";"C01";"2";"7";"0";"2";"3";"23";"1";""
"201900033008";"138 244 177";"B01";"2";"7";"0";"2";"1";"23";"1";""
"201900033009";"138 244 174";"B01";"1";"7";"0";"2";"7";"2";"1";""
"201900033010";"138 244 172";"A01";"2";"7";"14";"0";"3";"13";"1";""
"201900033011";"138 244 169";"A01";"2";"7";"0";"1";"3";"2";"1";""
"201900033012";"138 244 170";"A01";"2";"7";"0";"2";"7";"15";"1";""
"201900033012";"138 244 171";"B01";"1";"3";"0";"2";"7";"2";"1";""
"201900033013";"138 244 168";"A01";"1";"31";"0";"1";"1";"2";"1";""
"201900033014";"138 244 167";"A01";"1";"30";"0";"0";"8";"1";"1";""
"201900033015";"138 244 166";"A01";"1";"33";"7";"0";"1";"1";"1";""
"201900033016";"138 244 164";"A01";"1";"30";"0";"1";"2";"1";"1";""
"201900033017";"138 244 163";"B01";"0";"7";"0";"2";"1";"1";"1";""
"201900033017";"138 244 165";"A01";"0";"7";"0";"2";"8";"9";"1";""
"201900033018";"138 244 162";"A01";"2";"1";"0";"1";"1";"1";"5";""
"201900033019";"138 244 160";"A01";"1";"7";"0";"2";"1";"1";"1";""
"201900033019";"138 244 161";"B01";"1";"10";"0";"2";"8";"15";"1";""
"201900033020";"138 244 158";"B01";"2";"7";"0";"2";"3";"15";"1";""
"201900033020";"138 244 159";"A01";"1";"33";"0";"2";"0";"5";"1";""
"201900033021";"138 244 157";"A01";"1";"7";"0";"1";"1";"26";"1";""
"201900033022";"138 244 155";"B01";"2";"7";"0";"2";"7";"14";"1";""
"201900033022";"138 244 156";"A01";"2";"34";"0";"2";"8";"18";"1";""
"201900033023";"138 244 153";"B01";"2";"1";"0";"2";"7";"19";"5";""
"201900033023";"138 244 154";"A01";"2";"7";"0";"2";"2";"16";"1";""
"201900033024";"138 244 150";"A01";"1";"10";"0";"2";"2";"10";"1";""
"201900033024";"138 244 152";"B01";"2";"31";"0";"2";"0";"1";"1";""
"201900033025";"138 244 148";"B01";"2";"31";"0";"2";"2";"14";"1";""
"201900033025";"138 244 149";"A01";"2";"7";"0";"2";"8";"1";"1";""
"201900033025";"138 244 151";"C01";"2";"7";"0";"2";"5";"1";"1";""
"201900033026";"138 244 145";"B01";"1";"30";"0";"2";"7";"1";"1";""
"201900033026";"138 244 147";"A01";"1";"7";"0";"2";"8";"22";"1";""
"201900033027";"138 244 143";"C01";"2";"32";"0";"2";"1";"2";"1";""
"201900033027";"138 244 144";"B01";"2";"7";"0";"2";"5";"2";"1";""
"201900033027";"138 244 146";"A01";"2";"7";"0";"2";"3";"11";"1";""
"201900033028";"138 244 141";"A01";"1";"7";"0";"2";"8";"22";"3";""
"201900033028";"138 244 142";"B01";"1";"30";"0";"2";"7";"1";"3";""
"201900033029";"138 244 139";"A01";"2";"7";"0";"2";"7";"12";"1";""
"201900033029";"138 244 140";"B01";"2";"33";"0";"2";"3";"3";"1";""
"201900033030";"138 244 138";"Z01";"1";"7";"7";"0";"3";"1";"1";""
"201900033031";"138 244 136";"B01";"1";"10";"0";"2";"3";"7";"1";""
"201900033031";"138 244 137";"A01";"1";"33";"0";"2";"7";"16";"1";""
"201900033032";"138 244 135";"A01";"1";"7";"11";"0";"1";"13";"1";""
"201900033033";"138 244 133";"A01";"1";"7";"0";"2";"2";"1";"1";""
"201900033033";"138 244 134";"B01";"1";"33";"0";"2";"2";"8";"1";""
"201900033034";"138 244 130";"A01";"1";"7";"0";"2";"2";"20";"1";""
"201900033034";"138 244 131";"B01";"1";"1";"0";"2";"3";"18";"5";""
"201900033035";"138 244 132";"A01";"1";"7";"0";"1";"4";"20";"1";""
"201900033036";"138 244 128";"A01";"1";"10";"0";"2";"4";"4";"1";""
"201900033036";"138 244 129";"B01";"1";"1";"0";"2";"1";"1";"5";""
"201900033037";"138 244 125";"A01";"1";"1";"0";"1";"1";"25";"5";""
"201900033038";"138 244 124";"A01";"2";"30";"0";"1";"1";"17";"1";""
"201900033039";"138 244 122";"A01";"1";"7";"0";"2";"5";"16";"1";""
"201900033039";"138 244 123";"B01";"1";"33";"0";"2";"3";"2";"1";""
"201900033040";"138 244 121";"A01";"2";"80";"0";"1";"1";"1";"2";""
"201900033041";"138 244 118";"A01";"1";"7";"4";"0";"1";"0";"1";""
"201900033042";"138 244 119";"A01";"1";"7";"0";"1";"3";"1";"1";""
"201900033043";"138 244 114";"A01";"1";"10";"1";"1";"1";"1";"1";""
"201900033043";"138 244 117";"B01";"0";"10";"0";"2";"6";"24";"1";""
"201900033044";"138 244 113";"A01";"1";"10";"0";"2";"6";"13";"1";""
"201900033044";"138 244 115";"B01";"1";"34";"0";"2";"7";"17";"1";""
"201900033044";"138 244 116";"C01";"1";"10";"0";"2";"8";"23";"1";""
"201900033045";"138 244 109";"A01";"1";"10";"0";"2";"3";"10";"1";""
"201900033045";"138 244 110";"B01";"1";"33";"0";"2";"1";"1";"1";""
"201900033046";"138 244 108";"A01";"1";"1";"0";"1";"1";"5";"5";""
"201900033047";"138 244 107";"C01";"2";"7";"0";"2";"4";"2";"1";""
"201900033047";"138 244 111";"B01";"2";"7";"0";"2";"4";"2";"1";""
"201900033047";"138 244 112";"A01";"2";"7";"0";"2";"1";"2";"0";""
"201900033048";"138 244 105";"A01";"2";"10";"0";"2";"3";"15";"1";""
"201900033048";"138 244 106";"B01";"2";"2";"0";"2";"1";"2";"1";""
"201900033049";"138 244 103";"A01";"1";"31";"0";"2";"2";"17";"1";""
"201900033049";"138 244 104";"B01";"1";"7";"0";"2";"3";"15";"1";""
"201900033050";"138 244 099";"A01";"2";"33";"0";"2";"7";"17";"1";""
"201900033050";"138 244 101";"B01";"2";"7";"0";"2";"3";"1";"1";""
"201900033051";"138 244 096";"A01";"2";"7";"0";"2";"7";"22";"3";""
"201900033051";"138 244 097";"B01";"2";"1";"0";"2";"8";"18";"5";""
"201900033052";"138 244 098";"A01";"1";"7";"13";"0";"3";"1";"1";""
"201900033053";"138 244 095";"A01";"2";"1";"0";"0";"1";"21";"5";""
"201900033054";"138 244 091";"A01";"1";"7";"0";"2";"7";"16";"1";""
"201900033054";"138 244 092";"B01";"1";"37";"0";"2";"1";"7";"2";"2"
"201900033055";"138 244 089";"A01";"1";"33";"0";"2";"2";"17";"1";""
"201900033055";"138 244 090";"B01";"1";"7";"0";"2";"1";"15";"1";""
"201900033056";"138 244 093";"B01";"1";"7";"0";"2";"1";"1";"1";""
"201900033056";"138 244 094";"A01";"2";"7";"0";"2";"7";"10";"1";""
"201900033057";"138 244 086";"A01";"1";"7";"0";"0";"1";"21";"1";""
"201900033058";"138 244 087";"B01";"2";"1";"0";"2";"1";"5";"5";""
"201900033058";"138 244 088";"A01";"1";"30";"0";"2";"0";"15";"1";""
"201900033059";"138 244 084";"A01";"2";"7";"0";"2";"1";"15";"1";""
"201900033059";"138 244 085";"B01";"1";"33";"0";"2";"1";"1";"1";""
"201900033060";"138 244 081";"A01";"3";"7";"0";"1";"1";"5";"1";""
"201900033061";"138 244 082";"A01";"1";"7";"0";"2";"6";"22";"1";""
"201900033061";"138 244 083";"B01";"1";"33";"0";"2";"6";"17";"1";""
"201900033062";"138 244 078";"A01";"1";"50";"0";"0";"0";"1";"3";""
"201900033063";"138 244 077";"A01";"1";"33";"0";"1";"1";"1";"1";""
"201900033064";"138 244 076";"A01";"1";"32";"0";"0";"7";"1";"1";""
"201900033065";"138 244 073";"A01";"0";"10";"0";"2";"1";"1";"1";""
"201900033065";"138 244 074";"B01";"0";"10";"0";"2";"4";"1";"1";""
"201900033065";"138 244 075";"C01";"0";"10";"0";"2";"4";"1";"1";""
"201900033066";"138 244 071";"B01";"2";"2";"0";"2";"1";"1";"1";""
"201900033066";"138 244 072";"A01";"2";"10";"0";"2";"3";"13";"1";""
"201900033067";"138 244 079";"B01";"0";"7";"0";"0";"0";"15";"1";""
"201900033067";"138 244 080";"A01";"0";"2";"0";"0";"0";"1";"1";""
"201900033068";"138 244 069";"B01";"2";"7";"0";"2";"6";"23";"1";""
"201900033068";"138 244 070";"A01";"2";"7";"1";"0";"1";"1";"1";""
"201900033069";"138 244 067";"A01";"1";"7";"14";"0";"3";"1";"1";""
"201900033070";"138 244 066";"A01";"2";"7";"0";"1";"4";"20";"1";""
"201900033071";"138 244 064";"A01";"3";"7";"9";"2";"3";"1";"0";""
"201900033071";"138 244 065";"B01";"3";"7";"9";"2";"2";"15";"0";""
"201900033072";"138 244 063";"A01";"2";"7";"4";"0";"1";"26";"1";""
"201900033073";"138 244 062";"A01";"1";"7";"1";"2";"3";"21";"0";""
"201900033074";"138 244 059";"A01";"2";"7";"0";"2";"2";"15";"1";""
"201900033074";"138 244 061";"B01";"1";"33";"0";"2";"8";"21";"1";""
"201900033075";"138 244 056";"A01";"1";"10";"0";"2";"2";"13";"4";""
"201900033075";"138 244 057";"C01";"1";"33";"0";"2";"4";"2";"1";""
"201900033075";"138 244 058";"B01";"1";"7";"0";"2";"3";"15";"1";""
"201900033076";"138 244 055";"A01";"3";"7";"0";"1";"3";"15";"1";""
"201900033077";"138 244 053";"B01";"3";"33";"0";"2";"3";"1";"1";""
"201900033077";"138 244 054";"A01";"3";"34";"0";"2";"0";"12";"0";""
"201900033078";"138 244 060";"A01";"1";"7";"0";"2";"8";"19";"0";""
"201900033078";"138 244 068";"B01";"2";"2";"0";"2";"1";"17";"0";""
"201900033079";"138 244 052";"A01";"2";"34";"11";"0";"1";"1";"1";""
"201900033080";"138 244 050";"A01";"0";"31";"6";"0";"0";"1";"0";""
"201900033081";"138 244 048";"A01";"1";"7";"0";"2";"7";"26";"0";""
"201900033081";"138 244 049";"B01";"1";"7";"0";"0";"0";"0";"1";""
"201900033082";"138 244 046";"B01";"2";"7";"0";"2";"7";"15";"1";""
"201900033082";"138 244 047";"A01";"1";"7";"0";"2";"1";"1";"1";""
"201900033083";"138 244 044";"A01";"1";"10";"0";"2";"2";"16";"1";""
"201900033083";"138 244 045";"B01";"1";"33";"0";"2";"1";"2";"1";""
"201900033084";"138 244 042";"B01";"1";"2";"0";"2";"7";"17";"1";""
"201900033084";"138 244 043";"A01";"1";"7";"0";"2";"3";"15";"1";""
"201900033085";"138 244 041";"A01";"1";"7";"0";"1";"3";"19";"1";""
"201900033086";"138 244 038";"C01";"1";"7";"0";"2";"5";"23";"1";""
"201900033086";"138 244 039";"B01";"1";"7";"0";"2";"5";"23";"1";""
"201900033086";"138 244 040";"A01";"1";"7";"0";"2";"1";"1";"1";""
"201900033087";"138 244 036";"B01";"1";"1";"0";"2";"1";"0";"5";""
"201900033087";"138 244 037";"A01";"1";"14";"0";"2";"5";"16";"1";""
"201900033088";"138 244 035";"A01";"1";"7";"0";"1";"2";"1";"1";""