"Num_Acc";"id_vehicule";"num_veh";"senc";"catv";"obs";"obsm";"choc";"manv";"motor";"occutc"
"201900033490";"138 243 266";"A01";"3";"2";"0";"2";"1";"13";"1";""
"201900033491";"138 243 264";"A01";"1";"2";"2";"0";"2";"0";"0";""
"201900033492";"138 243 262";"A01";"2";"33";"0";"2";"1";"1";"1";""
"201900033492";"138 243 263";"B01";"2";"7";"0";"2";"4";"15";"1";""
"201900033493";"138 243 258";"A01";"2";"1";"0";"2";"1";"13";"5";""
"201900033493";"138 243 259";"B01";"1";"7";"0";"2";"8";"1";"1";""
"201900033494";"138 243 257";"A01";"2";"33";"13";"0";"2";"1";"1";""
"201900033495";"138 243 255";"B01";"2";"1";"0";"2";"4";"1";"5";""
"201900033495";"138 243 256";"A01";"2";"1";"0";"2";"1";"1";"5";""
"201900033496";"138 243 253";"A01";"2";"7";"0";"2";"3";"19";"1";""
"201900033496";"138 243 254";"B01";"1";"33";"0";"2";"1";"1";"1";""
"201900033497";"138 243 251";"A01";"1";"7";"0";"2";"3";"1";"1";""
"201900033497";"138 243 252";"B01";"1";"1";"0";"2";"7";"1";"5";""
"201900033498";"138 243 249";"A01";"2";"7";"0";"2";"1";"13";"1";""
"201900033498";"138 243 250";"B01";"1";"7";"0";"2";"3";"1";"1";""
"201900033499";"138 243 247";"A01";"3";"33";"0";"2";"1";"17";"1";""
"201900033499";"138 243 248";"B01";"3";"7";"0";"2";"1";"1";"1";""
"201900033500";"138 243 246";"A01";"1";"7";"6";"0";"3";"15";"1";""
"201900033501";"138 243 245";"A01";"1";"7";"0";"1";"4";"1";"1";""
"201900033502";"138 243 244";"A01";"3";"7";"16";"0";"1";"1";"1";""
"201900033503";"138 243 242";"B01";"2";"33";"0";"2";"1";"1";"1";""
"201900033503";"138 243 243";"A01";"3";"7";"0";"2";"2";"15";"1";""
"201900033504";"138 243 240";"B01";"2";"14";"0";"2";"2";"1";"1";""
"201900033504";"138 243 241";"A01";"2";"10";"0";"2";"3";"15";"1";""
"201900033505";"138 243 239";"A01";"1";"31";"0";"2";"1";"2";"1";""
"201900033506";"138 243 238";"A01";"2";"15";"3";"0";"1";"1";"0";""
"201900033507";"138 243 236";"A01";"2";"3";"0";"2";"1";"2";"1";""
"201900033507";"138 243 237";"B01";"2";"38";"0";"2";"4";"24";"1";"1"
"201900033508";"138 243 235";"A01";"3";"36";"6";"0";"1";"1";"1";""
"201900033509";"138 243 234";"A01";"1";"7";"13";"0";"3";"1";"1";""
"201900033510";"138 243 232";"B01";"3";"34";"0";"2";"8";"1";"1";""
"201900033510";"138 243 233";"A01";"3";"7";"0";"2";"1";"15";"1";""
"201900033511";"138 243 230";"A01";"3";"1";"0";"0";"8";"9";"5";""
"201900033511";"138 243 231";"B01";"0";"10";"0";"2";"2";"1";"1";""
"201900033512";"138 243 228";"B01";"1";"1";"0";"2";"8";"1";"5";""
"201900033512";"138 243 229";"A01";"1";"10";"0";"9";"5";"17";"1";""
"201900033513";"138 243 224";"B01";"2";"7";"0";"2";"3";"15";"1";""
"201900033513";"138 243 225";"A01";"1";"33";"0";"2";"1";"17";"1";""
"201900033514";"138 243 222";"A01";"0";"10";"6";"2";"3";"19";"1";""
"201900033514";"138 243 223";"B01";"0";"7";"6";"2";"1";"1";"1";""
"201900033515";"138 243 220";"B01";"2";"7";"0";"2";"8";"1";"1";""
"201900033515";"138 243 221";"A01";"1";"7";"3";"2";"3";"13";"1";""
"201900033516";"138 243 218";"B01";"1";"7";"0";"2";"3";"13";"1";""
"201900033516";"138 243 219";"A01";"2";"7";"0";"0";"3";"1";"1";""
"201900033517";"138 243 217";"A01";"1";"7";"0";"1";"1";"16";"0";""
"201900033518";"138 243 215";"A01";"1";"7";"0";"2";"3";"15";"1";""
"201900033518";"138 243 216";"B01";"2";"14";"0";"2";"3";"1";"1";""
"201900033519";"138 243 214";"A01";"1";"7";"0";"0";"2";"1";"1";""
"201900033520";"138 243 213";"A01";"0";"7";"0";"1";"3";"1";"1";""
"201900033521";"138 243 212";"A01";"1";"33";"0";"0";"0";"1";"1";""
"201900033522";"138 243 209";"C01";"2";"1";"0";"2";"0";"1";"5";""
"201900033522";"138 243 210";"B01";"2";"1";"0";"2";"8";"13";"5";""
"201900033522";"138 243 211";"A01";"1";"7";"0";"2";"8";"13";"1";""
"201900033523";"138 243 207";"B01";"1";"33";"0";"2";"7";"1";"1";""
"201900033523";"138 243 208";"A01";"2";"7";"0";"2";"3";"19";"1";""
"201900033524";"138 243 205";"A01";"1";"7";"0";"9";"7";"15";"1";""
"201900033524";"138 243 206";"B01";"3";"1";"0";"2";"7";"26";"0";""
"201900033525";"138 243 202";"B01";"2";"2";"0";"2";"2";"11";"1";""
"201900033525";"138 243 203";"A01";"2";"7";"0";"2";"7";"1";"1";""
"201900033526";"138 243 200";"B01";"1";"14";"0";"2";"3";"1";"1";""
"201900033526";"138 243 201";"A01";"1";"7";"0";"2";"3";"13";"1";""
"201900033527";"138 243 199";"A01";"1";"7";"3";"0";"2";"1";"1";""
"201900033528";"138 243 198";"A01";"2";"7";"4";"0";"3";"21";"1";""
"201900033529";"138 243 196";"B01";"1";"34";"0";"2";"1";"12";"0";""
"201900033529";"138 243 197";"A01";"1";"7";"0";"2";"5";"23";"0";""
"201900033530";"138 243 194";"A01";"2";"33";"0";"2";"7";"1";"1";""
"201900033530";"138 243 195";"B01";"2";"10";"0";"2";"8";"11";"1";""
"201900033531";"138 243 193";"A01";"2";"33";"0";"2";"4";"1";"1";""
"201900033532";"138 243 192";"A01";"1";"33";"0";"0";"7";"1";"1";""
"201900033533";"138 243 190";"A01";"1";"7";"0";"2";"5";"12";"1";""
"201900033533";"138 243 191";"B01";"1";"43";"0";"2";"3";"1";"1";""
"201900033534";"138 243 188";"A01";"2";"7";"0";"2";"5";"12";"1";""
"201900033534";"138 243 189";"B01";"2";"31";"0";"2";"3";"3";"1";""
"201900033535";"138 243 187";"A01";"2";"7";"3";"0";"1";"1";"1";""
"201900033536";"138 243 185";"A01";"2";"7";"0";"2";"8";"11";"1";""
"201900033536";"138 243 186";"B01";"2";"33";"0";"2";"2";"0";"1";""
"201900033537";"138 243 183";"B01";"2";"10";"0";"2";"4";"9";"1";""
"201900033537";"138 243 184";"A01";"2";"31";"0";"2";"1";"3";"1";""
"201900033538";"138 243 182";"A01";"1";"33";"0";"0";"7";"1";"1";""
"201900033539";"138 243 181";"A01";"1";"7";"0";"0";"9";"1";"1";""
"201900033540";"138 243 179";"B01";"2";"15";"0";"2";"4";"23";"1";""
"201900033540";"138 243 180";"A01";"2";"14";"1";"0";"1";"2";"1";""
"201900033541";"138 243 177";"B01";"1";"33";"0";"2";"8";"1";"1";""
"201900033541";"138 243 178";"A01";"1";"10";"0";"2";"7";"12";"1";""
"201900033542";"138 243 175";"B01";"2";"7";"0";"2";"4";"2";"1";""
"201900033542";"138 243 176";"A01";"2";"7";"0";"2";"1";"2";"1";""
"201900033543";"138 243 173";"B01";"1";"7";"0";"2";"5";"12";"1";""
"201900033543";"138 243 174";"A01";"1";"7";"4";"2";"3";"1";"1";""
"201900033544";"138 243 171";"B01";"1";"7";"0";"2";"1";"2";"1";""
"201900033544";"138 243 172";"A01";"1";"7";"0";"2";"4";"2";"1";""
"201900033545";"138 243 170";"A01";"1";"7";"3";"0";"1";"2";"1";""
"201900033546";"138 243 168";"B01";"1";"7";"0";"2";"1";"1";"1";""
"201900033546";"138 243 169";"A01";"1";"7";"0";"2";"4";"1";"1";""
"201900033547";"138 243 167";"A01";"2";"33";"0";"0";"1";"3";"1";""
"201900033548";"138 243 164";"B01";"2";"7";"0";"2";"4";"23";"1";""
"201900033548";"138 243 165";"C01";"2";"7";"0";"2";"4";"23";"1";""
"201900033548";"138 243 166";"A01";"2";"7";"0";"2";"1";"2";"1";""
"201900033549";"138 243 162";"A01";"2";"10";"0";"2";"2";"2";"0";""
"201900033549";"138 243 163";"B01";"2";"2";"0";"2";"4";"2";"0";""
"201900033550";"138 243 160";"B01";"2";"10";"0";"2";"4";"1";"1";""
"201900033550";"138 243 161";"A01";"2";"7";"0";"2";"1";"1";"1";""
"201900033551";"138 243 157";"A01";"2";"7";"0";"2";"2";"3";"1";""
"201900033551";"138 243 158";"C01";"2";"15";"0";"2";"4";"2";"1";""
"201900033551";"138 243 159";"B01";"1";"7";"0";"2";"6";"2";"1";""
"201900033552";"138 243 155";"A01";"1";"7";"0";"2";"6";"11";"1";""
"201900033552";"138 243 156";"B01";"1";"33";"0";"2";"7";"3";"1";""
"201900033553";"138 243 154";"A01";"2";"31";"0";"2";"2";"21";"1";""
"201900033554";"138 243 152";"A01";"1";"7";"0";"2";"2";"14";"1";""
"201900033554";"138 243 153";"B01";"2";"7";"0";"2";"3";"1";"1";""
"201900033555";"138 243 151";"A01";"2";"7";"4";"0";"7";"1";"1";""
"201900033556";"138 243 148";"B01";"1";"10";"1";"2";"4";"26";"1";""
"201900033556";"138 243 149";"C01";"1";"10";"0";"2";"5";"23";"1";""
"201900033556";"138 243 150";"A01";"1";"7";"0";"2";"1";"21";"1";""
"201900033557";"138 243 146";"B01";"2";"7";"0";"2";"4";"2";"1";""
"201900033557";"138 243 147";"A01";"2";"7";"0";"2";"1";"2";"1";""
"201900033558";"138 243 144";"B01";"2";"7";"0";"2";"4";"2";"1";""
"201900033558";"138 243 145";"A01";"2";"7";"0";"2";"1";"2";"1";""
"201900033559";"138 243 142";"B01";"2";"7";"0";"2";"1";"1";"1";""
"201900033559";"138 243 143";"A01";"2";"7";"4";"2";"9";"19";"1";""
"201900033560";"138 243 133";"A01";"2";"7";"0";"1";"1";"1";"1";""
"201900033561";"138 243 132";"A01";"1";"7";"0";"2";"1";"1";"1";""
"201900033562";"138 243 131";"A01";"2";"7";"0";"1";"1";"1";"1";""
"201900033563";"138 243 129";"A01";"1";"7";"0";"2";"4";"0";"1";""
"201900033563";"138 243 130";"B01";"1";"1";"0";"2";"4";"19";"5";""
"201900033564";"138 243 127";"A01";"2";"7";"0";"2";"1";"15";"1";""
"201900033564";"138 243 128";"B01";"1";"32";"0";"2";"1";"1";"1";""
"201900033565";"138 243 125";"B01";"1";"30";"0";"2";"3";"2";"6";""
"201900033565";"138 243 126";"A01";"1";"7";"0";"2";"2";"16";"6";""
"201900033566";"138 243 123";"A01";"2";"7";"0";"2";"1";"1";"0";""
"201900033566";"138 243 124";"B01";"1";"99";"0";"2";"7";"1";"5";""
"201900033567";"138 243 122";"A01";"1";"7";"0";"1";"1";"1";"1";""
"201900033568";"138 243 118";"A01";"2";"32";"0";"2";"0";"26";"0";""
"201900033568";"138 243 119";"B01";"2";"7";"0";"2";"3";"0";"0";""
"201900033569";"138 243 115";"A01";"1";"32";"0";"2";"2";"16";"1";""
"201900033569";"138 243 116";"B01";"1";"2";"0";"2";"1";"18";"1";""
"201900033570";"138 243 113";"Z01";"0";"7";"0";"2";"0";"0";"0";""
"201900033570";"138 243 114";"B01";"2";"1";"0";"2";"4";"14";"0";""
"201900033571";"138 243 111";"C01";"2";"7";"0";"0";"0";"0";"0";""
"201900033571";"138 243 112";"A01";"1";"33";"0";"1";"3";"14";"1";""
"201900033572";"138 243 110";"A01";"1";"7";"0";"1";"1";"1";"1";""
"201900033573";"138 243 109";"A01";"1";"7";"0";"1";"1";"15";"1";""
"201900033574";"138 243 106";"A01";"1";"10";"0";"1";"1";"1";"1";""
"201900033575";"138 243 104";"L01";"0";"7";"0";"2";"6";"1";"1";""
"201900033575";"138 243 105";"M01";"0";"37";"0";"2";"2";"1";"1";"2"
"201900033576";"138 243 102";"B01";"0";"7";"0";"2";"4";"1";"1";""
"201900033576";"138 243 103";"A01";"0";"7";"0";"2";"1";"1";"1";""
"201900033577";"138 243 101";"A01";"0";"7";"0";"1";"1";"1";"1";""
"201900033578";"138 243 100";"A01";"0";"7";"0";"1";"1";"1";"1";""
"201900033579";"138 243 099";"A01";"0";"7";"0";"1";"1";"1";"1";""
"201900033580";"138 243 097";"A01";"2";"30";"0";"2";"1";"1";"1";""
"201900033580";"138 243 098";"B01";"2";"7";"0";"2";"5";"1";"1";""
"201900033581";"138 243 094";"A01";"0";"7";"0";"1";"1";"26";"1";""
"201900033582";"138 243 093";"A01";"1";"7";"0";"1";"2";"1";"1";""
"201900033583";"138 243 089";"A01";"1";"7";"0";"2";"1";"13";"1";""
"201900033583";"138 243 090";"B01";"3";"7";"0";"2";"3";"2";"1";""
"201900033584";"138 243 087";"B01";"2";"7";"0";"2";"9";"1";"1";""
"201900033584";"138 243 088";"A01";"1";"7";"0";"2";"7";"15";"1";""
"201900033585";"138 243 085";"B01";"0";"7";"0";"2";"2";"15";"1";""
"201900033585";"138 243 086";"A01";"0";"7";"0";"2";"3";"19";"1";""
"201900033586";"138 243 083";"A01";"1";"7";"0";"2";"1";"17";"1";""
"201900033586";"138 243 084";"B01";"2";"7";"0";"2";"3";"1";"1";""
"201900033587";"138 243 082";"A01";"1";"7";"3";"0";"1";"16";"0";""
"201900033588";"138 243 081";"A01";"1";"2";"14";"0";"9";"1";"1";""
"201900033589";"138 243 080";"A01";"2";"7";"0";"1";"1";"1";"1";""
"201900033590";"138 243 078";"A01";"1";"7";"0";"2";"8";"15";"1";""
"201900033590";"138 243 079";"B01";"2";"1";"0";"2";"1";"1";"0";""
"201900033591";"138 243 075";"A01";"1";"10";"0";"1";"3";"15";"1";""
"201900033592";"138 243 074";"A01";"1";"31";"0";"1";"1";"16";"1";""
"201900033593";"138 243 072";"A01";"1";"7";"0";"2";"1";"15";"1";""
"201900033593";"138 243 073";"B01";"2";"7";"0";"2";"1";"1";"1";""
"201900033594";"138 243 070";"A01";"2";"7";"0";"2";"1";"2";"1";""
"201900033594";"138 243 071";"B01";"2";"7";"0";"2";"4";"23";"1";""
"201900033595";"138 243 069";"Z01";"3";"7";"0";"1";"1";"16";"0";""
"201900033596";"138 243 067";"A01";"2";"7";"0";"2";"1";"15";"1";""
"201900033596";"138 243 068";"B01";"2";"33";"0";"2";"8";"1";"1";""
"201900033597";"138 243 066";"A01";"2";"7";"3";"0";"3";"13";"1";""
"201900033598";"138 243 065";"A01";"1";"7";"0";"0";"0";"20";"1";""
"201900033599";"138 243 064";"A01";"1";"30";"0";"1";"1";"14";"1";""
"201900033600";"138 243 063";"A01";"2";"7";"0";"1";"3";"26";"1";""
"201900033601";"138 243 062";"A01";"1";"1";"16";"0";"0";"1";"5";""
"201900033602";"138 243 061";"A01";"3";"7";"9";"0";"7";"26";"1";""
"201900033603";"138 243 060";"A01";"1";"7";"0";"1";"1";"1";"1";""
"201900033604";"138 243 058";"B01";"2";"10";"0";"2";"4";"1";"1";""
"201900033604";"138 243 059";"A01";"2";"10";"0";"2";"1";"2";"1";""
"201900033605";"138 243 056";"B01";"2";"7";"0";"2";"1";"1";"1";""
"201900033605";"138 243 057";"A01";"2";"7";"0";"2";"4";"1";"1";""
"201900033606";"138 243 054";"A01";"2";"7";"0";"2";"1";"2";"1";""
"201900033606";"138 243 055";"B01";"2";"7";"0";"2";"4";"2";"1";""
"201900033607";"138 243 053";"A01";"2";"7";"3";"0";"1";"26";"1";""
"201900033608";"138 243 052";"A01";"1";"7";"0";"1";"7";"13";"1";""
"201900033609";"138 243 051";"A01";"1";"7";"0";"4";"7";"21";"0";""
"201900033610";"138 243 049";"B01";"1";"7";"0";"2";"3";"19";"0";""
"201900033610";"138 243 050";"A01";"2";"7";"0";"2";"1";"1";"1";""
"201900033611";"138 243 047";"A01";"1";"7";"0";"1";"1";"16";"1";""
"201900033612";"138 243 044";"B01";"2";"10";"0";"2";"8";"1";"1";""
"201900033612";"138 243 045";"C01";"2";"1";"0";"2";"6";"1";"5";""
"201900033612";"138 243 046";"A01";"0";"7";"0";"2";"1";"1";"1";""
"201900033613";"138 243 042";"A01";"3";"10";"14";"0";"1";"21";"1";""
"201900033613";"138 243 043";"B01";"3";"10";"0";"2";"1";"23";"1";""
"201900033614";"138 243 038";"Z01";"2";"7";"0";"0";"0";"17";"0";""
"201900033614";"138 243 039";"B01";"2";"7";"0";"2";"4";"2";"1";""
"201900033614";"138 243 040";"C01";"2";"7";"0";"2";"4";"2";"1";""
"201900033614";"138 243 041";"A01";"2";"7";"0";"2";"1";"2";"1";""
"201900033615";"138 243 037";"A01";"2";"2";"0";"1";"1";"1";"1";""
"201900033616";"138 243 035";"B01";"0";"30";"0";"2";"1";"1";"0";""
"201900033616";"138 243 036";"A01";"3";"7";"0";"2";"7";"15";"1";""
"201900033617";"138 243 033";"B01";"3";"2";"0";"2";"1";"1";"1";""
"201900033617";"138 243 034";"A01";"2";"7";"0";"2";"3";"15";"1";""
"201900033618";"138 243 031";"B01";"3";"2";"0";"2";"1";"1";"1";""
"201900033618";"138 243 032";"A01";"3";"7";"0";"2";"0";"16";"0";""
"201900033619";"138 243 030";"B01";"2";"2";"0";"2";"0";"1";"1";""
"201900033620";"138 243 029";"Z01";"1";"99";"0";"1";"2";"0";"0";""
"201900033621";"138 243 028";"A01";"1";"7";"0";"1";"1";"23";"0";""
"201900033622";"138 243 026";"B01";"2";"7";"0";"2";"5";"2";"1";""
"201900033622";"138 243 027";"A01";"2";"7";"0";"2";"3";"2";"1";""
"201900033623";"138 243 025";"A01";"1";"7";"0";"1";"3";"1";"1";""
"201900033624";"138 243 024";"A01";"2";"31";"0";"0";"8";"26";"1";""
"201900033625";"138 243 023";"A01";"3";"7";"0";"1";"1";"15";"1";""
"201900033626";"138 243 022";"A01";"2";"7";"0";"1";"2";"0";"1";""
"201900033627";"138 243 018";"A01";"1";"7";"15";"0";"1";"1";"1";""
"201900033628";"138 243 016";"A01";"2";"7";"0";"2";"1";"2";"1";""
"201900033628";"138 243 017";"B01";"2";"7";"0";"2";"4";"23";"1";""
"201900033629";"138 243 015";"A01";"1";"7";"0";"1";"1";"26";"0";""
"201900033630";"138 243 010";"D01";"1";"7";"0";"2";"1";"1";"1";""
"201900033630";"138 243 011";"C01";"1";"7";"0";"2";"1";"1";"1";""
"201900033630";"138 243 012";"B01";"1";"7";"0";"2";"4";"1";"1";""
"201900033630";"138 243 013";"A01";"1";"7";"0";"2";"2";"12";"1";""
"201900033631";"138 243 008";"B01";"2";"7";"0";"2";"1";"1";"1";""
"201900033631";"138 243 009";"A01";"2";"33";"0";"2";"4";"1";"1";""
"201900033632";"138 243 007";"A01";"2";"33";"0";"0";"2";"26";"1";""
"201900033633";"138 243 005";"A01";"1";"7";"0";"2";"8";"22";"1";""
"201900033633";"138 243 006";"B01";"1";"43";"0";"2";"1";"3";"1";""
"201900033634";"138 243 003";"A01";"1";"32";"0";"2";"1";"2";"1";""
"201900033634";"138 243 004";"B01";"1";"7";"0";"2";"4";"2";"1";""
"201900033635";"138 243 001";"B01";"1";"33";"0";"2";"8";"2";"1";""
"201900033635";"138 243 002";"A01";"1";"7";"0";"2";"7";"14";"1";""
"201900033636";"138 242 997";"D01";"1";"7";"0";"2";"4";"2";"1";""
"201900033636";"138 242 998";"C01";"1";"7";"0";"2";"4";"2";"1";""
"201900033636";"138 242 999";"B01";"1";"7";"0";"2";"4";"2";"1";""
"201900033636";"138 243 000";"A01";"1";"7";"0";"2";"1";"2";"1";""
"201900033637";"138 242 995";"B01";"2";"7";"0";"2";"6";"1";"1";""
"201900033637";"138 242 996";"A01";"2";"7";"3";"2";"7";"14";"1";""
"201900033638";"138 242 993";"B01";"1";"33";"0";"2";"8";"3";"1";""
"201900033638";"138 242 994";"A01";"1";"7";"0";"2";"5";"12";"1";""
"201900033639";"138 242 992";"A01";"1";"7";"0";"1";"2";"1";"1";""
"201900033640";"138 242 991";"A01";"2";"30";"0";"1";"1";"1";"1";""
"201900033641";"138 242 989";"B01";"1";"32";"0";"2";"1";"17";"1";""
"201900033641";"138 242 990";"A01";"1";"7";"0";"2";"8";"15";"1";""
"201900033642";"138 242 988";"A01";"1";"30";"0";"0";"0";"1";"1";""
"201900033643";"138 242 986";"A01";"1";"2";"0";"2";"7";"1";"1";""
"201900033643";"138 242 987";"B01";"1";"7";"0";"2";"1";"1";"1";""
"201900033644";"138 242 984";"B01";"3";"1";"0";"2";"5";"1";"5";""
"201900033644";"138 242 985";"A01";"3";"7";"0";"2";"3";"1";"1";""
"201900033645";"138 242 982";"A01";"2";"1";"0";"2";"1";"9";"5";""
"201900033645";"138 242 983";"B01";"3";"7";"0";"2";"2";"1";"1";""
"201900033646";"138 242 980";"B01";"1";"32";"0";"2";"8";"1";"1";""
"201900033646";"138 242 981";"A01";"2";"7";"0";"2";"1";"15";"2";""
"201900033647";"138 242 979";"A01";"1";"33";"0";"1";"1";"1";"1";""
"201900033648";"138 242 977";"B01";"3";"1";"0";"2";"1";"1";"5";""
"201900033648";"138 242 978";"A01";"3";"7";"0";"2";"3";"1";"1";""
"201900033649";"138 242 975";"A01";"1";"32";"0";"2";"1";"17";"1";""
"201900033649";"138 242 976";"B01";"1";"10";"0";"2";"3";"15";"1";""
"201900033650";"138 242 973";"B01";"1";"30";"0";"2";"8";"1";"1";""
"201900033650";"138 242 974";"A01";"2";"7";"0";"2";"5";"23";"1";""
"201900033651";"138 242 971";"A01";"3";"33";"2";"2";"3";"7";"1";""
"201900033651";"138 242 972";"B01";"2";"7";"0";"2";"2";"14";"1";""
"201900033652";"138 242 969";"B01";"1";"7";"0";"2";"6";"1";"1";""
"201900033652";"138 242 970";"A01";"2";"7";"0";"2";"1";"9";"1";""
"201900033653";"138 242 967";"A01";"1";"7";"0";"2";"1";"2";"1";""
"201900033653";"138 242 968";"B01";"1";"7";"0";"2";"4";"23";"1";""
"201900033654";"138 242 965";"A01";"2";"7";"14";"2";"1";"5";"1";""
"201900033654";"138 242 966";"B01";"1";"7";"0";"2";"1";"1";"6";""
"201900033655";"138 242 963";"A01";"1";"7";"0";"2";"1";"2";"0";""
"201900033655";"138 242 964";"B01";"1";"7";"16";"0";"4";"2";"0";""
"201900033656";"138 242 962";"A01";"1";"7";"0";"1";"1";"1";"1";""
"201900033657";"138 242 961";"A01";"3";"7";"0";"1";"1";"26";"0";""
"201900033658";"138 242 960";"A01";"1";"32";"15";"0";"0";"26";"0";""
"201900033659";"138 242 959";"A01";"1";"7";"0";"1";"3";"19";"1";""
"201900033660";"138 242 958";"A01";"2";"10";"0";"1";"1";"1";"0";""
"201900033661";"138 242 954";"A01";"1";"7";"0";"2";"3";"15";"1";""
"201900033661";"138 242 955";"B01";"1";"2";"0";"2";"2";"17";"1";""
"201900033662";"138 242 952";"B01";"2";"7";"0";"2";"1";"1";"1";""
"201900033662";"138 242 953";"A01";"2";"31";"0";"2";"2";"1";"1";""
"201900033663";"138 242 951";"A01";"3";"7";"0";"1";"2";"19";"1";""
"201900033664";"138 242 949";"A01";"2";"10";"0";"2";"6";"3";"0";""
"201900033664";"138 242 950";"B01";"2";"13";"0";"2";"6";"26";"6";""
"201900033665";"138 242 947";"A01";"3";"7";"0";"2";"6";"4";"1";""
"201900033665";"138 242 948";"B01";"1";"32";"0";"2";"4";"23";"1";""
"201900033666";"138 242 946";"A01";"2";"7";"0";"1";"3";"16";"1";""
"201900033667";"138 242 944";"A01";"2";"7";"0";"2";"1";"13";"1";""
"201900033667";"138 242 945";"B01";"1";"10";"0";"2";"1";"1";"1";""
"201900033668";"138 242 943";"A01";"3";"7";"0";"1";"1";"13";"1";""
"201900033669";"138 242 941";"B01";"1";"7";"0";"2";"2";"1";"1";""
"201900033669";"138 242 942";"A01";"2";"7";"0";"2";"3";"1";"1";""
"201900033670";"138 242 940";"A01";"2";"7";"2";"0";"1";"0";"1";""
"201900033671";"138 242 931";"A01";"1";"7";"12";"0";"2";"0";"1";""
"201900033672";"138 242 929";"B01";"1";"10";"0";"2";"4";"2";"1";""
"201900033672";"138 242 930";"A01";"1";"7";"0";"2";"1";"2";"1";""
"201900033673";"138 242 927";"A01";"1";"15";"0";"2";"3";"1";"1";""
"201900033673";"138 242 928";"B01";"2";"21";"0";"2";"8";"1";"1";""
"201900033674";"138 242 925";"B01";"1";"15";"0";"2";"2";"1";"1";""
"201900033674";"138 242 926";"A01";"1";"7";"4";"2";"3";"17";"1";""
"201900033675";"138 242 924";"A01";"2";"7";"2";"0";"1";"1";"0";""
"201900033676";"138 242 922";"B01";"0";"7";"0";"2";"8";"11";"1";""
"201900033676";"138 242 923";"A01";"0";"33";"0";"2";"1";"1";"1";""
"201900033677";"138 242 920";"A01";"2";"7";"0";"2";"3";"11";"1";""
"201900033677";"138 242 921";"B01";"2";"7";"0";"2";"3";"1";"1";""
"201900033678";"138 242 919";"A01";"0";"7";"13";"0";"0";"1";"1";""
"201900033679";"138 242 917";"A01";"1";"7";"13";"2";"2";"14";"1";""
"201900033679";"138 242 918";"B01";"1";"15";"0";"2";"2";"21";"1";""
"201900033680";"138 242 915";"A01";"1";"7";"0";"0";"2";"1";"1";""
"201900033680";"138 242 916";"B01";"0";"7";"0";"2";"3";"0";"1";""
"201900033681";"138 242 913";"A01";"2";"7";"0";"2";"1";"5";"1";""
"201900033681";"138 242 914";"B01";"1";"7";"0";"2";"1";"1";"1";""
"201900033682";"138 242 909";"B01";"2";"31";"0";"2";"8";"1";"1";""
"201900033682";"138 242 910";"A01";"1";"10";"0";"2";"1";"19";"1";""
"201900033683";"138 242 908";"A01";"2";"7";"2";"0";"3";"1";"1";""
"201900033684";"138 242 906";"A01";"1";"7";"0";"1";"1";"1";"1";""
"201900033685";"138 242 904";"B01";"2";"33";"1";"2";"8";"1";"1";""
"201900033685";"138 242 905";"A01";"3";"7";"0";"2";"1";"19";"1";""
"201900033686";"138 242 902";"B01";"2";"14";"1";"0";"1";"2";"1";""
"201900033686";"138 242 903";"A01";"2";"7";"0";"0";"4";"23";"1";""
"201900033687";"138 242 900";"A01";"2";"2";"0";"2";"8";"1";"1";""
"201900033687";"138 242 901";"B01";"0";"7";"0";"2";"0";"0";" -1";""
"201900033688";"138 242 898";"B01";"1";"7";"0";"2";"8";"15";"1";""
"201900033688";"138 242 899";"A01";"1";"7";"0";"2";"1";"17";"1";""
"201900033689";"138 242 897";"A01";"3";"7";"1";"0";"1";"20";"1";""
"201900033690";"138 242 896";"A01";"0";"7";"8";"0";"0";"0";"1";""
"201900033691";"138 242 894";"B01";"1";"7";"6";"2";"2";"1";"1";""
"201900033691";"138 242 895";"A01";"3";"7";"0";"2";"1";"1";"1";""
"201900033692";"138 242 892";"B01";"2";"10";"3";"0";"4";"2";"1";""
"201900033692";"138 242 893";"A01";"2";"7";"0";"2";"1";"1";"1";""
"201900033693";"138 242 890";"B01";"0";"7";"0";"2";"1";"19";"1";""
"201900033693";"138 242 891";"A01";"1";"2";"0";"2";"7";"1";"1";""
"201900033694";"138 242 889";"A01";"1";"7";"13";"0";"1";"1";"1";""
"201900033695";"138 242 886";"C01";"2";"17";"0";"0";"6";"1";"1";""
"201900033695";"138 242 887";"B01";"1";"7";"0";"2";"1";"1";"1";""
"201900033695";"138 242 888";"A01";"2";"17";"13";"2";"7";"21";"1";""
"201900033696";"138 242 884";"B01";"2";"7";"0";"0";"6";"2";"1";""
"201900033696";"138 242 885";"A01";"2";"7";"0";"2";"1";"2";"1";""
"201900033697";"138 242 882";"A01";"0";"7";"0";"2";"3";"19";"1";""
"201900033697";"138 242 883";"B01";"1";"33";"0";"2";"1";"19";"1";""
"201900033698";"138 242 881";"A01";"1";"13";"13";"0";"9";"21";"1";""
"201900033699";"138 242 879";"B01";"2";"7";"0";"2";"5";"15";"0";""
"201900033699";"138 242 880";"A01";"1";"7";"0";"2";"2";"1";"1";""
"201900033700";"138 242 877";"A01";"1";"7";"6";"0";"1";"26";"1";""
"201900033701";"138 242 875";"B01";"1";"7";"0";"2";"2";"1";"1";""