"Num_Acc";"id_vehicule";"num_veh";"senc";"catv";"obs";"obsm";"choc";"manv";"motor";"occutc"
"201900033701";"138 242 876";"A01";"2";"7";"3";"2";"1";"13";"0";""
"201900033702";"138 242 873";"A01";"0";"7";"0";"0";"0";"13";"1";""
"201900033702";"138 242 874";"B01";"0";"7";"13";"0";"9";"21";"1";""
"201900033703";"138 242 871";"B01";"2";"7";"13";"2";"3";"1";"1";""
"201900033703";"138 242 872";"A01";"1";"7";"0";"2";"1";"19";"1";""
"201900033704";"138 242 868";"A01";"3";"7";"0";"2";"2";"5";"1";""
"201900033704";"138 242 869";"B01";"3";"7";"0";"2";"2";"21";"1";""
"201900033704";"138 242 870";"C01";"3";"7";"0";"2";"3";"2";"1";""
"201900033705";"138 242 866";"A01";"2";"7";"0";"0";"4";"15";"1";""
"201900033705";"138 242 867";"B01";"2";"7";"0";"2";"1";"1";"1";""
"201900033706";"138 242 865";"A01";"1";"7";"0";"1";"2";"21";"1";""
"201900033707";"138 242 864";"A01";"1";"7";"0";"1";"3";"9";"1";""
"201900033708";"138 242 862";"B01";"0";"7";"0";"2";"1";"1";"1";""
"201900033708";"138 242 863";"A01";"0";"13";"0";"2";"2";"1";"1";""
"201900033709";"138 242 860";"A01";"0";"7";"0";"2";"1";"1";"1";""
"201900033709";"138 242 861";"B01";"0";"7";"0";"2";"1";"9";"1";""
"201900033710";"138 242 857";"C01";"2";"7";"0";"2";"1";"2";"1";""
"201900033710";"138 242 858";"B01";"2";"7";"0";"2";"4";"2";"1";""
"201900033710";"138 242 859";"A01";"2";"7";"0";"2";"4";"1";"1";""
"201900033711";"138 242 854";"A01";"1";"10";"0";"2";"1";"1";"1";""
"201900033711";"138 242 855";"B01";"1";"7";"0";"2";"4";"2";"0";""
"201900033711";"138 242 856";"C01";"1";"7";"0";"2";"4";"2";"1";""
"201900033712";"138 242 851";"C01";"1";"7";"0";"2";"8";"1";"1";""
"201900033712";"138 242 852";"B01";"1";"7";"0";"2";"8";"1";"1";""
"201900033712";"138 242 853";"A01";"1";"7";"0";"2";"1";"26";"1";""
"201900033713";"138 242 849";"B01";"1";"7";"0";"0";"0";"0";"1";""
"201900033713";"138 242 850";"A01";"1";"7";"0";"2";"2";"12";"1";""
"201900033714";"138 242 847";"B01";"1";"7";"0";"2";"3";"1";"1";""
"201900033714";"138 242 848";"A01";"1";"15";"0";"2";"2";"17";"1";""
"201900033715";"138 242 845";"A01";"1";"7";"0";"2";"1";"2";"0";""
"201900033715";"138 242 846";"B01";"1";"7";"0";"2";"4";"2";"0";""
"201900033716";"138 242 844";"A01";"1";"7";"0";"1";"7";"2";"1";""
"201900033717";"138 242 842";"B01";"2";"33";"0";"2";"1";"1";"1";""
"201900033717";"138 242 843";"A01";"2";"7";"0";"2";"8";"10";"6";""
"201900033718";"138 242 837";"A01";"1";"13";"0";"1";"4";"4";"0";""
"201900033719";"138 242 835";"A01";"1";"7";"0";"2";"3";"15";"1";""
"201900033719";"138 242 836";"B01";"2";"7";"0";"2";"1";"1";"1";""
"201900033720";"138 242 833";"B01";"0";"7";"0";"2";"8";"19";"1";""
"201900033720";"138 242 834";"A01";"0";"7";"0";"2";"2";"19";"1";""
"201900033721";"138 242 832";"A01";"2";"7";"0";"1";"1";"1";"1";""
"201900033722";"138 242 830";"B01";"0";"1";"1";"0";"1";"1";"0";""
"201900033722";"138 242 831";"A01";"0";"7";"0";"2";"0";"24";"0";""
"201900033723";"138 242 829";"A01";"0";"21";"0";"1";"3";"1";"0";""
"201900033724";"138 242 827";"B01";"1";"0";"0";"2";"0";"0";"0";""
"201900033724";"138 242 828";"A01";"1";"1";"0";"2";"4";"1";"5";""
"201900033725";"138 242 826";"A01";"3";"7";"6";"0";"1";"1";"1";""
"201900033726";"138 242 824";"A01";"1";"10";"0";"2";"8";"19";"6";""
"201900033726";"138 242 825";"B01";"1";"33";"0";"2";"1";"1";"1";""
"201900033727";"138 242 822";"B01";"2";"7";"0";"2";"1";"1";"6";""
"201900033727";"138 242 823";"A01";"1";"7";"0";"2";"2";"15";"6";""
"201900033728";"138 242 821";"A01";"2";"2";"0";"0";"1";"1";"1";""
"201900033729";"138 242 820";"A01";"1";"33";"0";"0";"0";"1";"1";""
"201900033730";"138 242 819";"A01";"3";"30";"0";"0";"0";"1";"1";""
"201900033731";"138 242 817";"B01";"2";"1";"0";"0";"1";"1";"5";""
"201900033731";"138 242 818";"A01";"1";"15";"0";"2";"3";"16";"1";""
"201900033732";"138 242 814";"A01";"2";"7";"0";"0";"5";"16";"1";""
"201900033732";"138 242 815";"B01";"1";"1";"0";"2";"1";"1";"5";""
"201900033733";"138 242 812";"A01";"2";"33";"0";"0";"0";"2";"1";""
"201900033734";"138 242 809";"A01";"1";"7";"0";"0";"1";"1";"1";""
"201900033734";"138 242 810";"B01";"2";"15";"0";"0";"6";"1";"1";""
"201900033734";"138 242 811";"C01";"2";"15";"0";"0";"3";"1";"1";""
"201900033735";"138 242 807";"A01";"1";"2";"0";"2";"8";"13";"1";""
"201900033735";"138 242 808";"B01";"2";"7";"0";"0";"8";"1";"1";""
"201900033736";"138 242 806";"A01";"2";"33";"5";"0";"7";"1";"1";""
"201900033737";"138 242 803";"A01";"2";"7";"0";"0";"7";"19";"1";""
"201900033737";"138 242 804";"B01";"2";"7";"0";"2";"3";"1";"1";""
"201900033738";"138 242 801";"A01";"1";"7";"0";"2";"1";"13";"1";""
"201900033738";"138 242 802";"B01";"2";"7";"0";"2";"1";"1";"1";""
"201900033739";"138 242 799";"A01";"0";"7";"0";"9";"0";"24";"1";""
"201900033739";"138 242 800";"B01";"3";"1";"1";"0";"0";"26";"5";""
"201900033740";"138 242 797";"B01";"1";"21";"0";"2";"3";"15";"1";""
"201900033740";"138 242 798";"A01";"2";"33";"0";"2";"8";"1";"1";""
"201900033741";"138 242 795";"B01";"1";"33";"6";"2";"1";"1";"1";""
"201900033741";"138 242 796";"A01";"2";"7";"0";"2";"3";"15";"1";""
"201900033742";"138 242 794";"A01";"2";"21";"1";"0";"2";"0";"1";""
"201900033743";"138 242 792";"B01";"1";"7";"0";"2";"0";"0";"0";""
"201900033743";"138 242 793";"A01";"1";"7";"0";"2";"0";"0";"0";""
"201900033744";"138 242 790";"B01";"1";"10";"0";"2";"1";"2";"1";""
"201900033744";"138 242 791";"A01";"1";"33";"0";"2";"4";"1";"1";""
"201900033745";"138 242 788";"A01";"2";"7";"0";"2";"3";"11";"1";""
"201900033745";"138 242 789";"B01";"2";"33";"0";"2";"1";"1";"1";""
"201900033746";"138 242 786";"A01";"1";"15";"3";"0";"8";"1";"1";""
"201900033746";"138 242 787";"B01";"1";"15";"3";"2";"7";"14";"1";""
"201900033747";"138 242 785";"A01";"3";"33";"1";"0";"1";"1";"1";""
"201900033748";"138 242 783";"B01";"2";"33";"0";"2";"1";"1";"1";""
"201900033748";"138 242 784";"A01";"1";"7";"0";"2";"7";"10";"1";""
"201900033749";"138 242 781";"A01";"3";"7";"0";"2";"2";"26";"1";""
"201900033749";"138 242 782";"B01";"2";"7";"0";"2";"3";"1";"1";""
"201900033750";"138 242 780";"A01";"1";"7";"0";"6";"1";"1";"1";""
"201900033751";"138 242 778";"A01";"0";"7";"0";"0";"0";"0";"0";""
"201900033751";"138 242 779";"B01";"2";"7";"0";"2";"3";"1";"0";""
"201900033752";"138 242 776";"B01";"2";"7";"0";"2";"5";"12";"1";""
"201900033752";"138 242 777";"A01";"2";"14";"0";"2";"2";"1";"1";""
"201900033753";"138 242 774";"A01";"2";"7";"0";"2";"3";"1";"1";""
"201900033753";"138 242 775";"B01";"1";"1";"0";"2";"3";"1";"5";""
"201900033754";"138 242 773";"A01";"1";"7";"13";"0";"9";"1";"1";""
"201900033755";"138 242 771";"B01";"1";"2";"0";"2";"2";"17";"1";""
"201900033755";"138 242 772";"A01";"1";"7";"0";"0";"6";"19";"1";""
"201900033756";"138 242 768";"A01";"1";"7";"0";"2";"3";"17";"1";""
"201900033756";"138 242 769";"B01";"1";"7";"0";"2";"1";"1";"1";""
"201900033756";"138 242 770";"C01";"2";"33";"0";"2";"2";"1";"1";""
"201900033757";"138 242 767";"A01";"2";"7";"13";"0";"1";"0";"1";""
"201900033758";"138 242 765";"B01";"3";"31";"0";"0";"8";"1";"1";""
"201900033758";"138 242 766";"A01";"3";"33";"0";"2";"8";"17";"1";""
"201900033759";"138 242 763";"B01";"3";"1";"0";"2";"3";"2";"5";""
"201900033759";"138 242 764";"A01";"0";"7";"0";"9";"2";"2";"6";""
"201900033760";"138 242 762";"A01";"3";"7";"6";"0";"1";"0";"0";""
"201900033761";"138 242 760";"A01";"3";"7";"0";"2";"4";"1";"1";""
"201900033761";"138 242 761";"B01";"3";"7";"0";"2";"1";"1";"1";""
"201900033762";"138 242 756";"A01";"1";"2";"0";"2";"3";"1";"1";""
"201900033762";"138 242 757";"B01";"3";"7";"0";"2";"2";"15";"1";""
"201900033763";"138 242 754";"B01";"3";"1";"0";"2";"2";"1";"5";""
"201900033763";"138 242 755";"A01";"3";"1";"0";"0";"0";"15";"5";""
"201900033764";"138 242 752";"B01";"1";"1";"0";"0";"4";"2";"5";""
"201900033764";"138 242 753";"A01";"1";"10";"0";"9";"1";"2";"1";""
"201900033765";"138 242 750";"B01";"2";"10";"0";"2";"1";"2";"1";""
"201900033765";"138 242 751";"A01";"2";"10";"0";"9";"4";"14";"1";""
"201900033766";"138 242 747";"A01";"1";"7";"0";"2";"9";"26";"1";""
"201900033766";"138 242 748";"B01";"1";"7";"0";"2";"6";"2";"1";""
"201900033766";"138 242 749";"C01";"1";"16";"0";"2";"1";"26";"1";""
"201900033767";"138 242 746";"A01";"3";"7";"0";"1";"1";"1";"1";""
"201900033768";"138 242 745";"A01";"3";"7";"2";"0";"1";"9";"1";""
"201900033769";"138 242 744";"A01";"0";"33";"0";"0";"0";"1";"1";""
"201900033770";"138 242 742";"B01";"1";"33";"0";"2";"1";"1";"1";""
"201900033770";"138 242 743";"A01";"1";"17";"0";"2";"4";"11";"1";""
"201900033771";"138 242 740";"A01";"1";"37";"0";"2";"4";"26";"1";"3"
"201900033771";"138 242 741";"B01";"1";"7";"0";"2";"1";"26";"1";""
"201900033772";"138 242 739";"A01";"1";"7";"3";"0";"2";"1";"1";""
"201900033773";"138 242 737";"A01";"2";"10";"0";"2";"2";"17";"1";""
"201900033773";"138 242 738";"B01";"2";"7";"0";"2";"8";"14";"1";""
"201900033774";"138 242 734";"C01";"2";"10";"0";"2";"4";"1";"1";""
"201900033774";"138 242 735";"B01";"2";"10";"0";"2";"4";"1";"1";""
"201900033774";"138 242 736";"A01";"2";"10";"0";"2";"1";"1";"1";""
"201900033775";"138 242 731";"C01";"2";"10";"0";"2";"4";"1";"1";""
"201900033775";"138 242 732";"B01";"2";"10";"0";"2";"4";"15";"1";""
"201900033775";"138 242 733";"A01";"2";"10";"0";"2";"1";"1";"1";""
"201900033776";"138 242 729";"B01";"2";"34";"0";"2";"0";"1";"1";""
"201900033776";"138 242 730";"A01";"2";"7";"0";"2";"0";"12";"1";""
"201900033777";"138 242 727";"B01";"2";"7";"0";"2";"6";"2";"1";""
"201900033777";"138 242 728";"A01";"2";"7";"0";"2";"2";"2";"1";""
"201900033778";"138 242 725";"A01";"2";"7";"0";"2";"8";"11";"0";""
"201900033778";"138 242 726";"B01";"2";"33";"0";"2";"2";"3";"0";""
"201900033779";"138 242 724";"A01";"1";"10";"3";"0";"1";"1";"1";""
"201900033780";"138 242 723";"A01";"1";"33";"0";"0";"0";"3";"1";""
"201900033781";"138 242 721";"A01";"2";"7";"0";"2";"1";"2";"1";""
"201900033781";"138 242 722";"B01";"2";"7";"0";"2";"4";"2";"1";""
"201900033782";"138 242 719";"A01";"2";"7";"3";"2";"2";"0";"1";""
"201900033782";"138 242 720";"B01";"2";"10";"14";"0";"1";"1";"1";""
"201900033783";"138 242 717";"A01";"3";"13";"0";"2";"2";"1";"1";""
"201900033783";"138 242 718";"B01";"3";"7";"0";"2";"6";"9";"1";""
"201900033784";"138 242 715";"A01";"2";"30";"2";"0";"0";"14";"1";""
"201900033785";"138 242 713";"B01";"2";"15";"1";"0";"4";"24";"1";""
"201900033785";"138 242 714";"A01";"2";"10";"1";"0";"1";"14";"1";""
"201900033786";"138 242 712";"A01";"1";"7";"0";"1";"2";"17";"1";""
"201900033787";"138 242 710";"B01";"2";"34";"0";"2";"7";"17";"1";""
"201900033787";"138 242 711";"A01";"2";"7";"0";"2";"8";"1";"1";""
"201900033788";"138 242 708";"B01";"1";"7";"9";"2";"1";"1";"1";""
"201900033788";"138 242 709";"A01";"1";"7";"0";"2";"8";"16";"1";""
"201900033789";"138 242 707";"A01";"1";"33";"0";"2";"1";"21";"1";""
"201900033790";"138 242 706";"A01";"3";"33";"0";"0";"0";"16";"1";""
"201900033791";"138 242 704";"A01";"2";"10";"0";"2";"2";"16";"1";""
"201900033791";"138 242 705";"B01";"1";"10";"0";"2";"3";"16";"1";""
"201900033792";"138 242 703";"A01";"1";"80";"0";"1";"1";"21";"3";""
"201900033793";"138 242 702";"A01";"1";"7";"0";"1";"1";"9";"1";""
"201900033794";"138 242 700";"B01";"1";"7";"0";"2";"5";"9";"1";""
"201900033794";"138 242 701";"A01";"1";"33";"0";"2";"1";"21";"1";""
"201900033795";"138 242 696";"A01";"3";"34";"0";"2";"3";"13";"1";""
"201900033795";"138 242 697";"B01";"3";"7";"0";"2";"3";"1";"1";""
"201900033796";"138 242 694";"B01";"3";"7";"0";"2";"1";"1";"1";""
"201900033796";"138 242 695";"A01";"2";"30";"12";"2";"7";"5";"1";""
"201900033797";"138 242 690";"A01";"3";"7";"0";"0";"3";"15";"0";""
"201900033797";"138 242 691";"B01";"0";"33";"0";"0";"1";"1";"1";""
"201900033798";"138 242 688";"A01";"0";"33";"0";"0";"0";"0";"1";""
"201900033799";"138 242 687";"A01";"2";"7";"0";"1";"3";"0";"1";""
"201900033800";"138 242 686";"A01";"1";"7";"2";"0";"1";"21";"1";""
"201900033801";"138 242 683";"A01";"0";"33";"0";"2";"1";"1";"1";""
"201900033801";"138 242 684";"A01";"0";"7";"0";"2";"3";"15";"1";""
"201900033801";"138 242 685";"B01";"0";"33";"0";"2";"1";"1";"1";""
"201900033802";"138 242 681";"B01";"2";"37";"0";"0";"0";"16";"1";"4"
"201900033803";"138 242 679";"B01";"3";"7";"0";"2";"7";"5";"1";""
"201900033803";"138 242 680";"A01";"3";"7";"0";"2";"8";"13";"1";""
"201900033804";"138 242 675";"A01";"1";"7";"0";"2";"1";"2";"1";""
"201900033804";"138 242 676";"B01";"1";"7";"0";"2";"4";"2";"1";""
"201900033805";"138 242 673";"B01";"0";"7";"0";"2";"2";"1";"1";""
"201900033805";"138 242 674";"A01";"0";"1";"0";"2";"1";"13";"5";""
"201900033806";"138 242 670";"C01";"1";"7";"0";"2";"4";"23";"1";""
"201900033806";"138 242 671";"B01";"1";"7";"0";"2";"4";"23";"1";""
"201900033806";"138 242 672";"A01";"1";"7";"0";"2";"1";"2";"1";""
"201900033807";"138 242 668";"B01";"0";"7";"0";"2";"3";"1";"1";""
"201900033807";"138 242 669";"A01";"0";"1";"0";"2";"1";"19";"5";""
"201900033808";"138 242 667";"A01";"0";"30";"1";"0";"1";"13";"1";""
"201900033809";"138 242 665";"B01";"2";"60";"0";"2";"3";"19";"5";""
"201900033809";"138 242 666";"A01";"1";"7";"0";"2";"2";"1";"1";""
"201900033810";"138 242 663";"B01";"1";"7";"0";"2";"5";"2";"1";""
"201900033810";"138 242 664";"A01";"1";"7";"0";"2";"3";"18";"1";""
"201900033811";"138 242 661";"A01";"1";"7";"0";"2";"1";"1";"1";""
"201900033811";"138 242 662";"B01";"2";"1";"0";"2";"4";"19";"5";""
"201900033812";"138 242 659";"A01";"1";"32";"0";"2";"7";"9";"1";""
"201900033812";"138 242 660";"Z01";"0";"7";"0";"0";"0";"0";"0";""
"201900033813";"138 242 657";"B01";"1";"7";"0";"2";"4";"2";"1";""
"201900033813";"138 242 658";"A01";"1";"7";"0";"2";"1";"2";"1";""
"201900033814";"138 242 656";"A01";"1";"33";"1";"0";"1";"5";"1";""
"201900033815";"138 242 655";"A01";"2";"1";"12";"0";"1";"14";"5";""
"201900033816";"138 242 652";"D01";"1";"7";"0";"2";"1";"1";"1";""
"201900033816";"138 242 653";"C01";"0";"7";"0";"2";"8";"0";"1";""
"201900033816";"138 242 654";"B01";"1";"7";"0";"2";"6";"1";"1";""
"201900033817";"138 242 650";"B01";"1";"37";"0";"2";"0";"0";"1";"1"
"201900033817";"138 242 651";"A01";"1";"7";"0";"2";"0";"0";"1";""
"201900033818";"138 242 648";"B01";"0";"34";"0";"2";"1";"1";"1";""
"201900033818";"138 242 649";"A01";"0";"7";"0";"2";"7";"15";"1";""
"201900033819";"138 242 646";"A01";"3";"80";"0";"2";"7";"16";"3";""
"201900033819";"138 242 647";"B01";"3";"7";"0";"2";"1";"16";"1";""
"201900033820";"138 242 644";"A01";"1";"7";"0";"2";"1";"16";"1";""
"201900033820";"138 242 645";"B01";"1";"7";"0";"2";"2";"1";"1";""
"201900033821";"138 242 643";"A01";"1";"7";"0";"1";"8";"16";"0";""
"201900033822";"138 242 641";"A01";"0";"60";"0";"2";"7";"15";"5";""
"201900033822";"138 242 642";"B01";"0";"1";"0";"2";"7";"17";"5";""
"201900033823";"138 242 639";"A01";"0";"7";"0";"2";"3";"1";"0";""
"201900033823";"138 242 640";"B01";"0";"1";"0";"2";"0";"1";"0";""
"201900033824";"138 242 637";"A01";"3";"7";"0";"2";"1";"9";"1";""
"201900033824";"138 242 638";"B01";"3";"33";"0";"2";"7";"1";"1";""
"201900033825";"138 242 635";"A01";"2";"1";"0";"2";"8";"0";"0";""
"201900033825";"138 242 636";"B01";"1";"7";"0";"2";"0";"0";"0";""
"201900033826";"138 242 633";"B01";"2";"7";"3";"2";"2";"1";"1";""
"201900033826";"138 242 634";"A01";"2";"7";"3";"2";"3";"11";"1";""
"201900033827";"138 242 632";"A01";"0";"10";"0";"1";"0";"1";"0";""
"201900033828";"138 242 630";"B01";"3";"10";"0";"2";"7";"1";"1";""
"201900033828";"138 242 631";"A01";"3";"1";"0";"2";"1";"25";"5";""
"201900033829";"138 242 628";"B01";"1";"15";"0";"2";"6";"4";"1";""
"201900033829";"138 242 629";"A01";"1";"7";"14";"2";"3";"1";"1";""
"201900033830";"138 242 626";"B01";"2";"7";"0";"2";"1";"1";"1";""
"201900033830";"138 242 627";"A01";"1";"2";"0";"2";"1";"1";"1";""
"201900033831";"138 242 624";"A01";"2";"7";"0";"2";"5";"23";"1";""
"201900033831";"138 242 625";"B01";"2";"1";"0";"2";"1";"1";"5";""
"201900033832";"138 242 622";"A01";"1";"32";"0";"2";"1";"17";"1";""
"201900033832";"138 242 623";"B01";"2";"7";"0";"2";"8";"15";"1";""
"201900033833";"138 242 619";"C01";"2";"7";"0";"2";"4";"2";"1";""
"201900033833";"138 242 620";"B01";"2";"7";"0";"2";"4";"2";"1";""
"201900033833";"138 242 621";"A01";"2";"15";"0";"2";"1";"1";"1";""
"201900033834";"138 242 618";"A01";"0";"7";"0";"0";"1";"16";"1";""
"201900033835";"138 242 616";"B01";"3";"60";"0";"2";"7";"1";"5";""
"201900033835";"138 242 617";"A01";"0";"7";"0";"9";"1";"1";"1";""
"201900033836";"138 242 608";"A01";"2";"7";"0";"2";"2";"9";"1";""
"201900033836";"138 242 609";"B01";"2";"7";"0";"0";"6";"9";"1";""
"201900033837";"138 242 605";"A01";"1";"10";"6";"0";"2";"14";"1";""
"201900033838";"138 242 604";"A01";"3";"30";"0";"0";"7";"1";"1";""
"201900033839";"138 242 602";"A01";"1";"7";"0";"2";"3";"15";"1";""
"201900033839";"138 242 603";"B01";"2";"1";"0";"2";"3";"1";"5";""
"201900033840";"138 242 600";"A01";"1";"7";"0";"2";"1";"13";"6";""
"201900033840";"138 242 601";"B01";"2";"7";"0";"2";"8";"1";"6";""
"201900033841";"138 242 599";"A01";"2";"30";"0";"1";"1";"26";"1";""
"201900033842";"138 242 598";"A01";"3";"7";"12";"1";"1";"20";"1";""
"201900033843";"138 242 597";"A01";"3";"37";"0";"1";"0";"26";"1";"1"
"201900033844";"138 242 595";"B01";"1";"33";"0";"2";"4";"9";"0";""
"201900033844";"138 242 596";"A01";"1";"7";"0";"2";"1";"1";"0";""
"201900033845";"138 242 593";"B01";"1";"1";"0";"2";"4";"2";"5";""
"201900033845";"138 242 594";"A01";"1";"7";"0";"2";"1";"2";"1";""
"201900033846";"138 242 591";"B01";"1";"7";"0";"2";"0";"2";"1";""
"201900033846";"138 242 592";"A01";"1";"7";"0";"2";"0";"2";"1";""
"201900033847";"138 242 587";"A01";"0";"13";"0";"2";"1";"2";"1";""
"201900033847";"138 242 588";"B01";"3";"7";"0";"2";"4";"2";"1";""
"201900033847";"138 242 589";"C01";"3";"7";"0";"2";"4";"2";"1";""
"201900033848";"138 242 586";"A01";"1";"7";"0";"1";"7";"26";"1";""
"201900033849";"138 242 584";"A01";"3";"7";"0";"2";"2";"19";"1";""
"201900033849";"138 242 585";"B01";"3";"33";"0";"2";"1";"1";"1";""
"201900033850";"138 242 581";"B01";"1";"7";"0";"2";"8";"1";"1";""
"201900033850";"138 242 582";"C01";"1";"7";"0";"2";"1";"1";"1";""
"201900033850";"138 242 583";"A01";"2";"7";"0";"2";"1";"13";"1";""
"201900033851";"138 242 580";"A01";"2";"33";"4";"0";"2";"14";"1";""
"201900033852";"138 242 579";"Z01";"1";"7";"0";"1";"0";"5";"0";""
"201900033853";"138 242 577";"A01";"1";"32";"0";"2";"1";"1";"1";""
"201900033853";"138 242 578";"B01";"2";"7";"0";"2";"7";"15";"0";""
"201900033854";"138 242 575";"A01";"2";"7";"0";"2";"5";"15";"1";""
"201900033854";"138 242 576";"B01";"1";"7";"0";"2";"1";"1";"1";""
"201900033855";"138 242 573";"A01";"1";"7";"0";"2";"8";"13";"1";""
"201900033855";"138 242 574";"B01";"1";"30";"0";"2";"7";"17";"1";""
"201900033856";"138 242 571";"A01";"2";"7";"0";"2";"2";"10";"1";""
"201900033856";"138 242 572";"B01";"2";"30";"0";"2";"3";"1";"1";""
"201900033857";"138 242 569";"B01";"1";"50";"0";"2";"1";"1";"3";""
"201900033857";"138 242 570";"A01";"1";"30";"0";"2";"2";"16";"1";""
"201900033858";"138 242 567";"A01";"1";"32";"0";"2";"3";"1";"1";""
"201900033858";"138 242 568";"Z01";"2";"7";"0";"2";"2";"15";"1";""
"201900033859";"138 242 564";"Z01";"1";"7";"0";"2";"0";"9";"0";""
"201900033859";"138 242 565";"B01";"2";"32";"0";"2";"8";"1";"1";""
"201900033859";"138 242 566";"A01";"1";"32";"0";"2";"2";"1";"1";""
"201900033860";"138 242 563";"A01";"1";"32";"0";"1";"1";"1";"1";""
"201900033861";"138 242 562";"A01";"2";"31";"0";"1";"1";"1";"1";""
"201900033862";"138 242 560";"A01";"2";"10";"0";"2";"2";"2";"1";""
"201900033862";"138 242 561";"B01";"2";"32";"0";"2";"4";"23";"1";""
"201900033863";"138 242 558";"A01";"2";"7";"0";"2";"5";"1";"1";""
"201900033863";"138 242 559";"B01";"1";"43";"0";"2";"6";"1";"1";""
"201900033864";"138 242 557";"A01";"3";"10";"0";"1";"2";"9";"3";""
"201900033865";"138 242 555";"B01";"2";"7";"0";"2";"5";"15";"2";""
"201900033865";"138 242 556";"A01";"1";"31";"0";"2";"8";"19";"1";""
"201900033866";"138 242 554";"A01";"0";"99";"0";"0";"0";"5";"0";""
"201900033867";"138 242 552";"B01";"1";"33";"0";"2";"7";"2";"1";""
"201900033867";"138 242 553";"A01";"3";"7";"0";"1";"8";"20";"1";""
"201900033868";"138 242 550";"B01";"1";"30";"0";"2";"1";"0";"0";""
"201900033868";"138 242 551";"A01";"1";"7";"0";"2";"8";"19";"0";""
"201900033869";"138 242 548";"B01";"2";"7";"0";"2";"5";"23";"0";""
"201900033869";"138 242 549";"A01";"2";"33";"0";"2";"1";"2";"0";""
"201900033870";"138 242 546";"A01";"2";"20";"0";"2";"1";"9";"1";""
"201900033870";"138 242 547";"B01";"1";"20";"0";"2";"8";"15";"1";""
"201900033871";"138 242 545";"A01";"3";"7";"4";"0";"1";"1";"1";""
"201900033872";"138 242 543";"B01";"0";"7";"0";"2";"8";"1";"0";""
"201900033872";"138 242 544";"A01";"0";"7";"0";"2";"1";"1";"0";""
"201900033873";"138 242 541";"B01";"3";"7";"0";"2";"1";"1";"1";""
"201900033873";"138 242 542";"A01";"3";"31";"0";"2";"7";"9";"1";""
"201900033874";"138 242 539";"B01";"1";"3";"0";"2";"6";"0";"0";""
"201900033874";"138 242 540";"A01";"0";"13";"0";"2";"3";"0";"0";""
"201900033875";"138 242 538";"A01";"2";"32";"0";"0";"9";"1";"1";""
"201900033876";"138 242 533";"A01";"1";"10";"0";"2";"1";"2";"1";""
"201900033876";"138 242 534";"B01";"1";"7";"0";"2";"4";"2";"1";""
"201900033876";"138 242 535";"C01";"1";"7";"0";"2";"4";"2";"1";""
"201900033876";"138 242 536";"D01";"1";"7";"0";"2";"4";"2";"1";""
"201900033877";"138 242 531";"A01";"1";"7";"0";"2";"5";"16";"1";""
"201900033877";"138 242 532";"B01";"1";"37";"0";"2";"2";"1";"1";"1"
"201900033878";"138 242 530";"A01";"1";"10";"0";"1";"2";"16";"1";""
"201900033879";"138 242 528";"B01";"3";"7";"0";"2";"5";"16";"1";""
"201900033879";"138 242 529";"A01";"3";"2";"0";"2";"8";"16";"1";""
"201900033880";"138 242 526";"B01";"1";"2";"0";"2";"1";"1";"0";""
"201900033880";"138 242 527";"A01";"1";"7";"0";"2";"5";"20";"0";""
"201900033881";"138 242 524";"B01";"2";"7";"0";"2";"1";"1";"1";""
"201900033881";"138 242 525";"A01";"2";"14";"0";"2";"8";"26";"1";""
"201900033882";"138 242 523";"A01";"1";"7";"6";"0";"1";"1";"1";""
"201900033883";"138 242 520";"C01";"2";"1";"0";"2";"4";"1";"5";""
"201900033883";"138 242 521";"B01";"1";"7";"0";"2";"3";"1";"1";""
"201900033883";"138 242 522";"A01";"2";"7";"6";"2";"1";"17";"1";""
"201900033884";"138 242 519";"A01";"1";"33";"13";"0";"2";"1";"1";""
"201900033885";"138 242 518";"A01";"1";"31";"0";"0";"8";"0";"1";""
"201900033886";"138 242 515";"B01";"1";"1";"0";"2";"8";"2";"5";""
"201900033886";"138 242 516";"A01";"1";"7";"0";"9";"2";"2";"0";""
"201900033887";"138 242 514";"A01";"3";"33";"0";"6";"1";"1";"1";""
"201900033888";"138 242 511";"B01";"3";"7";"0";"2";"2";"4";"0";""
"201900033888";"138 242 512";"A01";"1";"31";"0";"2";"3";"1";"0";""
"201900033889";"138 242 510";"A01";"0";"33";"13";"0";"1";"0";"1";""
"201900033890";"138 242 509";"A01";"0";"7";"0";"0";"6";"26";"1";""
"201900033891";"138 242 508";"A01";"2";"7";"13";"0";"7";"15";"1";""
"201900033892";"138 242 505";"C01";"0";"13";"0";"0";"8";"1";"1";""
"201900033892";"138 242 506";"B01";"0";"15";"0";"2";"1";"1";"1";""
"201900033892";"138 242 507";"A01";"0";"7";"0";"2";"3";"13";"1";""
"201900033893";"138 242 503";"B01";"1";"7";"0";"2";"1";"1";"1";""
"201900033893";"138 242 504";"A01";"2";"7";"0";"2";"8";"19";"1";""
"201900033894";"138 242 501";"B01";"1";"7";"0";"2";"3";"0";"1";""
"201900033894";"138 242 502";"A01";"2";"7";"0";"2";"3";"0";"1";""
"201900033895";"138 242 499";"A01";"1";"33";"0";"2";"1";"1";"1";""
"201900033895";"138 242 500";"B01";"2";"7";"0";"0";"1";"1";"1";""