"Num_Acc";"id_vehicule";"num_veh";"senc";"catv";"obs";"obsm";"choc";"manv";"motor";"occutc"
"201900034303";"138 241 710";"A01";"2";"7";"0";"2";"1";"13";"1";""
"201900034303";"138 241 711";"B01";"1";"7";"0";"2";"3";"1";"1";""
"201900034303";"138 241 712";"C01";"1";"7";"0";"2";"1";"1";"1";""
"201900034304";"138 241 709";"A01";"1";"7";"17";"0";"1";"0";"1";""
"201900034305";"138 241 708";"A01";"3";"7";"8";"0";"1";"1";"1";""
"201900034306";"138 241 706";"A01";"2";"1";"0";"2";"8";"2";"5";""
"201900034306";"138 241 707";"B01";"2";"7";"0";"9";"2";"2";"0";""
"201900034307";"138 241 704";"A01";"2";"7";"0";"2";"3";"19";"1";""
"201900034307";"138 241 705";"B01";"2";"7";"0";"2";"2";"1";"1";""
"201900034308";"138 241 702";"B01";"2";"7";"0";"2";"1";"2";"1";""
"201900034308";"138 241 703";"A01";"2";"1";"0";"2";"4";"2";"5";""
"201900034309";"138 241 701";"A01";"2";"7";"2";"0";"7";"1";"1";""
"201900034310";"138 241 700";"A01";"1";"7";"2";"0";"2";"0";"1";""
"201900034311";"138 241 699";"A01";"3";"7";"0";"0";"0";"14";"1";""
"201900034312";"138 241 696";"B01";"2";"36";"0";"2";"1";"1";"1";""
"201900034312";"138 241 697";"A01";"2";"7";"0";"0";"4";"1";"1";""
"201900034313";"138 241 694";"B01";"3";"7";"0";"2";"3";"1";"1";""
"201900034313";"138 241 695";"A01";"3";"33";"0";"2";"1";"1";"1";""
"201900034314";"138 241 693";"A01";"2";"7";"2";"0";"8";"1";"1";""
"201900034315";"138 241 692";"A01";"1";"7";"13";"0";"3";"13";"1";""
"201900034316";"138 241 690";"B01";"2";"7";"0";"2";"1";"21";"3";""
"201900034316";"138 241 691";"A01";"0";"7";"0";"2";"3";"15";"1";""
"201900034317";"138 241 688";"A01";"3";"7";"0";"2";"7";"21";"0";""
"201900034317";"138 241 689";"B01";"3";"2";"0";"2";"1";"15";"0";""
"201900034318";"138 241 686";"B01";"0";"33";"0";"2";"2";"1";"1";""
"201900034318";"138 241 687";"A01";"3";"7";"0";"2";"2";"5";"1";""
"201900034319";"138 241 683";"B01";"3";"80";"0";"2";"1";"1";"3";""
"201900034319";"138 241 684";"A01";"3";"7";"0";"0";"2";"15";"1";""
"201900034320";"138 241 681";"A01";"1";"7";"0";"2";"1";"26";"1";""
"201900034320";"138 241 682";"B01";"1";"7";"0";"2";"3";"15";"1";""
"201900034321";"138 241 679";"B01";"2";"7";"0";"2";"1";"1";"1";""
"201900034321";"138 241 680";"A01";"3";"7";"0";"2";"2";"19";"1";""
"201900034322";"138 241 677";"B01";"2";"33";"0";"2";"1";"1";"1";""
"201900034322";"138 241 678";"A01";"3";"7";"0";"2";"1";"5";"1";""
"201900034323";"138 241 675";"A01";"1";"7";"0";"2";"2";"17";"1";""
"201900034323";"138 241 676";"B01";"1";"15";"0";"0";"6";"15";"1";""
"201900034324";"138 241 673";"B01";"3";"33";"0";"2";"7";"15";"1";""
"201900034324";"138 241 674";"A01";"3";"7";"0";"2";"4";"20";"1";""
"201900034325";"138 241 671";"B01";"1";"33";"0";"2";"1";"1";"1";""
"201900034325";"138 241 672";"A01";"3";"7";"0";"2";"7";"19";"1";""
"201900034326";"138 241 667";"A01";"3";"13";"0";"2";"5";"15";"1";""
"201900034326";"138 241 668";"B01";"3";"30";"0";"2";"1";"1";"1";""
"201900034327";"138 241 666";"A01";"0";"7";"16";"0";"1";"1";"1";""
"201900034328";"138 241 664";"B01";"2";"7";"0";"2";"3";"1";"1";""
"201900034328";"138 241 665";"A01";"2";"7";"0";"2";"2";"19";"1";""
"201900034329";"138 241 663";"A01";"1";"33";"0";"0";"0";"23";"1";""
"201900034330";"138 241 662";"A01";"0";"33";"0";"0";"0";"1";"0";""
"201900034331";"138 241 660";"B01";"1";"7";"0";"0";"1";"1";"1";""
"201900034331";"138 241 661";"A01";"2";"7";"0";"0";"1";"13";"1";""
"201900034332";"138 241 658";"B01";"2";"7";"0";"2";"3";"1";"1";""
"201900034332";"138 241 659";"A01";"1";"33";"0";"2";"2";"13";"1";""
"201900034333";"138 241 657";"A01";"1";"7";"17";"0";"2";"1";"1";""
"201900034334";"138 241 655";"A01";"1";"7";"0";"2";"6";"1";"1";""
"201900034334";"138 241 656";"B01";"2";"10";"0";"2";"3";"1";"1";""
"201900034335";"138 241 654";"A01";"2";"7";"13";"9";"8";"1";"1";""
"201900034336";"138 241 653";"A01";"1";"2";"13";"0";"1";"1";"1";""
"201900034337";"138 241 652";"A01";"2";"7";"0";"1";"7";"1";"1";""
"201900034338";"138 241 651";"A01";"1";"7";"13";"0";"1";"1";"1";""
"201900034339";"138 241 649";"B01";"2";"7";"0";"2";"1";"1";"1";""
"201900034339";"138 241 650";"A01";"1";"2";"0";"2";"7";"15";"1";""
"201900034340";"138 241 648";"A01";"3";"2";"2";"0";"0";"1";"1";""
"201900034341";"138 241 647";"A01";"2";"7";"0";"0";"0";"1";"1";""
"201900034342";"138 241 645";"A01";"2";"21";"0";"2";"1";"15";"1";""
"201900034342";"138 241 646";"B01";"2";"7";"0";"2";"1";"1";"1";""
"201900034343";"138 241 643";"B01";"2";"1";"0";"2";"1";"11";"5";""
"201900034343";"138 241 644";"A01";"2";"7";"0";"9";"2";"1";"1";""
"201900034344";"138 241 641";"A01";"1";"33";"0";"2";"1";"17";"1";""
"201900034344";"138 241 642";"B01";"1";"7";"0";"2";"6";"15";"1";""
"201900034345";"138 241 640";"A01";"1";"7";"2";"0";"7";"1";"1";""
"201900034346";"138 241 638";"B01";"3";"33";"0";"2";"2";"0";"1";""
"201900034346";"138 241 639";"A01";"3";"7";"0";"2";"1";"1";"1";""
"201900034347";"138 241 636";"B01";"1";"7";"0";"2";"3";"1";"1";""
"201900034347";"138 241 637";"A01";"2";"7";"0";"2";"3";"5";"1";""
"201900034348";"138 241 634";"A01";"1";"7";"0";"2";"3";"13";"1";""
"201900034348";"138 241 635";"B01";"2";"17";"0";"2";"3";"1";"1";""
"201900034349";"138 241 632";"A01";"3";"7";"0";"0";"1";"0";"1";""
"201900034349";"138 241 633";"B01";"3";"7";"0";"0";"1";"13";"1";""
"201900034350";"138 241 631";"A01";"1";"7";"13";"0";"1";"26";"1";""
"201900034351";"138 241 630";"A01";"0";"7";"0";"0";"0";"1";"0";""
"201900034352";"138 241 629";"A01";"2";"31";"14";"0";"1";"1";"1";""
"201900034353";"138 241 628";"A01";"1";"7";"15";"0";"1";"5";"1";""
"201900034354";"138 241 627";"A01";"1";"7";"2";"0";"3";"1";"1";""
"201900034355";"138 241 626";"A01";"1";"33";"0";"0";"8";"0";"1";""
"201900034356";"138 241 624";"B01";"1";"7";"3";"2";"2";"17";"1";""
"201900034356";"138 241 625";"Z01";"1";"7";"0";"2";"8";"3";"0";""
"201900034357";"138 241 623";"A01";"1";"33";"6";"0";"3";"13";"1";""
"201900034358";"138 241 622";"A01";"1";"33";"6";"2";"8";"21";"0";""
"201900034359";"138 241 618";"D01";"1";"7";"0";"2";"4";"0";"1";""
"201900034359";"138 241 619";"C01";"1";"7";"0";"2";"4";"0";"1";""
"201900034359";"138 241 620";"B01";"1";"7";"0";"2";"4";"2";"1";""
"201900034359";"138 241 621";"A01";"1";"7";"0";"2";"1";"2";"1";""
"201900034360";"138 241 616";"A01";"1";"7";"0";"2";"1";"2";"1";""
"201900034360";"138 241 617";"B01";"1";"7";"0";"2";"4";"1";"1";""
"201900034361";"138 241 615";"A01";"2";"33";"0";"0";"0";"0";"1";""
"201900034362";"138 241 614";"A01";"2";"10";"5";"0";"2";"9";"1";""
"201900034363";"138 241 609";"A01";"2";"7";"0";"2";"1";"2";"1";""
"201900034363";"138 241 610";"B01";"2";"7";"0";"2";"4";"2";"1";""
"201900034363";"138 241 611";"C01";"2";"7";"0";"2";"4";"2";"1";""
"201900034363";"138 241 612";"D01";"2";"7";"0";"2";"4";"2";"1";""
"201900034363";"138 241 613";"E01";"2";"37";"0";"2";"3";"1";"1";"1"
"201900034364";"138 241 606";"A01";"2";"7";"0";"2";"1";"1";"1";""
"201900034364";"138 241 607";"B01";"2";"17";"0";"2";"6";"1";"1";""
"201900034364";"138 241 608";"C01";"2";"7";"0";"2";"1";"21";"1";""
"201900034365";"138 241 603";"Z01";"1";"15";"0";"2";"2";"12";"0";""
"201900034365";"138 241 604";"B01";"1";"7";"0";"2";"1";"1";"1";""
"201900034365";"138 241 605";"A01";"1";"7";"0";"2";"6";"1";"1";""
"201900034366";"138 241 600";"C01";"1";"15";"0";"2";"2";"12";"1";""
"201900034366";"138 241 601";"B01";"1";"7";"0";"2";"7";"1";"1";""
"201900034366";"138 241 602";"A01";"1";"7";"0";"2";"4";"1";"1";""
"201900034367";"138 241 598";"B01";"2";"7";"4";"2";"3";"1";"1";""
"201900034367";"138 241 599";"A01";"2";"17";"0";"2";"2";"12";"1";""
"201900034368";"138 241 594";"D01";"1";"13";"0";"2";"1";"2";"1";""
"201900034368";"138 241 595";"C01";"1";"7";"0";"2";"4";"2";"1";""
"201900034368";"138 241 596";"B01";"1";"7";"0";"2";"4";"2";"1";""
"201900034368";"138 241 597";"A01";"1";"7";"0";"2";"4";"2";"1";""
"201900034369";"138 241 591";"A01";"1";"7";"13";"0";"2";"1";"1";""
"201900034370";"138 241 589";"B01";"1";"7";"0";"2";"4";"23";"1";""
"201900034370";"138 241 590";"A01";"1";"7";"0";"2";"1";"2";"1";""
"201900034371";"138 241 587";"B01";"1";"40";"0";"2";"8";"1";"3";""
"201900034371";"138 241 588";"A01";"1";"7";"0";" -1";"1";"1";"1";""
"201900034372";"138 241 585";"B01";"2";"7";"0";"2";"3";"1";"1";""
"201900034372";"138 241 586";"A01";"1";"30";"0";"2";"1";"1";"1";""
"201900034373";"138 241 583";"A01";"1";"7";"0";"2";"2";"9";"1";""
"201900034373";"138 241 584";"B01";"2";"32";"0";"2";"1";"1";"1";""
"201900034374";"138 241 582";"A01";"1";"34";"4";"0";"2";"1";"1";""
"201900034375";"138 241 581";"A01";"1";"7";"0";"1";"1";"1";"1";""
"201900034376";"138 241 579";"B01";"3";"33";"0";"2";"1";"1";"1";""
"201900034376";"138 241 580";"A01";"3";"7";"0";" -1";"6";"15";"1";""
"201900034377";"138 241 578";"A01";"1";"14";"0";"1";"1";"1";"6";""
"201900034378";"138 241 576";"B01";"1";"7";"0";"2";"7";"1";"1";""
"201900034378";"138 241 577";"A01";"0";"2";"0";"2";"1";"1";"1";""
"201900034379";"138 241 575";"A01";"1";"50";"12";"0";"0";"25";"3";""
"201900034380";"138 241 574";"A01";"1";"10";"0";"1";"2";"2";"1";""
"201900034381";"138 241 573";"A01";"1";"30";"0";"0";"0";"15";"1";""
"201900034382";"138 241 572";"A01";"1";"7";"4";"0";"1";"1";"1";""
"201900034383";"138 241 571";"A01";"3";"7";"10";"0";"3";"13";"1";""
"201900034384";"138 241 569";"A01";"2";"30";"0";"2";"1";"2";"1";""
"201900034384";"138 241 570";"B01";"2";"10";"0";"2";"4";"2";"1";""
"201900034385";"138 241 567";"B01";"3";"7";"0";"2";"0";"0";"0";""
"201900034385";"138 241 568";"A01";"3";"7";"0";"2";"5";"26";"1";""
"201900034386";"138 241 565";"A01";"1";"7";"0";"2";"1";"2";"1";""
"201900034386";"138 241 566";"B01";"1";"7";"0";"2";"4";"2";"1";""
"201900034387";"138 241 563";"B01";"2";"33";"0";"2";"1";"1";"1";""
"201900034387";"138 241 564";"A01";"2";"7";"0";"2";"8";"10";"1";""
"201900034388";"138 241 562";"A01";"2";"3";"1";"0";"1";"14";"1";""
"201900034389";"138 241 560";"A01";"3";"7";"0";"2";"1";"17";"1";""
"201900034389";"138 241 561";"B01";"3";"7";"0";"2";"2";"16";"1";""
"201900034390";"138 241 558";"B01";"1";"7";"0";"2";"6";"23";"1";""
"201900034390";"138 241 559";"A01";"1";"7";"0";"2";"2";"12";"1";""
"201900034391";"138 241 549";"A01";"1";"33";"0";"0";"0";"0";"1";""
"201900034392";"138 241 548";"A01";"3";"7";"0";"1";"1";"0";"1";""
"201900034393";"138 241 544";"A01";"1";"7";"5";"0";"5";"0";"1";""
"201900034394";"138 241 542";"A01";"2";"30";"14";"2";"4";"2";"1";""
"201900034394";"138 241 543";"B01";"2";"7";"0";"2";"4";"15";"1";""
"201900034395";"138 241 541";"A01";"1";"30";"1";"0";"7";"14";"1";""
"201900034396";"138 241 539";"B01";"3";"7";"0";"2";"3";"1";"1";""
"201900034396";"138 241 540";"A01";"3";"7";"0";"2";"3";"16";"1";""
"201900034397";"138 241 535";"A01";"2";"7";"0";"2";"1";"2";"1";""
"201900034397";"138 241 536";"B01";"2";"14";"0";"2";"1";"2";"1";""
"201900034397";"138 241 537";"C01";"2";"7";"0";"2";"4";"2";"1";""
"201900034397";"138 241 538";"D01";"2";"7";"0";"2";"4";"15";"1";""
"201900034398";"138 241 534";"A01";"2";"7";"0";"1";"1";"16";"1";""
"201900034399";"138 241 533";"A01";"2";"37";"0";"0";"0";"1";"1";"2"
"201900034400";"138 241 532";"A01";"1";"34";"15";"0";"1";"13";"1";""
"201900034401";"138 241 531";"A01";"2";"7";"0";"1";"1";"15";"2";""
"201900034402";"138 241 521";"A01";"2";"7";"0";"2";"6";"20";"1";""
"201900034402";"138 241 522";"B01";"2";"2";"0";"2";"1";"1";"1";""
"201900034403";"138 241 515";"C01";"1";"1";"0";"0";"8";"1";"5";""
"201900034403";"138 241 516";"B01";"1";"1";"16";"0";"0";"1";"5";""
"201900034403";"138 241 517";"A01";"1";"10";"0";"0";"0";"23";"1";""
"201900034404";"138 241 514";"Z01";"1";"7";"0";"1";"1";"1";"0";""
"201900034405";"138 241 513";"Z01";"1";"7";"0";"1";"1";"1";"0";""
"201900034406";"138 241 512";"Z01";"1";"7";"0";"1";"1";"16";"0";""
"201900034407";"138 241 510";"B01";"0";"2";"0";"2";"1";"1";"1";""
"201900034407";"138 241 511";"A01";"0";"7";"0";"2";"3";"15";"1";""
"201900034408";"138 241 508";"B01";"1";"7";"0";"2";"2";"0";"1";""
"201900034408";"138 241 509";"A01";"1";"30";"0";"2";"1";"0";"1";""
"201900034409";"138 241 507";"A01";"1";"7";"6";"0";"1";"0";"1";""
"201900034410";"138 241 504";"C01";"1";"33";"0";"2";"1";"1";"1";""
"201900034410";"138 241 505";"B01";"1";"7";"0";"2";"8";"1";"1";""
"201900034410";"138 241 506";"A01";"2";"7";"3";"2";"3";"13";"1";""
"201900034411";"138 241 502";"B01";"1";"1";"0";"2";"7";"1";"5";""
"201900034411";"138 241 503";"A01";"1";"7";"0";"2";"1";"1";"1";""
"201900034412";"138 241 500";"B01";"1";"7";"0";"2";"3";"15";"1";""
"201900034412";"138 241 501";"A01";"1";"7";"0";"2";"3";"16";"1";""
"201900034413";"138 241 498";"B01";"1";"7";"0";"2";"3";"1";"1";""
"201900034413";"138 241 499";"A01";"1";"1";"0";"2";"1";"19";"5";""
"201900034414";"138 241 496";"B01";"3";"1";"0";"2";"7";"1";"5";""
"201900034414";"138 241 497";"A01";"3";"7";"0";"6";"1";"19";"1";""
"201900034415";"138 241 494";"B01";"0";"33";"0";"2";"1";"1";"1";""
"201900034415";"138 241 495";"A01";"0";"7";"0";"2";"3";"1";"1";""
"201900034416";"138 241 492";"B01";"1";"7";"0";"2";"4";"1";"1";""
"201900034416";"138 241 493";"A01";"1";"33";"0";"2";"1";"1";"1";""
"201900034417";"138 241 491";"A01";"1";"7";"13";"0";"1";"13";"1";""
"201900034418";"138 241 487";"A01";"1";"7";"0";"2";"1";"1";"1";""
"201900034418";"138 241 488";"B01";"1";"7";"0";"2";"9";"1";"1";""
"201900034418";"138 241 489";"C01";"1";"7";"0";"2";"9";"1";"1";""
"201900034418";"138 241 490";"D01";"1";"10";"0";"2";"4";"1";"1";""
"201900034419";"138 241 485";"A01";"2";"7";"0";"2";"1";"15";"1";""
"201900034419";"138 241 486";"B01";"1";"33";"0";"2";"1";"1";"1";""
"201900034420";"138 241 483";"A01";"3";"2";"0";"2";"8";"9";"1";""
"201900034420";"138 241 484";"B01";"0";"7";"0";"2";"2";"17";"1";""
"201900034421";"138 241 482";"A01";"2";"7";"0";"1";"2";"1";"1";""
"201900034422";"138 241 480";"B01";"3";"10";"0";"2";"3";"1";"1";""
"201900034422";"138 241 481";"A01";"3";"10";"0";"2";"3";"16";"1";""
"201900034423";"138 241 479";"A01";"2";"7";"8";"0";"1";"26";"1";""
"201900034424";"138 241 477";"B01";"1";"7";"0";"2";"1";"2";"1";""
"201900034424";"138 241 478";"A01";"1";"7";"0";"2";"7";"2";"1";""
"201900034425";"138 241 475";"B01";"2";"7";"0";"1";"4";"2";"1";""
"201900034425";"138 241 476";"A01";"2";"34";"0";"2";"1";"2";"1";""
"201900034426";"138 241 473";"A01";"0";"7";"0";"2";"6";"15";"1";""
"201900034426";"138 241 474";"B01";"0";"33";"0";"2";"3";"21";"1";""
"201900034427";"138 241 472";"A01";"1";"7";"0";"6";"1";"26";"1";""
"201900034428";"138 241 471";"A01";"1";"10";"0";"1";"1";"18";"1";""
"201900034429";"138 241 468";"A01";"1";"31";"0";"2";"1";"26";"1";""
"201900034429";"138 241 469";"C01";"1";"7";"0";"2";"3";"1";"1";""
"201900034429";"138 241 470";"B01";"1";"7";"0";"2";"2";"2";"1";""
"201900034430";"138 241 464";"A01";"0";"7";"0";"2";"3";"1";"1";""
"201900034430";"138 241 465";"B01";"0";"7";"0";"2";"3";"17";"1";""
"201900034431";"138 241 462";"B01";"3";"1";"0";"2";"1";"1";"5";""
"201900034431";"138 241 463";"Z01";"3";"7";"0";"2";"1";"1";"1";""
"201900034432";"138 241 460";"A01";"0";"7";"0";"2";"3";"5";"1";""
"201900034432";"138 241 461";"B01";"3";"31";"0";"2";"1";"1";"0";""
"201900034433";"138 241 459";"A01";"1";"7";"8";"0";"1";"13";"1";""
"201900034434";"138 241 457";"B01";"0";"7";"0";"2";"1";"1";"1";""
"201900034434";"138 241 458";"A01";"0";"7";"7";"2";"3";"15";"1";""
"201900034435";"138 241 456";"A01";"0";"10";"3";"0";"3";"13";"1";""
"201900034436";"138 241 455";"A01";"1";"7";"0";"1";"1";"2";"1";""
"201900034437";"138 241 454";"A01";"1";"7";"0";"1";"1";"1";"1";""
"201900034438";"138 241 452";"B01";"2";"3";"0";"2";"5";"23";"0";""
"201900034438";"138 241 453";"A01";"2";"10";"0";"2";"5";"2";"0";""
"201900034439";"138 241 451";"A01";"1";"7";"0";"0";"2";"1";"1";""
"201900034440";"138 241 449";"B01";"0";"33";"0";"2";"3";"1";"1";""
"201900034440";"138 241 450";"A01";"0";"7";"0";"2";"1";"15";"1";""
"201900034441";"138 241 447";"B01";"3";"7";"0";"2";"1";"16";"1";""
"201900034441";"138 241 448";"A01";"3";"7";"0";"2";"7";"16";"1";""
"201900034442";"138 241 445";"Z01";"2";"2";"0";"2";"0";"9";"1";""
"201900034442";"138 241 446";"B01";"1";"7";"0";"2";"6";"15";"1";""
"201900034443";"138 241 443";"A01";"2";"7";"0";"2";"6";"15";"1";""
"201900034443";"138 241 444";"B01";"1";"31";"0";"2";"1";"1";"1";""
"201900034444";"138 241 441";"B01";"1";"33";"0";"2";"1";"17";"0";""
"201900034444";"138 241 442";"A01";"1";"7";"0";"2";"3";"15";"0";""
"201900034445";"138 241 439";"A01";"1";"7";"0";"2";"1";"5";"1";""
"201900034445";"138 241 440";"B01";"2";"2";"0";"2";"3";"1";"1";""
"201900034446";"138 241 438";"A01";"3";"33";"0";"2";"8";"1";"1";""
"201900034447";"138 241 437";"A01";"2";"7";"0";"1";"1";"9";"0";""
"201900034448";"138 241 435";"B01";"1";"7";"0";"2";"7";"26";"0";""
"201900034448";"138 241 436";"A01";"2";"7";"0";"2";"8";"26";"0";""
"201900034449";"138 241 433";"B01";"2";"34";"0";"2";"3";"1";"1";""
"201900034449";"138 241 434";"A01";"2";"7";"0";"2";"2";"9";"1";""
"201900034450";"138 241 431";"B01";"3";"10";"0";"2";"0";"0";"1";""
"201900034450";"138 241 432";"A01";"0";"33";"0";"2";"8";"26";"1";""
"201900034451";"138 241 429";"A01";"1";"34";"0";"2";"1";"17";"1";""
"201900034451";"138 241 430";"B01";"1";"7";"0";"2";"3";"15";"1";""
"201900034452";"138 241 427";"Z01";"2";"7";"8";"2";"8";"18";"1";""
"201900034452";"138 241 428";"A01";"2";"33";"0";"2";"7";"1";"1";""
"201900034453";"138 241 426";"A01";"3";"7";"8";"0";"2";"1";"1";""
"201900034454";"138 241 425";"A01";"3";"33";"0";"1";"1";"1";"1";""
"201900034455";"138 241 423";"B01";"1";"7";"0";"2";"2";"1";"1";""
"201900034455";"138 241 424";"A01";"1";"7";"0";"2";"3";"20";"1";""
"201900034456";"138 241 421";"B01";"1";"7";"0";"2";"2";"19";"1";""
"201900034456";"138 241 422";"A01";"1";"7";"0";"2";"3";"2";"1";""
"201900034457";"138 241 419";"B01";"2";"2";"0";"2";"8";"21";"1";""
"201900034457";"138 241 420";"A01";"1";"7";"0";"2";"1";"15";"1";""
"201900034458";"138 241 417";"B01";"1";"7";"0";"2";"7";"1";"1";""
"201900034458";"138 241 418";"A01";"1";"7";"0";"2";"1";"1";"1";""
"201900034459";"138 241 415";"B01";"2";"7";"12";"2";"3";"21";"1";""
"201900034459";"138 241 416";"A01";"2";"7";"0";"2";"4";"16";"1";""
"201900034460";"138 241 413";"A01";"2";"32";"0";"2";"1";"1";"1";""
"201900034460";"138 241 414";"B01";"2";"7";"0";"2";"8";"1";"1";""
"201900034461";"138 241 411";"A01";"0";"7";"0";"0";"0";"0";"1";""
"201900034461";"138 241 412";"B01";"0";"34";"0";"0";"0";"0";"1";""
"201900034462";"138 241 409";"B01";"1";"37";"0";"2";"3";"1";"1";"3"
"201900034462";"138 241 410";"A01";"1";"7";"0";"2";"1";"19";"0";""
"201900034463";"138 241 407";"B01";"2";"7";"0";"2";"3";"1";"1";""
"201900034463";"138 241 408";"A01";"3";"7";"0";"2";"1";"9";"1";""
"201900034464";"138 241 406";"A01";"2";"33";"12";"6";"1";"1";"1";""
"201900034465";"138 241 404";"B01";"1";"7";"0";"2";"2";"19";"1";""
"201900034465";"138 241 405";"A01";"1";"33";"0";"2";"1";"26";"1";""
"201900034466";"138 241 402";"A01";"1";"7";"0";"2";"8";"10";"1";""
"201900034466";"138 241 403";"B01";"1";"34";"0";"2";"1";"1";"1";""
"201900034467";"138 241 401";"A01";"0";"33";"0";"0";"0";"14";"1";""
"201900034468";"138 241 399";"B01";"1";"33";"0";"2";"1";"1";"1";""
"201900034468";"138 241 400";"A01";"2";"10";"0";"2";"5";"15";"1";""
"201900034469";"138 241 397";"B01";"2";"7";"0";"2";"4";"23";"1";""
"201900034469";"138 241 398";"A01";"2";"10";"0";"2";"1";"1";"1";""
"201900034470";"138 241 395";"A01";"3";"3";"0";"2";"2";"15";"0";""
"201900034470";"138 241 396";"B01";"3";"33";"0";"2";"1";"1";"0";""
"201900034471";"138 241 393";"B01";"1";"7";"1";"0";"2";"16";"1";""
"201900034471";"138 241 394";"A01";"1";"33";"1";"0";"0";"1";"1";""
"201900034472";"138 241 391";"B01";"2";"7";"0";"6";"6";"2";"0";""
"201900034472";"138 241 392";"A01";"2";"50";"0";"2";"0";"0";"3";""
"201900034473";"138 241 390";"A01";"1";"33";"0";"1";"1";"17";"1";""
"201900034474";"138 241 388";"A01";"1";"7";"0";"2";"1";"1";"1";""
"201900034474";"138 241 389";"B01";"2";"7";"0";"2";"1";"13";"0";""
"201900034475";"138 241 386";"A01";"0";"30";"0";"6";"1";"2";"1";""
"201900034475";"138 241 387";"B01";"0";"33";"0";"6";"4";"2";"1";""
"201900034476";"138 241 384";"A01";"2";"30";"0";"2";"0";"0";"1";""
"201900034476";"138 241 385";"B01";"2";"7";"0";"2";"0";"0";"1";""
"201900034477";"138 241 383";"A01";"1";"1";"0";"6";"0";"0";"6";""
"201900034478";"138 241 379";"A01";"1";"7";"0";"2";"2";"20";"0";""
"201900034478";"138 241 380";"C01";"1";"7";"0";"1";"3";"0";"0";""
"201900034478";"138 241 381";"B01";"1";"32";"0";"2";"1";"0";"6";""
"201900034478";"138 241 382";"D01";"1";"7";"0";"2";"3";"0";"0";""
"201900034479";"138 241 378";"A01";"2";"30";"0";"1";"1";"1";"1";""
"201900034480";"138 241 377";"A01";"1";"7";"8";"1";"1";"16";"1";""
"201900034481";"138 241 375";"B01";"0";"7";"0";"2";"6";"20";"1";""
"201900034481";"138 241 376";"A01";"0";"33";"0";"2";"1";"1";"1";""
"201900034482";"138 241 373";"B01";"3";"7";"0";"2";"8";"15";"1";""
"201900034482";"138 241 374";"A01";"3";"7";"0";"2";"3";"26";"1";""
"201900034483";"138 241 371";"A01";"2";"33";"0";"2";"2";"17";"1";""
"201900034483";"138 241 372";"B01";"2";"7";"0";"2";"3";"15";"1";""
"201900034484";"138 241 369";"A01";"0";"13";"0";"2";"4";"20";"0";""
"201900034484";"138 241 370";"B01";"0";"34";"0";"2";"7";"21";"0";""
"201900034485";"138 241 367";"A01";"3";"7";"0";"2";"1";"13";"1";""
"201900034485";"138 241 368";"B01";"3";"7";"0";"2";"1";"1";"1";""
"201900034486";"138 241 365";"A01";"1";"7";"0";"2";"1";"9";"0";""
"201900034486";"138 241 366";"B01";"1";"7";"0";"2";"1";"19";"1";""
"201900034487";"138 241 364";"A01";"1";"7";"0";"1";"2";"15";"1";""
"201900034488";"138 241 362";"Y01";"0";"50";"0";"2";"0";"19";"3";""
"201900034488";"138 241 363";"A01";"1";"7";"0";"2";"2";"1";"0";""
"201900034489";"138 241 360";"B01";"1";"3";"0";"2";"6";"15";"0";""
"201900034489";"138 241 361";"A01";"2";"3";"0";"2";"2";"2";"0";""
"201900034490";"138 241 358";"B01";"1";"32";"0";"2";"1";"1";"1";""
"201900034490";"138 241 359";"A01";"0";"30";"0";"2";"8";"19";"0";""
"201900034491";"138 241 357";"A01";"3";"30";"12";"0";"1";"11";"1";""
"201900034492";"138 241 355";"B01";"2";"2";"14";"0";"1";"1";"1";""
"201900034492";"138 241 356";"A01";"3";"7";"15";"0";"5";"16";"1";""
"201900034493";"138 241 353";"A01";"1";"33";"0";"2";"1";"2";"1";""
"201900034493";"138 241 354";"Z01";"2";"7";"0";"2";"4";"15";"1";""
"201900034494";"138 241 351";"A01";"3";"2";"0";"2";"1";"1";"1";""
"201900034494";"138 241 352";"B01";"3";"3";"0";"2";"2";"1";"1";""
"201900034495";"138 241 349";"B01";"0";"34";"0";"2";"4";"1";"1";""
"201900034495";"138 241 350";"A01";"0";"7";"0";"2";"1";"12";"1";""
"201900034496";"138 241 347";"A01";"0";"7";"0";"2";"5";"15";"1";""
"201900034496";"138 241 348";"B01";"0";"32";"0";"2";"1";"1";"1";""
"201900034497";"138 241 345";"A01";"0";"7";"0";"2";"1";"15";"0";""
"201900034497";"138 241 346";"B01";"1";"7";"0";"2";"8";"9";"0";""
"201900034498";"138 241 343";"A01";"0";"7";"0";"2";"3";"15";"0";""
"201900034498";"138 241 344";"B01";"1";"2";"0";"2";"1";"2";"0";""
"201900034499";"138 241 341";"B01";"1";"2";"0";"2";"2";"1";"1";""
"201900034499";"138 241 342";"A01";"1";"7";"0";"2";"8";"15";"1";""
"201900034500";"138 241 339";"Z01";"0";"7";"0";"1";"1";"17";"0";""
"201900034500";"138 241 340";"B01";"3";"1";"0";"2";"4";"19";"5";""
"201900034501";"138 241 337";"B01";"1";"33";"0";"2";"4";"2";"1";""
"201900034501";"138 241 338";"A01";"1";"7";"0";"2";"1";"2";"1";""
"201900034502";"138 241 334";"B01";"0";"7";"0";"2";"2";"9";"1";""
"201900034502";"138 241 335";"C01";"0";"7";"0";"2";"1";"1";"1";""