"Num_Acc";"id_vehicule";"num_veh";"senc";"catv";"obs";"obsm";"choc";"manv";"motor";"occutc"
"201900034502";"138 241 336";"A01";"0";"32";"0";"2";"1";"1";"1";""
"201900034503";"138 241 332";"A01";"2";"7";"0";"2";"1";"5";"0";""
"201900034503";"138 241 333";"B01";"1";"7";"0";"2";"1";"0";"0";""
"201900034504";"138 241 331";"Z01";"2";"7";"0";"1";"1";"1";"0";""
"201900034505";"138 241 330";"A01";"3";"7";"0";"1";"1";"26";"1";""
"201900034506";"138 241 328";"A01";"1";"33";"0";"2";"5";"17";"1";""
"201900034506";"138 241 329";"B01";"1";"7";"0";"2";"3";"17";"1";""
"201900034507";"138 241 326";"B01";"2";"7";"0";"2";"4";"2";"1";""
"201900034507";"138 241 327";"A01";"2";"7";"0";"2";"1";"2";"1";""
"201900034508";"138 241 324";"B01";"2";"7";"0";"2";"1";"21";"1";""
"201900034508";"138 241 325";"A01";"1";"7";"0";"2";"1";"13";"1";""
"201900034509";"138 241 322";"Z01";"2";"30";"0";"2";"0";"0";"1";""
"201900034509";"138 241 323";"B01";"1";"30";"0";"2";"1";"1";"1";""
"201900034510";"138 241 320";"A01";"1";"33";"0";"2";"1";"17";"0";""
"201900034510";"138 241 321";"B01";"2";"37";"0";"2";"3";"1";"1";"1"
"201900034511";"138 241 318";"B01";"1";"7";"0";"2";"3";"26";"0";""
"201900034511";"138 241 319";"A01";"1";"2";"0";"2";"1";"26";"0";""
"201900034512";"138 241 317";"A01";"1";"32";"0";"0";"0";"0";"1";""
"201900034513";"138 241 315";"B01";"0";"3";"0";"2";"3";"15";"0";""
"201900034513";"138 241 316";"A01";"0";"32";"0";"2";"7";"17";"0";""
"201900034514";"138 241 313";"B01";"0";"1";"0";"2";"1";"1";"5";""
"201900034514";"138 241 314";"A01";"0";"7";"0";"6";"5";"16";"1";""
"201900034515";"138 241 311";"B01";"3";"7";"0";"2";"6";"1";"2";""
"201900034515";"138 241 312";"A01";"2";"34";"0";"2";"1";"1";"1";""
"201900034516";"138 241 309";"B01";"2";"7";"0";"0";"6";"15";"1";""
"201900034516";"138 241 310";"A01";"2";"2";"0";"2";"2";"21";"1";""
"201900034517";"138 241 307";"A01";"1";"7";"0";"2";"2";"1";"1";""
"201900034517";"138 241 308";"B01";"1";"7";"0";"2";"3";"9";"1";""
"201900034518";"138 241 306";"A01";"2";"0";"0";"1";"0";"0";"0";""
"201900034519";"138 241 304";"B01";"2";"7";"0";"0";"8";"15";"1";""
"201900034519";"138 241 305";"A01";"2";"32";"0";"2";"7";"3";"1";""
"201900034520";"138 241 302";"B01";"1";"7";"0";"2";"8";"15";"1";""
"201900034520";"138 241 303";"A01";"1";"2";"0";"2";"1";"3";"1";""
"201900034521";"138 241 301";"A01";"0";"7";"6";"0";"1";"19";"1";""
"201900034522";"138 241 299";"A01";"1";"31";"0";"2";"2";"17";"1";""
"201900034522";"138 241 300";"B01";"1";"7";"0";"2";"3";"15";"1";""
"201900034523";"138 241 297";"B01";"0";"32";"0";"0";"0";"0";"1";""
"201900034523";"138 241 298";"A01";"3";"7";"0";"2";"3";"15";"1";""
"201900034524";"138 241 294";"A01";"1";"7";"0";"2";"1";"1";"1";""
"201900034524";"138 241 295";"C01";"1";"7";"0";"1";"4";"23";"3";""
"201900034524";"138 241 296";"B01";"1";"7";"0";"2";"0";"1";"0";""
"201900034525";"138 241 292";"B01";"2";"32";"0";"2";"5";"1";"1";""
"201900034525";"138 241 293";"A01";"1";"7";"0";"2";"1";"15";"1";""
"201900034526";"138 241 288";"D01";"1";"7";"0";"2";"1";"2";"0";""
"201900034526";"138 241 289";"B01";"1";"7";"0";"2";"4";"2";"1";""
"201900034526";"138 241 290";"C01";"1";"7";"0";"0";"0";"0";"0";""
"201900034526";"138 241 291";"A01";"1";"7";"0";"2";"4";"2";"1";""
"201900034527";"138 241 285";"B01";"3";"7";"0";"0";"0";"16";"1";""
"201900034527";"138 241 286";"Z01";"0";"7";"0";"0";"0";"0";"1";""
"201900034527";"138 241 287";"C01";"3";"10";"0";"0";"3";"16";"1";""
"201900034528";"138 241 283";"B01";"1";"31";"0";"2";"7";"2";"1";""
"201900034528";"138 241 284";"A01";"1";"33";"0";"2";"8";"2";"1";""
"201900034529";"138 241 281";"A01";"3";"30";"0";"2";"5";"26";"1";""
"201900034529";"138 241 282";"B01";"3";"7";"0";"2";"5";"16";"1";""
"201900034530";"138 241 280";"A01";"1";"33";"0";"1";"1";"1";"1";""
"201900034531";"138 241 278";"A01";"0";"32";"0";"6";"8";"18";"1";""
"201900034531";"138 241 279";"B01";"0";"33";"0";"2";"8";"12";"1";""
"201900034532";"138 241 276";"B01";"3";"16";"0";"2";"6";"23";"1";""
"201900034532";"138 241 277";"A01";"3";"7";"0";"2";"2";"1";"1";""
"201900034533";"138 241 274";"B01";"0";"7";"0";"2";"0";"0";"0";""
"201900034533";"138 241 275";"A01";"2";"33";"0";"2";"0";"0";"0";""
"201900034534";"138 241 271";"B01";"2";"7";"0";"2";"1";"19";"1";""
"201900034534";"138 241 272";"C01";"1";"7";"0";"2";"1";"23";"1";""
"201900034534";"138 241 273";"A01";"2";"7";"0";"2";"9";"19";"1";""
"201900034535";"138 241 269";"B01";"3";"30";"0";"0";"4";"2";"1";""
"201900034535";"138 241 270";"A01";"3";"7";"0";"2";"2";"2";"1";""
"201900034536";"138 241 267";"B01";"2";"33";"0";"2";"8";"1";"1";""
"201900034536";"138 241 268";"A01";"1";"7";"0";"2";"1";"15";"3";""
"201900034537";"138 241 266";"A01";"1";"33";"12";"0";"1";"26";"1";""
"201900034538";"138 241 265";"A01";"1";"7";"0";"1";"7";"18";"0";""
"201900034539";"138 241 264";"A01";"1";"33";"0";"1";"1";"3";"1";""
"201900034540";"138 241 262";"B01";"0";"7";"0";"2";"3";"26";"1";""
"201900034540";"138 241 263";"A01";"1";"32";"0";"2";"1";"1";"0";""
"201900034541";"138 241 260";"B01";"1";"7";"0";"2";"3";"2";"1";""
"201900034541";"138 241 261";"A01";"1";"15";"0";"1";"2";"2";"1";""
"201900034542";"138 241 258";"B01";"2";"7";"0";"2";"8";"15";"0";""
"201900034542";"138 241 259";"A01";"2";"33";"0";"2";"1";"1";"0";""
"201900034543";"138 241 257";"A01";"1";"7";"0";"1";"1";"1";"1";""
"201900034544";"138 241 256";"A01";"1";"7";"8";"0";"3";"1";"1";""
"201900034545";"138 241 254";"A01";"2";"30";"0";"2";"2";"19";"1";""
"201900034545";"138 241 255";"B01";"1";"7";"0";"6";"3";"2";"1";""
"201900034546";"138 241 252";"B01";"1";"7";"0";"2";"2";"1";"1";""
"201900034546";"138 241 253";"A01";"1";"7";"0";"2";"1";"1";"1";""
"201900034547";"138 241 251";"A01";"2";"10";"0";"1";"4";"26";"6";""
"201900034548";"138 241 250";"A01";"1";"7";"0";"1";"2";"1";"1";""
"201900034549";"138 241 247";"B01";"2";"7";"0";"2";"4";"23";"1";""
"201900034549";"138 241 248";"C01";"3";"7";"0";"2";"1";"19";"1";""
"201900034549";"138 241 249";"A01";"2";"7";"0";"2";"1";"2";"1";""
"201900034550";"138 241 245";"A01";"0";"33";"0";"2";"7";"17";"0";""
"201900034550";"138 241 246";"B01";"0";"7";"0";"2";"8";"2";"0";""
"201900034551";"138 241 243";"B01";"0";"0";"0";"2";"8";"15";"0";""
"201900034551";"138 241 244";"A01";"2";"32";"0";"2";"1";"17";"1";""
"201900034552";"138 241 242";"A01";"1";"37";"0";"1";"2";"1";"1";"1"
"201900034553";"138 241 240";"B01";"2";"33";"0";"2";"7";"17";"1";""
"201900034553";"138 241 241";"A01";"2";"7";"0";"2";"8";"15";"1";""
"201900034554";"138 241 237";"A01";"1";"99";"0";"2";"1";"2";"1";""
"201900034554";"138 241 238";"C01";"1";"7";"0";"2";"1";"2";"1";""
"201900034554";"138 241 239";"B01";"1";"7";"0";"2";"4";"15";"1";""
"201900034555";"138 241 235";"B01";"1";"7";"0";"2";"5";"1";"1";""
"201900034555";"138 241 236";"A01";"1";"30";"0";"2";"8";"9";"1";""
"201900034556";"138 241 234";"A01";"1";"7";"0";"0";"1";"1";"1";""
"201900034557";"138 241 233";"A01";"0";"10";"0";"1";"7";"1";"1";""
"201900034558";"138 241 232";"A01";"0";"7";"0";"1";"2";"17";"1";""
"201900034559";"138 241 229";"A01";"3";"30";"0";"2";"1";"17";"1";""
"201900034559";"138 241 230";"B01";"3";"7";"0";"6";"0";"1";"1";""
"201900034559";"138 241 231";"C01";"3";"7";"0";"6";"0";"0";"1";""
"201900034560";"138 241 227";"B01";"1";"7";"0";"2";"3";"1";"1";""
"201900034560";"138 241 228";"A01";"2";"7";"0";"2";"3";"15";"1";""
"201900034561";"138 241 225";"Z01";"0";"7";"0";"0";"0";"0";"0";""
"201900034561";"138 241 226";"A01";"0";"7";"0";"2";"2";"1";"1";""
"201900034562";"138 241 223";"B01";"2";"7";"0";"2";"3";"1";"1";""
"201900034562";"138 241 224";"A01";"1";"30";"0";"2";"1";"1";"1";""
"201900034563";"138 241 222";"A01";"0";"50";"0";"1";"1";"0";"3";""
"201900034564";"138 241 221";"A01";"2";"7";"0";"1";"5";"26";"1";""
"201900034565";"138 241 220";"A01";"1";"7";"0";"1";"1";"16";"6";""
"201900034566";"138 241 219";"A01";"2";"7";"0";"2";"1";"14";"1";""
"201900034567";"138 241 218";"A01";"0";"14";"0";"1";"1";"0";"1";""
"201900034568";"138 241 217";"A01";"0";"7";"0";"1";"3";"1";"1";""
"201900034569";"138 241 215";"B01";"2";"50";"0";"2";"7";"1";"3";""
"201900034569";"138 241 216";"A01";"1";"3";"0";"6";"2";"16";"1";""
"201900034570";"138 241 212";"A01";"1";"33";"0";"1";"1";"3";"1";""
"201900034570";"138 241 213";"C01";"1";"7";"0";"2";"6";"0";"1";""
"201900034570";"138 241 214";"B01";"0";"33";"0";"2";"8";"23";"1";""
"201900034571";"138 241 211";"A01";"1";"7";"1";"1";"1";"1";"0";""
"201900034572";"138 241 210";"A01";"0";"32";"12";"1";"1";"21";"1";""
"201900034573";"138 241 208";"B01";"2";"7";"0";"1";"3";"1";"1";""
"201900034573";"138 241 209";"Z01";"1";"7";"0";"1";"1";"1";"1";""
"201900034574";"138 241 205";"B01";"2";"34";"0";"2";"2";"1";"1";""
"201900034574";"138 241 206";"C01";"2";"7";"0";"2";"4";"1";"1";""
"201900034574";"138 241 207";"A01";"1";"32";"14";"2";"5";"15";"1";""
"201900034575";"138 241 203";"A01";"1";"7";"9";"1";"1";"26";"1";""
"201900034576";"138 241 201";"A01";"2";"7";"0";"2";"3";"15";"1";""
"201900034576";"138 241 202";"B01";"1";"32";"0";"2";"8";"1";"1";""
"201900034577";"138 241 200";"A01";"3";"7";"0";"1";"3";"1";"1";""
"201900034578";"138 241 197";"B01";"1";"7";"0";"2";"3";"1";"1";""
"201900034578";"138 241 198";"C01";"2";"7";"0";"2";"1";"23";"1";""
"201900034578";"138 241 199";"A01";"2";"7";"0";"2";"1";"19";"1";""
"201900034579";"138 241 195";"A01";"3";"31";"0";"2";"1";"6";"1";""
"201900034579";"138 241 196";"B01";"3";"7";"0";"2";"2";"15";"1";""
"201900034580";"138 241 193";"B01";"2";"7";"0";"2";"1";"1";"1";""
"201900034580";"138 241 194";"A01";"2";"7";"0";"2";"8";"19";"1";""
"201900034581";"138 241 192";"A01";"2";"7";"4";"0";"3";"1";"1";""
"201900034582";"138 241 190";"B01";"1";"32";"0";"2";"2";"1";"1";""
"201900034582";"138 241 191";"A01";"1";"7";"0";"2";"3";"20";"1";""
"201900034583";"138 241 188";"A01";"1";"7";"0";"2";"1";"11";"1";""
"201900034583";"138 241 189";"B01";"2";"7";"0";"2";"1";"1";"1";""
"201900034584";"138 241 186";"A01";"2";"7";"0";"2";"7";"26";"1";""
"201900034584";"138 241 187";"B01";"1";"7";"0";"2";"1";"15";"1";""
"201900034585";"138 241 184";"B01";"1";"10";"0";"2";"7";"16";"1";""
"201900034585";"138 241 185";"A01";"1";"30";"0";"2";"8";"18";"1";""
"201900034586";"138 241 182";"A01";"0";"10";"0";"2";"3";"15";"6";""
"201900034586";"138 241 183";"B01";"0";"33";"0";"2";"1";"17";"0";""
"201900034587";"138 241 181";"A01";"3";"31";"4";"0";"1";"13";"1";""
"201900034588";"138 241 179";"A01";"3";"30";"0";"2";"3";"15";"1";""
"201900034588";"138 241 180";"B01";"3";"7";"0";"2";"1";"1";"1";""
"201900034589";"138 241 177";"A01";"2";"7";"0";"2";"2";"14";"0";""
"201900034589";"138 241 178";"B01";"2";"7";"0";"2";"2";"1";"1";""
"201900034590";"138 241 169";"C01";"1";"7";"0";"2";"1";"1";"1";""
"201900034590";"138 241 170";"B01";"1";"7";"4";"2";"6";"2";"1";""
"201900034590";"138 241 171";"A01";"1";"17";"0";"2";"2";"17";"1";""
"201900034591";"138 241 164";"B01";"3";"7";"0";"2";"1";"1";"1";""
"201900034591";"138 241 165";"A01";"3";"7";"0";"2";"1";"13";"1";""
"201900034592";"138 241 160";"A01";"1";"2";"0";"2";"1";"17";"1";""
"201900034592";"138 241 161";"B01";"1";"7";"0";"2";"6";"15";"1";""
"201900034593";"138 241 159";"A01";"1";"33";"0";"1";"1";"18";"1";""
"201900034594";"138 241 158";"A01";"1";"7";"0";"1";"3";"1";"1";""
"201900034595";"138 241 156";"B01";"1";"7";"0";"2";"3";"0";"1";""
"201900034595";"138 241 157";"A01";"2";"7";"0";"2";"3";"1";"1";""
"201900034596";"138 241 154";"B01";"3";"7";"0";"2";"3";"1";"1";""
"201900034596";"138 241 155";"A01";"3";"7";"0";"2";"3";"13";"1";""
"201900034597";"138 241 152";"B01";"0";"14";"0";"2";"3";"1";"1";""
"201900034597";"138 241 153";"A01";"0";"2";"0";"2";"1";"13";"1";""
"201900034598";"138 241 151";"A01";"1";"32";"0";"6";"0";"0";"1";""
"201900034599";"138 241 149";"B01";"3";"7";"0";"2";"1";"1";"1";""
"201900034599";"138 241 150";"A01";"3";"33";"0";"2";"1";"10";"1";""
"201900034600";"138 241 147";"A01";"1";"7";"0";"2";"1";"9";"1";""
"201900034600";"138 241 148";"B01";"1";"32";"0";"2";"1";"1";"1";""
"201900034601";"138 241 146";"A01";"1";"7";"8";"0";"0";"0";"1";""
"201900034602";"138 241 145";"A01";"2";"7";"2";"0";"0";"1";"1";""
"201900034603";"138 241 142";"C01";"1";"7";"0";"2";"1";"1";"1";""
"201900034603";"138 241 143";"A01";"2";"7";"0";"2";"2";"1";"1";""
"201900034603";"138 241 144";"B01";"2";"7";"0";"2";"1";"16";"1";""
"201900034604";"138 241 140";"B01";"2";"13";"0";"2";"4";"1";"1";""
"201900034604";"138 241 141";"A01";"2";"31";"0";"2";"1";"1";"1";""
"201900034605";"138 241 138";"B01";"2";"7";"0";"2";"1";"1";"1";""
"201900034605";"138 241 139";"A01";"2";"7";"0";"2";"3";"15";"1";""
"201900034606";"138 241 136";"A01";"0";"36";"0";"0";"0";"21";"1";""
"201900034606";"138 241 137";"A01";" -1";"7";"0";"0";"0";" -1";" -1";""
"201900034607";"138 241 134";"B01";"3";"7";"0";"2";"3";"1";"1";""
"201900034607";"138 241 135";"A01";"3";"7";"0";"2";"2";"1";"1";""
"201900034608";"138 241 133";"A01";"2";"7";"0";"1";"2";"1";"1";""
"201900034609";"138 241 131";"A01";"1";"7";"0";"2";"1";"2";"0";""
"201900034609";"138 241 132";"B01";"1";"7";"0";"2";"4";"2";"1";""
"201900034610";"138 241 129";"A01";"2";"31";"0";"0";"7";"21";"1";""
"201900034610";"138 241 130";"A01";"1";"7";"0";" -1";" -1";"1";" -1";""
"201900034611";"138 241 127";"B01";"1";"7";"0";"2";"6";"1";"1";""
"201900034611";"138 241 128";"A01";"1";"7";"0";"2";"1";"1";"1";""
"201900034612";"138 241 125";"B01";"3";"7";"0";"2";"4";"1";"1";""
"201900034612";"138 241 126";"A01";"3";"7";"0";"2";"1";"26";"1";""
"201900034613";"138 241 123";"A01";"1";"7";"0";"2";"0";"26";"1";""
"201900034613";"138 241 124";"B01";"1";"7";"0";"0";"0";"0";"1";""
"201900034614";"138 241 121";"A01";"2";"99";"0";"2";"3";"9";"1";""
"201900034614";"138 241 122";"B01";"2";"7";"0";"2";"6";"9";"1";""
"201900034615";"138 241 120";"A01";"2";"32";"14";"0";"1";"1";"1";""
"201900034616";"138 241 118";"A01";"2";"7";"0";"2";"3";"1";"1";""
"201900034616";"138 241 119";"B01";"3";"1";"0";"2";"1";"19";"0";""
"201900034617";"138 241 116";"B01";"3";"7";"0";"2";"6";"2";"1";""
"201900034617";"138 241 117";"A01";"3";"7";"0";"2";"2";"2";"1";""
"201900034618";"138 241 114";"B01";"2";"7";"0";"2";"1";"1";"1";""
"201900034618";"138 241 115";"A01";"2";"7";"0";"2";"7";"19";"1";""
"201900034619";"138 241 112";"B01";"2";"1";"0";"2";"1";"1";"0";""
"201900034619";"138 241 113";"A01";"1";"7";"0";"2";"2";"13";"1";""
"201900034620";"138 241 110";"A01";"2";"37";"0";"2";"8";"15";"1";"1"
"201900034620";"138 241 111";"B01";"2";"31";"0";"2";"2";"17";"1";""
"201900034621";"138 241 108";"A01";"1";"7";"0";"2";"1";"26";"1";""
"201900034621";"138 241 109";"B01";"1";"7";"0";"2";"4";"26";"1";""
"201900034622";"138 241 106";"B01";"1";"30";"1";"2";"1";"1";"1";""
"201900034622";"138 241 107";"A01";"1";"7";"0";"2";"2";"10";"1";""
"201900034623";"138 241 104";"A01";"1";"7";"0";"2";"1";"1";"1";""
"201900034623";"138 241 105";"B01";"1";"1";"0";"2";"4";"15";"5";""
"201900034624";"138 241 103";"A01";"0";"7";"0";"1";"1";"15";"1";""
"201900034625";"138 241 101";"A01";"1";"7";"0";"2";"3";"1";"1";""
"201900034625";"138 241 102";"B01";"1";"7";"0";"2";"5";"1";"1";""
"201900034626";"138 241 099";"A01";"2";"7";"0";"2";"7";"1";"1";""
"201900034626";"138 241 100";"B01";"2";"30";"0";"2";"1";"1";"1";""
"201900034627";"138 241 098";"A01";"1";"7";"0";"1";"1";"1";"1";""
"201900034628";"138 241 093";"A01";"1";"10";"0";"2";"1";"13";"0";""
"201900034628";"138 241 094";"B01";"2";"10";"0";"2";"1";"1";"0";""
"201900034629";"138 241 092";"A01";"1";"30";"11";"0";"1";"1";"1";""
"201900034630";"138 241 090";"B01";"0";"7";"0";"2";"1";"1";"1";""
"201900034630";"138 241 091";"A01";"0";"7";"0";"2";"1";"13";"1";""
"201900034631";"138 241 089";"A01";"3";"34";"0";"1";"7";"26";"1";""
"201900034632";"138 241 087";"B01";"0";"7";"0";"2";"1";"1";"1";""
"201900034632";"138 241 088";"A01";"0";"7";"0";"2";"1";"1";"1";""
"201900034633";"138 241 085";"A01";"2";"7";"0";"2";"1";"9";"1";""
"201900034633";"138 241 086";"B01";"1";"7";"0";"2";"7";"15";"1";""
"201900034634";"138 241 082";"A01";"3";"10";"0";"2";"1";"1";"1";""
"201900034634";"138 241 083";"B01";"3";"7";"0";"2";"4";"23";"1";""
"201900034634";"138 241 084";"C01";"3";"7";"0";"2";"4";"23";"1";""
"201900034635";"138 241 078";"A01";"3";"1";"0";"1";"8";"26";"5";""
"201900034636";"138 241 076";"A01";"2";"7";"0";"2";"3";"17";"6";""
"201900034636";"138 241 077";"B01";"1";"7";"0";"2";"3";"1";"6";""
"201900034637";"138 241 075";"A01";"2";"7";"0";"1";"1";"1";"1";""
"201900034638";"138 241 074";"A01";"3";"33";"14";"0";"1";"1";"1";""
"201900034639";"138 241 072";"A01";"2";"3";"0";"2";"1";"26";"1";""
"201900034639";"138 241 073";"B01";"2";"3";"0";"2";"6";"15";"1";""
"201900034640";"138 241 070";"B01";"2";"7";"0";"2";"8";"22";"1";""
"201900034640";"138 241 071";"A01";"2";"1";"1";"0";"1";"1";"5";""
"201900034641";"138 241 069";"A01";"3";"7";"0";"1";"7";"17";"1";""
"201900034642";"138 241 067";"A01";"2";"37";"0";"1";"2";"1";"1";"1"
"201900034643";"138 241 065";"A01";"1";"7";"0";"2";"2";"12";"1";""
"201900034643";"138 241 066";"B01";"1";"31";"0";"2";"6";"3";"1";""
"201900034644";"138 241 063";"B01";"1";"33";"4";"2";"1";"17";"1";""
"201900034644";"138 241 064";"A01";"1";"13";"0";"2";"8";"1";"1";""
"201900034645";"138 241 061";"A01";"1";"7";"0";"2";"1";"9";"1";""
"201900034645";"138 241 062";"B01";"1";"43";"0";"2";"1";"1";"1";""
"201900034646";"138 241 060";"Z01";"2";"7";"0";"1";"0";"1";"0";""
"201900034647";"138 241 058";"A01";"1";"33";"0";"2";"2";"17";"1";""
"201900034647";"138 241 059";"B01";"1";"10";"0";"2";"3";"15";"1";""
"201900034648";"138 241 056";"A01";"2";"7";"0";"2";"2";"1";"1";""
"201900034648";"138 241 057";"B01";"2";"7";"0";"2";"8";"1";"1";""
"201900034649";"138 241 054";"B01";"2";"43";"0";"2";"3";"16";"1";""
"201900034649";"138 241 055";"A01";"2";"7";"0";"2";"7";"1";"1";""
"201900034650";"138 241 053";"A01";"1";"7";"0";"0";"3";"21";"1";""
"201900034651";"138 241 051";"B01";"1";"33";"0";"2";"8";"16";"1";""
"201900034651";"138 241 052";"A01";"2";"7";"0";"2";"2";"15";"1";""
"201900034652";"138 241 049";"B01";"1";"7";"0";"2";"5";"15";"1";""
"201900034652";"138 241 050";"A01";"1";"33";"0";"2";"3";"2";"1";""
"201900034653";"138 241 047";"B01";"1";"30";"0";"2";"1";"1";"1";""
"201900034653";"138 241 048";"A01";"1";"7";"0";"2";"7";"15";"1";""
"201900034654";"138 241 045";"Z01";"1";"7";"0";"2";"1";"1";"1";""
"201900034654";"138 241 046";"A01";"2";"30";"0";"2";"3";"1";"1";""
"201900034655";"138 241 044";"A01";"2";"10";"0";"1";"2";"1";"1";""
"201900034656";"138 241 043";"Z01";"2";"7";"0";"1";"2";"1";"1";""
"201900034657";"138 241 041";"A01";"1";"33";"0";"2";"1";"15";"1";""
"201900034657";"138 241 042";"B01";"1";"7";"0";"2";"6";"17";"1";""
"201900034658";"138 241 039";"A01";"1";"33";"0";"2";"1";"2";"1";""
"201900034658";"138 241 040";"B01";"1";"33";"0";"2";"4";"2";"1";""
"201900034659";"138 241 037";"A01";"1";"10";"0";"2";"2";"1";"1";""
"201900034659";"138 241 038";"B01";"1";"32";"0";"2";"3";"1";"1";""
"201900034660";"138 241 036";"A01";"2";"13";"0";"1";"1";"15";"1";""
"201900034661";"138 241 034";"B01";"2";"32";"0";"2";"1";"1";"1";""
"201900034661";"138 241 035";"A01";"2";"7";"0";"2";"3";"22";"1";""
"201900034662";"138 241 033";"A01";"1";"30";"0";"1";"2";"1";"1";""
"201900034663";"138 241 032";"Z01";"1";"1";"0";"1";"1";"1";"5";""
"201900034664";"138 241 029";"A01";"1";"7";"0";"2";"1";"1";"1";""
"201900034664";"138 241 030";"B01";"1";"7";"0";"2";"4";"23";"1";""
"201900034664";"138 241 031";"C01";"1";"7";"0";"2";"4";"1";"1";""
"201900034665";"138 241 027";"A01";"3";"30";"0";"2";"3";"1";"0";""
"201900034665";"138 241 028";"B01";"3";"7";"0";"2";"3";"1";"1";""
"201900034666";"138 241 026";"A01";"1";"7";"0";"1";"1";"14";"1";""
"201900034667";"138 241 024";"A01";"3";"33";"0";"2";"1";"26";"1";""
"201900034667";"138 241 025";"B01";"3";"7";"0";"2";"2";"1";"1";""
"201900034668";"138 241 022";"B01";"0";"7";"0";"2";"4";"1";"0";""
"201900034668";"138 241 023";"A01";"0";"7";"0";"2";"1";"1";"0";""
"201900034669";"138 241 021";"A01";"1";"33";"14";"0";"1";"16";"1";""
"201900034670";"138 241 020";"A01";"1";"7";"0";"1";"1";"1";"1";""
"201900034671";"138 241 018";"B01";"1";"30";"0";"0";"0";"0";"0";""
"201900034671";"138 241 019";"A01";"1";"7";"0";"2";"3";"1";"1";""
"201900034672";"138 241 017";"A01";"2";"30";"14";"0";"0";"1";"0";""
"201900034673";"138 241 015";"A01";"1";"30";"0";"1";"1";"1";"0";""
"201900034674";"138 241 014";"A01";"2";"7";"0";"0";"1";"0";"1";""
"201900034675";"138 241 013";"A01";"1";"7";"15";"0";"8";"17";"1";""
"201900034676";"138 241 011";"B01";"2";"7";"3";"2";"1";"1";"1";""
"201900034676";"138 241 012";"A01";"2";"7";"3";"0";"4";"1";"1";""
"201900034677";"138 241 010";"A01";"2";"7";"13";"0";"1";"13";"0";""
"201900034678";"138 241 008";"B01";"2";"7";"0";"2";"3";"0";"1";""
"201900034678";"138 241 009";"A01";"1";"7";"0";"2";"3";"0";"1";""
"201900034679";"138 241 007";"A01";"2";"7";"0";"1";"1";"16";"1";""
"201900034680";"138 241 006";"A01";"1";"7";"0";"1";"1";"15";"1";""
"201900034681";"138 241 005";"A01";"1";"7";"4";"0";"2";"2";"1";""
"201900034682";"138 241 004";"A01";"1";"7";"0";"0";"0";"0";"0";""
"201900034683";"138 241 003";"A01";"2";"7";"0";"1";"2";"1";"0";""
"201900034684";"138 241 001";"A01";"2";"33";"0";"2";"2";"17";"1";""
"201900034684";"138 241 002";"B01";"2";"7";"0";"2";"6";"17";"1";""
"201900034685";"138 240 998";"C01";"2";"7";"0";"2";"4";"23";"1";""
"201900034685";"138 240 999";"B01";"2";"7";"1";"2";"4";"23";"1";""
"201900034685";"138 241 000";"A01";"2";"7";"1";"0";"1";"1";"1";""
"201900034686";"138 240 997";"A01";"1";"3";"8";"0";"2";"14";"1";""
"201900034687";"138 240 996";"A01";"2";"7";"13";"0";"3";"14";"0";""
"201900034688";"138 240 994";"B01";"1";"1";"0";"2";"5";"1";"5";""
"201900034688";"138 240 995";"A01";"1";"7";"0";"2";"7";"17";"0";""
"201900034689";"138 240 992";"A01";"3";"7";"0";"9";"3";"15";"0";""
"201900034689";"138 240 993";"B01";"3";"2";"0";"2";"1";"1";"0";""
"201900034690";"138 240 991";"A01";"1";"10";"13";"0";"1";"13";"1";""
"201900034691";"138 240 989";"B01";"1";"7";"0";"9";"1";"2";"1";""
"201900034691";"138 240 990";"A01";"1";"1";"0";"0";"4";"2";"5";""
"201900034692";"138 240 988";"A01";"1";"7";"0";"1";"2";"1";"1";""
"201900034693";"138 240 986";"B01";"1";"7";"0";"2";"3";"1";"1";""
"201900034693";"138 240 987";"A01";"2";"7";"0";"2";"3";"1";"1";""
"201900034694";"138 240 985";"A01";"0";"2";"14";"0";"1";"1";"1";""
"201900034695";"138 240 983";"A01";"1";"10";"0";"2";"2";"17";"1";""
"201900034695";"138 240 984";"B01";"2";"33";"1";"2";"1";"13";"1";""
"201900034696";"138 240 982";"A01";"1";"7";"0";"0";"0";"0";"1";""
"201900034697";"138 240 980";"B01";"2";"7";"0";"0";"1";"1";"1";""
"201900034697";"138 240 981";"A01";"1";"7";"0";"0";"1";"5";"1";""
"201900034698";"138 240 978";"B01";"1";"7";"0";"0";"6";"15";"1";""
"201900034698";"138 240 979";"A01";"1";"7";"0";"2";"1";"17";"1";""
"201900034699";"138 240 975";"C01";"2";"7";"0";"2";"3";"1";"1";""
"201900034699";"138 240 976";"B01";"2";"7";"0";"2";"3";"1";"1";""
"201900034699";"138 240 977";"A01";"1";"7";"0";"2";"3";"5";"1";""
"201900034700";"138 240 972";"A01";"2";"7";"0";"2";"6";"23";"0";""
"201900034700";"138 240 973";"B01";"2";"7";"0";"2";"1";"1";"0";""
"201900034700";"138 240 974";"C01";"1";"7";"13";"2";"1";"1";"0";""
"201900034701";"138 240 971";"A01";"3";"7";"0";"0";"7";"1";"1";""
"201900034702";"138 240 967";"D01";"2";"7";"0";"0";"4";"2";"1";""