"Num_Acc";"id_vehicule";"num_veh";"senc";"catv";"obs";"obsm";"choc";"manv";"motor";"occutc"
"201900035101";"138 240 156";"B01";"1";"7";"0";"2";"3";"2";"1";""
"201900035102";"138 240 153";"A01";"2";"7";"9";"2";"2";"15";"1";""
"201900035102";"138 240 154";"B01";"2";"33";"0";"2";"8";"1";"1";""
"201900035103";"138 240 151";"A01";"1";"7";"0";"2";"1";"2";"1";""
"201900035103";"138 240 152";"B01";"1";"7";"0";"2";"6";"23";"1";""
"201900035104";"138 240 148";"B01";"1";"7";"0";"2";"1";"2";"1";""
"201900035104";"138 240 149";"C01";"1";"10";"0";"2";"4";"2";"1";""
"201900035104";"138 240 150";"A01";"1";"7";"0";"2";"1";"2";"1";""
"201900035105";"138 240 145";"B01";"1";"7";"0";"2";"4";"2";"1";""
"201900035105";"138 240 146";"C01";"1";"7";"0";"0";"4";"26";"1";""
"201900035105";"138 240 147";"A01";"1";"7";"0";"2";"1";"1";"1";""
"201900035106";"138 240 143";"B01";"3";"33";"0";"2";"1";"2";"1";""
"201900035106";"138 240 144";"A01";"3";"10";"8";"2";"7";"15";"1";""
"201900035107";"138 240 141";"A01";"1";"7";"0";"2";"7";"15";"1";""
"201900035107";"138 240 142";"B01";"2";"7";"0";"2";"2";"26";"1";""
"201900035108";"138 240 139";"B01";"2";"7";"0";"2";"1";"16";"1";""
"201900035108";"138 240 140";"A01";"2";"7";"0";"2";"7";"1";"1";""
"201900035109";"138 240 137";"A01";"3";"1";"0";"2";"1";"19";"5";""
"201900035109";"138 240 138";"B01";"3";"7";"0";"2";"7";"2";"1";""
"201900035110";"138 240 136";"A01";"2";"30";"0";"0";"7";"0";"0";""
"201900035111";"138 240 135";"A01";"2";"2";"0";"0";"0";"2";"1";""
"201900035112";"138 240 134";"A01";"1";"7";"0";"1";"1";"0";"1";""
"201900035113";"138 240 133";"A01";"2";"10";"12";"0";"9";"13";"1";""
"201900035114";"138 240 131";"B01";"1";"7";"0";"2";"1";"0";"1";""
"201900035114";"138 240 132";"A01";"1";"32";"0";"2";"1";"0";"1";""
"201900035115";"138 240 129";"B01";"2";"7";"0";"2";"0";"0";"0";""
"201900035115";"138 240 130";"A01";"1";"7";"0";"2";"0";"2";"0";""
"201900035116";"138 240 127";"B01";"1";"7";"0";"2";"7";"1";"1";""
"201900035116";"138 240 128";"A01";"1";"32";"0";"2";"8";"26";"1";""
"201900035117";"138 240 125";"Y01";"2";"60";"0";"2";"5";"1";"5";""
"201900035117";"138 240 126";"Z01";"1";"7";"0";"1";"0";"0";"0";""
"201900035118";"138 240 122";"C01";"2";"7";"0";"2";"5";"1";"1";""
"201900035118";"138 240 123";"B01";"2";"7";"0";"2";"3";"9";"1";""
"201900035118";"138 240 124";"A01";"2";"33";"0";"2";"1";"1";"1";""
"201900035119";"138 240 121";"A01";"2";"7";"0";"1";"2";"16";"1";""
"201900035120";"138 240 119";"B01";"1";"7";"6";"2";"2";"1";"1";""
"201900035120";"138 240 120";"A01";"1";"7";"0";"2";"3";"19";"1";""
"201900035121";"138 240 117";"A01";"2";"7";"0";"2";"2";"16";"1";""
"201900035121";"138 240 118";"B01";"2";"99";"0";"2";"8";"16";"3";""
"201900035122";"138 240 115";"B01";"2";"50";"0";"2";"1";"1";"3";""
"201900035122";"138 240 116";"A01";"2";"50";"1";"2";"4";"1";"3";""
"201900035123";"138 240 114";"A01";"1";"7";"0";"1";"2";"1";"1";""
"201900035124";"138 240 112";"A01";"2";"7";"0";"2";"1";"2";"1";""
"201900035124";"138 240 113";"B01";"2";"7";"0";"2";"4";"23";"1";""
"201900035125";"138 240 110";"A01";"0";"1";"0";"2";"8";"26";"5";""
"201900035125";"138 240 111";"B01";"0";"1";"0";"0";"0";"0";"0";""
"201900035126";"138 240 108";"B01";"2";"7";"0";"2";"1";"15";"1";""
"201900035126";"138 240 109";"A01";"1";"1";"0";"2";"1";"5";"5";""
"201900035127";"138 240 107";"A01";"0";"1";"0";"0";"0";"25";"5";""
"201900035128";"138 240 105";"A01";"1";"7";"0";"2";"2";"11";"0";""
"201900035128";"138 240 106";"B01";"0";"32";"0";"0";"0";"0";"0";""
"201900035129";"138 240 103";"A01";"3";"7";"0";"2";"3";"26";"1";""
"201900035129";"138 240 104";"B01";"3";"7";"0";"2";"0";"0";"0";""
"201900035130";"138 240 101";"A01";"3";"7";"12";"2";"2";"2";"1";""
"201900035130";"138 240 102";"B01";"3";"1";"12";"2";"4";"2";"5";""
"201900035131";"138 240 099";"B01";"1";"10";"0";"2";"7";"15";"1";""
"201900035131";"138 240 100";"A01";"2";"33";"0";"2";"0";"26";"1";""
"201900035132";"138 240 098";"A01";"1";"7";"4";"0";"3";"1";"1";""
"201900035133";"138 240 097";"A01";"1";"30";"12";"0";"0";"26";"1";""
"201900035134";"138 240 096";"A01";"3";"1";"0";"1";"1";"18";"5";""
"201900035135";"138 240 094";"A01";"2";"33";"0";"2";"4";"23";"1";""
"201900035135";"138 240 095";"B01";"2";"7";"0";"2";"7";"1";"0";""
"201900035136";"138 240 093";"A01";"1";"7";"0";"1";"1";"16";"0";""
"201900035137";"138 240 092";"A01";"1";"7";"0";"1";"2";"1";"1";""
"201900035138";"138 240 090";"B01";"1";"7";"0";"2";"1";"1";"0";""
"201900035138";"138 240 091";"A01";"2";"2";"0";"2";"7";"1";"0";""
"201900035139";"138 240 089";"A01";"2";"7";"0";"1";"8";"1";"1";""
"201900035140";"138 240 087";"A01";"1";"10";"0";"2";"1";"26";"1";""
"201900035140";"138 240 088";"B01";"1";"10";"0";"2";"5";"1";"1";""
"201900035141";"138 240 085";"A01";"1";"3";"0";"2";"1";"1";"1";""
"201900035141";"138 240 086";"B01";"1";"7";"0";"2";"3";"2";"1";""
"201900035142";"138 240 083";"B01";"1";"33";"0";"2";"1";"1";"1";""
"201900035142";"138 240 084";"A01";"1";"7";"0";"2";"7";"12";"1";""
"201900035143";"138 240 081";"A01";"1";"33";"14";"2";"3";"5";"1";""
"201900035143";"138 240 082";"B01";"2";"7";"14";"2";"3";"1";"1";""
"201900035144";"138 240 079";"B01";"3";"7";"15";"2";"1";"15";"1";""
"201900035144";"138 240 080";"A01";"3";"7";"0";"2";"8";"9";"1";""
"201900035145";"138 240 078";"A01";"2";"7";"0";"1";"1";"26";"1";""
"201900035146";"138 240 077";"A01";"3";"37";"0";"1";"1";"19";"1";"1"
"201900035147";"138 240 075";"B01";"3";"2";"0";"2";"1";"0";"0";""
"201900035147";"138 240 076";"A01";"3";"10";"0";"2";"2";"10";"1";""
"201900035148";"138 240 073";"A01";"3";"33";"0";"2";"1";"26";"1";""
"201900035148";"138 240 074";"B01";"3";"7";"0";"0";"7";"15";"1";""
"201900035149";"138 240 071";"B01";"3";"7";"0";"2";"2";"1";"1";""
"201900035149";"138 240 072";"A01";"3";"10";"0";"2";"3";"6";"1";""
"201900035150";"138 240 070";"A01";"2";"30";"5";"0";"1";"25";"1";""
"201900035151";"138 240 069";"A01";"1";"10";"0";"1";"1";"15";"1";""
"201900035152";"138 240 068";"A01";"3";"7";"15";"2";"0";"14";"1";""
"201900035153";"138 240 066";"A01";"1";"7";"0";"1";"1";"20";"0";""
"201900035153";"138 240 067";"B01";"2";"80";"0";"2";"1";"1";"3";""
"201900035154";"138 240 065";"A01";"3";"10";"0";"1";"4";"0";"1";""
"201900035155";"138 240 063";"A01";"1";"7";"0";"2";"3";"15";"1";""
"201900035155";"138 240 064";"B01";"1";"32";"0";"2";"2";"17";"1";""
"201900035156";"138 240 061";"A01";"3";"7";"0";"2";"2";"15";"1";""
"201900035156";"138 240 062";"B01";"3";"32";"0";"2";"3";"1";"1";""
"201900035157";"138 240 059";"A01";"1";"30";"0";"9";"0";"0";"1";""
"201900035157";"138 240 060";"B01";"2";"32";"0";"2";"1";"1";"1";""
"201900035158";"138 240 057";"B01";"3";"10";"0";"2";"1";"1";"1";""
"201900035158";"138 240 058";"A01";"3";"10";"1";"2";"2";"9";"1";""
"201900035159";"138 240 056";"A01";"0";"37";"0";"1";"3";"26";"1";"1"
"201900035160";"138 240 055";"A01";"1";"10";"0";"1";"4";"26";"1";""
"201900035161";"138 240 053";"A01";"1";"14";"0";"2";"8";"3";"1";""
"201900035161";"138 240 054";"B01";"1";"10";"0";"2";"3";"9";"1";""
"201900035162";"138 240 052";"A01";"1";"7";"0";"1";"3";"1";"6";""
"201900035163";"138 240 049";"B01";"0";"7";"0";"2";"9";"7";"0";""
"201900035163";"138 240 050";"E01";"0";"7";"0";"9";"3";"15";"0";""
"201900035163";"138 240 051";"A01";"3";"7";"1";"2";"1";"1";"0";""
"201900035164";"138 240 047";"B01";"1";"1";"0";"0";"8";"26";"5";""
"201900035164";"138 240 048";"Z01";"1";"10";"0";"2";"1";"14";"1";""
"201900035165";"138 240 045";"Z01";"0";"7";"0";"0";"0";"0";"0";""
"201900035165";"138 240 046";"A01";"1";"2";"0";"2";"0";"0";"1";""
"201900035166";"138 240 043";"A01";"1";"7";"0";"2";"2";"12";"1";""
"201900035166";"138 240 044";"B01";"1";"7";"0";"0";"3";"0";"1";""
"201900035167";"138 240 041";"C01";"1";"33";"0";"0";"0";"0";"1";""
"201900035167";"138 240 042";"B01";"3";"7";"0";"0";"0";"0";"1";""
"201900035168";"138 240 037";"A01";"1";"7";"17";"0";"1";"17";"1";""
"201900035169";"138 240 035";"A01";"1";"1";"0";"0";"7";"26";"5";""
"201900035169";"138 240 036";"B01";"1";"7";"0";"2";"1";"9";"1";""
"201900035170";"138 240 033";"A01";"2";"7";"0";"2";"8";"15";"1";""
"201900035170";"138 240 034";"B01";"2";"7";"0";"2";"7";"17";"1";""
"201900035171";"138 240 031";"B01";"2";"33";"0";"2";"1";"17";"1";""
"201900035171";"138 240 032";"A01";"1";"7";"0";"2";"3";"1";"1";""
"201900035172";"138 240 029";"B01";"2";"7";"0";"2";"3";"1";"1";""
"201900035172";"138 240 030";"A01";"1";"10";"0";"2";"3";"13";"1";""
"201900035173";"138 240 027";"A01";"2";"7";"3";"2";"3";"13";"1";""
"201900035173";"138 240 028";"B01";"1";"7";"3";"2";"3";"1";"1";""
"201900035174";"138 240 023";"A01";"1";"7";"4";"2";"7";"17";"0";""
"201900035174";"138 240 024";"B01";"1";"7";"0";"2";"8";"1";"0";""
"201900035175";"138 240 021";"A01";"1";"30";"0";"2";"1";"1";"1";""
"201900035175";"138 240 022";"B01";"0";"7";"0";"2";"8";"16";"1";""
"201900035176";"138 240 020";"A01";"3";"7";"0";"1";"2";"13";"1";""
"201900035177";"138 240 018";"B01";"2";"1";"0";"0";"0";"1";"5";""
"201900035177";"138 240 019";"A01";"2";"2";"0";"0";"0";"2";"1";""
"201900035178";"138 240 017";"A01";"1";"7";"6";"0";"3";"1";"1";""
"201900035179";"138 240 016";"A01";"2";"7";"0";"0";"0";"1";"1";""
"201900035180";"138 240 013";"C01";"2";"7";"0";"2";"3";"1";"1";""
"201900035180";"138 240 014";"B01";"2";"7";"0";"2";"3";"1";"1";""
"201900035180";"138 240 015";"A01";"1";"7";"0";"2";"3";"13";"1";""
"201900035181";"138 240 011";"B01";"2";"7";"0";"2";"3";"1";"1";""
"201900035181";"138 240 012";"A01";"1";"7";"0";"2";"3";"13";"1";""
"201900035182";"138 240 009";"B01";"2";"7";"0";"2";"6";"15";"1";""
"201900035182";"138 240 010";"A01";"2";"2";"0";"2";"1";"17";"1";""
"201900035183";"138 240 008";"A01";"1";"7";"2";"0";"1";"1";"1";""
"201900035184";"138 240 007";"A01";"1";"7";"0";"0";"2";"1";"1";""
"201900035185";"138 240 005";"B01";"2";"7";"0";"9";"2";"1";"1";""
"201900035185";"138 240 006";"A01";"1";"1";"0";"2";"1";"5";"5";""
"201900035186";"138 240 004";"A01";"1";"7";"2";"0";"1";"14";"1";""
"201900035187";"138 240 003";"A01";"3";"7";"2";"0";"1";"13";"1";""
"201900035188";"138 240 002";"A01";"2";"33";"13";"0";"8";"1";"1";""
"201900035189";"138 240 001";"A01";"2";"7";"13";"0";"2";"14";"1";""
"201900035190";"138 239 998";"A01";"1";"7";"0";"2";"1";"2";"1";""
"201900035190";"138 239 999";"B01";"1";"10";"0";"0";"4";"1";"1";""
"201900035191";"138 239 997";"A01";"1";"7";"0";"1";"8";"16";"1";""
"201900035192";"138 239 995";"A01";"1";"7";"0";"2";"1";"11";"1";""
"201900035192";"138 239 996";"B01";"2";"13";"0";"2";"3";"1";"1";""
"201900035193";"138 239 994";"A01";"3";"7";"0";"1";"0";"26";"1";""
"201900035194";"138 239 993";"A01";"3";"7";"2";"0";"3";"1";"0";""
"201900035195";"138 239 991";"B01";"0";"7";"0";"2";"5";"24";"1";""
"201900035195";"138 239 992";"A01";"1";"7";"1";"0";"5";"4";"1";""
"201900035196";"138 239 989";"A01";"2";"10";"13";"0";"7";"1";"1";""
"201900035197";"138 239 987";"B01";"1";"7";"0";"2";"1";"1";"0";""
"201900035197";"138 239 988";"A01";"2";"7";"0";"2";"3";"13";"0";""
"201900035198";"138 239 985";"A01";"1";"7";"0";"2";"1";"17";"1";""
"201900035198";"138 239 986";"B01";"1";"7";"0";"2";"4";"15";"1";""
"201900035199";"138 239 983";"A01";"1";"7";"0";"2";"1";"13";"1";""
"201900035199";"138 239 984";"B01";"2";"7";"0";"2";"1";"1";"1";""
"201900035200";"138 239 982";"A01";"2";"7";"13";"0";"9";"13";"1";""
"201900035201";"138 239 981";"A01";"2";"15";"11";"0";"7";"6";"1";""
"201900035202";"138 239 978";"C01";"2";"10";"0";"2";"3";"23";"1";""
"201900035202";"138 239 979";"B01";"1";"2";"0";"2";"1";"13";"1";""
"201900035202";"138 239 980";"A01";"2";"7";"0";"2";"5";"15";"0";""
"201900035203";"138 239 976";"B01";"1";"1";"0";"0";"4";"13";"6";""
"201900035203";"138 239 977";"A01";"1";"7";"0";"9";"2";"1";"1";""
"201900035204";"138 239 975";"A01";"2";"33";"4";"0";"2";"1";"1";""
"201900035205";"138 239 974";"A01";"1";"10";"10";"0";"2";"14";"1";""
"201900035206";"138 239 969";"A01";"1";"7";"0";"2";"1";"2";"0";""
"201900035206";"138 239 970";"B01";"1";"7";"0";"2";"6";"2";"0";""
"201900035206";"138 239 971";"C01";"1";"7";"0";"0";"6";"2";"0";""
"201900035207";"138 239 968";"A01";"0";"7";"0";"1";"3";"0";"1";""
"201900035208";"138 239 966";"B01";"1";"7";"0";"2";"1";"1";"1";""
"201900035208";"138 239 967";"A01";"2";"33";"0";"2";"1";"17";"1";""
"201900035209";"138 239 964";"B01";"1";"7";"0";"0";"1";"17";"0";""
"201900035209";"138 239 965";"A01";"1";"7";"0";"0";"8";"15";"0";""
"201900035210";"138 239 963";"A01";"1";"7";"3";"0";"2";"14";"1";""
"201900035211";"138 239 962";"A01";"1";"7";"2";"0";"1";"13";"1";""
"201900035212";"138 239 961";"A01";"1";"7";"2";"0";"1";"0";"1";""
"201900035213";"138 239 960";"A01";"2";"7";"6";"0";"2";"1";"1";""
"201900035214";"138 239 958";"A01";"1";"7";"0";"2";"3";"15";"1";""
"201900035214";"138 239 959";"B01";"2";"7";"0";"2";"3";"1";"1";""
"201900035215";"138 239 957";"A01";"2";"7";"6";"0";"4";"2";"1";""
"201900035216";"138 239 955";"A01";"1";"7";"0";"1";"2";"1";"1";""
"201900035216";"138 239 956";"B01";"0";"99";"0";"2";"0";"22";"5";""
"201900035217";"138 239 953";"B01";"2";"7";"0";"2";"2";"1";"1";""
"201900035217";"138 239 954";"A01";"2";"2";"0";"2";"3";"9";"3";""
"201900035218";"138 239 952";"A01";"3";"7";"8";"0";"1";"0";"1";""
"201900035219";"138 239 951";"A01";"2";"7";"16";"0";"9";"1";"0";""
"201900035220";"138 239 949";"A01";"1";"7";"0";"9";"2";"9";"1";""
"201900035220";"138 239 950";"B01";"2";"1";"0";"2";"1";"5";"5";""
"201900035221";"138 239 947";"A01";"2";"2";"0";"2";"1";"1";"0";""
"201900035221";"138 239 948";"B01";"1";"13";"0";"2";"8";"1";"0";""
"201900035222";"138 239 944";"A01";"1";"7";"0";"2";"4";"1";"1";""
"201900035222";"138 239 945";"B01";"1";"7";"0";"2";"4";"1";"1";""
"201900035222";"138 239 946";"C01";"1";"7";"0";"2";"1";"1";"2";""
"201900035223";"138 239 942";"A01";"1";"7";"0";"2";"2";"12";"1";""
"201900035223";"138 239 943";"B01";"1";"33";"0";"2";"0";"0";"1";""
"201900035224";"138 239 939";"A01";"1";"7";"10";"0";"0";"1";"1";""
"201900035225";"138 239 936";"C01";"1";"10";"0";"2";"4";"1";"1";""
"201900035225";"138 239 937";"B01";"1";"33";"0";"2";"7";"3";"1";""
"201900035225";"138 239 938";"A01";"1";"7";"0";"2";"7";"11";"1";""
"201900035226";"138 239 934";"B01";"1";"33";"0";"2";"2";"1";"1";""
"201900035226";"138 239 935";"A01";"1";"7";"0";"2";"3";"11";"1";""
"201900035227";"138 239 932";"A01";"2";"7";"0";"2";"1";"2";"1";""
"201900035227";"138 239 933";"B01";"2";"7";"0";"2";"4";"2";"1";""
"201900035228";"138 239 930";"B01";"1";"10";"0";"2";"3";"2";"1";""
"201900035228";"138 239 931";"A01";"1";"7";"0";"2";"2";"2";"1";""
"201900035229";"138 239 927";"C01";"1";"7";"0";"2";"4";"23";"1";""
"201900035229";"138 239 928";"B01";"1";"7";"0";"2";"4";"23";"1";""
"201900035229";"138 239 929";"A01";"1";"7";"0";"2";"1";"1";"1";""
"201900035230";"138 239 925";"B01";"1";"31";"0";"2";"1";"1";"1";""
"201900035230";"138 239 926";"A01";"1";"7";"0";"2";"2";"12";"1";""
"201900035231";"138 239 923";"A01";"2";"33";"0";"2";"1";"21";"1";""
"201900035231";"138 239 924";"B01";"2";"7";"0";"2";"4";"0";"1";""
"201900035232";"138 239 921";"B01";"2";"43";"0";"2";"7";"3";"1";""
"201900035232";"138 239 922";"A01";"2";"7";"0";"2";"8";"11";"1";""
"201900035233";"138 239 920";"A01";"2";"32";"0";"0";"9";"21";"1";""
"201900035234";"138 239 917";"A01";"2";"31";"0";"2";"1";"3";"1";""
"201900035234";"138 239 918";"B01";"2";"31";"0";"2";"4";"3";"1";""
"201900035234";"138 239 919";"C01";"2";"7";"0";"2";"5";"1";"2";""
"201900035235";"138 239 915";"B01";"1";"17";"0";"2";"7";"12";"1";""
"201900035235";"138 239 916";"A01";"1";"7";"0";"2";"8";"1";"1";""
"201900035236";"138 239 913";"B01";"1";"7";"0";"2";"4";"2";"1";""
"201900035236";"138 239 914";"A01";"1";"7";"0";"2";"1";"2";"1";""
"201900035237";"138 239 911";"A01";"1";"13";"0";"2";"2";"12";"1";""
"201900035237";"138 239 912";"B01";"1";"7";"4";"2";"4";"1";"1";""
"201900035238";"138 239 907";"D01";"2";"99";"0";"2";"8";"1";"1";""
"201900035238";"138 239 908";"C01";"2";"7";"0";"2";"4";"1";"1";""
"201900035238";"138 239 909";"B01";"2";"31";"0";"2";"3";"1";"1";""
"201900035238";"138 239 910";"A01";"2";"7";"0";"2";"5";"12";"1";""
"201900035239";"138 239 905";"A01";"2";"17";"0";"0";"4";"1";"1";""
"201900035239";"138 239 906";"B01";"2";"15";"3";"2";"1";"2";"1";""
"201900035240";"138 239 903";"A01";"2";"33";"0";"2";"1";"3";"1";""
"201900035240";"138 239 904";"B01";"2";"33";"0";"2";"4";"3";"1";""
"201900035241";"138 239 897";"D01";"2";"7";"0";"2";"7";"2";"1";""
"201900035241";"138 239 898";"C01";"2";"15";"0";"2";"1";"2";"1";""
"201900035241";"138 239 899";"B01";"2";"15";"0";"2";"1";"2";"1";""
"201900035241";"138 239 900";"A01";"2";"7";"0";"2";"4";"1";"1";""
"201900035242";"138 239 894";"A01";"1";"7";"0";"2";"4";"11";"1";""
"201900035242";"138 239 895";"B01";"1";"33";"0";"2";"1";"3";"1";""
"201900035243";"138 239 891";"C01";"2";"7";"0";"2";"2";"21";"1";""
"201900035243";"138 239 892";"B01";"2";"7";"0";"2";"6";"26";"1";""
"201900035243";"138 239 893";"A01";"2";"7";"4";"0";"3";"13";"1";""
"201900035244";"138 239 889";"B01";"1";"7";"0";"2";"3";"1";"1";""
"201900035244";"138 239 890";"A01";"1";"7";"0";"2";"1";"1";"1";""
"201900035245";"138 239 887";"B01";"2";"1";"0";"2";"1";"1";"5";""
"201900035245";"138 239 888";"A01";"2";"7";"0";"0";"4";"23";"0";""
"201900035246";"138 239 884";"A01";"2";"7";"0";"2";"4";"23";"1";""
"201900035246";"138 239 885";"B01";"2";"7";"0";"2";"1";"1";"1";""
"201900035246";"138 239 886";"C01";"2";"10";"0";"2";"1";"1";"1";""
"201900035247";"138 239 882";"B01";"1";"7";"0";"2";"1";"1";"0";""
"201900035247";"138 239 883";"A01";"1";"7";"0";"2";"3";"9";"0";""
"201900035248";"138 239 879";"A01";"3";"7";"0";"2";"2";"2";"1";""
"201900035248";"138 239 880";"B01";"3";"7";"1";"2";"8";"20";"1";""
"201900035249";"138 239 876";"C01";"1";"10";"0";"2";"0";"0";"0";""
"201900035249";"138 239 877";"B01";"1";"10";"0";"2";"4";"0";"0";""
"201900035249";"138 239 878";"A01";"1";"10";"0";"2";"4";"2";"0";""
"201900035250";"138 239 875";"A01";"1";"30";"0";"1";"3";"19";"1";""
"201900035251";"138 239 872";"A01";"1";"7";"0";"2";"1";"26";"1";""
"201900035251";"138 239 873";"B01";"1";"7";"0";"2";"4";"1";"1";""
"201900035251";"138 239 874";"C01";"1";"7";"3";"2";"4";"1";"1";""
"201900035252";"138 239 870";"B01";"2";"2";"0";"2";"2";"17";"1";""
"201900035252";"138 239 871";"A01";"2";"7";"0";"2";"6";"20";"1";""
"201900035253";"138 239 868";"B01";"1";"7";"0";"2";"6";"2";"0";""
"201900035253";"138 239 869";"A01";"1";"7";"12";"2";"9";"3";"1";""
"201900035254";"138 239 866";"A01";"1";"34";"0";"2";"1";"19";"1";""
"201900035254";"138 239 867";"B01";"2";"7";"0";"2";"2";"19";"1";""
"201900035255";"138 239 864";"B01";"2";"7";"0";"2";"7";"16";"1";""
"201900035255";"138 239 865";"A01";"2";"32";"0";"2";"8";"3";"1";""
"201900035256";"138 239 862";"B01";"3";"31";"0";"2";"1";"1";"1";""
"201900035256";"138 239 863";"A01";"3";"7";"0";"2";"1";"1";"1";""
"201900035257";"138 239 861";"A01";"3";"0";"0";"1";"1";"26";"1";""
"201900035258";"138 239 859";"A01";"2";"7";"1";"2";"1";"14";"1";""
"201900035258";"138 239 860";"B01";"1";"7";"0";"2";"6";"0";"1";""
"201900035259";"138 239 857";"B01";"2";"7";"0";"2";"3";"15";"1";""
"201900035259";"138 239 858";"A01";"2";"2";"0";"2";"3";"15";"1";""
"201900035260";"138 239 855";"B01";"1";"32";"0";"2";"1";"2";"1";""
"201900035260";"138 239 856";"A01";"1";"7";"0";"2";"1";"16";"1";""
"201900035261";"138 239 853";"B01";"1";"2";"0";"2";"7";"11";"1";""
"201900035261";"138 239 854";"A01";"1";"7";"0";"2";"7";"15";"1";""
"201900035262";"138 239 852";"A01";"0";"10";"0";"1";"0";"20";"1";""
"201900035263";"138 239 850";"B01";"3";"7";"0";"2";"4";"1";"1";""
"201900035263";"138 239 851";"A01";"3";"7";"0";"2";"1";"1";"1";""
"201900035264";"138 239 847";"A01";"3";"7";"0";"1";"4";"4";"1";""
"201900035265";"138 239 844";"A01";"2";"7";"0";"2";"6";"26";"1";""
"201900035265";"138 239 845";"B01";"2";"2";"0";"2";"1";"2";"1";""
"201900035265";"138 239 846";"C01";"1";"7";"0";"2";"3";"1";"1";""
"201900035266";"138 239 843";"A01";"1";"7";"0";"1";"1";"1";"0";""
"201900035267";"138 239 841";"B01";"2";"7";"0";"2";"4";"26";"0";""
"201900035267";"138 239 842";"A01";"2";"7";"0";"2";"1";"0";"0";""
"201900035268";"138 239 837";"A01";"3";"7";"0";"2";"2";"0";"1";""
"201900035268";"138 239 838";"B01";"3";"7";"0";"2";"1";"0";"1";""
"201900035269";"138 239 835";"B01";"2";"7";"0";"2";"4";"2";"1";""
"201900035269";"138 239 836";"A01";"2";"33";"0";"2";"1";"2";"1";""
"201900035270";"138 239 834";"A01";"3";"7";"0";"1";"1";"0";"1";""
"201900035271";"138 239 832";"B01";"1";"33";"0";"2";"1";"1";"1";""
"201900035271";"138 239 833";"A01";"1";"7";"0";"2";"1";"15";"1";""
"201900035272";"138 239 831";"A01";"0";"7";"0";"2";"1";"1";"1";""
"201900035273";"138 239 825";"B01";"2";"7";"0";"2";"5";"1";"1";""
"201900035273";"138 239 826";"A01";"2";"7";"0";"2";"3";"9";"1";""
"201900035274";"138 239 823";"A01";"1";"7";"0";"1";"1";"1";"1";""
"201900035275";"138 239 822";"A01";"1";"7";"0";"1";"1";"1";"1";""
"201900035276";"138 239 820";"B01";"1";"7";"0";"2";"1";"1";"0";""
"201900035276";"138 239 821";"A01";"1";"30";"0";"2";"1";"13";"0";""
"201900035277";"138 239 818";"B01";"3";"32";"0";"2";"2";"17";"1";""
"201900035277";"138 239 819";"A01";"3";"7";"0";"2";"8";"10";"1";""
"201900035278";"138 239 817";"Z01";"1";"0";"0";"1";"0";"1";"0";""
"201900035279";"138 239 814";"C01";"1";"7";"0";"2";"1";"1";"1";""
"201900035279";"138 239 815";"B01";"1";"7";"0";"2";"4";"1";"1";""
"201900035279";"138 239 816";"A01";"1";"7";"0";"2";"4";"1";"1";""
"201900035280";"138 239 803";"A01";"2";"7";"0";"2";"1";"9";"1";""
"201900035280";"138 239 804";"B01";"2";"7";"0";"2";"7";"1";"1";""
"201900035281";"138 239 801";"A01";"1";"7";"0";"0";"0";"0";"0";""
"201900035281";"138 239 802";"B01";"1";"7";"0";"2";"4";"0";"0";""
"201900035282";"138 239 797";"A01";"1";"1";"0";"1";"1";"26";"5";""
"201900035283";"138 239 796";"A01";"1";"33";"0";"1";"1";"26";"0";""
"201900035284";"138 239 793";"A01";"2";"37";"0";"1";"1";"1";"1";"1"
"201900035285";"138 239 790";"C01";"3";"7";"0";"2";"5";"1";"1";""
"201900035285";"138 239 791";"B01";"3";"7";"0";"2";"4";"1";"1";""
"201900035285";"138 239 792";"A01";"3";"33";"0";"2";"1";"11";"1";""
"201900035286";"138 239 789";"A01";"1";"7";"0";"1";"1";"1";"1";""
"201900035287";"138 239 785";"B01";"1";"7";"0";"2";"4";"2";"1";""
"201900035287";"138 239 786";"A01";"1";"7";"0";"2";"1";"2";"1";""
"201900035288";"138 239 784";"A01";"0";"0";"0";"0";"0";"1";"0";""
"201900035289";"138 239 783";"A01";"1";"37";"0";"2";"7";"9";"1";"1"
"201900035290";"138 239 780";"C01";"3";"7";"0";"2";"5";"1";"0";""
"201900035290";"138 239 781";"B01";"3";"7";"0";"0";"4";"2";"0";""
"201900035290";"138 239 782";"A01";"3";"10";"0";"0";"2";"12";"0";""
"201900035291";"138 239 778";"B01";"3";"7";"0";"2";"1";"1";"1";""
"201900035291";"138 239 779";"A01";"3";"7";"0";"2";"3";"15";"1";""
"201900035292";"138 239 777";"A01";"1";"7";"0";"1";"2";"1";"1";""
"201900035293";"138 239 775";"A01";"1";"7";"0";"2";"2";"20";"1";""
"201900035293";"138 239 776";"B01";"1";"31";"0";"2";"1";"1";"1";""
"201900035294";"138 239 773";"A01";"1";"7";"0";"2";"3";"1";"1";""
"201900035294";"138 239 774";"B01";"2";"7";"0";"2";"2";"9";"1";""
"201900035295";"138 239 771";"A01";"2";"10";"0";"2";"1";"15";"1";""
"201900035295";"138 239 772";"B01";"2";"7";"0";"2";"1";"1";"1";""
"201900035296";"138 239 769";"B01";"1";"1";"0";"2";"1";"1";"5";""
"201900035296";"138 239 770";"A01";"2";"7";"0";"2";"0";"0";"1";""