"Num_Acc";"id_vehicule";"num_veh";"senc";"catv";"obs";"obsm";"choc";"manv";"motor";"occutc"
"201900035297";"138 239 768";"A01";"3";"7";"0";"1";"1";"1";"1";""
"201900035298";"138 239 766";"A01";"1";"33";"0";"2";"1";"2";"1";""
"201900035298";"138 239 767";"B01";"1";"7";"0";"2";"4";"2";"1";""
"201900035299";"138 239 764";"B01";"1";"33";"0";"2";"2";"1";"1";""
"201900035299";"138 239 765";"A01";"1";"7";"0";"2";"3";"15";"1";""
"201900035300";"138 239 763";"A01";"0";"32";"0";"1";"0";"0";"0";""
"201900035301";"138 239 762";"Z01";"1";"3";"0";"1";"0";"19";"0";""
"201900035302";"138 239 760";"B01";"1";"7";"0";"2";"2";"2";"1";""
"201900035302";"138 239 761";"A01";"1";"32";"0";"2";"1";"2";"1";""
"201900035303";"138 239 758";"A01";"2";"7";"8";"2";"2";"15";"1";""
"201900035303";"138 239 759";"B01";"2";"33";"8";"2";"1";"1";"1";""
"201900035304";"138 239 756";"B01";"2";"7";"0";"2";"0";"0";"1";""
"201900035304";"138 239 757";"A01";"3";"7";"0";"2";"0";"0";"0";""
"201900035305";"138 239 754";"A01";"1";"7";"0";"2";"3";"15";"1";""
"201900035305";"138 239 755";"B01";"1";"33";"0";"2";"1";"1";"1";""
"201900035306";"138 239 753";"A01";"1";"10";"0";"1";"2";"21";"0";""
"201900035307";"138 239 751";"B01";"2";"10";"0";"2";"1";"1";"1";""
"201900035307";"138 239 752";"A01";"1";"30";"0";"2";"1";"26";"1";""
"201900035308";"138 239 750";"A01";"1";"7";"0";"1";"1";"15";"0";""
"201900035309";"138 239 748";"A01";"2";"7";"0";"2";"1";"2";"1";""
"201900035309";"138 239 749";"B01";"2";"7";"0";"2";"4";"23";"1";""
"201900035310";"138 239 746";"A01";"1";"10";"0";"2";"2";"16";"1";""
"201900035310";"138 239 747";"B01";"1";"50";"0";"2";"1";"1";"3";""
"201900035311";"138 239 744";"B01";"1";"50";"0";"2";"7";"19";"3";""
"201900035311";"138 239 745";"A01";"1";"7";"0";"2";"1";"7";"1";""
"201900035312";"138 239 743";"A01";"1";"7";"0";"1";"0";"15";"1";""
"201900035313";"138 239 741";"B01";"2";"7";"0";"2";"3";"15";"1";""
"201900035313";"138 239 742";"A01";"2";"32";"0";"2";"2";"17";"1";""
"201900035314";"138 239 739";"A01";"2";"7";"0";"2";"2";"2";"1";""
"201900035314";"138 239 740";"B01";"2";"7";"0";"2";"6";"23";"2";""
"201900035315";"138 239 737";"B01";"2";"33";"0";"2";"1";"1";"1";""
"201900035315";"138 239 738";"A01";"1";"7";"0";"2";"1";"15";"1";""
"201900035316";"138 239 735";"B01";"2";"32";"0";"2";"1";"1";"1";""
"201900035316";"138 239 736";"A01";"1";"10";"0";"2";"5";"10";"1";""
"201900035317";"138 239 733";"A01";"2";"32";"0";"0";"1";"7";"1";""
"201900035317";"138 239 734";"B01";"2";"10";"0";"2";"7";"16";"1";""
"201900035318";"138 239 731";"B01";"1";"1";"0";"2";"1";"1";"5";""
"201900035318";"138 239 732";"A01";"1";"10";"0";"2";"3";"22";"1";""
"201900035319";"138 239 729";"B01";"2";"7";"0";"2";"3";"1";"2";""
"201900035319";"138 239 730";"A01";"1";"30";"0";"2";"6";"1";"1";""
"201900035320";"138 239 728";"A01";"1";"1";"0";"1";"1";"16";"5";""
"201900035321";"138 239 726";"A01";"2";"37";"0";"2";"2";"8";"1";"1"
"201900035321";"138 239 727";"B01";"2";"1";"0";"2";"2";"25";"5";""
"201900035322";"138 239 724";"B01";"2";"32";"0";"2";"3";"7";"1";""
"201900035322";"138 239 725";"A01";"2";"7";"0";"2";"5";"16";"1";""
"201900035323";"138 239 722";"B01";"2";"32";"0";"2";"1";"1";"1";""
"201900035323";"138 239 723";"A01";"1";"7";"0";"2";"3";"1";"1";""
"201900035324";"138 239 720";"B01";"2";"7";"0";"2";"2";"1";"1";""
"201900035324";"138 239 721";"A01";"1";"2";"0";"2";"1";"1";"1";""
"201900035325";"138 239 718";"A01";"1";"1";"0";"2";"1";"19";"0";""
"201900035325";"138 239 719";"B01";"1";"7";"0";"9";"4";"1";"1";""
"201900035326";"138 239 716";"A01";"2";"7";"0";"1";"3";"15";"1";""
"201900035326";"138 239 717";"B01";"3";"1";"0";"2";"1";"1";"5";""
"201900035327";"138 239 715";"A01";"1";"33";"0";"2";"3";"1";"1";""
"201900035328";"138 239 714";"A01";"1";"7";"0";"1";"2";"1";"1";""
"201900035329";"138 239 713";"A01";"1";"30";"0";"0";"7";"21";"1";""
"201900035330";"138 239 712";"A01";"2";"7";"0";"1";"1";"16";"1";""
"201900035331";"138 239 710";"B01";"1";"7";"0";"2";"4";"23";"1";""
"201900035331";"138 239 711";"A01";"1";"7";"0";"2";"1";"1";"1";""
"201900035332";"138 239 708";"B01";"2";"7";"0";"2";"4";"1";"1";""
"201900035332";"138 239 709";"A01";"2";"7";"0";"2";"1";"1";"1";""
"201900035333";"138 239 706";"A01";"2";"7";"0";"2";"3";"9";"1";""
"201900035333";"138 239 707";"B01";"2";"2";"0";"2";"1";"1";"1";""
"201900035334";"138 239 700";"B01";"1";"1";"0";"2";"1";"2";"0";""
"201900035334";"138 239 701";"A01";"1";"10";"0";"2";"2";"2";"1";""
"201900035335";"138 239 698";"A01";"3";"1";"0";"2";"2";"19";"5";""
"201900035335";"138 239 699";"B01";"1";"31";"0";"2";"3";"1";"1";""
"201900035336";"138 239 693";"B01";"1";"3";"0";"2";"4";"1";"1";""
"201900035336";"138 239 694";"A01";"1";"7";"0";"2";"4";"1";"1";""
"201900035337";"138 239 691";"Z01";"1";"7";"0";"2";"3";"11";"0";""
"201900035337";"138 239 692";"B01";"1";"33";"0";"0";"2";"21";"1";""
"201900035338";"138 239 690";"A01";"0";"10";"8";"0";"1";"14";"1";""
"201900035339";"138 239 689";"A01";"1";"7";"3";"0";"9";"13";"1";""
"201900035340";"138 239 688";"A01";"2";"7";"0";"6";"1";"26";"1";""
"201900035341";"138 239 686";"B01";"2";"7";"0";"2";"1";"1";"1";""
"201900035341";"138 239 687";"A01";"2";"7";"0";"2";"4";"1";"1";""
"201900035342";"138 239 685";"A01";"1";"7";"0";"1";"2";"1";"1";""
"201900035343";"138 239 684";"A01";"2";"7";"0";"6";"1";"1";"1";""
"201900035344";"138 239 681";"B01";"1";"7";"0";"6";"5";"15";"1";""
"201900035344";"138 239 682";"C01";"1";"7";"0";"6";"2";"2";"0";""
"201900035344";"138 239 683";"A01";"1";"33";"0";"2";"1";"17";"1";""
"201900035345";"138 239 679";"B01";"3";"7";"0";"2";"3";"2";"1";""
"201900035345";"138 239 680";"A01";"3";"1";"0";"2";"1";"16";"5";""
"201900035346";"138 239 678";"A01";"1";"32";"14";"0";"1";"1";"1";""
"201900035347";"138 239 676";"B01";"1";"7";"0";"2";"2";"1";"1";""
"201900035347";"138 239 677";"A01";"1";"33";"0";"2";"7";"1";"1";""
"201900035348";"138 239 674";"B01";"1";"31";"0";"2";"8";"15";"1";""
"201900035348";"138 239 675";"A01";"3";"99";"0";"2";"3";"15";"1";""
"201900035349";"138 239 672";"Z01";"3";"7";"0";"2";"1";"0";"0";""
"201900035349";"138 239 673";"B01";"1";"1";"0";"2";"1";"1";"5";""
"201900035350";"138 239 670";"A01";"1";"30";"0";"2";"1";"17";"1";""
"201900035350";"138 239 671";"B01";"1";"7";"0";"2";"8";"15";"1";""
"201900035351";"138 239 668";"A01";"1";"7";"0";"2";"1";"9";"1";""
"201900035351";"138 239 669";"B01";"1";"1";"0";"2";"7";"19";"5";""
"201900035352";"138 239 666";"A01";"2";"7";"0";"6";"8";"26";"1";""
"201900035352";"138 239 667";"B01";"1";"1";"0";"2";"1";"15";"0";""
"201900035353";"138 239 664";"A01";"3";"30";"0";"2";"2";"13";"1";""
"201900035353";"138 239 665";"B01";"3";"7";"0";"0";"0";"0";"1";""
"201900035354";"138 239 662";"A01";"1";"7";"0";"2";"8";"1";"1";""
"201900035354";"138 239 663";"B01";"1";"7";"0";"2";"5";"14";"0";""
"201900035355";"138 239 660";"B01";"1";"7";"0";"2";"7";"16";"1";""
"201900035355";"138 239 661";"A01";"1";"30";"0";"2";"8";"18";"1";""
"201900035356";"138 239 659";"A01";"1";"37";"0";"1";"7";"1";"3";"1"
"201900035357";"138 239 658";"A01";"3";"7";"0";"1";"0";"0";"0";""
"201900035358";"138 239 656";"A01";"1";"7";"0";"2";"1";"19";"1";""
"201900035358";"138 239 657";"B01";"1";"7";"0";"2";"7";"1";"1";""
"201900035359";"138 239 654";"A01";"1";"30";"0";"2";"0";"0";"0";""
"201900035359";"138 239 655";"B01";"2";"7";"0";"2";"3";"13";"1";""
"201900035360";"138 239 652";"B01";"1";"31";"0";"2";"7";"1";"1";""
"201900035360";"138 239 653";"A01";"1";"7";"0";"2";"8";"20";"1";""
"201900035361";"138 239 651";"A01";"1";"7";"1";"0";"9";"14";"1";""
"201900035362";"138 239 643";"A01";"1";"7";"0";"2";"1";"2";"1";""
"201900035362";"138 239 644";"B01";"1";"7";"0";"2";"4";"2";"1";""
"201900035363";"138 239 631";"A01";"2";"10";"0";"1";"5";"4";"1";""
"201900035364";"138 239 630";"A01";"1";"7";"0";"1";"3";"1";"1";""
"201900035365";"138 239 629";"A01";"1";"7";"9";"0";"1";"16";"1";""
"201900035366";"138 239 626";"C01";"1";"10";"0";"2";"1";"2";"1";""
"201900035366";"138 239 627";"A01";"1";"10";"0";"1";"3";"15";"1";""
"201900035366";"138 239 628";"B01";"2";"10";"0";"2";"3";"2";"1";""
"201900035367";"138 239 624";"B01";"3";"10";"0";"2";"6";"0";"1";""
"201900035367";"138 239 625";"A01";"3";"7";"0";"2";"2";"2";"1";""
"201900035368";"138 239 621";"B01";"1";"7";"0";"2";"4";"2";"1";""
"201900035368";"138 239 622";"C01";"1";"7";"0";"2";"4";"2";"1";""
"201900035368";"138 239 623";"A01";"1";"7";"0";"2";"1";"2";"1";""
"201900035369";"138 239 620";"Z01";"0";"99";"0";"1";"6";"26";"0";""
"201900035370";"138 239 619";"A01";"3";"7";"15";"0";"3";"9";"1";""
"201900035371";"138 239 618";"A01";"3";"7";"0";"1";"7";"1";"6";""
"201900035372";"138 239 616";"B01";"0";"7";"0";"2";"3";"15";"1";""
"201900035372";"138 239 617";"A01";"0";"30";"0";"2";"0";"17";"1";""
"201900035373";"138 239 614";"B01";"2";"43";"0";"2";"1";"1";"1";""
"201900035373";"138 239 615";"A01";"1";"7";"0";"2";"1";"15";"1";""
"201900035374";"138 239 609";"A01";"1";"7";"0";"1";"1";"1";"1";""
"201900035375";"138 239 604";"A01";"1";"34";"0";"1";"0";"26";"1";""
"201900035376";"138 239 601";"A01";"1";"33";"0";"2";"3";"2";"1";""
"201900035376";"138 239 602";"C01";"1";"10";"0";"2";"2";"1";"1";""
"201900035376";"138 239 603";"B01";"1";"33";"0";"2";"6";"1";"0";""
"201900035377";"138 239 600";"A01";"2";"7";"1";"0";"1";"17";"1";""
"201900035378";"138 239 598";"B01";"1";"7";"0";"2";"6";"1";"1";""
"201900035378";"138 239 599";"A01";"2";"7";"8";"2";"1";"17";"1";""
"201900035379";"138 239 597";"A01";"3";"7";"0";"1";"3";"16";"5";""
"201900035380";"138 239 596";"A01";"1";"34";"0";"0";"0";"13";"1";""
"201900035381";"138 239 595";"A01";"1";"7";"2";"0";"6";"13";"1";""
"201900035382";"138 239 594";"A01";"3";"7";"9";"6";"1";"26";"1";""
"201900035383";"138 239 592";"A01";"1";"7";"0";"2";"1";"26";"6";""
"201900035383";"138 239 593";"B01";"1";"7";"0";"2";"4";"2";"1";""
"201900035384";"138 239 590";"B01";"2";"1";"0";"2";"1";"19";"5";""
"201900035384";"138 239 591";"A01";"1";"10";"0";"2";"8";"1";"1";""
"201900035385";"138 239 588";"A01";"3";"7";"0";"2";"1";"11";"1";""
"201900035385";"138 239 589";"B01";"3";"30";"0";"2";"7";"1";"1";""
"201900035386";"138 239 587";"A01";"2";"7";"1";"0";"2";"1";"1";""
"201900035387";"138 239 585";"A01";"3";"7";"0";"2";"1";"2";"1";""
"201900035387";"138 239 586";"B01";"3";"33";"0";"2";"4";"23";"1";""
"201900035388";"138 239 582";"A01";"1";"7";"0";"2";"1";"2";"1";""
"201900035388";"138 239 583";"C01";"1";"7";"0";"2";"4";"2";"1";""
"201900035388";"138 239 584";"B01";"1";"7";"0";"2";"4";"2";"1";""
"201900035389";"138 239 581";"A01";"1";"7";"0";"1";"1";"1";"1";""
"201900035390";"138 239 579";"A01";"1";"7";"9";"1";"9";"26";"1";""
"201900035391";"138 239 578";"A01";"1";"7";"0";"1";"3";"1";"1";""
"201900035392";"138 239 577";"A01";"3";"7";"0";"1";"1";"1";"1";""
"201900035393";"138 239 576";"A01";"2";"7";"0";"1";"1";"1";"1";""
"201900035394";"138 239 575";"A01";"2";"7";"0";"1";"2";"16";"1";""
"201900035395";"138 239 573";"B01";"1";"7";"0";"2";"7";"1";"0";""
"201900035395";"138 239 574";"A01";"1";"7";"0";"2";"1";"13";"0";""
"201900035396";"138 239 568";"A01";"2";"32";"0";"2";"2";"17";"1";""
"201900035396";"138 239 569";"B01";"2";"7";"0";"2";"3";"15";"1";""
"201900035397";"138 239 567";"A01";"3";"7";"0";"1";"1";"15";"1";""
"201900035398";"138 239 565";"A01";"1";"7";"0";"6";"7";"12";"1";""
"201900035398";"138 239 566";"B01";"1";"2";"0";"2";"3";"26";"1";""
"201900035399";"138 239 563";"A01";"1";"2";"0";"2";"1";"1";"1";""
"201900035399";"138 239 564";"B01";"1";"10";"0";"2";"6";"1";"1";""
"201900035400";"138 239 561";"C01";"0";"7";"0";"2";"1";"1";"1";""
"201900035400";"138 239 562";"B01";"0";"7";"0";"2";"4";"1";"1";""
"201900035401";"138 239 559";"B01";"2";"33";"0";"2";"8";"1";"1";""
"201900035401";"138 239 560";"A01";"1";"7";"0";"2";"3";"15";"1";""
"201900035402";"138 239 557";"A01";"1";"7";"0";"2";"8";"10";"1";""
"201900035402";"138 239 558";"B01";"1";"30";"0";"2";"0";"1";"1";""
"201900035403";"138 239 547";"A01";"3";"7";"0";"1";"2";"26";"6";""
"201900035404";"138 239 546";"A01";"2";"7";"13";"0";"1";"19";"0";""
"201900035405";"138 239 544";"A01";"1";"7";"9";"0";"2";"14";"1";""
"201900035406";"138 239 540";"A01";"2";"7";"0";"2";"2";"1";"1";""
"201900035406";"138 239 541";"B01";"2";"50";"0";"2";"4";"1";"3";""
"201900035407";"138 239 538";"B01";"2";"7";"0";"2";"1";"1";"1";""
"201900035407";"138 239 539";"A01";"2";"7";"0";"2";"4";"23";"1";""
"201900035408";"138 239 536";"A01";"1";"31";"0";"2";"1";"1";"1";""
"201900035408";"138 239 537";"B01";"1";"7";"0";"2";"7";"15";"1";""
"201900035409";"138 239 534";"A01";"3";"7";"0";"2";"3";"15";"1";""
"201900035409";"138 239 535";"B01";"3";"7";"0";"2";"1";"1";"1";""
"201900035410";"138 239 532";"A01";"3";"7";"0";"1";"2";"15";"1";""
"201900035411";"138 239 531";"A01";"3";"7";"13";"0";"1";"1";"1";""
"201900035412";"138 239 530";"A01";"1";"2";"0";"5";"1";"1";"1";""
"201900035413";"138 239 529";"A01";"2";"7";"2";"0";"2";"14";"1";""
"201900035414";"138 239 528";"A01";"1";"7";"0";"1";"2";"16";"1";""
"201900035415";"138 239 526";"B01";"1";"7";"0";"2";"4";"2";"1";""
"201900035415";"138 239 527";"A01";"1";"10";"0";"2";"1";"2";"1";""
"201900035416";"138 239 524";"B01";"1";"7";"0";"2";"1";"1";"1";""
"201900035416";"138 239 525";"A01";"1";"10";"0";"2";"8";"1";"1";""
"201900035417";"138 239 523";"A01";"3";"7";"0";"1";"2";"15";"1";""
"201900035418";"138 239 519";"B01";"2";"99";"0";"2";"7";"15";" -1";""
"201900035418";"138 239 520";"A01";"1";"99";"0";"2";"1";"1";" -1";""
"201900035419";"138 239 517";"B01";"2";"7";"0";"2";"4";"1";" -1";""
"201900035419";"138 239 518";"A01";"1";"7";"0";"2";"1";"1";" -1";""
"201900035420";"138 239 516";"Z01";"1";"7";"0";"1";"0";"15";"1";""
"201900035421";"138 239 515";"A01";"1";"14";"0";"1";"2";"1";"1";""
"201900035422";"138 239 513";"B01";"2";"1";"0";"2";"3";"19";"5";""
"201900035422";"138 239 514";"A01";"1";"7";"0";"2";"3";"15";"1";""
"201900035423";"138 239 512";"A01";"1";"7";"1";"0";"1";"14";"1";""
"201900035424";"138 239 510";"B01";"1";"7";"0";"2";"4";"2";"1";""
"201900035424";"138 239 511";"A01";"1";"7";"0";"2";"1";"2";"1";""
"201900035425";"138 239 508";"B01";"1";"7";"0";"2";"4";"9";"1";""
"201900035425";"138 239 509";"A01";"2";"33";"0";"2";"1";"9";"1";""
"201900035426";"138 239 506";"B01";"3";"7";"0";"2";"3";"1";"1";""
"201900035426";"138 239 507";"A01";"0";"2";"0";"2";"2";"5";"1";""
"201900035427";"138 239 505";"A01";"0";"7";"0";"1";"1";"1";"1";""
"201900035428";"138 239 504";"A01";"3";"7";"0";"1";"1";"1";"1";""
"201900035429";"138 239 501";"B01";"3";"7";"0";"2";"4";"2";"1";""
"201900035429";"138 239 502";"C01";"3";"7";"0";"2";"4";"2";"1";""
"201900035429";"138 239 503";"A01";"3";"7";"0";"2";"1";"2";"1";""
"201900035430";"138 239 500";"A01";"1";"7";"0";"1";"2";"16";"1";""
"201900035431";"138 239 498";"B01";"3";"31";"0";"2";"2";"1";"1";""
"201900035431";"138 239 499";"A01";"3";"7";"0";"2";"1";"16";"1";""
"201900035432";"138 239 497";"A01";"2";"7";"0";"1";"1";"1";"1";""
"201900035433";"138 239 492";"A01";"2";"7";"0";"2";"1";"1";"1";""
"201900035433";"138 239 493";"C01";"2";"7";"0";"2";"4";"1";"1";""
"201900035433";"138 239 494";"B01";"2";"7";"0";"2";"4";"1";"1";""
"201900035434";"138 239 490";"A01";"1";"7";"0";"2";"1";"26";"0";""
"201900035434";"138 239 491";"B01";"2";"7";"0";"2";"2";"2";"0";""
"201900035435";"138 239 487";"C01";"1";"7";"0";"2";"1";"23";"1";""
"201900035435";"138 239 488";"B01";"1";"7";"0";"2";"1";"1";"1";""
"201900035435";"138 239 489";"A01";"2";"7";"0";"2";"3";"15";"1";""
"201900035436";"138 239 486";"A01";"1";"7";"0";"1";"1";"15";"6";""
"201900035437";"138 239 485";"A01";"3";"7";"0";"1";"1";"16";"1";""
"201900035438";"138 239 484";"A01";"1";"7";"0";"1";"2";"26";"1";""
"201900035439";"138 239 483";"A01";"1";"7";"0";"1";"1";"15";"1";""
"201900035440";"138 239 481";"B01";"1";"1";"0";"0";"0";"0";"5";""
"201900035440";"138 239 482";"A01";"1";"7";"0";"2";"1";"9";"1";""
"201900035441";"138 239 477";"B01";"1";"7";"0";"2";"1";"1";"0";""
"201900035441";"138 239 478";"A01";"2";"1";"0";"2";"7";"19";"5";""
"201900035442";"138 239 475";"C01";" -1";"1";"1";"0";" -1";" -1";"5";""
"201900035442";"138 239 476";"B01";" -1";"7";"0";"0";"5";"24";"1";""
"201900035443";"138 239 473";"A01";"0";"7";"14";"0";"1";"2";"0";""
"201900035443";"138 239 474";"B01";"0";"7";"0";"0";"4";"2";"0";""
"201900035444";"138 239 471";"B01";"3";"7";"0";"2";"1";"1";"1";""
"201900035444";"138 239 472";"A01";"3";"7";"0";"2";"2";"1";"1";""
"201900035445";"138 239 469";"A01";"3";"7";"0";"2";"1";"2";"1";""
"201900035445";"138 239 470";"B01";"3";"7";"0";"6";"4";"2";"1";""
"201900035446";"138 239 466";"A01";"1";"7";"0";"2";"1";"1";"1";""
"201900035446";"138 239 467";"C01";"1";"7";"0";"0";"4";"1";"1";""
"201900035446";"138 239 468";"B01";"1";"7";"0";"2";"4";"1";"1";""
"201900035447";"138 239 465";"A01";"1";"7";"0";"1";"2";"16";"1";""
"201900035448";"138 239 464";"A01";"0";"33";"0";"0";"0";"0";"1";""
"201900035449";"138 239 463";"A01";"3";"3";"0";"1";"4";"4";"1";""
"201900035450";"138 239 462";"A01";"1";"7";"0";"1";"1";"1";"0";""
"201900035451";"138 239 461";"A01";"3";"7";"2";"0";"1";"26";"1";""
"201900035452";"138 239 460";"A01";"1";"7";"0";"1";"1";"1";"6";""
"201900035453";"138 239 459";"A01";"1";"1";"1";"0";"1";"1";"5";""
"201900035454";"138 239 457";"B01";"1";"7";"0";"2";"1";"1";"1";""
"201900035454";"138 239 458";"A01";"1";"2";"0";"2";"1";"1";"1";""
"201900035455";"138 239 453";"D01";"3";"7";"0";"2";"6";"26";"0";""
"201900035455";"138 239 454";"C01";"2";"7";"0";"2";"4";"26";"1";""
"201900035455";"138 239 455";"B01";"2";"7";"0";"2";"7";"26";"1";""
"201900035455";"138 239 456";"A01";"2";"14";"0";"2";"3";"26";"1";""
"201900035456";"138 239 452";"A01";"2";"2";"0";"0";"0";"1";"1";""
"201900035457";"138 239 451";"A01";"2";"7";"0";"1";"1";"1";"1";""
"201900035458";"138 239 449";"B01";"3";"7";"0";"2";"1";"9";"1";""
"201900035458";"138 239 450";"A01";"0";"7";"0";"2";"3";"1";"1";""
"201900035459";"138 239 447";"A01";"1";"7";"0";"2";"1";"9";"1";""
"201900035459";"138 239 448";"B01";"3";"1";"0";"2";"8";"1";"5";""
"201900035460";"138 239 446";"A01";"1";"37";"0";"1";"7";"1";"1";"1"
"201900035461";"138 239 445";"A01";"3";"10";"8";"0";"1";"16";"1";""
"201900035462";"138 239 442";"B01";"3";"1";"0";"2";"3";"2";"5";""
"201900035462";"138 239 443";"A01";"3";"14";"0";"2";"2";"1";"1";""
"201900035463";"138 239 440";"B01";"3";"1";"0";"2";"1";"1";" -1";""
"201900035463";"138 239 441";"A01";"3";"7";"0";"2";"1";"1";" -1";""
"201900035464";"138 239 436";"B01";"1";"7";"0";"2";"3";"15";"1";""
"201900035464";"138 239 437";"A01";"1";"33";"0";"2";"1";"17";"1";""
"201900035465";"138 239 431";"A01";"3";"10";"0";"2";"1";"2";"1";""
"201900035465";"138 239 432";"B01";"3";"7";"0";"2";"4";"2";"0";""
"201900035466";"138 239 429";"A01";"2";"7";"4";"0";"3";"1";"1";""
"201900035467";"138 239 428";"A01";"2";"7";"0";"1";"1";"1";"1";""
"201900035468";"138 239 427";"A01";"1";"7";"4";"0";"1";"1";"1";""
"201900035469";"138 239 425";"B01";"1";"7";"0";"2";"2";"1";"1";""
"201900035469";"138 239 426";"A01";"1";"32";"0";"2";"7";"18";"1";""
"201900035470";"138 239 423";"A01";"3";"1";"0";"2";"1";"2";"5";""
"201900035470";"138 239 424";"B01";"3";"7";"0";"2";"4";"1";"1";""
"201900035471";"138 239 422";"A01";"1";"7";"0";"1";"2";"20";"1";""
"201900035472";"138 239 420";"B01";"2";"7";"1";"2";"1";"1";"1";""
"201900035472";"138 239 421";"A01";"2";"7";"0";"2";"2";"1";"1";""
"201900035473";"138 239 418";"B01";"1";"7";"0";"2";"4";"2";"1";""
"201900035473";"138 239 419";"A01";"3";"30";"0";"2";"1";"2";"1";""
"201900035474";"138 239 416";"B01";"1";"31";"0";"2";"5";"1";"1";""
"201900035474";"138 239 417";"A01";"1";"7";"0";"2";"3";"13";"1";""
"201900035475";"138 239 415";"A01";"1";"7";"0";"0";"2";"1";"1";""
"201900035476";"138 239 414";"A01";"2";"7";"13";"0";"3";"26";"1";""
"201900035477";"138 239 412";"B01";"3";"7";"9";"2";"1";"1";"1";""
"201900035477";"138 239 413";"A01";"3";"7";"0";"2";"3";"16";"1";""
"201900035478";"138 239 409";"B01";"2";"7";"0";"2";"4";"2";"1";""
"201900035478";"138 239 410";"C01";"1";"10";"0";"2";"4";"2";"1";""
"201900035478";"138 239 411";"A01";"2";"7";"0";"2";"1";"2";"1";""
"201900035479";"138 239 403";"A01";"2";"10";"0";"2";"1";"2";"1";""
"201900035479";"138 239 404";"C01";"2";"7";"0";"2";"4";"2";"1";""
"201900035479";"138 239 405";"B01";"2";"7";"0";"2";"4";"1";"1";""
"201900035480";"138 239 402";"A01";"1";"7";"0";"1";"1";"26";"1";""
"201900035481";"138 239 400";"B01";"0";"1";"0";"2";"1";"1";"5";""
"201900035481";"138 239 401";"A01";"0";"7";"0";"2";"8";"9";"1";""
"201900035482";"138 239 399";"A01";"1";"32";"14";"0";"0";"26";"1";""
"201900035483";"138 239 397";"A01";"2";"7";"0";"0";"0";"0";"0";""
"201900035483";"138 239 398";"B01";"2";"31";"0";"2";"8";"1";"1";""
"201900035484";"138 239 395";"B01";"3";"7";"0";"2";"6";"9";"1";""
"201900035484";"138 239 396";"A01";"1";"14";"0";"2";"2";"1";"1";""
"201900035485";"138 239 393";"A01";"1";"7";"0";"2";"6";"1";"1";""
"201900035485";"138 239 394";"B01";"1";"7";"0";"2";"2";"1";"1";""
"201900035486";"138 239 391";"B01";"1";"1";"0";"2";"1";"1";"5";""
"201900035486";"138 239 392";"A01";"2";"7";"0";"2";"2";"15";"1";""
"201900035487";"138 239 389";"B01";"1";"14";"0";"2";"4";"1";"1";""
"201900035487";"138 239 390";"A01";"1";"7";"0";"2";"1";"26";"1";""
"201900035488";"138 239 387";"A01";"1";"2";"0";"2";"1";"17";"1";""
"201900035488";"138 239 388";"B01";"3";"7";"0";"2";"8";"10";"1";""
"201900035489";"138 239 385";"B01";"2";"7";"0";"2";"4";"23";"1";""
"201900035489";"138 239 386";"A01";"2";"30";"0";"2";"1";"2";"1";""
"201900035490";"138 239 384";"A01";"2";"0";"0";"1";"1";"1";"0";""
"201900035491";"138 239 383";"A01";"2";"32";"0";"0";"0";"26";"1";""
"201900035492";"138 239 382";"A01";"0";"2";"5";"0";"1";"16";"1";""
"201900035493";"138 239 381";"A01";"3";"7";"9";"0";"0";"1";"1";""
"201900035494";"138 239 378";"A01";"1";"2";"0";"0";"8";"1";"1";""
"201900035494";"138 239 379";"B01";"1";"7";"0";"0";"0";"1";"1";""
"201900035495";"138 239 375";"A01";"2";"7";"0";"2";"2";"13";"1";""
"201900035495";"138 239 376";"B01";"1";"7";"0";"2";"1";"1";"1";""
"201900035495";"138 239 377";"C01";"1";"7";"0";"2";"1";"1";"1";""
"201900035496";"138 239 373";"B01";"2";"7";"0";"2";"2";"16";"1";""
"201900035496";"138 239 374";"A01";"3";"7";"0";"2";"3";"15";"1";""
"201900035497";"138 239 372";"A01";"2";"7";"2";"0";"2";"1";"1";""
"201900035498";"138 239 370";"A01";"1";"14";"0";"2";"7";"15";"1";""
"201900035498";"138 239 371";"B01";"2";"31";"0";"2";"0";"21";"1";""
"201900035499";"138 239 368";"A01";"1";"7";"0";"2";"1";"13";"1";""
"201900035499";"138 239 369";"B01";"2";"7";"0";"2";"1";"1";"1";""
"201900035500";"138 239 366";"A01";"3";"21";"0";"2";"6";"15";"1";""
"201900035500";"138 239 367";"B01";"3";"33";"0";"2";"1";"17";"1";""
"201900035501";"138 239 364";"B01";"1";"7";"9";"2";"8";"1";"1";""
"201900035501";"138 239 365";"A01";"3";"7";"7";"2";"1";"19";"1";""
"201900035502";"138 239 362";"B01";"1";"7";"0";"2";"1";"1";"1";""
"201900035502";"138 239 363";"A01";"2";"7";"0";"2";"1";"5";"1";""
"201900035503";"138 239 360";"B01";"1";"14";"0";"2";"3";"1";"1";""
"201900035503";"138 239 361";"A01";"2";"7";"0";"2";"1";"13";"1";""
"201900035504";"138 239 358";"B01";"2";"7";"0";"2";"6";"15";"1";""
"201900035504";"138 239 359";"A01";"2";"7";"0";"2";"1";"17";"1";""
"201900035505";"138 239 356";"B01";"1";"21";"0";"0";"4";"15";"1";""
"201900035505";"138 239 357";"A01";"1";"33";"0";"2";"1";"1";"1";""