"Num_Acc";"id_vehicule";"num_veh";"senc";"catv";"obs";"obsm";"choc";"manv";"motor";"occutc"
"201900035506";"138 239 355";"A01";"3";"36";"0";"5";"1";"0";"1";""
"201900035507";"138 239 353";"B01";"2";"7";"0";"2";"1";"1";"1";""
"201900035507";"138 239 354";"A01";"1";"7";"0";"2";"3";"13";"1";""
"201900035508";"138 239 351";"B01";"2";"1";"0";"0";"0";"1";"5";""
"201900035508";"138 239 352";"A01";"2";"17";"0";"0";"0";"17";"1";""
"201900035509";"138 239 349";"B01";"1";"1";"0";"2";"1";"1";"5";""
"201900035509";"138 239 350";"A01";"2";"7";"0";"9";"1";"15";"1";""
"201900035510";"138 239 347";"A01";"2";"15";"0";"0";"4";"17";"6";""
"201900035510";"138 239 348";"B01";"2";"7";"0";"2";"1";"17";"6";""
"201900035511";"138 239 346";"A01";"1";"7";"10";"0";"2";"0";"1";""
"201900035512";"138 239 345";"A01";"1";"2";"0";"0";"7";"1";"6";""
"201900035513";"138 239 344";"A01";"1";"10";"5";"0";"8";"1";"1";""
"201900035514";"138 239 339";"A01";"1";"7";"0";"1";"3";"16";"1";""
"201900035515";"138 239 337";"A01";"2";"7";"0";"9";"7";"16";"1";""
"201900035515";"138 239 338";"B01";"2";"1";"0";"2";"8";"1";"5";""
"201900035516";"138 239 336";"A01";"2";"7";"0";"0";"0";"0";"1";""
"201900035517";"138 239 335";"A01";"1";"33";"0";"0";"0";"1";"1";""
"201900035518";"138 239 334";"A01";"1";"7";"0";"1";"3";"1";"2";""
"201900035519";"138 239 333";"A01";"2";"33";"0";"0";"1";"1";"1";""
"201900035520";"138 239 331";"B01";"2";"15";"0";"2";"2";"1";"0";""
"201900035520";"138 239 332";"A01";"2";"3";"0";"0";"3";"15";"0";""
"201900035521";"138 239 329";"A01";"2";"10";"0";"2";"3";"1";"1";""
"201900035521";"138 239 330";"B01";"1";"1";"0";"2";"3";"13";"5";""
"201900035522";"138 239 328";"A01";"1";"7";"16";"0";"2";"1";"1";""
"201900035523";"138 239 326";"A01";"3";"7";"0";"1";"1";"15";"1";""
"201900035524";"138 239 325";"A01";"1";"33";"16";"0";"1";"0";"0";""
"201900035525";"138 239 324";"A01";"3";"2";"12";"0";"0";"0";"0";""
"201900035526";"138 239 322";"B01";"3";"7";"0";"2";"1";"1";"1";""
"201900035526";"138 239 323";"A01";"3";"38";"0";"2";"3";"1";"1";"1"
"201900035527";"138 239 320";"A01";"1";"7";"1";"2";"1";"10";"0";""
"201900035527";"138 239 321";"B01";"2";"33";"0";"2";"1";"1";"0";""
"201900035528";"138 239 318";"B01";"2";"7";"0";"2";"4";"23";"0";""
"201900035528";"138 239 319";"A01";"2";"7";"1";"0";"1";"1";"1";""
"201900035529";"138 239 316";"B01";"1";"7";"0";"2";"2";"2";"1";""
"201900035529";"138 239 317";"A01";"1";"7";"0";"2";"6";"11";"1";""
"201900035530";"138 239 315";"A01";"2";"33";"3";"0";"3";"11";"1";""
"201900035531";"138 239 314";"A01";"2";"7";"4";"0";"3";"0";"1";""
"201900035532";"138 239 312";"B01";"2";"7";"0";"2";"6";"1";"1";""
"201900035532";"138 239 313";"A01";"2";"7";"0";"2";"2";"12";"1";""
"201900035533";"138 239 310";"A01";"1";"33";"0";"2";"1";"1";"1";""
"201900035533";"138 239 311";"B01";"1";"7";"0";"2";"4";"1";"1";""
"201900035534";"138 239 308";"A01";"1";"7";"0";"2";"2";"1";"1";""
"201900035534";"138 239 309";"B01";"1";"30";"0";"2";"4";"1";"1";""
"201900035535";"138 239 307";"A01";"1";"7";"0";"6";"1";"1";"1";""
"201900035536";"138 239 306";"A01";"3";"7";"4";"0";"1";"21";"1";""
"201900035537";"138 239 304";"A01";"3";"99";"0";"2";"8";"19";"0";""
"201900035537";"138 239 305";"B01";"1";"7";"0";"2";"2";"1";"0";""
"201900035538";"138 239 302";"B01";"2";"32";"0";"0";"0";"2";"1";""
"201900035538";"138 239 303";"A01";"1";"7";"0";"0";"0";"15";"1";""
"201900035539";"138 239 300";"A01";"3";"7";"0";"2";"7";"15";"1";""
"201900035539";"138 239 301";"B01";"3";"7";"0";"2";"1";"1";"1";""
"201900035540";"138 239 299";"A01";"1";"7";"0";"1";"1";"15";"1";""
"201900035541";"138 239 297";"B01";"1";"7";"0";"2";"5";"2";"1";""
"201900035541";"138 239 298";"A01";"1";"32";"0";"2";"1";"2";"1";""
"201900035542";"138 239 293";"B01";"3";"80";"0";"2";"1";"1";"3";""
"201900035542";"138 239 294";"A01";"3";"7";"0";"2";"1";"17";"1";""
"201900035543";"138 239 289";"Z01";"3";"7";"0";"2";"1";"1";"0";""
"201900035543";"138 239 290";"A01";"2";"7";"0";"2";"7";"1";"1";""
"201900035544";"138 239 288";"A01";"1";"7";"0";"1";"4";"20";"1";""
"201900035545";"138 239 283";"B01";"2";"7";"0";"2";"3";"1";"1";""
"201900035545";"138 239 284";"A01";"1";"30";"0";"2";"3";"13";"1";""
"201900035546";"138 239 281";"A01";"2";"7";"0";"2";"1";"1";"1";""
"201900035546";"138 239 282";"B01";"2";"7";"0";"2";"4";"1";"1";""
"201900035547";"138 239 280";"A01";"1";"7";"0";"1";"1";"1";"1";""
"201900035548";"138 239 278";"B01";"1";"33";"0";"2";"1";"1";"1";""
"201900035548";"138 239 279";"A01";"2";"7";"0";"2";"2";"15";"1";""
"201900035549";"138 239 276";"A01";"2";"50";"0";"2";"0";"0";"3";""
"201900035549";"138 239 277";"B01";"2";"7";"0";"2";"1";"1";"1";""
"201900035550";"138 239 275";"A01";"2";"7";"0";"0";"9";"0";"1";""
"201900035551";"138 239 273";"A01";"1";"7";"0";"1";"3";"1";"1";""
"201900035551";"138 239 274";"B01";"3";"7";"0";"1";"3";"23";"1";""
"201900035552";"138 239 270";"B01";"0";"7";"0";"2";"1";"0";"0";""
"201900035552";"138 239 271";"C01";"0";"7";"0";"2";"3";"0";"0";""
"201900035552";"138 239 272";"A01";"0";"7";"0";"2";"1";"26";"6";""
"201900035553";"138 239 267";"C01";"2";"7";"0";"0";"4";"2";"1";""
"201900035553";"138 239 268";"B01";"2";"7";"0";"2";"4";"2";"1";""
"201900035553";"138 239 269";"A01";"2";"7";"0";"2";"1";"2";"1";""
"201900035554";"138 239 265";"A01";"1";"7";"0";"2";"4";"26";"1";""
"201900035554";"138 239 266";"B01";"2";"7";"0";"2";"4";"1";"1";""
"201900035555";"138 239 263";"A01";"1";"7";"0";"2";"2";"17";"1";""
"201900035555";"138 239 264";"B01";"1";"7";"0";"2";"8";"15";"1";""
"201900035556";"138 239 261";"A01";"3";"7";"0";"2";"3";"2";"1";""
"201900035556";"138 239 262";"B01";"3";"2";"0";"2";"4";"2";"1";""
"201900035557";"138 239 259";"A01";"2";"7";"0";"2";"5";"15";"1";""
"201900035557";"138 239 260";"B01";"1";"7";"0";"2";"1";"1";"1";""
"201900035558";"138 239 258";"A01";"1";"7";"11";"0";"1";"1";"1";""
"201900035559";"138 239 252";"A01";"3";"7";"0";"2";"2";"16";"1";""
"201900035559";"138 239 253";"B01";"3";"50";"0";"2";"7";"19";"3";""
"201900035560";"138 239 251";"A01";"3";"30";"0";"0";"0";"1";"1";""
"201900035561";"138 239 247";"A01";"2";"30";"0";"2";"2";"17";"1";""
"201900035561";"138 239 248";"B01";"2";"38";"0";"2";"1";"9";"1";"1"
"201900035562";"138 239 245";"B01";"1";"34";"0";"2";"3";"1";"1";""
"201900035562";"138 239 246";"A01";"1";"7";"0";"2";"6";"15";"1";""
"201900035563";"138 239 243";"A01";"1";"30";"0";"2";"7";"1";"1";""
"201900035563";"138 239 244";"B01";"2";"7";"0";"2";"1";"1";"1";""
"201900035564";"138 239 242";"A01";"2";"7";"0";"1";"1";"1";"1";""
"201900035565";"138 239 240";"A01";"2";"7";"0";"2";"1";"15";"1";""
"201900035565";"138 239 241";"B01";"1";"30";"0";"2";"1";"1";"1";""
"201900035566";"138 239 238";"B01";"1";"17";"0";"2";"1";"1";"1";""
"201900035566";"138 239 239";"A01";"2";"7";"0";"2";"1";"13";"1";""
"201900035567";"138 239 236";"B01";"2";"7";"0";"2";"3";"1";"0";""
"201900035567";"138 239 237";"A01";"1";"7";"0";"2";"1";"13";"0";""
"201900035568";"138 239 235";"A01";"1";"33";"3";"0";"1";"1";"1";""
"201900035569";"138 239 233";"B01";"1";"30";"0";"2";"7";"5";"1";""
"201900035569";"138 239 234";"A01";"1";"7";"0";"2";"1";"10";"1";""
"201900035570";"138 239 231";"A01";"1";"7";"0";"2";"2";"15";"1";""
"201900035570";"138 239 232";"B01";"2";"43";"0";"2";"3";"1";"1";""
"201900035571";"138 239 228";"C01";"1";"10";"0";"2";"8";"1";"1";""
"201900035571";"138 239 229";"B01";"1";"30";"0";"2";"1";"2";"1";""
"201900035571";"138 239 230";"A01";"1";"7";"0";"2";"5";"2";"1";""
"201900035572";"138 239 227";"A01";"1";"7";"0";"1";"3";"15";"1";""
"201900035573";"138 239 225";"B01";"1";"7";"5";"0";"4";"2";"0";""
"201900035573";"138 239 226";"A01";"1";"99";"5";"0";"0";"0";"0";""
"201900035574";"138 239 223";"A01";"0";"3";"0";"2";"1";"11";"1";""
"201900035574";"138 239 224";"B01";"3";"3";"1";"0";"0";"0";"0";""
"201900035575";"138 239 222";"A01";"2";"32";"0";"2";"7";"1";"1";""
"201900035576";"138 239 220";"C01";"1";"3";"0";"2";"2";"1";"1";""
"201900035576";"138 239 221";"A01";"1";"32";"1";"2";"1";"0";"1";""
"201900035577";"138 239 218";"A01";"2";"32";"0";"2";"1";"1";"1";""
"201900035577";"138 239 219";"B01";"1";"20";"0";"2";"1";"15";"1";""
"201900035578";"138 239 217";"A01";"1";"7";"0";"1";"1";"16";"3";""
"201900035579";"138 239 215";"B01";"2";"31";"0";"2";"2";"1";"0";""
"201900035579";"138 239 216";"A01";"1";"7";"0";"2";"3";"1";"0";""
"201900035580";"138 239 213";"A01";"3";"7";"0";"2";"1";"26";"1";""
"201900035580";"138 239 214";"B01";"3";"7";"0";"2";"1";"0";"1";""
"201900035581";"138 239 211";"B01";"2";"1";"0";"2";"8";"0";"0";""
"201900035581";"138 239 212";"A01";"2";"7";"0";"9";"7";"13";"0";""
"201900035582";"138 239 210";"A01";"3";"1";"0";"0";"0";"1";"5";""
"201900035583";"138 239 207";"A01";"1";"7";"13";"0";"3";"1";"6";""
"201900035584";"138 239 206";"A01";"1";"7";"8";"0";"7";"0";"1";""
"201900035585";"138 239 204";"B01";"0";"33";"0";"2";"1";"12";"0";""
"201900035585";"138 239 205";"A01";"0";"7";"0";"2";"6";"11";"0";""
"201900035586";"138 239 202";"A01";"2";"7";"0";"0";"6";"15";"1";""
"201900035586";"138 239 203";"B01";"2";"33";"0";"2";"1";"2";"1";""
"201900035587";"138 239 201";"A01";"2";"31";"2";"0";"1";"1";"1";""
"201900035588";"138 239 199";"A01";"2";"7";"0";"2";"3";"1";"1";""
"201900035588";"138 239 200";"B01";"1";"33";"0";"2";"1";"13";"1";""
"201900035589";"138 239 198";"A01";"2";"7";"6";"0";"1";"13";"1";""
"201900035590";"138 239 197";"A01";"1";"7";"14";"9";"7";"26";"6";""
"201900035591";"138 239 195";"B01";"3";"7";"0";"2";"3";"1";"1";""
"201900035591";"138 239 196";"A01";"3";"1";"0";"2";"1";"1";"5";""
"201900035592";"138 239 193";"B01";"1";"15";"0";"0";"6";"24";"1";""
"201900035592";"138 239 194";"A01";"2";"7";"1";"0";"1";"2";"1";""
"201900035593";"138 239 191";"A01";"2";"7";"0";"2";"1";"1";"1";""
"201900035593";"138 239 192";"B01";"2";"7";"0";"2";"2";"19";"1";""
"201900035594";"138 239 190";"A01";"2";"7";"13";"0";"2";"1";"1";""
"201900035595";"138 239 189";"A01";"2";"7";"13";"0";"2";"14";"1";""
"201900035596";"138 239 187";"A01";"2";"2";"2";"0";"1";"1";"1";""
"201900035597";"138 239 185";"A01";"3";"7";"0";"2";"3";"5";"1";""
"201900035597";"138 239 186";"B01";"0";"33";"0";"2";"3";"1";"1";""
"201900035598";"138 239 182";"A01";"1";"7";"0";"2";"3";"1";"6";""
"201900035598";"138 239 183";"B01";"2";"17";"0";"2";"3";"1";"6";""
"201900035599";"138 239 181";"A01";"1";"32";"0";"0";"0";"0";"1";""
"201900035600";"138 239 179";"A01";"2";"7";"0";"9";"2";"0";"0";""
"201900035600";"138 239 180";"B01";"3";"1";"0";"2";"3";"19";"5";""
"201900035601";"138 239 177";"A01";"0";"7";"0";"9";"5";"1";"0";""
"201900035601";"138 239 178";"B01";"3";"1";"0";"2";"1";"25";"0";""
"201900035602";"138 239 176";"A01";"3";"33";"13";"0";"0";"0";"1";""
"201900035603";"138 239 175";"A01";"1";"7";"0";"0";"0";"0";"1";""
"201900035604";"138 239 174";"A01";"3";"7";"0";"0";"0";"0";"1";""
"201900035605";"138 239 172";"B01";"2";"7";"6";"2";"3";"1";"1";""
"201900035605";"138 239 173";"A01";"1";"33";"0";"0";"1";"17";"1";""
"201900035606";"138 239 169";"C01";"3";"7";"0";"2";"3";"26";"1";""
"201900035606";"138 239 170";"B01";"3";"7";"0";"2";"6";"2";"1";""
"201900035606";"138 239 171";"A01";"3";"7";"0";"2";"1";"2";"1";""
"201900035607";"138 239 168";"A01";"1";"33";"13";"0";"7";"1";"1";""
"201900035608";"138 239 166";"B01";"2";"33";"0";"2";"1";"1";"1";""
"201900035608";"138 239 167";"A01";"1";"34";"0";"2";"1";"1";"1";""
"201900035609";"138 239 165";"A01";"2";"33";"0";"0";"0";"1";"1";""
"201900035610";"138 239 163";"B01";"0";"7";"0";"9";"7";"2";"1";""
"201900035610";"138 239 164";"A01";"0";"1";"0";"2";"1";"9";"0";""
"201900035611";"138 239 162";"A01";"3";"36";"0";"0";"0";"1";"1";""
"201900035612";"138 239 160";"A01";"1";"7";"0";"2";"3";"0";"1";""
"201900035612";"138 239 161";"B01";"2";"7";"0";"2";"3";"0";"1";""
"201900035613";"138 239 157";"B01";"1";"7";"0";"2";"9";"1";"1";""
"201900035613";"138 239 158";"A01";"1";"7";"0";"2";"7";"17";"1";""
"201900035614";"138 239 153";"B01";"3";"7";"0";"2";"3";"1";"0";""
"201900035614";"138 239 154";"A01";"3";"2";"0";"2";"3";"13";"1";""
"201900035615";"138 239 151";"B01";"2";"10";"0";"2";"3";"12";"1";""
"201900035615";"138 239 152";"A01";"2";"7";"0";"2";"4";"26";"1";""
"201900035616";"138 239 148";"C01";"1";"7";"1";"0";"1";"1";"1";""
"201900035616";"138 239 149";"B01";"1";"7";"0";"0";"4";"2";"1";""
"201900035616";"138 239 150";"A01";"1";"7";"0";"0";"4";"23";"1";""
"201900035617";"138 239 147";"A01";"2";"32";"6";"0";"3";"1";"1";""
"201900035618";"138 239 144";"B01";"1";"15";"0";"2";"3";"21";"1";""
"201900035618";"138 239 145";"A01";"1";"7";"0";"2";"3";"5";"1";""
"201900035619";"138 239 142";"B01";"1";"33";"0";"2";"8";"2";"0";""
"201900035619";"138 239 143";"A01";"1";"7";"0";"2";"7";"12";"1";""
"201900035620";"138 239 140";"B01";"2";"7";"0";"2";"4";"2";"1";""
"201900035620";"138 239 141";"A01";"2";"7";"0";"2";"1";"2";"1";""
"201900035621";"138 239 137";"B01";"2";"7";"0";"2";"4";"2";"1";""
"201900035621";"138 239 138";"A01";"2";"7";"0";"2";"1";"2";"1";""
"201900035622";"138 239 136";"A01";"1";"33";"0";"2";"3";"1";"1";""
"201900035623";"138 239 135";"A01";"1";"43";"4";"0";"3";"13";"1";""
"201900035624";"138 239 132";"A01";"1";"7";"0";"2";"5";"2";"1";""
"201900035624";"138 239 133";"B01";"1";"7";"0";"2";"4";"2";"0";""
"201900035624";"138 239 134";"Z01";"1";"7";"0";"2";"1";"2";"0";""
"201900035625";"138 239 131";"A01";"1";"7";"0";"0";"9";"1";"1";""
"201900035626";"138 239 128";"ZZ01";"1";"7";"0";"2";"4";"2";"1";""
"201900035626";"138 239 129";"Z01";"1";"7";"0";"2";"2";"2";"1";""
"201900035626";"138 239 130";"B01";"1";"7";"0";"2";"6";"2";"1";""
"201900035627";"138 239 126";"B01";"2";"7";"0";"2";"2";"2";"1";""
"201900035627";"138 239 127";"A01";"2";"30";"0";"2";"4";"23";"1";""
"201900035628";"138 239 125";"A01";"1";"30";"3";"0";"8";"13";"1";""
"201900035629";"138 239 121";"A01";"1";"10";"0";"2";"1";"2";"0";""
"201900035629";"138 239 122";"B01";"1";"20";"0";"2";"4";"23";"0";""
"201900035630";"138 239 108";"A01";"1";"7";"0";"2";"3";"24";"1";""
"201900035630";"138 239 109";"B01";"1";"1";"1";"0";"1";"1";"6";""
"201900035631";"138 239 106";"A01";"2";"7";"0";"2";"1";"1";"1";""
"201900035631";"138 239 107";"B01";"1";"7";"0";"2";"3";"1";"1";""
"201900035632";"138 239 104";"A01";"1";"7";"0";"2";"2";"15";"1";""
"201900035632";"138 239 105";"B01";"1";"7";"0";"2";"7";"1";"1";""
"201900035633";"138 239 102";"A01";"1";"7";"0";"2";"8";"15";"1";""
"201900035633";"138 239 103";"B01";"1";"33";"0";"2";"1";"0";"1";""
"201900035634";"138 239 101";"A01";"2";"7";"0";"1";"1";"15";"0";""
"201900035635";"138 239 099";"B01";"1";"33";"0";"2";"4";"23";"1";""
"201900035635";"138 239 100";"A01";"1";"7";"0";"2";"2";"1";"1";""
"201900035636";"138 239 097";"B01";"3";"10";"0";"2";"4";"23";"1";""
"201900035636";"138 239 098";"A01";"0";"10";"0";"2";"1";"2";"1";""
"201900035637";"138 239 096";"A01";"3";"33";"0";"0";"8";"26";"1";""
"201900035638";"138 239 094";"B01";"1";"10";"0";"2";"4";"2";"1";""
"201900035638";"138 239 095";"A01";"1";"33";"0";"2";"1";"2";"1";""
"201900035639";"138 239 092";"B01";"2";"33";"0";"2";"1";"1";"1";""
"201900035639";"138 239 093";"A01";"1";"7";"0";"2";"2";"15";"1";""
"201900035640";"138 239 090";"A01";"1";"1";"0";"2";"4";"1";"0";""
"201900035640";"138 239 091";"B01";"1";"7";"0";"6";"2";"1";"0";""
"201900035641";"138 239 088";"A01";"1";"7";"0";"2";"2";"26";"6";""
"201900035641";"138 239 089";"B01";"1";"7";"0";"2";"3";"1";"0";""
"201900035642";"138 239 086";"A01";"2";"7";"0";"1";"2";"1";"1";""
"201900035642";"138 239 087";"B01";"2";"1";"0";"2";"3";"19";"0";""
"201900035643";"138 239 084";"B01";"1";"1";"0";"2";"4";"0";"5";""
"201900035643";"138 239 085";"A01";"1";"7";"0";"2";"1";"0";"1";""
"201900035644";"138 239 083";"A01";"1";"7";"5";"0";"1";"2";"1";""
"201900035645";"138 239 080";"A01";"1";"37";"0";"2";"1";"2";"1";"1"
"201900035645";"138 239 081";"B01";"1";"7";"0";"2";"4";"2";"1";""
"201900035645";"138 239 082";"C01";"1";"7";"0";"0";"4";"2";"1";""
"201900035646";"138 239 079";"A01";"3";"7";"8";"0";"1";"14";"1";""
"201900035647";"138 239 078";"A01";"1";"7";"3";"0";"1";"14";"1";""
"201900035648";"138 239 077";"A01";"3";"7";"0";"1";"7";"17";"1";""
"201900035649";"138 239 076";"A01";"3";"33";"0";"0";"0";"0";"1";""
"201900035650";"138 239 075";"A01";"3";"7";"13";"0";"3";"13";"1";""
"201900035651";"138 239 073";"A01";"3";"31";"0";"2";"1";"1";"1";""
"201900035651";"138 239 074";"B01";"1";"7";"0";"2";"3";"1";"1";""
"201900035652";"138 239 071";"B01";"2";"31";"0";"2";"1";"1";"1";""
"201900035652";"138 239 072";"A01";"1";"7";"0";"2";"5";"10";"1";""
"201900035653";"138 239 069";"B01";"1";"1";"0";"2";"7";"1";"6";""
"201900035653";"138 239 070";"A01";"1";"7";"0";"2";"3";"15";"2";""
"201900035654";"138 239 067";"A01";"1";"33";"0";"2";"1";"26";"1";""
"201900035654";"138 239 068";"B01";"1";"0";"0";"6";"0";"9";"1";""
"201900035655";"138 239 066";"A01";"1";"7";"4";"0";"3";"15";"1";""
"201900035656";"138 239 064";"A01";"1";"7";"0";"2";"1";"13";"1";""
"201900035656";"138 239 065";"B01";"2";"7";"0";"2";"3";"2";"1";""
"201900035657";"138 239 062";"B01";"3";"7";"0";"2";"1";"1";"1";""
"201900035657";"138 239 063";"A01";"3";"7";"0";"2";"3";"19";"1";""
"201900035658";"138 239 060";"B01";"2";"31";"16";"0";"4";"26";"1";""
"201900035658";"138 239 061";"A01";"2";"7";"0";"1";"2";"1";"1";""
"201900035659";"138 239 058";"B01";"3";"7";"12";"0";"1";"17";"1";""
"201900035659";"138 239 059";"A01";"3";"7";"9";"0";"6";"11";"1";""
"201900035660";"138 239 056";"A01";"1";"7";"0";"2";"1";"26";"1";""
"201900035660";"138 239 057";"B01";"2";"7";"0";"2";"2";"1";"1";""
"201900035661";"138 239 054";"A01";"2";"33";"0";"2";"1";"1";"1";""
"201900035661";"138 239 055";"B01";"3";"1";"0";"2";"7";"19";"5";""
"201900035662";"138 239 053";"A01";"1";"7";"4";"0";"7";"14";"1";""
"201900035663";"138 239 050";"C01";"2";"7";"0";"2";"4";"2";"1";""
"201900035663";"138 239 051";"B01";"2";"7";"0";"2";"1";"1";"1";""
"201900035663";"138 239 052";"A01";"2";"7";"0";"2";"1";"2";"1";""
"201900035664";"138 239 048";"B01";"2";"2";"0";"2";"7";"17";"0";""
"201900035664";"138 239 049";"A01";"0";"7";"0";"2";"8";"15";"1";""
"201900035665";"138 239 046";"A01";"0";"7";"0";"2";"1";"19";"1";""
"201900035665";"138 239 047";"B01";"0";"7";"0";"2";"1";"19";"1";""
"201900035666";"138 239 044";"B01";"1";"2";"0";"2";"1";"17";"1";""
"201900035666";"138 239 045";"A01";"1";"7";"0";"2";"8";"15";"1";""
"201900035667";"138 239 043";"A01";"1";"30";"0";"1";"1";"1";"1";""
"201900035668";"138 239 041";"A01";"0";"30";"0";"2";"1";"19";"0";""
"201900035668";"138 239 042";"B01";"1";"7";"0";"2";"3";"1";"0";""
"201900035669";"138 239 037";"A01";"1";"7";"0";"2";"5";"1";"1";""
"201900035669";"138 239 038";"B01";"1";"7";"0";"2";"1";"1";"1";""
"201900035670";"138 239 036";"A01";"3";"30";"0";"1";"0";"1";"1";""
"201900035671";"138 239 034";"A01";"1";"7";"0";"6";"8";"19";"1";""
"201900035671";"138 239 035";"B01";"1";"1";"0";"2";"1";"19";"0";""
"201900035672";"138 239 033";"A01";"1";"10";"0";"1";"1";"1";"0";""
"201900035673";"138 239 032";"A01";"1";"34";"1";"1";"1";"9";"1";""
"201900035674";"138 239 031";"A01";"1";"37";"0";"1";"2";"1";"0";"1"
"201900035675";"138 239 029";"A01";"1";"7";"0";"1";"4";"1";"1";""
"201900035675";"138 239 030";"B01";"1";"7";"0";"2";"4";"1";"1";""
"201900035676";"138 239 028";"A01";"3";"1";"0";"1";"1";"1";"6";""
"201900035677";"138 239 027";"A01";"1";"7";"0";"1";"7";"26";"1";""
"201900035678";"138 239 025";"A01";"2";"7";"0";"2";"3";"11";"1";""
"201900035678";"138 239 026";"B01";"2";"2";"1";"2";"3";"1";"1";""
"201900035679";"138 239 024";"A01";"1";"10";"1";"1";"1";"13";"1";""
"201900035680";"138 239 023";"A01";"2";"7";"0";"1";"3";"1";"1";""
"201900035681";"138 239 021";"B01";"1";"80";"0";"2";"8";"19";"3";""
"201900035681";"138 239 022";"A01";"2";"7";"0";"2";"1";"26";"1";""
"201900035682";"138 239 019";"A01";"2";"50";"0";"2";"1";"1";"3";""
"201900035682";"138 239 020";"B01";"1";"7";"0";"2";"3";"16";"1";""
"201900035683";"138 239 017";"A01";"1";"7";"0";"2";"3";"1";"1";""
"201900035683";"138 239 018";"B01";"2";"50";"0";"2";"1";"19";"3";""
"201900035684";"138 239 016";"A01";"1";"30";"9";"0";"0";"26";"1";""
"201900035685";"138 239 015";"A01";"1";"7";"0";"2";"4";"11";"1";""
"201900035686";"138 239 013";"B01";"1";"33";"0";"2";"7";"1";"1";""
"201900035686";"138 239 014";"A01";"2";"31";"0";"2";"1";"17";"1";""
"201900035687";"138 239 012";"A01";"1";"7";"0";"1";"1";"1";"1";""
"201900035688";"138 239 010";"A01";"1";"7";"0";"2";"6";"1";"1";""
"201900035688";"138 239 011";"B01";"1";"33";"0";"2";"1";"1";"1";""
"201900035689";"138 239 009";"A01";"1";"7";"0";"1";"1";"1";"1";""
"201900035690";"138 239 008";"A01";"3";"7";"0";"1";"4";"20";"1";""
"201900035691";"138 239 006";"A01";"3";"7";"0";"2";"0";"17";"1";""
"201900035691";"138 239 007";"B01";"0";"2";"0";"2";"4";"1";"1";""
"201900035692";"138 239 005";"A01";"1";"7";"4";"0";"1";"11";"3";""
"201900035693";"138 239 003";"B01";"1";"30";"0";"2";"0";"0";"1";""
"201900035693";"138 239 004";"A01";"1";"7";"0";"2";"5";"1";"1";""
"201900035694";"138 239 001";"B01";"3";"32";"0";"2";"1";"1";"1";""
"201900035694";"138 239 002";"A01";"3";"7";"0";"2";"2";"10";"1";""
"201900035695";"138 239 000";"A01";"3";"7";"6";"0";"1";"26";"1";""
"201900035696";"138 238 999";"A01";"1";"32";"0";"1";"1";"1";"1";""
"201900035697";"138 238 998";"A01";"1";"33";"12";"0";"1";"16";"1";""
"201900035698";"138 238 997";"A01";"2";"80";"0";"0";"0";"16";"3";""
"201900035699";"138 238 995";"B01";"3";"7";"0";"2";"1";"1";"1";""
"201900035699";"138 238 996";"A01";"3";"7";"0";"2";"3";"10";"1";""
"201900035700";"138 238 994";"A01";"1";"7";"4";"0";"1";"2";"1";""
"201900035701";"138 238 993";"A01";"1";"7";"0";"1";"1";"13";"1";""
"201900035702";"138 238 991";"B01";"3";"1";"0";"2";"4";"2";"5";""
"201900035702";"138 238 992";"A01";"3";"7";"0";"2";"2";"2";"1";""
"201900035703";"138 238 989";"B01";"1";"2";"0";"2";"4";"26";"1";""
"201900035703";"138 238 990";"A01";"1";"7";"8";"2";"2";"26";"1";""
"201900035704";"138 238 987";"A01";"2";"7";"0";"2";"8";"9";"1";""
"201900035704";"138 238 988";"B01";"1";"7";"0";"2";"1";"1";"1";""
"201900035705";"138 238 986";"A01";"2";"7";"1";"0";"2";"0";"1";""
"201900035706";"138 238 984";"B01";"1";"10";"0";"6";"1";"2";"0";""
"201900035706";"138 238 985";"A01";"2";"10";"0";"2";"2";"2";"0";""
"201900035707";"138 238 983";"A01";"1";"7";"0";"1";"0";"0";"0";""
"201900035708";"138 238 981";"A01";"3";"7";"0";"2";"2";"26";"1";""
"201900035708";"138 238 982";"B01";"1";"7";"0";"2";"1";"1";"1";""
"201900035709";"138 238 975";"A01";"3";"7";"0";"2";"1";"1";" -1";""
"201900035709";"138 238 976";"A01";"1";"32";"12";"0";"0";"16";"1";""
"201900035710";"138 238 974";"A01";"1";"7";"0";"1";"2";"1";"0";""
"201900035711";"138 238 972";"A01";"3";"7";"0";"2";"3";"15";"1";""
"201900035711";"138 238 973";"B01";"2";"33";"0";"2";"1";"1";"1";""
"201900035712";"138 238 969";"A01";"2";"7";"0";"2";"1";"1";" -1";""
"201900035712";"138 238 970";"A01";"1";"3";"0";"2";"2";"15";"1";""
"201900035712";"138 238 971";"B01";"2";"1";"0";"2";"8";"1";"0";""
"201900035713";"138 238 967";"A01";"1";"7";"0";"2";"0";"0";"1";""
"201900035713";"138 238 968";"B01";"1";"7";"0";"2";"3";"0";"1";""
"201900035714";"138 238 965";"B01";"2";"33";"0";"2";"1";"17";"1";""
"201900035714";"138 238 966";"A01";"2";"7";"0";"2";"2";"22";"1";""
"201900035715";"138 238 962";"A01";"3";"7";"0";"1";"7";"19";"1";""
"201900035716";"138 238 961";"A01";"0";"37";"0";"1";"4";"26";"1";"1"