"Num_Acc";"id_vehicule";"num_veh";"senc";"catv";"obs";"obsm";"choc";"manv";"motor";"occutc"
"201900035717";"138 238 959";"P01";"1";"1";"0";"2";"1";"16";"5";""
"201900035717";"138 238 960";"A01";"1";"10";"0";"6";"3";"15";"1";""
"201900035718";"138 238 957";"B01";"0";"99";"1";"2";"4";"26";"6";""
"201900035718";"138 238 958";"A01";"0";"99";"0";"2";"1";"26";"0";""
"201900035719";"138 238 956";"A01";"2";"7";"0";"1";"2";"21";"1";""
"201900035720";"138 238 954";"B01";"3";"10";"0";"2";"3";"1";"1";""
"201900035720";"138 238 955";"A01";"3";"7";"0";"2";"3";"13";"1";""
"201900035721";"138 238 952";"B01";"2";"7";"0";"2";"3";"1";"1";""
"201900035721";"138 238 953";"A01";"1";"33";"0";"2";"1";"1";"1";""
"201900035722";"138 238 951";"A01";"2";"7";"0";"0";"9";"1";"1";""
"201900035723";"138 238 949";"B01";"3";"7";"0";"2";"4";"2";"0";""
"201900035723";"138 238 950";"A01";"3";"7";"0";"2";"1";"2";"0";""
"201900035724";"138 238 947";"A01";"3";"10";"0";"2";"1";"2";"0";""
"201900035724";"138 238 948";"B01";"3";"7";"0";"2";"4";"2";"0";""
"201900035725";"138 238 945";"B01";"3";"7";"0";"2";"3";"0";"0";""
"201900035725";"138 238 946";"A01";"3";"7";"0";"2";"3";"21";"0";""
"201900035726";"138 238 944";"A01";"3";"7";"0";"1";"3";"20";"0";""
"201900035727";"138 238 942";"B01";"3";"31";"0";"2";"7";"1";"1";""
"201900035727";"138 238 943";"A01";"3";"7";"0";"2";"3";"16";"1";""
"201900035728";"138 238 940";"A01";"2";"7";"0";"2";"8";"17";"1";""
"201900035728";"138 238 941";"B01";"1";"7";"0";"2";"3";"15";"1";""
"201900035729";"138 238 939";"A01";"1";"7";"0";"1";"1";"20";"1";""
"201900035730";"138 238 938";"A01";"1";"2";"12";"0";"8";"1";"1";""
"201900035731";"138 238 936";"B01";"2";"7";"0";"2";"3";"1";"1";""
"201900035731";"138 238 937";"A01";"1";"7";"0";"2";"3";"13";"1";""
"201900035732";"138 238 934";"A01";"2";"7";"0";"2";"2";"15";"1";""
"201900035732";"138 238 935";"B01";"1";"2";"0";"2";"1";"1";"1";""
"201900035733";"138 238 933";"A01";"1";"7";"0";"1";"1";"1";"1";""
"201900035734";"138 238 932";"A01";"2";"7";"1";"0";"4";"26";"1";""
"201900035735";"138 238 930";"B01";"2";"2";"0";"2";"1";"1";"1";""
"201900035735";"138 238 931";"A01";"2";"7";"0";"2";"6";"9";"1";""
"201900035736";"138 238 929";"A01";"3";"33";"12";"0";"1";"0";"0";""
"201900035737";"138 238 927";"B01";"2";"10";"0";"2";"3";"1";"0";""
"201900035737";"138 238 928";"A01";"1";"2";"0";"2";"1";"13";"0";""
"201900035738";"138 238 926";"A01";"1";"33";"0";"1";"2";"21";"1";""
"201900035739";"138 238 924";"A01";"2";"7";"0";"2";"2";"17";"6";""
"201900035739";"138 238 925";"B01";"2";"1";"0";"2";"2";"2";"5";""
"201900035740";"138 238 923";"A01";"1";"31";"1";"0";"2";"1";"1";""
"201900035741";"138 238 921";"B01";"2";"34";"0";"2";"1";"1";"1";""
"201900035741";"138 238 922";"A01";"1";"7";"0";"2";"2";"15";"1";""
"201900035742";"138 238 920";"A01";"1";"7";"0";"1";"3";"1";"2";""
"201900035743";"138 238 913";"B01";"1";"14";"0";"0";"0";"0";"1";""
"201900035743";"138 238 914";"A01";"1";"7";"3";"2";"4";"9";"2";""
"201900035744";"138 238 908";"A01";"1";"10";"0";"1";"1";"1";"1";""
"201900035745";"138 238 905";"A01";"0";"7";"0";"1";"1";"1";"1";""
"201900035746";"138 238 904";"A01";"0";"7";"0";"1";"1";"1";"1";""
"201900035747";"138 238 903";"A01";"0";"7";"0";"1";"1";"1";"1";""
"201900035748";"138 238 901";"A01";"0";"1";"0";"2";"0";"15";"5";""
"201900035748";"138 238 902";"B01";"0";"1";"0";"2";"0";"16";"5";""
"201900035749";"138 238 899";"A01";"0";"7";"0";"2";"3";"15";"1";""
"201900035749";"138 238 900";"B01";"0";"33";"0";"2";"1";"1";"1";""
"201900035750";"138 238 890";"A01";"2";"7";"0";"2";"3";"9";"1";""
"201900035750";"138 238 891";"B01";"1";"7";"0";"2";"7";"16";"1";""
"201900035751";"138 238 888";"B01";"2";"7";"0";"2";"5";"1";"1";""
"201900035751";"138 238 889";"A01";"2";"7";"0";"2";"3";"2";"1";""
"201900035752";"138 238 886";"A01";"3";"7";"0";"2";"3";"13";"1";""
"201900035752";"138 238 887";"B01";"3";"7";"0";"2";"3";"1";"1";""
"201900035753";"138 238 882";"A01";"1";"13";"1";"0";"2";"1";"2";""
"201900035753";"138 238 883";"B01";"1";"15";"0";"0";"4";"1";"1";""
"201900035754";"138 238 881";"A01";"1";"7";"0";"0";"1";"17";"1";""
"201900035755";"138 238 874";"B01";"2";"33";"0";"2";"1";"3";"1";""
"201900035755";"138 238 875";"A01";"2";"7";"0";"2";"2";"12";"1";""
"201900035756";"138 238 873";"A01";"2";"7";"0";"1";"6";"26";"0";""
"201900035757";"138 238 868";"A01";"2";"34";"0";"2";"2";"11";"0";""
"201900035757";"138 238 869";"D01";"2";"7";"0";"2";"1";"1";"1";""
"201900035757";"138 238 870";"E01";"2";"7";"0";"2";"1";"1";"1";""
"201900035757";"138 238 871";"B01";"2";"7";"0";"2";"6";"1";"1";""
"201900035757";"138 238 872";"C01";"2";"13";"0";"2";"4";"1";"1";""
"201900035758";"138 238 867";"A01";"2";"7";"0";"1";"2";"17";"0";""
"201900035759";"138 238 866";"A01";"3";"7";"12";"0";"3";"1";"1";""
"201900035760";"138 238 864";"B01";"3";"7";"0";"2";"4";"1";"1";""
"201900035760";"138 238 865";"A01";"3";"7";"0";"2";"1";"1";"1";""
"201900035761";"138 238 863";"A01";"2";"7";"0";"1";"3";"17";"0";""
"201900035762";"138 238 860";"A01";"1";"33";"8";"0";"1";"13";"1";""
"201900035763";"138 238 858";"A01";"2";"10";"0";"1";"1";"15";"1";""
"201900035764";"138 238 855";"A01";"1";"7";"9";"0";"1";"14";"1";""
"201900035765";"138 238 854";"A01";"0";"7";"0";"1";"3";"15";"1";""
"201900035766";"138 238 853";"A01";"1";"1";"0";"0";"0";"26";"5";""
"201900035767";"138 238 850";"B01";"3";"7";"0";"2";"3";"15";"1";""
"201900035767";"138 238 851";"A01";"3";"33";"0";"2";"2";"17";"1";""
"201900035768";"138 238 848";"B01";"2";"7";"0";"2";"3";"9";"1";""
"201900035768";"138 238 849";"A01";"2";"1";"0";"2";"1";"2";"5";""
"201900035769";"138 238 847";"A01";"3";"30";"0";"1";"1";"1";"1";""
"201900035770";"138 238 846";"A01";"3";"7";"0";"1";"1";"1";"1";""
"201900035771";"138 238 845";"A01";"1";"7";"8";"0";"1";"0";"1";""
"201900035772";"138 238 844";"A01";"2";"7";"3";"0";"1";"1";"1";""
"201900035773";"138 238 842";"A01";"1";"7";"0";"2";"8";"1";"0";""
"201900035773";"138 238 843";"B01";"1";"7";"0";"2";"1";"1";"0";""
"201900035774";"138 238 840";"B01";"2";"7";"0";"2";"2";"1";"1";""
"201900035774";"138 238 841";"A01";"2";"7";"0";"2";"3";"10";"1";""
"201900035775";"138 238 839";"A01";"1";"34";"1";"0";"1";"2";"1";""
"201900035776";"138 238 837";"B01";"2";"7";"0";"2";"2";"1";"1";""
"201900035776";"138 238 838";"A01";"1";"30";"0";"2";"1";"9";"1";""
"201900035777";"138 238 836";"A01";"1";"7";"0";"1";"5";"16";"1";""
"201900035778";"138 238 834";"A01";"1";"7";"0";"6";"2";"9";"1";""
"201900035778";"138 238 835";"B01";"2";"1";"0";"2";"1";"0";"5";""
"201900035779";"138 238 832";"A01";"2";"33";"0";"2";"1";"26";"1";""
"201900035779";"138 238 833";"B01";"2";"7";"0";"2";"5";"15";"1";""
"201900035780";"138 238 831";"A01";"2";"7";"0";"1";"4";"26";"1";""
"201900035781";"138 238 830";"A01";"3";"10";"0";"1";"1";"16";"1";""
"201900035782";"138 238 829";"A01";"1";"10";"0";"1";"1";"9";"1";""
"201900035783";"138 238 818";"A01";"1";"2";"0";"2";"2";"1";"1";""
"201900035783";"138 238 819";"B01";"1";"7";"0";"2";"3";"15";"1";""
"201900035784";"138 238 817";"A01";"1";"7";"0";"1";"4";"26";"1";""
"201900035785";"138 238 815";"A01";"1";"30";"0";"2";"1";"26";"1";""
"201900035785";"138 238 816";"B01";"1";"7";"0";"2";"3";"15";"1";""
"201900035786";"138 238 814";"A01";"1";"7";"0";"1";"3";"1";"1";""
"201900035787";"138 238 812";"A01";"1";"7";"0";"2";"7";"13";"1";""
"201900035787";"138 238 813";"B01";"2";"7";"0";"0";"0";"0";"1";""
"201900035788";"138 238 810";"Z01";"2";"10";"0";"2";"1";"1";"1";""
"201900035788";"138 238 811";"A01";"1";"1";"0";"2";"8";"19";"5";""
"201900035789";"138 238 808";"B01";"1";"7";"0";"2";"4";"2";"1";""
"201900035789";"138 238 809";"A01";"1";"10";"0";"2";"1";"2";"1";""
"201900035790";"138 238 807";"A01";"1";"1";"0";"1";"1";"1";"5";""
"201900035791";"138 238 805";"B01";"1";"1";"0";"0";"0";"0";"5";""
"201900035791";"138 238 806";"A01";"1";"7";"0";"2";"8";"22";"1";""
"201900035792";"138 238 803";"B01";"3";"33";"0";"2";"1";"1";"1";""
"201900035792";"138 238 804";"A01";"3";"7";"0";"2";"1";"15";"1";""
"201900035793";"138 238 801";"A01";"0";"20";"0";"2";"8";"9";"1";""
"201900035793";"138 238 802";"B01";"0";"31";"0";"2";"1";"1";"1";""
"201900035794";"138 238 799";"A01";"1";"7";"0";"2";"1";"9";"1";""
"201900035794";"138 238 800";"B01";"1";"7";"0";"2";"3";"1";"1";""
"201900035795";"138 238 798";"A01";"1";"7";"0";"1";"1";"1";"1";""
"201900035796";"138 238 797";"A01";"0";"7";"0";"1";"1";"1";"1";""
"201900035797";"138 238 795";"B01";"1";"7";"0";"2";"3";"1";"1";""
"201900035797";"138 238 796";"A01";"1";"7";"0";"2";"5";"23";"1";""
"201900035798";"138 238 793";"A01";"2";"1";"0";"2";"1";"2";"5";""
"201900035798";"138 238 794";"B01";"2";"7";"0";"2";"4";"1";"1";""
"201900035799";"138 238 791";"B01";"2";"7";"0";"2";"4";"2";"1";""
"201900035799";"138 238 792";"A01";"2";"7";"0";"2";"1";"2";"1";""
"201900035800";"138 238 789";"B01";"1";"7";"0";"2";"4";"1";"1";""
"201900035800";"138 238 790";"A01";"1";"3";"0";"2";"1";"1";"1";""
"201900035801";"138 238 787";"A01";"2";"7";"0";"2";"1";"9";"1";""
"201900035801";"138 238 788";"B01";"2";"2";"0";"2";"5";"1";"1";""
"201900035802";"138 238 785";"A01";"1";"7";"0";"2";"3";"15";"1";""
"201900035802";"138 238 786";"B01";"2";"7";"0";"2";"2";"14";"1";""
"201900035803";"138 238 782";"B01";"1";"7";"0";"2";"4";"1";"1";""
"201900035803";"138 238 783";"C01";"1";"7";"0";"2";"4";"1";"1";""
"201900035803";"138 238 784";"A01";"1";"7";"0";"2";"1";"1";"1";""
"201900035804";"138 238 780";"B01";"2";"2";"0";"2";"1";"1";"1";""
"201900035804";"138 238 781";"A01";"1";"7";"0";"2";"3";"15";"1";""
"201900035805";"138 238 778";"B01";"2";"2";"0";"2";"7";"18";"1";""
"201900035805";"138 238 779";"A01";"3";"7";"0";"2";"3";"9";"1";""
"201900035806";"138 238 776";"B01";"3";"10";"0";"2";"8";"1";"1";""
"201900035806";"138 238 777";"A01";"3";"7";"0";"2";"3";"19";"2";""
"201900035807";"138 238 774";"A01";"2";"2";"0";"2";"1";"17";"1";""
"201900035807";"138 238 775";"B01";"1";"7";"0";"2";"3";"19";"1";""
"201900035808";"138 238 773";"A01";"1";"7";"0";"1";"2";"15";"1";""
"201900035809";"138 238 772";"A01";"3";"10";"0";"1";"3";"26";"1";""
"201900035810";"138 238 770";"B01";"3";"7";"1";"0";"5";"26";"1";""
"201900035810";"138 238 771";"A01";"2";"99";"1";"0";"1";"26";"1";""
"201900035811";"138 238 769";"A01";"1";"7";"0";"1";"4";"20";"1";""
"201900035812";"138 238 767";"A01";"1";"30";"0";"2";"1";"0";"1";""
"201900035812";"138 238 768";"B01";"2";"7";"0";"2";"2";"1";"1";""
"201900035813";"138 238 766";"A01";"1";"7";"0";"1";"1";"15";"1";""
"201900035814";"138 238 764";"A01";"3";"7";"0";"1";"2";"1";"1";""
"201900035815";"138 238 763";"A01";"1";"7";"0";"1";"2";"1";"1";""
"201900035816";"138 238 761";"B01";"1";"42";"0";"2";"1";"17";"0";""
"201900035816";"138 238 762";"A01";"1";"7";"0";"2";"8";"10";"1";""
"201900035817";"138 238 754";"A01";"1";"33";"14";"0";"0";"26";"1";""
"201900035818";"138 238 751";"A01";"1";"30";"0";"2";"0";"17";"1";""
"201900035818";"138 238 752";"B01";"1";"7";"0";"2";"8";"15";"1";""
"201900035819";"138 238 748";"A01";"2";"7";"0";"1";"1";"1";"1";""
"201900035820";"138 238 746";"B01";"1";"7";"0";"2";"1";"1";"1";""
"201900035820";"138 238 747";"A01";"2";"7";"0";"2";"1";"17";"1";""
"201900035821";"138 238 744";"A01";"3";"1";"0";"0";"0";"0";"5";""
"201900035821";"138 238 745";"B01";"0";"7";"0";"2";"2";"1";"0";""
"201900035822";"138 238 741";"A01";"2";"7";"0";"1";"1";"17";"1";""
"201900035823";"138 238 732";"B01";"1";"7";"0";"2";"8";"15";"1";""
"201900035823";"138 238 733";"A01";"1";"31";"0";"2";"1";"1";"1";""
"201900035824";"138 238 730";"B01";"1";"2";"0";"2";"1";"15";"0";""
"201900035824";"138 238 731";"A01";"2";"7";"0";"2";"3";"15";"1";""
"201900035825";"138 238 729";"A01";"3";"1";"0";"0";"7";"16";"5";""
"201900035826";"138 238 727";"B01";"1";"7";"0";"2";"4";"2";"1";""
"201900035826";"138 238 728";"A01";"1";"7";"0";"2";"1";"2";"1";""
"201900035827";"138 238 725";"B01";"2";"7";"0";"2";"1";"1";"1";""
"201900035827";"138 238 726";"A01";"1";"7";"0";"2";"1";"13";"1";""
"201900035828";"138 238 723";"A01";"2";"33";"1";"0";"1";"21";"1";""
"201900035829";"138 238 721";"B01";"1";"7";"0";"2";"4";"2";"1";""
"201900035829";"138 238 722";"A01";"1";"32";"0";"2";"1";"2";"1";""
"201900035830";"138 238 719";"A01";"3";"7";"0";"2";"1";"2";"1";""
"201900035830";"138 238 720";"B01";"3";"33";"0";"2";"4";"23";"1";""
"201900035831";"138 238 717";"A01";"3";"7";"0";"2";"0";"1";"1";""
"201900035831";"138 238 718";"B01";"1";"1";"0";"2";"1";"1";"5";""
"201900035832";"138 238 715";"B01";"1";"7";"0";"2";"4";"20";"1";""
"201900035832";"138 238 716";"A01";"1";"7";"0";"2";"2";"1";"1";""
"201900035833";"138 238 714";"A01";"1";"1";"12";"0";"1";"1";"5";""
"201900035834";"138 238 713";"A01";"2";"34";"0";"2";"8";"21";"1";""
"201900035835";"138 238 711";"A01";"1";"7";"0";"2";"8";"15";"1";""
"201900035835";"138 238 712";"B01";"1";"31";"0";"2";"1";"17";"1";""
"201900035836";"138 238 709";"B01";"0";"7";"0";"2";"4";"26";"0";""
"201900035836";"138 238 710";"A01";"0";"7";"0";"2";"1";"26";"1";""
"201900035837";"138 238 707";"A01";"0";"7";"0";"2";"1";"1";"1";""
"201900035837";"138 238 708";"B01";"0";"7";"0";"2";"6";"1";"1";""
"201900035838";"138 238 706";"A01";"0";"34";"0";"1";"1";"1";"1";""
"201900035839";"138 238 704";"A01";"3";"7";"0";"2";"8";"15";"1";""
"201900035839";"138 238 705";"Z01";"3";"0";"0";"2";"1";"13";"0";""
"201900035840";"138 238 702";"B01";"1";"34";"0";"2";"1";"1";"0";""
"201900035840";"138 238 703";"A01";"1";"7";"0";"2";"8";"10";"1";""
"201900035841";"138 238 699";"B01";"1";"33";"0";"2";"1";"1";"1";""
"201900035841";"138 238 700";"C01";"1";"13";"0";"2";"5";"24";"1";""
"201900035841";"138 238 701";"A01";"1";"7";"0";"2";"2";"15";"1";""
"201900035842";"138 238 697";"Z01";"0";"10";"0";"2";"3";"17";"1";""
"201900035842";"138 238 698";"A01";"0";"37";"0";"2";"3";"1";"1";"1"
"201900035843";"138 238 695";"A01";"1";"7";"0";"2";"8";"11";"1";""
"201900035843";"138 238 696";"B01";"1";"33";"0";"2";"7";"1";"1";""
"201900035844";"138 238 694";"A01";"1";"7";"0";"1";"8";"16";"1";""
"201900035845";"138 238 692";"B01";"1";"7";"0";"2";"5";"1";"1";""
"201900035845";"138 238 693";"A01";"2";"7";"0";"2";"1";"15";"1";""
"201900035846";"138 238 691";"A01";"2";"7";"0";"1";"1";"1";"1";""
"201900035847";"138 238 688";"A01";"1";"7";"0";"2";"1";"2";"1";""
"201900035847";"138 238 689";"C01";"1";"7";"0";"2";"4";"23";"0";""
"201900035847";"138 238 690";"B01";"1";"7";"0";"2";"4";"23";"1";""
"201900035848";"138 238 684";"B01";"2";"31";"0";"2";"1";"17";"6";""
"201900035848";"138 238 685";"A01";"2";"7";"0";"2";"6";"15";"6";""
"201900035849";"138 238 683";"A01";"2";"31";"0";"1";"1";"3";"1";""
"201900035850";"138 238 681";"A01";"2";"10";"0";"2";"5";"12";"1";""
"201900035850";"138 238 682";"B01";"2";"31";"0";"2";"8";"1";"1";""
"201900035851";"138 238 678";"C01";"1";"7";"0";"2";"4";"1";"1";""
"201900035851";"138 238 679";"B01";"1";"33";"0";"2";"7";"1";"1";""
"201900035851";"138 238 680";"A01";"1";"7";"0";"2";"8";"11";"1";""
"201900035852";"138 238 676";"A01";"2";"33";"0";"2";"5";"1";"1";""
"201900035852";"138 238 677";"Z01";"2";"34";"0";"2";"1";"1";"1";""
"201900035853";"138 238 674";"B01";"2";"7";"0";"2";"4";"23";"1";""
"201900035853";"138 238 675";"A01";"2";"7";"0";"2";"1";"1";"1";""
"201900035854";"138 238 667";"G01";"1";"7";"0";"2";"4";"2";"1";""
"201900035854";"138 238 668";"F01";"1";"7";"0";"2";"4";"2";"1";""
"201900035854";"138 238 669";"E01";"1";"7";"0";"2";"4";"2";"1";""
"201900035854";"138 238 670";"D01";"1";"10";"0";"2";"1";"2";"1";""
"201900035854";"138 238 671";"C01";"1";"7";"0";"2";"3";"2";"1";""
"201900035854";"138 238 672";"B01";"1";"15";"0";"2";"2";"2";"1";""
"201900035854";"138 238 673";"A01";"1";"7";"0";"2";"6";"11";"1";""
"201900035855";"138 238 665";"B01";"0";"31";"0";"2";"1";"7";"1";""
"201900035855";"138 238 666";"A01";"0";"7";"0";"2";"5";"16";"1";""
"201900035856";"138 238 664";"A01";"1";"33";"0";"0";"0";"1";"1";""
"201900035857";"138 238 663";"A01";"1";"30";"0";"1";"8";"1";"0";""
"201900035858";"138 238 661";"A01";"2";"1";"0";"2";"0";"1";"5";""
"201900035858";"138 238 662";"B01";"1";"10";"0";"2";"3";"1";"1";""
"201900035859";"138 238 659";"A01";"0";"7";"0";"2";"7";"1";"1";""
"201900035859";"138 238 660";"B01";"1";"7";"0";"2";"1";"1";"1";""
"201900035860";"138 238 657";"B01";"2";"7";"0";"2";"3";"1";"1";""
"201900035860";"138 238 658";"A01";"1";"30";"0";"2";"7";"1";"1";""
"201900035861";"138 238 656";"A01";"2";"30";"1";"0";"1";"14";"1";""
"201900035862";"138 238 655";"A01";"1";"7";"1";"0";"2";"14";"2";""
"201900035863";"138 238 654";"A01";"1";"32";"0";"1";"1";"1";"1";""
"201900035864";"138 238 652";"B01";"2";"60";"0";"2";"2";"19";"5";""
"201900035864";"138 238 653";"A01";"2";"7";"0";"2";"3";"1";"1";""
"201900035865";"138 238 651";"A01";"2";"34";"0";"1";"1";"1";"0";""
"201900035866";"138 238 649";"Z01";"1";"30";"0";"2";"1";"1";"0";""
"201900035866";"138 238 650";"B01";"1";"60";"0";"2";"8";"19";"5";""
"201900035867";"138 238 648";"A01";"2";"7";"0";"1";"1";"1";"1";""
"201900035868";"138 238 646";"A01";"1";"32";"0";"2";"1";"1";"1";""
"201900035868";"138 238 647";"B01";"2";"50";"0";"2";"8";"19";"3";""
"201900035869";"138 238 644";"B01";"2";"34";"0";"2";"5";"1";"1";""
"201900035869";"138 238 645";"A01";"1";"10";"0";"2";"1";"10";"1";""
"201900035870";"138 238 642";"A01";"2";"50";"0";"2";"1";"1";"3";""
"201900035870";"138 238 643";"B01";"2";"7";"0";"2";"4";"23";"1";""
"201900035871";"138 238 640";"B01";"1";"7";"0";"2";"3";"1";"1";""
"201900035871";"138 238 641";"A01";"2";"2";"0";"2";"1";"1";"1";""
"201900035872";"138 238 638";"A01";"1";"1";"0";"2";"1";"1";"5";""
"201900035872";"138 238 639";"B01";"1";"7";"0";"2";"4";"23";"1";""
"201900035873";"138 238 636";"B01";"1";"1";"0";"2";"1";"1";"5";""
"201900035873";"138 238 637";"A01";"1";"10";"0";"2";"3";"22";"1";""
"201900035874";"138 238 634";"A01";"1";"2";"0";"2";"8";"16";"1";""
"201900035874";"138 238 635";"B01";"1";"7";"0";"2";"7";"1";"1";""
"201900035875";"138 238 632";"A01";"3";"7";"0";"2";"2";"15";"1";""
"201900035875";"138 238 633";"B01";"3";"32";"0";"2";"1";"1";"1";""
"201900035876";"138 238 630";"A01";"1";"31";"0";"1";"1";"26";"1";""
"201900035877";"138 238 629";"A01";"0";"7";"15";"1";"6";"20";"1";""
"201900035878";"138 238 628";"A01";"1";"7";"12";"0";"1";"9";"0";""
"201900035879";"138 238 626";"B01";"1";"7";"0";"2";"3";"15";"1";""
"201900035879";"138 238 627";"A01";"1";"7";"0";"2";"2";"1";"1";""
"201900035880";"138 238 625";"Z01";"3";"7";"0";"1";"3";"1";"1";""
"201900035881";"138 238 623";"A01";"3";"1";"0";"6";"1";"0";"0";""
"201900035881";"138 238 624";"B01";"1";"50";"0";"2";"0";"0";"3";""
"201900035882";"138 238 622";"A01";"2";"7";"0";"1";"1";"1";"1";""
"201900035883";"138 238 621";"A01";"0";"30";"0";"0";"1";"1";"1";""
"201900035884";"138 238 618";"C01";"3";"7";"0";"0";"0";"0";"0";""
"201900035884";"138 238 619";"B01";"3";"7";"0";"0";"0";"0";"0";""
"201900035884";"138 238 620";"A01";"3";"7";"0";"2";"1";"26";"0";""
"201900035885";"138 238 617";"A01";"3";"34";"3";"0";"1";"26";"1";""
"201900035886";"138 238 616";"A01";"2";"31";"1";"0";"2";"1";"1";""
"201900035887";"138 238 614";"A01";"2";"32";"0";"2";"1";"1";"1";""
"201900035887";"138 238 615";"B01";"2";"7";"0";"2";"3";"1";"1";""
"201900035888";"138 238 612";"A01";"2";"7";"0";"2";"3";"15";"0";""
"201900035888";"138 238 613";"B01";"1";"32";"0";"2";"8";"2";"0";""
"201900035889";"138 238 611";"A01";"1";"13";"0";"1";"1";"26";"0";""
"201900035890";"138 238 609";"B01";"3";"7";"0";"2";"0";"0";"1";""
"201900035890";"138 238 610";"A01";"3";"31";"0";"2";"1";"17";"1";""
"201900035891";"138 238 607";"B01";"1";"33";"0";"2";"2";"17";"0";""
"201900035891";"138 238 608";"A01";"1";"7";"0";"2";"3";"15";"0";""
"201900035892";"138 238 605";"A01";"0";"7";"0";"2";"0";"26";"0";""
"201900035892";"138 238 606";"B01";"0";"33";"0";"0";"0";"0";"0";""
"201900035893";"138 238 604";"A01";"2";"37";"0";"1";"7";"16";"0";"1"
"201900035894";"138 238 602";"B01";"3";"7";"0";"2";"6";"9";"0";""
"201900035894";"138 238 603";"A01";"3";"13";"0";"2";"2";"26";"0";""
"201900035895";"138 238 601";"A01";"1";"7";"0";"1";"1";"26";"1";""
"201900035896";"138 238 600";"A01";"1";"10";"0";"1";"3";"15";"1";""
"201900035897";"138 238 598";"A01";"1";"34";"12";"2";"6";"17";"1";""
"201900035897";"138 238 599";"B01";"1";"7";"0";"2";"8";"2";"1";""
"201900035898";"138 238 597";"A01";"3";"33";"0";"1";"1";"21";"1";""
"201900035899";"138 238 596";"A01";"1";"7";"9";"0";"1";"13";"1";""
"201900035900";"138 238 594";"B01";"3";"7";"0";"2";"4";"23";"1";""
"201900035900";"138 238 595";"A01";"3";"7";"0";"2";"1";"2";"1";""
"201900035901";"138 238 593";"A01";"1";"32";"0";"0";"8";"16";"0";""
"201900035902";"138 238 589";"D01";"2";"7";"0";"2";"4";"2";"1";""
"201900035902";"138 238 590";"C01";"2";"7";"0";"2";"4";"2";"1";""
"201900035902";"138 238 591";"B01";"2";"7";"0";"2";"4";"2";"1";""
"201900035902";"138 238 592";"A01";"2";"7";"0";"2";"1";"2";"1";""
"201900035903";"138 238 587";"B01";"1";"7";"0";"2";"3";"10";"1";""
"201900035903";"138 238 588";"A01";"2";"30";"0";"2";"2";"1";"1";""
"201900035904";"138 238 585";"B01";"1";"7";"0";"2";"1";"1";"1";""
"201900035904";"138 238 586";"A01";"2";"30";"0";"2";"8";"1";"1";""
"201900035905";"138 238 582";"A01";"2";"43";"1";"9";"1";"1";"1";""
"201900035905";"138 238 583";"C01";"0";"7";"1";"2";"0";"24";"1";""
"201900035905";"138 238 584";"B01";"2";"1";"0";"2";"3";"1";"5";""
"201900035906";"138 238 580";"A01";"1";"7";"0";"2";"3";"2";"1";""
"201900035906";"138 238 581";"B01";"2";"31";"0";"2";"3";"15";"1";""
"201900035907";"138 238 578";"B01";"2";"30";"0";"2";"7";"2";"1";""
"201900035907";"138 238 579";"A01";"1";"7";"0";"2";"1";"15";"1";""
"201900035908";"138 238 577";"A01";"2";"7";"0";"1";"2";"1";"1";""
"201900035909";"138 238 576";"A01";"1";"7";"0";"1";"3";"15";"1";""
"201900035910";"138 238 574";"A01";"1";"7";"0";"2";"3";"10";"1";""
"201900035910";"138 238 575";"B01";"1";"2";"0";"2";"2";"17";"1";""
"201900035911";"138 238 572";"B01";"2";"32";"0";"2";"3";"14";"1";""
"201900035911";"138 238 573";"A01";"1";"7";"0";"2";"2";"15";"1";""
"201900035912";"138 238 570";"B01";"3";"1";"1";"0";"1";"1";"5";""
"201900035912";"138 238 571";"A01";"3";"7";"0";"6";"4";"23";"1";""
"201900035913";"138 238 568";"B01";"1";"2";"0";"2";"2";"20";"6";""
"201900035913";"138 238 569";"DA01";"1";"7";"0";"2";"2";"20";"6";""
"201900035914";"138 238 566";"B01";"0";"2";"0";"2";"0";"16";"0";""
"201900035914";"138 238 567";"A01";"0";"7";"0";"2";"0";"16";"0";""
"201900035915";"138 238 564";"A01";"3";"7";"0";"9";"1";"1";"1";""
"201900035915";"138 238 565";"B01";"3";"39";"0";"2";"2";"2";"3";""
"201900035916";"138 238 563";"A01";"3";"7";"0";"1";"0";"1";"1";""
"201900035917";"138 238 562";"A01";"1";"7";"8";"0";"3";"1";"1";""
"201900035918";"138 238 561";"A01";"3";"7";"0";"0";"9";"1";"1";""
"201900035919";"138 238 560";"A01";"2";"7";"0";"1";"2";"0";"1";""
"201900035920";"138 238 558";"A01";"2";"7";"0";"2";"1";"2";"1";""
"201900035920";"138 238 559";"B01";"2";"17";"0";"2";"4";"2";"1";""
"201900035921";"138 238 557";"A01";"2";"7";"13";"0";"0";"1";"6";""
"201900035922";"138 238 555";"B01";"3";"7";"0";"0";"1";"0";"0";""
"201900035922";"138 238 556";"A01";"3";"7";"0";"0";"1";"13";"0";""
"201900035923";"138 238 553";"B01";"3";"2";"0";"2";"0";"1";"1";""
"201900035923";"138 238 554";"A01";"3";"7";"0";"2";"3";"15";"1";""
"201900035924";"138 238 551";"A01";"2";"7";"0";"2";"1";"13";"0";""
"201900035924";"138 238 552";"B01";"1";"15";"0";"2";"1";"1";"0";""