"Num_Acc";"id_vehicule";"num_veh";"senc";"catv";"obs";"obsm";"choc";"manv";"motor";"occutc"
"201900035925";"138 238 549";"B01";"1";"7";"0";"2";"8";"15";"1";""
"201900035925";"138 238 550";"A01";"1";"33";"0";"2";"7";"17";"1";""
"201900035926";"138 238 547";"B01";"1";"1";"0";"2";"4";"2";"5";""
"201900035926";"138 238 548";"A01";"1";"7";"0";"9";"1";"2";"1";""
"201900035927";"138 238 543";"A01";"2";"7";"0";"1";"2";"1";"1";""
"201900035928";"138 238 542";"A01";"1";"1";"6";"0";"0";"1";"5";""
"201900035929";"138 238 541";"A01";"2";"15";"0";"0";"7";"1";"1";""
"201900035930";"138 238 538";"B01";"3";"7";"0";"2";"2";"1";"1";""
"201900035930";"138 238 539";"A01";"0";"33";"0";"2";"1";"1";"1";""
"201900035931";"138 238 537";"A01";"2";"2";"12";"0";"0";"2";"1";""
"201900035932";"138 238 536";"A01";"1";"7";"16";"0";"1";"1";"1";""
"201900035933";"138 238 533";"B01";"1";"1";"0";"2";"1";"1";"5";""
"201900035933";"138 238 534";"A01";"2";"7";"0";"2";"2";"15";"1";""
"201900035934";"138 238 532";"A01";"3";"36";"13";"0";"7";"1";"1";""
"201900035935";"138 238 531";"A01";"2";"7";"3";"0";"2";"1";"1";""
"201900035936";"138 238 530";"A01";"1";"36";"13";"0";"2";"1";"1";""
"201900035937";"138 238 527";"A01";"1";"7";"0";"2";"8";"13";"1";""
"201900035937";"138 238 528";"B01";"2";"7";"0";"2";"8";"1";"1";""
"201900035937";"138 238 529";"C01";"2";"7";"0";"2";"3";"1";"1";""
"201900035938";"138 238 526";"A01";"2";"21";"0";"1";"2";"1";"1";""
"201900035939";"138 238 524";"A01";"1";"10";"0";"2";"2";"1";"1";""
"201900035939";"138 238 525";"B01";"1";"33";"0";"2";"1";"0";"1";""
"201900035940";"138 238 523";"A01";"3";"7";"0";"1";"2";"1";"1";""
"201900035941";"138 238 521";"B01";"2";"1";"0";"2";"3";"1";"6";""
"201900035941";"138 238 522";"A01";"2";"7";"0";"2";"2";"17";"1";""
"201900035942";"138 238 520";"A01";"1";"7";"15";"0";"1";"1";"1";""
"201900035943";"138 238 518";"B01";"1";"7";"0";"2";"2";"15";"1";""
"201900035943";"138 238 519";"A01";"2";"7";"0";"2";"2";"1";"1";""
"201900035944";"138 238 516";"A01";"1";"7";"0";"2";"7";"1";"1";""
"201900035944";"138 238 517";"B01";"1";"30";"0";"2";"8";"1";"1";""
"201900035945";"138 238 514";"A01";"1";"7";"8";"0";"3";"1";"1";""
"201900035945";"138 238 515";"B01";"2";"7";"0";"2";"1";"15";"1";""
"201900035946";"138 238 513";"A01";"2";"7";"13";"0";"3";"0";"1";""
"201900035947";"138 238 512";"A01";"1";"7";"0";"0";"9";"1";"1";""
"201900035948";"138 238 506";"B01";"1";"33";"0";"2";"3";"1";"0";""
"201900035948";"138 238 507";"A01";"0";"7";"0";"2";"5";"2";"0";""
"201900035949";"138 238 504";"A01";"1";"7";"0";"2";"2";"12";"1";""
"201900035949";"138 238 505";"B01";"1";"3";"0";"0";"4";"1";"1";""
"201900035950";"138 238 502";"B01";"1";"7";"0";"2";"6";"1";"1";""
"201900035950";"138 238 503";"A01";"1";"10";"0";"2";"1";"15";"1";""
"201900035951";"138 238 501";"A01";"2";"33";"6";"0";"1";"1";"1";""
"201900035952";"138 238 500";"A01";"2";"7";"0";"1";"3";"1";"1";""
"201900035953";"138 238 498";"B01";"1";"7";"0";"2";"3";"1";"1";""
"201900035953";"138 238 499";"A01";"2";"7";"0";"2";"3";"1";"1";""
"201900035954";"138 238 496";"A01";"1";"7";"0";"2";"3";"0";"0";""
"201900035954";"138 238 497";"B01";"0";"2";"0";"0";"3";"0";"1";""
"201900035955";"138 238 494";"A01";"1";"7";"0";"2";"3";"9";"1";""
"201900035955";"138 238 495";"B01";"1";"2";"0";"2";"3";"15";"1";""
"201900035956";"138 238 493";"A01";"2";"7";"6";"0";"1";"1";"6";""
"201900035957";"138 238 491";"B01";"1";"14";"0";"2";"3";"1";"1";""
"201900035957";"138 238 492";"A01";"2";"14";"0";"2";"3";"1";"1";""
"201900035958";"138 238 490";"A01";"3";"33";"0";"0";"7";"1";"1";""
"201900035959";"138 238 489";"A01";"1";"7";"0";"0";"9";"1";"1";""
"201900035960";"138 238 488";"A01";"2";"10";"3";"0";"3";"1";"0";""
"201900035961";"138 238 486";"A01";"2";"7";"0";"2";"1";"2";"1";""
"201900035961";"138 238 487";"B01";"2";"7";"0";"0";"4";"2";"1";""
"201900035962";"138 238 485";"A01";"2";"10";"16";"0";"9";"1";"1";""
"201900035963";"138 238 484";"A01";"2";"7";"3";"0";"1";"1";"1";""
"201900035964";"138 238 482";"B01";"2";"15";"0";"2";"3";"1";"1";""
"201900035964";"138 238 483";"A01";"1";"7";"0";"2";"3";"13";"1";""
"201900035965";"138 238 480";"B01";"1";"34";"0";"9";"7";"14";"1";""
"201900035965";"138 238 481";"A01";"1";"34";"0";"9";"8";"9";"1";""
"201900035966";"138 238 478";"B01";"1";"7";"0";"2";"8";"1";"1";""
"201900035966";"138 238 479";"A01";"1";"14";"0";"2";"2";"12";"1";""
"201900035967";"138 238 473";"B01";"2";"7";"0";"0";"8";"15";"1";""
"201900035967";"138 238 474";"A01";"1";"2";"0";"0";"1";"17";"1";""
"201900035968";"138 238 472";"A01";"1";"36";"0";"0";"9";"14";"1";""
"201900035969";"138 238 470";"C01";"1";"10";"0";"2";"3";"1";"1";""
"201900035969";"138 238 471";"A01";"2";"32";"0";"2";"6";"13";"1";""
"201900035970";"138 238 468";"B01";"3";"7";"0";"2";"1";"1";"1";""
"201900035970";"138 238 469";"A01";"3";"1";"0";"2";"0";"5";"5";""
"201900035971";"138 238 466";"A01";"2";"7";"0";"2";"8";"19";"1";""
"201900035971";"138 238 467";"B01";"1";"33";"0";"2";"1";"1";"0";""
"201900035972";"138 238 464";"A01";"0";"7";"0";"0";"6";"15";"1";""
"201900035972";"138 238 465";"B01";"0";"33";"0";"2";"1";"1";"1";""
"201900035973";"138 238 463";"A01";"1";"35";"6";"0";"1";"1";"1";""
"201900035974";"138 238 462";"A01";"3";"7";"16";"0";"9";"1";"1";""
"201900035975";"138 238 460";"A01";"0";"7";"0";"2";"3";"24";"1";""
"201900035975";"138 238 461";"B01";"3";"80";"1";"0";"1";"2";"3";""
"201900035976";"138 238 459";"A01";"3";"14";"13";"0";"1";"1";"1";""
"201900035977";"138 238 458";"A01";"3";"33";"3";"0";"2";"15";"1";""
"201900035978";"138 238 456";"A01";"3";"2";"0";"0";"8";"19";"1";""
"201900035978";"138 238 457";"B01";"2";"7";"0";"2";"3";"1";"1";""
"201900035979";"138 238 455";"A01";"3";"7";"2";"0";"2";"1";"1";""
"201900035980";"138 238 454";"A01";"2";"10";"3";"0";"1";"1";"1";""
"201900035981";"138 238 453";"A01";"2";"7";"0";"1";"2";"2";"0";""
"201900035982";"138 238 452";"A01";"0";"1";"14";"0";"0";"1";"5";""
"201900035983";"138 238 450";"A01";"1";"10";"0";"2";"4";"1";"1";""
"201900035983";"138 238 451";"B01";"1";"99";"0";"2";"4";"1";"5";""
"201900035984";"138 238 449";"A01";"3";"7";"0";"1";"7";"1";"1";""
"201900035985";"138 238 447";"A01";"2";"1";"0";"2";"6";"19";"5";""
"201900035985";"138 238 448";"B01";"1";"7";"0";"2";"3";"1";"1";""
"201900035986";"138 238 444";"A01";"2";"7";"0";"2";"1";"1";"1";""
"201900035986";"138 238 445";"B01";"2";"7";"0";"0";"7";"0";"1";""
"201900035986";"138 238 446";"C01";"1";"7";"0";"2";"1";"1";"1";""
"201900035987";"138 238 443";"A01";"2";"33";"0";"0";"0";"1";"1";""
"201900035988";"138 238 441";"B01";"2";"7";"0";"0";"6";"2";"1";""
"201900035988";"138 238 442";"A01";"2";"33";"0";"2";"1";"2";"1";""
"201900035989";"138 238 439";"B01";"0";"7";"0";"0";"0";"13";"0";""
"201900035989";"138 238 440";"A01";"0";"2";"10";"0";"2";"1";"0";""
"201900035990";"138 238 438";"A01";"1";"7";"13";"0";"2";"1";"1";""
"201900035991";"138 238 437";"A01";"3";"7";"6";"0";"8";"1";"6";""
"201900035992";"138 238 436";"A01";"1";"7";"2";"0";"1";"1";"0";""
"201900035993";"138 238 435";"A01";"0";"7";"0";"1";"6";"20";"1";""
"201900035994";"138 238 434";"A01";"3";"7";"0";"1";"2";"1";"1";""
"201900035995";"138 238 432";"B01";"2";"7";"0";"0";"1";"2";"1";""
"201900035995";"138 238 433";"A01";"2";"7";"0";"2";"4";"2";"1";""
"201900035996";"138 238 430";"A01";"1";"7";"0";"2";"1";"2";"1";""
"201900035996";"138 238 431";"B01";"1";"7";"0";"2";"4";"23";"1";""
"201900035997";"138 238 429";"A01";"3";"7";"4";"0";"0";"9";"1";""
"201900035998";"138 238 427";"B01";"1";"7";"0";"2";"4";"1";"1";""
"201900035998";"138 238 428";"A01";"1";"7";"0";"1";"1";"2";"1";""
"201900035999";"138 238 426";"A01";"2";"7";"4";"0";"1";"13";"1";""
"201900036000";"138 238 423";"A01";"2";"10";"0";"2";"2";"13";"1";""
"201900036000";"138 238 424";"C01";"2";"7";"0";"2";"4";"1";"1";""
"201900036000";"138 238 425";"B01";"2";"7";"0";"2";"6";"2";"1";""
"201900036001";"138 238 421";"A01";"1";"15";"0";"2";"7";"12";"1";""
"201900036001";"138 238 422";"B01";"1";"7";"0";"2";"8";"1";"1";""
"201900036002";"138 238 419";"B01";"1";"15";"0";"2";"8";"23";"1";""
"201900036002";"138 238 420";"A01";"1";"7";"1";"0";"7";"14";"1";""
"201900036003";"138 238 418";"A01";"2";"33";"0";"0";"0";"26";"1";""
"201900036004";"138 238 413";"E01";"2";"7";"0";"2";"7";"26";"1";""
"201900036004";"138 238 414";"D01";"2";"10";"0";"2";"4";"2";"1";""
"201900036004";"138 238 415";"C01";"2";"10";"0";"2";"4";"2";"1";""
"201900036004";"138 238 416";"B01";"2";"10";"0";"2";"4";"2";"1";""
"201900036004";"138 238 417";"A01";"2";"17";"0";"2";"1";"2";"1";""
"201900036005";"138 238 411";"B01";"2";"7";"0";"2";"1";"2";"1";""
"201900036005";"138 238 412";"A01";"2";"7";"0";"2";"4";"1";"1";""
"201900036006";"138 238 408";"C01";"2";"7";"0";"2";"1";"1";"1";""
"201900036006";"138 238 409";"B01";"1";"7";"0";"2";"9";"2";"0";""
"201900036006";"138 238 410";"A01";"1";"7";"0";"2";"6";"21";"0";""
"201900036007";"138 238 407";"A01";"2";"33";"0";"0";"5";"3";"6";""
"201900036008";"138 238 406";"A01";"1";"7";"3";"0";"1";"1";"1";""
"201900036009";"138 238 404";"A01";"1";"7";"0";"2";"1";"0";"1";""
"201900036009";"138 238 405";"B01";"1";"7";"0";"2";"4";"23";"1";""
"201900036010";"138 238 401";"A01";"2";"31";"0";"2";"1";"3";"1";""
"201900036010";"138 238 402";"B01";"2";"7";"0";"2";"2";"11";"1";""
"201900036010";"138 238 403";"C01";"2";"7";"0";"2";"6";"2";"1";""
"201900036011";"138 238 399";"A01";"1";"7";"3";"2";"1";"23";"1";""
"201900036011";"138 238 400";"B01";"1";"7";"1";"0";"1";"1";"1";""
"201900036012";"138 238 397";"B01";"1";"33";"0";"2";"1";"3";"1";""
"201900036012";"138 238 398";"A01";"1";"10";"0";"2";"2";"22";"1";""
"201900036013";"138 238 395";"B01";"2";"32";"0";"2";"8";"3";"1";""
"201900036013";"138 238 396";"A01";"2";"7";"0";"2";"7";"12";"1";""
"201900036014";"138 238 393";"B01";"1";"7";"0";"2";"2";"21";"1";""
"201900036014";"138 238 394";"A01";"1";"7";"0";"1";"2";"7";"3";""
"201900036015";"138 238 392";"A01";"1";"43";"8";"0";"1";"14";"1";""
"201900036016";"138 238 391";"A01";"1";"34";"0";"1";"1";"1";"1";""
"201900036017";"138 238 390";"A01";"1";"7";"12";"0";"1";"13";"1";""
"201900036018";"138 238 388";"Z01";"1";"7";"0";"2";"1";"14";"1";""
"201900036018";"138 238 389";"A01";"1";"50";"0";"2";"1";"1";"3";""
"201900036019";"138 238 386";"A01";"1";"33";"0";"2";"7";"1";"1";""
"201900036019";"138 238 387";"B01";"2";"50";"0";"2";"1";"1";"3";""
"201900036020";"138 238 385";"A01";"3";"7";"0";"1";"2";"1";"1";""
"201900036021";"138 238 384";"Z01";"2";"33";"0";"1";"1";"1";"1";""
"201900036022";"138 238 382";"A01";"1";"7";"0";"2";"3";"15";"1";""
"201900036022";"138 238 383";"B01";"2";"32";"0";"2";"1";"1";"1";""
"201900036023";"138 238 380";"A01";"2";"7";"0";"2";"2";"16";"1";""
"201900036023";"138 238 381";"Z01";"1";"30";"0";"2";"0";"7";"0";""
"201900036024";"138 238 379";"A01";"1";"32";"0";"1";"1";"1";"1";""
"201900036025";"138 238 377";"A01";"2";"7";"0";"2";"1";"15";"3";""
"201900036025";"138 238 378";"B01";"3";"32";"0";"2";"8";"1";"1";""
"201900036026";"138 238 375";"B01";"1";"7";"0";"2";"7";"23";"1";""
"201900036026";"138 238 376";"A01";"1";"30";"0";"2";"7";"7";"1";""
"201900036027";"138 238 373";"A01";"1";"1";"0";"2";"0";"13";"5";""
"201900036027";"138 238 374";"B01";"1";"7";"0";"2";"2";"1";"1";""
"201900036028";"138 238 372";"A01";"1";"7";"0";"1";"1";"1";"1";""
"201900036029";"138 238 370";"B01";"1";"7";"0";"2";"4";"1";"1";""
"201900036029";"138 238 371";"A01";"1";"7";"0";"2";"1";"1";"1";""
"201900036030";"138 238 369";"Z01";"1";"31";"0";"1";"1";"1";"1";""
"201900036031";"138 238 367";"B01";"1";"7";"0";"9";"3";"15";"1";""
"201900036031";"138 238 368";"A01";"2";"50";"0";"2";"2";"1";"3";""
"201900036032";"138 238 365";"B01";"1";"10";"0";"2";"3";"1";"1";""
"201900036032";"138 238 366";"A01";"1";"32";"0";"2";"1";"13";"1";""
"201900036033";"138 238 364";"A01";"1";"32";"1";"4";"1";"1";"1";""
"201900036034";"138 238 363";"A01";"2";"7";"0";"1";"1";"1";"1";""
"201900036035";"138 238 362";"A01";"3";"33";"12";"0";"3";"1";"1";""
"201900036036";"138 238 361";"A01";"2";"7";"0";"1";"1";"1";"2";""
"201900036037";"138 238 360";"A01";"1";"31";"0";"2";"0";"17";"1";""
"201900036038";"138 238 358";"A01";"2";"7";"0";"2";"1";"1";"1";""
"201900036038";"138 238 359";"B01";"1";"7";"0";"2";"7";"1";"1";""
"201900036039";"138 238 356";"B01";"2";"3";"0";"2";"3";"15";"1";""
"201900036039";"138 238 357";"A01";"2";"33";"0";"2";"2";"17";"1";""
"201900036040";"138 238 354";"B01";"3";"7";"0";"2";"3";"15";"1";""
"201900036040";"138 238 355";"A01";"3";"31";"0";"2";"1";"17";"1";""
"201900036041";"138 238 350";"B01";"3";"15";"0";"2";"6";"23";"1";""
"201900036041";"138 238 351";"A01";"3";"30";"0";"2";"1";"2";"1";""
"201900036042";"138 238 349";"A01";"1";"7";"0";"1";"2";"1";"1";""
"201900036043";"138 238 348";"A01";"2";"32";"0";"0";"0";"1";"1";""
"201900036044";"138 238 347";"A01";"1";"30";"12";"0";"1";"14";"1";""
"201900036045";"138 238 345";"B01";"2";"10";"0";"2";"3";"1";"0";""
"201900036045";"138 238 346";"A01";"2";"7";"12";"2";"3";"13";"0";""
"201900036046";"138 238 344";"A01";"1";"10";"0";"1";"2";"1";"3";""
"201900036047";"138 238 342";"A01";"2";"7";"0";"2";"2";"15";"1";""
"201900036047";"138 238 343";"B01";"1";"7";"0";"2";"1";"1";"1";""
"201900036048";"138 238 340";"A01";"2";"10";"0";"2";"1";"2";"1";""
"201900036048";"138 238 341";"B01";"2";"15";"0";"0";"4";"2";"1";""
"201900036049";"138 238 338";"A01";"1";"7";"0";"2";"3";"26";"1";""
"201900036049";"138 238 339";"B01";"2";"7";"0";"2";"3";"1";"1";""
"201900036050";"138 238 337";"A01";"2";"7";"0";"0";"2";"2";"1";""
"201900036051";"138 238 336";"A01";"1";"7";"13";"0";"3";"1";"1";""
"201900036052";"138 238 335";"A01";"2";"7";"0";"2";"1";"13";"1";""
"201900036053";"138 238 333";"A01";"2";"10";"1";"0";"6";"24";"1";""
"201900036053";"138 238 334";"B01";"2";"7";"1";"0";"5";"1";"1";""
"201900036054";"138 238 332";"A01";"1";"7";"0";"0";"7";"0";"1";""
"201900036055";"138 238 330";"B01";"1";"7";"0";"2";"2";"1";"1";""
"201900036055";"138 238 331";"A01";"2";"33";"0";"2";"1";"5";"1";""
"201900036056";"138 238 328";"B01";"2";"7";"0";"2";"2";"9";"1";""
"201900036056";"138 238 329";"A01";"1";"7";"0";"2";"3";"9";"1";""
"201900036057";"138 238 327";"A01";"1";"7";"17";"0";"2";"1";"1";""
"201900036058";"138 238 325";"A01";"1";"7";"0";"2";"2";"19";"1";""
"201900036058";"138 238 326";"B01";"1";"33";"0";"2";"5";"9";"1";""
"201900036059";"138 238 323";"B01";"2";"10";"0";"2";"1";"1";"1";""
"201900036059";"138 238 324";"A01";"1";"33";"0";"2";"1";"17";"1";""
"201900036060";"138 238 320";"B01";"1";"7";"0";"2";"3";"1";"1";""
"201900036060";"138 238 321";"A01";"2";"17";"0";"2";"3";"15";"1";""
"201900036060";"138 238 322";"C01";"2";"7";"0";"2";"3";"23";"1";""
"201900036061";"138 238 319";"A01";"1";"7";"13";"0";"7";"1";"1";""
"201900036062";"138 238 318";"A01";"3";"31";"0";"0";"0";"10";"1";""
"201900036063";"138 238 317";"A01";"3";"21";"6";"0";"1";"10";"1";""
"201900036064";"138 238 316";"A01";"3";"10";"2";"0";"1";"21";"1";""
"201900036065";"138 238 315";"A01";"0";"7";"2";"0";"3";"26";"1";""
"201900036066";"138 238 313";"A01";"1";"33";"0";"2";"1";"2";"1";""
"201900036066";"138 238 314";"B01";"1";"33";"0";"2";"8";"2";"1";""
"201900036067";"138 238 311";"A01";"1";"7";"0";"2";"2";"2";"0";""
"201900036067";"138 238 312";"B01";"1";"1";"0";"0";"8";"2";"5";""
"201900036068";"138 238 310";"A01";"0";"7";"2";"0";"9";"1";"1";""
"201900036069";"138 238 309";"A01";"2";"21";"0";"0";"0";"1";"1";""
"201900036070";"138 238 307";"A01";"2";"7";"0";"2";"3";"1";"0";""
"201900036070";"138 238 308";"B01";"1";"33";"0";"2";"2";"1";"1";""
"201900036071";"138 238 304";"B01";"2";"7";"0";"2";"3";"1";"1";""
"201900036071";"138 238 305";"A01";"2";"31";"0";"2";"5";"2";"1";""
"201900036072";"138 238 303";"A01";"3";"7";"9";"0";"1";"1";"1";""
"201900036073";"138 238 302";"A01";"2";"7";"6";"0";"1";"0";"1";""
"201900036074";"138 238 301";"A01";"0";"33";"14";"0";"1";"5";"1";""
"201900036075";"138 238 300";"A01";"3";"39";"0";"1";"3";"1";"1";""
"201900036076";"138 238 299";"A01";"0";"31";"0";"0";"7";"1";"1";""
"201900036077";"138 238 297";"B01";"1";"7";"0";"2";"2";"2";"0";""
"201900036077";"138 238 298";"A01";"1";"7";"0";"2";"3";"9";"0";""
"201900036078";"138 238 295";"A01";"2";"7";"0";"2";"1";"1";"1";""
"201900036078";"138 238 296";"B01";"1";"1";"0";"2";"1";"5";"5";""
"201900036079";"138 238 294";"A01";"2";"33";"13";"0";"7";"13";"1";""
"201900036080";"138 238 292";"A01";"3";"2";"0";"2";"1";"13";"1";""
"201900036080";"138 238 293";"B01";"3";"7";"0";"2";"1";"1";"1";""
"201900036081";"138 238 290";"A01";"2";"7";"0";"2";"3";"17";"1";""
"201900036081";"138 238 291";"B01";"1";"7";"0";"2";"3";"1";"1";""
"201900036082";"138 238 289";"A01";"2";"33";"2";"0";"1";"1";"1";""
"201900036083";"138 238 285";"A01";"3";"7";"0";"2";"1";"2";"0";""
"201900036083";"138 238 286";"B01";"0";"33";"0";"2";"4";"23";"1";""
"201900036083";"138 238 287";"C01";"3";"7";"0";"2";"4";"23";"1";""
"201900036083";"138 238 288";"D01";"3";"14";"0";"2";"4";"23";"1";""
"201900036084";"138 238 283";"A01";"3";"33";"0";"2";"1";"17";"0";""
"201900036084";"138 238 284";"B01";"0";"7";"0";"2";"3";"15";"0";""
"201900036085";"138 238 282";"A01";"2";"2";"0";"0";"8";"1";"1";""
"201900036086";"138 238 281";"A01";"2";"10";"0";"1";"1";"1";"1";""
"201900036087";"138 238 279";"B01";"2";"10";"0";"2";"4";"2";"1";""
"201900036087";"138 238 280";"A01";"2";"7";"0";"2";"1";"2";"1";""
"201900036088";"138 238 277";"A01";"0";"32";"0";"2";"2";"17";"1";""
"201900036088";"138 238 278";"B01";"0";"7";"0";"2";"6";"15";"1";""
"201900036089";"138 238 275";"A01";"1";"7";"7";"2";"2";"2";"1";""
"201900036089";"138 238 276";"B01";"1";"7";"0";"0";"6";"2";"1";""
"201900036090";"138 238 274";"A01";"1";"7";"13";"0";"3";"13";"1";""
"201900036091";"138 238 273";"A01";"1";"7";"8";"0";"2";"1";"1";""
"201900036092";"138 238 270";"C01";"2";"7";"0";"2";"1";"1";"1";""
"201900036092";"138 238 271";"B01";"1";"7";"0";"2";"6";"1";"1";""
"201900036092";"138 238 272";"A01";"1";"2";"0";"2";"1";"2";"1";""
"201900036093";"138 238 268";"A01";"2";"7";"0";"2";"3";"5";"0";""
"201900036093";"138 238 269";"B01";"2";"7";"0";"0";"3";"1";"0";""
"201900036094";"138 238 266";"B01";"2";"7";"0";"2";"3";"1";"1";""
"201900036094";"138 238 267";"A01";"1";"7";"0";"2";"6";"0";"1";""
"201900036095";"138 238 265";"A01";"1";"7";"6";"0";"0";"13";"1";""
"201900036096";"138 238 261";"D01";"1";"1";"0";"2";"1";"5";"5";""
"201900036096";"138 238 262";"C01";"1";"1";"0";"2";"1";"5";"5";""
"201900036096";"138 238 263";"B01";"1";"1";"0";"2";"1";"5";"5";""
"201900036096";"138 238 264";"A01";"3";"7";"0";"9";"1";"1";"1";""
"201900036097";"138 238 259";"A01";"0";"7";"0";"2";"1";"1";"1";""
"201900036097";"138 238 260";"B01";"0";"7";"0";"2";"4";"1";"1";""
"201900036098";"138 238 257";"B01";"1";"15";"0";"0";"6";"23";"1";""
"201900036098";"138 238 258";"A01";"1";"10";"1";"0";"2";"2";"1";""
"201900036099";"138 238 256";"A01";"1";"7";"0";"0";"1";"1";"1";""
"201900036100";"138 238 255";"A01";"3";"31";"12";"0";"7";"0";"1";""
"201900036101";"138 238 253";"A01";"1";"10";"0";"0";"1";"2";"1";""
"201900036101";"138 238 254";"B01";"1";"7";"0";"0";"4";"15";"1";""
"201900036102";"138 238 252";"A01";"1";"7";"0";"0";"3";"2";"1";""
"201900036103";"138 238 251";"A01";"1";"7";"6";"0";"8";"21";"0";""
"201900036104";"138 238 249";"B01";"2";"1";"0";"2";"8";"1";"5";""
"201900036104";"138 238 250";"A01";"2";"7";"0";"9";"2";"1";"1";""
"201900036105";"138 238 246";"A01";"3";"7";"0";"2";"1";"17";"1";""
"201900036105";"138 238 247";"B01";"3";"17";"0";"0";"3";"15";"1";""
"201900036106";"138 238 245";"A01";"3";"7";"0";"1";"2";"1";"0";""
"201900036107";"138 238 242";"C01";"2";"7";"0";"0";"3";"1";"1";""
"201900036107";"138 238 243";"B01";"2";"7";"0";"0";"8";"1";"1";""
"201900036107";"138 238 244";"A01";"1";"7";"7";"0";"1";"13";"1";""
"201900036108";"138 238 240";"B01";"1";"33";"0";"2";"1";"1";"1";""
"201900036108";"138 238 241";"A01";"1";"7";"0";"2";"4";"13";"1";""
"201900036109";"138 238 239";"A01";"1";"7";"2";"0";"2";"26";"1";""
"201900036110";"138 238 238";"A01";"1";"7";"4";"0";"3";"1";"1";""
"201900036111";"138 238 235";"C01";"2";"7";"4";"0";"4";"2";"1";""
"201900036111";"138 238 236";"B01";"2";"7";"4";"0";"4";"11";"1";""
"201900036111";"138 238 237";"A01";"2";"7";"0";"2";"1";"2";"1";""
"201900036112";"138 238 232";"A01";"1";"31";"0";"2";"3";"3";"1";""
"201900036112";"138 238 233";"B01";"1";"7";"0";"2";"5";"1";"1";""
"201900036112";"138 238 234";"C01";"1";"7";"0";"2";"6";"1";"1";""
"201900036113";"138 238 229";"C01";"2";"7";"0";"2";"1";"1";"1";""
"201900036113";"138 238 230";"B01";"2";"7";"0";"2";"4";"23";"2";""
"201900036113";"138 238 231";"A01";"2";"7";"1";"0";"1";"1";"1";""
"201900036114";"138 238 227";"B01";"2";"33";"0";"2";"7";"3";"1";""
"201900036114";"138 238 228";"A01";"2";"33";"0";"2";"8";"1";"1";""
"201900036115";"138 238 225";"B01";"2";"7";"0";"2";"3";"1";"1";""
"201900036115";"138 238 226";"A01";"2";"7";"0";"2";"2";"1";"1";""
"201900036116";"138 238 224";"A01";"0";"30";"0";"0";"7";"1";"1";""
"201900036117";"138 238 220";"A01";"3";"7";"4";"0";"9";"0";"1";""
"201900036118";"138 238 217";"A01";"0";"33";"0";"1";"1";"1";"0";""
"201900036119";"138 238 215";"A01";"2";"1";"0";"2";"4";"1";"5";""
"201900036119";"138 238 216";"B01";"2";"10";"0";"2";"2";"2";"1";""
"201900036120";"138 238 213";"B01";"2";"7";"0";"2";"4";"2";"2";""
"201900036120";"138 238 214";"A01";"2";"7";"0";"2";"1";"2";"2";""
"201900036121";"138 238 211";"B01";"1";"33";"0";"2";"1";"1";"1";""
"201900036121";"138 238 212";"A01";"1";"7";"0";"2";"5";"15";"1";""
"201900036122";"138 238 207";"B01";"2";"33";"0";"2";"1";"1";"1";""
"201900036122";"138 238 208";"A01";"1";"7";"0";"2";"3";"15";"0";""
"201900036123";"138 238 205";"B01";"2";"7";"0";"2";"4";"26";"1";""
"201900036123";"138 238 206";"A01";"2";"7";"0";"2";"1";"26";"1";""
"201900036124";"138 238 202";"A01";"2";"7";"0";"2";"8";"13";"1";""
"201900036124";"138 238 203";"B01";"1";"7";"0";"2";"8";"1";"1";""
"201900036124";"138 238 204";"C01";"1";"7";"0";"2";"2";"12";"1";""
"201900036125";"138 238 201";"A01";"2";"1";"0";"0";"0";"1";"5";""
"201900036126";"138 238 200";"A01";"1";"7";"0";"1";"3";"1";"1";""
"201900036127";"138 238 198";"A01";"1";"7";"0";"2";"2";"1";"1";""
"201900036127";"138 238 199";"B01";"1";"7";"0";"2";"3";"1";"1";""
"201900036128";"138 238 196";"B01";"3";"33";"0";"2";"7";"3";"1";""
"201900036128";"138 238 197";"A01";"3";"7";"0";"2";"3";"15";"1";""
"201900036129";"138 238 194";"B01";"1";"10";"0";"2";"2";"1";"1";""
"201900036129";"138 238 195";"A01";"2";"7";"0";"2";"1";"13";"1";""
"201900036130";"138 238 192";"B01";"3";"7";"0";"2";"0";"0";"1";""
"201900036130";"138 238 193";"A01";"2";"30";"0";"2";"0";"0";"1";""
"201900036131";"138 238 190";"B01";"2";"1";"0";"2";"8";"1";"5";""
"201900036131";"138 238 191";"A01";"2";"7";"0";"2";"7";"21";"1";""
"201900036132";"138 238 189";"A01";"2";"7";"9";"0";"1";"13";"1";""
"201900036133";"138 238 188";"A01";"2";"33";"0";"0";"8";"15";"1";""
"201900036134";"138 238 185";"C01";"1";"7";"0";"2";"1";"23";"1";""
"201900036134";"138 238 186";"A01";"2";"7";"6";"2";"1";"15";"1";""
"201900036134";"138 238 187";"B01";"1";"7";"0";"2";"3";"1";"1";""
"201900036135";"138 238 183";"A01";"1";"7";"8";"0";"1";"1";"1";""
"201900036136";"138 238 181";"B01";"1";"37";"0";"0";"1";"1";" -1";"1"
"201900036136";"138 238 182";"A01";"1";"30";"0";"2";"1";"1";"1";""
"201900036137";"138 238 179";"A01";"2";"10";"0";"2";"2";"19";"1";""