"Num_Acc";"id_vehicule";"num_veh";"senc";"catv";"obs";"obsm";"choc";"manv";"motor";"occutc"
"201900036729";"138 237 033";"B01";"1";"7";"0";"2";"1";"1";"1";""
"201900036730";"138 237 030";"A01";"3";"7";"0";"2";"3";"1";"1";""
"201900036730";"138 237 031";"B01";"3";"7";"0";"0";"5";"1";"1";""
"201900036731";"138 237 026";"A01";"2";"37";"0";"2";"2";"9";"1";"1"
"201900036731";"138 237 027";"B01";"2";"7";"0";"2";"6";"1";"0";""
"201900036732";"138 237 025";"A01";"0";"7";"0";"1";"1";"1";"1";""
"201900036733";"138 237 024";"A01";"1";"7";"0";"1";"1";"1";"1";""
"201900036734";"138 237 022";"A01";"1";"7";"0";"2";"4";"1";"1";""
"201900036734";"138 237 023";"B01";"2";"10";"0";"2";"1";"1";"1";""
"201900036735";"138 237 021";"A01";"2";"7";"0";"1";"3";"15";"1";""
"201900036736";"138 237 019";"B01";"1";"7";"0";"2";"1";"9";"1";""
"201900036736";"138 237 020";"A01";"1";"7";"0";"2";"2";"16";"1";""
"201900036737";"138 237 016";"C01";"1";"7";"0";"2";"4";"2";"1";""
"201900036737";"138 237 017";"A01";"1";"10";"0";"2";"1";"2";"1";""
"201900036737";"138 237 018";"B01";"1";"10";"0";"2";"1";"2";"1";""
"201900036738";"138 237 015";"A01";"1";"7";"14";"0";"1";"1";"1";""
"201900036739";"138 237 013";"A01";"3";"7";"0";"2";"8";"16";"1";""
"201900036739";"138 237 014";"B01";"3";"7";"0";"2";"1";"1";"1";""
"201900036740";"138 237 011";"B01";"2";"10";"0";"2";"6";"1";"1";""
"201900036740";"138 237 012";"A01";"2";"10";"0";"2";"1";"16";"1";""
"201900036741";"138 237 010";"A01";"1";"7";"8";"0";"3";"13";"1";""
"201900036742";"138 237 007";"A01";"1";"7";"0";"2";"1";"17";"1";""
"201900036742";"138 237 008";"B01";"1";"7";"0";"2";"1";"1";"1";""
"201900036742";"138 237 009";"C01";"1";"7";"0";"2";"1";"1";"1";""
"201900036743";"138 237 005";"A01";"1";"7";"0";"2";"1";"1";"1";""
"201900036743";"138 237 006";"B01";"1";"7";"0";"2";"4";"9";"1";""
"201900036744";"138 237 002";"A01";"2";"7";"0";"2";"5";"15";"1";""
"201900036744";"138 237 003";"B01";"1";"33";"0";"2";"1";"2";"1";""
"201900036744";"138 237 004";"A01";"3";"7";"0";"2";"1";"1";" -1";""
"201900036745";"138 236 998";"A01";"1";"33";"4";"0";"1";"26";"1";""
"201900036746";"138 236 993";"B01";"3";"1";"0";"2";"1";"19";"0";""
"201900036746";"138 236 994";"A01";"1";"7";"0";"2";"3";"1";"1";""
"201900036747";"138 236 991";"B01";"3";"7";"0";"2";"3";"15";"1";""
"201900036747";"138 236 992";"A01";"3";"7";"0";"2";"1";"1";"1";""
"201900036748";"138 236 989";"A01";"2";"7";"0";"2";"7";"12";"1";""
"201900036748";"138 236 990";"B01";"2";"33";"0";"2";"8";"3";"1";""
"201900036749";"138 236 986";"A01";"1";"7";"0";"2";"1";"1";"1";""
"201900036749";"138 236 987";"B01";"1";"3";"0";"2";"4";"23";"1";""
"201900036749";"138 236 988";"C01";"1";"7";"0";"2";"4";"23";"1";""
"201900036750";"138 236 984";"B01";"2";"2";"0";"2";"2";"1";"1";""
"201900036750";"138 236 985";"A01";"2";"2";"0";"2";"3";"13";"1";""
"201900036751";"138 236 983";"A01";"0";"7";"11";"0";"1";"1";"1";""
"201900036752";"138 236 981";"A01";"2";"10";"0";"2";"7";"26";"0";""
"201900036752";"138 236 982";"B01";"1";"33";"0";"2";"1";"9";"0";""
"201900036753";"138 236 979";"B01";"2";"7";"0";"2";"4";"1";"0";""
"201900036753";"138 236 980";"A01";"2";"7";"0";"2";"1";"2";"0";""
"201900036754";"138 236 978";"A01";"1";"10";"0";"1";"2";"1";"1";""
"201900036755";"138 236 976";"B01";"2";"7";"0";"2";"7";"1";"0";""
"201900036755";"138 236 977";"A01";"1";"33";"0";"2";"8";"1";"1";""
"201900036756";"138 236 974";"A01";"2";"7";"0";"2";"3";"11";"1";""
"201900036756";"138 236 975";"B01";"2";"2";"0";"2";"1";"17";"1";""
"201900036757";"138 236 972";"B01";"2";"33";"0";"2";"2";"2";"1";""
"201900036757";"138 236 973";"A01";"2";"7";"0";"2";"8";"10";"1";""
"201900036758";"138 236 971";"A01";"1";"1";"0";"1";"1";"1";"5";""
"201900036759";"138 236 970";"A01";"2";"30";"14";"0";"0";"1";"1";""
"201900036760";"138 236 969";"A01";"3";"7";"0";"1";"1";"1";"1";""
"201900036761";"138 236 958";"A01";"0";"1";"0";"1";"1";"1";"5";""
"201900036762";"138 236 956";"B01";"0";"7";"0";"2";"4";"23";"1";""
"201900036762";"138 236 957";"A01";"0";"2";"0";"2";"1";"1";"1";""
"201900036763";"138 236 954";"B01";"0";"7";"0";"2";"4";"1";"1";""
"201900036763";"138 236 955";"A01";"0";"2";"0";"2";"1";"1";"1";""
"201900036764";"138 236 952";"A01";"0";"7";"0";"2";"3";"13";"1";""
"201900036764";"138 236 953";"B01";"0";"7";"0";"2";"3";"1";"1";""
"201900036765";"138 236 950";"A01";"0";"7";"0";"2";"1";"1";"1";""
"201900036765";"138 236 951";"B01";"0";"2";"0";"2";"1";"1";"1";""
"201900036766";"138 236 948";"A01";"1";"7";"0";"2";"1";"1";"1";""
"201900036766";"138 236 949";"B01";"1";"7";"14";"2";"5";"1";"1";""
"201900036767";"138 236 947";"A01";"1";"30";"8";"0";"0";"14";"1";""
"201900036768";"138 236 945";"A01";"2";"7";"0";"2";"1";"15";"2";""
"201900036768";"138 236 946";"B01";"1";"80";"0";"2";"8";"1";"3";""
"201900036769";"138 236 944";"A01";"2";"7";"0";"1";"1";"19";"1";""
"201900036770";"138 236 941";"A01";"2";"7";"6";"0";"3";"1";"1";""
"201900036771";"138 236 939";"A01";"1";"7";"0";"2";"2";"2";"1";""
"201900036771";"138 236 940";"B01";"1";"7";"0";"2";"6";"0";"2";""
"201900036772";"138 236 938";"A01";"3";"7";"0";"1";"3";"26";"6";""
"201900036773";"138 236 936";"A01";"3";"7";"0";"2";"3";"24";"1";""
"201900036773";"138 236 937";"Z01";"3";"7";"1";"0";"2";"1";"0";""
"201900036774";"138 236 935";"A01";"1";"7";"2";"0";"1";"13";"1";""
"201900036775";"138 236 930";"B01";"0";"33";"0";"2";"1";"1";"1";""
"201900036775";"138 236 931";"A01";"0";"7";"0";"2";"8";"26";"1";""
"201900036776";"138 236 928";"B01";"1";"7";"0";"2";"8";"1";"1";""
"201900036776";"138 236 929";"A01";"2";"7";"0";"2";"4";"1";"1";""
"201900036777";"138 236 927";"A01";"2";"40";"0";"1";"7";"1";"0";""
"201900036778";"138 236 922";"A01";"0";"7";"0";"1";"2";"1";"1";""
"201900036779";"138 236 921";"A01";"3";"33";"6";"0";"3";"13";"1";""
"201900036780";"138 236 920";"A01";"1";"7";"0";"1";"8";"17";"0";""
"201900036781";"138 236 918";"A01";"3";"7";"0";"2";"1";"13";"1";""
"201900036781";"138 236 919";"B01";"3";"7";"0";"2";"1";"1";"1";""
"201900036782";"138 236 916";"B01";"2";"15";"0";"2";"1";"1";"1";""
"201900036782";"138 236 917";"A01";"2";"7";"0";"2";"1";"13";"1";""
"201900036783";"138 236 915";"A01";"2";"7";"15";"0";"1";"2";"1";""
"201900036784";"138 236 912";"A01";"1";"33";"0";"2";"4";"2";"1";""
"201900036785";"138 236 910";"B01";"2";"33";"0";"2";"1";"16";"6";""
"201900036785";"138 236 911";"A01";"1";"7";"0";"2";"7";"15";"6";""
"201900036786";"138 236 908";"B01";"1";"33";"0";"2";"8";"17";"1";""
"201900036786";"138 236 909";"A01";"1";"7";"0";"2";"8";"10";"1";""
"201900036787";"138 236 907";"A01";"3";"7";"0";"1";"2";"10";"1";""
"201900036788";"138 236 904";"A01";"1";"10";"1";"0";"1";"26";"1";""
"201900036788";"138 236 905";"C01";"1";"10";"0";"2";"4";"0";"1";""
"201900036788";"138 236 906";"B01";"1";"10";"1";"2";"4";"0";"1";""
"201900036789";"138 236 901";"A01";"2";"7";"0";"2";"4";"1";"1";""
"201900036789";"138 236 902";"B01";"2";"7";"0";"2";"4";"2";"1";""
"201900036789";"138 236 903";"C01";"2";"7";"0";"2";"1";"2";"1";""
"201900036790";"138 236 899";"B01";"2";"7";"0";"2";"3";"1";"2";""
"201900036790";"138 236 900";"A01";"1";"1";"0";"2";"2";"1";"5";""
"201900036791";"138 236 897";"B01";"3";"7";"0";"2";"1";"26";"1";""
"201900036791";"138 236 898";"A01";"3";"7";"0";"2";"1";"1";"1";""
"201900036792";"138 236 895";"A01";"3";"7";"1";"0";"9";"13";"1";""
"201900036792";"138 236 896";"B01";"3";"7";"0";"2";"3";"24";"1";""
"201900036793";"138 236 893";"B01";"2";"1";"0";"2";"1";"15";"5";""
"201900036793";"138 236 894";"A01";"2";"7";"0";"2";"7";"1";"1";""
"201900036794";"138 236 891";"B01";"2";"31";"0";"2";"7";"1";"0";""
"201900036794";"138 236 892";"A01";"1";"10";"0";"2";"0";"15";"0";""
"201900036795";"138 236 889";"Z01";"3";"7";"0";"2";"1";"0";"0";""
"201900036795";"138 236 890";"A01";"2";"1";"0";"2";"4";"26";"5";""
"201900036796";"138 236 887";"A01";"2";"7";"0";"2";"1";"1";"1";""
"201900036796";"138 236 888";"B01";"1";"1";"0";"2";"5";"1";"5";""
"201900036797";"138 236 884";"B01";"2";"7";"0";"2";"1";"2";"1";""
"201900036797";"138 236 885";"C01";"2";"7";"0";"2";"4";"2";"1";""
"201900036797";"138 236 886";"A01";"2";"7";"0";"2";"1";"2";"1";""
"201900036798";"138 236 882";"A01";"2";"7";"0";"2";"3";"1";"1";""
"201900036798";"138 236 883";"B01";"2";"7";"0";"2";"3";"1";"1";""
"201900036799";"138 236 880";"A01";"1";"7";"0";"2";"3";"13";"1";""
"201900036799";"138 236 881";"B01";"2";"7";"0";"2";"8";"14";"1";""
"201900036800";"138 236 873";"B01";"1";"33";"0";"2";"5";"23";"1";""
"201900036800";"138 236 874";"A01";"2";"10";"0";"2";"3";"9";"1";""
"201900036801";"138 236 872";"A01";"1";"7";"0";"1";"1";"1";"1";""
"201900036802";"138 236 868";"A01";"1";"7";"0";"2";"1";"2";"1";""
"201900036802";"138 236 869";"B01";"1";"7";"0";"2";"4";"2";"1";""
"201900036803";"138 236 866";"B01";"3";"7";"0";"2";"3";"1";"1";""
"201900036803";"138 236 867";"A01";"3";"7";"0";"2";"0";"0";"1";""
"201900036804";"138 236 865";"A01";"3";"7";"0";"1";"3";"18";"1";""
"201900036805";"138 236 862";"A01";"2";"7";"0";"1";"3";"15";"1";""
"201900036806";"138 236 861";"A01";"1";"7";"2";"0";"1";"26";"1";""
"201900036807";"138 236 860";"A01";"2";"7";"0";"1";"2";"1";"1";""
"201900036808";"138 236 859";"A01";"2";"7";"0";"1";"1";"16";"1";""
"201900036809";"138 236 854";"A01";"3";"7";"0";"1";"1";"1";"1";""
"201900036810";"138 236 852";"B01";"2";"7";"0";"2";"1";"1";"1";""
"201900036810";"138 236 853";"A01";"1";"7";"0";"2";"1";"13";"1";""
"201900036811";"138 236 848";"A01";"1";"1";"0";"2";"8";"26";"5";""
"201900036811";"138 236 849";"B01";"1";"7";"0";"2";"0";"0";"1";""
"201900036812";"138 236 846";"B01";"1";"33";"0";"2";"4";"1";"1";""
"201900036812";"138 236 847";"A01";"1";"7";"0";"2";"1";"1";"1";""
"201900036813";"138 236 844";"A01";"1";"7";"0";"2";"1";"15";"1";""
"201900036813";"138 236 845";"B01";"1";"34";"0";"2";"1";"1";"1";""
"201900036814";"138 236 842";"A01";"1";"7";"0";"2";"1";"15";"1";""
"201900036814";"138 236 843";"B01";"1";"7";"0";"2";"8";"1";"1";""
"201900036815";"138 236 840";"B01";"1";"7";"0";"2";"1";"1";"1";""
"201900036815";"138 236 841";"A01";"1";"10";"0";"2";"1";"15";"1";""
"201900036816";"138 236 837";"C01";"1";"7";"0";"2";"1";"1";"1";""
"201900036816";"138 236 838";"A01";"1";"2";"0";"2";"1";"1";"1";""
"201900036816";"138 236 839";"B01";"1";"7";"0";"2";"1";"1";"1";""
"201900036817";"138 236 835";"B01";"1";"7";"0";"2";"1";"1";"1";""
"201900036817";"138 236 836";"A01";"1";"7";"0";"2";"1";"1";"1";""
"201900036818";"138 236 834";"A01";"1";"7";"0";"0";"1";"1";"1";""
"201900036819";"138 236 833";"A01";"1";"7";"0";"1";"1";"26";"0";""
"201900036820";"138 236 832";"A01";"1";"7";"0";"1";"1";"1";"1";""
"201900036821";"138 236 831";"A01";"1";"7";"0";"1";"1";"16";"1";""
"201900036822";"138 236 830";"A01";"1";"7";"0";"1";"4";"4";"1";""
"201900036823";"138 236 827";"B01";"0";"7";"0";"2";"4";"2";"1";""
"201900036823";"138 236 828";"C01";"0";"7";"0";"0";"4";"1";"1";""
"201900036823";"138 236 829";"A01";"0";"7";"0";"2";"1";"2";"1";""
"201900036824";"138 236 826";"A01";"1";"7";"0";"1";"2";"16";"0";""
"201900036825";"138 236 825";"A01";"0";"7";"10";"0";"3";"0";"0";""
"201900036826";"138 236 823";"B01";"2";"7";"0";"2";"2";"13";"1";""
"201900036826";"138 236 824";"A01";"1";"7";"0";"2";"1";"1";"1";""
"201900036827";"138 236 821";"B01";"3";"7";"0";"2";"1";"19";"0";""
"201900036827";"138 236 822";"A01";"1";"7";"0";"2";"2";"26";"0";""
"201900036828";"138 236 819";"A01";"3";"10";"0";"2";"2";"2";"1";""
"201900036828";"138 236 820";"B01";"3";"2";"0";"2";"4";"2";"1";""
"201900036829";"138 236 818";"A01";"0";"7";"1";"0";"1";"10";"1";""
"201900036830";"138 236 816";"A01";"1";"7";"0";"2";"2";"1";"0";""
"201900036830";"138 236 817";"B01";"3";"1";"0";"2";"1";"19";"5";""
"201900036831";"138 236 815";"A01";"2";"7";"0";"1";"2";"14";"1";""
"201900036832";"138 236 813";"B01";"2";"7";"0";"2";"3";"1";"1";""
"201900036832";"138 236 814";"A01";"1";"7";"0";"2";"2";"10";"1";""
"201900036833";"138 236 811";"B01";"1";"1";"0";"2";"1";"1";"0";""
"201900036833";"138 236 812";"A01";"1";"80";"0";"2";"3";"9";"3";""
"201900036834";"138 236 809";"B01";"2";"7";"0";"2";"3";"1";"1";""
"201900036834";"138 236 810";"A01";"1";"7";"0";"2";"3";"13";"1";""
"201900036835";"138 236 807";"B01";"2";"33";"0";"0";"0";"1";"0";""
"201900036835";"138 236 808";"A01";"2";"7";"0";"2";"5";"1";"1";""
"201900036836";"138 236 805";"B01";"1";"7";"0";"0";"8";"15";"1";""
"201900036836";"138 236 806";"A01";"1";"30";"0";"2";"1";"1";"1";""
"201900036837";"138 236 803";"B01";"3";"1";"0";"2";"0";"1";"5";""
"201900036837";"138 236 804";"A01";"3";"7";"0";"6";"1";"9";"1";""
"201900036838";"138 236 799";"B01";"1";"7";"0";"2";"4";"15";"1";""
"201900036838";"138 236 800";"A01";"1";"30";"0";"2";"1";"1";"1";""
"201900036839";"138 236 798";"A01";"1";"31";"0";"0";"2";"15";"1";""
"201900036840";"138 236 797";"A01";"3";"7";"0";"1";"4";"4";"1";""
"201900036841";"138 236 796";"A01";"3";"30";"0";"0";"8";"1";"1";""
"201900036842";"138 236 794";"B01";"1";"7";"0";"2";"8";"1";"1";""
"201900036842";"138 236 795";"A01";"1";"1";"0";"2";"7";"17";"5";""
"201900036843";"138 236 793";"A01";"3";"1";"0";"0";"0";"0";"5";""
"201900036844";"138 236 791";"A01";"1";"10";"0";"2";"7";"15";"1";""
"201900036844";"138 236 792";"B01";"3";"31";"0";"2";"8";"1";"1";""
"201900036845";"138 236 790";"A01";"2";"7";"8";"0";"1";"13";"1";""
"201900036846";"138 236 788";"A01";"1";"7";"0";"2";"3";"15";"1";""
"201900036846";"138 236 789";"B01";"1";"2";"0";"2";"7";"17";"1";""
"201900036847";"138 236 786";"B01";"1";"33";"0";"2";"1";"1";"1";""
"201900036847";"138 236 787";"A01";"0";"7";"0";"2";"8";"15";"1";""
"201900036848";"138 236 784";"A01";"1";"7";"0";"2";"1";"13";"1";""
"201900036848";"138 236 785";"B01";"2";"7";"0";"2";"1";"1";"1";""
"201900036849";"138 236 782";"B01";"2";"10";"0";"2";"1";"9";"1";""
"201900036849";"138 236 783";"A01";"2";"2";"0";"2";"7";"25";"1";""
"201900036850";"138 236 780";"B01";"0";"7";"0";"2";"1";"1";"1";""
"201900036850";"138 236 781";"A01";"3";"7";"0";"2";"3";"19";"3";""
"201900036851";"138 236 779";"A01";"3";"99";"16";"0";"0";"23";"1";""
"201900036852";"138 236 778";"A01";"2";"3";"0";"0";"3";"13";"1";""
"201900036853";"138 236 777";"A01";"2";"33";"3";"0";"0";"9";"1";""
"201900036854";"138 236 775";"A01";"2";"33";"0";"2";"1";"17";"1";""
"201900036854";"138 236 776";"B01";"2";"10";"0";"2";"5";"1";"1";""
"201900036855";"138 236 773";"B01";"3";"1";"0";"2";"1";"1";"0";""
"201900036855";"138 236 774";"A01";"2";"7";"0";"6";"1";"15";"1";""
"201900036856";"138 236 770";"A01";"1";"7";"0";"2";"1";"2";"1";""
"201900036856";"138 236 771";"B01";"1";"7";"0";"2";"1";"1";"1";""
"201900036856";"138 236 772";"C01";"1";"7";"0";"2";"4";"2";"1";""
"201900036857";"138 236 767";"C01";"1";"32";"0";"2";"8";"0";"1";""
"201900036857";"138 236 768";"B01";"1";"7";"0";"2";"8";"14";"1";""
"201900036857";"138 236 769";"A01";"1";"37";"0";"2";"5";"15";"1";"1"
"201900036858";"138 236 765";"B01";"2";"32";"0";"2";"6";"11";"1";""
"201900036858";"138 236 766";"A01";"2";"7";"0";"2";"2";"11";"1";""
"201900036859";"138 236 764";"A01";"2";"10";"0";"1";"4";"4";"1";""
"201900036860";"138 236 763";"A01";"3";"7";"0";"1";"2";"20";"1";""
"201900036861";"138 236 762";"A01";"0";"7";"0";"1";"0";"1";"1";""
"201900036862";"138 236 760";"B01";"0";"7";"0";"2";"3";"1";"1";""
"201900036862";"138 236 761";"A01";"0";"7";"0";"2";"1";"1";"1";""
"201900036863";"138 236 758";"B01";"2";"7";"0";"2";"4";"1";"1";""
"201900036863";"138 236 759";"A01";"2";"37";"0";"2";"1";"1";"1";"1"
"201900036864";"138 236 756";"B01";"1";"34";"0";"2";"8";"1";"1";""
"201900036864";"138 236 757";"A01";"2";"7";"0";"2";"7";"15";"1";""
"201900036865";"138 236 754";"B01";"0";"50";"0";"2";"4";"1";"3";""
"201900036865";"138 236 755";"A01";"0";"1";"0";"2";"1";"1";"5";""
"201900036866";"138 236 753";"A01";"0";"1";"0";"1";"0";"1";"5";""
"201900036867";"138 236 751";"B01";"1";"7";"0";"2";"1";"1";"1";""
"201900036867";"138 236 752";"A01";"2";"7";"0";"2";"2";"15";"1";""
"201900036868";"138 236 749";"B01";"0";"2";"0";"2";"1";"1";"1";""
"201900036868";"138 236 750";"A01";"0";"7";"0";"2";"1";"13";"1";""
"201900036869";"138 236 748";"A01";"2";"7";"2";"0";"2";"1";"1";""
"201900036870";"138 236 747";"A01";"1";"7";"1";"1";"1";"14";"1";""
"201900036871";"138 236 746";"A01";"2";"7";"0";"1";"8";"1";"1";""
"201900036872";"138 236 745";"A01";"2";"31";"0";"1";"1";"1";"1";""
"201900036873";"138 236 743";"B01";"1";"7";"0";"2";"4";"1";"1";""
"201900036873";"138 236 744";"A01";"1";"2";"0";"2";"1";"1";"1";""
"201900036874";"138 236 742";"Z01";"1";"7";"0";"1";"0";"1";"1";""
"201900036875";"138 236 741";"A01";"0";"7";"12";"0";"2";"1";"1";""
"201900036876";"138 236 739";"B01";"1";"33";"0";"2";"1";"21";"1";""
"201900036876";"138 236 740";"A01";"1";"7";"0";"2";"3";"26";"1";""
"201900036877";"138 236 737";"A01";"2";"7";"0";"2";"7";"1";"1";""
"201900036877";"138 236 738";"B01";"1";"1";"0";"2";"8";"2";"5";""
"201900036878";"138 236 734";"A01";"1";"7";"0";"2";"1";"1";"1";""
"201900036878";"138 236 735";"B01";"1";"7";"0";"2";"1";"1";"1";""
"201900036878";"138 236 736";"C01";"1";"7";"1";"2";"4";"1";"1";""
"201900036879";"138 236 732";"A01";"2";"7";"0";"2";"5";"16";"1";""
"201900036879";"138 236 733";"B01";"2";"2";"0";"2";"1";"2";"1";""
"201900036880";"138 236 730";"B01";"3";"7";"0";"2";"8";"15";"1";""
"201900036880";"138 236 731";"A01";"3";"32";"0";"2";"1";"17";"1";""
"201900036881";"138 236 729";"A01";"3";"33";"0";"1";"1";"1";"1";""
"201900036882";"138 236 727";"B01";"1";"7";"0";"2";"3";"0";"1";""
"201900036882";"138 236 728";"A01";"1";"31";"8";"2";"1";"17";"1";""
"201900036883";"138 236 725";"B01";"2";"2";"0";"2";"1";"1";"1";""
"201900036883";"138 236 726";"A01";"0";"7";"0";"2";"7";"9";"1";""
"201900036884";"138 236 723";"B01";"1";"7";"0";"2";"1";"1";"1";""
"201900036884";"138 236 724";"A01";"2";"7";"0";"2";"7";"15";"1";""
"201900036885";"138 236 719";"C01";"1";"7";"0";"1";"4";"2";"1";""
"201900036885";"138 236 720";"B01";"1";"7";"0";"2";"4";"2";"1";""
"201900036885";"138 236 721";"A01";"1";"7";"0";"2";"1";"2";"1";""
"201900036886";"138 236 717";"B01";"1";"1";"1";"0";"1";"2";"5";""
"201900036886";"138 236 718";"A01";"1";"7";"0";"0";"8";"22";"1";""
"201900036887";"138 236 715";"B01";"3";"7";"0";"2";"4";"2";"1";""
"201900036887";"138 236 716";"A01";"3";"7";"0";"2";"1";"2";"1";""
"201900036888";"138 236 712";"B01";"1";"33";"0";"2";"7";"1";"1";""
"201900036888";"138 236 713";"A01";"2";"7";"0";"2";"2";"9";"1";""
"201900036889";"138 236 706";"A01";"2";"7";"4";"0";"9";"13";"1";""
"201900036890";"138 236 705";"B01";"1";"34";"12";"0";"1";"1";" -1";""
"201900036891";"138 236 702";"A01";"2";"7";"0";"2";"4";"1";"1";""
"201900036891";"138 236 703";"B01";"2";"7";"0";"0";"0";"0";"1";""
"201900036891";"138 236 704";"C01";"2";"7";"0";" -1";"1";"2";"1";""
"201900036892";"138 236 699";"F01";"1";"7";"0";"0";"4";"1";"1";""
"201900036892";"138 236 700";"E01";"1";"7";"0";"2";"9";"1";"1";""
"201900036892";"138 236 701";"D01";"1";"7";"0";"2";"1";"1";"1";""
"201900036893";"138 236 697";"A01";"1";"30";"0";"2";"1";"17";"1";""
"201900036893";"138 236 698";"B01";"1";"7";"0";"2";"0";"11";"1";""
"201900036894";"138 236 695";"A01";"3";"31";"0";"2";"1";"17";"1";""
"201900036894";"138 236 696";"B01";"3";"7";"0";"2";"0";"15";"1";""
"201900036895";"138 236 694";"A01";"3";"7";"0";"1";"3";"1";"1";""
"201900036896";"138 236 692";"A01";"0";"7";"0";"2";"2";"16";"1";""
"201900036896";"138 236 693";"B01";"0";"33";"0";"2";"8";"1";"1";""
"201900036897";"138 236 691";"A01";"2";"7";"0";"1";"2";"1";"1";""
"201900036898";"138 236 690";"A01";"0";"7";"8";"0";"1";"15";"1";""
"201900036899";"138 236 688";"B01";"2";"33";"0";"2";"4";"15";"1";""
"201900036899";"138 236 689";"A01";"2";"33";"0";"2";"2";"21";"1";""
"201900036900";"138 236 686";"Z01";"2";"7";"0";"2";"0";"0";"1";""
"201900036900";"138 236 687";"B01";"2";"7";"0";"2";"2";"17";"1";""
"201900036901";"138 236 684";"A01";"0";"7";"0";"2";"1";"1";"1";""
"201900036901";"138 236 685";"B01";"0";"7";"0";"2";"6";"23";"1";""
"201900036902";"138 236 682";"B01";"1";"1";"0";"2";"8";"1";"0";""
"201900036902";"138 236 683";"A01";"1";"7";"0";"2";"1";"1";"1";""
"201900036903";"138 236 680";"A01";"3";"7";"0";"2";"1";"1";"1";""
"201900036903";"138 236 681";"B01";"3";"7";"0";"2";"4";"1";"1";""
"201900036904";"138 236 678";"A01";"1";"7";"0";"2";"2";"1";"0";""
"201900036904";"138 236 679";"B01";"1";"7";"0";"2";"3";"22";"0";""
"201900036905";"138 236 677";"A01";"0";"7";"0";"1";"3";"1";"1";""
"201900036906";"138 236 675";"A01";"0";"31";"0";"2";"1";"16";"1";""
"201900036906";"138 236 676";"B01";"0";"34";"0";"2";"8";"15";"1";""
"201900036907";"138 236 673";"A01";"3";"3";"0";"2";"0";"26";"1";""
"201900036907";"138 236 674";"B01";"3";"32";"0";"2";"0";"21";"1";""
"201900036908";"138 236 671";"B01";"1";"7";"0";"2";"1";"1";"1";""
"201900036908";"138 236 672";"A01";"2";"7";"0";"2";"2";"15";"1";""
"201900036909";"138 236 670";"A01";"0";"7";"0";"1";"6";"1";"1";""
"201900036910";"138 236 668";"B01";"3";"7";"0";"2";"5";"15";"1";""
"201900036910";"138 236 669";"A01";"3";"7";"0";"2";"2";"1";"1";""
"201900036911";"138 236 666";"B01";"1";"10";"0";"2";"8";"15";"1";""
"201900036911";"138 236 667";"A01";"1";"30";"0";"2";"7";"17";"1";""
"201900036912";"138 236 664";"Z01";"2";"36";"0";"2";"0";"0";"0";""
"201900036912";"138 236 665";"A01";"2";"33";"0";"2";"4";"16";"1";""
"201900036913";"138 236 662";"A01";"3";"7";"0";"2";"9";"19";"1";""
"201900036913";"138 236 663";"B01";"3";"10";"0";"2";"1";"19";"1";""
"201900036914";"138 236 660";"P01";"0";"99";"0";"2";"1";"26";"5";""
"201900036914";"138 236 661";"A01";"0";"37";"0";"1";"1";"1";"1";"1"
"201900036915";"138 236 654";"A01";"3";"7";"0";"2";"3";"26";"1";""
"201900036915";"138 236 655";"B01";"3";"32";"0";"2";"3";"0";"1";""
"201900036916";"138 236 652";"B01";"1";"7";"0";"2";"2";"1";"1";""
"201900036916";"138 236 653";"A01";"1";"10";"0";"2";"3";"16";"1";""
"201900036917";"138 236 651";"A01";"1";"33";"1";"0";"1";"1";"1";""
"201900036918";"138 236 649";"A01";"3";"7";"0";"2";"1";"19";"1";""
"201900036918";"138 236 650";"B01";"2";"7";"0";"2";"7";"1";"1";""
"201900036919";"138 236 648";"A01";"1";"15";"0";"1";"5";"16";"0";""
"201900036920";"138 236 647";"A01";"0";"3";"0";"1";"3";"1";"2";""
"201900036921";"138 236 645";"A01";"3";"7";"12";"2";"1";"24";"1";""
"201900036921";"138 236 646";"B01";"3";"7";"1";"2";"1";"5";"1";""
"201900036922";"138 236 643";"A01";"2";"7";"0";"2";"2";"13";"1";""
"201900036922";"138 236 644";"B01";"1";"7";"0";"2";"7";"0";"1";""
"201900036923";"138 236 641";"B01";"3";"50";"0";"2";"8";"1";"3";""
"201900036923";"138 236 642";"A01";"3";"7";"0";"2";"2";"1";"1";""
"201900036924";"138 236 639";"A01";"1";"7";"0";"2";"3";"5";"1";""
"201900036924";"138 236 640";"B01";"0";"32";"0";"2";"0";"16";"1";""
"201900036925";"138 236 638";"A01";"3";"7";"0";"1";"3";"15";"0";""
"201900036926";"138 236 637";"A01";"0";"7";"0";"1";"2";"2";"0";""
"201900036927";"138 236 636";"A01";"2";"7";"0";"1";"1";"15";"1";""
"201900036928";"138 236 634";"A01";"2";"10";"0";"2";"2";"2";"1";""
"201900036928";"138 236 635";"B01";"2";"7";"0";"2";"3";"1";"1";""
"201900036929";"138 236 632";"A01";"1";"7";"0";"2";"6";"23";"1";""
"201900036929";"138 236 633";"B01";"3";"30";"0";"2";"0";"0";"1";""
"201900036930";"138 236 630";"A01";"1";"7";"0";"2";"2";"16";"1";""
"201900036930";"138 236 631";"B01";"2";"31";"0";"2";"8";"7";"1";""
"201900036931";"138 236 629";"A01";"2";"7";"13";"0";"0";"1";"0";""
"201900036932";"138 236 627";"B01";"1";"7";"0";"2";"1";"15";"1";""