"Num_Acc";"id_vehicule";"num_veh";"senc";"catv";"obs";"obsm";"choc";"manv";"motor";"occutc"
"201900037131";"138 236 233";"B01";"3";"1";"0";"2";"5";"0";"5";""
"201900037131";"138 236 234";"A01";"2";"7";"0";"2";"1";"9";"1";""
"201900037132";"138 236 232";"A01";"0";"33";"1";"0";"1";"14";"1";""
"201900037133";"138 236 230";"B01";"3";"14";"0";"2";"3";"1";"1";""
"201900037133";"138 236 231";"A01";"3";"7";"0";"2";"3";"13";"1";""
"201900037134";"138 236 229";"A01";"1";"34";"0";"0";"0";"0";"1";""
"201900037135";"138 236 228";"A01";"1";"31";"12";"0";"1";"1";"0";""
"201900037136";"138 236 227";"A01";"3";"7";"0";"0";"9";"0";"1";""
"201900037137";"138 236 225";"B01";"1";"7";"0";"2";"1";"23";"1";""
"201900037137";"138 236 226";"A01";"2";"30";"0";"1";"1";"3";"1";""
"201900037138";"138 236 224";"A01";"2";"30";"0";"1";"1";"1";"1";""
"201900037139";"138 236 222";"A01";"1";"31";"0";"2";"1";"17";"1";""
"201900037139";"138 236 223";"B01";"3";"7";"0";"2";"6";"15";"1";""
"201900037140";"138 236 220";"A01";"1";"30";"0";"2";"7";"17";"1";""
"201900037140";"138 236 221";"B01";"1";"7";"0";"2";"8";"15";"1";""
"201900037141";"138 236 218";"B01";"0";"37";"0";"2";"1";"1";"1";"3"
"201900037141";"138 236 219";"A01";"0";"7";"0";"2";"1";"13";"1";""
"201900037142";"138 236 215";"B01";"3";"7";"0";"2";"4";"0";"1";""
"201900037142";"138 236 216";"C01";"3";"7";"0";"2";"4";"0";"1";""
"201900037142";"138 236 217";"A01";"3";"7";"0";"2";"1";"0";"1";""
"201900037143";"138 236 213";"A01";"0";"33";"0";"2";"0";"26";"1";""
"201900037143";"138 236 214";"B01";"0";"7";"0";"2";"1";"1";"1";""
"201900037144";"138 236 212";"A01";"3";"30";"12";"0";"2";"1";"1";""
"201900037145";"138 236 210";"B01";"1";"10";"0";"6";"7";"1";"1";""
"201900037145";"138 236 211";"A01";"2";"31";"0";"2";"3";"0";"1";""
"201900037146";"138 236 208";"A01";"2";"7";"0";"2";"0";"15";"0";""
"201900037146";"138 236 209";"B01";"2";"32";"0";"2";"0";"2";"0";""
"201900037147";"138 236 207";"A01";"1";"1";"0";"0";"1";"0";"5";""
"201900037148";"138 236 206";"A01";"3";"10";"0";"1";"2";"26";"6";""
"201900037149";"138 236 204";"B01";"2";"33";"0";"2";"2";"17";"1";""
"201900037149";"138 236 205";"Z01";"2";"7";"0";"2";"8";"15";"1";""
"201900037150";"138 236 202";"A01";"3";"7";"0";"2";"1";"15";"6";""
"201900037150";"138 236 203";"B01";"3";"32";"0";"2";"1";"1";"6";""
"201900037151";"138 236 200";"A01";"1";"7";"0";"2";"3";"1";"1";""
"201900037151";"138 236 201";"B01";"2";"7";"0";"2";"8";"1";"1";""
"201900037152";"138 236 199";"A01";"1";"7";"0";"1";"2";"1";"0";""
"201900037153";"138 236 197";"B01";"2";"10";"0";"2";"5";"1";"1";""
"201900037153";"138 236 198";"A01";"1";"7";"0";"2";"1";"1";"1";""
"201900037154";"138 236 196";"A01";"0";"1";"0";"0";"0";"9";"0";""
"201900037155";"138 236 194";"B01";"2";"32";"0";"2";"1";"0";"0";""
"201900037155";"138 236 195";"A01";"2";"7";"0";"2";"3";"15";"0";""
"201900037156";"138 236 193";"A01";"2";"7";"9";"0";"8";"1";"1";""
"201900037157";"138 236 192";"A01";"2";"33";"0";"0";"2";"1";"1";""
"201900037158";"138 236 190";"B01";"1";"7";"0";"2";"6";"2";"1";""
"201900037158";"138 236 191";"A01";"1";"7";"6";"2";"1";"2";"1";""
"201900037159";"138 236 188";"B01";"2";"7";"0";"2";"1";"1";"0";""
"201900037159";"138 236 189";"A01";"1";"7";"0";"2";"1";"17";"0";""
"201900037160";"138 236 185";"C01";"1";"7";"0";"2";"1";"2";"1";""
"201900037160";"138 236 186";"B01";"1";"7";"0";"2";"9";"2";"1";""
"201900037160";"138 236 187";"A01";"1";"7";"0";"2";"4";"23";"1";""
"201900037161";"138 236 183";"B01";"2";"1";"0";"2";"7";"15";"5";""
"201900037161";"138 236 184";"A01";"2";"7";"0";"2";"3";"9";"1";""
"201900037162";"138 236 182";"A01";"3";"7";"13";"0";"9";"9";"1";""
"201900037163";"138 236 180";"B01";"2";"34";"0";"2";"1";"1";"1";""
"201900037163";"138 236 181";"A01";"1";"7";"0";"2";"7";"15";"1";""
"201900037164";"138 236 178";"A01";"1";"7";"0";"0";"0";"0";"0";""
"201900037164";"138 236 179";"B01";"1";"34";"0";"0";"0";"0";"1";""
"201900037165";"138 236 176";"A01";"2";"10";"0";"2";"1";"2";"1";""
"201900037165";"138 236 177";"B01";"2";"7";"0";"0";"4";"2";"1";""
"201900037166";"138 236 174";"A01";"1";"10";"0";"2";"3";"15";"1";""
"201900037166";"138 236 175";"B01";"1";"10";"0";"2";"1";"1";"1";""
"201900037167";"138 236 170";"A01";"2";"33";"0";"2";"1";"17";"1";""
"201900037167";"138 236 171";"C01";"1";"32";"0";"2";"1";"1";"1";""
"201900037167";"138 236 172";"D01";"2";"7";"0";"2";"6";"1";"1";""
"201900037167";"138 236 173";"B01";"2";"33";"0";"2";"9";"17";"1";""
"201900037168";"138 236 168";"A01";"3";"7";"0";"2";"3";"10";"1";""
"201900037168";"138 236 169";"B01";"3";"33";"0";"2";"1";"21";"1";""
"201900037169";"138 236 167";"A01";"1";"7";"0";"1";"1";"1";"1";""
"201900037170";"138 236 165";"A01";"1";"7";"0";"2";"6";"15";"0";""
"201900037170";"138 236 166";"B01";"2";"32";"0";"2";"1";"26";"0";""
"201900037171";"138 236 164";"A01";"2";"7";"0";"1";"1";"15";"1";""
"201900037172";"138 236 163";"A01";"2";"7";"0";"1";"2";"1";"1";""
"201900037173";"138 236 161";"B01";"1";"7";"0";"2";"4";"23";"1";""
"201900037173";"138 236 162";"A01";"1";"7";"0";"2";"1";"2";"1";""
"201900037174";"138 236 159";"B01";"1";"7";"0";"2";"3";"1";"1";""
"201900037174";"138 236 160";"A01";"2";"7";"0";"2";"3";"13";"1";""
"201900037175";"138 236 158";"A01";"1";"32";"0";"0";"8";"26";"1";""
"201900037176";"138 236 156";"A01";"1";"7";"11";"2";"2";"15";"1";""
"201900037176";"138 236 157";"B01";"2";"7";"13";"2";"1";"2";"1";""
"201900037177";"138 236 154";"B01";"3";"2";"0";"2";"2";"2";"1";""
"201900037177";"138 236 155";"A01";"3";"7";"0";"2";"8";"2";"1";""
"201900037178";"138 236 151";"A01";"3";"7";"1";"0";"1";"13";"6";""
"201900037179";"138 236 148";"A01";"2";"31";"0";"2";"3";"11";"1";""
"201900037179";"138 236 149";"B01";"2";"32";"0";"2";"1";"3";"1";""
"201900037179";"138 236 150";"C01";"2";"7";"0";"2";"4";"1";"1";""
"201900037180";"138 236 147";"A01";"3";"31";"8";"0";"3";"1";"1";""
"201900037181";"138 236 145";"B01";"1";"7";"0";"2";"5";"16";"1";""
"201900037181";"138 236 146";"A01";"2";"30";"0";"2";"1";"1";"1";""
"201900037182";"138 236 143";"A01";"2";"30";"0";"2";"2";"8";"3";""
"201900037182";"138 236 144";"B01";"2";"7";"0";"2";"8";"15";"1";""
"201900037183";"138 236 142";"A01";"2";"30";"0";"0";"8";"1";"1";""
"201900037184";"138 236 140";"A01";"1";"7";"0";"2";"2";"21";"2";""
"201900037184";"138 236 141";"B01";"2";"1";"0";"2";"4";"1";"5";""
"201900037185";"138 236 139";"A01";"1";"30";"0";"1";"1";"1";"3";""
"201900037186";"138 236 137";"B01";"1";"32";"0";"2";"4";"1";"1";""
"201900037186";"138 236 138";"A01";"1";"7";"0";"2";"1";"1";"1";""
"201900037187";"138 236 136";"A01";"2";"34";"0";"1";"2";"1";"1";""
"201900037188";"138 236 134";"B01";"1";"7";"0";"2";"3";"1";"1";""
"201900037188";"138 236 135";"A01";"1";"31";"0";"2";"1";"1";"1";""
"201900037189";"138 236 133";"A01";"2";"30";"14";"0";"1";"18";"1";""
"201900037190";"138 236 131";"A01";"1";"30";"0";"2";"7";"1";"1";""
"201900037190";"138 236 132";"B01";"2";"10";"0";"2";"1";"1";"1";""
"201900037191";"138 236 129";"B01";"1";"7";"0";"2";"4";"2";"1";""
"201900037191";"138 236 130";"A01";"1";"7";"0";"2";"1";"2";"1";""
"201900037192";"138 236 126";"A01";"1";"7";"1";"1";"2";"1";"1";""
"201900037193";"138 236 125";"A01";"1";"1";"0";"0";"0";"21";"5";""
"201900037194";"138 236 123";"A01";"1";"1";"0";"2";"7";"15";"5";""
"201900037194";"138 236 124";"B01";"3";"7";"0";"2";"3";"1";"1";""
"201900037195";"138 236 122";"A01";"1";"7";"0";"1";"1";"1";"1";""
"201900037196";"138 236 120";"B01";"2";"7";"0";"2";"3";"16";"1";""
"201900037196";"138 236 121";"A01";"1";"31";"0";"2";"2";"1";"1";""
"201900037197";"138 236 119";"A01";"1";"33";"14";"0";"0";"16";"1";""
"201900037198";"138 236 116";"A01";"3";"7";"0";"2";"1";"2";"1";""
"201900037198";"138 236 117";"B01";"3";"7";"0";"2";"4";"2";"1";""
"201900037198";"138 236 118";"C01";"3";"7";"0";"2";"4";"2";"1";""
"201900037199";"138 236 115";"A01";"1";"7";"14";"1";"4";"4";"1";""
"201900037200";"138 236 114";"A01";"2";"33";"1";"0";"1";"14";"3";""
"201900037201";"138 236 112";"B01";"1";"7";"0";"2";"2";"1";"1";""
"201900037201";"138 236 113";"A01";"1";"31";"0";"2";"8";"13";"1";""
"201900037202";"138 236 108";"A01";"3";"7";"0";"1";"3";"15";"2";""
"201900037203";"138 236 106";"B01";"1";"7";"0";"2";"3";"15";"1";""
"201900037203";"138 236 107";"A01";"1";"30";"0";"2";"2";"3";"1";""
"201900037204";"138 236 104";"B01";"1";"7";"0";"2";"3";"15";"1";""
"201900037204";"138 236 105";"A01";"1";"32";"0";"2";"7";"17";"1";""
"201900037205";"138 236 103";"A01";"1";"32";"0";"1";"1";"1";"1";""
"201900037206";"138 236 101";"B01";"2";"32";"0";"2";"7";"1";"1";""
"201900037206";"138 236 102";"A01";"2";"7";"0";"2";"8";"13";"1";""
"201900037207";"138 236 098";"A01";"1";"10";"0";"2";"1";"2";"1";""
"201900037207";"138 236 099";"B01";"1";"7";"0";"2";"4";"23";"1";""
"201900037207";"138 236 100";"C01";"1";"7";"0";"2";"4";"23";"1";""
"201900037208";"138 236 094";"A01";"2";"7";"0";"2";"3";"20";"1";""
"201900037208";"138 236 095";"B01";"2";"30";"0";"2";"1";"1";"1";""
"201900037209";"138 236 092";"A01";"1";"10";"0";"2";"8";"15";"1";""
"201900037209";"138 236 093";"B01";"1";"2";"0";"2";"7";"17";"1";""
"201900037210";"138 236 090";"A01";"2";"33";"0";"2";"1";"7";"1";""
"201900037210";"138 236 091";"B01";"2";"7";"0";"2";"3";"16";"1";""
"201900037211";"138 236 088";"B01";"1";"7";"0";"2";"7";"15";"1";""
"201900037211";"138 236 089";"A01";"2";"30";"0";"2";"1";"1";"1";""
"201900037212";"138 236 086";"B01";"1";"2";"0";"2";"1";"1";"1";""
"201900037212";"138 236 087";"A01";"1";"10";"0";"2";"3";"1";"1";""
"201900037213";"138 236 085";"A01";"1";"7";"8";"1";"2";"9";"2";""
"201900037214";"138 236 084";"A01";"2";"10";"0";"1";"2";"2";"1";""
"201900037215";"138 236 082";"A01";"2";"1";"0";"2";"6";"15";"5";""
"201900037215";"138 236 083";"B01";"2";"32";"0";"2";"2";"17";"1";""
"201900037216";"138 236 081";"A01";"1";"2";"1";"0";"8";"13";"1";""
"201900037217";"138 236 080";"A01";"1";"7";"4";"0";"1";"13";"1";""
"201900037218";"138 236 079";"A01";"2";"7";"0";"1";"2";"1";"1";""
"201900037219";"138 236 077";"B01";"1";"43";"0";"2";"3";"1";"1";""
"201900037219";"138 236 078";"A01";"1";"7";"0";"2";"5";"16";"1";""
"201900037220";"138 236 075";"B01";"1";"1";"0";"2";"6";"15";"5";""
"201900037220";"138 236 076";"A01";"1";"30";"0";"2";"2";"17";"1";""
"201900037221";"138 236 073";"A01";"1";"10";"0";"2";"2";"1";"1";""
"201900037221";"138 236 074";"B01";"2";"34";"0";"2";"6";"1";"1";""
"201900037222";"138 236 071";"B01";"1";"7";"0";"2";"3";"15";"1";""
"201900037222";"138 236 072";"A01";"1";"32";"0";"2";"7";"5";"1";""
"201900037223";"138 236 070";"A01";"2";"7";"0";"1";"1";"1";"1";""
"201900037224";"138 236 069";"A01";"2";"50";"0";"1";"8";"1";"3";""
"201900037225";"138 236 067";"B01";"2";"1";"0";"2";"1";"1";"5";""
"201900037225";"138 236 068";"A01";"2";"7";"0";"2";"3";"22";"1";""
"201900037226";"138 236 065";"A01";"2";"7";"0";"2";"3";"22";"1";""
"201900037226";"138 236 066";"B01";"2";"33";"0";"2";"2";"3";"1";""
"201900037227";"138 236 064";"A01";"1";"10";"11";"0";"1";"13";"1";""
"201900037228";"138 236 062";"A01";"2";"7";"0";"2";"7";"15";"1";""
"201900037228";"138 236 063";"B01";"2";"7";"0";"2";"1";"1";"1";""
"201900037229";"138 236 060";"B01";"3";"7";"0";"2";"1";"1";"1";""
"201900037229";"138 236 061";"A01";"3";"7";"0";"2";"7";"16";"1";""
"201900037230";"138 236 059";"A01";"2";"43";"0";"1";"2";"1";"1";""
"201900037231";"138 236 058";"A01";"2";"30";"0";"0";"7";"1";"1";""
"201900037232";"138 236 057";"A01";"2";"7";"0";"1";"2";"23";"1";""
"201900037233";"138 236 055";"A01";"2";"34";"0";"2";"4";"23";"1";""
"201900037233";"138 236 056";"Z01";"2";"7";"0";"2";"1";"1";"1";""
"201900037234";"138 236 053";"A01";"2";"7";"0";"2";"1";"15";"1";""
"201900037234";"138 236 054";"B01";"1";"2";"0";"2";"7";"1";"3";""
"201900037235";"138 236 051";"A01";"1";"14";"0";"2";"7";"1";"1";""
"201900037235";"138 236 052";"B01";"1";"2";"0";"2";"1";"1";"1";""
"201900037236";"138 236 047";"B01";"2";"1";"0";"2";"0";"1";"5";""
"201900037236";"138 236 048";"A01";"2";"7";"0";"2";"5";"22";"1";""
"201900037237";"138 236 046";"A01";"2";"1";"0";"0";"0";"1";"5";""
"201900037238";"138 236 045";"A01";"1";"37";"0";"1";"7";"1";"2";"1"
"201900037239";"138 236 044";"A01";"2";"32";"0";"1";"1";"3";"1";""
"201900037240";"138 236 041";"B01";"1";"32";"0";"2";"2";"1";"1";""
"201900037240";"138 236 042";"A01";"1";"7";"0";"2";"3";"13";"1";""
"201900037241";"138 236 039";"B01";"1";"34";"0";"2";"1";"1";"1";""
"201900037241";"138 236 040";"A01";"2";"7";"0";"2";"7";"1";"1";""
"201900037242";"138 236 038";"A01";"1";"33";"14";"0";"0";"14";"1";""
"201900037243";"138 236 036";"B01";"1";"1";"0";"2";"2";"1";"5";""
"201900037243";"138 236 037";"A01";"1";"7";"0";"2";"2";"14";"1";""
"201900037244";"138 236 034";"B01";"2";"33";"0";"2";"5";"1";"1";""
"201900037244";"138 236 035";"A01";"2";"30";"0";"2";"8";"10";"1";""
"201900037245";"138 236 033";"A01";"2";"10";"0";"1";"4";"4";"1";""
"201900037246";"138 236 032";"A01";"1";"7";"0";"1";"4";"20";"0";""
"201900037247";"138 236 030";"A01";"1";"30";"0";"2";"2";"1";"1";""
"201900037247";"138 236 031";"B01";"1";"7";"0";"2";"3";"26";"1";""
"201900037248";"138 236 029";"A01";"1";"7";"0";"1";"2";"5";"0";""
"201900037249";"138 236 028";"A01";"2";"31";"15";"0";"0";"0";"1";""
"201900037250";"138 236 026";"B01";"1";"2";"0";"2";"1";"17";"1";""
"201900037250";"138 236 027";"A01";"1";"7";"0";"2";"8";"15";"1";""
"201900037251";"138 236 025";"A01";"2";"1";"0";"1";"7";"25";"6";""
"201900037252";"138 236 023";"A01";"1";"42";"0";"2";"2";"3";"1";""
"201900037252";"138 236 024";"B01";"1";"10";"0";"2";"4";"1";"1";""
"201900037253";"138 236 022";"A01";"2";"30";"0";"1";"2";"25";"1";""
"201900037254";"138 236 021";"A01";"1";"10";"0";"1";"2";"16";"1";""
"201900037255";"138 236 019";"A01";"1";"32";"0";"2";"5";"3";"1";""
"201900037255";"138 236 020";"B01";"1";"7";"0";"2";"3";"13";"1";""
"201900037256";"138 236 018";"A01";"1";"7";"8";"0";"1";"14";"1";""
"201900037257";"138 236 015";"A01";"1";"7";"9";"0";"1";"26";"1";""
"201900037258";"138 236 016";"B01";"3";"7";"16";"0";"0";"0";"1";""
"201900037258";"138 236 017";"A01";"3";"37";"16";"0";"1";"2";"2";"1"
"201900037259";"138 236 011";"A01";"1";"7";"0";"1";"3";"26";"1";""
"201900037260";"138 236 007";"A01";"1";"7";"16";"0";"5";"0";"1";""
"201900037260";"138 236 008";"B01";"3";"7";"0";"2";"2";"2";"1";""
"201900037261";"138 236 009";"A01";"1";"3";"0";"2";"1";"11";"1";""
"201900037261";"138 236 010";"B01";"1";"2";"0";"2";"8";"1";"1";""
"201900037262";"138 236 006";"A01";"3";"7";"0";"1";"1";"1";"1";""
"201900037263";"138 236 005";"A01";"1";"7";"0";"1";"1";"1";"0";""
"201900037264";"138 236 004";"A01";"2";"7";"0";"2";"2";"14";"0";""
"201900037265";"138 236 002";"A01";"1";"7";"0";"2";"1";"2";"1";""
"201900037265";"138 236 003";"B01";"1";"7";"0";"2";"4";"2";"1";""
"201900037266";"138 235 999";"B01";"3";"7";"0";"2";"3";"1";"1";""
"201900037266";"138 236 000";"A01";"3";"7";"0";"2";"3";"15";"1";""
"201900037267";"138 235 997";"A01";"3";"7";"0";"2";"2";"19";"1";""
"201900037267";"138 235 998";"B01";"3";"2";"0";"2";"1";"15";"1";""
"201900037268";"138 235 996";"A01";"1";"10";"0";"1";"1";"1";"0";""
"201900037269";"138 235 995";"A01";"0";"30";"0";"2";"1";"19";"1";""
"201900037269";"138 236 001";"B01";"0";"7";"0";"2";"1";"1";"1";""
"201900037270";"138 235 992";"C01";"1";"7";"0";"2";"5";"0";"0";""
"201900037270";"138 235 993";"B01";"2";"7";"0";"2";"3";"1";"1";""
"201900037270";"138 235 994";"A01";"1";"50";"1";"2";"1";"1";"3";""
"201900037271";"138 235 991";"A01";"1";"32";"8";"0";"8";"26";"0";""
"201900037272";"138 235 990";"A01";"1";"7";"3";"0";"1";"16";"0";""
"201900037273";"138 235 988";"A01";"2";"34";"0";"2";"2";"11";"1";""
"201900037273";"138 235 989";"B01";"2";"7";"0";"2";"6";"1";"1";""
"201900037274";"138 235 986";"A01";"1";"99";"0";"2";"1";"0";"3";""
"201900037274";"138 235 987";"B01";"3";"7";"0";"2";"0";"0";"0";""
"201900037275";"138 235 984";"A01";"3";"7";"0";"6";"3";"25";"1";""
"201900037275";"138 235 985";"B01";"1";"99";"0";"2";"7";"1";"3";""
"201900037276";"138 235 981";"B01";"2";"7";"0";"2";"3";"1";"1";""
"201900037276";"138 235 982";"C01";"2";"7";"0";"2";"8";"1";"1";""
"201900037276";"138 235 983";"A01";"1";"33";"0";"2";"1";"5";"1";""
"201900037277";"138 235 979";"A01";"1";"99";"0";"1";"2";"15";"6";""
"201900037278";"138 235 976";"B01";"1";"7";"0";"2";"3";"13";"0";""
"201900037278";"138 235 977";"C01";"2";"7";"0";"1";"2";"26";"0";""
"201900037278";"138 235 978";"A01";"1";"30";"0";"2";"2";"17";"0";""
"201900037279";"138 235 973";"B01";"1";"7";"0";"6";"1";"1";"0";""
"201900037279";"138 235 974";"A01";"1";"7";"0";"6";"2";"16";"0";""
"201900037280";"138 235 971";"B01";"1";"7";"0";"2";"3";"19";"1";""
"201900037280";"138 235 972";"A01";"1";"7";"0";"2";"2";"26";"1";""
"201900037281";"138 235 969";"A01";"1";"3";"0";"2";"3";"20";"0";""
"201900037281";"138 235 970";"B01";"1";"2";"0";"2";"2";"2";"0";""
"201900037282";"138 235 968";"A01";"2";"32";"0";"1";"3";"1";"1";""
"201900037283";"138 235 967";"A01";"1";"7";"0";"1";"1";"1";"0";""
"201900037284";"138 235 965";"B01";"1";"7";"0";"2";"1";"1";"0";""
"201900037284";"138 235 966";"A01";"1";"7";"0";"2";"3";"1";"0";""
"201900037285";"138 235 964";"A01";"1";"7";"0";"0";"8";"15";"1";""
"201900037286";"138 235 980";"A01";"3";"7";"5";"0";"2";"21";"1";""
"201900037287";"138 235 959";"B01";"1";"2";"0";"2";"2";"10";"1";""
"201900037287";"138 235 960";"A01";"1";"7";"0";"2";"1";"1";"1";""
"201900037288";"138 235 961";"A01";"1";"7";"0";"2";"5";"0";"1";""
"201900037288";"138 235 962";"B01";"1";"7";"0";"2";"3";"1";"1";""
"201900037289";"138 235 957";"B01";"1";"7";"0";"2";"4";"2";"1";""
"201900037289";"138 235 958";"A01";"1";"7";"0";"2";"4";"2";"1";""
"201900037290";"138 235 956";"A01";"1";"7";"0";"1";"7";"20";"1";""
"201900037291";"138 235 955";"A01";"2";"7";"0";"1";"3";"15";"1";""
"201900037292";"138 235 954";"A01";"2";"7";"15";"1";"1";"15";"1";""
"201900037293";"138 235 952";"A01";"0";"31";"0";"2";"1";"17";"1";""
"201900037293";"138 235 953";"B01";"0";"7";"0";"2";"3";"9";"1";""
"201900037294";"138 235 951";"A01";"1";"1";"12";"0";"2";"25";"0";""
"201900037295";"138 235 949";"B01";"1";"1";"0";"2";"1";"0";"5";""
"201900037295";"138 235 950";"A01";"1";"7";"0";"2";"3";"9";"1";""
"201900037296";"138 235 947";"A01";"3";"7";"0";"2";"5";"1";"1";""
"201900037296";"138 235 948";"B01";"0";"7";"0";"2";"1";"16";"1";""
"201900037297";"138 235 943";"A01";"2";"7";"0";"2";"1";"1";"1";""
"201900037297";"138 235 944";"B01";"2";"7";"0";"2";"4";"1";"1";""
"201900037297";"138 235 945";"C01";"2";"7";"0";"2";"4";"1";"1";""
"201900037297";"138 235 946";"D01";"2";"7";"0";"2";"4";"1";"1";""
"201900037298";"138 235 942";"A01";"3";"0";"0";"1";"2";"0";"0";""
"201900037299";"138 235 940";"A01";"1";"7";"0";"2";"3";"15";"1";""
"201900037299";"138 235 941";"B01";"2";"50";"0";"2";"1";"0";"3";""
"201900037300";"138 235 938";"A01";"1";"7";"0";"2";"1";"9";"1";""
"201900037300";"138 235 939";"B01";"1";"7";"0";"2";"4";"9";"1";""
"201900037301";"138 235 936";"A01";"2";"33";"1";"2";"7";"1";"1";""
"201900037301";"138 235 937";"B01";"2";"7";"0";"2";"8";"15";"1";""
"201900037302";"138 235 934";"A01";"1";"7";"0";"6";"0";"0";"0";""
"201900037302";"138 235 935";"B01";"1";"1";"0";"2";"0";"0";"0";""
"201900037303";"138 235 932";"B01";"3";"32";"0";"2";"3";"21";"1";""
"201900037303";"138 235 933";"A01";"3";"7";"1";"0";"3";"13";"1";""
"201900037304";"138 235 930";"B01";"1";"7";"0";"2";"6";"15";"1";""
"201900037304";"138 235 931";"A01";"1";"31";"0";"2";"1";"2";"1";""
"201900037305";"138 235 929";"A01";"2";"32";"8";"0";"1";"2";"1";""
"201900037306";"138 235 927";"A01";"1";"10";"0";"2";"2";"15";"1";""
"201900037306";"138 235 928";"B01";"2";"33";"0";"2";"1";"1";"1";""
"201900037307";"138 235 925";"A01";"1";"7";"0";"2";"1";"15";"0";""
"201900037307";"138 235 926";"B01";"1";"80";"0";"2";"1";"18";"3";""
"201900037308";"138 235 920";"A01";"1";"2";"0";"2";"1";"2";"1";""
"201900037308";"138 235 921";"B01";"1";"7";"0";"2";"4";"1";"1";""
"201900037309";"138 235 918";"B01";"3";"33";"0";"2";"7";"16";"1";""
"201900037309";"138 235 919";"A01";"3";"7";"0";"2";"8";"15";"1";""
"201900037310";"138 235 917";"A01";"3";"31";"1";"0";"1";"9";"0";""
"201900037311";"138 235 915";"B01";"3";"2";"0";"2";"1";"1";"1";""
"201900037311";"138 235 916";"A01";"2";"7";"0";"2";"6";"15";"1";""
"201900037312";"138 235 912";"A01";"1";"15";"0";"1";"1";"1";"1";""
"201900037313";"138 235 907";"A01";"3";"30";"0";"1";"0";"25";"0";""
"201900037314";"138 235 904";"A01";"1";"10";"1";"1";"2";"0";"1";""
"201900037315";"138 235 902";"A01";"1";"30";"0";"2";"4";"26";"1";""
"201900037315";"138 235 903";"B01";"1";"37";"0";"2";"4";"23";"1";"1"
"201900037316";"138 235 900";"B01";"0";"13";"0";"2";"3";"1";"1";""
"201900037316";"138 235 901";"A01";"2";"7";"0";"2";"3";"13";"1";""
"201900037317";"138 235 896";"A01";"2";"7";"0";"2";"1";"1";"1";""
"201900037317";"138 235 897";"B01";"3";"7";"0";"2";"7";"15";"1";""
"201900037318";"138 235 895";"A01";"2";"7";"4";"0";"2";"2";"0";""
"201900037319";"138 235 893";"Z01";"1";"7";"0";"2";"1";"2";"0";""
"201900037319";"138 235 894";"B01";"1";"33";"0";"2";"4";"2";"0";""
"201900037320";"138 235 891";"B01";"1";"33";"0";"2";"1";"1";"1";""
"201900037320";"138 235 892";"A01";"1";"7";"0";"2";"2";"15";"1";""
"201900037321";"138 235 889";"B01";"1";"7";"0";"2";"1";"1";"1";""
"201900037321";"138 235 890";"A01";"2";"7";"0";"2";"1";"15";"1";""
"201900037322";"138 235 888";"A01";"1";"10";"2";"0";"1";"13";"1";""
"201900037323";"138 235 886";"A01";"2";"7";"0";"2";"1";"15";"1";""
"201900037323";"138 235 887";"B01";"1";"33";"0";"2";"1";"0";"1";""
"201900037324";"138 235 884";"B01";"2";"7";"0";"2";"4";"2";"1";""
"201900037324";"138 235 885";"A01";"2";"7";"0";"2";"1";"2";"1";""
"201900037325";"138 235 881";"B01";"2";"17";"0";"2";"3";"1";"1";""
"201900037325";"138 235 882";"A01";"1";"7";"0";"2";"5";"12";"1";""
"201900037326";"138 235 879";"A01";"1";"1";"0";"2";"4";"0";"5";""
"201900037326";"138 235 880";"Z01";"1";"7";"0";"0";"0";"0";"0";""
"201900037327";"138 235 878";"A01";"1";"30";"11";"0";"1";"1";"1";""
"201900037328";"138 235 877";"A01";"1";"33";"1";"1";"1";"14";"1";""
"201900037329";"138 235 875";"B01";"3";"7";"0";"2";"8";"2";"1";""
"201900037329";"138 235 876";"A01";"3";"7";"0";"2";"7";"15";"1";""
"201900037330";"138 235 869";"B01";"2";"7";"0";"2";"3";"1";"1";""
"201900037330";"138 235 870";"A01";"1";"30";"0";"2";"1";"5";"1";""
"201900037331";"138 235 867";"A01";"3";"7";"0";"6";"1";"1";"1";""
"201900037331";"138 235 868";"B01";"3";"30";"0";"2";"7";"1";"1";""
"201900037332";"138 235 865";"A01";"1";"7";"0";"2";"7";"16";"1";""
"201900037332";"138 235 866";"B01";"3";"1";"0";"2";"0";"1";"0";""
"201900037333";"138 235 863";"A01";"2";"7";"0";"6";"3";"26";"1";""
"201900037333";"138 235 864";"B01";"2";"80";"0";"2";"1";"1";"3";""
"201900037334";"138 235 861";"B01";"2";"7";"0";"2";"2";"16";"1";""
"201900037334";"138 235 862";"A01";"2";"32";"0";"2";"8";"18";"1";""
"201900037335";"138 235 855";"C01";"1";"32";"0";"2";"1";"1";"1";""
"201900037335";"138 235 856";"B01";"1";"7";"0";"2";"2";"17";"1";""
"201900037335";"138 235 857";"A01";"2";"14";"0";"6";"3";"2";"1";""
"201900037336";"138 235 853";"B01";"2";"2";"0";"2";"1";"2";"1";""
"201900037336";"138 235 854";"A01";"2";"7";"0";"2";"3";"26";"1";""
"201900037337";"138 235 844";"B01";"0";"1";"0";"2";"1";"1";"5";""
"201900037337";"138 235 845";"A01";"0";"7";"0";"2";"3";"9";"1";""
"201900037338";"138 235 842";"B01";"0";"7";"0";"2";"1";"1";"1";""