"Num_Acc";"id_vehicule";"num_veh";"senc";"catv";"obs";"obsm";"choc";"manv";"motor";"occutc"
"201900037740";"138 235 060";"A01";"3";"10";"0";"2";"5";"14";"1";""
"201900037741";"138 235 058";"A01";"1";"7";"0";"1";"3";"1";"1";""
"201900037742";"138 235 056";"B01";"1";"15";"0";"2";"2";"1";"1";""
"201900037742";"138 235 057";"A01";"1";"7";"0";"2";"8";"9";"1";""
"201900037743";"138 235 055";"A01";"1";"3";"0";"1";"1";"9";"0";""
"201900037744";"138 235 053";"A01";"3";"7";"0";"2";"1";"2";"1";""
"201900037744";"138 235 054";"B01";"3";"7";"0";"2";"4";"2";"1";""
"201900037745";"138 235 051";"A01";"1";"7";"0";"2";"2";"26";"1";""
"201900037745";"138 235 052";"B01";"1";"7";"0";"2";"3";"26";"1";""
"201900037746";"138 235 049";"A01";"3";"7";"0";"2";"1";"26";"0";""
"201900037746";"138 235 050";"B01";"3";"7";"0";"2";"4";"23";"0";""
"201900037747";"138 235 047";"B01";"2";"7";"0";"2";"7";"12";"1";""
"201900037747";"138 235 048";"A01";"2";"32";"0";"2";"8";"3";"1";""
"201900037748";"138 235 045";"A01";"3";"33";"12";"0";"1";"17";"1";""
"201900037749";"138 235 044";"A01";"1";"7";"0";"0";"3";"26";"1";""
"201900037750";"138 235 042";"A01";"1";"7";"0";"2";"1";"9";"1";""
"201900037750";"138 235 043";"B01";"1";"7";"0";"2";"4";"9";"1";""
"201900037751";"138 235 040";"A01";"1";"7";"0";"2";"1";"1";"1";""
"201900037751";"138 235 041";"B01";"2";"10";"8";"2";"8";"9";"1";""
"201900037752";"138 235 039";"A01";"1";"33";"6";"0";"1";"9";"1";""
"201900037753";"138 235 035";"A01";"3";"7";"0";"2";"1";"26";"1";""
"201900037753";"138 235 036";"B01";"3";"7";"0";"2";"1";"12";"1";""
"201900037754";"138 235 033";"A01";"1";"33";"0";"2";"1";"21";"1";""
"201900037754";"138 235 034";"B01";"1";"33";"0";"2";"3";"19";"1";""
"201900037755";"138 235 031";"A01";"1";"7";"0";"2";"1";"2";"1";""
"201900037755";"138 235 032";"B01";"1";"7";"0";"2";"4";"2";"1";""
"201900037756";"138 235 029";"A01";"2";"1";"0";"2";"1";"1";"5";""
"201900037756";"138 235 030";"B01";"2";"7";"0";"6";"4";"1";"1";""
"201900037757";"138 235 027";"A01";"1";"7";"0";"2";"7";"16";"1";""
"201900037757";"138 235 028";"B01";"1";"33";"0";"2";"8";"1";"1";""
"201900037758";"138 235 026";"A01";"1";"7";"0";"1";"2";"10";"1";""
"201900037759";"138 235 024";"A01";"1";"7";"0";"2";"7";"1";"1";""
"201900037759";"138 235 025";"B01";"1";"33";"0";"2";"1";"26";"1";""
"201900037760";"138 235 022";"B01";"1";"2";"0";"2";"4";"2";"1";""
"201900037760";"138 235 023";"A01";"1";"7";"0";"2";"2";"2";"1";""
"201900037761";"138 235 020";"B01";"1";"33";"0";"2";"3";"1";"1";""
"201900037761";"138 235 021";"A01";"1";"38";"0";"2";"2";"1";"1";"1"
"201900037762";"138 235 016";"A01";"2";"7";"0";"2";"3";"15";"1";""
"201900037762";"138 235 017";"B01";"2";"2";"0";"2";"7";"3";"1";""
"201900037763";"138 235 014";"A01";"1";"2";"0";"2";"1";"1";"0";""
"201900037763";"138 235 015";"B01";"1";"3";"0";"2";"6";"1";"0";""
"201900037764";"138 235 012";"B01";"0";"30";"0";"2";"1";"1";"1";""
"201900037764";"138 235 013";"A01";"3";"30";"0";"2";"1";"11";"0";""
"201900037765";"138 235 011";"A01";"3";"30";"0";"1";"1";"0";"0";""
"201900037766";"138 235 009";"A01";"1";"7";"0";"2";"2";"1";"0";""
"201900037766";"138 235 010";"B01";"2";"50";"0";"2";"8";"1";"3";""
"201900037767";"138 235 007";"B01";"1";"1";"0";"2";"1";"1";"0";""
"201900037767";"138 235 008";"A01";"1";"7";"0";"2";"8";"24";"0";""
"201900037768";"138 235 006";"A01";"2";"7";"0";"1";"1";"1";"3";""
"201900037769";"138 235 005";"A01";"3";"99";"0";"1";"1";"15";"3";""
"201900037770";"138 235 004";"A01";"2";"7";"0";"1";"2";"1";"1";""
"201900037771";"138 235 002";"A01";"3";"10";"0";"2";"2";"9";"0";""
"201900037771";"138 235 003";"B01";"3";"1";"0";"2";"0";"0";"0";""
"201900037772";"138 235 000";"B01";"3";"7";"0";"2";"3";"0";"1";""
"201900037772";"138 235 001";"A01";"0";"7";"0";"2";"3";"0";"1";""
"201900037773";"138 234 998";"B01";"1";"7";"0";"2";"1";"0";"1";""
"201900037773";"138 234 999";"A01";"2";"33";"0";"2";"1";"13";"1";""
"201900037774";"138 234 996";"A01";"2";"7";"1";"2";"3";"19";"1";""
"201900037774";"138 234 997";"B01";"1";"7";"0";"2";"1";"1";"1";""
"201900037775";"138 234 994";"B01";"1";"31";"0";"2";"1";"2";"1";""
"201900037775";"138 234 995";"A01";"1";"7";"0";"2";"6";"2";"1";""
"201900037776";"138 234 992";"A01";"1";"7";"0";"2";"2";"1";"1";""
"201900037776";"138 234 993";"B01";"3";"30";"0";"2";"1";"15";"1";""
"201900037777";"138 234 990";"B01";"1";"31";"0";"2";"8";"1";"1";""
"201900037777";"138 234 991";"A01";"1";"10";"0";"2";"2";"9";"1";""
"201900037778";"138 234 989";"A01";"1";"40";"0";"1";"3";"1";"0";""
"201900037779";"138 234 987";"B01";"2";"7";"0";"2";"1";"1";"1";""
"201900037779";"138 234 988";"A01";"2";"2";"0";"2";"3";"19";"1";""
"201900037780";"138 234 986";"A01";"3";"7";"0";"1";"2";"16";"1";""
"201900037781";"138 234 985";"A01";"1";"33";"0";"1";"1";"18";"1";""
"201900037782";"138 234 983";"B01";"1";"1";"0";"2";"8";"1";"5";""
"201900037782";"138 234 984";"A01";"1";"17";"0";"2";"7";"1";"1";""
"201900037783";"138 234 981";"B01";"2";"33";"0";"2";"2";"17";"1";""
"201900037783";"138 234 982";"A01";"1";"7";"0";"2";"2";"9";"1";""
"201900037784";"138 234 979";"A01";"1";"7";"0";"2";"1";"2";"1";""
"201900037784";"138 234 980";"B01";"1";"7";"0";"2";"4";"2";"1";""
"201900037785";"138 234 977";"A01";"1";"7";"0";"2";"3";"13";"1";""
"201900037785";"138 234 978";"B01";"2";"7";"0";"2";"8";"1";"1";""
"201900037786";"138 234 976";"A01";"1";"7";"0";"1";"1";"0";"1";""
"201900037787";"138 234 974";"A01";"3";"7";"16";"0";"9";"15";"0";""
"201900037787";"138 234 975";"B01";"3";"7";"0";"2";"8";"1";"0";""
"201900037788";"138 234 972";"B01";"1";"7";"0";"2";"4";"2";"1";""
"201900037788";"138 234 973";"A01";"1";"7";"0";"2";"1";"2";"1";""
"201900037789";"138 234 971";"A01";"1";"10";"0";"1";"2";"1";"1";""
"201900037790";"138 234 969";"A01";"1";"7";"0";"2";"0";"15";"1";""
"201900037790";"138 234 970";"B01";"2";"33";"0";"2";"1";"1";"0";""
"201900037791";"138 234 967";"B01";"3";"7";"8";"2";"1";"1";"1";""
"201900037791";"138 234 968";"A01";"3";"7";"0";"2";"1";"26";"1";""
"201900037792";"138 234 966";"A01";"3";"1";"0";"1";"0";"25";"6";""
"201900037793";"138 234 965";"A01";"2";"10";"0";"1";"6";"4";"1";""
"201900037794";"138 234 963";"A01";"3";"7";"0";"2";"3";"16";"1";""
"201900037794";"138 234 964";"B01";"0";"1";"0";"2";"1";"1";"5";""
"201900037795";"138 234 959";"B01";"2";"10";"0";"2";"6";"10";"0";""
"201900037795";"138 234 960";"A01";"2";"10";"0";"2";"2";"2";"0";""
"201900037796";"138 234 957";"B01";"1";"7";"0";"2";"8";"23";"1";""
"201900037796";"138 234 958";"A01";"2";"7";"0";"2";"3";"9";"1";""
"201900037797";"138 234 956";"A01";"2";"7";"0";"1";"2";"1";"1";""
"201900037798";"138 234 955";"A01";"1";"7";"0";"1";"1";"1";"1";""
"201900037799";"138 234 953";"B01";"1";"33";"0";"2";"5";"2";"1";""
"201900037799";"138 234 954";"A01";"1";"7";"0";"2";"3";"2";"1";""
"201900037800";"138 234 951";"A01";"1";"10";"0";"2";"7";"16";"1";""
"201900037800";"138 234 952";"B01";"3";"31";"0";"2";"2";"1";"1";""
"201900037801";"138 234 950";"A01";"2";"7";"13";"0";"1";"1";"1";""
"201900037802";"138 234 948";"A01";"1";"31";"0";"2";"1";"15";"1";""
"201900037802";"138 234 949";"B01";"0";"33";"0";"2";"1";"18";"1";""
"201900037803";"138 234 946";"Z01";"2";"7";"0";"2";"1";"16";"1";""
"201900037803";"138 234 947";"A01";"1";"32";"0";"2";"8";"1";"1";""
"201900037804";"138 234 944";"B01";"0";"99";"0";"2";"8";"0";"0";""
"201900037804";"138 234 945";"A01";"0";"30";"0";"2";"8";"1";"0";""
"201900037805";"138 234 942";"B01";"3";"7";"0";"2";"3";"1";"1";""
"201900037805";"138 234 943";"A01";"3";"7";"0";"2";"3";"15";"1";""
"201900037806";"138 234 939";"A01";"1";"10";"0";"2";"3";"2";"1";""
"201900037806";"138 234 940";"B01";"1";"7";"0";"2";"5";"1";"0";""
"201900037806";"138 234 941";"C01";"1";"7";"0";"2";"3";"2";"1";""
"201900037807";"138 234 937";"B01";"1";"33";"0";"2";"1";"1";"1";""
"201900037807";"138 234 938";"A01";"2";"7";"0";"2";"2";"10";"1";""
"201900037808";"138 234 935";"B01";"1";"7";"0";"2";"1";"2";"1";""
"201900037808";"138 234 936";"A01";"1";"7";"0";"0";"4";"23";"2";""
"201900037809";"138 234 933";"B01";"0";"3";"0";"0";"0";"0";"0";""
"201900037809";"138 234 934";"A01";"1";"3";"1";"0";"1";"1";"0";""
"201900037810";"138 234 932";"A01";"1";"7";"0";"1";"3";"1";"1";""
"201900037811";"138 234 930";"B01";"1";"3";"0";"2";"6";"1";"1";""
"201900037811";"138 234 931";"A01";"1";"3";"0";"2";"3";"13";"1";""
"201900037812";"138 234 928";"A01";"3";"10";"0";"2";"1";"1";"1";""
"201900037812";"138 234 929";"B01";"3";"10";"0";"2";"7";"16";"1";""
"201900037813";"138 234 926";"A01";"2";"7";"0";"2";"8";"1";"6";""
"201900037813";"138 234 927";"B01";"1";"7";"0";"2";"1";"15";"1";""
"201900037814";"138 234 924";"B01";"2";"7";"0";"2";"5";"15";"1";""
"201900037814";"138 234 925";"A01";"2";"7";"0";"2";"0";"15";"1";""
"201900037815";"138 234 918";"A01";"2";"7";"0";"2";"4";"10";"1";""
"201900037815";"138 234 919";"B01";"2";"0";"0";"2";"1";"1";"0";""
"201900037816";"138 234 916";"B01";"1";"7";"0";"2";"1";"13";"1";""
"201900037816";"138 234 917";"A01";"2";"17";"0";"2";"3";"1";"1";""
"201900037817";"138 234 915";"A01";"2";"7";"2";"0";"3";"1";"1";""
"201900037818";"138 234 912";"C01";"2";"7";"0";"0";"0";"14";"0";""
"201900037818";"138 234 913";"B01";"2";"7";"0";"2";"3";"1";"0";""
"201900037818";"138 234 914";"A01";"1";"7";"0";"2";"3";"1";"0";""
"201900037819";"138 234 910";"B01";"2";"1";"0";"2";"8";"1";"5";""
"201900037819";"138 234 911";"A01";"1";"7";"0";"2";"1";"26";"1";""
"201900037820";"138 234 908";"B01";"3";"7";"0";"2";"1";"0";"1";""
"201900037820";"138 234 909";"A01";"3";"7";"0";"2";"7";"0";"1";""
"201900037821";"138 234 906";"B01";"2";"33";"0";"0";"8";"1";"1";""
"201900037821";"138 234 907";"A01";"1";"7";"0";"0";"0";"10";"1";""
"201900037822";"138 234 904";"A01";"2";"33";"0";"2";"1";"1";"1";""
"201900037822";"138 234 905";"A01";"2";"7";"0";"2";"2";"15";"1";""
"201900037823";"138 234 903";"A01";"1";"7";"13";"0";"1";"13";"1";""
"201900037824";"138 234 901";"A01";"3";"10";"0";"2";"7";"13";"1";""
"201900037824";"138 234 902";"B01";"3";"10";"0";"0";"3";"10";"1";""
"201900037825";"138 234 900";"A01";"1";"33";"0";"0";"7";"20";"1";""
"201900037826";"138 234 899";"A01";"2";"33";"0";"0";"0";"1";"1";""
"201900037827";"138 234 897";"A01";"3";"7";"0";"2";"7";"19";"1";""
"201900037827";"138 234 898";"B01";"3";"7";"0";"2";"1";"1";"1";""
"201900037828";"138 234 895";"A01";"3";"7";"0";"2";"3";"13";"1";""
"201900037828";"138 234 896";"B01";"3";"7";"0";"2";"3";"21";"1";""
"201900037829";"138 234 894";"A01";"0";"1";"0";"1";"0";"1";"0";""
"201900037830";"138 234 892";"A01";"1";"33";"0";"2";"1";"19";"1";""
"201900037830";"138 234 893";"B01";"1";"7";"0";"2";"3";"1";"1";""
"201900037831";"138 234 891";"A01";"0";"14";"0";"0";"8";"16";"1";""
"201900037832";"138 234 890";"A01";"1";"7";"1";"0";"2";"0";"1";""
"201900037833";"138 234 888";"A01";"2";"7";"0";"2";"7";"19";"2";""
"201900037833";"138 234 889";"B01";"2";"7";"0";"2";"3";"1";"1";""
"201900037834";"138 234 885";"C01";"1";"7";"0";"0";"4";"2";"1";""
"201900037834";"138 234 886";"B01";"1";"7";"0";"2";"2";"2";"1";""
"201900037834";"138 234 887";"A01";"1";"7";"0";"2";"2";"2";"1";""
"201900037835";"138 234 884";"A01";"1";"33";"16";"0";"0";"16";"1";""
"201900037836";"138 234 880";"B01";"2";"7";"0";"9";"8";"1";"1";""
"201900037836";"138 234 881";"A01";"1";"33";"0";"2";"0";"13";"1";""
"201900037837";"138 234 879";"A01";"1";"33";"0";"0";"1";"1";"1";""
"201900037838";"138 234 878";"A01";"1";"7";"8";"0";"2";"0";"6";""
"201900037839";"138 234 876";"A01";"3";"2";"0";"2";"2";"1";"1";""
"201900037839";"138 234 877";"B01";"1";"7";"0";"2";"2";"1";"1";""
"201900037840";"138 234 874";"A01";"1";"33";"13";"0";"8";"0";"1";""
"201900037841";"138 234 871";"A01";"2";"7";"8";"0";"3";"17";"1";""
"201900037842";"138 234 870";"A01";"1";"33";"0";"0";"1";"14";"1";""
"201900037843";"138 234 868";"B01";"3";"21";"0";"0";"1";"1";"6";""
"201900037843";"138 234 869";"A01";"3";"33";"0";"9";"1";"1";"6";""
"201900037844";"138 234 867";"A01";"1";"7";"6";"0";"1";"1";"1";""
"201900037845";"138 234 866";"A01";"3";"33";"2";"0";"1";"2";"1";""
"201900037846";"138 234 863";"A01";"1";"15";"3";"0";"3";"6";"1";""
"201900037847";"138 234 862";"A01";"3";"7";"4";"0";"2";"1";"0";""
"201900037848";"138 234 860";"A01";"1";"7";"3";"2";"2";"17";"1";""
"201900037848";"138 234 861";"B01";"1";"7";"3";"0";"6";"26";"1";""
"201900037849";"138 234 857";"A01";"2";"10";"0";"0";"4";"2";"1";""
"201900037849";"138 234 858";"B01";"2";"10";"0";"2";"1";"2";"1";""
"201900037849";"138 234 859";"C01";"2";"10";"0";"2";"1";"2";"1";""
"201900037850";"138 234 851";"F01";"1";"17";"3";"2";"9";"21";"1";""
"201900037850";"138 234 852";"E01";"1";"7";"3";"2";"9";"0";"1";""
"201900037850";"138 234 853";"D01";"1";"7";"0";"2";"9";"0";"1";""
"201900037850";"138 234 854";"C01";"1";"7";"3";"0";"6";"0";"1";""
"201900037850";"138 234 855";"B01";"1";"15";"0";"0";"6";"0";"1";""
"201900037850";"138 234 856";"A01";"1";"7";"0";"2";"2";"0";"1";""
"201900037851";"138 234 849";"B01";"2";"10";"0";"0";"4";"23";"1";""
"201900037851";"138 234 850";"A01";"2";"10";"0";"2";"1";"11";"1";""
"201900037852";"138 234 848";"A01";"2";"10";"13";"6";"3";"1";"1";""
"201900037853";"138 234 846";"B01";"0";"7";"0";"2";"1";"13";"0";""
"201900037853";"138 234 847";"A01";"0";"13";"0";"2";"1";"1";"0";""
"201900037854";"138 234 844";"B01";"1";"7";"0";"2";"3";"1";"1";""
"201900037854";"138 234 845";"A01";"2";"7";"0";"2";"3";"17";"1";""
"201900037855";"138 234 842";"A01";"0";"7";"0";"2";"1";"1";"6";""
"201900037855";"138 234 843";"B01";"0";"7";"0";"2";"4";"1";"6";""
"201900037856";"138 234 841";"A01";"2";"7";"3";"0";"2";"14";"1";""
"201900037857";"138 234 839";"A01";"3";"7";"0";"2";"3";"1";"1";""
"201900037857";"138 234 840";"B01";"2";"2";"0";"0";"4";"1";"1";""
"201900037858";"138 234 836";"A01";"2";"7";"0";"2";"2";"2";"1";""
"201900037858";"138 234 837";"B01";"2";"1";"0";"2";"4";"2";"5";""
"201900037859";"138 234 835";"A01";"1";"33";"0";"2";"0";"17";"1";""
"201900037860";"138 234 834";"A01";"1";"1";"0";"0";"7";"1";"5";""
"201900037861";"138 234 832";"B01";"2";"1";"0";"2";"1";"13";"5";""
"201900037861";"138 234 833";"A01";"1";"33";"0";"2";"1";"1";"1";""
"201900037862";"138 234 831";"A01";"1";"7";"13";"0";"0";"0";"6";""
"201900037863";"138 234 827";"A01";"2";"7";"15";"1";"1";"0";"1";""
"201900037864";"138 234 825";"B01";"1";"33";"0";"2";"7";"1";"1";""
"201900037864";"138 234 826";"A01";"2";"7";"0";"2";"6";"15";"1";""
"201900037865";"138 234 824";"A01";"2";"7";"4";"0";"2";"14";"1";""
"201900037866";"138 234 822";"A01";"2";"7";"0";"2";"2";"13";"1";""
"201900037866";"138 234 823";"B01";"1";"7";"0";"2";"3";"1";"1";""
"201900037867";"138 234 820";"B01";"2";"7";"0";"2";"8";"1";"1";""
"201900037867";"138 234 821";"A01";"1";"14";"0";"2";"3";"1";"1";""
"201900037868";"138 234 819";"A01";"0";"7";"13";"0";"1";"17";"1";""
"201900037869";"138 234 817";"A01";"2";"10";"0";"2";"1";"1";"1";""
"201900037869";"138 234 818";"B01";"2";"7";"0";"2";"0";"0";"1";""
"201900037870";"138 234 815";"A01";"1";"7";"0";"2";"1";"1";"1";""
"201900037870";"138 234 816";"B01";"1";"7";"0";"2";"4";"2";"1";""
"201900037871";"138 234 814";"A01";"1";"33";"0";"2";"4";"0";"1";""
"201900037872";"138 234 813";"A01";"1";"7";"0";"1";"7";"21";"1";""
"201900037873";"138 234 811";"A01";"1";"7";"0";"2";"1";"1";"1";""
"201900037873";"138 234 812";"B01";"1";"7";"0";"2";"4";"1";"1";""
"201900037874";"138 234 809";"A01";"2";"10";"0";"2";"5";"1";"1";""
"201900037874";"138 234 810";"B01";"2";"10";"0";"2";"3";"1";"1";""
"201900037875";"138 234 807";"A01";"2";"30";"0";"1";"1";"26";"6";""
"201900037876";"138 234 805";"A01";"2";"10";"0";"2";"2";"1";"1";""
"201900037876";"138 234 806";"B01";"2";"7";"0";"2";"6";"1";"1";""
"201900037877";"138 234 803";"B01";"3";"7";"0";"2";"1";"1";"1";""
"201900037877";"138 234 804";"A01";"3";"7";"11";"1";"2";"1";"2";""
"201900037878";"138 234 801";"B01";"1";"33";"0";"2";"4";"2";"1";""
"201900037878";"138 234 802";"A01";"1";"33";"0";"2";"1";"2";"1";""
"201900037879";"138 234 800";"A01";"2";"10";"0";"1";"2";"15";"6";""
"201900037880";"138 234 798";"B01";"3";"1";"0";"2";"7";"1";"5";""
"201900037880";"138 234 799";"A01";"3";"7";"0";"2";"2";"26";"1";""
"201900037881";"138 234 796";"B01";"3";"33";"0";"2";"1";"1";"1";""
"201900037881";"138 234 797";"A01";"3";"7";"0";"2";"1";"1";"1";""
"201900037882";"138 234 794";"B01";"2";"37";"0";"2";"2";"15";"1";"1"
"201900037882";"138 234 795";"A01";"1";"7";"0";"2";"1";"1";"1";""
"201900037883";"138 234 792";"A01";"2";"7";"0";"2";"0";"0";"0";""
"201900037883";"138 234 793";"B01";"2";"33";"0";"2";"0";"1";"0";""
"201900037884";"138 234 787";"A01";"1";"7";"1";"0";"1";"1";"1";""
"201900037885";"138 234 784";"A01";"3";"10";"0";"2";"1";"2";"1";""
"201900037885";"138 234 785";"B01";"3";"7";"0";"2";"4";"23";"1";""
"201900037885";"138 234 786";"C01";"3";"7";"0";"2";"4";"23";"1";""
"201900037886";"138 234 782";"A01";"1";"7";"0";"1";"7";"1";"1";""
"201900037887";"138 234 781";"A01";"3";"7";"8";"0";"1";"26";"1";""
"201900037888";"138 234 780";"A01";"3";"32";"0";"2";"1";"15";"1";""
"201900037889";"138 234 778";"A01";"2";"7";"0";"2";"1";"9";"1";""
"201900037889";"138 234 779";"B01";"2";"1";"0";"2";"1";"1";"0";""
"201900037890";"138 234 777";"A01";"2";"33";"14";"0";"1";"1";"1";""
"201900037891";"138 234 775";"A01";"3";"7";"0";"2";"3";"26";"1";""
"201900037891";"138 234 776";"B01";"3";"7";"0";"2";"3";"1";"1";""
"201900037892";"138 234 773";"A01";"1";"7";"0";"2";"3";"15";"1";""
"201900037892";"138 234 774";"B01";"2";"32";"0";"2";"3";"1";"1";""
"201900037893";"138 234 771";"A01";"3";"30";"0";"2";"1";"1";"1";""
"201900037893";"138 234 772";"B01";"3";"10";"0";"2";"2";"1";"1";""
"201900037894";"138 234 770";"A01";"3";"33";"0";"0";"1";"1";"1";""
"201900037895";"138 234 768";"B01";"3";"7";"0";"2";"3";"1";"1";""
"201900037895";"138 234 769";"A01";"3";"2";"0";"2";"1";"1";"1";""
"201900037896";"138 234 767";"A01";"3";"7";"14";"0";"1";"26";"1";""
"201900037897";"138 234 765";"C01";"3";"7";"0";"2";"1";"2";" -1";""
"201900037897";"138 234 766";"B01";"2";"31";"0";"2";"8";"9";"1";""
"201900037898";"138 234 764";"A01";"2";"7";"1";"0";"2";"14";"1";""
"201900037899";"138 234 762";"A01";"2";"7";"0";"2";"2";"15";"1";""
"201900037899";"138 234 763";"B01";"1";"50";"0";"0";"1";"1";"3";""
"201900037900";"138 234 760";"B01";"0";"7";"0";"2";"1";"1";"1";""
"201900037900";"138 234 761";"A01";"0";"7";"0";"2";"2";"17";"1";""
"201900037901";"138 234 758";"A01";"2";"7";"0";"2";"1";"19";"1";""
"201900037901";"138 234 759";"B01";"2";"7";"0";"2";"3";"1";"1";""
"201900037902";"138 234 756";"A01";"3";"2";"0";"2";"1";"18";"1";""
"201900037902";"138 234 757";"B01";"3";"7";"0";"2";"7";"2";"1";""
"201900037903";"138 234 754";"A01";"2";"7";"0";"2";"1";"9";"1";""
"201900037903";"138 234 755";"B01";"0";"31";"0";"2";"8";"1";"1";""
"201900037904";"138 234 753";"A01";"2";"31";"8";"0";"0";"2";"1";""
"201900037905";"138 234 751";"B01";"1";"7";"0";"2";"1";"1";"1";""
"201900037905";"138 234 752";"A01";"1";"7";"0";"2";"9";"1";"1";""
"201900037906";"138 234 749";"Z01";"0";"7";"0";"2";"1";"0";"0";""
"201900037906";"138 234 750";"A01";"2";"7";"0";"2";"4";"23";"1";""
"201900037907";"138 234 747";"B01";"2";"33";"7";"2";"1";"21";"1";""
"201900037907";"138 234 748";"A01";"1";"10";"3";"2";"2";"15";"1";""
"201900037908";"138 234 745";"A01";"0";"7";"0";"2";"4";"16";"0";""
"201900037908";"138 234 746";"Z01";"0";"7";"0";"2";"1";"2";"0";""
"201900037909";"138 234 744";"A01";"1";"33";"8";"0";"0";"5";"1";""
"201900037910";"138 234 743";"A01";"3";"1";"8";"0";"0";"25";"0";""
"201900037911";"138 234 739";"B01";"1";"33";"0";"2";"4";"2";"1";""
"201900037911";"138 234 740";"A01";"1";"7";"0";"0";"4";"11";"1";""
"201900037912";"138 234 738";"A01";"1";"31";"6";"0";"7";"15";"1";""
"201900037913";"138 234 737";"A01";"1";"7";"0";"1";"7";"1";"1";""
"201900037914";"138 234 735";"A01";"1";"32";"0";"2";"1";"17";"1";""
"201900037914";"138 234 736";"B01";"2";"32";"0";"2";"1";"1";"1";""
"201900037915";"138 234 734";"Z01";"3";"50";"0";"1";"5";"1";"3";""
"201900037916";"138 234 733";"A01";"2";"1";"0";"0";"0";"1";"5";""
"201900037917";"138 234 731";"A01";"1";"7";"0";"2";"3";"9";"1";""
"201900037917";"138 234 732";"B01";"1";"34";"0";"2";"1";"17";"1";""
"201900037918";"138 234 730";"A01";"1";"10";"8";"1";"2";"15";"1";""
"201900037919";"138 234 728";"B01";"2";"30";"0";"2";"4";"2";"1";""
"201900037919";"138 234 729";"A01";"2";"7";"0";"2";"3";"2";"1";""
"201900037920";"138 234 726";"B01";"3";"13";"0";"2";"7";"24";"1";""
"201900037920";"138 234 727";"A01";"3";"7";"1";"0";"3";"13";"1";""
"201900037921";"138 234 724";"A01";"2";"7";"0";"2";"3";"15";"1";""
"201900037921";"138 234 725";"B01";"1";"33";"0";"2";"8";"1";"1";""
"201900037922";"138 234 722";"B01";"1";"7";"0";"2";"0";"1";"1";""
"201900037922";"138 234 723";"A01";"1";"1";"0";"2";"2";"12";"5";""
"201900037923";"138 234 720";"B01";"1";"32";"0";"2";"7";"17";"1";""
"201900037923";"138 234 721";"A01";"2";"7";"0";"2";"6";"15";"1";""
"201900037924";"138 234 718";"B01";"1";"7";"0";"2";"6";"1";"1";""
"201900037924";"138 234 719";"A01";"1";"50";"0";"2";"1";"5";"3";""
"201900037925";"138 234 716";"B01";"3";"7";"0";"2";"1";"1";"0";""
"201900037925";"138 234 717";"A01";"3";"7";"0";"2";"1";"17";"0";""
"201900037926";"138 234 714";"B01";"0";"32";"0";"2";"1";"17";"1";""
"201900037926";"138 234 715";"A01";"0";"7";"0";"2";"3";"15";"1";""
"201900037927";"138 234 713";"A01";"3";"43";"8";"0";"1";"26";"1";""
"201900037928";"138 234 711";"B01";"1";"1";"0";"2";"8";"2";"5";""
"201900037928";"138 234 712";"A01";"1";"7";"0";"2";"7";"17";"1";""
"201900037929";"138 234 709";"B01";"1";"33";"0";"2";"1";"1";"1";""
"201900037929";"138 234 710";"A01";"1";"7";"0";"2";"3";"15";"1";""
"201900037930";"138 234 708";"A01";"1";"7";"0";"1";"1";"1";"1";""
"201900037931";"138 234 707";"A01";"1";"2";"1";"0";"1";"0";"1";""
"201900037932";"138 234 706";"A01";"1";"7";"13";"0";"0";"1";"1";""
"201900037933";"138 234 704";"A01";"1";"1";"0";"2";"1";"1";"5";""
"201900037933";"138 234 705";"B01";"2";"7";"0";"2";"3";"13";"6";""
"201900037934";"138 234 703";"A01";"2";"7";"3";"0";"8";"21";"1";""
"201900037935";"138 234 701";"A01";"2";"7";"0";"2";"1";"13";"1";""
"201900037935";"138 234 702";"B01";"1";"7";"0";"2";"1";"1";"1";""
"201900037936";"138 234 700";"A01";"2";"33";"8";"0";"1";"1";"1";""
"201900037937";"138 234 699";"A01";"1";"33";"8";"0";"0";"1";"1";""
"201900037938";"138 234 697";"B01";"3";"7";"0";"9";"2";"2";"0";""
"201900037938";"138 234 698";"A01";"3";"1";"0";"0";"8";"2";"5";""
"201900037939";"138 234 696";"A01";"1";"33";"0";"5";"1";"0";"1";""
"201900037940";"138 234 694";"B01";"1";"3";"0";"2";"6";"1";"1";""
"201900037940";"138 234 695";"A01";"1";"7";"0";"2";"2";"17";"1";""
"201900037941";"138 234 693";"A01";"1";"7";"0";"0";"9";"21";"1";""
"201900037942";"138 234 692";"A01";"2";"33";"13";"0";"1";"0";"1";""
"201900037943";"138 234 690";"B01";"1";"1";"0";"2";"8";"1";"5";""
"201900037943";"138 234 691";"A01";"1";"7";"0";"2";"1";"1";"1";""
"201900037944";"138 234 687";"C01";"1";"7";"0";"0";"6";"1";"1";""
"201900037944";"138 234 688";"B01";"2";"7";"0";"0";"3";"1";"1";""
"201900037944";"138 234 689";"A01";"1";"33";"0";"2";"1";"18";"1";""
"201900037945";"138 234 686";"A01";"1";"7";"3";"0";"3";"14";"1";""
"201900037946";"138 234 685";"A01";"3";"2";"16";"0";"0";"1";"1";""
"201900037947";"138 234 684";"A01";"1";"7";"2";"0";"9";"13";"1";""
"201900037948";"138 234 682";"B01";"3";"7";"0";"2";"4";"1";"1";""