"Num_Acc";"id_vehicule";"num_veh";"senc";"catv";"obs";"obsm";"choc";"manv";"motor";"occutc"
"201900037948";"138 234 683";"A01";"3";"2";"0";"2";"1";"17";"1";""
"201900037949";"138 234 679";"A01";"1";"7";"0";"2";"1";"1";"1";""
"201900037949";"138 234 680";"B01";"3";"7";"0";"2";"7";"19";"1";""
"201900037950";"138 234 678";"A01";"1";"7";"0";"1";"2";"15";"1";""
"201900037951";"138 234 676";"B01";"1";"7";"0";"2";"7";"1";"1";""
"201900037951";"138 234 677";"A01";"2";"7";"0";"2";"1";"19";"2";""
"201900037952";"138 234 675";"A01";"2";"32";"13";"0";"1";"1";"1";""
"201900037953";"138 234 674";"A01";"0";"33";"0";"0";"3";"1";"1";""
"201900037954";"138 234 673";"A01";"1";"7";"2";"0";"3";"1";"1";""
"201900037955";"138 234 672";"A01";"2";"33";"13";"0";"0";"1";"1";""
"201900037956";"138 234 671";"A01";"1";"7";"0";"1";"0";"23";"1";""
"201900037957";"138 234 670";"A01";"2";"1";"0";"0";"0";"0";"5";""
"201900037958";"138 234 668";"A01";"1";"7";"7";"2";"3";"1";"0";""
"201900037958";"138 234 669";"B01";"2";"7";"0";"2";"1";"1";"0";""
"201900037959";"138 234 667";"A01";"3";"7";"1";"1";"3";"14";"1";""
"201900037960";"138 234 665";"B01";"3";"33";"0";"2";"0";"2";"1";""
"201900037960";"138 234 666";"A01";"3";"33";"0";"2";"0";"2";"1";""
"201900037961";"138 234 663";"A01";"3";"7";"0";"2";"2";"9";"1";""
"201900037961";"138 234 664";"B01";"2";"7";"0";"2";"3";"1";"1";""
"201900037962";"138 234 661";"B01";"1";"30";"0";"2";"7";"17";"0";""
"201900037962";"138 234 662";"A01";"1";"21";"0";"2";"3";"15";"0";""
"201900037963";"138 234 659";"B01";"2";"15";"0";"2";"1";"1";"1";""
"201900037963";"138 234 660";"A01";"1";"7";"0";"2";"1";"5";"1";""
"201900037964";"138 234 658";"A01";"1";"2";"0";"1";"1";"1";"1";""
"201900037965";"138 234 654";"B01";"2";"7";"0";"0";"1";"1";"1";""
"201900037965";"138 234 655";"A01";"1";"31";"0";"0";"1";"17";"1";""
"201900037966";"138 234 653";"A01";"0";"21";"0";"1";"0";"1";"1";""
"201900037967";"138 234 651";"A01";"1";"7";"15";"0";"3";"13";"1";""
"201900037968";"138 234 650";"A01";"3";"36";"0";"0";"9";"15";"1";""
"201900037969";"138 234 648";"A01";"2";"7";"0";"2";"3";"19";"1";""
"201900037969";"138 234 649";"B01";"2";"7";"0";"0";"3";"1";"1";""
"201900037970";"138 234 647";"A01";"1";"2";"0";"0";"8";"1";"1";""
"201900037971";"138 234 646";"A01";"1";"7";"0";"1";"2";"1";"1";""
"201900037972";"138 234 645";"A01";"3";"7";"2";"0";"1";"1";"1";""
"201900037973";"138 234 644";"A01";"2";"7";"6";"0";"2";"1";"1";""
"201900037974";"138 234 642";"B01";"1";"7";"0";"0";"1";"1";"1";""
"201900037974";"138 234 643";"A01";"2";"7";"0";"2";"1";"1";"1";""
"201900037975";"138 234 640";"B01";"1";"1";"0";"2";"0";"15";"5";""
"201900037975";"138 234 641";"A01";"1";"10";"0";"9";"7";"17";"1";""
"201900037976";"138 234 639";"A01";"3";"33";"7";"0";"1";"14";"1";""
"201900037977";"138 234 637";"B01";"1";"7";"0";"2";"1";"1";"1";""
"201900037977";"138 234 638";"A01";"2";"7";"0";"2";"8";"19";"1";""
"201900037978";"138 234 636";"A01";"1";"2";"16";"0";"0";"1";"6";""
"201900037979";"138 234 633";"C01";"0";"3";"0";"2";"1";"1";"1";""
"201900037979";"138 234 634";"B01";"0";"7";"0";"0";"6";"1";"1";""
"201900037979";"138 234 635";"A01";"3";"3";"0";"2";"1";"17";"0";""
"201900037980";"138 234 632";"A01";"0";"7";"6";"0";"1";"1";"1";""
"201900037981";"138 234 631";"A01";"1";"33";"3";"0";"0";"1";"1";""
"201900037982";"138 234 630";"A01";"2";"7";"14";"0";"1";"2";"1";""
"201900037983";"138 234 628";"A01";"1";"7";"0";"2";"1";"5";"1";""
"201900037983";"138 234 629";"B01";"2";"7";"0";"2";"1";"1";"1";""
"201900037984";"138 234 626";"B01";"2";"7";"3";"2";"6";"1";"1";""
"201900037984";"138 234 627";"A01";"2";"7";"0";"2";"2";"14";"1";""
"201900037985";"138 234 624";"A01";"2";"7";"0";"2";"1";"2";"1";""
"201900037985";"138 234 625";"B01";"2";"7";"0";"0";"4";"2";"1";""
"201900037986";"138 234 622";"A01";"1";"7";"0";"0";"4";"23";"1";""
"201900037986";"138 234 623";"B01";"1";"17";"0";"2";"1";"2";"1";""
"201900037987";"138 234 621";"A01";"3";"38";"0";"1";"2";"1";"1";"1"
"201900037988";"138 234 617";"A01";"3";"7";"0";"6";"3";"1";"1";""
"201900037988";"138 234 618";"B01";"3";"1";"0";"2";"1";"1";"5";""
"201900037989";"138 234 616";"A01";"3";"7";"0";"1";"4";"4";"1";""
"201900037990";"138 234 614";"A01";"1";"7";"0";"2";"8";"19";"1";""
"201900037990";"138 234 615";"B01";"1";"7";"0";"2";"1";"1";"1";""
"201900037991";"138 234 612";"B01";"2";"1";"0";"2";"1";"5";"5";""
"201900037991";"138 234 613";"A01";"1";"7";"0";"2";"3";"1";"1";""
"201900037992";"138 234 611";"A01";"2";"7";"0";"1";"1";"15";"1";""
"201900037993";"138 234 610";"A01";"0";"7";"0";"1";"1";"2";"1";""
"201900037994";"138 234 608";"A01";"0";"32";"0";"0";"3";"26";"1";""
"201900037994";"138 234 609";"B01";"0";"7";"0";"2";"7";"1";"1";""
"201900037995";"138 234 603";"B01";"2";"7";"0";"2";"3";"13";"1";""
"201900037995";"138 234 604";"A01";"2";"34";"0";"2";"7";"17";"1";""
"201900037996";"138 234 600";"A01";"3";"7";"0";"1";"1";"1";"1";""
"201900037997";"138 234 598";"A01";"3";"30";"0";"2";"3";"26";"0";""
"201900037997";"138 234 599";"B01";"3";"60";"0";"2";"1";"26";"5";""
"201900037998";"138 234 597";"A01";"3";"7";"0";"1";"3";"15";"1";""
"201900037999";"138 234 596";"A01";"1";"7";"4";"0";"8";"13";"1";""
"201900038000";"138 234 593";"C01";"1";"7";"1";"2";"8";"26";"1";""
"201900038000";"138 234 594";"B01";"1";"34";"0";"2";"9";"18";"1";""
"201900038000";"138 234 595";"A01";"1";"7";"0";"2";"7";"1";"1";""
"201900038001";"138 234 591";"A01";"1";"3";"0";"2";"3";"15";"1";""
"201900038001";"138 234 592";"B01";"1";"2";"0";"2";"2";"1";"1";""
"201900038002";"138 234 589";"A01";"3";"7";"0";"0";"0";"10";"1";""
"201900038002";"138 234 590";"B01";"3";"33";"0";"2";"9";"1";"1";""
"201900038003";"138 234 588";"A01";"2";"7";"0";"1";"7";"1";"1";""
"201900038004";"138 234 587";"A01";"0";"30";"0";"0";"0";"26";"0";""
"201900038005";"138 234 585";"B01";"1";"50";"0";"2";"1";"1";"3";""
"201900038005";"138 234 586";"A01";"2";"7";"0";"2";"2";"16";"1";""
"201900038006";"138 234 583";"A01";"1";"7";"0";"2";"1";"13";"1";""
"201900038006";"138 234 584";"B01";"2";"7";"0";"2";"8";"1";"1";""
"201900038007";"138 234 579";"B01";"3";"7";"0";"2";"1";"9";"1";""
"201900038007";"138 234 580";"A01";"3";"20";"0";"2";"3";"9";"1";""
"201900038008";"138 234 576";"C01";"1";"7";"0";"2";"3";"15";"1";""
"201900038008";"138 234 577";"A01";"2";"33";"0";"2";"1";"17";"1";""
"201900038008";"138 234 578";"B01";"2";"7";"0";"2";"8";"15";"1";""
"201900038009";"138 234 575";"A01";"1";"33";"0";"0";"8";"1";"1";""
"201900038010";"138 234 573";"B01";"1";"7";"0";"2";"0";"16";"1";""
"201900038010";"138 234 574";"A01";"1";"2";"0";"2";"0";"21";"1";""
"201900038011";"138 234 571";"B01";"1";"7";"4";"2";"2";"1";"0";""
"201900038011";"138 234 572";"A01";"1";"7";"0";"2";"6";"9";"0";""
"201900038012";"138 234 569";"A01";"3";"7";"0";"2";"3";"9";"1";""
"201900038012";"138 234 570";"B01";"3";"50";"0";"2";"1";"1";"3";""
"201900038013";"138 234 565";"B01";"1";"7";"1";"2";"1";"1";"0";""
"201900038013";"138 234 566";"A01";"0";"7";"1";"2";"8";"9";"0";""
"201900038014";"138 234 563";"B01";"0";"7";"0";"2";"8";"9";"0";""
"201900038014";"138 234 564";"A01";"2";"32";"0";"2";"1";"1";"0";""
"201900038015";"138 234 561";"A01";"3";"7";"0";"2";"1";"1";"1";""
"201900038015";"138 234 562";"B01";"3";"7";"0";"2";"5";"1";"1";""
"201900038016";"138 234 560";"A01";"1";"7";"0";"1";"1";"1";"1";""
"201900038017";"138 234 559";"A01";"3";"7";"0";"1";"3";"1";"1";""
"201900038018";"138 234 558";"A01";"3";"7";"0";"1";"4";"20";"1";""
"201900038019";"138 234 557";"A01";"2";"7";"0";"1";"2";"1";"1";""
"201900038020";"138 234 556";"A01";"3";"7";"0";"0";"8";"0";"1";""
"201900038021";"138 234 554";"B01";"1";"7";"0";"2";"2";"15";"1";""
"201900038021";"138 234 555";"A01";"2";"7";"0";"2";"1";"1";"1";""
"201900038022";"138 234 552";"B01";"1";"7";"0";"2";"7";"1";"1";""
"201900038022";"138 234 553";"A01";"1";"7";"0";"2";"1";"1";"1";""
"201900038023";"138 234 550";"B01";"2";"7";"0";"2";"3";"1";"1";""
"201900038023";"138 234 551";"A01";"1";"7";"0";"2";"3";"13";"1";""
"201900038024";"138 234 548";"A01";"0";"2";"0";"2";"2";"15";"1";""
"201900038024";"138 234 549";"B01";"0";"7";"0";"2";"1";"19";"1";""
"201900038025";"138 234 546";"B01";"0";"7";"0";"2";"1";"1";"1";""
"201900038025";"138 234 547";"A01";"0";"7";"0";"2";"2";"15";"1";""
"201900038026";"138 234 542";"A01";"1";"7";"0";"1";"1";"1";" -1";""
"201900038027";"138 234 540";"A01";"2";"30";"0";"1";"8";"17";"1";""
"201900038028";"138 234 538";"B01";"2";"7";"0";"2";"3";"1";"1";""
"201900038028";"138 234 539";"A01";"1";"31";"0";"2";"3";"13";"1";""
"201900038029";"138 234 537";"A01";"1";"7";"0";"1";"1";"26";"1";""
"201900038030";"138 234 535";"B01";"2";"7";"0";"2";"1";"1";"1";""
"201900038030";"138 234 536";"A01";"2";"7";"0";"2";"2";"15";"1";""
"201900038031";"138 234 533";"A01";"1";"7";"0";"2";"1";"2";"1";""
"201900038031";"138 234 534";"B01";"1";"7";"0";"2";"5";"2";"1";""
"201900038032";"138 234 529";"A01";"1";"7";"0";"2";"1";"2";"1";""
"201900038032";"138 234 530";"B01";"1";"7";"0";"2";"4";"2";"1";""
"201900038032";"138 234 531";"C01";"1";"7";"0";"2";"4";"2";"1";""
"201900038033";"138 234 526";"C01";"2";"7";"0";"2";"4";"2";"1";""
"201900038033";"138 234 527";"B01";"2";"7";"0";"2";"4";"2";"1";""
"201900038033";"138 234 528";"A01";"2";"7";"0";"2";"1";"2";"1";""
"201900038034";"138 234 524";"B01";"2";"7";"0";"2";"0";"0";"1";""
"201900038034";"138 234 525";"A01";"2";"7";"8";"2";"3";"13";"1";""
"201900038035";"138 234 523";"A01";"1";"7";"0";"1";"1";"1";"3";""
"201900038036";"138 234 520";"A01";"2";"7";"0";"2";"3";"1";"1";""
"201900038036";"138 234 521";"B01";"1";"15";"0";"2";"3";"1";"1";""
"201900038036";"138 234 522";"C01";"1";"7";"0";"2";"3";"1";"1";""
"201900038037";"138 234 519";"A01";"1";"31";"0";"0";"0";"1";"1";""
"201900038038";"138 234 518";"A01";"1";"7";"0";"1";"1";"26";"1";""
"201900038039";"138 234 515";"A01";"1";"7";"0";"1";"1";"16";"1";""
"201900038040";"138 234 513";"B01";"2";"7";"0";"2";"4";"23";"1";""
"201900038040";"138 234 514";"A01";"1";"7";"0";"2";"1";"1";"1";""
"201900038041";"138 234 512";"A01";"2";"7";"0";"1";"1";"1";"3";""
"201900038042";"138 234 511";"A01";"2";"7";"0";"1";"1";"19";"1";""
"201900038043";"138 234 510";"A01";"3";"37";"0";"1";"5";"16";"6";"1"
"201900038044";"138 234 509";"A01";"1";"7";"8";"0";"2";"14";"1";""
"201900038045";"138 234 508";"A01";"1";"10";"13";"0";"1";"26";"1";""
"201900038046";"138 234 507";"A01";"1";"10";"0";"1";"1";"1";"1";""
"201900038047";"138 234 505";"A01";"1";"7";"0";"2";"1";"1";"1";""
"201900038047";"138 234 506";"B01";"1";"33";"0";"2";"4";"1";"1";""
"201900038048";"138 234 503";"A01";"1";"7";"0";"2";"1";"1";"1";""
"201900038048";"138 234 504";"B01";"1";"7";"0";"2";"4";"1";"1";""
"201900038049";"138 234 502";"A01";"1";"7";"0";"1";"4";"4";"1";""
"201900038050";"138 234 501";"A01";"1";"7";"0";"1";"1";"1";"1";""
"201900038051";"138 234 500";"A01";"1";"7";"0";"1";"2";"16";"1";""
"201900038052";"138 234 499";"A01";"1";"7";"0";"1";"2";"1";"1";""
"201900038053";"138 234 498";"A01";"1";"7";"0";"1";"1";"1";"1";""
"201900038054";"138 234 497";"A01";"1";"10";"0";"1";"1";"1";"1";""
"201900038055";"138 234 495";"B01";"3";"1";"0";"2";"7";"1";"0";""
"201900038055";"138 234 496";"A01";"0";"10";"0";"2";"2";"9";"1";""
"201900038056";"138 234 494";"A01";"3";"7";"0";"1";"1";"16";"1";""
"201900038057";"138 234 492";"A01";"2";"10";"0";"2";"2";"15";"1";""
"201900038057";"138 234 493";"B01";"1";"10";"0";"2";"1";"1";"1";""
"201900038058";"138 234 490";"B01";"0";"7";"1";"2";"3";"1";"1";""
"201900038058";"138 234 491";"A01";"1";"7";"0";"2";"1";"19";"1";""
"201900038059";"138 234 489";"A01";"1";"7";"14";"0";"1";"0";"1";""
"201900038060";"138 234 488";"A01";"1";"7";"0";"0";"9";"0";"1";""
"201900038061";"138 234 487";"A01";"1";"7";"0";"1";"2";"9";"1";""
"201900038062";"138 234 486";"A01";"2";"7";"0";"1";"2";"1";"1";""
"201900038063";"138 234 481";"A01";"1";"7";"0";"2";"6";"2";"1";""
"201900038063";"138 234 482";"B01";"1";"10";"0";"2";"1";"1";"1";""
"201900038063";"138 234 483";"C01";"1";"7";"0";"2";"4";"1";"1";""
"201900038063";"138 234 484";"D01";"1";"7";"0";"2";"1";"1";"1";""
"201900038063";"138 234 485";"E01";"1";"7";"0";"2";"1";"1";"1";""
"201900038064";"138 234 479";"A01";"2";"7";"0";"2";"6";"1";"1";""
"201900038064";"138 234 480";"B01";"2";"1";"0";"2";"1";"1";"0";""
"201900038065";"138 234 478";"A01";"2";"14";"0";"0";"7";"14";"1";""
"201900038066";"138 234 476";"B01";"0";"30";"0";"2";"1";"2";"1";""
"201900038066";"138 234 477";"A01";"2";"7";"0";"2";"5";"15";"1";""
"201900038067";"138 234 474";"B01";"1";"2";"0";"2";"3";"1";"1";""
"201900038067";"138 234 475";"A01";"3";"7";"0";"2";"2";"15";"1";""
"201900038068";"138 234 472";"B01";"2";"2";"0";"2";"1";"1";"1";""
"201900038068";"138 234 473";"A01";"2";"10";"0";"2";"5";"26";"1";""
"201900038069";"138 234 471";"A01";"2";"7";"0";"1";"3";"1";"1";""
"201900038070";"138 234 469";"A01";"1";"7";"0";"2";"1";"15";"1";""
"201900038070";"138 234 470";"B01";"2";"33";"0";"2";"0";"1";"1";""
"201900038071";"138 234 467";"A01";"2";"31";"0";"2";"4";"1";"1";""
"201900038071";"138 234 468";"B01";"1";"7";"0";"2";"5";"23";"1";""
"201900038072";"138 234 465";"A01";"1";"7";"0";"2";"1";"16";"1";""
"201900038072";"138 234 466";"B01";"1";"7";"0";"2";"3";"1";"1";""
"201900038073";"138 234 463";"B01";"1";"10";"0";"2";"1";"1";"1";""
"201900038073";"138 234 464";"A01";"2";"7";"11";"2";"1";"1";"1";""
"201900038074";"138 234 462";"A01";"1";"10";"3";"0";"8";"1";"1";""
"201900038075";"138 234 461";"A01";"3";"7";"0";"1";"2";"1";"1";""
"201900038076";"138 234 460";"A01";"1";"7";"0";"1";"1";"1";"0";""
"201900038077";"138 234 458";"A01";"0";"7";"0";"2";"1";"0";"1";""
"201900038077";"138 234 459";"B01";"0";"1";"0";"2";"0";"0";"5";""
"201900038078";"138 234 456";"C01";" -1";"7";"0";"2";" -1";" -1";" -1";""
"201900038078";"138 234 457";"D01";" -1";"7";"0";"2";" -1";" -1";" -1";""
"201900038079";"138 234 455";"A01";"0";"7";"0";"1";"1";"15";"1";""
"201900038080";"138 234 453";"A01";"0";"7";"0";"2";"1";"15";"1";""
"201900038080";"138 234 454";"B01";"0";"1";"0";"2";"1";"1";"5";""
"201900038081";"138 234 452";"A01";"3";"38";"0";"1";"1";"15";"1";"1"
"201900038082";"138 234 451";"A01";"1";"31";"0";"2";"0";"13";"1";""
"201900038083";"138 234 450";"A01";"0";"7";"0";"1";"3";"15";"1";""
"201900038084";"138 234 447";"A01";"1";"7";"0";"2";"2";"15";"1";""
"201900038084";"138 234 448";"B01";"1";"30";"0";"2";"1";"1";"1";""
"201900038084";"138 234 449";"C01";"3";"7";"0";"2";"3";"23";"1";""
"201900038085";"138 234 445";"B01";"1";"7";"0";"2";"4";"1";"1";""
"201900038085";"138 234 446";"A01";"1";"7";"0";"2";"1";"1";"1";""
"201900038086";"138 234 441";"B01";"2";"7";"0";"0";"4";"2";"1";""
"201900038086";"138 234 442";"A01";"2";"7";"0";"2";"1";"2";"1";""
"201900038087";"138 234 439";"A01";"1";"7";"0";"0";"1";"15";"1";""
"201900038087";"138 234 440";"B01";"1";"30";"0";"2";"1";"1";"1";""
"201900038088";"138 234 436";"A01";"1";"7";"0";"2";"1";"15";"1";""
"201900038088";"138 234 438";"B01";"2";"2";"0";"2";"1";"2";"1";""
"201900038089";"138 234 435";"B01";"2";"1";"0";"2";"4";"23";"5";""
"201900038089";"138 234 437";"A01";"2";"7";"0";"2";"1";"2";"1";""
"201900038090";"138 234 432";"A01";"2";"32";"0";"2";"1";"2";"1";""
"201900038090";"138 234 433";"B01";"2";"7";"0";"2";"6";"23";"3";""
"201900038091";"138 234 431";"A01";"1";"30";"0";"0";"0";"1";"1";""
"201900038092";"138 234 430";"A01";"1";"15";"1";"1";"4";"4";"1";""
"201900038093";"138 234 434";"A01";"3";"7";"0";"1";"1";"1";"1";""
"201900038094";"138 234 429";"A01";"1";"33";"0";"1";"7";"1";"1";""
"201900038095";"138 234 428";"A01";"2";"10";"0";"1";"1";"1";"1";""
"201900038096";"138 234 425";"A01";"1";"32";"0";"2";"1";"17";"1";""
"201900038096";"138 234 426";"B01";"1";"37";"0";"2";"3";"23";"1";"1"
"201900038096";"138 234 427";"C01";"2";"31";"0";"2";"1";"1";"1";""
"201900038097";"138 234 423";"A01";"0";"31";"0";"2";"1";"2";"1";""
"201900038097";"138 234 424";"B01";"3";"7";"0";"2";"6";"15";"1";""
"201900038098";"138 234 421";"B01";"1";"1";"0";"2";"3";"19";"5";""
"201900038098";"138 234 422";"A01";"1";"32";"0";"2";"1";"17";"1";""
"201900038099";"138 234 419";"B01";"2";"7";"0";"2";"6";"16";"1";""
"201900038099";"138 234 420";"A01";"2";"37";"0";"2";"2";"1";"1";"1"
"201900038100";"138 234 418";"Z01";"1";"33";"0";"1";"1";"1";"1";""
"201900038101";"138 234 415";"A01";"1";"30";"0";"0";"3";"17";"1";""
"201900038102";"138 234 414";"B01";"1";"7";"0";"1";"3";"1";"1";""
"201900038103";"138 234 413";"A01";"1";"43";"0";"1";"5";"17";"1";""
"201900038104";"138 234 410";"A01";"1";"7";"0";"2";"1";"2";"1";""
"201900038104";"138 234 412";"B01";"1";"7";"0";"2";"4";"23";"1";""
"201900038105";"138 234 409";"A01";"1";"7";"0";"2";"3";"12";"1";""
"201900038105";"138 234 411";"B01";"1";"80";"0";"2";"5";"1";"3";""
"201900038106";"138 234 404";"A01";"1";"10";"0";"2";"1";"1";"3";""
"201900038106";"138 234 407";"B01";"1";"7";"0";"2";"2";"1";"1";""
"201900038107";"138 234 403";"A01";"1";"7";"0";"2";"3";"3";"1";""
"201900038107";"138 234 405";"B01";"1";"7";"0";"2";"0";"0";"1";""
"201900038107";"138 234 406";"C01";"1";"7";"0";"2";"0";"0";"1";""
"201900038107";"138 234 408";"AA01";"1";"7";"0";"2";"0";"3";"1";""
"201900038108";"138 234 401";"A01";"2";"7";"0";"2";"3";"15";"1";""
"201900038108";"138 234 402";"B01";"2";"31";"0";"2";"2";"17";"1";""
"201900038109";"138 234 399";"B01";"2";"0";"0";"2";"1";"5";"0";""
"201900038109";"138 234 400";"A01";"1";"7";"0";"9";"2";"1";"1";""
"201900038110";"138 234 391";"B01";"0";"1";"0";"2";"1";"1";"5";""
"201900038110";"138 234 392";"A01";"0";"7";"0";"2";"2";"12";"1";""
"201900038111";"138 234 388";"C01";"3";"7";"0";"2";"4";"2";"1";""
"201900038111";"138 234 389";"B01";"3";"7";"0";"2";"4";"2";"1";""
"201900038111";"138 234 390";"A01";"3";"7";"0";"2";"1";"2";"1";""
"201900038112";"138 234 385";"A01";"2";"7";"0";"2";"8";"11";"1";""
"201900038112";"138 234 386";"B01";"2";"33";"0";"2";"7";"3";"1";""
"201900038112";"138 234 387";"C01";"2";"7";"0";"2";"4";"1";"1";""
"201900038113";"138 234 396";"A01";"1";"30";"0";"2";"7";"1";"1";""
"201900038113";"138 234 398";"B01";"1";"10";"0";"2";"0";"16";"1";""
"201900038114";"138 234 381";"A01";"1";"32";"0";"2";"9";"1";"1";""
"201900038114";"138 234 382";"B01";"0";"10";"0";"2";"1";"1";"1";""
"201900038115";"138 234 379";"B01";"2";"32";"0";"2";"2";"1";"1";""
"201900038115";"138 234 380";"A01";"2";"7";"0";"2";"3";"9";"1";""
"201900038116";"138 234 378";"A01";"1";"7";"0";"1";"1";"16";"1";""
"201900038117";"138 234 376";"A01";"3";"37";"0";"2";"3";"9";"1";"1"
"201900038117";"138 234 377";"B01";"2";"32";"0";"2";"9";"17";"1";""
"201900038118";"138 234 374";"A01";"2";"7";"0";"2";"5";"4";"1";""
"201900038118";"138 234 375";"B01";"2";"32";"1";"2";"3";"2";"1";""
"201900038119";"138 234 372";"B01";"1";"7";"0";"2";"6";"15";"1";""
"201900038119";"138 234 373";"A01";"1";"7";"0";"2";"3";"15";"1";""
"201900038120";"138 234 383";"A01";"1";"7";"0";"2";"7";"15";"1";""
"201900038120";"138 234 384";"B01";"2";"31";"0";"2";"1";"1";"1";""
"201900038121";"138 234 371";"A01";"1";"10";"0";"1";"3";"15";"1";""
"201900038122";"138 234 370";"A01";"2";"1";"0";"1";"1";"1";"5";""
"201900038123";"138 234 368";"B01";"2";"32";"0";"2";"7";"17";"1";""
"201900038123";"138 234 369";"A01";"2";"7";"0";"2";"3";"13";"1";""
"201900038124";"138 234 367";"A01";"1";"30";"0";"1";"1";"1";"1";""
"201900038125";"138 234 366";"A01";"1";"7";"0";"1";"1";"1";"0";""
"201900038126";"138 234 364";"A01";"0";"7";"0";"1";"1";"1";"1";""
"201900038127";"138 234 363";"A01";"1";"1";"0";"2";"4";"2";"5";""
"201900038127";"138 234 365";"Z01";"1";"30";"0";"2";"1";"2";"0";""
"201900038128";"138 234 362";"Z01";"2";"1";"0";"1";"1";"1";"5";""
"201900038129";"138 234 361";"A01";"1";"10";"0";"1";"6";"4";"1";""
"201900038130";"138 234 359";"A01";"1";"34";"0";"1";"2";"1";"1";""
"201900038131";"138 234 357";"C01";"2";"7";"0";"2";"8";"9";"1";""
"201900038131";"138 234 358";"B01";"2";"7";"0";"2";"5";"23";"1";""
"201900038131";"138 234 360";"A01";"2";"30";"0";"2";"3";"7";"1";""
"201900038132";"138 234 355";"A01";"1";"7";"0";"2";"0";"16";"1";""
"201900038132";"138 234 356";"B01";"1";"80";"8";"2";"1";"1";"3";""
"201900038133";"138 234 354";"A01";"2";"7";"0";"1";"2";"1";"1";""
"201900038134";"138 234 352";"Z01";"2";"7";"0";"1";"1";"7";"0";""
"201900038135";"138 234 351";"A01";"2";"30";"0";"2";"1";"7";"1";""
"201900038135";"138 234 353";"B01";"2";"10";"0";"2";"2";"16";"1";""
"201900038136";"138 234 349";"A01";"2";"30";"0";"2";"1";"2";"3";""
"201900038136";"138 234 350";"B01";"2";"50";"0";"2";"4";"23";"3";""
"201900038137";"138 234 348";"Z01";"1";"7";"0";"1";"3";"1";"0";""
"201900038138";"138 234 347";"A01";"1";"7";"0";"1";"2";"16";"1";""
"201900038139";"138 234 345";"B01";"2";"31";"0";"2";"2";"1";"1";""
"201900038139";"138 234 346";"A01";"2";"7";"0";"2";"2";"9";"2";""
"201900038140";"138 234 344";"A01";"1";"50";"0";"1";"3";"1";"3";""
"201900038141";"138 234 342";"B01";"0";"1";"0";"2";"1";"1";"0";""
"201900038141";"138 234 343";"A01";"2";"10";"0";"2";"2";"16";"1";""
"201900038142";"138 234 341";"A01";"1";"7";"0";"1";"3";"15";"1";""
"201900038143";"138 234 339";"A01";"1";"31";"0";"2";"3";"18";"1";""
"201900038143";"138 234 340";"B01";"1";"7";"0";"2";"2";"1";"1";""
"201900038144";"138 234 338";"A01";"1";"7";"11";"0";"3";"1";"1";""
"201900038145";"138 234 336";"A01";"2";"7";"0";"2";"0";"16";"1";""
"201900038145";"138 234 337";"B01";"2";"1";"0";"2";"3";"7";"5";""
"201900038146";"138 234 333";"A01";"1";"10";"0";"1";"1";"1";"1";""
"201900038147";"138 234 334";"B01";"1";"30";"0";"2";"7";"1";"3";""
"201900038147";"138 234 335";"A01";"1";"7";"0";"2";"1";"1";"1";""
"201900038148";"138 234 332";"A01";"2";"33";"0";"0";"7";"2";"1";""
"201900038149";"138 234 328";"Z01";"2";"10";"0";"2";"2";"9";"0";""
"201900038149";"138 234 329";"A01";"2";"31";"0";"2";"3";"1";"1";""
"201900038150";"138 234 326";"B01";"1";"34";"0";"2";"1";"17";"1";""
"201900038150";"138 234 327";"A01";"1";"7";"0";"2";"3";"10";"1";""
"201900038151";"138 234 324";"B01";"2";"32";"1";"2";"7";"5";"1";""
"201900038151";"138 234 325";"A01";"2";"7";"0";"2";"3";"10";"1";""
"201900038152";"138 234 322";"B01";"1";"7";"0";"2";"3";"15";"0";""
"201900038152";"138 234 323";"A01";"1";"2";"0";"2";"2";"17";"1";""
"201900038153";"138 234 321";"A01";"1";"33";"0";"1";"1";"1";"1";""
"201900038154";"138 234 320";"A01";"1";"7";"0";"1";"1";"1";"1";""
"201900038155";"138 234 330";"A01";"2";"7";"0";"2";"2";"16";"1";""
"201900038155";"138 234 331";"B01";"2";"30";"0";"2";"8";"7";"3";""
"201900038156";"138 234 318";"A01";"1";"7";"0";"2";"2";"15";"1";""
"201900038156";"138 234 319";"B01";"2";"2";"0";"2";"1";"1";"1";""
"201900038157";"138 234 315";"B01";"1";"31";"0";"2";"3";"1";"1";""
"201900038157";"138 234 317";"A01";"1";"7";"0";"2";"7";"16";"2";""
"201900038158";"138 234 314";"A01";"1";"7";"0";"2";"3";"15";"1";""
"201900038158";"138 234 316";"B01";"2";"7";"0";"2";"6";"1";"1";""
"201900038159";"138 234 310";"A01";"3";"7";"0";"2";"0";"1";"1";""
"201900038159";"138 234 313";"B01";"1";"50";"0";"2";"0";"1";"3";""
"201900038160";"138 234 311";"B01";"2";"1";"0";"2";"6";"1";"5";""
"201900038160";"138 234 312";"A01";"2";"7";"0";"2";"2";"12";"1";""
"201900038161";"138 234 308";"A01";"1";"50";"0";"2";"1";"1";"3";""
"201900038161";"138 234 309";"B01";"2";"30";"0";"2";"7";"15";"1";""
"201900038162";"138 234 306";"B01";"2";"10";"0";"2";"2";"14";"6";""
"201900038162";"138 234 307";"A01";"2";"31";"0";"2";"9";"18";"1";""