"Num_Acc";"id_vehicule";"num_veh";"senc";"catv";"obs";"obsm";"choc";"manv";"motor";"occutc"
"201900038163";"138 234 303";"A01";"3";"38";"0";"2";"2";"1";"1";"1"
"201900038163";"138 234 305";"B01";"3";"7";"0";"2";"6";"16";"1";""
"201900038164";"138 234 302";"B01";"2";"34";"0";"2";"1";"1";"1";""
"201900038164";"138 234 304";"A01";"1";"7";"0";"2";"1";"15";"1";""
"201900038165";"138 234 299";"B01";"1";"7";"0";"2";"7";"1";"1";""
"201900038165";"138 234 300";"A01";"1";"7";"0";"2";"3";"13";"1";""
"201900038166";"138 234 297";"B01";"2";"7";"0";"0";"2";"1";"1";""
"201900038166";"138 234 298";"A01";"2";"30";"0";"2";"3";"18";"1";""
"201900038167";"138 234 295";"A01";"1";"7";"0";"2";"7";"14";"1";""
"201900038167";"138 234 296";"B01";"1";"31";"0";"2";"8";"1";"1";""
"201900038168";"138 234 293";"A01";"1";"7";"0";"2";"2";"1";"1";""
"201900038168";"138 234 294";"B01";"1";"33";"0";"2";"3";"1";"1";""
"201900038169";"138 234 291";"A01";"1";"37";"0";"2";"2";"23";"1";"1"
"201900038169";"138 234 292";"B01";"1";"50";"0";"2";"1";"19";"3";""
"201900038170";"138 234 290";"A01";"1";"32";"0";"1";"0";"1";"1";""
"201900038171";"138 234 288";"B01";"1";"34";"0";"2";"1";"1";"1";""
"201900038171";"138 234 289";"A01";"1";"7";"0";"2";"2";"15";"1";""
"201900038172";"138 234 287";"A01";"2";"50";"12";"0";"1";"21";"3";""
"201900038173";"138 234 286";"A01";"2";"31";"0";"2";"1";"1";"1";""
"201900038173";"138 234 301";"B01";"2";"10";"0";"2";"8";"1";"1";""
"201900038174";"138 234 282";"A01";"1";"7";"0";"2";"2";"1";"1";""
"201900038174";"138 234 284";"B01";"1";"30";"0";"2";"6";"18";"1";""
"201900038175";"138 234 281";"C01";"1";"7";"0";"2";"8";"24";"1";""
"201900038175";"138 234 283";"B01";"1";"7";"0";"2";"3";"1";"1";""
"201900038175";"138 234 285";"A01";"1";"7";"11";"2";"1";"17";"1";""
"201900038176";"138 234 279";"Z01";"2";"2";"0";"2";"1";"2";"1";""
"201900038176";"138 234 280";"A01";"2";"1";"0";"2";"4";"23";"5";""
"201900038177";"138 234 278";"Z01";"1";"30";"0";"1";"1";"5";"1";""
"201900038178";"138 234 276";"A01";"2";"31";"0";"2";"3";"1";"1";""
"201900038178";"138 234 277";"Z01";"2";"7";"0";"2";"2";"16";"0";""
"201900038179";"138 234 275";"A01";"1";"80";"0";"1";"1";"1";"2";""
"201900038180";"138 234 274";"A01";"2";"10";"0";"1";"3";"15";"1";""
"201900038181";"138 234 273";"A01";"1";"30";"0";"0";"0";"1";"1";""
"201900038182";"138 234 271";"A01";"1";"7";"0";"1";"1";"1";"1";""
"201900038183";"138 234 272";"A01";"2";"10";"0";"1";"1";"16";"1";""
"201900038184";"138 234 270";"A01";"1";"1";"0";"0";"0";"18";"5";""
"201900038185";"138 234 268";"A01";"2";"34";"0";"2";"5";"17";"1";""
"201900038185";"138 234 269";"B01";"2";"7";"0";"2";"3";"13";"1";""
"201900038186";"138 234 267";"A01";"2";"33";"0";"1";"2";"1";"1";""
"201900038187";"138 234 265";"B01";"1";"10";"0";"2";"0";"16";"1";""
"201900038187";"138 234 266";"A01";"1";"31";"0";"2";"1";"7";"1";""
"201900038188";"138 234 263";"A01";"1";"2";"0";"2";"1";"1";"1";""
"201900038188";"138 234 264";"B01";"2";"10";"0";"2";"2";"15";"1";""
"201900038189";"138 234 262";"A01";"1";"7";"0";"1";"3";"1";"1";""
"201900038190";"138 234 261";"A01";"2";"32";"0";"1";"7";"1";"1";""
"201900038191";"138 234 258";"A01";"2";"30";"0";"1";"1";"1";"1";""
"201900038192";"138 234 257";"A01";"1";"7";"0";"2";"1";"1";"1";""
"201900038192";"138 234 259";"B01";"1";"7";"0";"2";"4";"1";"1";""
"201900038192";"138 234 260";"C01";"1";"1";"0";"2";"0";"0";"5";""
"201900038193";"138 234 254";"A01";"2";"33";"0";"1";"1";"1";"0";""
"201900038194";"138 234 255";"A01";"1";"32";"0";"2";"3";"1";"1";""
"201900038194";"138 234 256";"B01";"1";"10";"0";"2";"7";"16";"1";""
"201900038195";"138 234 251";"A01";"1";"7";"0";"2";"2";"1";"1";""
"201900038195";"138 234 253";"B01";"1";"7";"0";"0";"0";"15";"1";""
"201900038196";"138 234 250";"A01";"1";"7";"0";"2";"8";"22";"1";""
"201900038196";"138 234 252";"B01";"1";"1";"0";"2";"8";"1";"5";""
"201900038197";"138 234 248";"B01";"1";"7";"0";"2";"3";"9";"1";""
"201900038197";"138 234 249";"A01";"2";"30";"0";"6";"7";"17";"1";""
"201900038198";"138 234 247";"A01";"1";"7";"0";"1";"3";"1";"1";""
"201900038199";"138 234 246";"A01";"1";"30";"0";"2";"8";"13";"0";""
"201900038200";"138 234 244";"A01";"3";"33";"0";"2";"7";"2";"1";""
"201900038200";"138 234 245";"Z01";"1";"7";"0";"2";"6";"15";"0";""
"201900038201";"138 234 242";"A01";"1";"7";"0";"2";"1";"19";"1";""
"201900038201";"138 234 243";"B01";"1";"7";"0";"2";"1";"2";"1";""
"201900038202";"138 234 240";"B01";"1";"7";"0";"2";"2";"1";"1";""
"201900038202";"138 234 241";"A01";"1";"7";"0";"2";"3";"1";"1";""
"201900038203";"138 234 237";"A01";"1";"7";"0";"2";"2";"21";"1";""
"201900038203";"138 234 238";"B01";"1";"7";"0";"0";"6";"1";"1";""
"201900038203";"138 234 239";"C01";"2";"31";"0";"0";"0";"0";"1";""
"201900038204";"138 234 236";"Z01";"1";"30";"0";"1";"3";"1";"0";""
"201900038205";"138 234 233";"Z01";"1";"7";"0";"2";"5";"12";"0";""
"201900038205";"138 234 234";"A01";"1";"33";"0";"2";"3";"1";"1";""
"201900038206";"138 234 228";"A01";"1";"7";"0";"2";"1";"2";"1";""
"201900038206";"138 234 230";"B01";"1";"34";"0";"2";"4";"2";"1";""
"201900038207";"138 234 227";"A01";"0";"99";"0";"1";"3";"26";"1";""
"201900038208";"138 234 225";"B01";"2";"50";"0";"2";"0";"13";"3";""
"201900038208";"138 234 226";"A01";"2";"7";"0";"2";"0";"17";"1";""
"201900038209";"138 234 223";"A01";"1";"10";"0";"2";"1";"2";"1";""
"201900038209";"138 234 224";"B01";"1";"10";"0";"2";"0";"0";"1";""
"201900038210";"138 234 222";"A01";"1";"7";"0";"1";"6";"4";"0";""
"201900038211";"138 234 221";"A01";"1";"7";"3";"0";"1";"1";"0";""
"201900038212";"138 234 220";"A01";"3";"7";"0";"1";"2";"1";"1";""
"201900038213";"138 234 218";"A01";"3";"30";"0";"2";"1";"17";"1";""
"201900038213";"138 234 219";"B01";"2";"7";"0";"2";"3";"15";"1";""
"201900038214";"138 234 217";"A01";"2";"7";"0";"1";"1";"1";"1";""
"201900038215";"138 234 216";"Z01";"1";"30";"0";"1";"1";"1";"0";""
"201900038216";"138 234 214";"B01";"1";"10";"0";"2";"7";"20";"1";""
"201900038216";"138 234 215";"A01";"1";"34";"0";"2";"8";"1";"1";""
"201900038217";"138 234 212";"A01";"2";"7";"0";"1";"1";"1";"0";""
"201900038218";"138 234 211";"B01";"3";"31";"0";"2";"4";"23";"1";""
"201900038218";"138 234 213";"A01";"3";"7";"0";"2";"1";"1";"1";""
"201900038219";"138 234 210";"A01";"2";"7";"0";"1";"3";"1";"1";""
"201900038220";"138 234 208";"A01";"2";"10";"0";"2";"1";"15";"1";""
"201900038220";"138 234 209";"B01";"1";"43";"0";"2";"8";"1";"1";""
"201900038221";"138 234 205";"A01";"1";"33";"0";"2";"3";"1";"1";""
"201900038221";"138 234 206";"B01";"1";"7";"0";"2";"2";"16";"1";""
"201900038222";"138 234 207";"A01";"1";"7";"0";"1";"1";"26";"0";""
"201900038223";"138 234 204";"A01";"1";"7";"0";"1";"1";"1";"1";""
"201900038224";"138 234 202";"A01";"1";"7";"0";"9";"1";"16";"1";""
"201900038224";"138 234 203";"B01";"2";"1";"0";"2";"1";"1";"5";""
"201900038225";"138 234 201";"A01";"3";"10";"0";"1";"1";"26";"0";""
"201900038226";"138 234 200";"A01";"2";"2";"0";"1";"1";"1";"1";""
"201900038227";"138 234 199";"A01";"3";"7";"0";"1";"2";"10";"1";""
"201900038228";"138 234 197";"B01";"1";"34";"0";"2";"7";"1";"1";""
"201900038228";"138 234 198";"A01";"2";"10";"0";"2";"3";"1";"1";""
"201900038229";"138 234 196";"A01";"1";"30";"0";"1";"1";"1";"1";""
"201900038230";"138 234 193";"A01";"2";"33";"0";"2";"1";"2";"1";""
"201900038230";"138 234 194";"B01";"2";"14";"0";"2";"4";"0";"1";""
"201900038231";"138 234 192";"A01";"1";"34";"0";"2";"1";"1";"1";""
"201900038231";"138 234 195";"B01";"2";"7";"0";"2";"3";"15";"1";""
"201900038232";"138 234 190";"A01";"2";"31";"0";"2";"7";"1";"1";""
"201900038232";"138 234 191";"B01";"1";"7";"0";"2";"3";"1";"1";""
"201900038233";"138 234 188";"B01";"3";"7";"0";"0";"0";"0";"0";""
"201900038233";"138 234 189";"A01";"3";"31";"0";"2";"3";"16";"0";""
"201900038234";"138 234 187";"A01";"2";"32";"0";"1";"1";"1";"1";""
"201900038235";"138 234 184";"A01";"0";"10";"0";"2";"2";"15";"0";""
"201900038235";"138 234 186";"B01";"1";"34";"0";"2";"0";"0";"0";""
"201900038236";"138 234 183";"B01";"1";"10";"1";"2";"3";"1";"1";""
"201900038236";"138 234 185";"A01";"2";"7";"0";"2";"1";"13";"1";""
"201900038237";"138 234 181";"A01";"1";"7";"0";"1";"1";"1";"2";""
"201900038238";"138 234 180";"B01";"1";"50";"0";"2";"7";"1";"3";""
"201900038238";"138 234 182";"A01";"1";"10";"0";"2";"1";"16";"1";""
"201900038239";"138 234 176";"B01";"2";"1";"0";"2";"1";"15";"5";""
"201900038239";"138 234 178";"A01";"1";"30";"0";"2";"1";"5";"1";""
"201900038240";"138 234 177";"B01";"3";"7";"0";"2";"5";"15";"1";""
"201900038240";"138 234 179";"A01";"3";"31";"9";"2";"1";"1";"1";""
"201900038241";"138 234 173";"B01";"2";"2";"0";"2";"1";"1";"1";""
"201900038241";"138 234 175";"A01";"1";"7";"0";"2";"3";"1";"1";""
"201900038242";"138 234 170";"A01";"2";"32";"11";"0";"0";"13";"1";""
"201900038243";"138 234 169";"A01";"1";"7";"0";"2";"1";"1";"1";""
"201900038243";"138 234 171";"B01";"1";"7";"0";"2";"3";"1";"2";""
"201900038244";"138 234 168";"A01";"0";"7";"0";"1";"3";"15";"1";""
"201900038245";"138 234 165";"A01";"1";"10";"0";"1";"3";"1";"1";""
"201900038246";"138 234 166";"A01";"1";"43";"0";"2";"1";"17";"1";""
"201900038246";"138 234 167";"B01";"1";"7";"0";"2";"6";"10";"1";""
"201900038247";"138 234 163";"A01";"1";"7";"0";"2";"2";"15";"1";""
"201900038247";"138 234 164";"B01";"2";"3";"0";"2";"3";"1";"1";""
"201900038248";"138 234 162";"A01";"1";"30";"1";"0";"0";"1";"1";""
"201900038249";"138 234 161";"A01";"3";"10";"0";"1";"3";"15";"1";""
"201900038250";"138 234 159";"A01";"1";"1";"0";"2";"7";"13";"5";""
"201900038250";"138 234 160";"B01";"2";"7";"0";"2";"0";"1";"1";""
"201900038251";"138 234 158";"A01";"1";"10";"0";"1";"1";"1";"0";""
"201900038252";"138 234 156";"B01";"1";"7";"0";"2";"4";"1";"1";""
"201900038252";"138 234 157";"A01";"1";"7";"0";"2";"1";"2";"1";""
"201900038253";"138 234 155";"A01";"1";"7";"0";"1";"7";"1";"1";""
"201900038254";"138 234 151";"B01";"1";"7";"0";"2";"3";"10";"1";""
"201900038254";"138 234 152";"A01";"1";"43";"0";"2";"1";"17";"1";""
"201900038255";"138 234 148";"A01";"1";"50";"0";"1";"1";"25";"3";""
"201900038256";"138 234 146";"A01";"2";"1";"0";"2";"3";"18";"5";""
"201900038256";"138 234 147";"B01";"2";"38";"0";"2";"7";"16";"1";"1"
"201900038257";"138 234 144";"A01";"2";"7";"0";"2";"8";"10";"1";""
"201900038257";"138 234 145";"B01";"2";"32";"0";"2";"2";"1";"1";""
"201900038258";"138 234 143";"A01";"1";"7";"0";"1";"1";"1";"1";""
"201900038259";"138 234 141";"B01";"1";"7";"0";"2";"7";"14";"0";""
"201900038259";"138 234 142";"A01";"2";"32";"0";"2";"8";"1";"1";""
"201900038260";"138 234 139";"B01";"1";"32";"0";"2";"8";"1";"1";""
"201900038260";"138 234 140";"A01";"1";"7";"0";"2";"7";"16";"1";""
"201900038261";"138 234 149";"A01";"2";"7";"0";"2";"3";"15";"1";""
"201900038261";"138 234 150";"B01";"2";"33";"0";"2";"7";"2";"1";""
"201900038262";"138 234 137";"A01";"1";"7";"0";"1";"2";"1";"1";""
"201900038263";"138 234 136";"A01";"2";"7";"3";"0";"2";"2";"0";""
"201900038264";"138 234 134";"B01";"3";"1";"0";"2";"7";"1";"5";""
"201900038264";"138 234 135";"A01";"3";"7";"0";"2";"3";"1";"1";""
"201900038265";"138 234 132";"B01";"3";"7";"0";"2";"3";"0";"1";""
"201900038265";"138 234 133";"A01";"3";"7";"0";"2";"2";"0";"1";""
"201900038266";"138 234 129";"B01";"2";"2";"0";"2";"4";"23";"1";""
"201900038266";"138 234 131";"A01";"2";"7";"0";"2";"1";"7";"1";""
"201900038267";"138 234 128";"B01";"2";"7";"0";"2";"1";"13";"1";""
"201900038267";"138 234 130";"A01";"1";"7";"0";"2";"1";"1";"1";""
"201900038268";"138 234 126";"A01";"1";"7";"2";"0";"3";"17";"0";""
"201900038269";"138 234 125";"Z01";"2";"7";"0";"2";"0";"0";"1";""
"201900038269";"138 234 127";"A01";"1";"7";"0";"2";"7";"1";"1";""
"201900038270";"138 234 124";"A01";"2";"7";"0";"9";"1";"14";"1";""
"201900038271";"138 234 123";"A01";"2";"43";"0";"1";"1";"1";"1";""
"201900038272";"138 234 121";"A01";"2";"7";"0";"2";"2";"1";"1";""
"201900038272";"138 234 122";"B01";"2";"1";"0";"2";"4";"1";"5";""
"201900038273";"138 234 119";"B01";"1";"32";"0";"2";"1";"1";"1";""
"201900038273";"138 234 120";"A01";"1";"7";"0";"2";"8";"10";"1";""
"201900038274";"138 234 117";"B01";"2";"2";"0";"2";"1";"1";"1";""
"201900038274";"138 234 118";"A01";"2";"7";"0";"2";"8";"10";"1";""
"201900038275";"138 234 116";"A01";"3";"50";"0";"0";"1";"1";"3";""
"201900038276";"138 234 114";"A01";"2";"7";"0";"2";"3";"15";"1";""
"201900038276";"138 234 115";"B01";"1";"7";"0";"2";"3";"1";"1";""
"201900038277";"138 234 111";"A01";"0";"32";"0";"2";"7";"14";"1";""
"201900038277";"138 234 113";"B01";"0";"10";"0";"2";"6";"1";"1";""
"201900038278";"138 234 109";"B01";"1";"1";"0";"2";"7";"1";"5";""
"201900038278";"138 234 110";"A01";"1";"7";"0";"2";"3";"1";"1";""
"201900038279";"138 234 107";"Z01";"3";"7";"0";"2";"0";"14";"0";""
"201900038279";"138 234 108";"A01";"3";"33";"0";"2";"7";"1";"1";""
"201900038280";"138 234 106";"A01";"1";"7";"0";"1";"1";"1";"1";""
"201900038281";"138 234 104";"A01";"1";"2";"0";"2";"1";"18";"1";""
"201900038281";"138 234 105";"B01";"1";"7";"0";"2";"2";"16";"1";""
"201900038282";"138 234 102";"A01";"2";"50";"0";"2";"1";"5";"3";""
"201900038282";"138 234 103";"B01";"2";"7";"0";"2";"3";"15";"1";""
"201900038283";"138 234 100";"B01";"1";"7";"0";"2";"3";"1";"1";""
"201900038283";"138 234 101";"A01";"1";"30";"0";"2";"1";"1";"1";""
"201900038284";"138 234 098";"B01";"2";"32";"0";"2";"2";"1";"1";""
"201900038284";"138 234 099";"A01";"1";"10";"0";"2";"3";"15";"1";""
"201900038285";"138 234 096";"B01";"3";"34";"0";"2";"7";"17";"1";""
"201900038285";"138 234 097";"A01";"3";"7";"0";"2";"6";"13";"1";""
"201900038286";"138 234 094";"A01";"1";"7";"0";"2";"2";"15";"2";""
"201900038286";"138 234 095";"B01";"2";"33";"0";"2";"1";"1";"1";""
"201900038287";"138 234 092";"A01";"1";"7";"0";"2";"3";"9";"1";""
"201900038287";"138 234 093";"B01";"1";"31";"0";"2";"1";"1";"1";""
"201900038288";"138 234 091";"A01";"1";"7";"0";"1";"2";"16";"1";""
"201900038289";"138 234 090";"A01";"2";"7";"0";"1";"1";"1";"1";""
"201900038290";"138 234 089";"A01";"1";"7";"0";"1";"2";"1";"1";""
"201900038291";"138 234 088";"A01";"2";"7";"0";"1";"2";"1";"1";""
"201900038292";"138 234 087";"A01";"3";"7";"0";"1";"2";"1";"2";""
"201900038293";"138 234 086";"A01";"1";"30";"0";"0";"2";"21";"1";""
"201900038294";"138 234 084";"B01";"2";"2";"1";"2";"2";"1";"1";""
"201900038294";"138 234 085";"A01";"2";"7";"0";"2";"3";"10";"1";""
"201900038295";"138 234 083";"A01";"1";"32";"0";"0";"7";"1";"1";""
"201900038296";"138 234 081";"B01";"1";"10";"0";"2";"2";"1";"1";""
"201900038296";"138 234 082";"A01";"1";"43";"0";"2";"3";"10";"1";""
"201900038297";"138 234 080";"A01";"3";"7";"2";"0";"1";"13";"2";""
"201900038298";"138 234 079";"Z01";"1";"7";"0";"1";"8";"1";"0";""
"201900038299";"138 234 078";"A01";"1";"7";"1";"0";"4";"20";"1";""
"201900038300";"138 234 077";"A01";"1";"10";"9";"0";"3";"13";"1";""
"201900038301";"138 234 073";"A01";"2";"7";"0";"2";"2";"17";"1";""
"201900038301";"138 234 074";"B01";"2";"33";"0";"2";"8";"1";"1";""
"201900038302";"138 234 071";"B01";"2";"2";"0";"2";"8";"1";"1";""
"201900038302";"138 234 072";"A01";"1";"7";"0";"2";"7";"1";"1";""
"201900038303";"138 234 069";"B01";"3";"7";"0";"2";"2";"1";"1";""
"201900038303";"138 234 070";"A01";"3";"7";"8";"2";"3";"10";"1";""
"201900038304";"138 234 067";"A01";"1";"7";"0";"2";"5";"1";"1";""
"201900038304";"138 234 068";"B01";"1";"30";"0";"2";"0";"1";"1";""
"201900038305";"138 234 065";"B01";"1";"2";"0";"2";"1";"1";"1";""
"201900038305";"138 234 066";"A01";"2";"7";"0";"2";"2";"15";"1";""
"201900038306";"138 234 064";"A01";"1";"50";"6";"0";"1";"21";"3";""
"201900038307";"138 234 062";"B01";"2";"7";"0";"2";"2";"16";"1";""
"201900038307";"138 234 063";"A01";"2";"30";"0";"2";"3";"7";"1";""
"201900038308";"138 234 060";"B01";"1";"7";"0";"2";"5";"21";"1";""
"201900038308";"138 234 061";"A01";"1";"31";"0";"2";"1";"2";"1";""
"201900038309";"138 234 059";"Z01";"3";"7";"0";"1";"1";"1";"1";""
"201900038310";"138 234 058";"A01";"1";"17";"0";"1";"3";"1";"1";""
"201900038311";"138 234 056";"A01";"2";"7";"0";"2";"7";"1";"2";""
"201900038311";"138 234 057";"B01";"2";"7";"0";"2";"1";"1";"1";""
"201900038312";"138 234 055";"A01";"2";"37";"0";"1";"5";"1";"2";"1"
"201900038313";"138 234 053";"B01";"1";"7";"0";"2";"5";"1";"1";""
"201900038313";"138 234 054";"A01";"2";"7";"0";"2";"1";"1";"1";""
"201900038314";"138 234 050";"A01";"2";"7";"0";"2";"1";"1";"1";""
"201900038314";"138 234 051";"B01";"2";"7";"0";"2";"4";"1";"1";""
"201900038314";"138 234 052";"C01";"2";"7";"0";"2";"4";"23";"1";""
"201900038315";"138 234 049";"A01";"1";"10";"0";"1";"4";"20";"1";""
"201900038316";"138 234 047";"B01";"2";"7";"0";"2";"8";"1";"1";""
"201900038316";"138 234 048";"A01";"1";"30";"0";"2";"1";"5";"1";""
"201900038317";"138 234 046";"A01";"1";"34";"0";"0";"0";"21";"1";""
"201900038318";"138 234 044";"A01";"1";"32";"0";"2";"1";"1";"1";""
"201900038318";"138 234 045";"B01";"1";"7";"0";"2";"2";"15";"1";""
"201900038319";"138 234 043";"Z01";"1";"30";"0";"1";"2";"5";"0";""
"201900038320";"138 234 042";"A01";"1";"10";"0";"1";"1";"16";"1";""
"201900038321";"138 234 040";"A01";"1";"7";"0";"2";"1";"2";"2";""
"201900038321";"138 234 041";"B01";"1";"32";"0";"2";"4";"23";"1";""
"201900038322";"138 234 038";"Z01";"1";"30";"0";"2";"1";"2";"0";""
"201900038322";"138 234 039";"A01";"1";"50";"0";"2";"4";"23";"3";""
"201900038323";"138 234 036";"A01";"1";"32";"0";"2";"8";"1";"1";""
"201900038323";"138 234 037";"Z01";"2";"10";"0";"2";"0";"15";"0";""
"201900038324";"138 234 035";"A01";"1";"33";"15";"0";"2";"7";"1";""
"201900038325";"138 234 033";"A01";"1";"33";"0";"2";"1";"1";"3";""
"201900038325";"138 234 034";"B01";"2";"1";"0";"2";"2";"19";"5";""
"201900038326";"138 234 032";"A01";"2";"30";"0";"1";"1";"1";"3";""
"201900038327";"138 234 030";"B01";"2";"32";"0";"2";"1";"1";"1";""
"201900038327";"138 234 031";"A01";"2";"7";"0";"2";"8";"22";"1";""
"201900038328";"138 234 029";"A01";"1";"30";"0";"0";"8";"1";"1";""
"201900038329";"138 234 028";"A01";"1";"32";"0";"0";"2";"21";"1";""
"201900038330";"138 234 026";"B01";"2";"50";"0";"2";"1";"1";"3";""
"201900038330";"138 234 027";"A01";"2";"7";"0";"2";"2";"16";"1";""
"201900038331";"138 234 024";"A01";"2";"7";"0";"2";"3";"1";"1";""
"201900038331";"138 234 025";"B01";"2";"60";"0";"2";"0";"19";"5";""
"201900038332";"138 234 022";"A01";"2";"1";"0";"2";"1";"1";"5";""
"201900038332";"138 234 023";"B01";"1";"10";"0";"2";"8";"9";"1";""
"201900038333";"138 234 020";"A01";"1";"43";"0";"2";"1";"17";"1";""
"201900038333";"138 234 021";"B01";"1";"10";"0";"2";"6";"15";"1";""
"201900038334";"138 234 019";"A01";"2";"33";"0";"0";"8";"0";"1";""
"201900038335";"138 234 017";"A01";"1";"1";"0";"2";"1";"1";"5";""
"201900038335";"138 234 018";"B01";"3";"32";"0";"2";"6";"16";"1";""
"201900038336";"138 234 015";"A01";"2";"34";"0";"2";"3";"5";"1";""
"201900038336";"138 234 016";"B01";"2";"7";"0";"2";"3";"15";"1";""
"201900038337";"138 234 014";"A01";"2";"50";"0";"1";"1";"1";"3";""
"201900038338";"138 234 012";"B01";"1";"7";"0";"2";"8";"15";"1";""
"201900038338";"138 234 013";"A01";"1";"32";"0";"2";"7";"17";"1";""
"201900038339";"138 234 011";"A01";"1";"7";"0";"1";"4";"20";"1";""
"201900038340";"138 234 009";"A01";"3";"33";"0";"2";"7";"16";"1";""
"201900038340";"138 234 010";"B01";"3";"33";"0";"2";"8";"1";"1";""
"201900038341";"138 234 006";"C01";"2";"7";"0";"2";"3";"1";"1";""
"201900038341";"138 234 007";"B01";"2";"7";"0";"2";"2";"14";"1";""
"201900038341";"138 234 008";"A01";"2";"43";"0";"2";"8";"3";"1";""
"201900038342";"138 234 004";"A01";"1";"30";"0";"2";"1";"25";"1";""
"201900038342";"138 234 005";"B01";"1";"10";"0";"2";"2";"23";"4";""
"201900038343";"138 234 003";"A01";"1";"32";"1";"0";"2";"14";"1";""
"201900038344";"138 234 001";"A01";"2";"43";"0";"2";"3";"18";"1";""
"201900038344";"138 234 002";"B01";"2";"7";"0";"2";"2";"16";"1";""
"201900038345";"138 234 000";"A01";"2";"32";"0";"1";"3";"17";"1";""
"201900038346";"138 233 999";"A01";"1";"1";"0";"0";"0";"15";"5";""
"201900038347";"138 233 998";"A01";"1";"50";"0";"1";"1";"25";"3";""
"201900038348";"138 233 996";"B01";"1";"43";"0";"2";"1";"1";"1";""
"201900038348";"138 233 997";"A01";"1";"50";"0";"2";"4";"9";"3";""
"201900038349";"138 233 995";"A01";"1";"7";"0";"1";"2";"1";"1";""
"201900038350";"138 233 994";"A01";"2";"7";"1";"0";"2";"14";"1";""
"201900038351";"138 233 992";"B01";"1";"10";"0";"2";"8";"1";"1";""
"201900038351";"138 233 993";"A01";"1";"30";"0";"2";"7";"15";"1";""
"201900038352";"138 233 990";"A01";"1";"33";"0";"2";"7";"2";"1";""
"201900038352";"138 233 991";"B01";"1";"7";"0";"2";"6";"2";"1";""
"201900038353";"138 233 988";"B01";"2";"1";"0";"2";"8";"1";"5";""
"201900038353";"138 233 989";"A01";"2";"1";"0";"2";"7";"12";"5";""
"201900038354";"138 233 987";"A01";"1";"1";"0";"0";"8";"21";"5";""
"201900038355";"138 233 986";"A01";"2";"32";"0";"0";"8";"1";"1";""
"201900038356";"138 233 984";"B01";"1";"7";"0";"2";"3";"15";"1";""
"201900038356";"138 233 985";"A01";"1";"7";"0";"2";"2";"17";"1";""
"201900038357";"138 233 982";"B01";"1";"1";"0";"2";"4";"1";"5";""
"201900038357";"138 233 983";"A01";"1";"7";"0";"2";"1";"2";"1";""
"201900038358";"138 233 980";"A01";"1";"7";"8";"2";"5";"16";"1";""
"201900038358";"138 233 981";"B01";"2";"7";"0";"2";"2";"7";"2";""
"201900038359";"138 233 979";"A01";"1";"33";"0";"1";"1";"1";"1";""
"201900038360";"138 233 977";"A01";"2";"31";"0";"2";"7";"17";"1";""
"201900038360";"138 233 978";"B01";"1";"7";"0";"2";"3";"15";"1";""
"201900038361";"138 233 975";"B01";"1";"1";"0";"2";"1";"1";"5";""
"201900038361";"138 233 976";"A01";"2";"10";"0";"2";"3";"16";"1";""
"201900038362";"138 233 973";"A01";"1";"1";"0";"2";"7";"15";"5";""
"201900038362";"138 233 974";"B01";"1";"30";"0";"2";"1";"1";"3";""
"201900038363";"138 233 972";"A01";"2";"7";"0";"1";"1";"1";"1";""
"201900038364";"138 233 971";"A01";"2";"30";"12";"0";"1";"1";"1";""
"201900038365";"138 233 969";"B01";"2";"33";"0";"2";"1";"1";"1";""
"201900038365";"138 233 970";"A01";"1";"30";"0";"2";"8";"1";"1";""
"201900038366";"138 233 967";"A01";"2";"7";"0";"2";"1";"1";"0";""
"201900038366";"138 233 968";"B01";"1";"33";"0";"0";"0";"1";" -1";""
"201900038367";"138 233 965";"B01";"1";"7";"14";"0";"4";"23";"1";""
"201900038367";"138 233 966";"Z01";"1";"10";"0";"2";"1";"1";"1";""
"201900038368";"138 233 963";"B01";"2";"7";"0";"2";"5";"2";"1";""
"201900038368";"138 233 964";"A01";"2";"7";"0";"2";"3";"2";"1";""
"201900038369";"138 233 961";"B01";"3";"1";"0";"2";"1";"19";"5";""
"201900038369";"138 233 962";"A01";"1";"7";"0";"2";"2";"1";"1";""
"201900038370";"138 233 960";"A01";"3";"3";"6";"0";"1";"19";"1";""
"201900038371";"138 233 959";"A01";"2";"7";"0";"1";"2";"1";"1";""
"201900038372";"138 233 958";"A01";"2";"7";"13";"0";"9";"13";"1";""
"201900038373";"138 233 956";"A01";"3";"7";"0";"6";"7";"16";"6";""
"201900038373";"138 233 957";"B01";"3";"1";"0";"2";"1";"1";"5";""
"201900038374";"138 233 955";"A01";"2";"40";"0";"1";"1";"1";"0";""
"201900038375";"138 233 953";"B01";"2";"2";"0";"2";"1";"2";"1";""
"201900038375";"138 233 954";"A01";"1";"7";"0";"2";"6";"2";"1";""
"201900038376";"138 233 952";"A01";"1";"7";"1";"0";"1";"1";"1";""
"201900038377";"138 233 950";"B01";"1";"7";"0";"2";"1";"1";"1";""
"201900038377";"138 233 951";"A01";"2";"7";"0";"2";"1";"5";"1";""
"201900038378";"138 233 948";"B01";"2";"34";"0";"2";"1";"17";"1";""
"201900038378";"138 233 949";"A01";"1";"7";"0";"2";"3";"13";"1";""