"Num_Acc";"id_vehicule";"num_veh";"senc";"catv";"obs";"obsm";"choc";"manv";"motor";"occutc"
"201900038978";"138 232 823";"B01";"1";"17";"0";"2";"1";"1";"1";""
"201900038979";"138 232 820";"A01";"1";"7";"17";"0";"1";"1";"1";""
"201900038980";"138 232 819";"A01";"3";"7";"8";"0";"1";"15";"0";""
"201900038981";"138 232 818";"A01";"0";"7";"0";"1";"3";"20";"1";""
"201900038982";"138 232 815";"B01";"3";"7";"0";"2";"8";"1";"1";""
"201900038982";"138 232 816";"C01";"3";"10";"0";"2";"1";"1";"1";""
"201900038982";"138 232 817";"A01";"3";"10";"0";"2";"8";"13";"1";""
"201900038983";"138 232 813";"A01";"1";"7";"0";"2";"5";"19";"1";""
"201900038983";"138 232 814";"B01";"1";"2";"0";"2";"1";"1";"1";""
"201900038984";"138 232 812";"A01";"2";"7";"0";"1";"2";"1";"1";""
"201900038985";"138 232 810";"B01";"2";"7";"0";"2";"1";"1";"1";""
"201900038985";"138 232 811";"A01";"1";"10";"0";"2";"1";"13";"1";""
"201900038986";"138 232 809";"A01";"1";"7";"6";"0";"1";"1";"1";""
"201900038987";"138 232 807";"B01";"2";"7";"0";"0";"1";"2";"6";""
"201900038987";"138 232 808";"A01";"2";"7";"0";"0";"4";"16";"6";""
"201900038988";"138 232 804";"B01";"1";"7";"0";"2";"1";"15";"0";""
"201900038988";"138 232 805";"A01";"2";"2";"0";"2";"1";"1";"1";""
"201900038989";"138 232 802";"B01";"2";"7";"0";"2";"1";"1";"1";""
"201900038989";"138 232 803";"A01";"1";"7";"0";"2";"3";"5";"1";""
"201900038990";"138 232 801";"A01";"2";"7";"2";"0";"1";"1";"1";""
"201900038991";"138 232 799";"A01";"0";"7";"0";"2";"2";"1";"1";""
"201900038991";"138 232 800";"B01";"0";"7";"0";"2";"1";"1";"1";""
"201900038992";"138 232 798";"A01";"0";"7";"0";"1";"3";"1";"1";""
"201900038993";"138 232 794";"B01";"2";"7";"0";"2";"3";"1";"1";""
"201900038993";"138 232 795";"A01";"2";"7";"0";"2";"5";"9";"1";""
"201900038994";"138 232 792";"B01";"1";"1";"0";"2";"8";"1";"5";""
"201900038994";"138 232 793";"A01";"1";"7";"0";"2";"2";"1";"1";""
"201900038995";"138 232 791";"A01";"3";"3";"6";"0";"2";"1";"1";""
"201900038996";"138 232 789";"A01";"2";"7";"6";"2";"3";"1";"1";""
"201900038996";"138 232 790";"B01";"1";"7";"6";"2";"3";"1";"1";""
"201900038997";"138 232 788";"A01";"3";"7";"6";"0";"1";"1";"1";""
"201900038998";"138 232 785";"C01";"3";"7";"0";"0";"3";"23";"1";""
"201900038998";"138 232 786";"A01";"1";"7";"0";"2";"3";"15";"1";""
"201900038998";"138 232 787";"B01";"2";"7";"0";"2";"1";"1";"1";""
"201900038999";"138 232 784";"A01";"2";"10";"0";"1";"2";"1";"1";""
"201900039000";"138 232 783";"A01";"1";"7";"1";"0";"1";"5";"1";""
"201900039001";"138 232 781";"A01";"0";"33";"0";"0";"8";"15";"1";""
"201900039002";"138 232 780";"A01";"2";"33";"13";"0";"1";"1";"1";""
"201900039003";"138 232 777";"C01";"1";"7";"0";"0";"0";"16";" -1";""
"201900039003";"138 232 778";"A01";"1";"10";"0";"2";"4";"26";"1";""
"201900039003";"138 232 779";"B01";"1";"33";"0";"2";"1";"26";"1";""
"201900039004";"138 232 775";"B01";"1";"7";"0";"2";"3";"1";"0";""
"201900039004";"138 232 776";"A01";"1";"7";"0";"2";"3";"13";"0";""
"201900039005";"138 232 773";"B01";"3";"1";"0";"2";"8";"16";"5";""
"201900039005";"138 232 774";"A01";"2";"7";"0";"2";"2";"1";"1";""
"201900039006";"138 232 772";"A01";"2";"33";"4";"0";"1";"1";"1";""
"201900039007";"138 232 770";"B01";"3";"7";"0";"2";"3";"1";"1";""
"201900039007";"138 232 771";"A01";"1";"33";"0";"2";"1";"17";"1";""
"201900039008";"138 232 768";"B01";"1";"7";"0";"2";"1";"1";"1";""
"201900039008";"138 232 769";"A01";"1";"7";"2";"2";"2";"17";"1";""
"201900039009";"138 232 767";"A01";"2";"7";"4";"0";"3";"1";"1";""
"201900039010";"138 232 765";"B01";"3";"14";"0";"2";"8";"1";"1";""
"201900039010";"138 232 766";"A01";"3";"7";"0";"2";"3";"13";"1";""
"201900039011";"138 232 764";"A01";"1";"7";"0";"1";"3";"1";"1";""
"201900039012";"138 232 761";"A01";"3";"33";"2";"0";"1";"1";"1";""
"201900039013";"138 232 759";"B01";"1";"2";"0";"2";"7";"1";"1";""
"201900039013";"138 232 760";"A01";"2";"7";"0";"2";"2";"15";"1";""
"201900039014";"138 232 757";"A01";"2";"7";"0";"2";"7";"13";"1";""
"201900039014";"138 232 758";"B01";"1";"7";"0";"2";"1";"1";"1";""
"201900039015";"138 232 756";"A01";"2";"7";"6";"0";"3";"1";"1";""
"201900039016";"138 232 754";"A01";"1";"7";"0";"2";"3";"16";"1";""
"201900039016";"138 232 755";"B01";"1";"1";"0";"2";"1";"1";"5";""
"201900039017";"138 232 753";"A01";"3";"7";"6";"0";"3";"21";"0";""
"201900039018";"138 232 752";"A01";"0";"50";"0";"9";"0";"0";"3";""
"201900039019";"138 232 749";"A01";"2";"7";"3";"2";"3";"11";"1";""
"201900039019";"138 232 750";"B01";"1";"7";"0";"2";"8";"1";"1";""
"201900039019";"138 232 751";"C01";"2";"7";"0";"2";"3";"1";"1";""
"201900039020";"138 232 747";"B01";"2";"17";"0";"2";"8";"1";"1";""
"201900039020";"138 232 748";"A01";"1";"7";"0";"2";"3";"1";"1";""
"201900039021";"138 232 746";"A01";"2";"7";"0";"0";"0";"1";"1";""
"201900039022";"138 232 744";"B01";"2";"2";"0";"2";"1";"1";"1";""
"201900039022";"138 232 745";"A01";"1";"7";"0";"2";"2";"15";"1";""
"201900039023";"138 232 742";"A01";"2";"7";"0";"0";"4";"1";"1";""
"201900039023";"138 232 743";"B01";"2";"7";"0";"0";"4";"1";"1";""
"201900039024";"138 232 740";"A01";"2";"7";"2";"0";"1";"0";"0";""
"201900039025";"138 232 739";"A01";"2";"21";"6";"0";"8";"1";"1";""
"201900039026";"138 232 737";"A01";"1";"7";"6";"0";"3";"1";"1";""
"201900039026";"138 232 738";"B01";"2";"7";"0";"0";"6";"1";"1";""
"201900039027";"138 232 736";"A01";"0";"7";"0";"1";"4";"20";"0";""
"201900039028";"138 232 735";"A01";"2";"2";"0";"0";"8";"1";"1";""
"201900039029";"138 232 731";"C01";"1";"10";"0";"2";"2";"15";"1";""
"201900039029";"138 232 732";"B01";"1";"14";"0";"2";"5";"20";"1";""
"201900039029";"138 232 733";"A01";"1";"3";"1";"2";"3";"5";"1";""
"201900039030";"138 232 729";"A01";"1";"7";"0";"2";"1";"13";"0";""
"201900039030";"138 232 730";"B01";"2";"7";"0";"2";"1";"1";"0";""
"201900039031";"138 232 727";"B01";"2";"7";"0";"2";"1";"2";"1";""
"201900039031";"138 232 728";"A01";"2";"7";"0";"0";"4";"15";"1";""
"201900039032";"138 232 722";"C01";"1";"7";"0";"2";"1";"0";"1";""
"201900039032";"138 232 723";"B01";"1";"7";"0";"2";"8";"0";"1";""
"201900039032";"138 232 724";"A01";"2";"7";"0";"2";"1";"13";"1";""
"201900039033";"138 232 719";"B01";"1";"7";"1";"0";"6";"24";"1";""
"201900039033";"138 232 720";"C01";"1";"7";"0";"1";"5";"23";"1";""
"201900039033";"138 232 721";"A01";"1";"7";"1";"0";"1";"1";"1";""
"201900039034";"138 232 714";"B01";"2";"7";"0";"2";"1";"1";"1";""
"201900039034";"138 232 715";"A01";"2";"7";"0";"2";"3";"15";"1";""
"201900039035";"138 232 712";"D01";"1";"14";"0";"0";"1";"1";" -1";""
"201900039035";"138 232 713";"A01";"1";"7";"0";"2";"2";"15";"0";""
"201900039036";"138 232 711";"A01";"2";"17";"3";"0";"7";"14";"1";""
"201900039037";"138 232 709";"A01";"2";"7";"0";"2";"1";"13";"1";""
"201900039037";"138 232 710";"B01";"1";"21";"0";"2";"1";"23";"1";""
"201900039038";"138 232 707";"B01";"0";"7";"0";"2";"4";"1";"6";""
"201900039038";"138 232 708";"A01";"0";"7";"12";"2";"1";"16";"6";""
"201900039039";"138 232 705";"B01";"0";"7";"0";"2";"1";"1";"1";""
"201900039039";"138 232 706";"A01";"0";"7";"0";"2";"1";"1";"1";""
"201900039040";"138 232 704";"A01";"2";"7";"8";"0";"1";"1";"1";""
"201900039041";"138 232 702";"A01";"2";"10";"0";"2";"2";"1";"1";""
"201900039041";"138 232 703";"B01";"2";"2";"0";"2";"4";"1";"1";""
"201900039042";"138 232 699";"C01";"2";"1";"0";"0";"0";"21";"5";""
"201900039042";"138 232 700";"B01";"2";"1";"0";"0";"0";"21";"5";""
"201900039042";"138 232 701";"A01";"2";"1";"0";"0";"0";"21";"5";""
"201900039043";"138 232 698";"A01";"1";"7";"9";"0";"1";"13";"1";""
"201900039044";"138 232 696";"B01";"0";"7";"0";"2";"1";"1";"1";""
"201900039044";"138 232 697";"A01";"0";"7";"0";"2";"7";"19";"1";""
"201900039045";"138 232 694";"A01";"2";"7";"0";"2";"8";"1";"1";""
"201900039045";"138 232 695";"B01";"1";"2";"0";"2";"8";"1";"1";""
"201900039046";"138 232 692";"B01";"2";"7";"0";"2";"3";"2";"1";""
"201900039046";"138 232 693";"A01";"2";"7";"0";"2";"1";"1";"1";""
"201900039047";"138 232 690";"B01";"1";"7";"0";"2";"2";"1";"1";""
"201900039047";"138 232 691";"A01";"2";"7";"0";"2";"2";"1";"1";""
"201900039048";"138 232 688";"A01";"0";"7";"0";"2";"6";"19";"1";""
"201900039048";"138 232 689";"B01";"1";"33";"0";"2";"1";"1";"1";""
"201900039049";"138 232 687";"A01";"2";"7";"2";"0";"1";"1";"1";""
"201900039050";"138 232 685";"B01";"2";"7";"0";"2";"4";"15";"1";""
"201900039050";"138 232 686";"A01";"2";"2";"0";"2";"1";"26";"1";""
"201900039051";"138 232 684";"A01";"1";"7";"0";"1";"1";"19";"0";""
"201900039052";"138 232 682";"A01";"1";"7";"0";"0";"4";"2";"1";""
"201900039052";"138 232 683";"B01";"1";"7";"0";"2";"1";"2";"1";""
"201900039053";"138 232 680";"B01";"2";"17";"14";"0";"2";"21";"1";""
"201900039053";"138 232 681";"A01";"2";"7";"0";"0";"6";"23";"1";""
"201900039054";"138 232 678";"B01";"1";"33";"0";"2";"7";"1";"1";""
"201900039054";"138 232 679";"A01";"1";"7";"0";"2";"2";"12";"0";""
"201900039055";"138 232 676";"B01";"2";"10";"0";"0";"4";"23";"1";""
"201900039055";"138 232 677";"A01";"2";"17";"1";"0";"1";"1";"1";""
"201900039056";"138 232 675";"A01";"1";"7";"0";"1";"1";"21";"1";""
"201900039057";"138 232 673";"A01";"2";"14";"0";"2";"1";"1";"1";""
"201900039057";"138 232 674";"B01";"2";"7";"10";"0";"7";"1";"1";""
"201900039058";"138 232 671";"B01";"2";"7";"0";"9";"7";"9";"1";""
"201900039058";"138 232 672";"A01";"1";"33";"0";"2";"1";"3";"1";""
"201900039059";"138 232 670";"A01";"1";"7";"0";"1";"2";"16";"1";""
"201900039060";"138 232 669";"A01";"2";"7";"3";"0";"0";"0";"0";""
"201900039061";"138 232 667";"A01";"2";"7";"1";"1";"4";"1";"1";""
"201900039061";"138 232 668";"B01";"2";"7";"0";"2";"4";"24";"1";""
"201900039062";"138 232 665";"B01";"2";"7";"0";"2";"1";"1";"1";""
"201900039062";"138 232 666";"A01";"1";"7";"0";"2";"1";"17";"1";""
"201900039063";"138 232 663";"A01";"1";"7";"1";"0";"8";"1";"1";""
"201900039063";"138 232 664";"B01";"1";"14";"0";"2";"4";"24";"1";""
"201900039064";"138 232 662";"A01";"1";"7";"3";"0";"8";"0";"1";""
"201900039065";"138 232 661";"A01";"2";"7";"13";"0";"2";"0";"1";""
"201900039066";"138 232 659";"A01";"1";"10";"0";"2";"2";"13";"1";""
"201900039066";"138 232 660";"B01";"2";"15";"0";"2";"2";"1";"1";""
"201900039067";"138 232 656";"C01";"1";"7";"0";"2";"1";"23";"1";""
"201900039067";"138 232 657";"B01";"1";"7";"0";"2";"1";"1";"1";""
"201900039067";"138 232 658";"A01";"2";"7";"0";"2";"1";"1";"1";""
"201900039068";"138 232 654";"B01";"1";"38";"0";"2";"1";"1";"1";"5"
"201900039068";"138 232 655";"A01";"2";"7";"0";"2";"2";"13";"1";""
"201900039069";"138 232 652";"A01";"2";"17";"0";"2";"1";"26";"1";""
"201900039069";"138 232 653";"B01";"2";"38";"0";"0";"4";"2";"1";"20"
"201900039070";"138 232 647";"E01";"2";"7";"0";"9";"1";"17";"1";""
"201900039070";"138 232 648";"D01";"2";"7";"0";"2";"4";"23";"1";""
"201900039070";"138 232 649";"C01";"2";"7";"0";"2";"5";"23";"1";""
"201900039070";"138 232 650";"B01";"2";"7";"0";"2";"4";"23";"1";""
"201900039070";"138 232 651";"A01";"2";"7";"3";"2";"3";"12";"1";""
"201900039071";"138 232 645";"B01";"2";"17";"0";"0";"4";"2";"1";""
"201900039071";"138 232 646";"A01";"1";"7";"0";"2";"1";"1";"1";""
"201900039072";"138 232 644";"A01";"2";"7";"0";"1";"2";"1";"1";""
"201900039073";"138 232 643";"A01";"0";"10";"16";"0";"9";"0";"1";""
"201900039074";"138 232 642";"A01";"1";"7";"13";"0";"9";"14";"1";""
"201900039075";"138 232 640";"B01";"1";"7";"0";"2";"7";"19";"1";""
"201900039075";"138 232 641";"A01";"2";"2";"0";"2";"1";"1";"1";""
"201900039076";"138 232 638";"A01";"0";"7";"0";"2";"3";"26";"1";""
"201900039076";"138 232 639";"B01";"2";"2";"0";"2";"1";"1";"1";""
"201900039077";"138 232 637";"A01";"3";"7";"0";"1";"3";"1";"1";""
"201900039078";"138 232 636";"A01";"3";"7";"0";"1";"1";"1";"1";""
"201900039079";"138 232 635";"A01";"3";"7";"0";"1";"1";"0";"1";""
"201900039080";"138 232 634";"A01";"3";"7";"0";"1";"2";"2";"1";""
"201900039081";"138 232 633";"A01";"0";"2";"13";"0";"1";"1";"1";""
"201900039082";"138 232 632";"A01";"1";"2";"0";"1";"1";"2";"1";""
"201900039083";"138 232 630";"B01";"0";"33";"9";"2";"1";"1";"1";""
"201900039083";"138 232 631";"A01";"0";"7";"0";"2";"2";"1";"1";""
"201900039084";"138 232 628";"B01";"3";"7";"0";"2";"6";"5";"1";""
"201900039084";"138 232 629";"A01";"3";"33";"0";"2";"1";"5";"1";""
"201900039085";"138 232 626";"A01";"2";"7";"0";"2";"1";"9";"1";""
"201900039085";"138 232 627";"B01";"2";"7";"0";"0";"7";"1";"1";""
"201900039086";"138 232 622";"A01";"2";"7";"0";"0";"3";"9";"1";""
"201900039086";"138 232 623";"B01";"1";"1";"0";"2";"2";"1";"0";""
"201900039087";"138 232 620";"B01";"1";"7";"0";"2";"1";"1";"1";""
"201900039087";"138 232 621";"A01";"2";"7";"0";"2";"1";"5";"1";""
"201900039088";"138 232 619";"A01";"1";"10";"0";"1";"1";"15";"1";""
"201900039089";"138 232 617";"A01";"2";"7";"0";"2";"1";"1";"1";""
"201900039089";"138 232 618";"B01";"1";"7";"0";"6";"5";"21";"1";""
"201900039090";"138 232 616";"A01";"3";"7";"0";"1";"2";"16";"0";""
"201900039091";"138 232 614";"A01";"2";"7";"0";"2";"7";"15";"1";""
"201900039091";"138 232 615";"B01";"2";"7";"13";"2";"3";"1";"1";""
"201900039092";"138 232 613";"A01";"1";"33";"0";"0";"8";"17";"1";""
"201900039093";"138 232 611";"B01";"3";"1";"0";"2";"1";"9";"5";""
"201900039093";"138 232 612";"A01";"3";"7";"0";"9";"2";"1";"1";""
"201900039094";"138 232 609";"B01";"2";"2";"0";"2";"2";"5";"0";""
"201900039094";"138 232 610";"A01";"1";"7";"0";"2";"2";"1";"0";""
"201900039095";"138 232 608";"A01";"2";"7";"2";"0";"7";"1";"1";""
"201900039096";"138 232 606";"A01";"1";"10";"0";"2";"1";"9";"1";""
"201900039096";"138 232 607";"B01";"1";"33";"0";"2";"5";"1";"1";""
"201900039097";"138 232 605";"A01";"2";"7";"6";"0";"1";"1";"0";""
"201900039098";"138 232 604";"A01";"1";"7";"13";"0";"8";"1";"1";""
"201900039099";"138 232 602";"B01";"1";"33";"0";"2";"2";"1";"1";""
"201900039099";"138 232 603";"A01";"2";"7";"0";"0";"3";"16";"0";""
"201900039100";"138 232 601";"A01";"0";"7";"6";"0";"0";"0";"1";""
"201900039101";"138 232 599";"B01";"1";"7";"0";"2";"1";"1";"1";""
"201900039101";"138 232 600";"A01";"1";"7";"0";"2";"8";"19";"1";""
"201900039102";"138 232 596";"C01";"2";"7";"0";"0";"4";"1";"1";""
"201900039102";"138 232 597";"B01";"2";"7";"0";"2";"4";"1";"1";""
"201900039102";"138 232 598";"A01";"2";"7";"0";"2";"1";"1";"1";""
"201900039103";"138 232 594";"A01";"1";"3";"13";"2";"4";"1";"1";""
"201900039103";"138 232 595";"B01";"1";"7";"0";"2";"2";"2";"0";""
"201900039104";"138 232 593";"A01";"2";"7";"0";"0";"9";"2";"1";""
"201900039105";"138 232 591";"A01";"2";"10";"0";"2";"3";"13";"1";""
"201900039105";"138 232 592";"B01";"1";"7";"8";"2";"8";"1";"1";""
"201900039106";"138 232 589";"A01";"1";"7";"0";"2";"1";"1";"1";""
"201900039106";"138 232 590";"B01";"2";"7";"0";"2";"1";"1";"1";""
"201900039107";"138 232 588";"A01";"2";"7";"0";"1";"2";"2";"2";""
"201900039108";"138 232 586";"B01";"1";"40";"0";"2";"3";"1";"3";""
"201900039108";"138 232 587";"A01";"2";"1";"0";"4";"8";"15";"5";""
"201900039109";"138 232 584";"A01";"2";"7";"0";"2";"1";"1";"1";""
"201900039109";"138 232 585";"B01";"2";"7";"0";"2";"3";"1";"1";""
"201900039110";"138 232 583";"A01";"3";"7";"8";"0";"1";"1";"1";""
"201900039111";"138 232 581";"B01";"1";"7";"0";"2";"3";"1";"1";""
"201900039111";"138 232 582";"A01";"2";"7";"0";"2";"1";"13";"1";""
"201900039112";"138 232 579";"B01";"1";"7";"0";"2";"4";"0";"1";""
"201900039112";"138 232 580";"A01";"1";"34";"0";"2";"1";"1";"1";""
"201900039113";"138 232 575";"B01";"3";"7";"0";"2";"8";"1";"1";""
"201900039113";"138 232 576";"A01";"3";"7";"0";"2";"3";"13";"1";""
"201900039114";"138 232 573";"Z01";"1";"7";"0";"2";"8";"16";"1";""
"201900039114";"138 232 574";"B01";"1";"33";"0";"2";"1";"1";"1";""
"201900039115";"138 232 571";"B01";"1";"1";"0";"2";"1";"1";"5";""
"201900039115";"138 232 572";"A01";"2";"10";"0";"2";"2";"15";"1";""
"201900039116";"138 232 569";"B01";"1";"1";"0";"2";"4";"1";"5";""
"201900039116";"138 232 570";"Z01";"1";"7";"0";"2";"1";"1";"1";""
"201900039117";"138 232 568";"A01";"2";"7";"2";"0";"1";"1";"1";""
"201900039118";"138 232 566";"A01";"2";"7";"0";"2";"1";"1";"1";""
"201900039118";"138 232 567";"B01";"1";"7";"8";"2";"7";"1";"1";""
"201900039119";"138 232 564";"B01";"2";"33";"0";"2";"1";"1";"1";""
"201900039119";"138 232 565";"A01";"1";"10";"14";"0";"2";"15";"1";""
"201900039120";"138 232 562";"A01";"1";"7";"0";"2";"7";"17";"1";""
"201900039120";"138 232 563";"B01";"1";"1";"0";"2";"0";"1";"2";""
"201900039121";"138 232 560";"B01";"3";"50";"0";"2";"1";"1";"3";""
"201900039121";"138 232 561";"A01";"3";"7";"0";"2";"2";"15";"1";""
"201900039122";"138 232 558";"A01";"3";"7";"0";"2";"1";"2";"1";""
"201900039122";"138 232 559";"B01";"3";"7";"0";"2";"4";"2";"1";""
"201900039123";"138 232 556";"B01";"1";"7";"0";"2";"1";"1";"1";""
"201900039123";"138 232 557";"A01";"2";"7";"0";"2";"7";"10";"1";""
"201900039124";"138 232 555";"A01";"3";"7";"0";"1";"2";"1";"1";""
"201900039125";"138 232 553";"A01";"3";"32";"0";"2";"8";"1";"1";""
"201900039125";"138 232 554";"B01";"1";"7";"0";"2";"1";"1";"1";""
"201900039126";"138 232 551";"B01";"2";"7";"0";"2";"1";"1";"1";""
"201900039126";"138 232 552";"A01";"2";"7";"0";"2";"2";"1";"1";""
"201900039127";"138 232 549";"A01";"3";"7";"0";"2";"2";"15";"1";""
"201900039127";"138 232 550";"B01";"1";"7";"0";"2";"1";"1";"1";""
"201900039128";"138 232 548";"A01";"1";"10";"4";"0";"7";"14";"1";""
"201900039129";"138 232 546";"B01";"1";"1";"0";"2";"3";"2";"0";""
"201900039129";"138 232 547";"A01";"2";"31";"0";"2";"2";"17";"1";""
"201900039130";"138 232 544";"A01";"1";"7";"0";"2";"7";"15";"1";""
"201900039130";"138 232 545";"B01";"2";"33";"0";"2";"2";"1";"1";""
"201900039131";"138 232 543";"A01";"1";"7";"3";"0";"3";"1";"1";""
"201900039132";"138 232 542";"A01";"1";"7";"0";"0";"9";"1";"1";""
"201900039133";"138 232 541";"A01";"3";"34";"0";"1";"1";"25";"1";""
"201900039134";"138 232 540";"A01";"1";"30";"1";"0";"3";"14";"1";""
"201900039135";"138 232 539";"A01";"1";"30";"0";"0";"1";"21";"1";""
"201900039136";"138 232 537";"A01";"1";"7";"0";"2";"3";"13";"1";""
"201900039136";"138 232 538";"B01";"1";"31";"0";"2";"2";"0";"1";""
"201900039137";"138 232 535";"B01";"1";"32";"0";"2";"1";"4";"1";""
"201900039137";"138 232 536";"A01";"2";"7";"0";"2";"7";"19";"1";""
"201900039138";"138 232 533";"B01";"2";"32";"1";"2";"1";"1";"1";""
"201900039138";"138 232 534";"A01";"2";"7";"0";"2";"3";"15";"0";""
"201900039139";"138 232 531";"B01";"1";"14";"0";"2";"1";"26";"1";""
"201900039139";"138 232 532";"A01";"2";"7";"0";"6";"8";"0";"1";""
"201900039140";"138 232 530";"A01";"2";"7";"0";"1";"3";"26";"1";""
"201900039141";"138 232 528";"A01";"3";"1";"0";"2";"1";"19";"5";""
"201900039141";"138 232 529";"B01";"3";"10";"0";"2";"2";"23";"1";""
"201900039142";"138 232 526";"A01";"0";"33";"0";"2";"7";"1";"1";""
"201900039142";"138 232 527";"B01";"0";"7";"0";"2";"0";"1";"1";""
"201900039143";"138 232 524";"B01";"2";"7";"0";"2";"1";"15";"1";""
"201900039143";"138 232 525";"A01";"1";"1";"0";"2";"1";"1";"5";""
"201900039144";"138 232 523";"A01";"2";"7";"0";"1";"1";"1";"1";""
"201900039145";"138 232 521";"A01";"2";"10";"0";"2";"6";"9";"1";""
"201900039145";"138 232 522";"B01";"2";"33";"0";"2";"1";"1";"1";""
"201900039146";"138 232 520";"A01";"1";"7";"2";"0";"1";"14";"1";""
"201900039147";"138 232 518";"A01";"2";"30";"0";"2";"3";"13";"0";""
"201900039147";"138 232 519";"B01";"1";"7";"0";"2";"3";"15";"0";""
"201900039148";"138 232 516";"A01";"2";"7";"0";"2";"1";"15";"1";""
"201900039148";"138 232 517";"B01";"2";"33";"0";"2";"7";"1";"2";""
"201900039149";"138 232 514";"A01";"2";"31";"0";"2";"1";"15";"1";""
"201900039149";"138 232 515";"B01";"2";"7";"0";"2";"2";"1";"1";""
"201900039150";"138 232 512";"B01";"2";"7";"0";"2";"1";"1";"1";""
"201900039150";"138 232 513";"A01";"2";"1";"0";"2";"1";"1";"0";""
"201900039151";"138 232 510";"A01";"2";"50";"1";"2";"1";"1";"3";""
"201900039151";"138 232 511";"B01";"2";"37";"0";"2";"5";"1";"1";"1"
"201900039152";"138 232 508";"B01";"2";"7";"0";"2";"3";"1";"1";""
"201900039152";"138 232 509";"A01";"1";"7";"0";"2";"3";"13";"1";""
"201900039153";"138 232 506";"A01";"1";"7";"0";"2";"2";"16";"1";""
"201900039153";"138 232 507";"B01";"1";"1";"0";"2";"8";"1";"0";""
"201900039154";"138 232 503";"C01";"1";"7";"0";"2";"1";"1";"1";""
"201900039154";"138 232 504";"B01";"1";"10";"0";"2";"4";"1";"1";""
"201900039154";"138 232 505";"A01";"1";"7";"0";"2";"1";"1";"1";""
"201900039155";"138 232 501";"A01";"2";"30";"0";"2";"3";"1";"1";""
"201900039155";"138 232 502";"Z01";"1";"7";"0";"2";"1";"9";"1";""
"201900039156";"138 232 499";"A01";"3";"7";"0";"2";"3";"13";"1";""
"201900039156";"138 232 500";"B01";"3";"7";"0";"2";"3";"1";"1";""
"201900039157";"138 232 495";"A01";"2";"7";"0";"2";"1";"2";"1";""
"201900039157";"138 232 496";"B01";"1";"7";"0";"2";"0";"0";"1";""
"201900039158";"138 232 493";"Z01";"1";"2";"0";"2";"0";"0";"1";""
"201900039158";"138 232 494";"A01";"1";"7";"0";"2";"1";"1";"1";""
"201900039159";"138 232 491";"B01";"2";"10";"0";"2";"8";"1";"1";""
"201900039159";"138 232 492";"A01";"1";"7";"0";"2";"3";"15";"1";""
"201900039160";"138 232 486";"A01";"1";"7";"0";"2";"1";"1";"1";""
"201900039160";"138 232 487";"B01";"1";"7";"0";"2";"4";"23";"1";""
"201900039160";"138 232 488";"C01";"1";"7";"0";"2";"4";"23";"1";""
"201900039160";"138 232 489";"D01";"1";"7";"0";"2";"8";"23";"1";""
"201900039160";"138 232 490";"E01";"0";"7";"0";"2";"4";"23";"1";""
"201900039161";"138 232 484";"A01";"1";"7";"0";"2";"2";"14";"1";""
"201900039161";"138 232 485";"B01";"1";"1";"0";"2";"4";"1";"5";""
"201900039162";"138 232 482";"A01";"1";"33";"0";"2";"1";"17";"1";""
"201900039162";"138 232 483";"B01";"1";"7";"0";"2";"6";"15";"1";""
"201900039163";"138 232 481";"B01";"3";"33";"0";"2";"1";"9";"1";""
"201900039164";"138 232 479";"A01";"2";"1";"0";"2";"1";"1";"5";""
"201900039164";"138 232 480";"B01";"1";"7";"0";"2";"3";"1";"1";""
"201900039165";"138 232 477";"B01";"2";"33";"0";"2";"1";"1";"1";""
"201900039165";"138 232 478";"A01";"0";"7";"0";"2";"8";"10";"1";""
"201900039166";"138 232 476";"A01";"3";"7";"1";"0";"1";"1";"1";""
"201900039167";"138 232 474";"A01";"3";"20";"0";"2";"8";"13";"1";""
"201900039167";"138 232 475";"B01";"3";"20";"2";"2";"1";"13";"1";""
"201900039168";"138 232 472";"B01";"2";"33";"0";"2";"1";"1";"1";""
"201900039168";"138 232 473";"A01";"1";"7";"0";"2";"2";"15";"1";""
"201900039169";"138 232 470";"B01";"3";"30";"0";"2";"3";"1";"1";""
"201900039169";"138 232 471";"A01";"3";"33";"0";"2";"3";"17";"1";""
"201900039170";"138 232 466";"B01";"3";"7";"0";"2";"4";"2";"1";""
"201900039170";"138 232 467";"A01";"3";"7";"0";"2";"1";"2";"1";""
"201900039171";"138 232 464";"B01";"3";"7";"0";"2";"6";"2";"1";""
"201900039171";"138 232 465";"A01";"1";"30";"0";"2";"1";"2";"1";""
"201900039172";"138 232 462";"B01";"1";"2";"0";"2";"1";"1";"1";""
"201900039172";"138 232 463";"A01";"1";"7";"0";"2";"1";"16";"0";""
"201900039173";"138 232 460";"A01";"3";"7";"0";"2";"2";"9";"1";""
"201900039173";"138 232 461";"B01";"3";"2";"0";"2";"1";"1";"1";""
"201900039174";"138 232 459";"A01";"3";"33";"0";"1";"6";"26";"1";""
"201900039175";"138 232 450";"A01";"0";"7";"0";"2";"4";"1";"1";""
"201900039175";"138 232 451";"B01";"0";"7";"0";"2";"6";"1";"1";""
"201900039175";"138 232 452";"C01";"1";"7";"0";"2";"3";"1";"1";""
"201900039176";"138 232 448";"A01";"3";"7";"0";"2";"1";"26";"1";""
"201900039176";"138 232 449";"B01";"3";"32";"0";"2";"1";"26";"1";""
"201900039177";"138 232 441";"B01";"1";"34";"0";"0";"0";"0";"1";""