"Num_Acc";"id_vehicule";"num_veh";"senc";"catv";"obs";"obsm";"choc";"manv";"motor";"occutc"
"201900039177";"138 232 442";"A01";"1";"7";"0";"2";"8";"16";"1";""
"201900039178";"138 232 439";"[01";"3";"7";" -1";"2";"1";" -1";" -1";""
"201900039178";"138 232 440";"Z01";"3";"30";"0";"2";"1";"26";"0";""
"201900039179";"138 232 438";"A01";"3";"30";"0";"1";"5";"26";"1";""
"201900039180";"138 232 436";"B01";"0";"1";"1";"0";"1";"1";"5";""
"201900039180";"138 232 437";"A01";"0";"7";"0";"2";"8";"22";"1";""
"201900039181";"138 232 434";"B01";"0";"7";"0";"2";"1";"1";"1";""
"201900039181";"138 232 435";"A01";"0";"7";"0";"2";"7";"1";"1";""
"201900039182";"138 232 431";"A01";"1";"7";"0";"2";"1";"2";"1";""
"201900039182";"138 232 432";"B01";"1";"7";"0";"2";"4";"2";"1";""
"201900039182";"138 232 433";"C01";"1";"7";"0";"2";"4";"2";"1";""
"201900039183";"138 232 430";"A01";"1";"2";"0";"0";"1";"26";"1";""
"201900039184";"138 232 428";"A01";"3";"7";"0";"2";"1";"1";"1";""
"201900039184";"138 232 429";"B01";"3";"1";"0";"2";"8";"19";"5";""
"201900039185";"138 232 423";"D01";"1";"7";"0";"2";"0";"2";"0";""
"201900039185";"138 232 424";"C01";"1";"7";"0";"2";"0";"2";"0";""
"201900039185";"138 232 425";"B01";"1";"7";"0";"2";"0";"2";"0";""
"201900039185";"138 232 426";"A01";"1";"7";"0";"2";"1";"2";"0";""
"201900039186";"138 232 421";"B01";"1";"1";"0";"2";"1";"1";"5";""
"201900039186";"138 232 422";"A01";"2";"10";"0";"2";"3";"16";"1";""
"201900039187";"138 232 418";"A01";"1";"7";"0";"2";"2";"1";"1";""
"201900039187";"138 232 419";"C01";"1";"7";"0";"0";"4";"2";" -1";""
"201900039187";"138 232 420";"B01";"1";"7";"0";"2";"4";"2";" -1";""
"201900039188";"138 232 416";"A01";"1";"33";"1";"2";"8";"18";"1";""
"201900039188";"138 232 417";"B01";"1";"7";"1";"0";"0";"0";"1";""
"201900039189";"138 232 414";"A01";"2";"7";"0";"2";"2";"16";"1";""
"201900039189";"138 232 415";"B01";"1";"2";"0";"2";"0";"0";"0";""
"201900039190";"138 232 412";"B01";"2";"7";"0";"2";"3";"15";"1";""
"201900039190";"138 232 413";"A01";"2";"30";"0";"2";"7";"17";"1";""
"201900039191";"138 232 410";"B01";"0";"7";"0";"2";"1";"1";"1";""
"201900039191";"138 232 411";"A01";"0";"7";"0";"2";"7";"15";"1";""
"201900039192";"138 232 408";"B01";"3";"2";"0";"2";"5";"1";"1";""
"201900039192";"138 232 409";"A01";"3";"7";"0";"2";"3";"9";"1";""
"201900039193";"138 232 407";"A01";"3";"7";"14";"0";"4";"4";"1";""
"201900039194";"138 232 403";"A01";"2";"7";"0";"1";"1";"1";"1";""
"201900039195";"138 232 401";"A01";"2";"7";"0";"2";"1";"15";"1";""
"201900039195";"138 232 402";"B01";"1";"1";"0";"2";"0";"0";"0";""
"201900039196";"138 232 398";"A01";"1";"7";"0";"2";"1";"1";"1";""
"201900039196";"138 232 399";"B01";"1";"7";"0";"2";"9";"1";"1";""
"201900039196";"138 232 400";"C01";"1";"7";"0";"0";"4";"1";"1";""
"201900039197";"138 232 397";"A01";"3";"7";"0";"0";"0";"1";"1";""
"201900039198";"138 232 395";"B01";"3";"1";"0";"2";"7";"19";"5";""
"201900039198";"138 232 396";"A01";"3";"7";"0";"2";"1";"1";"1";""
"201900039199";"138 232 393";"A01";"1";"2";"0";"2";"1";"18";"1";""
"201900039199";"138 232 394";"B01";"2";"7";"0";"2";"5";"15";"1";""
"201900039200";"138 232 391";"B01";"3";"7";"0";"2";"3";"1";"1";""
"201900039200";"138 232 392";"A01";"3";"7";"0";"2";"1";"13";"1";""
"201900039201";"138 232 389";"A01";"1";"7";"0";"2";"2";"1";"1";""
"201900039201";"138 232 390";"B01";"1";"32";"0";"2";"3";"1";"1";""
"201900039202";"138 232 387";"B01";"2";"32";"0";"2";"4";"1";"1";""
"201900039202";"138 232 388";"A01";"1";"7";"0";"2";"1";"2";"1";""
"201900039203";"138 232 386";"A01";"1";"30";"0";"1";"0";"0";"1";""
"201900039204";"138 232 384";"B01";"2";"33";"0";"2";"1";"1";"1";""
"201900039204";"138 232 385";"A01";"2";"7";"0";"2";"3";"10";"1";""
"201900039205";"138 232 382";"A01";"1";"7";"0";"2";"7";"19";"1";""
"201900039205";"138 232 383";"B01";"1";"7";"0";"2";"1";"1";"1";""
"201900039206";"138 232 380";"B01";"2";"7";"0";"2";"1";"14";"1";""
"201900039206";"138 232 381";"A01";"2";"7";"0";"2";"1";"2";"1";""
"201900039207";"138 232 378";"B01";"2";"32";"0";"2";"4";"2";"1";""
"201900039207";"138 232 379";"A01";"2";"7";"0";"2";"1";"2";"1";""
"201900039208";"138 232 375";"C01";"3";"7";"0";"6";"4";"0";"0";""
"201900039208";"138 232 376";"B01";"3";"7";"0";"2";"4";"1";"0";""
"201900039208";"138 232 377";"A01";"3";"7";"0";"2";"1";"1";"0";""
"201900039209";"138 232 373";"B01";"2";"7";"0";"2";"3";"15";"1";""
"201900039209";"138 232 374";"A01";"2";"31";"0";"2";"1";"1";"1";""
"201900039210";"138 232 372";"A01";"1";"7";"0";"1";"1";"1";"1";""
"201900039211";"138 232 370";"B01";"1";"7";"0";"2";"3";"1";"0";""
"201900039211";"138 232 371";"A01";"1";"2";"0";"2";"2";"12";"0";""
"201900039212";"138 232 369";"A01";"2";"43";"0";"1";"1";"1";"1";""
"201900039213";"138 232 367";"A01";"1";"32";"0";"2";"1";"15";"1";""
"201900039213";"138 232 368";"B01";"2";"7";"0";"2";"2";"23";"1";""
"201900039214";"138 232 365";"A01";"1";"7";"0";"2";"1";"15";"1";""
"201900039214";"138 232 366";"B01";"2";"7";"0";"2";"1";"1";"1";""
"201900039215";"138 232 363";"B01";"0";"34";"0";"2";"3";"1";"0";""
"201900039215";"138 232 364";"A01";"0";"7";"0";"2";"2";"1";"0";""
"201900039216";"138 232 362";"A01";"1";"10";"0";"0";"7";"14";"1";""
"201900039217";"138 232 360";"B01";"2";"33";"0";"2";"4";"2";"1";""
"201900039217";"138 232 361";"A01";"2";"7";"0";"2";"1";"2";"1";""
"201900039218";"138 232 358";"A01";"3";"7";"0";"2";"3";"15";"1";""
"201900039218";"138 232 359";"B01";"3";"31";"0";"2";"1";"1";"1";""
"201900039219";"138 232 356";"B01";"1";"30";"0";"2";"1";"1";"1";""
"201900039219";"138 232 357";"Z01";"2";"34";"0";"2";"7";"15";"0";""
"201900039220";"138 232 354";"B01";"2";"7";"0";"2";"8";"1";"1";""
"201900039220";"138 232 355";"A01";"1";"7";"0";"2";"3";"26";"1";""
"201900039221";"138 232 353";"Z01";"2";"30";"0";"1";"0";"0";"0";""
"201900039222";"138 232 351";"B01";"1";"1";"0";"2";"3";"1";"5";""
"201900039222";"138 232 352";"A01";"1";"7";"0";"1";"2";"16";"1";""
"201900039223";"138 232 349";"B01";"1";"7";"0";"2";"6";"15";"1";""
"201900039223";"138 232 350";"A01";"1";"30";"0";"2";"1";"17";"1";""
"201900039224";"138 232 347";"B01";"3";"7";"0";"2";"8";"19";"1";""
"201900039224";"138 232 348";"A01";"3";"33";"0";"2";"1";"17";"1";""
"201900039225";"138 232 346";"A01";"1";"43";"11";"0";"4";"12";"1";""
"201900039226";"138 232 344";"A01";"1";"7";"0";"9";"7";"17";"1";""
"201900039226";"138 232 345";"B01";"1";"1";"0";"2";"8";"13";"5";""
"201900039227";"138 232 341";"C01";"1";"7";"0";"2";"4";"26";"1";""
"201900039227";"138 232 342";"B01";"2";"34";"0";"2";"7";"1";"1";""
"201900039227";"138 232 343";"A01";"1";"7";"0";"2";"1";"19";"1";""
"201900039228";"138 232 340";"A01";"1";"7";"0";"1";"2";"1";"1";""
"201900039229";"138 232 339";"A01";"1";"33";"11";"0";"1";"6";"1";""
"201900039230";"138 232 338";"A01";"3";"7";"2";"0";"1";"1";"1";""
"201900039231";"138 232 337";"A01";"1";"7";"0";"1";"2";"1";"1";""
"201900039232";"138 232 336";"A01";"1";"33";"0";"2";"1";"2";"1";""
"201900039233";"138 232 332";"A01";"2";"7";"0";"2";"3";"9";"1";""
"201900039233";"138 232 333";"B01";"2";"1";"0";"2";"1";"15";"5";""
"201900039234";"138 232 330";"A01";"2";"7";"0";"2";"1";"15";"1";""
"201900039234";"138 232 331";"B01";"3";"7";"0";"2";"8";"1";"1";""
"201900039235";"138 232 328";"B01";"3";"7";"0";"2";"5";"2";"0";""
"201900039235";"138 232 329";"A01";"3";"7";"0";"2";"3";"17";"0";""
"201900039236";"138 232 326";"A01";"1";"7";"1";"2";"1";"13";"1";""
"201900039236";"138 232 327";"B01";"2";"7";"0";"2";"3";"0";"1";""
"201900039237";"138 232 325";"A01";"3";"10";"15";"0";"1";"26";"1";""
"201900039238";"138 232 323";"B01";"3";"7";"0";"2";"1";"2";"1";""
"201900039238";"138 232 324";"A01";"1";"30";"0";"2";"7";"21";"1";""
"201900039239";"138 232 321";"A01";"1";"30";"0";"2";"2";"19";"1";""
"201900039239";"138 232 322";"B01";"1";"7";"0";"2";"3";"1";"1";""
"201900039240";"138 232 317";"A01";"1";"7";"0";"2";"3";"13";"1";""
"201900039240";"138 232 318";"B01";"2";"7";"0";"2";"3";"1";"1";""
"201900039240";"138 232 319";"C01";"2";"7";"0";"2";"2";"1";"1";""
"201900039241";"138 232 313";"A01";"2";"7";"0";"2";"3";"9";"1";""
"201900039241";"138 232 314";"B01";"1";"1";"0";"2";"7";"1";"5";""
"201900039242";"138 232 311";"B01";"0";"7";"0";"2";"3";"1";"1";""
"201900039242";"138 232 312";"A01";"0";"7";"0";"2";"1";"15";"1";""
"201900039243";"138 232 309";"B01";"0";"7";"0";"2";"2";"20";"1";""
"201900039243";"138 232 310";"A01";"0";"32";"0";"2";"2";"21";"1";""
"201900039244";"138 232 307";"B01";"0";"34";"0";"2";"1";"1";"1";""
"201900039244";"138 232 308";"A01";"0";"7";"0";"2";"3";"15";"1";""
"201900039245";"138 232 306";"A01";"0";"7";"13";"0";"1";"0";"1";""
"201900039246";"138 232 305";"A01";"1";"32";"0";"1";"8";"17";"1";""
"201900039247";"138 232 304";"A01";"2";"32";"0";"0";"2";"1";"1";""
"201900039248";"138 232 302";"A01";"1";"32";"0";"2";"1";"1";"1";""
"201900039248";"138 232 303";"B01";"1";"7";"0";"1";"4";"1";"1";""
"201900039249";"138 232 300";"A01";"3";"7";"1";"0";"3";"21";"1";""
"201900039249";"138 232 301";"B01";"3";"7";"1";"0";"5";"0";"1";""
"201900039250";"138 232 298";"A01";"1";"7";"0";"2";"3";"9";"1";""
"201900039250";"138 232 299";"B01";"2";"31";"0";"2";"7";"2";"1";""
"201900039251";"138 232 295";"A01";"3";"7";"0";"2";"6";"15";"1";""
"201900039251";"138 232 296";"B01";"3";"33";"0";"2";"3";"2";"1";""
"201900039252";"138 232 292";"C01";"3";"7";"0";"2";"6";"2";"1";""
"201900039252";"138 232 293";"B01";"0";"7";"0";"2";"4";"2";"1";""
"201900039252";"138 232 294";"A01";"3";"7";"0";"2";"1";"2";"1";""
"201900039253";"138 232 290";"B01";"3";"30";"0";"2";"1";"0";"1";""
"201900039253";"138 232 291";"A01";"3";"7";"0";"2";"8";"15";"1";""
"201900039254";"138 232 288";"A01";"1";"34";"0";"2";"1";"2";"1";""
"201900039254";"138 232 289";"B01";"1";"7";"0";"2";"4";"2";"1";""
"201900039255";"138 232 286";"A01";"2";"33";"0";"2";"7";"1";"1";""
"201900039255";"138 232 287";"B01";"1";"7";"0";"2";"8";"1";"0";""
"201900039256";"138 232 284";"A01";"1";"7";"0";"6";"1";"1";"1";""
"201900039256";"138 232 285";"B01";"2";"1";"0";"2";"1";"13";"5";""
"201900039257";"138 232 280";"B01";"0";"7";"0";"1";"4";"2";"1";""
"201900039257";"138 232 281";"A01";"0";"7";"0";"2";"1";"2";"1";""
"201900039258";"138 232 277";"A01";"2";"7";"0";"2";"1";"2";"1";""
"201900039258";"138 232 278";"B01";"2";"7";"0";"2";"4";"23";"1";""
"201900039258";"138 232 279";"C01";"2";"7";"0";"2";"4";"23";"1";""
"201900039259";"138 232 274";"C01";"1";"7";"0";"2";"4";"2";"1";""
"201900039259";"138 232 275";"B01";"1";"7";"0";"2";"5";"2";"1";""
"201900039259";"138 232 276";"A01";"1";"7";"0";"2";"3";"2";"1";""
"201900039260";"138 232 272";"A01";"2";"7";"0";"2";"8";"11";"1";""
"201900039260";"138 232 273";"B01";"2";"33";"0";"2";"1";"3";"1";""
"201900039261";"138 232 270";"A01";"2";"7";"0";"2";"8";"13";"1";""
"201900039261";"138 232 271";"B01";"2";"33";"0";"2";"7";"3";"1";""
"201900039262";"138 232 268";"B01";"1";"10";"0";"2";"4";"2";"1";""
"201900039262";"138 232 269";"A01";"1";"31";"0";"2";"1";"2";"1";""
"201900039263";"138 232 266";"B01";"1";"7";"0";"2";"3";"13";"1";""
"201900039263";"138 232 267";"A01";"1";"31";"0";"2";"7";"3";"1";""
"201900039264";"138 232 264";"B01";"1";"7";"0";"2";"6";"1";"1";""
"201900039264";"138 232 265";"A01";"1";"7";"0";"2";"1";"1";"1";""
"201900039265";"138 232 263";"A01";"2";"1";"0";"1";"0";"7";"5";""
"201900039266";"138 232 262";"A01";"1";"1";"0";"1";"1";"1";"5";""
"201900039267";"138 232 261";"Z01";"1";"7";"0";"1";"6";"4";"1";""
"201900039268";"138 232 260";"A01";"3";"32";"0";"0";"8";"1";"1";""
"201900039269";"138 232 259";"Z01";"1";"7";"0";"1";"4";"4";"3";""
"201900039270";"138 232 258";"A01";"2";"1";"0";"0";"1";"1";"5";""
"201900039271";"138 232 256";"A01";"2";"10";"0";"2";"3";"15";"1";""
"201900039271";"138 232 257";"B01";"2";"31";"0";"2";"7";"17";"1";""
"201900039272";"138 232 255";"Z01";"3";"1";"0";"1";"1";"5";"5";""
"201900039273";"138 232 254";"A01";"2";"7";"0";"1";"6";"4";"1";""
"201900039274";"138 232 252";"B01";"1";"1";"0";"2";"6";"18";"5";""
"201900039274";"138 232 253";"A01";"1";"17";"0";"2";"2";"16";"6";""
"201900039275";"138 232 250";"B01";"2";"10";"0";"2";"6";"1";"1";""
"201900039275";"138 232 251";"A01";"1";"7";"0";"2";"1";"1";"1";""
"201900039276";"138 232 249";"A01";"1";"10";"0";"1";"7";"1";"1";""
"201900039277";"138 232 248";"Z01";"2";"30";"0";"1";"0";"1";"0";""
"201900039278";"138 232 246";"A01";"2";"30";"0";"2";"2";"1";"1";""
"201900039278";"138 232 247";"B01";"1";"10";"0";"2";"1";"1";"1";""
"201900039279";"138 232 244";"A01";"1";"33";"12";"0";"3";"13";"1";""
"201900039280";"138 232 243";"A01";"1";"34";"12";"0";"1";"14";"1";""
"201900039281";"138 232 242";"A01";"1";"33";"0";"1";"2";"1";"1";""
"201900039282";"138 232 241";"A01";"2";"32";"0";"0";"8";"21";"1";""
"201900039283";"138 232 239";"B01";"1";"7";"0";"2";"4";"23";"2";""
"201900039283";"138 232 240";"A01";"1";"7";"0";"2";"1";"2";"1";""
"201900039284";"138 232 237";"B01";"2";"7";"0";"2";"7";"1";"1";""
"201900039284";"138 232 238";"A01";"2";"7";"0";"2";"1";"1";"1";""
"201900039285";"138 232 236";"A01";"1";"1";"12";"0";"0";"14";"5";""
"201900039286";"138 232 235";"A01";"2";"7";"0";"1";"1";"16";"3";""
"201900039287";"138 232 233";"A01";"2";"34";"8";"2";"1";"7";"1";""
"201900039287";"138 232 234";"B01";"1";"7";"0";"2";"1";"15";"1";""
"201900039288";"138 232 231";"A01";"1";"34";"0";"2";"2";"2";"1";""
"201900039288";"138 232 232";"Z01";"1";"7";"0";"2";"3";"18";"0";""
"201900039289";"138 232 230";"A01";"3";"3";"0";"0";"9";"1";"1";""
"201900039290";"138 232 229";"A01";"0";"7";"0";"1";"4";"20";"1";""
"201900039291";"138 232 228";"A01";"0";"3";"0";"1";"4";"26";"0";""
"201900039292";"138 232 227";"A01";"2";"7";"0";"1";"2";"15";"1";""
"201900039293";"138 232 226";"A01";"2";"7";"0";"1";"1";"2";"1";""
"201900039294";"138 232 225";"A01";"3";"30";"0";"1";"1";"1";"1";""
"201900039295";"138 232 222";"B01";"2";"34";"0";"2";"4";"0";"1";""
"201900039295";"138 232 223";"C01";"2";"10";"0";"2";"6";"2";"1";""
"201900039295";"138 232 224";"A01";"2";"10";"0";"2";"1";"2";"1";""
"201900039296";"138 232 221";"A01";"1";"7";"0";"1";"5";"1";"1";""
"201900039297";"138 232 220";"A01";"0";"7";"8";"0";"3";"2";"1";""
"201900039298";"138 232 219";"A01";"1";"37";"0";"1";"2";"15";"3";"1"
"201900039299";"138 232 216";"A01";"1";"30";"0";"2";"1";"1";"1";""
"201900039299";"138 232 217";"C01";"2";"7";"0";"2";"1";"20";"1";""
"201900039299";"138 232 218";"B01";"1";"33";"0";"2";"5";"1";"1";""
"201900039300";"138 232 214";"A01";"3";"7";"0";"2";"7";"1";"1";""
"201900039300";"138 232 215";"Z01";"0";"7";"0";"2";"0";"9";"1";""
"201900039301";"138 232 212";"B01";"2";"10";"0";"2";"7";"1";"1";""
"201900039301";"138 232 213";"A01";"2";"32";"0";"2";"1";"19";"1";""
"201900039302";"138 232 210";"B01";"1";"34";"0";"2";"3";"1";"1";""
"201900039302";"138 232 211";"A01";"1";"7";"0";"2";"6";"9";"1";""
"201900039303";"138 232 209";"A01";"0";"7";"0";"1";"2";"1";"1";""
"201900039304";"138 232 208";"A01";"0";"7";"0";"1";"0";"19";"0";""
"201900039305";"138 232 206";"A01";"1";"7";"0";"6";"3";"9";"1";""
"201900039305";"138 232 207";"B01";"2";"1";"0";"2";"7";"16";"6";""
"201900039306";"138 232 204";"B01";"1";"7";"0";"2";"3";"15";"1";""
"201900039306";"138 232 205";"A01";"1";"33";"0";"2";"8";"1";"1";""
"201900039307";"138 232 202";"A01";"1";"7";"1";"0";"1";"9";"1";""
"201900039307";"138 232 203";"B01";"1";"7";"0";"2";"4";"23";"1";""
"201900039308";"138 232 200";"A01";"1";"34";"0";"2";"1";"1";"1";""
"201900039308";"138 232 201";"B01";"2";"7";"0";"2";"7";"15";"1";""
"201900039309";"138 232 198";"B01";"1";"7";"0";"2";"2";"1";"1";""
"201900039309";"138 232 199";"A01";"2";"10";"0";"2";"2";"1";"1";""
"201900039310";"138 232 196";"B01";"2";"7";"0";"2";"4";"1";"0";""
"201900039310";"138 232 197";"A01";"2";"14";"0";"2";"1";"1";"1";""
"201900039311";"138 232 194";"B01";"0";"7";"0";"2";"3";"1";"1";""
"201900039311";"138 232 195";"A01";"0";"30";"0";"2";"2";"9";"1";""
"201900039312";"138 232 192";"B01";"2";"31";"0";"2";"1";"1";"1";""
"201900039312";"138 232 193";"A01";"1";"3";"0";"2";"1";"15";"1";""
"201900039313";"138 232 191";"A01";"1";"2";"1";"0";"1";"26";"1";""
"201900039314";"138 232 189";"B01";"3";"7";"0";"2";"8";"15";"1";""
"201900039314";"138 232 190";"A01";"3";"30";"0";"2";"8";"15";"1";""
"201900039315";"138 232 187";"A01";"2";"7";"0";"2";"8";"11";"1";""
"201900039315";"138 232 188";"B01";"2";"7";"0";"2";"7";"2";"1";""
"201900039316";"138 232 185";"B01";"1";"1";"0";"2";"8";"15";"5";""
"201900039316";"138 232 186";"A01";"1";"7";"0";"2";"5";"16";"1";""
"201900039317";"138 232 184";"A01";"2";"7";"0";"1";"1";"2";"1";""
"201900039318";"138 232 183";"A01";"3";"33";"13";"0";"0";"16";"1";""
"201900039319";"138 232 181";"B01";"2";"1";"0";"2";"3";"9";"5";""
"201900039319";"138 232 182";"A01";"2";"7";"0";"2";"5";"9";"1";""
"201900039320";"138 232 178";"B01";"2";"7";"0";"2";"4";"1";"1";""
"201900039320";"138 232 179";"C01";"2";"7";"0";"2";"4";"1";"1";""
"201900039320";"138 232 180";"A01";"2";"7";"0";"2";"1";"1";"1";""
"201900039321";"138 232 175";"B01";"1";"1";"0";"2";"7";"15";"5";""
"201900039321";"138 232 176";"A01";"1";"7";"0";"2";"7";"15";"1";""
"201900039322";"138 232 174";"A01";"0";"7";"0";"1";"3";"1";"1";""
"201900039323";"138 232 172";"A01";"2";"2";"0";"2";"1";"2";"1";""
"201900039323";"138 232 173";"Z01";"2";"7";"0";"2";"6";"9";"0";""
"201900039324";"138 232 171";"A01";"1";"31";"0";"0";"2";"1";"0";""
"201900039325";"138 232 168";"A01";"0";"13";"0";"1";"1";"1";"1";""
"201900039326";"138 232 165";"B01";"1";"7";"0";"2";"4";"2";"1";""
"201900039326";"138 232 166";"C01";"1";"7";"0";"2";"4";"2";"1";""
"201900039326";"138 232 167";"A01";"1";"7";"0";"2";"1";"2";"1";""
"201900039327";"138 232 163";"B01";"3";"7";"0";"2";"4";"23";"1";""
"201900039327";"138 232 164";"A01";"3";"7";"0";"2";"1";"2";"1";""
"201900039328";"138 232 161";"B01";"2";"7";"0";"2";"2";"15";"1";""
"201900039328";"138 232 162";"A01";"1";"33";"0";"2";"1";"21";"1";""
"201900039329";"138 232 160";"A01";"2";"10";"1";"0";"2";"14";"1";""
"201900039330";"138 232 159";"A01";"1";"33";"0";"1";"0";"21";"1";""
"201900039331";"138 232 158";"A01";"2";"7";"0";"1";"0";"13";"1";""
"201900039332";"138 232 156";"B01";"1";"7";"0";"2";"3";"1";"1";""
"201900039332";"138 232 157";"A01";"0";"7";"0";"2";"3";"13";"1";""
"201900039333";"138 232 154";"B01";"0";"7";"0";"2";"3";"0";"0";""
"201900039333";"138 232 155";"A01";"1";"33";"0";"2";"1";"0";"0";""
"201900039334";"138 232 153";"A01";"2";"7";"0";"1";"1";"1";"1";""
"201900039335";"138 232 151";"B01";"1";"7";"0";"2";"1";"1";"1";""
"201900039335";"138 232 152";"A01";"2";"7";"0";"2";"1";"1";"1";""
"201900039336";"138 232 149";"B01";"1";"7";"0";"2";"7";"1";"1";""
"201900039336";"138 232 150";"A01";"2";"7";"0";"2";"3";"1";"1";""
"201900039337";"138 232 147";"A01";"1";"7";"0";"2";"4";"2";"1";""
"201900039337";"138 232 148";"B01";"1";"7";"0";"2";"1";"2";"1";""
"201900039338";"138 232 146";"A01";"2";"7";"0";"1";"1";"0";"1";""
"201900039339";"138 232 145";"A01";"3";"7";"2";"0";"1";"9";"1";""
"201900039340";"138 232 142";"A01";"2";"14";"0";"2";"2";"12";"1";""
"201900039340";"138 232 143";"B01";"2";"7";"0";"2";"3";"1";"1";""
"201900039340";"138 232 144";"C01";"2";"7";"0";"2";"2";"1";"1";""
"201900039341";"138 232 139";"A01";"2";"43";"0";"2";"7";"14";"1";""
"201900039341";"138 232 140";"B01";"2";"7";"0";"2";"3";"1";"2";""
"201900039341";"138 232 141";"C01";"2";"7";"0";"2";"2";"1";"1";""
"201900039342";"138 232 137";"A01";"3";"33";"0";"2";"8";"1";"1";""
"201900039342";"138 232 138";"Z01";"3";"10";"0";"2";"7";"12";"0";""
"201900039343";"138 232 134";"C01";"2";"10";"0";"2";"7";"2";"1";""
"201900039343";"138 232 135";"B01";"2";"43";"0";"2";"2";"3";"1";""
"201900039343";"138 232 136";"A01";"2";"7";"0";"2";"3";"22";"1";""
"201900039344";"138 232 133";"A01";"2";"43";"0";"0";"2";"1";"1";""
"201900039345";"138 232 131";"B01";"1";"33";"0";"2";"8";"3";"1";""
"201900039345";"138 232 132";"Z01";"1";"7";"0";"2";"2";"12";"1";""
"201900039346";"138 232 130";"A01";"1";"32";"1";"0";"7";"13";"1";""
"201900039347";"138 232 128";"A01";"1";"30";"0";"2";"1";"1";"1";""
"201900039347";"138 232 129";"B01";"1";"7";"0";"2";"6";"23";"1";""
"201900039348";"138 232 127";"A01";"1";"2";"8";"0";"1";"5";"1";""
"201900039349";"138 232 125";"B01";"2";"1";"0";"2";"4";"5";"5";""
"201900039349";"138 232 126";"A01";"2";"7";"0";"2";"6";"4";"1";""
"201900039350";"138 232 123";"B01";"1";"31";"0";"2";"1";"3";"1";""
"201900039350";"138 232 124";"A01";"1";"10";"0";"2";"7";"22";"1";""
"201900039351";"138 232 121";"A01";"1";"30";"0";"2";"1";"1";"1";""
"201900039351";"138 232 122";"B01";"1";"10";"0";"2";"3";"1";"1";""
"201900039352";"138 232 120";"A01";"3";"7";"1";"0";"9";"14";"1";""
"201900039353";"138 232 119";"A01";"1";"7";"0";"1";"1";"17";"1";""
"201900039354";"138 232 116";"A01";"1";"7";"0";"2";"4";"12";"1";""
"201900039354";"138 232 117";"B01";"1";"33";"0";"2";"1";"3";"1";""
"201900039354";"138 232 118";"C01";"1";"7";"0";"2";"4";"1";"1";""
"201900039355";"138 232 114";"A01";"1";"50";"0";"2";"8";"1";"3";""
"201900039355";"138 232 115";"B01";"2";"34";"0";"2";"1";"1";"1";""
"201900039356";"138 232 112";"A01";"1";"7";"0";"2";"2";"1";"1";""
"201900039356";"138 232 113";"B01";"1";"43";"0";"2";"8";"1";"1";""
"201900039357";"138 232 110";"B01";"2";"50";"0";"2";"1";"1";"3";""
"201900039357";"138 232 111";"A01";"1";"7";"0";"2";"5";"15";"1";""
"201900039358";"138 232 107";"A01";"2";"7";"0";"1";"8";"1";"1";""
"201900039359";"138 232 106";"A01";"1";"7";"0";"1";"6";"4";"1";""
"201900039360";"138 232 104";"A01";"1";"31";"0";"2";"2";"1";"1";""
"201900039360";"138 232 105";"B01";"1";"7";"0";"2";"6";"15";"1";""
"201900039361";"138 232 103";"A01";"1";"7";"0";"1";"2";"16";"1";""
"201900039362";"138 232 102";"A01";"1";"7";"0";"1";"5";"4";"1";""
"201900039363";"138 232 101";"Z01";"1";"7";"0";"1";"2";"1";"0";""
"201900039364";"138 232 100";"A01";"2";"7";"0";"1";"1";"1";"1";""
"201900039365";"138 232 098";"A01";"1";"31";"0";"2";"0";"17";"1";""
"201900039365";"138 232 099";"B01";"1";"7";"0";"2";"8";"1";"1";""
"201900039366";"138 232 096";"A01";"1";"10";"0";"2";"2";"1";"1";""
"201900039366";"138 232 097";"B01";"2";"1";"0";"2";"1";"19";"5";""
"201900039367";"138 232 094";"B01";"1";"7";"0";"2";"6";"15";"1";""
"201900039367";"138 232 095";"A01";"1";"30";"0";"2";"1";"2";"1";""
"201900039368";"138 232 092";"A01";"1";"1";"0";"2";"1";"1";"5";""
"201900039368";"138 232 093";"B01";"1";"14";"0";"2";"8";"22";"1";""
"201900039369";"138 232 090";"B01";"3";"7";"0";"2";"2";"1";"1";""
"201900039369";"138 232 091";"A01";"2";"1";"0";"2";"1";"19";"5";""
"201900039370";"138 232 088";"B01";"1";"32";"0";"2";"1";"17";"1";""
"201900039370";"138 232 089";"A01";"2";"7";"0";"2";"1";"9";"1";""
"201900039371";"138 232 087";"A01";"1";"7";"0";"1";"1";"1";"1";""
"201900039372";"138 232 086";"A01";"2";"7";"0";"1";"2";"1";"1";""
"201900039373";"138 232 084";"B01";"2";"7";"0";"2";"3";"15";"1";""
"201900039373";"138 232 085";"A01";"1";"32";"0";"2";"7";"13";"1";""
"201900039374";"138 232 082";"A01";"2";"1";"0";"2";"3";"1";"5";""
"201900039374";"138 232 083";"Z01";"2";"14";"0";"2";"7";"14";"1";""
"201900039375";"138 232 080";"A01";"2";"7";"0";"2";"1";"15";"1";""
"201900039375";"138 232 081";"B01";"1";"33";"0";"2";"8";"1";"1";""
"201900039376";"138 232 078";"B01";"3";"7";"0";"2";"4";"1";"1";""
"201900039376";"138 232 079";"A01";"3";"7";"0";"2";"2";"12";"1";""
"201900039377";"138 232 076";"A01";"2";"30";"0";"2";"2";"17";"1";""