"Num_Acc";"id_vehicule";"num_veh";"senc";"catv";"obs";"obsm";"choc";"manv";"motor";"occutc"
"201900039377";"138 232 077";"B01";"2";"7";"0";"2";"3";"15";"1";""
"201900039378";"138 232 074";"B01";"1";"32";"0";"2";"3";"1";"1";""
"201900039378";"138 232 075";"A01";"1";"7";"0";"2";"2";"9";"1";""
"201900039379";"138 232 073";"A01";"1";"7";"0";"1";"2";"16";"1";""
"201900039380";"138 232 071";"B01";"1";"1";"0";"2";"4";"2";"5";""
"201900039380";"138 232 072";"A01";"1";"7";"0";"2";"1";"2";"1";""
"201900039381";"138 232 070";"A01";"2";"34";"0";"1";"1";"1";"1";""
"201900039382";"138 232 069";"A01";"3";"30";"14";"0";"1";"13";"1";""
"201900039383";"138 232 067";"A01";"1";"10";"0";"2";"2";"15";"1";""
"201900039383";"138 232 068";"B01";"2";"1";"0";"2";"3";"1";"5";""
"201900039384";"138 232 065";"B01";"1";"7";"0";"2";"3";"1";"1";""
"201900039384";"138 232 066";"A01";"1";"30";"0";"2";"1";"1";"1";""
"201900039385";"138 232 063";"B01";"1";"10";"0";"2";"3";"24";"6";""
"201900039385";"138 232 064";"A01";"1";"7";"0";"2";"2";"21";"1";""
"201900039386";"138 232 062";"A01";"2";"10";"0";"1";"7";"1";"1";""
"201900039387";"138 232 060";"B01";"1";"2";"0";"2";"1";"1";"1";""
"201900039387";"138 232 061";"A01";"0";"7";"0";"2";"2";"5";"1";""
"201900039388";"138 232 058";"B01";"1";"1";"0";"2";"5";"19";"5";""
"201900039388";"138 232 059";"A01";"3";"7";"0";"2";"2";"1";"1";""
"201900039389";"138 232 057";"A01";"3";"1";"1";"0";"2";"14";"5";""
"201900039390";"138 232 055";"B01";"2";"7";"0";"2";"3";"10";"1";""
"201900039390";"138 232 056";"A01";"2";"32";"0";"2";"2";"17";"1";""
"201900039391";"138 232 052";"A01";"2";"7";"0";"2";"3";"15";"1";""
"201900039391";"138 232 053";"B01";"3";"33";"0";"2";"4";"23";"1";""
"201900039392";"138 232 050";"A01";"1";"7";"0";"2";"3";"10";"1";""
"201900039392";"138 232 051";"B01";"1";"2";"0";"2";"2";"1";"1";""
"201900039393";"138 232 048";"B01";"2";"32";"0";"2";"2";"17";"1";""
"201900039393";"138 232 049";"A01";"2";"10";"0";"2";"3";"15";"1";""
"201900039394";"138 232 045";"A01";"1";"7";"0";"2";"2";"1";"1";""
"201900039394";"138 232 046";"B01";"2";"10";"0";"2";"3";"15";"1";""
"201900039394";"138 232 047";"C01";"2";"7";"0";"2";"3";"1";"1";""
"201900039395";"138 232 044";"A01";"1";"10";"0";"1";"7";"1";"1";""
"201900039396";"138 232 042";"A01";"1";"7";"0";"2";"2";"1";"1";""
"201900039396";"138 232 043";"B01";"1";"30";"0";"2";"1";"1";"1";""
"201900039397";"138 232 041";"A01";"2";"7";"0";"1";"1";"15";"2";""
"201900039398";"138 232 040";"A01";"1";"30";"14";"0";"1";"1";"1";""
"201900039399";"138 232 039";"A01";"1";"33";"0";"1";"1";"1";"1";""
"201900039400";"138 232 038";"A01";"1";"10";"0";"1";"4";"25";"1";""
"201900039401";"138 232 036";"A01";"2";"34";"0";"2";"1";"1";"1";""
"201900039401";"138 232 037";"B01";"2";"10";"0";"2";"3";"9";"1";""
"201900039402";"138 232 035";"A01";"1";"30";"1";"0";"2";"14";"1";""
"201900039403";"138 232 033";"A01";"3";"7";"0";"2";"2";"9";"1";""
"201900039403";"138 232 034";"B01";"2";"50";"0";"2";"0";"25";"3";""
"201900039404";"138 232 032";"A01";"1";"7";"0";"1";"2";"16";"1";""
"201900039405";"138 232 030";"B01";"1";"1";"0";"2";"1";"7";"5";""
"201900039405";"138 232 031";"A01";"1";"14";"0";"2";"8";"15";"1";""
"201900039406";"138 232 028";"A01";"3";"1";"0";"2";"4";"2";"5";""
"201900039406";"138 232 029";"Z01";"3";"7";"0";"2";"2";"2";"1";""
"201900039407";"138 232 026";"Z01";"3";"14";"0";"2";"1";"1";"1";""
"201900039407";"138 232 027";"A01";"3";"7";"0";"2";"6";"16";"1";""
"201900039408";"138 232 023";"A01";"2";"43";"0";"1";"3";"1";"1";""
"201900039409";"138 232 021";"B01";"2";"7";"0";"2";"4";"15";"1";""
"201900039409";"138 232 022";"A01";"2";"1";"0";"2";"1";"1";"5";""
"201900039410";"138 232 019";"A01";"1";"7";"0";"2";"3";"1";"1";""
"201900039410";"138 232 020";"Z01";"1";"7";"0";"2";"2";"15";"1";""
"201900039411";"138 232 017";"A01";"1";"1";"0";"2";"8";"19";"5";""
"201900039411";"138 232 018";"Z01";"2";"2";"0";"2";"0";"1";"0";""
"201900039412";"138 232 015";"A01";"1";"7";"0";"2";"3";"17";"1";""
"201900039412";"138 232 016";"B01";"1";"1";"1";"2";"4";"1";"5";""
"201900039413";"138 232 013";"A01";"2";"32";"0";"2";"8";"18";"1";""
"201900039413";"138 232 014";"B01";"2";"37";"0";"2";"2";"16";"2";"1"
"201900039414";"138 232 011";"A01";"2";"7";"0";"2";"6";"9";"1";""
"201900039414";"138 232 012";"B01";"2";"30";"0";"2";"2";"1";"1";""
"201900039415";"138 232 009";"B01";"1";"10";"0";"2";"3";"10";"1";""
"201900039415";"138 232 010";"A01";"2";"30";"0";"2";"1";"5";"1";""
"201900039416";"138 232 007";"B01";"2";"7";"0";"2";"4";"23";"1";""
"201900039416";"138 232 008";"A01";"2";"30";"0";"2";"1";"2";"1";""
"201900039417";"138 232 005";"Z01";"1";"10";"0";"2";"5";"17";"0";""
"201900039417";"138 232 006";"A01";"1";"50";"0";"2";"0";"1";"3";""
"201900039418";"138 232 004";"A01";"1";"34";"12";"2";"0";"21";"1";""
"201900039419";"138 232 002";"A01";"2";"7";"0";"2";"8";"15";"1";""
"201900039419";"138 232 003";"B01";"2";"2";"0";"2";"1";"17";"1";""
"201900039420";"138 232 000";"B01";"2";"1";"0";"2";"1";"1";"5";""
"201900039420";"138 232 001";"A01";"1";"7";"0";"2";"3";"15";"1";""
"201900039421";"138 231 998";"B01";"1";"1";"0";"2";"2";"1";"5";""
"201900039421";"138 231 999";"A01";"1";"10";"0";"2";"3";"22";"1";""
"201900039422";"138 231 997";"Z01";"2";"2";"0";"1";"1";"1";"0";""
"201900039423";"138 231 995";"A01";"1";"10";"0";"2";"2";"14";"1";""
"201900039423";"138 231 996";"B01";"1";"10";"0";"2";"6";"24";"1";""
"201900039424";"138 231 994";"A01";"1";"33";"8";"0";"3";"13";"1";""
"201900039425";"138 231 993";"A01";"2";"7";"0";"1";"1";"15";"1";""
"201900039426";"138 231 992";"A01";"1";"32";"0";"1";"1";"1";"1";""
"201900039427";"138 231 990";"A01";"1";"31";"0";"2";"1";"1";"1";""
"201900039427";"138 231 991";"B01";"1";"7";"0";"2";"5";"9";"0";""
"201900039428";"138 231 989";"A01";"1";"7";"0";"1";"2";"1";"1";""
"201900039429";"138 231 987";"A01";"1";"33";"0";"2";"7";"17";"1";""
"201900039429";"138 231 988";"B01";"1";"7";"0";"2";"8";"20";"1";""
"201900039430";"138 231 986";"A01";"1";"7";"0";"1";"1";"2";"2";""
"201900039431";"138 231 984";"A01";"2";"32";"0";"2";"1";"21";"1";""
"201900039431";"138 231 985";"B01";"2";"7";"0";"2";"4";"2";"0";""
"201900039432";"138 231 982";"A01";"2";"7";"0";"2";"3";"10";"1";""
"201900039432";"138 231 983";"B01";"2";"43";"0";"2";"1";"1";"1";""
"201900039433";"138 231 980";"B01";"0";"7";"0";"2";"6";"1";"1";""
"201900039433";"138 231 981";"A01";"2";"7";"0";"2";"2";"1";"1";""
"201900039434";"138 231 978";"A01";"1";"31";"0";"2";"2";"3";"1";""
"201900039434";"138 231 979";"B01";"1";"10";"0";"2";"6";"13";"1";""
"201900039435";"138 231 977";"A01";"2";"14";"0";"1";"5";"4";"1";""
"201900039436";"138 231 975";"B01";"2";"2";"0";"2";"2";"17";"1";""
"201900039436";"138 231 976";"A01";"2";"7";"0";"2";"3";"15";"2";""
"201900039437";"138 231 974";"A01";"3";"31";"0";"0";"0";"1";"1";""
"201900039438";"138 231 972";"Z01";"1";"2";"0";"2";"1";"1";"0";""
"201900039438";"138 231 973";"A01";"1";"1";"0";"2";"4";"1";"5";""
"201900039439";"138 231 970";"B01";"1";"2";"0";"2";"2";"1";"1";""
"201900039439";"138 231 971";"A01";"1";"7";"0";"2";"2";"16";"1";""
"201900039440";"138 231 969";"Z01";"2";"7";"0";"1";"0";"2";"1";""
"201900039441";"138 231 968";"Z01";"1";"30";"0";"1";"0";"16";"0";""
"201900039442";"138 231 967";"A01";"1";"7";"0";"1";"1";"1";"0";""
"201900039443";"138 231 965";"B01";"2";"7";"0";"2";"5";"1";"0";""
"201900039443";"138 231 966";"A01";"2";"7";"0";"2";"3";"11";"0";""
"201900039444";"138 231 963";"Y01";"1";"60";"0";"0";"0";"0";"0";""
"201900039444";"138 231 964";"A01";"1";"7";"0";"1";"1";"1";"6";""
"201900039445";"138 231 961";"B01";"1";"7";"0";"2";"4";"2";"1";""
"201900039445";"138 231 962";"A01";"1";"7";"0";"2";"1";"2";"0";""
"201900039446";"138 231 958";"C01";"1";"3";"0";"0";"4";"2";"1";""
"201900039446";"138 231 959";"B01";"1";"3";"0";"2";"1";"2";"1";""
"201900039446";"138 231 960";"A01";"1";"3";"0";"2";"1";"2";"1";""
"201900039447";"138 231 956";"B01";"0";"33";"0";"2";"1";"2";"1";""
"201900039447";"138 231 957";"A01";"1";"7";"0";"2";"2";"15";"1";""
"201900039448";"138 231 954";"B01";"1";"1";"0";"2";"0";"0";"0";""
"201900039448";"138 231 955";"A01";"1";"7";"0";"9";"2";"16";"1";""
"201900039449";"138 231 951";"A01";"1";"10";"0";"6";"3";"20";"0";""
"201900039449";"138 231 952";"Y01";"1";"80";"0";"2";"7";"1";"3";""
"201900039449";"138 231 953";"B01";"2";"7";"0";"6";"6";"1";"0";""
"201900039450";"138 231 949";"B01";"2";"33";"0";"2";"3";"0";"1";""
"201900039450";"138 231 950";"A01";"2";"7";"0";"2";"2";"26";"1";""
"201900039451";"138 231 948";"A01";"2";"7";"0";"1";"2";"1";"1";""
"201900039452";"138 231 946";"A01";"1";"7";"0";"2";"1";"1";"1";""
"201900039452";"138 231 947";"B01";"3";"7";"0";"2";"8";"15";"1";""
"201900039453";"138 231 945";"A01";"1";"34";"0";"1";"1";"3";"0";""
"201900039454";"138 231 943";"A01";"1";"30";"0";"2";"1";"16";"0";""
"201900039454";"138 231 944";"B01";"1";"7";"0";"2";"7";"2";"0";""
"201900039455";"138 231 942";"A01";"1";"33";"0";"0";"0";"1";"0";""
"201900039456";"138 231 941";"A01";"2";"32";"0";"1";"7";"1";"1";""
"201900039457";"138 231 939";"B01";"1";"0";"0";"2";"0";"26";"0";""
"201900039457";"138 231 940";"A01";"1";"32";"0";"2";"7";"1";"1";""
"201900039458";"138 231 937";"B01";"1";"1";"0";"2";"1";"7";"5";""
"201900039458";"138 231 938";"A01";"1";"10";"0";"2";"2";"16";"1";""
"201900039459";"138 231 935";"B01";"1";"30";"1";"0";"1";"2";"1";""
"201900039459";"138 231 936";"A01";"1";"10";"0";"2";"7";"24";"1";""
"201900039460";"138 231 933";"B01";"3";"33";"0";"2";"8";"1";"1";""
"201900039460";"138 231 934";"A01";"1";"7";"0";"2";"7";"16";"1";""
"201900039461";"138 231 932";"A01";"3";"7";"1";"0";"2";"14";"1";""
"201900039462";"138 231 930";"B01";"3";"7";"4";"2";"8";"14";"1";""
"201900039462";"138 231 931";"A01";"1";"14";"0";"2";"2";"16";"1";""
"201900039463";"138 231 928";"A01";"1";"7";"0";"2";"2";"1";"1";""
"201900039463";"138 231 929";"B01";"3";"7";"0";"2";"1";"23";"1";""
"201900039464";"138 231 926";"A01";"3";"7";"0";"2";"3";"2";"1";""
"201900039464";"138 231 927";"B01";"3";"80";"0";"2";"5";"15";"3";""
"201900039465";"138 231 924";"B01";"1";"7";"0";"2";"1";"1";"1";""
"201900039465";"138 231 925";"A01";"2";"7";"0";"2";"2";"26";"1";""
"201900039466";"138 231 920";"D01";"2";"7";"9";"0";"2";"19";"1";""
"201900039466";"138 231 921";"A01";"2";"7";"0";"2";"4";"23";"1";""
"201900039466";"138 231 922";"B01";"2";"7";"0";"2";"5";"1";"1";""
"201900039466";"138 231 923";"C01";"2";"7";"4";"2";"1";"1";"1";""
"201900039467";"138 231 918";"A01";"3";"7";"0";"6";"1";"2";"1";""
"201900039467";"138 231 919";"B01";"2";"1";"0";"2";"8";"0";"5";""
"201900039468";"138 231 917";"A01";"2";"7";"0";"1";"3";"14";"1";""
"201900039469";"138 231 916";"A01";"2";"37";"0";"1";"2";"1";"1";"1"
"201900039470";"138 231 915";"A01";"1";"7";"1";"1";"1";"2";"1";""
"201900039471";"138 231 914";"A01";"1";"7";"1";"1";"2";"16";"0";""
"201900039472";"138 231 912";"B01";"1";"7";"0";"2";"4";"2";"1";""
"201900039472";"138 231 913";"A01";"1";"7";"0";"2";"1";"2";"1";""
"201900039473";"138 231 910";"A01";"1";"7";"0";"2";"1";"9";"1";""
"201900039473";"138 231 911";"B01";"1";"34";"0";"2";"4";"16";"1";""
"201900039474";"138 231 909";"A01";"1";"7";"0";"1";"3";"1";"1";""
"201900039475";"138 231 908";"A01";"2";"1";"0";"0";"0";"5";"0";""
"201900039476";"138 231 906";"B01";"1";"7";"0";"2";"1";"1";"1";""
"201900039476";"138 231 907";"A01";"1";"7";"0";"2";"1";"15";"1";""
"201900039477";"138 231 905";"A01";"3";"3";"0";"1";"3";"1";"0";""
"201900039478";"138 231 904";"A01";"1";"7";"0";"1";"1";"1";"1";""
"201900039479";"138 231 902";"A01";"1";"7";"0";"2";"2";"12";"0";""
"201900039479";"138 231 903";"B01";"1";"32";"0";"2";"8";"1";"1";""
"201900039480";"138 231 900";"A01";"2";"7";"0";"2";"8";"16";"1";""
"201900039480";"138 231 901";"B01";"1";"7";"0";"2";"1";"1";"1";""
"201900039481";"138 231 898";"B01";"3";"34";"0";"2";"7";"2";"1";""
"201900039481";"138 231 899";"A01";"3";"7";"0";"2";"3";"2";"1";""
"201900039482";"138 231 896";"B01";"1";"7";"0";"2";"8";"11";"1";""
"201900039482";"138 231 897";"A01";"1";"7";"8";"0";"2";"13";"0";""
"201900039483";"138 231 894";"B01";"1";"32";"0";"2";"1";"1";"0";""
"201900039483";"138 231 895";"A01";"1";"10";"0";"2";"8";"9";"0";""
"201900039484";"138 231 889";"A01";"2";"7";"0";"1";"2";"1";"1";""
"201900039485";"138 231 888";"A01";"3";"30";"8";"0";"0";"14";"1";""
"201900039486";"138 231 886";"B01";"2";"7";"0";"2";"1";"1";"1";""
"201900039486";"138 231 887";"A01";"2";"7";"0";"2";"3";"9";"1";""
"201900039487";"138 231 884";"A01";"2";"7";"0";"2";"1";"2";"1";""
"201900039487";"138 231 885";"B01";"2";"7";"0";"2";"4";"2";"1";""
"201900039488";"138 231 881";"B01";"2";"7";"0";"2";"7";"1";"1";""
"201900039488";"138 231 882";"A01";"2";"10";"0";"2";"0";"26";"0";""
"201900039489";"138 231 879";"A01";"2";"7";"0";"2";"3";"19";"1";""
"201900039489";"138 231 880";"B01";"1";"7";"0";"2";"2";"1";"1";""
"201900039490";"138 231 877";"B01";"2";"33";"0";"2";"4";"2";"1";""
"201900039490";"138 231 878";"A01";"2";"7";"0";"2";"1";"2";"1";""
"201900039491";"138 231 873";"A01";"1";"7";"0";"2";"1";"14";"1";""
"201900039491";"138 231 874";"C01";"1";"7";"0";"2";"4";"2";"1";""
"201900039491";"138 231 875";"B01";"1";"7";"0";"2";"5";"2";"1";""
"201900039491";"138 231 876";"D01";"1";"7";"0";"2";"4";"2";"1";""
"201900039492";"138 231 871";"B01";"3";"1";"0";"2";"1";"16";"5";""
"201900039492";"138 231 872";"A01";"1";"7";"0";"6";"0";"0";"1";""
"201900039493";"138 231 867";"B01";"1";"10";"0";"2";"3";"1";"1";""
"201900039493";"138 231 868";"A01";"1";"31";"0";"2";"1";"9";"1";""
"201900039494";"138 231 865";"B01";"1";"7";"0";"2";"6";"23";"1";""
"201900039494";"138 231 866";"A01";"1";"33";"0";"2";"0";"0";"1";""
"201900039495";"138 231 864";"A01";"1";"10";"0";"1";"2";"13";"1";""
"201900039496";"138 231 863";"A01";"3";"7";"0";"1";"1";"1";"1";""
"201900039497";"138 231 859";"A01";"2";"7";"9";"0";"0";"13";"1";""
"201900039498";"138 231 858";"A01";"1";"36";"6";"0";"1";"26";"1";""
"201900039499";"138 231 857";"Z01";"0";"30";" -1";" -1";" -1";"0";" -1";""
"201900039500";"138 231 855";"B01";"1";"7";"0";"2";"7";"1";"1";""
"201900039500";"138 231 856";"A01";"2";"1";"0";"2";"1";"15";"0";""
"201900039501";"138 231 853";"A01";"1";"30";"0";"2";"1";"17";"0";""
"201900039501";"138 231 854";"B01";"1";"10";"0";"2";"3";"15";"0";""
"201900039502";"138 231 851";"A01";"3";"7";"0";"2";"1";"9";"1";""
"201900039502";"138 231 852";"B01";"3";"7";"0";"2";"8";"1";"1";""
"201900039503";"138 231 849";"A01";"1";"7";"0";"2";"1";"19";"0";""
"201900039503";"138 231 850";"B01";"3";"13";"9";"0";"2";"1";"1";""
"201900039504";"138 231 847";"A01";"2";"7";"0";"2";"1";"21";"1";""
"201900039504";"138 231 848";"B01";"2";"7";"0";"1";"4";"21";"1";""
"201900039505";"138 231 845";"A01";"2";"7";"0";"2";"1";"2";"1";""
"201900039505";"138 231 846";"B01";"2";"7";"0";"2";"4";"2";"1";""
"201900039506";"138 231 840";"B01";"1";"10";"0";"2";"6";"24";"1";""
"201900039506";"138 231 841";"A01";"1";"7";"1";"0";"2";"14";"1";""
"201900039507";"138 231 838";"A01";"1";"1";"0";"2";"3";"16";"5";""
"201900039507";"138 231 839";"Z01";"2";"7";"0";"2";"0";"0";"1";""
"201900039508";"138 231 836";"B01";"2";"50";"8";"2";"1";"1";"3";""
"201900039508";"138 231 837";"A01";"1";"7";"0";"2";"1";"15";"3";""
"201900039509";"138 231 833";"C01";"2";"7";"0";"2";"4";"2";"1";""
"201900039509";"138 231 834";"B01";"2";"7";"0";"2";"5";"2";"1";""
"201900039509";"138 231 835";"A01";"2";"7";"0";"2";"3";"2";"1";""
"201900039510";"138 231 831";"A01";"1";"7";"0";"2";"1";"15";"1";""
"201900039510";"138 231 832";"B01";"2";"1";"0";"2";"1";"1";"5";""
"201900039511";"138 231 829";"A01";"2";"1";"0";"2";"1";"16";"5";""
"201900039511";"138 231 830";"B01";"2";"7";"0";"2";"3";"9";"1";""
"201900039512";"138 231 827";"B01";"2";"17";"0";"2";"3";"15";"1";""
"201900039512";"138 231 828";"A01";"2";"1";"0";"0";"0";"0";"5";""
"201900039513";"138 231 823";"A01";"0";"33";"12";"0";"1";"0";"1";""
"201900039514";"138 231 822";"A01";"1";"33";"3";"0";"7";"14";"0";""
"201900039515";"138 231 821";"Z01";"2";"7";"1";"0";"2";"14";"0";""
"201900039516";"138 231 817";"A01";"1";"7";"8";"0";"1";"26";"1";""
"201900039517";"138 231 815";"A01";"3";"7";"0";"2";"1";"9";"1";""
"201900039517";"138 231 816";"B01";"2";"7";"0";"2";"2";"0";"1";""
"201900039518";"138 231 814";"A01";"1";"33";"3";"0";"1";"13";"1";""
"201900039519";"138 231 813";"A01";"2";"7";"3";"0";"2";"0";"1";""
"201900039520";"138 231 812";"A01";"1";"7";"0";"1";"2";"20";"1";""
"201900039521";"138 231 808";"A01";"2";"10";"0";"2";"7";"16";"1";""
"201900039521";"138 231 809";"B01";"2";"1";"0";"2";"8";"1";"5";""
"201900039522";"138 231 806";"A01";"1";"7";"0";"2";"4";"23";"1";""
"201900039522";"138 231 807";"Z01";"1";"7";"0";"2";"1";"1";"1";""
"201900039523";"138 231 805";"A01";"1";"7";"0";"1";"6";"15";"1";""
"201900039524";"138 231 804";"A01";"1";"30";"9";"0";"1";"1";"1";""
"201900039525";"138 231 802";"A01";"1";"7";"0";"2";"7";"16";"1";""
"201900039525";"138 231 803";"B01";"1";"7";"0";"2";"3";"1";"1";""
"201900039526";"138 231 799";"B01";"0";"7";"0";"2";"4";"1";"1";""
"201900039526";"138 231 800";"A01";"0";"2";"0";"2";"1";"2";"1";""
"201900039526";"138 231 801";"A01";"2";"0";"0";"0";"4";"1";" -1";""
"201900039527";"138 231 797";"A01";"1";"1";"0";"2";"1";"1";"5";""
"201900039527";"138 231 798";"B01";"2";"7";"0";"2";"1";"15";"0";""
"201900039528";"138 231 795";"A01";"1";"7";"0";"2";"3";"1";"1";""
"201900039528";"138 231 796";"B01";"2";"7";"0";"2";"3";"19";"1";""
"201900039529";"138 231 793";"A01";"1";"7";"0";"2";"2";"1";"0";""
"201900039529";"138 231 794";"B01";"1";"7";"0";"2";"4";"1";"0";""
"201900039530";"138 231 791";"A01";"2";"7";"0";"2";"1";"2";"1";""
"201900039530";"138 231 792";"B01";"2";"7";"0";"0";"4";"2";"1";""
"201900039531";"138 231 790";"A01";"1";"7";"0";"1";"1";"1";"1";""
"201900039532";"138 231 788";"B01";"1";"10";"0";"2";"4";"23";"1";""
"201900039532";"138 231 789";"A01";"1";"10";"1";"0";"2";"2";"1";""
"201900039533";"138 231 787";"A01";"3";"7";"4";"0";"3";"13";"1";""
"201900039534";"138 231 786";"A01";"2";"7";"3";"0";"1";"26";"0";""
"201900039535";"138 231 785";"A01";"1";"30";"0";"0";"7";"1";"1";""
"201900039536";"138 231 781";"B01";"2";"1";"0";"2";"0";"13";"5";""
"201900039536";"138 231 782";"A01";"1";"33";"0";"1";"8";"21";"1";""
"201900039537";"138 231 780";"A01";"3";"7";"0";"1";"4";"4";"1";""
"201900039538";"138 231 778";"Z01";"0";"17";"0";"2";"1";"2";"1";""
"201900039538";"138 231 779";"B01";"0";"7";"0";"2";"4";"15";"1";""
"201900039539";"138 231 776";"A01";"2";"7";"0";"2";"3";"13";"1";""
"201900039539";"138 231 777";"B01";"2";"7";"0";"2";"5";"0";"1";""
"201900039540";"138 231 774";"A01";"1";"7";"1";"0";"2";"14";"1";""
"201900039540";"138 231 775";"B01";"1";"10";"0";"2";"2";"24";"1";""
"201900039541";"138 231 772";"B01";"3";"10";"0";"2";"1";"1";"1";""
"201900039541";"138 231 773";"A01";"3";"10";"0";"2";"1";"1";"1";""
"201900039542";"138 231 771";"A01";"1";"1";"0";"0";"0";"1";"5";""
"201900039543";"138 231 770";"A01";"3";"7";"2";"0";"1";"13";"1";""
"201900039544";"138 231 768";"A01";"2";"33";"0";"2";"7";"17";"1";""
"201900039544";"138 231 769";"B01";"2";"7";"0";"2";"8";"15";"1";""
"201900039545";"138 231 766";"B01";"3";"30";"0";"2";"1";"1";"1";""
"201900039545";"138 231 767";"A01";"1";"7";"0";"2";"3";"15";"1";""
"201900039546";"138 231 764";"A01";"1";"7";"0";"0";"0";"0";"1";""
"201900039546";"138 231 765";"B01";"3";"1";"0";"0";"0";"22";"5";""
"201900039547";"138 231 762";"B01";"2";"7";"0";"2";"7";"16";"1";""
"201900039547";"138 231 763";"A01";"2";"2";"0";"2";"1";"18";"1";""
"201900039548";"138 231 760";"A01";"1";"7";"0";"2";"1";"2";"1";""
"201900039548";"138 231 761";"B01";"1";"7";"0";"2";"6";"2";"1";""
"201900039549";"138 231 758";"A01";"3";"7";"0";"2";"2";"16";"2";""
"201900039549";"138 231 759";"B01";"1";"1";"0";"2";"3";"1";"5";""
"201900039550";"138 231 757";"A01";"1";"7";"0";"1";"1";"1";"1";""
"201900039551";"138 231 755";"A01";"0";"7";"0";"2";"8";"15";"1";""
"201900039551";"138 231 756";"B01";"1";"30";"0";"2";"7";"17";"1";""
"201900039552";"138 231 754";"A01";"2";"7";"0";"1";"1";"16";"1";""
"201900039553";"138 231 752";"A01";"3";"7";"1";"0";"2";"15";"1";""
"201900039553";"138 231 753";"B01";"3";"33";"0";"2";"1";"1";"1";""
"201900039554";"138 231 750";"B01";"3";"7";"0";"2";"1";"2";"1";""
"201900039554";"138 231 751";"A01";"3";"7";"0";"2";"1";"5";"1";""
"201900039555";"138 231 749";"A01";"0";"7";"0";"0";"1";"1";"1";""
"201900039556";"138 231 747";"B01";"0";"7";"0";"2";"3";"17";"1";""
"201900039556";"138 231 748";"A01";"2";"31";"15";"2";"7";"17";"1";""
"201900039557";"138 231 744";"A01";"1";"10";"0";"2";"1";"2";"1";""
"201900039557";"138 231 745";"C01";"1";"10";"0";"2";"4";"1";"1";""
"201900039557";"138 231 746";"B01";"1";"10";"0";"2";"4";"2";"1";""
"201900039558";"138 231 743";"A01";"1";"7";"0";"1";"1";"1";"1";""
"201900039559";"138 231 741";"B01";"3";"31";"0";"2";"7";"1";"1";""
"201900039559";"138 231 742";"A01";"3";"7";"0";"2";"1";"9";"1";""
"201900039560";"138 231 740";"A01";"3";"10";"0";"1";"4";"4";"1";""
"201900039561";"138 231 737";"A01";"1";"33";"0";"2";"1";"5";"1";""
"201900039561";"138 231 738";"C01";"1";"10";"0";"2";"1";"1";"1";""
"201900039561";"138 231 739";"B01";"2";"7";"0";"2";"3";"1";"1";""
"201900039562";"138 231 735";"A01";"1";"37";"0";"2";"1";"9";"1";"1"
"201900039562";"138 231 736";"B01";"1";"33";"0";"2";"1";"1";"1";""
"201900039563";"138 231 734";"A01";"3";"7";"0";"1";"3";"1";"1";""
"201900039564";"138 231 732";"A01";"1";"7";"0";"2";"1";"1";"0";""
"201900039564";"138 231 733";"B01";"1";"7";"0";"2";"4";"1";"0";""
"201900039565";"138 231 731";"Z01";"1";"7";"0";"1";"1";"1";"0";""
"201900039566";"138 231 729";"B01";"3";"3";"0";"2";"6";"15";"1";""
"201900039566";"138 231 730";"A01";"3";"7";"0";"2";"1";"17";"1";""
"201900039567";"138 231 724";"A01";"3";"7";"0";"2";"1";"2";"1";""
"201900039567";"138 231 725";"B01";"3";"7";"0";"2";"4";"23";"1";""
"201900039568";"138 231 722";"A01";"3";"7";"0";"2";"1";"15";"1";""
"201900039568";"138 231 723";"B01";"3";"10";"0";"2";"2";"1";"1";""
"201900039569";"138 231 718";"B01";"2";"7";"0";"2";"3";"1";"1";""
"201900039569";"138 231 719";"A01";"2";"7";"0";"2";"5";"26";"1";""
"201900039570";"138 231 715";"A01";"1";"7";"0";"2";"1";"11";"1";""
"201900039570";"138 231 716";"B01";"1";"7";"0";"2";"4";"1";"1";""
"201900039570";"138 231 717";"C01";"1";"7";"0";"2";"1";"1";"1";""
"201900039571";"138 231 714";"A01";"1";"7";"0";"1";"2";"26";"1";""
"201900039572";"138 231 713";"A01";"1";"7";"2";"0";"1";"1";"1";""
"201900039573";"138 231 709";"A01";"1";"7";"0";"2";"3";"1";"1";""
"201900039573";"138 231 710";"B01";"2";"7";"0";"2";"3";"1";"1";""
"201900039574";"138 231 707";"C01";"1";"7";"0";"2";"1";"1";"1";""
"201900039574";"138 231 708";"D01";"1";"7";"0";"2";"4";"1";"1";""
"201900039575";"138 231 705";"B01";"1";"30";"0";"2";"0";"2";"1";""
"201900039575";"138 231 706";"A01";"2";"7";"0";"2";"8";"20";"1";""
"201900039576";"138 231 703";"A01";"0";"7";"0";"2";"6";"14";"1";""
"201900039576";"138 231 704";"B01";"2";"7";"0";"2";"2";"1";"0";""
"201900039577";"138 231 701";"B01";"1";"30";"0";"2";"1";"1";"1";""
"201900039577";"138 231 702";"A01";"2";"7";"0";"2";"3";"10";"1";""
"201900039578";"138 231 700";"A01";"1";"7";"15";"0";"2";"14";"1";""
"201900039579";"138 231 698";"A01";"0";"7";"0";"2";"3";"1";"1";""
"201900039579";"138 231 699";"B01";"0";"7";"0";"2";"3";"1";"1";""
"201900039580";"138 231 696";"B01";"0";"7";"0";"2";"4";"15";"1";""