"Num_Acc";"id_vehicule";"num_veh";"senc";"catv";"obs";"obsm";"choc";"manv";"motor";"occutc"
"201900039777";"138 231 295";"B01";"3";"33";"0";"2";"1";"1";"1";""
"201900039778";"138 231 292";"B01";"1";"7";"0";"2";"7";"1";"1";""
"201900039778";"138 231 293";"A01";"1";"10";"0";"2";"1";"9";"1";""
"201900039779";"138 231 291";"A01";"1";"7";"0";"1";"2";"1";"1";""
"201900039780";"138 231 289";"B01";"1";"2";"0";"2";"0";"17";"1";""
"201900039780";"138 231 290";"A01";"1";"7";"0";"2";"0";"0";"1";""
"201900039781";"138 231 287";"B01";"1";"7";"0";"2";"0";"1";"1";""
"201900039781";"138 231 288";"Z01";"1";"7";"0";"2";"0";"0";"1";""
"201900039782";"138 231 286";"Z01";"1";"7";"0";"1";"0";"0";"1";""
"201900039783";"138 231 282";"A01";"1";"7";"0";"1";"2";"1";"1";""
"201900039784";"138 231 280";"B01";"1";"7";"0";"2";"1";"1";"1";""
"201900039784";"138 231 281";"A01";"1";"2";"0";"2";"1";"1";"1";""
"201900039785";"138 231 279";"A01";"1";"32";"0";"0";"2";"1";"1";""
"201900039786";"138 231 277";"A01";"0";"60";"0";"2";"1";"15";"5";""
"201900039786";"138 231 278";"B01";"0";"7";"0";"2";"1";"1";"1";""
"201900039787";"138 231 275";"A01";"3";"7";"0";"2";"0";"20";"0";""
"201900039787";"138 231 276";"B01";"3";"1";"0";"2";"0";"0";"5";""
"201900039788";"138 231 273";"A01";"1";"7";"0";"2";"1";"1";"0";""
"201900039788";"138 231 274";"B01";"2";"7";"0";"2";"1";"1";"0";""
"201900039789";"138 231 271";"B01";"1";"2";"0";"2";"4";"1";"1";""
"201900039789";"138 231 272";"A01";"1";"7";"0";"2";"1";"1";"1";""
"201900039790";"138 231 269";"A01";"3";"10";"0";"2";"3";"13";"1";""
"201900039790";"138 231 270";"B01";"0";"15";"0";"0";"0";"0";"1";""
"201900039791";"138 231 267";"B01";"0";"7";"0";"2";"1";"1";"0";""
"201900039791";"138 231 268";"A01";"0";"7";"0";"2";"8";"9";"0";""
"201900039792";"138 231 266";"A01";"1";"32";"0";"0";"0";"26";"1";""
"201900039793";"138 231 264";"A01";"0";"32";"6";"2";"1";"2";"1";""
"201900039793";"138 231 265";"B01";"0";"50";"0";"2";"1";"15";"3";""
"201900039794";"138 231 262";"Z01";"0";"7";"0";"2";"0";"26";"0";""
"201900039794";"138 231 263";"A01";"0";"32";"0";"0";"1";"1";"1";""
"201900039795";"138 231 261";"A01";"3";"7";"0";"1";"2";"1";"1";""
"201900039796";"138 231 258";"C01";"2";"7";"0";"2";"0";"1";"0";""
"201900039796";"138 231 259";"B01";"2";"13";"0";"2";"0";"1";"6";""
"201900039796";"138 231 260";"A01";"2";"7";"0";"2";"9";"2";"6";""
"201900039797";"138 231 256";"A01";"0";"7";"0";"2";"3";"15";"1";""
"201900039797";"138 231 257";"B01";"0";"7";"0";"0";"8";"26";"1";""
"201900039798";"138 231 255";"A01";"1";"7";"6";"0";"2";"1";"1";""
"201900039799";"138 231 253";"B01";"3";"7";"0";"2";"1";"15";"1";""
"201900039799";"138 231 254";"A01";"1";"7";"0";"2";"2";"15";"1";""
"201900039800";"138 231 252";"A01";"2";"7";"0";"1";"2";"1";"1";""
"201900039801";"138 231 249";"B01";"3";"34";"0";"2";"1";"9";"1";""
"201900039801";"138 231 250";"A01";"3";"7";"15";"2";"2";"15";"1";""
"201900039802";"138 231 247";"B01";"3";"1";"0";"2";"7";"12";"5";""
"201900039802";"138 231 248";"A01";"3";"7";"0";"2";"3";"1";"1";""
"201900039803";"138 231 245";"A01";"1";"30";"0";"2";"1";"1";"1";""
"201900039803";"138 231 246";"B01";"1";"7";"0";"2";"8";"15";"1";""
"201900039804";"138 231 244";"A01";"1";"3";"0";"2";"3";"1";"1";""
"201900039805";"138 231 243";"A01";"3";"1";"0";"0";"1";"0";"5";""
"201900039806";"138 231 241";"A01";"3";"7";"0";"2";"2";"9";"1";""
"201900039806";"138 231 242";"B01";"3";"1";"0";"2";"0";"0";"5";""
"201900039807";"138 231 239";"B01";"2";"7";"0";"2";"4";"2";"1";""
"201900039807";"138 231 240";"A01";"2";"7";"0";"2";"1";"26";"1";""
"201900039808";"138 231 237";"A01";"3";"99";"0";"2";"0";"26";"0";""
"201900039808";"138 231 238";"B01";"3";"50";"0";"2";"0";"26";"3";""
"201900039809";"138 231 235";"B01";"1";"7";"3";"2";"4";"2";"1";""
"201900039809";"138 231 236";"A01";"1";"10";"0";"2";"1";"2";"1";""
"201900039810";"138 231 234";"A01";"2";"7";"15";"0";"2";"1";"1";""
"201900039811";"138 231 232";"A01";"1";"7";"0";"2";"1";"19";"1";""
"201900039811";"138 231 233";"B01";"2";"1";"0";"2";"7";"15";"5";""
"201900039812";"138 231 231";"A01";"1";"7";"0";"0";"1";"9";"1";""
"201900039813";"138 231 229";"A01";"3";"7";"0";"2";"2";"9";"1";""
"201900039813";"138 231 230";"B01";"3";"34";"0";"2";"3";"9";"1";""
"201900039814";"138 231 227";"Z01";"2";"10";"0";"2";"0";"0";"0";""
"201900039814";"138 231 228";"B01";"2";"32";"0";"2";"8";"1";"1";""
"201900039815";"138 231 223";"D01";"0";"7";"0";"2";"4";"1";"1";""
"201900039815";"138 231 224";"C01";"1";"7";"0";"2";"4";"1";"1";""
"201900039815";"138 231 225";"B01";"1";"7";"0";"2";"4";"1";"1";""
"201900039815";"138 231 226";"A01";"2";"7";"0";"2";"0";"1";"1";""
"201900039816";"138 231 219";"A01";"1";"7";"0";"2";"1";"13";"1";""
"201900039816";"138 231 220";"B01";"2";"7";"0";"2";"9";"1";"1";""
"201900039816";"138 231 221";"C01";"2";"7";"0";"2";"5";"1";"1";""
"201900039816";"138 231 222";"D01";"2";"10";"0";"2";"1";"1";"1";""
"201900039817";"138 231 217";"A01";"2";"7";"0";"2";"8";"15";"1";""
"201900039817";"138 231 218";"B01";"2";"33";"0";"2";"7";"26";"1";""
"201900039818";"138 231 216";"A01";"0";"7";"0";"1";"2";"1";"1";""
"201900039819";"138 231 214";"A01";"2";"7";"1";"0";"3";"14";"1";""
"201900039819";"138 231 215";"B01";"2";"7";"0";"1";"1";"24";"1";""
"201900039820";"138 231 212";"A01";"0";"7";"0";"2";"1";"1";"1";""
"201900039820";"138 231 213";"B01";"0";"7";"0";"2";"4";"1";"1";""
"201900039821";"138 231 211";"A01";"0";"7";"0";"1";"3";"1";"1";""
"201900039822";"138 231 209";"A01";"2";"7";"0";"2";"8";"15";"1";""
"201900039822";"138 231 210";"B01";"2";"7";"6";"2";"1";"1";"1";""
"201900039823";"138 231 207";"A01";"1";"7";"0";"0";"0";"12";"1";""
"201900039823";"138 231 208";"B01";"1";"37";"0";"0";"0";"21";"1";"7"
"201900039824";"138 231 202";"A01";"1";"7";"8";"2";"9";"0";"1";""
"201900039824";"138 231 203";"B01";"1";"7";"0";"2";"8";"1";"1";""
"201900039824";"138 231 204";"C01";"3";"7";"0";"2";"3";"1";"1";""
"201900039824";"138 231 205";"D01";"1";"7";"0";"2";"6";"1";"1";""
"201900039824";"138 231 206";"E01";"1";"42";"0";"2";"4";"1";"1";""
"201900039825";"138 231 201";"A01";"3";"7";"0";"1";"0";"1";"1";""
"201900039826";"138 231 199";"A01";"3";"7";"0";"2";"3";"15";"1";""
"201900039826";"138 231 200";"B01";"3";"33";"0";"2";"1";"0";"1";""
"201900039827";"138 231 198";"A01";"0";"7";"0";"0";"2";"14";"1";""
"201900039828";"138 231 197";"A01";"3";"1";"0";"0";"0";"1";"5";""
"201900039829";"138 231 196";"A01";"0";"7";"0";"1";"0";"1";"1";""
"201900039830";"138 231 195";"A01";"3";"7";"0";"1";"3";"1";"1";""
"201900039831";"138 231 191";"B01";"3";"17";"0";"2";"1";"2";"1";""
"201900039831";"138 231 192";"A01";"3";"10";"0";"2";"8";"10";"1";""
"201900039832";"138 231 189";"A01";"3";"7";"8";"0";"4";"9";"1";""
"201900039832";"138 231 190";"B01";"3";"10";"0";"2";"1";"2";"1";""
"201900039833";"138 231 188";"A01";"1";"7";"0";"1";"3";"1";"1";""
"201900039834";"138 231 187";"A01";"1";"7";"14";"0";"1";"1";"1";""
"201900039835";"138 231 186";"A01";"2";"7";"6";"0";"1";"14";"1";""
"201900039836";"138 231 184";"B01";"2";"7";"0";"2";"1";"1";"1";""
"201900039836";"138 231 185";"A01";"1";"7";"0";"2";"1";"13";"1";""
"201900039837";"138 231 183";"A01";"1";"7";"13";"0";"1";"1";"1";""
"201900039838";"138 231 181";"A01";"3";"7";"0";"9";"7";"1";"1";""
"201900039838";"138 231 182";"B01";"3";"1";"0";"2";"1";"19";"5";""
"201900039839";"138 231 179";"B01";"2";"7";"0";"2";"3";"1";"1";""
"201900039839";"138 231 180";"A01";"1";"7";"0";"2";"3";"13";"1";""
"201900039840";"138 231 177";"B01";"3";"7";"0";"2";"3";"9";"1";""
"201900039840";"138 231 178";"A01";"3";"33";"0";"2";"1";"3";"1";""
"201900039841";"138 231 175";"A01";"2";"7";"1";"0";"8";"21";"1";""
"201900039841";"138 231 176";"B01";"2";"7";"0";"6";"1";"1";"1";""
"201900039842";"138 231 174";"A01";"1";"7";"0";"2";"2";"14";"1";""
"201900039843";"138 231 172";"A01";"1";"7";"0";"0";"8";"19";"1";""
"201900039843";"138 231 173";"B01";"2";"38";"0";"0";"3";"1";"1";"1"
"201900039844";"138 231 171";"A01";"3";"7";"0";"1";"3";"1";"1";""
"201900039845";"138 231 168";"A01";"2";"7";"4";"2";"6";"17";"1";""
"201900039845";"138 231 169";"B01";"1";"7";"0";"2";"2";"1";"1";""
"201900039845";"138 231 170";"C01";"1";"15";"0";"2";"8";"1";"1";""
"201900039846";"138 231 167";"A01";"1";"33";"4";"0";"9";"17";"6";""
"201900039847";"138 231 163";"A01";"3";"33";"0";"2";"1";"1";"1";""
"201900039847";"138 231 164";"B01";"3";"7";"0";"2";"7";"19";"1";""
"201900039848";"138 231 161";"A01";"1";"7";"0";"2";"1";"13";"1";""
"201900039848";"138 231 162";"B01";"2";"7";"0";"2";"1";"1";"1";""
"201900039849";"138 231 159";"A01";"1";"7";"0";"2";"3";"15";"1";""
"201900039849";"138 231 160";"B01";"2";"32";"0";"0";"1";"1";"1";""
"201900039850";"138 231 158";"A01";"1";"32";"12";"0";"1";"1";"1";""
"201900039851";"138 231 157";"A01";"1";"7";"2";"0";"8";"1";"1";""
"201900039852";"138 231 155";"B01";"1";"7";"0";"0";"5";"23";"1";""
"201900039852";"138 231 156";"A01";"1";"7";"1";"0";"3";"2";"1";""
"201900039853";"138 231 154";"A01";"3";"7";"2";"0";"1";"1";"0";""
"201900039854";"138 231 152";"A01";"1";"7";"0";"2";"7";"1";"1";""
"201900039854";"138 231 153";"B01";"2";"7";"0";"2";"1";"1";"1";""
"201900039855";"138 231 151";"A01";"2";"10";"5";"0";"1";"14";"0";""
"201900039856";"138 231 149";"B01";"3";"2";"0";"0";"4";"1";"1";""
"201900039856";"138 231 150";"A01";"3";"7";"0";"2";"2";"9";"1";""
"201900039857";"138 231 148";"A01";"1";"7";"0";"1";"2";"1";"1";""
"201900039858";"138 231 145";"C01";"1";"10";"0";"2";"0";"0";"0";""
"201900039858";"138 231 146";"B01";"1";"10";"0";"2";"4";"1";"1";""
"201900039858";"138 231 147";"A01";"1";"10";"0";"2";"1";"1";"1";""
"201900039859";"138 231 144";"A01";"2";"33";"3";"0";"7";"21";"1";""
"201900039860";"138 231 139";"C01";"2";"7";"0";"2";"1";"2";"1";""
"201900039860";"138 231 140";"B01";"2";"7";"0";"2";"4";"2";"1";""
"201900039860";"138 231 141";"A01";"2";"7";"0";"2";"4";"1";"1";""
"201900039861";"138 231 137";"B01";"2";"17";"0";"2";"2";"12";"1";""
"201900039861";"138 231 138";"A01";"2";"7";"0";"2";"6";"1";"1";""
"201900039862";"138 231 134";"C01";"1";"7";"0";"2";"1";"2";"1";""
"201900039862";"138 231 135";"B01";"1";"7";"0";"2";"4";"2";"1";""
"201900039862";"138 231 136";"A01";"1";"7";"0";"2";"4";"2";"1";""
"201900039863";"138 231 132";"A01";"1";"7";"0";"2";"8";"11";"1";""
"201900039863";"138 231 133";"B01";"1";"31";"0";"2";"1";"1";"1";""
"201900039864";"138 231 131";"A01";"2";"10";"0";"1";"7";"2";"1";""
"201900039865";"138 231 130";"A01";"2";"33";"0";"2";"4";"2";"1";""
"201900039866";"138 231 126";"D01";"2";"7";"0";"2";"4";"1";"1";""
"201900039866";"138 231 127";"C01";"2";"7";"0";"2";"8";"1";"2";""
"201900039866";"138 231 128";"B01";"2";"7";"0";"2";"4";"2";"1";""
"201900039866";"138 231 129";"A01";"2";"7";"0";"2";"1";"2";"1";""
"201900039867";"138 231 123";"C01";"2";"7";"0";"2";"8";"1";"1";""
"201900039867";"138 231 124";"B01";"2";"32";"0";"2";"2";"1";"1";""
"201900039867";"138 231 125";"A01";"2";"7";"0";"2";"3";"11";"1";""
"201900039868";"138 231 120";"A01";"1";"7";"0";"2";"1";"1";"1";""
"201900039868";"138 231 121";"B01";"1";"7";"0";"2";"4";"1";"1";""
"201900039868";"138 231 122";"C01";"1";"7";"0";"2";"4";"1";"1";""
"201900039869";"138 231 116";"A01";"2";"7";"0";"2";"1";"2";"1";""
"201900039869";"138 231 117";"B01";"2";"7";"0";"2";"4";"23";"1";""
"201900039869";"138 231 118";"C01";"2";"10";"0";"2";"1";"2";"1";""
"201900039869";"138 231 119";"D01";"2";"17";"0";"2";"6";"2";"1";""
"201900039870";"138 231 115";"A01";"1";"7";"0";"2";"1";"1";"1";""
"201900039871";"138 231 113";"B01";"2";"7";"0";"2";"4";"2";"1";""
"201900039871";"138 231 114";"A01";"2";"15";"0";"2";"1";"2";"1";""
"201900039872";"138 231 112";"A01";"2";"7";"4";"0";"1";"0";"1";""
"201900039873";"138 231 111";"A01";"2";"7";"4";"0";"1";"1";"1";""
"201900039874";"138 231 110";"A01";"1";"7";"3";"0";"1";"14";"1";""
"201900039875";"138 231 108";"B01";"1";"10";"0";"2";"4";"2";"1";""
"201900039875";"138 231 109";"A01";"1";"14";"0";"2";"1";"2";"1";""
"201900039876";"138 231 105";"B01";"2";"7";"0";"2";"4";"1";"1";""
"201900039876";"138 231 106";"C01";"2";"14";"0";"2";"1";"1";"1";""
"201900039876";"138 231 107";"A01";"2";"7";"0";"2";"4";"1";"1";""
"201900039877";"138 231 103";"A01";"1";"2";"7";"2";"2";"17";"1";""
"201900039877";"138 231 104";"B01";"2";"10";"0";"2";"8";"15";"1";""
"201900039878";"138 231 102";"A01";"2";"7";"13";"0";"1";"13";"1";""
"201900039879";"138 231 100";"A01";"1";"7";"0";"2";"3";"19";"0";""
"201900039879";"138 231 101";"B01";"2";"1";"0";"2";"1";"1";"0";""
"201900039880";"138 231 098";"B01";"2";"7";"0";"2";"1";"1";"1";""
"201900039880";"138 231 099";"A01";"1";"1";"0";"2";"1";"5";"5";""
"201900039881";"138 231 092";"B01";"1";"7";"0";"2";"2";"15";"1";""
"201900039881";"138 231 093";"A01";"1";"7";"0";"2";"6";"1";"1";""
"201900039882";"138 231 091";"A01";"3";"0";"0";"1";"0";"0";"0";""
"201900039883";"138 231 089";"A01";"2";"7";"0";"2";"1";"26";"1";""
"201900039883";"138 231 090";"B01";"3";"1";"0";"2";"8";"19";"5";""
"201900039884";"138 231 087";"B01";"3";"7";"0";"2";"2";"16";"1";""
"201900039884";"138 231 088";"A01";"3";"32";"0";"2";"1";"1";"1";""
"201900039885";"138 231 086";"A01";"1";"10";"9";"1";"1";"2";"1";""
"201900039886";"138 231 085";"A01";"1";"32";"12";"0";"2";"26";"1";""
"201900039887";"138 231 084";"A01";"1";"10";"0";"1";"3";"26";"1";""
"201900039888";"138 231 082";"B01";"1";"7";"0";"2";"3";"1";"1";""
"201900039888";"138 231 083";"A01";"2";"30";"0";"2";"0";"0";"3";""
"201900039889";"138 231 081";"A01";"1";"7";"0";"1";"1";"15";"1";""
"201900039890";"138 231 079";"A01";"3";"10";"0";"2";"1";"26";"2";""
"201900039890";"138 231 080";"B01";"3";"7";"0";"2";"3";"26";"1";""
"201900039891";"138 231 078";"A01";"2";"34";"0";"1";"2";"17";"1";""
"201900039892";"138 231 077";"A01";"2";"7";"0";"0";"1";"16";"1";""
"201900039893";"138 231 076";"A01";"1";"7";"0";"1";"3";"1";"1";""
"201900039894";"138 231 074";"A01";"3";"7";"0";"2";"2";"13";"1";""
"201900039894";"138 231 075";"B01";"3";"7";"0";"2";"2";"1";"1";""
"201900039895";"138 231 073";"A01";"1";"7";"0";"1";"1";"1";"1";""
"201900039896";"138 231 072";"A01";"2";"7";"0";"1";"1";"26";"1";""
"201900039897";"138 231 070";"A01";"1";"7";"0";"2";"3";"15";"2";""
"201900039897";"138 231 071";"B01";"2";"33";"0";"2";"3";"1";"1";""
"201900039898";"138 231 067";"A01";"1";"7";"0";"2";"1";"1";"0";""
"201900039898";"138 231 068";"B01";"1";"7";"0";"2";"1";"1";"1";""
"201900039898";"138 231 069";"Z01";"2";"7";"0";"2";"1";"5";"1";""
"201900039899";"138 231 066";"A01";"1";"7";"0";"1";"2";"26";"2";""
"201900039900";"138 231 063";"D01";"3";"7";"1";"0";"1";"0";"0";""
"201900039900";"138 231 064";"B01";"3";"7";"0";"2";"1";"15";"0";""
"201900039900";"138 231 065";"A01";"3";"33";"0";"2";"1";"17";"0";""
"201900039901";"138 231 061";"B01";"1";"7";"0";"2";"4";"1";"1";""
"201900039901";"138 231 062";"A01";"1";"7";"0";"2";"1";"1";"1";""
"201900039902";"138 231 060";"A01";"1";"30";"0";"0";"0";"21";"1";""
"201900039903";"138 231 057";"A01";"0";"1";"0";"1";"1";"1";"5";""
"201900039904";"138 231 056";"A01";"0";"7";"0";"1";"2";"1";"1";""
"201900039905";"138 231 052";"B01";"3";"7";"0";"2";"4";"16";"0";""
"201900039905";"138 231 053";"A01";"3";"10";"0";"2";"1";"2";"0";""
"201900039906";"138 231 050";"A01";"2";"50";"0";"2";"1";"2";"3";""
"201900039906";"138 231 051";"B01";"2";"10";"0";"2";"4";"23";"1";""
"201900039907";"138 231 049";"A01";"2";"7";"0";"1";"1";"1";"1";""
"201900039908";"138 231 045";"A01";"2";"7";"0";"1";"4";"20";" -1";""
"201900039909";"138 231 044";"A01";"2";"7";"0";"1";"1";"1";"1";""
"201900039910";"138 231 042";"B01";"1";"1";"0";"2";"7";"2";"5";""
"201900039910";"138 231 043";"A01";"1";"7";"0";"2";"6";"2";"1";""
"201900039911";"138 231 040";"A01";"1";"30";"0";"2";"1";"26";"1";""
"201900039911";"138 231 041";"B01";"1";"7";"0";"2";"4";"1";"0";""
"201900039912";"138 231 038";"B01";"2";"1";"0";"2";"8";"1";"5";""
"201900039912";"138 231 039";"A01";"1";"7";"0";"2";"1";"15";"1";""
"201900039913";"138 231 035";"A01";"1";"7";"0";"1";"3";"20";"1";""
"201900039914";"138 231 033";"B01";"2";"1";"0";"2";"3";"1";"5";""
"201900039914";"138 231 034";"A01";"1";"1";"0";"2";"0";"1";"5";""
"201900039915";"138 231 031";"B01";"1";"7";"0";"2";"4";"2";"1";""
"201900039915";"138 231 032";"A01";"1";"30";"0";"2";"1";"2";"1";""
"201900039916";"138 231 030";"A01";"1";"15";"0";"1";"6";"4";"1";""
"201900039917";"138 231 028";"A01";"1";"7";"0";"2";"3";"15";"1";""
"201900039917";"138 231 029";"B01";"2";"2";"0";"2";"4";"16";"1";""
"201900039918";"138 231 027";"Z01";"1";"7";"0";"1";"7";"25";"0";""
"201900039919";"138 231 026";"B01";"0";"7";"0";"0";"0";"0";" -1";""
"201900039920";"138 231 024";"B01";"3";"7";"0";"2";"0";"0";"0";""
"201900039920";"138 231 025";"A01";"3";"7";"0";"2";"1";"26";"1";""
"201900039921";"138 231 023";"A01";"1";"10";"0";"1";"2";"17";"1";""
"201900039922";"138 231 022";"A01";"2";"7";"0";"1";"1";"1";"1";""
"201900039923";"138 231 019";"B01";"1";"7";"0";"2";"3";"15";"1";""
"201900039923";"138 231 020";"A01";"1";"7";"0";"2";"2";"17";"1";""
"201900039924";"138 231 016";"A01";"1";"7";"0";"2";"2";"1";"1";""
"201900039924";"138 231 017";"B01";"1";"7";"0";"2";"3";"1";"1";""
"201900039925";"138 231 015";"A01";"1";"10";"0";"1";"1";"1";"1";""
"201900039926";"138 231 014";"A01";"1";"7";"12";"1";"3";"14";"1";""
"201900039927";"138 231 012";"A01";"0";"7";"0";"2";"1";"1";"1";""
"201900039927";"138 231 013";"B01";"0";"7";"0";"2";"3";"1";"1";""
"201900039928";"138 231 011";"A01";"0";"7";"8";"0";"3";"16";"1";""
"201900039929";"138 231 009";"B01";"0";"7";"0";"2";"4";"1";"1";""
"201900039929";"138 231 010";"A01";"0";"10";"0";"2";"4";"2";"1";""
"201900039930";"138 231 007";"B01";"1";"31";"0";"2";"3";"1";"1";""
"201900039930";"138 231 008";"A01";"2";"7";"0";"2";"1";"15";"1";""
"201900039931";"138 231 005";"B01";"0";"2";"0";"2";"1";"1";"1";""
"201900039931";"138 231 006";"A01";"0";"7";"0";"2";"2";"9";"1";""
"201900039932";"138 231 004";"A01";"2";"7";"0";"1";"2";"1";"1";""
"201900039933";"138 231 002";"B01";"3";"7";"0";"2";"4";"2";"1";""
"201900039933";"138 231 003";"A01";"3";"7";"0";"2";"1";"2";"1";""
"201900039934";"138 231 001";"A01";"1";"7";"0";"1";"3";"1";"1";""
"201900039935";"138 230 999";"A01";"1";"7";"0";"2";"1";"2";"1";""
"201900039935";"138 231 000";"B01";"1";"7";"0";"2";"4";"2";"1";""
"201900039936";"138 230 997";"B01";"1";"7";"0";"2";"2";"1";"1";""
"201900039936";"138 230 998";"A01";"2";"1";"0";"2";"4";"5";"5";""
"201900039937";"138 230 995";"A01";"3";"14";"0";"2";"3";"14";"1";""
"201900039937";"138 230 996";"B01";"0";"7";"8";"2";"3";"26";"1";""
"201900039938";"138 230 994";"A01";"2";"50";"0";"1";"3";"1";"3";""
"201900039939";"138 230 993";"A01";"0";"7";"0";"1";"8";"1";"1";""
"201900039940";"138 230 991";"B01";"2";"7";"0";"0";"6";"15";"1";""
"201900039940";"138 230 992";"A01";"1";"30";"0";"2";"2";"11";"1";""
"201900039941";"138 230 989";"A01";"0";"7";"0";"2";"1";"9";"1";""
"201900039941";"138 230 990";"B01";"1";"7";"0";"2";"2";"1";"1";""
"201900039942";"138 230 988";"A01";"0";"7";"0";"1";"1";"1";"1";""
"201900039943";"138 230 986";"A01";"3";"1";"0";"2";"1";"19";"5";""
"201900039943";"138 230 987";"B01";"1";"7";"0";"2";"0";"1";"1";""
"201900039944";"138 230 983";"B01";"0";"7";"0";"2";"3";"1";"1";""
"201900039944";"138 230 984";"C01";"0";"37";"0";"2";"1";"1";"1";"7"
"201900039944";"138 230 985";"A01";"0";"7";"0";"2";"1";"1";"1";""
"201900039945";"138 230 982";"A01";"3";"37";"0";"1";"7";"26";"1";"1"
"201900039946";"138 230 981";"A01";"1";"7";"0";"1";"1";"1";"1";""
"201900039947";"138 230 979";"A01";"1";"7";"0";"2";"3";"13";"1";""
"201900039947";"138 230 980";"B01";"2";"7";"0";"2";"2";"1";"1";""
"201900039948";"138 230 978";"A01";"1";"7";"0";"1";"3";"15";"1";""
"201900039949";"138 230 976";"B01";"1";"7";"0";"2";"3";"2";"1";""
"201900039949";"138 230 977";"A01";"1";"7";"0";"2";"1";"15";"1";""
"201900039950";"138 230 974";"A01";"3";"7";"0";"1";"1";"0";"1";""
"201900039951";"138 230 972";"A01";"0";"7";"0";"2";"1";"5";"1";""
"201900039951";"138 230 973";"B01";"0";"7";"0";"2";"1";"5";"1";""
"201900039952";"138 230 970";"A01";"3";"7";"9";"2";"3";"2";"1";""
"201900039952";"138 230 971";"B01";"0";"7";"0";"2";"3";"2";"1";""
"201900039953";"138 230 969";"A01";"1";"13";"0";"1";"2";"1";"1";""
"201900039954";"138 230 968";"A01";"1";"7";"0";"1";"6";"26";"1";""
"201900039955";"138 230 966";"BB01";"1";"7";"0";"2";"3";"2";"1";""
"201900039955";"138 230 967";"A01";"1";"7";"0";"2";"1";"15";"1";""
"201900039956";"138 230 965";"A01";"3";"33";"0";"2";"0";"0";"1";""
"201900039957";"138 230 963";"B01";"1";"7";"0";"2";"1";"16";"1";""
"201900039957";"138 230 964";"A01";"1";"7";"0";"2";"8";"15";"1";""
"201900039958";"138 230 959";"C01";"1";"7";"0";"2";"4";"2";"1";""
"201900039958";"138 230 960";"B01";"1";"7";"0";"2";"4";"2";"1";""
"201900039958";"138 230 961";"Z01";"1";"7";"0";"2";"1";"2";"1";""
"201900039959";"138 230 958";"A01";"2";"32";"0";"0";"7";"1";"1";""
"201900039960";"138 230 956";"B01";"2";"7";"0";"2";"8";"9";"1";""
"201900039960";"138 230 957";"A01";"2";"17";"0";"2";"7";"1";"1";""
"201900039961";"138 230 954";"A01";"2";"7";"0";"2";"2";"12";"1";""
"201900039961";"138 230 955";"B01";"2";"33";"0";"2";"8";"3";"1";""
"201900039962";"138 230 952";"A01";"2";"7";"0";"2";"1";"2";"1";""
"201900039962";"138 230 953";"B01";"2";"7";"0";"2";"4";"2";"1";""
"201900039963";"138 230 950";"B01";"1";"2";"0";"2";"8";"1";"1";""
"201900039963";"138 230 951";"A01";"2";"7";"0";"2";"3";"15";"1";""
"201900039964";"138 230 949";"A01";"2";"7";"0";"1";"3";"1";"1";""
"201900039965";"138 230 947";"A01";"1";"30";"0";"2";"2";"14";"3";""
"201900039965";"138 230 948";"Z01";"1";"10";"0";"2";"0";"1";"0";""
"201900039966";"138 230 946";"A01";"1";"30";"0";"1";"1";"1";"1";""
"201900039967";"138 230 945";"A01";"1";"7";"0";"1";"1";"16";"1";""
"201900039968";"138 230 942";"A01";"1";"30";"0";"1";"3";"1";"1";""
"201900039969";"138 230 941";"A01";"1";"33";"0";"1";"2";"17";"1";""
"201900039970";"138 230 939";"B01";"1";"7";"0";"2";"6";"1";"2";""
"201900039970";"138 230 940";"A01";"1";"60";"0";"2";"6";"1";"5";""
"201900039971";"138 230 937";"A01";"1";"1";"0";"2";"8";"1";"5";""
"201900039971";"138 230 938";"B01";"2";"37";"0";"2";"1";"1";"2";"1"
"201900039972";"138 230 935";"A01";"1";"30";"0";"2";"2";"16";"1";""
"201900039972";"138 230 936";"B01";"1";"7";"0";"2";"1";"1";"2";""
"201900039973";"138 230 933";"A01";"1";"7";"0";"2";"4";"2";"1";""
"201900039973";"138 230 934";"B01";"1";"32";"0";"2";"4";"2";"1";""
"201900039974";"138 230 932";"A01";"2";"30";"0";"1";"2";"1";"1";""
"201900039975";"138 230 931";"A01";"1";"43";"0";"1";"1";"1";"1";""
"201900039976";"138 230 929";"A01";"2";"7";"0";"2";"3";"22";"1";""
"201900039976";"138 230 930";"B01";"2";"1";"0";"2";"1";"1";"5";""
"201900039977";"138 230 928";"A01";"1";"7";"0";"1";"8";"1";"1";""
"201900039978";"138 230 926";"A01";"1";"33";"0";"2";"4";"2";"1";""
"201900039978";"138 230 927";"B01";"1";"7";"0";"2";"4";"2";"1";""
"201900039979";"138 230 924";"A01";"1";"30";"0";"2";"4";"2";"1";""
"201900039979";"138 230 925";"Z01";"1";"7";"0";"2";"0";"2";"0";""
"201900039980";"138 230 923";"A01";"1";"1";"0";"1";"8";"1";"5";""
"201900039981";"138 230 921";"A01";"1";"7";"0";"2";"3";"22";"1";""
"201900039981";"138 230 922";"B01";"1";"1";"0";"2";"0";"1";"5";""
"201900039982";"138 230 920";"A01";"1";"30";"8";"0";"0";"7";"3";""
"201900039983";"138 230 919";"A01";"1";"7";"0";"1";"1";"1";"1";""