"Num_Acc";"id_vehicule";"num_veh";"senc";"catv";"obs";"obsm";"choc";"manv";"motor";"occutc"
"201900040191";"138 230 557";"B01";"1";"7";"0";"0";"4";"24";"6";""
"201900040191";"138 230 558";"A01";"1";"13";"1";"0";"1";"23";"6";""
"201900040192";"138 230 555";"A01";"3";"30";"0";"2";"3";"5";"1";""
"201900040192";"138 230 556";"B01";"1";"32";"0";"2";"1";"1";"1";""
"201900040193";"138 230 554";"A01";"2";"10";"4";"0";"2";"16";"0";""
"201900040194";"138 230 553";"A01";"3";"3";"0";"1";"4";"20";"0";""
"201900040195";"138 230 551";"B01";"0";"7";"0";"2";"3";"1";"1";""
"201900040195";"138 230 552";"A01";"0";"7";"0";"2";"3";"13";"1";""
"201900040196";"138 230 549";"B01";"1";"7";"0";"0";"4";"2";"1";""
"201900040196";"138 230 550";"A01";"1";"33";"0";"2";"1";"2";"1";""
"201900040197";"138 230 547";"B01";"1";"7";"0";"2";"2";"26";"0";""
"201900040197";"138 230 548";"A01";"1";"3";"0";"2";"3";"26";"0";""
"201900040198";"138 230 545";"A01";"0";"3";"0";"2";"3";"1";"1";""
"201900040198";"138 230 546";"B01";"0";"33";"0";"2";"9";"15";"0";""
"201900040199";"138 230 544";"A01";"2";"7";"0";"1";"1";"0";"1";""
"201900040200";"138 230 543";"A01";"1";"34";"0";"1";"1";"1";"1";""
"201900040201";"138 230 541";"B01";"2";"32";"0";"0";"4";"2";"6";""
"201900040201";"138 230 542";"A01";"2";"7";"0";"2";"1";"26";"0";""
"201900040202";"138 230 540";"A01";"1";"10";"12";"1";"2";"2";"0";""
"201900040203";"138 230 539";"A01";"1";"3";"0";"1";"1";"1";"0";""
"201900040204";"138 230 538";"A01";"1";"7";"9";"0";"2";"14";"1";""
"201900040205";"138 230 537";"A01";"2";"32";"0";"2";"3";"17";"1";""
"201900040206";"138 230 535";"A01";"1";"32";"0";"2";"3";"1";"0";""
"201900040206";"138 230 536";"B01";"2";"7";"0";"0";"0";"0";"0";""
"201900040207";"138 230 532";"A01";"0";"3";"0";"0";"1";"14";"1";""
"201900040207";"138 230 533";"B01";"0";"32";"0";"2";"7";"1";"0";""
"201900040208";"138 230 530";"A01";"0";"15";"0";"0";"1";"12";"1";""
"201900040208";"138 230 531";"B01";"3";"7";"0";"2";"6";"1";"1";""
"201900040209";"138 230 529";"A01";"3";"7";"9";"0";"4";"26";"0";""
"201900040210";"138 230 528";"A01";"2";"7";"5";"0";"1";"14";"1";""
"201900040211";"138 230 526";"B01";"2";"7";"0";"2";"3";"1";"1";""
"201900040211";"138 230 527";"A01";"1";"21";"0";"2";"2";"19";"1";""
"201900040212";"138 230 524";"B01";"2";"7";"0";"2";"1";"1";"1";""
"201900040212";"138 230 525";"A01";"1";"7";"0";"2";"3";"13";"1";""
"201900040213";"138 230 522";"B01";"2";"1";"0";"0";"6";"15";"5";""
"201900040213";"138 230 523";"A01";"2";"10";"0";"9";"2";"17";"1";""
"201900040214";"138 230 520";"B01";"2";"31";"0";"2";"7";"17";"1";""
"201900040214";"138 230 521";"A01";"2";"7";"0";"0";"8";"10";"1";""
"201900040215";"138 230 518";"B01";"1";"7";"0";"2";"3";"1";"1";""
"201900040215";"138 230 519";"A01";"1";"7";"0";"2";"1";"5";"1";""
"201900040216";"138 230 516";"A01";"3";"7";"0";"0";"3";"15";"1";""
"201900040216";"138 230 517";"B01";"3";"33";"8";"2";"1";"17";"1";""
"201900040217";"138 230 515";"A01";"1";"33";"0";"1";"8";"1";"1";""
"201900040218";"138 230 513";"A01";"1";"7";"0";"2";"1";"17";"1";""
"201900040218";"138 230 514";"B01";"2";"7";"0";"2";"3";"15";"1";""
"201900040219";"138 230 511";"A01";"0";"7";"0";"2";"1";"13";"0";""
"201900040219";"138 230 512";"B01";"0";"7";"0";"2";"1";"1";"0";""
"201900040220";"138 230 509";"B01";"1";"33";"0";"2";"1";"1";"1";""
"201900040220";"138 230 510";"A01";"2";"7";"0";"2";"3";"1";"1";""
"201900040221";"138 230 508";"A01";"0";"7";"0";"0";"9";"2";"1";""
"201900040222";"138 230 506";"B01";"2";"7";"0";"2";"1";"1";"1";""
"201900040222";"138 230 507";"A01";"1";"33";"0";"2";"1";"13";"1";""
"201900040223";"138 230 505";"A01";"0";"7";"8";"1";"1";"20";"0";""
"201900040224";"138 230 503";"B01";"0";"7";"0";"0";"3";"1";"0";""
"201900040224";"138 230 504";"A01";"0";"7";"0";"2";"1";"13";"0";""
"201900040225";"138 230 502";"A01";"0";"7";"6";"0";"2";"15";"1";""
"201900040226";"138 230 501";"A01";"2";"32";"1";"0";"1";"1";"1";""
"201900040227";"138 230 500";"A01";"0";"2";"16";"0";"1";"0";"0";""
"201900040228";"138 230 499";"A01";"1";"33";"13";"0";"7";"1";"1";""
"201900040229";"138 230 498";"A01";"1";"7";"8";"0";"2";"14";"6";""
"201900040230";"138 230 496";"A01";"2";"7";"0";"2";"1";"13";"1";""
"201900040230";"138 230 497";"B01";"1";"7";"0";"2";"3";"1";"1";""
"201900040231";"138 230 494";"A01";"2";"7";"0";"2";"7";"19";"1";""
"201900040231";"138 230 495";"B01";"1";"33";"0";"2";"1";"1";"0";""
"201900040232";"138 230 492";"B01";"1";"1";"0";"2";"0";"1";"5";""
"201900040232";"138 230 493";"A01";"1";"7";"0";"9";"0";"1";"1";""
"201900040233";"138 230 491";"A01";"2";"7";"8";"0";"7";"1";"1";""
"201900040234";"138 230 489";"B01";"3";"7";"0";"0";"5";"1";"1";""
"201900040234";"138 230 490";"A01";"3";"7";"0";"0";"2";"15";"1";""
"201900040235";"138 230 487";"B01";"3";"1";"0";"2";"7";"16";"5";""
"201900040235";"138 230 488";"A01";"3";"7";"0";"2";"3";"9";"1";""
"201900040236";"138 230 486";"A01";"1";"7";"1";"1";"2";"1";"1";""
"201900040237";"138 230 484";"A01";"2";"7";"0";"2";"3";"13";"1";""
"201900040237";"138 230 485";"B01";"1";"10";"0";"2";"3";"1";"1";""
"201900040238";"138 230 482";"B01";"1";"31";"0";"2";"7";"1";"1";""
"201900040238";"138 230 483";"A01";"2";"7";"0";"2";"1";"15";"1";""
"201900040239";"138 230 481";"A01";"2";"7";"13";"0";"8";"13";"1";""
"201900040240";"138 230 480";"A01";"2";"7";"13";"0";"9";"14";"1";""
"201900040241";"138 230 475";"A01";"2";"1";"0";"2";"1";"15";"5";""
"201900040241";"138 230 476";"B01";"1";"7";"0";"9";"1";"1";"1";""
"201900040241";"138 230 477";"A01";"0";"1";"0";"2";"0";"9";" -1";""
"201900040242";"138 230 473";"A01";"1";"33";"0";"2";"1";"17";"1";""
"201900040242";"138 230 474";"B01";"1";"7";"0";"2";"3";"15";"1";""
"201900040243";"138 230 472";"A01";"1";"31";"6";"0";"1";"0";"0";""
"201900040244";"138 230 467";"A01";"2";"7";"0";"2";"3";"13";"1";""
"201900040244";"138 230 468";"B01";"1";"7";"0";"2";"3";"1";"1";""
"201900040245";"138 230 465";"B01";"2";"1";"0";"2";"0";"2";"5";""
"201900040245";"138 230 466";"A01";"2";"7";"0";"9";"2";"2";"0";""
"201900040246";"138 230 464";"A01";"1";"33";"0";"0";"7";"2";"1";""
"201900040247";"138 230 463";"A01";"3";"7";"8";"0";"3";"0";"6";""
"201900040248";"138 230 461";"B01";"1";"7";"0";"2";"1";"21";"1";""
"201900040248";"138 230 462";"A01";"2";"7";"0";"2";"3";"19";"1";""
"201900040249";"138 230 459";"A01";"2";"7";"0";"2";"1";"11";"1";""
"201900040249";"138 230 460";"B01";"2";"2";"0";"2";"7";"2";"1";""
"201900040250";"138 230 458";"A01";"2";"33";"3";"0";"0";"1";"1";""
"201900040251";"138 230 457";"A01";"3";"2";"0";"1";"1";"1";"1";""
"201900040252";"138 230 455";"B01";"1";"7";"0";"2";"1";"1";"1";""
"201900040252";"138 230 456";"A01";"2";"7";"0";"2";"2";"15";"1";""
"201900040253";"138 230 453";"A01";"3";"1";"0";"2";"2";"16";"5";""
"201900040253";"138 230 454";"B01";"2";"7";"0";"2";"3";"1";"1";""
"201900040254";"138 230 451";"B01";"2";"33";"0";"2";"7";"1";"1";""
"201900040254";"138 230 452";"A01";"2";"33";"0";"2";"8";"17";"1";""
"201900040255";"138 230 449";"B01";"1";"31";"0";"2";"1";"1";"1";""
"201900040255";"138 230 450";"A01";"2";"33";"0";"2";"1";"17";"1";""
"201900040256";"138 230 447";"B01";"3";"7";"0";"0";"8";"2";"1";""
"201900040256";"138 230 448";"A01";"3";"1";"0";"0";"7";"1";"5";""
"201900040257";"138 230 446";"A01";"2";"7";"2";"0";"9";"15";"1";""
"201900040258";"138 230 444";"B01";"2";"33";"0";"2";"8";"1";"1";""
"201900040258";"138 230 445";"A01";"1";"7";"0";"2";"1";"15";"1";""
"201900040259";"138 230 442";"B01";"2";"7";"0";"2";"1";"1";"1";""
"201900040259";"138 230 443";"A01";"1";"7";"0";"2";"1";"0";"1";""
"201900040260";"138 230 441";"A01";"2";"7";"0";"0";"1";"1";"1";""
"201900040261";"138 230 440";"A01";"3";"33";"13";"0";"1";"0";"1";""
"201900040262";"138 230 439";"A01";"2";"33";"0";"6";"8";"21";"1";""
"201900040263";"138 230 437";"B01";"1";"1";"0";"2";"1";"2";"5";""
"201900040263";"138 230 438";"A01";"2";"7";"0";"9";"8";"9";"1";""
"201900040264";"138 230 436";"A01";"2";"7";"6";"0";"1";"1";"1";""
"201900040265";"138 230 435";"A01";"1";"2";"0";"1";"1";"1";"1";""
"201900040266";"138 230 433";"B01";"2";"1";"0";"0";"4";"1";"5";""
"201900040266";"138 230 434";"A01";"2";"7";"0";"2";"2";"17";"1";""
"201900040267";"138 230 432";"A01";"2";"1";"0";"0";"0";"0";"5";""
"201900040268";"138 230 431";"A01";"2";"7";"16";"0";"0";"1";"0";""
"201900040269";"138 230 429";"B01";"2";"33";"0";"2";"3";"1";"1";""
"201900040269";"138 230 430";"A01";"1";"7";"0";"2";"3";"15";"1";""
"201900040270";"138 230 427";"A01";"2";"33";"0";"2";"1";"1";"1";""
"201900040270";"138 230 428";"B01";"1";"7";"0";"2";"2";"2";"1";""
"201900040271";"138 230 424";"B01";"1";"7";"0";"0";"8";"1";"1";""
"201900040271";"138 230 425";"A01";"3";"33";"0";"2";"5";"0";"1";""
"201900040272";"138 230 422";"A01";"1";"15";"1";"0";"5";"1";"1";""
"201900040272";"138 230 423";"B01";"1";"7";"1";"0";"8";"0";"1";""
"201900040273";"138 230 420";"A01";"1";"33";"0";"2";"1";"1";"1";""
"201900040273";"138 230 421";"B01";"0";"7";"0";"2";"6";"15";"0";""
"201900040274";"138 230 419";"A01";"1";"7";"6";"0";"2";"0";"1";""
"201900040275";"138 230 418";"A01";"2";"20";"16";"0";"8";"0";"1";""
"201900040276";"138 230 416";"A01";"1";"7";"0";"2";"2";"13";"1";""
"201900040276";"138 230 417";"B01";"2";"7";"0";"2";"1";"1";"1";""
"201900040277";"138 230 414";"A01";"1";"7";"0";"2";"3";"1";"1";""
"201900040277";"138 230 415";"B01";"2";"7";"0";"2";"3";"17";"1";""
"201900040278";"138 230 413";"A01";"3";"31";"14";"0";"2";"1";"1";""
"201900040279";"138 230 412";"A01";"1";"33";"0";"0";"1";"1";"1";""
"201900040280";"138 230 411";"A01";"1";"30";"0";"0";"7";"1";"1";""
"201900040281";"138 230 410";"A01";"1";"33";"13";"0";"1";"1";"1";""
"201900040282";"138 230 408";"B01";"2";"10";"0";"0";"0";"13";"0";""
"201900040282";"138 230 409";"A01";"1";"7";"2";"0";"1";"1";"0";""
"201900040283";"138 230 406";"A01";"1";"1";"0";"0";"4";"1";"5";""
"201900040283";"138 230 407";"B01";"1";"2";"0";"9";"1";"1";"1";""
"201900040284";"138 230 404";"B01";"2";"7";"0";"2";"3";"1";"1";""
"201900040284";"138 230 405";"A01";"1";"7";"0";"2";"3";"1";"1";""
"201900040285";"138 230 403";"A01";"0";"2";"12";"0";"1";"17";"1";""
"201900040286";"138 230 400";"A01";"2";"7";"0";"2";"1";"15";"1";""
"201900040286";"138 230 401";"B01";"1";"7";"0";"2";"1";"15";"1";""
"201900040286";"138 230 402";"C01";"1";"7";"0";"2";"1";"15";"1";""
"201900040287";"138 230 398";"B01";"1";"7";"0";"2";"3";"15";"1";""
"201900040287";"138 230 399";"A01";"2";"7";"0";"2";"1";"1";"1";""
"201900040288";"138 230 396";"B01";"1";"10";"0";"2";"2";"16";"1";""
"201900040288";"138 230 397";"A01";"1";"7";"0";"2";"1";"17";"1";""
"201900040289";"138 230 394";"B01";"1";"1";"0";"2";"1";"1";"5";""
"201900040289";"138 230 395";"A01";"1";"7";"0";"9";"2";"9";"1";""
"201900040290";"138 230 393";"A01";"2";"2";"2";"0";"1";"1";"1";""
"201900040291";"138 230 391";"A01";"2";"10";"0";"2";"6";"19";"1";""
"201900040291";"138 230 392";"B01";"1";"33";"0";"2";"1";"1";"1";""
"201900040292";"138 230 389";"A01";"1";"33";"0";"2";"1";"13";"1";""
"201900040292";"138 230 390";"B01";"2";"33";"0";"2";"3";"1";"1";""
"201900040293";"138 230 388";"A01";"2";"7";"2";"0";"3";"1";"1";""
"201900040294";"138 230 387";"A01";"1";"7";"13";"0";"2";"1";"1";""
"201900040295";"138 230 385";"B01";"2";"7";"0";"2";"4";"9";"1";""
"201900040295";"138 230 386";"A01";"2";"7";"0";"2";"1";"1";"1";""
"201900040296";"138 230 383";"B01";"2";"1";"0";"2";"1";"1";"5";""
"201900040296";"138 230 384";"A01";"1";"7";"0";"2";"2";"15";"1";""
"201900040297";"138 230 381";"A01";"0";"7";"9";"0";"3";"1";"1";""
"201900040298";"138 230 380";"A01";"2";"7";"0";"1";"3";"1";"1";""
"201900040299";"138 230 379";"A01";"1";"10";"9";"0";"1";"1";"1";""
"201900040300";"138 230 377";"B01";"2";"7";"0";"2";"8";"1";"1";""
"201900040300";"138 230 378";"A01";"1";"31";"0";"2";"8";"13";"1";""
"201900040301";"138 230 375";"B01";"1";"7";"0";"2";"2";"1";"1";""
"201900040301";"138 230 376";"A01";"1";"7";"0";"2";"3";"15";"1";""
"201900040302";"138 230 374";"A01";"2";"1";"0";"0";"0";"1";"5";""
"201900040303";"138 230 372";"A01";"2";"7";"0";"1";"1";"0";"1";""
"201900040304";"138 230 371";"A01";"2";"7";"6";"0";"1";"1";"1";""
"201900040305";"138 230 370";"A01";"2";"7";"4";"0";"1";"0";"1";""
"201900040306";"138 230 368";"B01";"1";"7";"0";"2";"1";"1";"1";""
"201900040306";"138 230 369";"A01";"2";"7";"0";"2";"2";"13";"1";""
"201900040307";"138 230 367";"A01";"1";"7";"4";"0";"2";"1";"1";""
"201900040308";"138 230 363";"A01";"1";"13";"1";"0";"1";"2";"1";""
"201900040308";"138 230 364";"B01";"1";"13";"0";"0";"5";"2";"1";""
"201900040309";"138 230 361";"B01";"0";"7";"0";"2";"1";"1";"1";""
"201900040309";"138 230 362";"A01";"0";"7";"0";"2";"3";"5";"1";""
"201900040310";"138 230 359";"B01";"0";"7";"4";"2";"2";"21";"1";""
"201900040310";"138 230 360";"A01";"0";"7";"8";"0";"6";"4";"1";""
"201900040311";"138 230 358";"A01";"1";"33";"14";"0";"1";"1";"1";""
"201900040312";"138 230 356";"A01";"3";"7";"0";"2";"7";"15";"1";""
"201900040312";"138 230 357";"B01";"3";"33";"0";"2";"1";"1";"1";""
"201900040313";"138 230 355";"A01";"1";"7";"13";"0";"1";"13";"1";""
"201900040314";"138 230 352";"A01";"2";"33";"0";"2";"1";"21";"1";""
"201900040314";"138 230 353";"B01";"3";"7";"0";"0";"6";"19";"1";""
"201900040315";"138 230 348";"D01";"1";"31";"1";"0";"1";"2";"1";""
"201900040315";"138 230 349";"C01";"1";"7";"1";"0";"2";"2";"1";""
"201900040315";"138 230 350";"B01";"1";"7";"1";"0";"2";"2";"1";""
"201900040315";"138 230 351";"A01";"1";"7";"3";"0";"2";"0";"1";""
"201900040316";"138 230 346";"B01";"2";"7";"0";"2";"1";"1";"1";""
"201900040316";"138 230 347";"A01";"2";"7";"6";"2";"4";"11";"1";""
"201900040317";"138 230 344";"B01";"1";"17";"0";"2";"6";"1";"1";""
"201900040317";"138 230 345";"A01";"1";"7";"0";"2";"2";"1";"1";""
"201900040318";"138 230 343";"A01";"1";"7";"0";"0";"9";"17";"1";""
"201900040319";"138 230 341";"A01";"2";"7";"0";"2";"8";"11";"1";""
"201900040319";"138 230 342";"B01";"2";"7";"0";"2";"2";"1";"1";""
"201900040320";"138 230 338";"C01";"2";"7";"0";"9";"2";"1";"1";""
"201900040320";"138 230 339";"B01";"2";"17";"0";"0";"6";"1";"1";""
"201900040320";"138 230 340";"A01";"2";"7";"0";"2";"2";"1";"1";""
"201900040321";"138 230 336";"B01";"1";"17";"0";"0";"6";"2";"6";""
"201900040321";"138 230 337";"A01";"1";"7";"0";"2";"2";"3";"1";""
"201900040322";"138 230 334";"A01";"1";"10";"0";"2";"2";"17";"1";""
"201900040322";"138 230 335";"B01";"2";"7";"0";"2";"1";"1";"1";""
"201900040323";"138 230 333";"A01";"3";"7";"0";"6";"1";"21";"1";""
"201900040324";"138 230 331";"A01";"0";"7";"0";"2";"1";"15";"1";""
"201900040324";"138 230 332";"B01";"0";"2";"0";"2";"0";"1";"1";""
"201900040325";"138 230 329";"B01";"2";"7";"0";"2";"1";"17";"0";""
"201900040325";"138 230 330";"A01";"2";"7";"0";"2";"3";"15";"0";""
"201900040326";"138 230 327";"A01";"1";"7";"0";"2";"1";"1";"6";""
"201900040326";"138 230 328";"B01";"1";"2";"0";"2";"4";"9";"6";""
"201900040327";"138 230 326";"A01";"1";"7";"3";"0";"1";"17";"1";""
"201900040328";"138 230 325";"A01";"2";"7";"17";"0";"3";"1";"1";""
"201900040329";"138 230 323";"B01";"3";"2";"0";"2";"1";"17";"1";""
"201900040329";"138 230 324";"A01";"3";"7";"0";"2";"6";"1";"1";""
"201900040330";"138 230 319";"B01";"1";"7";"0";"2";"3";"15";"1";""
"201900040330";"138 230 320";"A01";"0";"33";"0";"2";"1";"1";"1";""
"201900040331";"138 230 318";"A01";"2";"10";"13";"0";"1";"26";"1";""
"201900040332";"138 230 316";"B01";"2";"33";"0";"2";"3";"13";"1";""
"201900040332";"138 230 317";"A01";"1";"7";"0";"2";"3";"1";"1";""
"201900040333";"138 230 315";"A01";"1";"32";"11";"0";"9";"1";"1";""
"201900040334";"138 230 313";"B01";"1";"7";"0";"2";"1";"1";"1";""
"201900040334";"138 230 314";"A01";"1";"33";"0";"2";"1";"17";"1";""
"201900040335";"138 230 311";"A01";"3";"7";"0";"2";"3";"5";"1";""
"201900040335";"138 230 312";"B01";"3";"7";"0";"2";"8";"5";"1";""
"201900040336";"138 230 309";"A01";"2";"7";"0";"2";"1";"13";"1";""
"201900040336";"138 230 310";"B01";"1";"17";"0";"2";"3";"14";"1";""
"201900040337";"138 230 308";"A01";"1";"7";"0";"1";"2";"1";"1";""
"201900040338";"138 230 305";"C01";"2";"7";"0";"1";"1";"0";"0";""
"201900040338";"138 230 306";"B01";"2";"7";"1";"0";"6";"26";"0";""
"201900040338";"138 230 307";"A01";"2";"7";"1";"0";"1";"1";"0";""
"201900040339";"138 230 304";"A01";"1";"7";"6";"0";"1";"0";"1";""
"201900040340";"138 230 302";"B01";"2";"7";"0";"2";"1";"1";"1";""
"201900040340";"138 230 303";"A01";"1";"7";"0";"2";"1";"15";"1";""
"201900040341";"138 230 300";"A01";"3";"7";"0";"2";"3";"19";"1";""
"201900040341";"138 230 301";"B01";"3";"33";"0";"2";"1";"26";"1";""
"201900040342";"138 230 298";"B01";"2";"7";"0";"2";"1";"1";"1";""
"201900040342";"138 230 299";"A01";"1";"7";"0";"2";"1";"13";"1";""
"201900040343";"138 230 296";"B01";"2";"7";"0";"2";"1";"1";"1";""
"201900040343";"138 230 297";"A01";"1";"32";"0";"2";"1";"5";"1";""
"201900040344";"138 230 294";"B01";"2";"33";"0";"2";"1";"2";"1";""
"201900040344";"138 230 295";"A01";"2";"7";"15";"2";"1";"2";"1";""
"201900040345";"138 230 292";"A01";"3";"7";"0";"2";"2";"2";"1";""
"201900040345";"138 230 293";"B01";"3";"7";"0";"2";"6";"15";"1";""
"201900040346";"138 230 291";"A01";"3";"36";"13";"0";"1";"1";"1";""
"201900040347";"138 230 289";"B01";"1";"7";"0";"2";"3";"1";"1";""
"201900040347";"138 230 290";"A01";"2";"33";"0";"2";"8";"15";"1";""
"201900040348";"138 230 288";"A01";"0";"33";"0";"0";"0";"1";"0";""
"201900040349";"138 230 286";"B01";"2";"7";"0";"2";"1";"1";"1";""
"201900040349";"138 230 287";"A01";"1";"33";"0";"2";"1";"13";"1";""
"201900040350";"138 230 284";"B01";"2";"31";"0";"2";"1";"1";"1";""
"201900040350";"138 230 285";"A01";"1";"7";"0";"2";"5";"15";"1";""
"201900040351";"138 230 283";"A01";"3";"2";"1";"0";"1";"14";"0";""
"201900040352";"138 230 280";"C01";"2";"33";"0";"2";"8";"1";"1";""
"201900040352";"138 230 281";"B01";"1";"99";"0";"0";"4";"1";"0";""
"201900040352";"138 230 282";"A01";"1";"33";"0";"2";"2";"17";"1";""
"201900040353";"138 230 278";"A01";"1";"33";"0";"2";"1";"1";"1";""
"201900040353";"138 230 279";"B01";"2";"99";"0";"2";"5";"11";"1";""
"201900040354";"138 230 277";"A01";"0";"7";"1";"0";"1";"13";"1";""
"201900040355";"138 230 276";"A01";"1";"33";"3";"0";"1";"1";"1";""
"201900040356";"138 230 274";"B01";"1";"7";"0";"0";"3";"1";"1";""
"201900040356";"138 230 275";"A01";"2";"10";"13";"2";"3";"1";"1";""
"201900040357";"138 230 272";"B01";"1";"7";"0";"0";"6";"2";"1";""
"201900040357";"138 230 273";"A01";"1";"7";"0";"2";"2";"2";"1";""
"201900040358";"138 230 269";"A01";"1";"7";"0";"2";"1";"1";"1";""
"201900040358";"138 230 270";"B01";"2";"7";"0";"2";"2";"15";"1";""
"201900040359";"138 230 267";"B01";"1";"7";"0";"2";"1";"1";"1";""
"201900040359";"138 230 268";"A01";"1";"7";"0";"2";"1";"15";"1";""
"201900040360";"138 230 265";"A01";"2";"33";"0";"2";"6";"5";"1";""
"201900040360";"138 230 266";"B01";"1";"7";"0";"2";"8";"1";"1";""
"201900040361";"138 230 263";"B01";"3";"33";"0";"2";"1";"1";"1";""
"201900040361";"138 230 264";"A01";"3";"7";"0";"2";"1";"1";"1";""
"201900040362";"138 230 262";"A01";"2";"7";"2";"0";"8";"1";"1";""
"201900040363";"138 230 261";"A01";"3";"1";"8";"0";"1";"0";"5";""
"201900040364";"138 230 259";"B01";"1";"7";"0";"2";"1";"13";"1";""
"201900040364";"138 230 260";"A01";"2";"7";"0";"0";"3";"1";"1";""
"201900040365";"138 230 257";"A01";"3";"7";"1";"0";"2";"14";"1";""
"201900040365";"138 230 258";"B01";"3";"10";"0";"0";"6";"24";"1";""
"201900040366";"138 230 255";"A01";"2";"33";"0";"2";"1";"1";"1";""
"201900040366";"138 230 256";"B01";"2";"10";"0";"2";"6";"9";"1";""
"201900040367";"138 230 254";"A01";"1";"10";"6";"0";"1";"1";"1";""
"201900040368";"138 230 253";"A01";"1";"31";"12";"0";"1";"6";"1";""
"201900040369";"138 230 252";"A01";"3";"7";"1";"0";"1";"1";"1";""
"201900040370";"138 230 250";"A01";"1";"33";"0";"2";"1";"13";"1";""
"201900040370";"138 230 251";"B01";"2";"7";"0";"2";"3";"1";"1";""
"201900040371";"138 230 247";"A01";"1";"33";"0";"2";"5";"17";"1";""
"201900040371";"138 230 248";"B01";"1";"7";"0";"2";"6";"15";"1";""
"201900040372";"138 230 245";"B01";"2";"10";"0";"2";"1";"1";"1";""
"201900040372";"138 230 246";"A01";"1";"10";"0";"2";"1";"13";"1";""
"201900040373";"138 230 244";"A01";"1";"34";"0";"0";"0";"0";"1";""
"201900040374";"138 230 242";"A01";"2";"10";"6";"2";"4";"2";"1";""
"201900040374";"138 230 243";"B01";"2";"7";"6";"2";"1";"9";"1";""
"201900040375";"138 230 240";"A01";"2";"7";"0";"2";"4";"2";"1";""
"201900040375";"138 230 241";"B01";"2";"7";"0";"2";"1";"2";"1";""
"201900040376";"138 230 238";"B01";"1";"7";"0";"2";"1";"14";"1";""
"201900040376";"138 230 239";"A01";"1";"7";"0";"2";"5";"1";"1";""
"201900040377";"138 230 235";"A01";"1";"7";"0";"2";"4";"2";"1";""
"201900040377";"138 230 236";"B01";"1";"7";"0";"2";"4";"2";"1";""
"201900040377";"138 230 237";"C01";"1";"7";"0";"2";"1";"2";"1";""
"201900040378";"138 230 234";"A01";"2";"34";"0";"0";"2";"0";"1";""
"201900040379";"138 230 233";"A01";"2";"32";"0";"2";"1";"12";"1";""
"201900040380";"138 230 231";"A01";"1";"7";"3";"2";"1";"1";"1";""
"201900040380";"138 230 232";"B01";"1";"7";"0";"2";"6";"1";"1";""
"201900040381";"138 230 229";"B01";"1";"33";"0";"2";"3";"1";"1";""
"201900040381";"138 230 230";"A01";"1";"7";"0";"2";"2";"12";"1";""
"201900040382";"138 230 226";"C01";"1";"10";"0";"2";"3";"2";"1";""
"201900040382";"138 230 227";"B01";"1";"7";"0";"2";"1";"2";"1";""
"201900040382";"138 230 228";"A01";"1";"7";"0";"2";"4";"2";"1";""
"201900040383";"138 230 222";"A01";"1";"7";"0";"2";"4";"23";"1";""
"201900040383";"138 230 223";"B01";"2";"7";"0";"2";"4";"23";"1";""
"201900040383";"138 230 224";"C01";"1";"7";"3";"2";"4";"23";"1";""
"201900040383";"138 230 225";"D01";"1";"7";"0";"2";"1";"2";"1";""
"201900040384";"138 230 220";"A01";"2";"10";"0";"2";"4";"2";"1";""
"201900040384";"138 230 221";"B01";"2";"7";"0";"2";"1";"2";"1";""
"201900040385";"138 230 218";"A01";"1";"7";"0";"2";"8";"1";"1";""
"201900040385";"138 230 219";"B01";"1";"17";"0";"2";"2";"12";"1";""
"201900040386";"138 230 215";"C01";"2";"7";"0";"2";"7";"1";"3";""
"201900040386";"138 230 216";"B01";"2";"7";"3";"2";"4";"2";"1";""
"201900040386";"138 230 217";"A01";"2";"10";"0";"2";"1";"14";"1";""
"201900040387";"138 230 213";"B01";"2";"7";"0";"2";"4";"2";"1";""
"201900040387";"138 230 214";"A01";"2";"7";"0";"2";"1";"1";"1";""
"201900040388";"138 230 211";"A01";"1";"7";"0";"2";"1";"1";"1";""
"201900040388";"138 230 212";"B01";"1";"0";"0";"2";"4";"2";" -1";""
"201900040389";"138 230 209";"B01";"1";"7";"0";"2";"2";"1";"1";""
"201900040389";"138 230 210";"A01";"1";"99";"0";"2";"6";"13";"1";""
"201900040390";"138 230 206";"C01";"1";"10";"0";"2";"4";"23";"1";""
"201900040390";"138 230 207";"B01";"1";"7";"0";"2";"4";"23";"1";""
"201900040390";"138 230 208";"A01";"1";"7";"0";"2";"1";"2";"1";""
"201900040391";"138 230 205";"A01";"1";"7";"4";"0";"8";"13";"1";""
"201900040392";"138 230 203";"A01";"2";"10";"0";"2";"5";"12";"1";""
"201900040392";"138 230 204";"B01";"2";"33";"0";"2";"3";"1";"0";""
"201900040393";"138 230 201";"B01";"2";"7";"0";"2";"5";"2";"1";""
"201900040393";"138 230 202";"A01";"2";"33";"0";"2";"1";"2";"1";""
"201900040394";"138 230 197";"A01";"1";"7";"0";"2";"7";"12";"1";""
"201900040394";"138 230 198";"B01";"1";"43";"0";"2";"1";"3";"1";""
"201900040394";"138 230 199";"C01";"1";"7";"0";"2";"7";"2";"1";""
"201900040394";"138 230 200";"D01";"1";"7";"0";"2";"7";"2";"1";""
"201900040395";"138 230 196";"A01";"2";"7";"0";"2";"9";"9";"1";""