"Num_Acc";"id_vehicule";"num_veh";"senc";"catv";"obs";"obsm";"choc";"manv";"motor";"occutc"
"201900040396";"138 230 194";"A01";"2";"7";"0";"2";"1";"2";"0";""
"201900040396";"138 230 195";"B01";"2";"7";"0";"2";"4";"0";"0";""
"201900040397";"138 230 192";"B01";"2";"33";"0";"2";"2";"3";"1";""
"201900040397";"138 230 193";"A01";"2";"7";"0";"2";"8";"11";"1";""
"201900040398";"138 230 189";"C01";"1";"7";"0";"2";"7";"1";"1";""
"201900040398";"138 230 190";"B01";"1";"7";"0";"2";"5";"1";"1";""
"201900040398";"138 230 191";"A01";"1";"7";"0";"2";"1";"11";"1";""
"201900040399";"138 230 186";"A01";"1";"10";"1";"0";"1";"1";"1";""
"201900040400";"138 230 184";"B01";"1";"10";"0";"2";"1";"1";"0";""
"201900040400";"138 230 185";"A01";"1";"3";"0";"2";"7";"1";"6";""
"201900040401";"138 230 182";"A01";"2";"7";"0";"2";"4";"1";"1";""
"201900040401";"138 230 183";"B01";"2";"10";"0";"2";"1";"2";"1";""
"201900040402";"138 230 178";"A01";"2";"33";"0";"0";"7";"11";"1";""
"201900040403";"138 230 176";"B01";"2";"31";"0";"2";"1";"1";"0";""
"201900040403";"138 230 177";"A01";"2";"7";"0";"2";"3";"26";"0";""
"201900040404";"138 230 174";"B01";"1";"50";"0";"2";"7";"15";"3";""
"201900040404";"138 230 175";"A01";"2";"10";"0";"2";"3";"9";"0";""
"201900040405";"138 230 172";"B01";"3";"7";"0";"2";"4";"1";"1";""
"201900040405";"138 230 173";"A01";"3";"7";"0";"2";"1";"2";"1";""
"201900040406";"138 230 170";"B01";"1";"7";"0";"2";"1";"9";"1";""
"201900040406";"138 230 171";"A01";"1";"7";"7";"2";"8";"9";"1";""
"201900040407";"138 230 169";"A01";"1";"33";"12";"0";"1";"17";"1";""
"201900040408";"138 230 167";"A01";"1";"7";"0";"2";"2";"1";"1";""
"201900040408";"138 230 168";"B01";"1";"7";"0";"2";"1";"1";"1";""
"201900040409";"138 230 165";"B01";"1";"7";"0";"2";"2";"15";"1";""
"201900040409";"138 230 166";"A01";"1";"34";"0";"2";"1";"23";"1";""
"201900040410";"138 230 163";"B01";"1";"31";"0";"2";"2";"26";"1";""
"201900040410";"138 230 164";"A01";"2";"7";"0";"2";"5";"4";"1";""
"201900040411";"138 230 161";"A01";"1";"2";"0";"2";"8";"17";"1";""
"201900040411";"138 230 162";"B01";"1";"7";"0";"2";"3";"19";"1";""
"201900040412";"138 230 160";"A01";"3";"10";"0";"1";"1";"19";"1";""
"201900040413";"138 230 158";"B01";"0";"7";"0";"2";"3";"9";"1";""
"201900040413";"138 230 159";"A01";"0";"30";"0";"2";"1";"1";"1";""
"201900040414";"138 230 157";"A01";"3";"7";"2";"0";"1";"1";"2";""
"201900040415";"138 230 155";"B01";"3";"33";"0";"2";"2";"1";"1";""
"201900040415";"138 230 156";"A01";"3";"7";"0";"2";"2";"15";"1";""
"201900040416";"138 230 153";"A01";"3";"37";"0";"2";"8";"9";"1";"2"
"201900040416";"138 230 154";"B01";"3";"7";"0";"2";"1";"15";"1";""
"201900040417";"138 230 151";"B01";"3";"7";"0";"0";"7";"1";"1";""
"201900040417";"138 230 152";"A01";"3";"7";"0";"2";"1";"1";"1";""
"201900040418";"138 230 149";"B01";"2";"3";"0";"2";"4";"1";"1";""
"201900040418";"138 230 150";"A01";"2";"3";"0";"2";"1";"1";"1";""
"201900040419";"138 230 147";"A01";"1";"37";"0";"2";"2";"1";"1";"1"
"201900040419";"138 230 148";"B01";"0";"1";"0";"2";"3";"19";"5";""
"201900040420";"138 230 144";"A01";"2";"7";"0";"2";"1";"2";"1";""
"201900040420";"138 230 145";"C01";"2";"7";"0";"2";"4";"0";" -1";""
"201900040421";"138 230 143";"A01";"1";"32";"0";"1";"1";"17";"1";""
"201900040422";"138 230 142";"A01";"2";"7";"15";"0";"1";"1";"1";""
"201900040423";"138 230 140";"A01";"0";"33";"0";"2";"1";"17";"1";""
"201900040423";"138 230 141";"B01";"0";"7";"0";"2";"3";"15";"0";""
"201900040424";"138 230 139";"Z01";"2";"7";"0";"1";"1";"1";"0";""
"201900040425";"138 230 136";"C01";"1";"7";"0";"1";"4";"26";"0";""
"201900040425";"138 230 137";"B01";"1";"7";"0";"2";"4";"1";"0";""
"201900040425";"138 230 138";"A01";"1";"7";"14";"2";"1";"1";"0";""
"201900040426";"138 230 134";"A01";"1";"7";"0";"2";"6";"15";"6";""
"201900040426";"138 230 135";"B01";"2";"2";"0";"2";"1";"1";"6";""
"201900040427";"138 230 132";"A01";"2";"7";"0";"2";"1";"1";"1";""
"201900040427";"138 230 133";"B01";"2";"7";"0";"1";"4";"23";"1";""
"201900040428";"138 230 130";"B01";"1";"34";"0";"6";"3";"1";"1";""
"201900040428";"138 230 131";"A01";"2";"60";"0";"2";"1";"15";"5";""
"201900040429";"138 230 124";"A01";"3";"1";"0";"2";"0";"0";"5";""
"201900040429";"138 230 125";"B01";"3";"7";"0";"2";"3";"26";"0";""
"201900040430";"138 230 122";"B01";"3";"1";"0";"2";"2";"0";"5";""
"201900040430";"138 230 123";"A01";"3";"3";"0";"6";"1";"9";"1";""
"201900040431";"138 230 120";"B01";"1";"10";"0";"0";"0";"0";"1";""
"201900040431";"138 230 121";"A01";"2";"32";"0";"2";"6";"17";"1";""
"201900040432";"138 230 118";"B01";"3";"7";"0";"2";"1";"1";"1";""
"201900040432";"138 230 119";"A01";"3";"1";"0";"2";"8";"1";"5";""
"201900040433";"138 230 116";"B01";"3";"33";"0";"2";"1";"1";"1";""
"201900040433";"138 230 117";"A01";"3";"7";"0";"2";"8";"10";"1";""
"201900040434";"138 230 115";"A01";"0";"7";"0";"1";"2";"16";"1";""
"201900040435";"138 230 112";"A01";"1";"7";"0";"2";"1";"2";"1";""
"201900040435";"138 230 113";"B01";"1";"7";"0";"2";"4";"1";"1";""
"201900040436";"138 230 110";"B01";"1";"50";"0";"2";"1";"1";"3";""
"201900040436";"138 230 111";"A01";"1";"7";"0";"6";"3";"16";"1";""
"201900040437";"138 230 109";"A01";"1";"7";"0";"1";"2";"1";"1";""
"201900040438";"138 230 108";"A01";"1";"7";"14";"0";"1";"19";"1";""
"201900040439";"138 230 106";"A01";"1";"33";"0";"2";"2";"21";"1";""
"201900040439";"138 230 107";"B01";"1";"7";"0";"2";"5";"20";"1";""
"201900040440";"138 230 104";"A01";"1";"7";"0";"2";"2";"1";"0";""
"201900040440";"138 230 105";"B01";"1";"7";"0";"2";"1";"0";"0";""
"201900040441";"138 230 103";"A01";"3";"7";"6";"0";"1";"20";"1";""
"201900040442";"138 230 101";"B01";"1";"7";"0";"2";"2";"15";"1";""
"201900040442";"138 230 102";"A01";"2";"33";"0";"2";"1";"18";"1";""
"201900040443";"138 230 100";"A01";"1";"30";"0";"1";"7";"1";"1";""
"201900040444";"138 230 098";"A01";"0";"7";"0";"2";"3";"11";"1";""
"201900040444";"138 230 099";"B01";"0";"32";"0";"2";"7";"1";"1";""
"201900040445";"138 230 095";"B01";"3";"1";"1";"0";"7";"0";"0";""
"201900040445";"138 230 096";"A01";"3";"7";"0";"2";"8";"22";"0";""
"201900040445";"138 230 097";"C01";"3";"1";"0";"2";"9";"0";"0";""
"201900040446";"138 230 094";"A01";"2";"7";"14";"0";"1";"0";"1";""
"201900040447";"138 230 092";"B01";"1";"7";"0";"2";"1";"0";"1";""
"201900040447";"138 230 093";"A01";"2";"7";"13";"2";"2";"13";"1";""
"201900040448";"138 230 091";"A01";"0";"7";"13";"0";"2";"14";"1";""
"201900040449";"138 230 090";"A01";"2";"7";"8";"0";"0";"0";"1";""
"201900040450";"138 230 089";"A01";"1";"7";"13";"0";"1";"1";"1";""
"201900040451";"138 230 088";"A01";"1";"7";"0";"1";"3";"1";"1";""
"201900040452";"138 230 086";"B01";"3";"1";"0";"2";"1";"9";"5";""
"201900040452";"138 230 087";"A01";"3";"7";"0";"2";"6";"1";"1";""
"201900040453";"138 230 084";"A01";"2";"7";"3";"0";"2";"23";"1";""
"201900040453";"138 230 085";"B01";"2";"7";"1";"0";"1";"1";"1";""
"201900040454";"138 230 083";"A01";"1";"7";"0";"1";"3";"1";"1";""
"201900040455";"138 230 079";"B01";"3";"60";"0";"2";"7";"19";"6";""
"201900040455";"138 230 080";"A01";"3";"7";"0";"1";"1";"1";"0";""
"201900040456";"138 230 077";"A01";"1";"33";"0";"2";"1";"1";"1";""
"201900040456";"138 230 078";"B01";"2";"7";"0";"2";"3";"17";"1";""
"201900040457";"138 230 076";"A01";"2";"7";"3";"0";"9";"1";"1";""
"201900040458";"138 230 075";"A01";"0";"7";"0";"0";"0";"0";"1";""
"201900040459";"138 230 074";"A01";"1";"7";"3";"0";"2";"17";"1";""
"201900040460";"138 230 073";"A01";"2";"2";"13";"0";"0";"1";"1";""
"201900040461";"138 230 071";"B01";"3";"33";"0";"2";"1";"17";"1";""
"201900040461";"138 230 072";"A01";"1";"7";"0";"0";"8";"19";"1";""
"201900040462";"138 230 070";"A01";"1";"7";"0";"0";"0";"1";"1";""
"201900040463";"138 230 069";"A01";"0";"2";"0";"0";"0";"1";"1";""
"201900040464";"138 230 067";"A01";"1";"7";"1";"0";"3";"2";"1";""
"201900040465";"138 230 065";"A01";"2";"7";"0";"0";"7";"15";"1";""
"201900040465";"138 230 066";"B01";"1";"2";"0";"2";"1";"1";"1";""
"201900040466";"138 230 063";"B01";"0";"7";"0";"2";"3";"2";"1";""
"201900040466";"138 230 064";"A01";"0";"7";"6";"2";"1";"2";"1";""
"201900040467";"138 230 061";"B01";"3";"7";"0";"2";"1";"13";"1";""
"201900040467";"138 230 062";"A01";"3";"7";"0";"2";"3";"1";"1";""
"201900040468";"138 230 060";"A01";"2";"7";"0";"1";"3";"1";"2";""
"201900040469";"138 230 059";"A01";"2";"7";"8";"0";"1";"13";"1";""
"201900040470";"138 230 057";"A01";"0";"7";"15";"2";"2";"13";"1";""
"201900040470";"138 230 058";"B01";"0";"7";"0";"0";"6";"14";"1";""
"201900040471";"138 230 055";"A01";"2";"33";"0";"2";"1";"26";"1";""
"201900040471";"138 230 056";"B01";"1";"14";"0";"2";"1";"1";"1";""
"201900040472";"138 230 053";"A01";"1";"7";"0";"2";"2";"2";"0";""
"201900040472";"138 230 054";"B01";"1";"7";"0";"2";"3";"10";"0";""
"201900040473";"138 230 050";"C01";"1";"7";"0";"2";"6";"1";"1";""
"201900040473";"138 230 051";"B01";"2";"7";"0";"2";"8";"1";"1";""
"201900040473";"138 230 052";"A01";"1";"7";"0";"2";"8";"17";"1";""
"201900040474";"138 230 048";"A01";"3";"33";"0";"2";"1";"13";"1";""
"201900040474";"138 230 049";"B01";"3";"7";"0";"2";"1";"14";"1";""
"201900040475";"138 230 046";"A01";"1";"2";"0";"2";"1";"1";"1";""
"201900040475";"138 230 047";"B01";"2";"7";"0";"2";"7";"1";"1";""
"201900040476";"138 230 044";"B01";"1";"2";"0";"0";"4";"1";"1";""
"201900040476";"138 230 045";"A01";"1";"7";"0";"2";"1";"1";"0";""
"201900040477";"138 230 043";"A01";"2";"7";"2";"0";"8";"1";"1";""
"201900040478";"138 230 042";"A01";"0";"7";"2";"0";"1";"0";"1";""
"201900040479";"138 230 040";"A01";"2";"7";"0";"2";"3";"19";"0";""
"201900040479";"138 230 041";"B01";"2";"2";"0";"2";"1";"1";"0";""
"201900040480";"138 230 038";"A01";"1";"7";"0";"2";"7";"9";"1";""
"201900040480";"138 230 039";"B01";"2";"7";"0";"2";"3";"1";"1";""
"201900040481";"138 230 036";"A01";"1";"7";"0";"2";"3";"1";"1";""
"201900040481";"138 230 037";"B01";"2";"7";"0";"2";"3";"1";"1";""
"201900040482";"138 230 034";"A01";"1";"7";"0";"2";"1";"19";"1";""
"201900040482";"138 230 035";"B01";"2";"7";"0";"0";"7";"1";"1";""
"201900040483";"138 230 032";"B01";"1";"7";"0";"2";"1";"1";"0";""
"201900040483";"138 230 033";"A01";"1";"1";"0";"2";"3";"0";"5";""
"201900040484";"138 230 028";"A01";"2";"7";"0";"2";"1";"13";"1";""
"201900040484";"138 230 029";"B01";"1";"7";"0";"2";"1";"1";"1";""
"201900040485";"138 230 027";"A01";"2";"7";"17";"0";"1";"13";"1";""
"201900040486";"138 230 026";"A01";"2";"33";"0";"0";"7";"1";"1";""
"201900040487";"138 230 024";"A01";"2";"1";"0";"2";"1";"13";"5";""
"201900040487";"138 230 025";"B01";"1";"15";"0";"0";"8";"1";"1";""
"201900040488";"138 230 023";"A01";"2";"7";"15";"0";"3";"1";"1";""
"201900040489";"138 230 022";"A01";"1";"7";"0";"1";"1";"1";"2";""
"201900040490";"138 230 019";"A01";"1";"10";"0";"2";"3";"1";"1";""
"201900040490";"138 230 020";"B01";"1";"7";"0";"2";"6";"13";"1";""
"201900040490";"138 230 021";"C01";"2";"7";"0";"2";"1";"1";"1";""
"201900040491";"138 230 018";"A01";"1";"7";"13";"0";"1";"1";"1";""
"201900040492";"138 230 017";"A01";"2";"2";"7";"0";"0";"5";"1";""
"201900040493";"138 230 015";"B01";"2";"10";"0";"2";"6";"1";"1";""
"201900040493";"138 230 016";"A01";"2";"33";"0";"2";"2";"1";"1";""
"201900040494";"138 230 014";"A01";"1";"2";"0";"0";"8";"1";"0";""
"201900040495";"138 230 012";"B01";"2";"33";"0";"2";"3";"1";"0";""
"201900040495";"138 230 013";"A01";"2";"7";"0";"2";"2";"15";"0";""
"201900040496";"138 230 010";"A01";"2";"7";"0";"2";"3";"13";"1";""
"201900040496";"138 230 011";"B01";"1";"7";"0";"2";"3";"1";"1";""
"201900040497";"138 230 009";"A01";"2";"7";"2";"0";"2";"14";"1";""
"201900040498";"138 230 007";"A01";"1";"2";"0";"2";"1";"15";"1";""
"201900040498";"138 230 008";"B01";"2";"7";"0";"2";"1";"1";"1";""
"201900040499";"138 230 006";"A01";"1";"7";"0";"0";"9";"1";"1";""
"201900040500";"138 230 004";"B01";"2";"7";"0";"2";"1";"1";"1";""
"201900040500";"138 230 005";"A01";"1";"7";"8";"2";"2";"1";"1";""
"201900040501";"138 230 002";"B01";"1";"7";"0";"2";"3";"26";"0";""
"201900040501";"138 230 003";"A01";"1";"7";"0";"2";"7";"15";"0";""
"201900040502";"138 230 000";"A01";"1";"7";"0";"2";"3";"1";"0";""
"201900040502";"138 230 001";"B01";"2";"7";"0";"2";"3";"1";"0";""
"201900040503";"138 229 999";"A01";"2";"7";"0";"1";"3";"1";"1";""
"201900040504";"138 229 998";"A01";"0";"7";"16";"0";"7";"1";"1";""
"201900040505";"138 229 997";"A01";"3";"7";"8";"0";"1";"1";"1";""
"201900040506";"138 229 995";"B01";"1";"7";"0";"2";"2";"1";"0";""
"201900040506";"138 229 996";"A01";"1";"7";"0";"2";"1";"19";"0";""
"201900040507";"138 229 994";"A01";"1";"7";"0";"0";"1";"17";"1";""
"201900040508";"138 229 993";"A01";"0";"7";"6";"0";"7";"1";"1";""
"201900040509";"138 229 991";"A01";"1";"7";"0";"2";"1";"13";"1";""
"201900040509";"138 229 992";"B01";"2";"7";"0";"2";"1";"1";"1";""
"201900040510";"138 229 990";"A01";"1";"7";"8";"9";"9";"1";"0";""
"201900040511";"138 229 989";"A01";"1";"10";"0";"0";"9";"4";"0";""
"201900040512";"138 229 986";"B01";"0";"33";"0";"2";"1";"1";"0";""
"201900040512";"138 229 987";"A01";"0";"21";"0";"2";"6";"15";"0";""
"201900040513";"138 229 984";"A01";"2";"7";"0";"2";"0";"1";"1";""
"201900040513";"138 229 985";"B01";"1";"7";"0";"9";"3";"1";"1";""
"201900040514";"138 229 983";"A01";"3";"7";"0";"0";"0";"1";"1";""
"201900040515";"138 229 980";"A01";"1";"7";"5";"0";"0";"0";"1";""
"201900040515";"138 229 981";"B01";"2";"7";"0";"2";"2";"21";"1";""
"201900040515";"138 229 982";"C01";"1";"7";"0";"2";"3";"21";"1";""
"201900040516";"138 229 978";"B01";"0";"7";"3";"2";"1";"1";"0";""
"201900040516";"138 229 979";"A01";"0";"7";"0";"2";"1";"0";"0";""
"201900040517";"138 229 976";"A01";"2";"7";"0";"0";"1";"13";"1";""
"201900040517";"138 229 977";"B01";"1";"7";"0";"0";"1";"1";"1";""
"201900040518";"138 229 975";"A01";"3";"7";"2";"0";"1";"5";"1";""
"201900040519";"138 229 974";"A01";"3";"7";"0";"1";"2";"1";"1";""
"201900040520";"138 229 973";"A01";"0";"7";"6";"0";"0";"1";"1";""
"201900040521";"138 229 972";"A01";"2";"33";"2";"0";"1";"13";"1";""
"201900040522";"138 229 971";"A01";"1";"2";"15";"0";"1";"1";"1";""
"201900040523";"138 229 969";"B01";"1";"2";"0";"2";"1";"1";"1";""
"201900040523";"138 229 970";"A01";"3";"7";"0";"2";"3";"9";"1";""
"201900040524";"138 229 968";"A01";"3";"7";"13";"0";"1";"14";"1";""
"201900040525";"138 229 967";"A01";"3";"7";"13";"0";"3";"15";"1";""
"201900040526";"138 229 966";"A01";"0";"7";"13";"0";"0";"1";"1";""
"201900040527";"138 229 964";"A01";"1";"7";"0";"2";"2";"15";"1";""
"201900040527";"138 229 965";"B01";"2";"2";"0";"2";"1";"1";"1";""
"201900040528";"138 229 962";"B01";"1";"7";"0";"0";"4";"0";"1";""
"201900040528";"138 229 963";"A01";"1";"33";"0";"2";"1";"0";"1";""
"201900040529";"138 229 960";"B01";"1";"7";"0";"2";"2";"1";"1";""
"201900040529";"138 229 961";"A01";"1";"7";"0";"2";"1";"19";"1";""
"201900040530";"138 229 959";"A01";"1";"10";"2";"0";"8";"0";"1";""
"201900040531";"138 229 957";"B01";"1";"7";"0";"2";"8";"1";"1";""
"201900040531";"138 229 958";"A01";"2";"1";"0";"2";"3";"1";"5";""
"201900040532";"138 229 956";"A01";"1";"7";"0";"6";"1";"21";"1";""
"201900040533";"138 229 955";"A01";"2";"7";"8";"0";"0";"19";"1";""
"201900040534";"138 229 953";"A01";"2";"7";"0";"2";"1";"15";"1";""
"201900040534";"138 229 954";"B01";"1";"1";"0";"2";"8";"1";"5";""
"201900040535";"138 229 952";"A01";"1";"7";"4";"0";"1";"1";"1";""
"201900040536";"138 229 951";"A01";"1";"32";"13";"0";"1";"13";"1";""
"201900040537";"138 229 949";"A01";"2";"7";"0";"2";"1";"14";"1";""
"201900040537";"138 229 950";"B01";"2";"15";"0";"2";"8";"1";"1";""
"201900040538";"138 229 945";"A01";"1";"7";"0";"2";"1";"13";"1";""
"201900040538";"138 229 946";"B01";"2";"7";"0";"2";"8";"1";"2";""
"201900040538";"138 229 947";"C01";"2";"7";"0";"2";"7";"0";"1";""
"201900040538";"138 229 948";"D01";"2";"7";"3";"2";"1";"0";"1";""
"201900040539";"138 229 942";"C01";"1";"7";"14";"0";"2";"1";"0";""
"201900040539";"138 229 943";"B01";"1";"7";"14";"0";"1";"1";"0";""
"201900040539";"138 229 944";"A01";"1";"7";"3";"0";"0";"1";"0";""
"201900040540";"138 229 939";"C01";"2";"7";"0";"9";"1";"1";"1";""
"201900040540";"138 229 940";"B01";"2";"15";"0";"0";"4";"1";"1";""
"201900040540";"138 229 941";"A01";"2";"7";"0";"2";"1";"2";"1";""
"201900040541";"138 229 936";"C01";"1";"7";"0";"0";"4";"2";"1";""
"201900040541";"138 229 937";"B01";"1";"7";"0";"0";"4";"2";"1";""
"201900040541";"138 229 938";"A01";"1";"7";"0";"2";"1";"2";"1";""
"201900040542";"138 229 934";"A01";"2";"7";"0";"0";"3";"5";"1";""
"201900040542";"138 229 935";"B01";"1";"7";"0";"0";"1";"2";"1";""
"201900040543";"138 229 933";"A01";"1";"7";"0";"1";"2";"2";"1";""
"201900040544";"138 229 932";"A01";"1";"7";"3";"0";"8";"0";"6";""
"201900040545";"138 229 931";"A01";"1";"7";"4";"0";"2";"0";"1";""
"201900040546";"138 229 930";"A01";"2";"7";"3";"0";"1";"1";"1";""
"201900040547";"138 229 929";"A01";"0";"7";"13";"0";"2";"1";"1";""
"201900040548";"138 229 928";"A01";"1";"2";"13";"0";"1";"2";"1";""
"201900040549";"138 229 927";"A01";"1";"7";"6";"0";"1";"1";"1";""
"201900040550";"138 229 923";"A01";"2";"7";"0";"2";"3";"17";"1";""
"201900040550";"138 229 924";"B01";"1";"7";"0";"2";"3";"1";"1";""
"201900040550";"138 229 925";"C01";"2";"7";"0";"2";"8";"1";"1";""
"201900040550";"138 229 926";"D01";"2";"7";"0";"2";"6";"1";"1";""
"201900040551";"138 229 920";"A01";"0";"7";"0";"2";"3";"13";"1";""
"201900040551";"138 229 921";"B01";"0";"7";"0";"2";"3";"1";"2";""
"201900040551";"138 229 922";"C01";"0";"7";"0";"2";"1";"2";"1";""
"201900040552";"138 229 918";"A01";"3";"2";"0";"2";"1";"1";"1";""
"201900040552";"138 229 919";"B01";"3";"7";"0";"0";"8";"1";"1";""
"201900040553";"138 229 917";"A01";"2";"33";"12";"0";"1";"1";"1";""
"201900040554";"138 229 915";"A01";"2";"7";"0";"0";"1";"1";"0";""
"201900040554";"138 229 916";"B01";"1";"7";"0";"0";"1";"1";"0";""
"201900040555";"138 229 913";"B01";"3";"7";"0";"2";"1";"1";"1";""
"201900040555";"138 229 914";"A01";"3";"7";"0";"0";"7";"19";"1";""
"201900040556";"138 229 912";"A01";"1";"33";"7";"0";"1";"0";"1";""
"201900040557";"138 229 910";"B01";"1";"7";"0";"0";"8";"9";"1";""
"201900040557";"138 229 911";"A01";"1";"7";"0";"2";"1";"9";"1";""
"201900040558";"138 229 909";"A01";"1";"33";"13";"0";"1";"1";"0";""
"201900040559";"138 229 907";"A01";"1";"1";"0";"2";"1";"9";"5";""
"201900040559";"138 229 908";"B01";"2";"7";"0";"9";"8";"9";"1";""
"201900040560";"138 229 905";"A01";"0";"7";"0";"2";"3";"9";"0";""
"201900040560";"138 229 906";"B01";"0";"33";"0";"2";"7";"1";"1";""
"201900040561";"138 229 902";"C01";"1";"7";"0";"2";"8";"1";"1";""
"201900040561";"138 229 903";"B01";"1";"7";"0";"2";"3";"1";"1";""
"201900040561";"138 229 904";"A01";"2";"7";"0";"2";"3";"1";"1";""
"201900040562";"138 229 901";"A01";"1";"33";"4";"0";"4";"1";"1";""
"201900040563";"138 229 898";"A01";"1";"33";"0";"2";"7";"1";"1";""
"201900040563";"138 229 899";"B01";"1";"7";"0";"2";"3";"9";"1";""
"201900040563";"138 229 900";"C01";"2";"7";"0";"2";"1";"5";"1";""
"201900040564";"138 229 897";"A01";"3";"7";"0";"1";"3";"2";"1";""
"201900040565";"138 229 896";"A01";"1";"10";"0";"1";"1";"1";"1";""
"201900040566";"138 229 895";"A01";"1";"7";"13";"0";"7";"1";"0";""
"201900040567";"138 229 894";"A01";"1";"7";"0";"1";"2";"1";"0";""
"201900040568";"138 229 893";"A01";"3";"7";"0";"1";"2";"1";"1";""
"201900040569";"138 229 892";"A01";"1";"7";"13";"0";"1";"1";"1";""
"201900040570";"138 229 891";"A01";"2";"33";"0";"0";"8";"14";"0";""
"201900040571";"138 229 888";"C01";"1";"7";"0";"2";"1";"1";"1";""
"201900040571";"138 229 889";"B01";"1";"7";"0";"2";"1";"2";"1";""
"201900040571";"138 229 890";"A01";"2";"10";"0";"0";"1";"13";"1";""
"201900040572";"138 229 887";"A01";"1";"7";"0";"1";"1";"1";"1";""
"201900040573";"138 229 885";"B01";"2";"7";"0";"5";"1";"1";"1";""
"201900040573";"138 229 886";"A01";"0";"10";"0";"5";"1";"1";"0";""
"201900040574";"138 229 883";"B01";"1";"7";"0";"2";"2";"1";"1";""
"201900040574";"138 229 884";"A01";"1";"7";"0";"2";"1";"1";"1";""
"201900040575";"138 229 881";"B01";"1";"2";"0";"2";"7";"1";"1";""
"201900040575";"138 229 882";"A01";"1";"7";"0";"2";"3";"9";"1";""
"201900040576";"138 229 879";"B01";"0";"31";"0";"2";"7";"17";"1";""
"201900040576";"138 229 880";"A01";"3";"7";"7";"2";"3";"15";"1";""
"201900040577";"138 229 878";"A01";"2";"10";"8";"0";"7";"1";"1";""
"201900040578";"138 229 877";"A01";"1";"7";"2";"0";"3";"1";"1";""
"201900040579";"138 229 875";"A01";"2";"7";"13";"2";"2";"15";"1";""
"201900040579";"138 229 876";"B01";"2";"7";"0";"2";"3";"9";"1";""
"201900040580";"138 229 873";"A01";"3";"7";"0";"2";"1";"1";"1";""
"201900040580";"138 229 874";"B01";"3";"7";"0";"2";"1";"1";"1";""
"201900040581";"138 229 871";"A01";"1";"10";"0";"2";"8";"19";"1";""
"201900040581";"138 229 872";"B01";"1";"10";"0";"2";"1";"1";"1";""
"201900040582";"138 229 869";"B01";"3";"2";"0";"2";"8";"1";"1";""
"201900040582";"138 229 870";"A01";"3";"7";"0";"2";"3";"1";"1";""
"201900040583";"138 229 866";"C01";"2";"7";"5";"2";"3";"1";"1";""
"201900040583";"138 229 867";"B01";"2";"7";"0";"2";"3";"1";"1";""
"201900040583";"138 229 868";"A01";"1";"7";"0";"2";"0";"13";"1";""
"201900040584";"138 229 863";"A01";"1";"7";"0";"2";"6";"23";"1";""
"201900040584";"138 229 864";"B01";"1";"7";"1";"2";"2";"17";"1";""
"201900040584";"138 229 865";"C01";"2";"7";"0";"2";"3";"1";"1";""
"201900040585";"138 229 862";"A01";"0";"7";"0";"1";"1";"1";"1";""
"201900040586";"138 229 861";"A01";"1";"7";"0";"1";"1";"1";"1";""
"201900040587";"138 229 859";"A01";"0";"1";"0";"2";"2";"2";"6";""
"201900040587";"138 229 860";"B01";"3";"7";"0";"1";"2";"2";"1";""
"201900040588";"138 229 858";"A01";"1";"7";"0";"1";"2";"1";"1";""
"201900040589";"138 229 855";"C01";"2";"7";"0";"2";"4";"2";"1";""
"201900040589";"138 229 856";"B01";"2";"7";"0";"2";"1";"2";"1";""
"201900040589";"138 229 857";"A01";"2";"7";"0";"2";"1";"2";"1";""
"201900040590";"138 229 854";"A01";"1";"7";"2";"0";"0";"1";"1";""
"201900040591";"138 229 850";"B01";"1";"7";"0";"2";"3";"1";"1";""
"201900040591";"138 229 851";"A01";"2";"7";"0";"2";"3";"1";"1";""
"201900040592";"138 229 848";"A01";"2";"7";"0";"2";"8";"10";"0";""
"201900040592";"138 229 849";"B01";"1";"7";"0";"2";"2";"1";"0";""
"201900040593";"138 229 847";"A01";"2";"7";"0";"1";"1";"1";"1";""
"201900040594";"138 229 844";"A01";"2";"7";"13";"2";"3";"13";"1";""
"201900040594";"138 229 845";"B01";"1";"7";"0";"2";"3";"1";"1";""
"201900040594";"138 229 846";"C01";"2";"7";"0";"9";"1";"1";"1";""
"201900040595";"138 229 842";"A01";"1";"7";"0";"2";"3";"1";"6";""
"201900040595";"138 229 843";"B01";"2";"7";"0";"2";"3";"1";"0";""
"201900040596";"138 229 840";"A01";"2";"1";"0";"2";"8";"13";"5";""
"201900040596";"138 229 841";"B01";"1";"7";"0";"2";"8";"1";"1";""
"201900040597";"138 229 839";"A01";"1";"7";"13";"0";"1";"13";"1";""
"201900040598";"138 229 837";"B01";"1";"1";"0";"2";"7";"1";"5";""
"201900040598";"138 229 838";"A01";"1";"7";"0";"2";"1";"9";"1";""
"201900040599";"138 229 835";"A01";"1";"2";"0";"0";"4";"2";"1";""
"201900040599";"138 229 836";"B01";"1";"7";"0";"2";"2";"2";"1";""
"201900040600";"138 229 833";"A01";"3";"7";"13";"0";"7";"0";"1";""
"201900040600";"138 229 834";"B01";"3";"7";"13";"2";"1";"0";"1";""
"201900040601";"138 229 831";"B01";"2";"33";"0";"2";"1";"21";"1";""
"201900040601";"138 229 832";"A01";"1";"7";"0";"2";"8";"15";"1";""
"201900040602";"138 229 829";"B01";"1";"10";"0";"0";"4";"1";"1";""
"201900040602";"138 229 830";"A01";"1";"7";"0";"2";"1";"1";"1";""
"201900040603";"138 229 828";"A01";"2";"2";"0";"6";"1";"1";"1";""