"Num_Acc";"id_vehicule";"num_veh";"senc";"catv";"obs";"obsm";"choc";"manv";"motor";"occutc"
"201900040797";"138 229 444";"A01";"1";"30";"0";"1";"1";"2";"3";""
"201900040798";"138 229 443";"A01";"2";"7";"0";"1";"3";"1";"1";""
"201900040799";"138 229 441";"A01";"1";"7";"0";"2";"3";"1";"1";""
"201900040799";"138 229 442";"B01";"1";"32";"0";"2";"1";"1";"1";""
"201900040800";"138 229 437";"A01";"1";"7";"1";"1";"1";"1";"1";""
"201900040800";"138 229 438";"B01";"2";"7";"0";"2";"2";"0";"1";""
"201900040801";"138 229 436";"A01";"3";"30";"0";"1";"1";"1";"1";""
"201900040802";"138 229 435";"A01";"3";"7";"12";"0";"3";"15";"1";""
"201900040803";"138 229 434";"A01";"3";"7";"8";"0";"1";"26";"6";""
"201900040804";"138 229 432";"B01";"3";"7";"0";"2";"8";"1";"1";""
"201900040804";"138 229 433";"A01";"3";"7";"0";"2";"1";"1";"1";""
"201900040805";"138 229 430";"B01";"0";"30";"14";"0";"1";"1";"0";""
"201900040805";"138 229 431";"A01";"3";"10";"0";"2";"4";"23";"0";""
"201900040806";"138 229 429";"A01";"1";"7";"0";"0";"1";"1";"1";""
"201900040807";"138 229 427";"A01";"1";"30";"0";"2";"1";"1";"1";""
"201900040807";"138 229 428";"B01";"1";"7";"0";"2";"4";"20";"3";""
"201900040808";"138 229 426";"A01";"2";"2";"0";"0";"0";"16";"1";""
"201900040809";"138 229 423";"C01";"1";"7";"0";"2";"2";"1";"1";""
"201900040809";"138 229 424";"B01";"1";"7";"0";"2";"2";"15";"1";""
"201900040809";"138 229 425";"A01";"2";"33";"0";"2";"1";"1";"1";""
"201900040810";"138 229 420";"A01";"1";"7";"0";"2";"2";"13";"2";""
"201900040810";"138 229 421";"B01";"1";"15";"0";"2";"2";"21";"1";""
"201900040810";"138 229 422";"C01";"2";"7";"0";"2";"7";"21";"1";""
"201900040811";"138 229 419";"A01";"2";"7";"3";"0";"9";"1";"1";""
"201900040812";"138 229 418";"A01";"2";"32";"0";"0";"8";"1";"1";""
"201900040813";"138 229 417";"A01";"1";"7";"0";"1";"1";"1";"6";""
"201900040814";"138 229 416";"A01";"3";"7";"0";"0";"8";"1";"1";""
"201900040815";"138 229 415";"A01";"1";"7";"13";"0";"2";"1";"1";""
"201900040816";"138 229 414";"A01";"1";"7";"0";"1";"3";"1";"1";""
"201900040817";"138 229 413";"A01";"2";"7";"13";"0";"9";"0";"1";""
"201900040818";"138 229 411";"A01";"3";"7";"0";"2";"3";"9";"1";""
"201900040818";"138 229 412";"B01";"1";"10";"0";"2";"1";"1";"1";""
"201900040819";"138 229 409";"A01";"1";"7";"0";"2";"1";"1";"0";""
"201900040819";"138 229 410";"B01";"2";"7";"0";"2";"1";"1";"1";""
"201900040820";"138 229 408";"A01";"1";"7";"2";"0";"0";"18";"1";""
"201900040821";"138 229 406";"B01";"2";"7";"13";"2";"3";"1";"1";""
"201900040821";"138 229 407";"A01";"1";"7";"0";"2";"3";"13";"1";""
"201900040822";"138 229 405";"A01";"2";"7";"0";"1";"3";"1";"1";""
"201900040823";"138 229 403";"B01";"1";"1";"0";"4";"6";"26";"5";""
"201900040823";"138 229 404";"A01";"3";"39";"0";"2";"3";"1";"0";""
"201900040824";"138 229 402";"A01";"1";"7";"0";"1";"2";"1";"1";""
"201900040825";"138 229 401";"A01";"2";"7";"8";"0";"1";"1";"1";""
"201900040826";"138 229 400";"A01";"3";"36";"0";"0";"3";"16";"1";""
"201900040827";"138 229 398";"B01";"1";"2";"0";"2";"1";"26";"3";""
"201900040827";"138 229 399";"A01";"1";"7";"0";"2";"3";"10";"1";""
"201900040828";"138 229 397";"A01";"2";"17";"3";"0";"9";"1";"1";""
"201900040829";"138 229 396";"A01";"2";"2";"0";"9";"1";"1";"1";""
"201900040830";"138 229 395";"A01";"0";"33";"16";"0";"3";"1";"1";""
"201900040831";"138 229 393";"A01";"1";"7";"0";"0";"2";"5";"1";""
"201900040831";"138 229 394";"B01";"2";"7";"0";"0";"2";"1";"1";""
"201900040832";"138 229 391";"B01";"1";"7";"0";"2";"3";"13";"1";""
"201900040832";"138 229 392";"A01";"2";"10";"0";"2";"3";"1";"1";""
"201900040833";"138 229 390";"A01";"1";"10";"9";"0";"7";"2";"1";""
"201900040834";"138 229 388";"A01";"2";"7";"0";"2";"1";"2";"1";""
"201900040834";"138 229 389";"B01";"2";"13";"0";"0";"4";"2";"0";""
"201900040835";"138 229 387";"A01";"1";"2";"0";"0";"7";"14";"1";""
"201900040836";"138 229 385";"A01";"2";"17";"0";"2";"1";"1";"1";""
"201900040836";"138 229 386";"B01";"2";"17";"0";"0";"4";"1";"1";""
"201900040837";"138 229 383";"A01";"0";"7";"0";"0";"3";"15";"1";""
"201900040837";"138 229 384";"B01";"2";"2";"0";"2";"1";"2";"1";""
"201900040838";"138 229 381";"A01";"2";"10";"0";"2";"1";"12";"1";""
"201900040838";"138 229 382";"B01";"2";"7";"0";"2";"4";"2";"1";""
"201900040839";"138 229 380";"A01";"3";"7";"0";"1";"2";"9";"1";""
"201900040840";"138 229 378";"B01";"1";"13";"0";"2";"3";"1";"1";""
"201900040840";"138 229 379";"A01";"2";"7";"0";"2";"1";"13";"1";""
"201900040841";"138 229 376";"A01";"3";"7";"0";"2";"5";"1";"1";""
"201900040841";"138 229 377";"B01";"2";"10";"0";"2";"2";"1";"0";""
"201900040842";"138 229 374";"B01";"3";"7";"6";"2";"2";"23";"1";""
"201900040842";"138 229 375";"A01";"2";"7";"12";"2";"3";"13";"1";""
"201900040843";"138 229 372";"A01";"1";"7";"0";"9";"2";"17";"1";""
"201900040843";"138 229 373";"B01";"1";"1";"0";"0";"8";"1";"5";""
"201900040844";"138 229 371";"A01";"1";"7";"0";"1";"7";"1";"1";""
"201900040845";"138 229 370";"A01";"1";"7";"0";"1";"2";"2";"1";""
"201900040846";"138 229 369";"A01";"1";"33";"0";"0";"0";"21";"1";""
"201900040847";"138 229 368";"A01";"0";"7";"2";"0";"2";"1";"1";""
"201900040848";"138 229 367";"A01";"3";"1";"0";"0";"1";"1";"5";""
"201900040849";"138 229 365";"A01";"3";"7";"0";"2";"3";"13";"1";""
"201900040849";"138 229 366";"B01";"3";"7";"0";"2";"3";"1";"1";""
"201900040850";"138 229 363";"B01";"0";"2";"0";"2";"1";"0";"1";""
"201900040850";"138 229 364";"A01";"3";"7";"13";"2";"2";"0";"1";""
"201900040851";"138 229 361";"A01";"2";"15";"0";"2";"3";"1";"0";""
"201900040851";"138 229 362";"B01";"1";"7";"0";"2";"3";"13";"0";""
"201900040852";"138 229 360";"A01";"2";"7";"4";"0";"3";"1";"1";""
"201900040853";"138 229 358";"A01";"1";"7";"0";"2";"2";"1";"1";""
"201900040853";"138 229 359";"B01";"1";"7";"0";"2";"1";"1";"1";""
"201900040854";"138 229 356";"B01";"2";"10";"0";"2";"4";"2";"1";""
"201900040854";"138 229 357";"A01";"2";"7";"0";"2";"1";"2";"1";""
"201900040855";"138 229 354";"A01";"1";"7";"0";"2";"4";"23";"1";""
"201900040855";"138 229 355";"B01";"1";"32";"0";"2";"1";"1";"1";""
"201900040856";"138 229 352";"B01";"1";"17";"0";"2";"7";"1";"1";""
"201900040856";"138 229 353";"A01";"1";"31";"0";"2";"8";"9";"1";""
"201900040857";"138 229 350";"Z01";"1";"14";"0";"2";"7";"0";"1";""
"201900040857";"138 229 351";"A01";"1";"7";"0";"2";"3";"9";"1";""
"201900040858";"138 229 347";"A01";"2";"7";"4";"0";"7";"1";"1";""
"201900040859";"138 229 342";"A01";"1";"7";"0";"2";"4";"1";"1";""
"201900040859";"138 229 343";"B01";"1";"7";"0";"2";"1";"1";"1";""
"201900040859";"138 229 344";"C01";"1";"7";"0";"1";"8";"1";"1";""
"201900040859";"138 229 345";"D01";"1";"31";"0";"2";"0";"3";"1";""
"201900040859";"138 229 346";"E01";"1";"7";"0";"6";"0";"0";"1";""
"201900040860";"138 229 332";"A01";"2";"7";"0";"2";"2";"12";"1";""
"201900040860";"138 229 333";"B01";"2";"33";"0";"2";"8";"2";"1";""
"201900040861";"138 229 330";"B01";"1";"7";"0";"2";"6";"0";"1";""
"201900040861";"138 229 331";"A01";"1";"34";"0";"2";"7";"0";"1";""
"201900040862";"138 229 327";"C01";"2";"7";"0";"2";"6";"1";"1";""
"201900040862";"138 229 328";"B01";"2";"34";"0";"2";"3";"3";"1";""
"201900040862";"138 229 329";"A01";"2";"7";"0";"2";"2";"12";"1";""
"201900040863";"138 229 326";"A01";"1";"7";"4";"0";"1";"13";"1";""
"201900040864";"138 229 324";"B01";"1";"7";"0";"2";"4";"2";"1";""
"201900040864";"138 229 325";"A01";"1";"15";"0";"2";"1";"2";"1";""
"201900040865";"138 229 323";"A01";"2";"7";"4";"0";"1";"1";"1";""
"201900040866";"138 229 320";"A01";"1";"7";"0";"2";"1";"1";"1";""
"201900040866";"138 229 321";"B01";"1";"10";"0";"2";"4";"1";"1";""
"201900040866";"138 229 322";"C01";"1";"7";"0";"2";"2";"13";"1";""
"201900040867";"138 229 318";"A01";"3";"7";"0";"1";"8";"1";"1";""
"201900040868";"138 229 312";"A01";"2";"7";"0";"1";"1";"1";"0";""
"201900040869";"138 229 308";"B01";"1";"7";"0";"2";"7";"17";"1";""
"201900040869";"138 229 309";"A01";"1";"7";"0";"2";"1";"15";"1";""
"201900040870";"138 229 306";"B01";"1";"7";"0";"2";"8";"20";"1";""
"201900040870";"138 229 307";"A01";"1";"1";"0";"2";"1";"2";"5";""
"201900040871";"138 229 305";"A01";"1";"7";"0";"1";"0";"15";"0";""
"201900040872";"138 229 303";"A01";"2";"7";"0";"2";"1";"1";"1";""
"201900040872";"138 229 304";"B01";"1";"7";"0";"2";"3";"15";"1";""
"201900040873";"138 229 302";"A01";"1";"7";"7";"0";"1";"14";"1";""
"201900040874";"138 229 300";"B01";"3";"10";"0";"2";"2";"13";"1";""
"201900040874";"138 229 301";"A01";"1";"7";"0";"2";"2";"1";"1";""
"201900040875";"138 229 294";"B01";"1";"99";"0";"2";"1";"1";"2";""
"201900040875";"138 229 295";"A01";"1";"7";"0";"2";"0";"0";"0";""
"201900040876";"138 229 292";"A01";"1";"7";"0";"2";"1";"15";"1";""
"201900040876";"138 229 293";"B01";"2";"33";"0";"2";"8";"1";"1";""
"201900040877";"138 229 291";"A01";"2";"30";"0";"0";"0";"21";"1";""
"201900040878";"138 229 288";"B01";"1";"1";"1";"0";"1";"1";"0";""
"201900040879";"138 229 286";"B01";"1";"7";"0";"2";"7";"11";"0";""
"201900040879";"138 229 287";"A01";"1";"7";"0";"2";"3";"15";"1";""
"201900040880";"138 229 285";"A01";"3";"7";"0";"1";"1";"1";"1";""
"201900040881";"138 229 284";"A01";"1";"7";"0";"1";"5";"20";"0";""
"201900040882";"138 229 282";"A01";"3";"7";"0";"2";"8";"13";"1";""
"201900040882";"138 229 283";"B01";"3";"2";"0";"2";"2";"17";"1";""
"201900040883";"138 229 280";"B01";"1";"7";"0";"2";"5";"16";"1";""
"201900040883";"138 229 281";"A01";"2";"33";"0";"2";"1";"7";"1";""
"201900040884";"138 229 277";"C01";"3";"7";"0";"2";"4";"15";"1";""
"201900040884";"138 229 278";"B01";"3";"7";"0";"2";"4";"2";"1";""
"201900040884";"138 229 279";"A01";"3";"7";"0";"2";"1";"9";"1";""
"201900040885";"138 229 271";"A01";"2";"30";"0";"0";"7";"1";"0";""
"201900040886";"138 229 269";"A01";"1";"7";"0";"2";"7";"0";"1";""
"201900040886";"138 229 270";"B01";"1";"32";"0";"2";"2";"0";"1";""
"201900040887";"138 229 268";"A01";"2";"0";"0";"1";"3";"1";"0";""
"201900040888";"138 229 265";"B01";"1";"2";"0";"2";"1";"1";"1";""
"201900040888";"138 229 266";"A01";"2";"7";"0";"2";"1";"15";"1";""
"201900040889";"138 229 264";"Z01";"1";"7";"0";"1";"2";"1";"1";""
"201900040890";"138 229 261";"A01";"0";"0";"0";" -1";" -1";" -1";" -1";""
"201900040890";"138 229 262";"A01";"1";"1";"0";"2";"1";"9";"5";""
"201900040890";"138 229 263";"B01";"1";"7";"0";"2";"2";"1";"1";""
"201900040891";"138 229 254";"A01";"0";"7";"0";"2";"1";"1";"1";""
"201900040891";"138 229 255";"B01";"0";"7";"0";"2";"4";"1";"1";""
"201900040892";"138 229 253";"A01";"0";"10";"0";"1";"4";"20";"1";""
"201900040893";"138 229 251";"B01";"0";"7";"0";"2";"2";"1";"1";""
"201900040893";"138 229 252";"A01";"0";"7";"0";"2";"1";"20";"1";""
"201900040894";"138 229 249";"B01";"0";"2";"0";"2";"1";"1";"1";""
"201900040894";"138 229 250";"A01";"0";"7";"0";"2";"2";"15";"1";""
"201900040895";"138 229 245";"B01";"1";"33";"0";"2";"1";"1";"1";""
"201900040895";"138 229 246";"A01";"2";"7";"0";"2";"8";"15";"1";""
"201900040896";"138 229 243";"A01";"2";"7";"0";"2";"2";"15";"1";""
"201900040896";"138 229 244";"B01";"1";"33";"0";"2";"1";"1";"1";""
"201900040897";"138 229 242";"A01";"3";"7";"1";"1";"8";"1";"0";""
"201900040898";"138 229 240";"A01";"2";"7";"0";"2";"3";"13";"1";""
"201900040898";"138 229 241";"B01";"2";"7";"0";"2";"2";"1";"1";""
"201900040899";"138 229 238";"A01";"0";"7";"0";"2";"3";"15";"1";""
"201900040899";"138 229 239";"B01";"0";"7";"0";"2";"3";"1";"1";""
"201900040900";"138 229 235";"A01";"0";"32";"0";"0";"0";"1";"1";""
"201900040901";"138 229 233";"B01";"2";"7";"0";"2";"4";"23";"1";""
"201900040901";"138 229 234";"A01";"2";"10";"0";"2";"1";"2";"1";""
"201900040902";"138 229 231";"B01";"2";"80";"0";"2";"1";"1";"5";""
"201900040902";"138 229 232";"A01";"2";"7";"0";"2";"3";"9";"1";""
"201900040903";"138 229 228";"A01";"1";"33";"0";"2";"1";"17";"1";""
"201900040903";"138 229 229";"B01";"2";"7";"0";"2";"3";"15";"1";""
"201900040903";"138 229 230";"C01";"1";"7";"0";"0";"0";"23";"1";""
"201900040904";"138 229 227";"A01";"2";"80";"0";"1";"1";"1";"3";""
"201900040905";"138 229 223";"A01";"0";"14";"0";"2";"0";"0";"1";""
"201900040905";"138 229 224";"B01";"1";"1";"0";"2";"0";"0";"5";""
"201900040906";"138 229 222";"A01";"1";"30";"0";"5";"8";"14";"1";""
"201900040907";"138 229 221";"A01";"1";"7";"0";"1";"2";"1";"1";""
"201900040908";"138 229 219";"A01";"1";"7";"0";"2";"1";"13";"1";""
"201900040908";"138 229 220";"B01";"2";"7";"0";"2";"3";"1";"1";""
"201900040909";"138 229 218";"A01";"1";"7";"0";"0";"9";"14";"1";""
"201900040910";"138 229 217";"A01";"1";"7";"0";"1";"8";"2";"1";""
"201900040911";"138 229 216";"A01";"2";"7";"1";"0";"1";"19";"1";""
"201900040912";"138 229 214";"A01";"2";"30";"14";"0";"8";"1";"1";""
"201900040912";"138 229 215";"B01";"2";"7";"0";"0";"0";"0";"1";""
"201900040913";"138 229 213";"A01";"2";"7";"0";"0";"9";"1";"1";""
"201900040914";"138 229 211";"B01";"2";"80";"0";"2";"1";"1";"3";""
"201900040914";"138 229 212";"A01";"1";"7";"0";"6";"3";"9";"1";""
"201900040915";"138 229 210";"A01";"0";"7";"0";"6";"0";"22";"1";""
"201900040916";"138 229 208";"B01";"1";"7";"0";"2";"4";"26";"1";""
"201900040916";"138 229 209";"A01";"1";"33";"0";"2";"1";"1";"1";""
"201900040917";"138 229 207";"A01";"3";"10";"0";"1";"1";"1";"1";""
"201900040918";"138 229 206";"A01";"1";"33";"2";"0";"1";"1";"1";""
"201900040919";"138 229 202";"A01";"1";"7";"0";"2";"1";"1";"1";""
"201900040919";"138 229 203";"B01";"1";"10";"0";"2";"4";"1";"1";""
"201900040919";"138 229 204";"C01";"1";"7";"0";"2";"1";"1";"1";""
"201900040919";"138 229 205";"D01";"1";"10";"0";"2";"4";"1";"1";""
"201900040920";"138 229 200";"B01";"1";"7";"0";"2";"3";"11";"1";""
"201900040920";"138 229 201";"A01";"1";"40";"0";"2";"2";"11";"1";""
"201900040921";"138 229 199";"A01";"1";"7";"0";"1";"0";"26";"0";""
"201900040922";"138 229 197";"A01";"1";"33";"0";"2";"2";"17";"0";""
"201900040922";"138 229 198";"B01";"1";"7";"0";"2";"3";"10";"0";""
"201900040923";"138 229 195";"A01";"1";"7";"0";"2";"1";"1";"1";""
"201900040923";"138 229 196";"B01";"1";"33";"0";"2";"4";"23";"1";""
"201900040924";"138 229 193";"B01";"1";"7";"0";"2";"0";"0";"0";""
"201900040924";"138 229 194";"A01";"1";"7";"0";"2";"3";"26";"0";""
"201900040925";"138 229 192";"A01";"2";"10";"0";"1";"1";"1";"1";""
"201900040926";"138 229 191";"A01";"1";"7";"0";"0";"2";"26";"1";""
"201900040927";"138 229 189";"B01";"2";"30";"0";"2";"1";"1";"0";""
"201900040927";"138 229 190";"A01";"1";"7";"0";"2";"3";"1";"0";""
"201900040928";"138 229 188";"A01";"1";"7";"3";"0";"1";"1";"1";""
"201900040929";"138 229 187";"A01";"1";"0";"2";"0";"1";"1";"1";""
"201900040930";"138 229 185";"B01";"0";"40";"0";"2";"1";"0";"3";""
"201900040930";"138 229 186";"A01";"0";"7";"0";"4";"1";"19";"1";""
"201900040931";"138 229 184";"A01";"1";"7";"0";"1";"1";"16";"1";""
"201900040932";"138 229 182";"A01";"2";"30";"0";"2";"1";"13";"1";""
"201900040932";"138 229 183";"B01";"2";"7";"0";"2";"3";"1";"1";""
"201900040933";"138 229 181";"A01";"1";"7";"0";"1";"2";"1";"1";""
"201900040934";"138 229 179";"A01";"0";"7";"0";"6";"2";"15";"1";""
"201900040934";"138 229 180";"B01";"2";"33";"0";"2";"1";"1";"1";""
"201900040935";"138 229 176";"C01";"1";"7";"0";"2";"4";"2";"0";""
"201900040935";"138 229 177";"B01";"1";"7";"0";"2";"1";"2";"1";""
"201900040935";"138 229 178";"A01";"1";"7";"0";"2";"1";"2";"1";""
"201900040936";"138 229 174";"A01";"3";"7";"0";"2";"1";"16";"0";""
"201900040936";"138 229 175";"B01";"3";"1";"0";"2";"1";"26";"0";""
"201900040937";"138 229 172";"B01";"1";"7";"12";"2";"5";"1";"1";""
"201900040937";"138 229 173";"A01";"3";"7";"0";"2";"1";"9";"1";""
"201900040938";"138 229 170";"A01";"1";"30";"11";"0";"1";"1";"1";""
"201900040939";"138 229 169";"A01";"3";"7";"0";"1";"3";"1";"1";""
"201900040940";"138 229 168";"A01";"1";"31";"0";"0";"3";"1";"1";""
"201900040941";"138 229 165";"C01";"2";"7";"0";"2";"4";"2";"1";""
"201900040941";"138 229 166";"B01";"2";"7";"0";"2";"4";"2";"1";""
"201900040941";"138 229 167";"A01";"2";"7";"0";"2";"1";"2";"1";""
"201900040942";"138 229 163";"A01";"0";"7";"0";"2";"4";"16";"0";""
"201900040942";"138 229 164";"B01";"3";"14";"0";"2";"1";"1";"0";""
"201900040943";"138 229 162";"A01";"1";"7";"0";"1";"3";"15";"0";""
"201900040944";"138 229 160";"A01";"2";"7";"0";"2";"3";"0";"1";""
"201900040944";"138 229 161";"B01";"2";"32";"0";"2";"1";"0";"1";""
"201900040945";"138 229 159";"A01";"3";"3";"1";"0";"2";"1";"1";""
"201900040946";"138 229 157";"A01";"1";"7";"0";"2";"4";"15";"1";""
"201900040946";"138 229 158";"B01";"1";"30";"0";"2";"1";"17";"1";""
"201900040947";"138 229 155";"B01";"0";"31";"0";"2";"1";"2";"1";""
"201900040947";"138 229 156";"A01";"3";"10";"0";"2";"3";"26";"1";""
"201900040948";"138 229 153";"B01";"0";"7";"0";"2";"3";"21";"1";""
"201900040948";"138 229 154";"A01";"0";"32";"0";"0";"0";"0";"1";""
"201900040949";"138 229 152";"A01";"1";"7";"2";"0";"1";"13";"1";""
"201900040950";"138 229 150";"A01";"3";"7";"0";"6";"2";"9";"4";""
"201900040950";"138 229 151";"B01";"1";"1";"0";"2";"8";"9";"5";""
"201900040951";"138 229 148";"B01";"3";"7";"0";"2";"1";"1";"0";""
"201900040951";"138 229 149";"A01";"3";"7";"0";"2";"3";"16";"0";""
"201900040952";"138 229 146";"B01";"2";"7";"0";"2";"3";"15";"1";""
"201900040952";"138 229 147";"A01";"1";"30";"0";"2";"3";"15";"1";""
"201900040953";"138 229 144";"B01";"2";"33";"0";"2";"1";"2";"0";""
"201900040953";"138 229 145";"A01";"1";"10";"0";"2";"7";"9";"0";""
"201900040954";"138 229 142";"B01";"1";"7";"0";"2";"1";"2";"1";""
"201900040954";"138 229 143";"A01";"2";"7";"0";"2";"5";"1";"1";""
"201900040955";"138 229 140";"B01";"2";"32";"0";"6";"8";"1";"1";""
"201900040955";"138 229 141";"A01";"2";"7";"0";"6";"7";"16";"1";""
"201900040956";"138 229 138";"B01";"0";"10";"0";"0";"0";"0";"1";""
"201900040956";"138 229 139";"A01";"0";"10";"1";"0";"1";"26";"1";""
"201900040957";"138 229 137";"A01";"0";"7";"8";"2";"2";"16";"1";""
"201900040958";"138 229 136";"B01";"1";"1";"0";"2";"4";"1";"5";""
"201900040959";"138 229 134";"A01";"1";"15";"0";"2";"1";"1";"1";""
"201900040959";"138 229 135";"B01";"1";"3";"0";"2";"6";"9";"1";""
"201900040960";"138 229 132";"A01";"1";"10";"0";"2";"1";"26";"1";""
"201900040960";"138 229 133";"B01";"3";"10";"0";"2";"6";"9";"1";""
"201900040961";"138 229 130";"B01";"1";"20";"0";"2";"2";"1";"0";""
"201900040961";"138 229 131";"A01";"2";"20";"0";"2";"1";"1";"0";""
"201900040962";"138 229 128";"A01";"2";"20";"0";"2";"4";"1";"0";""
"201900040962";"138 229 129";"B01";"2";"20";"0";"2";"1";"0";"0";""
"201900040963";"138 229 126";"A01";"1";"7";"0";"2";"8";"15";"1";""
"201900040963";"138 229 127";"B01";"1";"34";"0";"2";"1";"17";"1";""
"201900040964";"138 229 125";"A01";"1";"7";"0";"1";"2";"26";"0";""
"201900040965";"138 229 124";"A01";"1";"7";"0";"1";"3";"15";"1";""
"201900040966";"138 229 122";"A01";"2";"10";"0";"2";"3";"9";"0";""
"201900040966";"138 229 123";"B01";"1";"80";"0";"2";"3";"9";"3";""
"201900040967";"138 229 121";"A01";"2";"10";"0";"1";"3";"26";"1";""
"201900040968";"138 229 119";"A01";"1";"37";"0";"2";"6";"1";"0";"1"
"201900040968";"138 229 120";"B01";"3";"33";"0";"2";"1";"1";"0";""
"201900040969";"138 229 117";"B01";"1";"7";"0";"2";"3";"0";"1";""
"201900040969";"138 229 118";"A01";"2";"7";"0";"2";"3";"13";"1";""
"201900040970";"138 229 116";"A01";"3";"7";"4";"0";"3";"13";"1";""
"201900040971";"138 229 115";"A01";"1";"7";"0";"1";"1";"1";"1";""
"201900040972";"138 229 114";"A01";"2";"10";"0";"1";"1";"15";"0";""
"201900040973";"138 229 113";"A01";"1";"10";"0";"1";"2";"1";"0";""
"201900040974";"138 229 112";"Z01";"1";"7";"0";"1";"1";"1";"1";""
"201900040975";"138 229 110";"B01";"3";"7";"1";"0";"5";"24";"1";""
"201900040975";"138 229 111";"A01";"3";"7";"0";"1";"2";"13";"1";""
"201900040976";"138 229 108";"B01";"2";"32";"0";"2";"1";"26";"1";""
"201900040976";"138 229 109";"A01";"1";"7";"0";"2";"3";"15";"6";""
"201900040977";"138 229 106";"B01";"2";"7";"0";"2";"2";"15";"1";""
"201900040977";"138 229 107";"A01";"1";"33";"0";"2";"3";"2";"1";""
"201900040978";"138 229 104";"A01";"3";"7";"0";"2";"1";"9";"0";""
"201900040978";"138 229 105";"B01";"3";"7";"0";"2";"2";"1";"0";""
"201900040979";"138 229 102";"B01";"3";"7";"0";"2";"1";"2";"1";""
"201900040979";"138 229 103";"A01";"3";"7";"0";"2";"4";"0";"1";""
"201900040980";"138 229 100";"B01";"1";"7";"0";"2";"5";"1";"0";""
"201900040980";"138 229 101";"A01";"1";"7";"4";"2";"8";"1";"0";""
"201900040981";"138 229 097";"C01";"1";"7";"0";"2";"1";"2";"1";""
"201900040981";"138 229 098";"B01";"1";"7";"0";"2";"4";"12";"1";""
"201900040981";"138 229 099";"A01";"1";"7";"0";"2";"4";"23";"1";""
"201900040982";"138 229 095";"B01";"1";"2";"0";"2";"1";"13";"1";""
"201900040982";"138 229 096";"A01";"2";"7";"0";"2";"2";"21";"1";""
"201900040983";"138 229 094";"A01";"0";"7";"0";"1";"1";"26";"0";""
"201900040984";"138 229 092";"A01";"3";"10";"0";"2";"3";"26";"1";""
"201900040984";"138 229 093";"B01";"3";"10";"0";"2";"1";"0";"1";""
"201900040985";"138 229 091";"A01";"1";"7";"9";"0";"1";"17";"1";""
"201900040986";"138 229 090";"A01";"3";"7";"0";"1";"1";"9";"1";""
"201900040987";"138 229 089";"A01";"3";"7";"8";"2";"8";"26";"6";""
"201900040988";"138 229 087";"B01";"1";"31";"0";"2";"8";"2";"1";""
"201900040988";"138 229 088";"A01";"1";"7";"0";"2";"3";"15";"1";""
"201900040989";"138 229 086";"A01";"2";"7";"0";"1";"2";"1";"1";""
"201900040990";"138 229 084";"A01";"3";"7";"0";"2";"3";"0";"1";""
"201900040990";"138 229 085";"B01";"1";"33";"0";"2";"2";"17";"1";""
"201900040991";"138 229 083";"A01";"2";"7";"0";"1";"4";"20";"1";""
"201900040992";"138 229 081";"A01";"3";"32";"0";"2";"1";"2";"1";""
"201900040992";"138 229 082";"B01";"3";"7";"0";"2";"4";"1";"1";""
"201900040993";"138 229 080";"A01";"2";"34";"0";"1";"1";"17";"1";""
"201900040994";"138 229 078";"B01";"2";"7";"0";"2";"3";"15";"1";""
"201900040994";"138 229 079";"A01";"2";"30";"0";"2";"2";"5";"1";""
"201900040995";"138 229 077";"A01";"1";"7";"0";"1";"1";"1";"1";""
"201900040996";"138 229 075";"B01";"2";"2";"0";"2";"1";"14";"1";""
"201900040996";"138 229 076";"A01";"1";"7";"0";"2";"3";"15";"1";""
"201900040997";"138 229 073";"B01";"2";"2";"0";"2";"1";"1";"1";""
"201900040997";"138 229 074";"A01";"1";"3";"0";"0";"2";"15";"1";""
"201900040998";"138 229 072";"A01";"2";"31";"0";"2";"1";"21";"1";""
"201900040999";"138 229 070";"B01";"1";"2";"0";"2";"8";"15";"1";""
"201900040999";"138 229 071";"A01";"1";"10";"0";"2";"1";"1";"1";""
"201900041000";"138 229 069";"A01";"2";"7";"0";"1";"1";"15";"1";""
"201900041001";"138 229 068";"A01";"1";"7";"0";"1";"1";"2";"1";""
"201900041002";"138 229 067";"A01";"1";"7";"0";"1";"2";"1";"1";""
"201900041003";"138 229 065";"A01";"1";"7";"0";"2";"0";"0";"1";""
"201900041003";"138 229 066";"B01";"1";"2";"0";"2";"0";"0";"1";""
"201900041004";"138 229 063";"A01";"3";"7";"0";"2";"3";"26";"6";""
"201900041004";"138 229 064";"B01";"3";"7";"0";"2";"1";"1";"6";""
"201900041005";"138 229 061";"B01";"1";"7";"0";"2";"1";"1";"1";""
"201900041005";"138 229 062";"A01";"1";"7";"0";"2";"1";"16";"1";""
"201900041006";"138 229 059";"B01";"2";"99";"0";"2";"6";"0";"0";""
"201900041006";"138 229 060";"A01";"2";"7";"0";"2";"6";"0";"0";""
"201900041007";"138 229 057";"A01";"1";"7";"0";"2";"6";"23";"1";""
"201900041007";"138 229 058";"B01";"1";"2";"0";"2";"1";"1";"1";""
"201900041008";"138 229 055";"A01";"1";"7";"0";"2";"2";"1";"1";""
"201900041008";"138 229 056";"B01";"1";"7";"0";"2";"1";"0";"1";""
"201900041009";"138 229 053";"A01";"3";"7";"0";"0";"0";"11";"0";""