"Num_Acc";"id_vehicule";"num_veh";"senc";"catv";"obs";"obsm";"choc";"manv";"motor";"occutc"
"201900041009";"138 229 054";"B01";"0";"33";"0";"0";"0";"1";"0";""
"201900041010";"138 229 051";"B01";"2";"31";"0";"2";"1";"1";"1";""
"201900041010";"138 229 052";"A01";"2";"2";"0";"2";"7";"19";"1";""
"201900041011";"138 229 049";"A01";"1";"7";"0";"2";"2";"12";"1";""
"201900041011";"138 229 050";"B01";"1";"33";"0";"2";"1";"3";"1";""
"201900041012";"138 229 047";"B01";"3";"33";"0";"2";"8";"1";"1";""
"201900041012";"138 229 048";"A01";"1";"7";"0";"2";"2";"15";"1";""
"201900041013";"138 229 045";"B01";"3";"10";"0";"2";"5";"15";"1";""
"201900041013";"138 229 046";"A01";"3";"33";"0";"2";"1";"1";"1";""
"201900041014";"138 229 043";"Y01";"1";"0";"0";"2";"2";"19";"5";""
"201900041014";"138 229 044";"A01";"1";"33";"0";"1";"1";"1";"1";""
"201900041015";"138 229 041";"B01";"1";"7";"0";"2";"1";"1";"1";""
"201900041015";"138 229 042";"A01";"1";"7";"0";"2";"1";"1";"1";""
"201900041016";"138 229 039";"B01";"3";"7";"0";"2";"5";"20";"1";""
"201900041016";"138 229 040";"A01";"3";"2";"0";"2";"1";"1";"1";""
"201900041017";"138 229 038";"A01";"3";"7";"0";"1";"1";"1";"1";""
"201900041018";"138 229 036";"B01";"1";"7";"0";"2";"4";"2";"1";""
"201900041018";"138 229 037";"A01";"1";"10";"0";"2";"1";"2";"1";""
"201900041019";"138 229 034";"A01";"2";"43";"0";"2";"1";"3";"1";""
"201900041019";"138 229 035";"B01";"1";"7";"0";"2";"2";"1";"1";""
"201900041020";"138 229 033";"A01";"1";"7";"0";"1";"8";"1";"1";""
"201900041021";"138 229 031";"B01";"1";"32";"0";"2";"8";"1";"1";""
"201900041021";"138 229 032";"A01";"2";"7";"0";"2";"5";"1";"1";""
"201900041022";"138 229 030";"A01";"1";"15";"0";"1";"1";"1";"1";""
"201900041023";"138 229 028";"A01";"1";"30";"0";"2";"7";"1";"1";""
"201900041023";"138 229 029";"B01";"1";"7";"0";"2";"1";"1";"1";""
"201900041024";"138 229 023";"C01";"2";"7";"0";"2";"1";"0";"1";""
"201900041024";"138 229 024";"B01";"1";"2";"0";"2";"8";"0";"1";""
"201900041024";"138 229 025";"A01";"2";"10";"0";"2";"3";"10";"1";""
"201900041025";"138 229 019";"A01";"2";"7";"0";"2";"1";"16";"1";""
"201900041025";"138 229 020";"B01";"1";"7";"0";"2";"7";"1";"1";""
"201900041026";"138 229 018";"A01";"2";"7";"13";"0";"1";"1";"1";""
"201900041027";"138 229 016";"A01";"1";"33";"0";"2";"1";"17";"1";""
"201900041027";"138 229 017";"B01";"1";"7";"0";"0";"3";"15";"1";""
"201900041028";"138 229 014";"A01";"2";"7";"0";"2";"1";"9";"1";""
"201900041028";"138 229 015";"B01";"1";"33";"0";"2";"7";"1";"1";""
"201900041029";"138 229 013";"A01";"1";"3";"2";"0";"1";"1";"0";""
"201900041030";"138 229 011";"B01";"1";"7";"0";"2";"1";"1";"1";""
"201900041030";"138 229 012";"A01";"2";"7";"0";"2";"2";"13";"1";""
"201900041031";"138 229 009";"B01";"2";"33";"0";"2";"1";"1";"1";""
"201900041031";"138 229 010";"A01";"1";"7";"0";"2";"2";"19";"1";""
"201900041032";"138 229 007";"A01";"2";"7";"1";"0";"1";"1";"1";""
"201900041032";"138 229 008";"B01";"2";"15";"0";"0";"4";"1";" -1";""
"201900041033";"138 229 006";"A01";"1";"10";"6";"0";"2";"0";"1";""
"201900041034";"138 229 005";"A01";"1";"7";"6";"0";"1";"1";"1";""
"201900041035";"138 229 004";"A01";"3";"2";"15";"0";"7";"1";"1";""
"201900041036";"138 229 001";"C01";"1";"7";"0";"2";"1";"1";"0";""
"201900041036";"138 229 002";"B01";"2";"14";"0";"2";"3";"1";"0";""
"201900041036";"138 229 003";"A01";"1";"7";"0";"2";"1";"13";"0";""
"201900041037";"138 229 000";"A01";"0";"7";"0";"1";"1";"1";"6";""
"201900041038";"138 228 999";"A01";"2";"7";"3";"0";"8";"1";"1";""
"201900041039";"138 228 997";"B01";"2";"33";"0";"2";"2";"17";"1";""
"201900041039";"138 228 998";"A01";"2";"7";"0";"2";"8";"15";"1";""
"201900041040";"138 228 995";"A01";"1";"7";"7";"2";"1";"19";"1";""
"201900041040";"138 228 996";"B01";"2";"7";"0";"2";"1";"1";"1";""
"201900041041";"138 228 993";"A01";"3";"7";"16";"0";"9";"21";"1";""
"201900041042";"138 228 991";"A01";"1";"7";"0";"2";"3";"26";"0";""
"201900041042";"138 228 992";"B01";"2";"7";"0";"0";"2";"21";"0";""
"201900041043";"138 228 990";"A01";"1";"32";"0";"1";"1";"1";"1";""
"201900041044";"138 228 989";"A01";"1";"2";"0";"0";"7";"1";"1";""
"201900041045";"138 228 987";"B01";"1";"7";"0";"0";"4";"1";"1";""
"201900041045";"138 228 988";"A01";"1";"7";"0";"2";"1";"1";"1";""
"201900041046";"138 228 986";"A01";"1";"7";"13";"0";"9";"16";"1";""
"201900041047";"138 228 985";"A01";"3";"10";"15";"0";"1";"0";"1";""
"201900041048";"138 228 984";"A01";"0";"7";"3";"0";"2";"1";"0";""
"201900041049";"138 228 983";"A01";"1";"30";"0";"0";"0";"1";"1";""
"201900041050";"138 228 981";"B01";"1";"7";"0";"2";"1";"1";"1";""
"201900041050";"138 228 982";"A01";"2";"7";"0";"2";"1";"13";"1";""
"201900041051";"138 228 980";"A01";"3";"2";"0";"0";"0";"1";"1";""
"201900041052";"138 228 978";"A01";"1";"2";"0";"2";"1";"1";"1";""
"201900041052";"138 228 979";"B01";"1";"7";"0";"2";"7";"1";"1";""
"201900041053";"138 228 977";"A01";"0";"7";"0";"1";"1";"1";"6";""
"201900041054";"138 228 975";"B01";"2";"17";"0";"2";"1";"13";"1";""
"201900041054";"138 228 976";"A01";"1";"7";"0";"2";"1";"13";"1";""
"201900041055";"138 228 974";"A01";"1";"15";"0";"0";"0";"14";"1";""
"201900041056";"138 228 972";"A01";"0";"7";"0";"2";"1";"1";"1";""
"201900041056";"138 228 973";"B01";"0";"7";"0";"0";"1";"5";"1";""
"201900041057";"138 228 970";"A01";"2";"33";"0";"2";"1";"13";"1";""
"201900041057";"138 228 971";"B01";"1";"7";"0";"2";"1";"1";"1";""
"201900041058";"138 228 969";"A01";"1";"7";"13";"0";"2";"1";"1";""
"201900041059";"138 228 968";"A01";"3";"36";"2";"0";"3";"26";"1";""
"201900041060";"138 228 966";"A01";"1";"33";"0";"2";"1";"2";"1";""
"201900041060";"138 228 967";"B01";"1";"21";"0";"0";"4";"2";"1";""
"201900041061";"138 228 965";"A01";"1";"10";"6";"0";"1";"0";"1";""
"201900041062";"138 228 963";"A01";"1";"7";"0";"2";"3";"13";"1";""
"201900041062";"138 228 964";"B01";"2";"7";"0";"2";"3";"1";"1";""
"201900041063";"138 228 961";"B01";"1";"7";"0";"2";"3";"19";"1";""
"201900041063";"138 228 962";"A01";"1";"2";"0";"2";"1";"1";"1";""
"201900041064";"138 228 960";"A01";"1";"7";"0";"0";"2";"1";"1";""
"201900041065";"138 228 958";"A01";"2";"7";"13";"2";"3";"1";"1";""
"201900041065";"138 228 959";"B01";"2";"10";"0";"2";"7";"12";"1";""
"201900041066";"138 228 957";"A01";"1";"7";"0";"0";"1";"1";"1";""
"201900041067";"138 228 956";"A01";"1";"7";"13";"0";"1";"1";"1";""
"201900041068";"138 228 955";"A01";"1";"7";"3";"0";"8";"13";"1";""
"201900041069";"138 228 953";"B01";"1";"10";"0";"0";"1";"1";"1";""
"201900041069";"138 228 954";"A01";"1";"7";"0";"0";"8";"10";"1";""
"201900041070";"138 228 952";"A01";"2";"33";"0";"0";"1";"16";"1";""
"201900041071";"138 228 949";"A01";"1";"7";"0";"2";"1";"16";"1";""
"201900041071";"138 228 950";"B01";"2";"7";"0";"2";"3";"1";"1";""
"201900041072";"138 228 947";"B01";"2";"33";"0";"2";"1";"1";"1";""
"201900041072";"138 228 948";"A01";"2";"7";"0";"2";"6";"9";"1";""
"201900041073";"138 228 946";"A01";"1";"7";"13";"0";"2";"1";"1";""
"201900041074";"138 228 945";"A01";"3";"7";"6";"0";"1";"1";"1";""
"201900041075";"138 228 943";"A01";"1";"31";"0";"2";"1";"1";"0";""
"201900041075";"138 228 944";"B01";"1";"7";"0";"2";"6";"1";"0";""
"201900041076";"138 228 941";"A01";"2";"7";"0";"9";"2";"1";"1";""
"201900041076";"138 228 942";"B01";"2";"1";"0";"2";"1";"26";"0";""
"201900041077";"138 228 938";"B01";"3";"10";"0";"2";"3";"10";"1";""
"201900041077";"138 228 939";"A01";"3";"2";"0";"2";"1";"5";"1";""
"201900041078";"138 228 936";"A01";"2";"10";"0";"2";"2";"2";"0";""
"201900041078";"138 228 937";"B01";"2";"2";"0";"2";"4";"2";"0";""
"201900041079";"138 228 935";"A01";"1";"7";"0";"0";"0";"0";"1";""
"201900041080";"138 228 933";"B01";"3";"7";"0";"9";"7";"17";"1";""
"201900041080";"138 228 934";"A01";"3";"1";"10";"2";"3";"15";"5";""
"201900041081";"138 228 931";"B01";"3";"7";"0";"2";"8";"9";"1";""
"201900041081";"138 228 932";"A01";"1";"7";"0";"2";"1";"1";"1";""
"201900041082";"138 228 930";"A01";"1";"7";"13";"0";"9";"0";"0";""
"201900041083";"138 228 927";"A01";"1";"7";"16";"0";"0";"0";"6";""
"201900041084";"138 228 926";"A01";"1";"7";"13";"0";"2";"14";"0";""
"201900041085";"138 228 924";"A01";"2";"7";"0";"2";"6";"1";"1";""
"201900041085";"138 228 925";"B01";"2";"7";"0";"2";"3";"1";"1";""
"201900041086";"138 228 919";"E01";"2";"7";"0";"2";"4";"23";"1";""
"201900041086";"138 228 920";"D01";"2";"7";"0";"2";"4";"23";"1";""
"201900041086";"138 228 921";"C01";"2";"7";"0";"2";"4";"23";"1";""
"201900041086";"138 228 922";"B01";"2";"7";"0";"2";"4";"23";"1";""
"201900041086";"138 228 923";"A01";"2";"7";"1";"2";"1";"2";"1";""
"201900041087";"138 228 917";"A01";"3";"10";"0";"1";"3";"1";"1";""
"201900041088";"138 228 916";"A01";"3";"7";"0";"1";"3";"26";"1";""
"201900041089";"138 228 913";"A01";"2";"7";"0";"1";"2";"13";"1";""
"201900041090";"138 228 912";"A01";"1";"7";"0";"1";"2";"2";"1";""
"201900041091";"138 228 910";"A01";"2";"80";"0";"2";"1";"1";"3";""
"201900041091";"138 228 911";"B01";"1";"15";"0";"2";"6";"13";"1";""
"201900041092";"138 228 908";"A01";"2";"36";"0";"2";"2";"17";"1";""
"201900041092";"138 228 909";"B01";"2";"7";"0";"2";"8";"15";"1";""
"201900041093";"138 228 906";"A01";"2";"33";"0";"2";"1";"1";"1";""
"201900041093";"138 228 907";"B01";"2";"7";"0";"0";"4";"1";"6";""
"201900041094";"138 228 904";"A01";"2";"7";"0";"2";"1";"19";"1";""
"201900041094";"138 228 905";"B01";"1";"7";"7";"0";"2";"1";"1";""
"201900041095";"138 228 903";"A01";"1";"7";"7";"0";"3";"1";"0";""
"201900041096";"138 228 901";"B01";"3";"2";"0";"2";"1";"1";"1";""
"201900041096";"138 228 902";"A01";"3";"7";"0";"2";"1";"1";"1";""
"201900041097";"138 228 900";"A01";"2";"33";"13";"0";"1";"1";"1";""
"201900041098";"138 228 899";"A01";"2";"7";"0";"1";"2";"1";"0";""
"201900041099";"138 228 897";"A01";"1";"30";"0";"2";"1";"2";"1";""
"201900041099";"138 228 898";"B01";"1";"7";"0";"0";"4";"2";"1";""
"201900041100";"138 228 895";"B01";"1";"2";"0";"2";"1";"1";"1";""
"201900041100";"138 228 896";"A01";"2";"7";"0";"2";"7";"15";"1";""
"201900041101";"138 228 894";"A01";"3";"7";"0";"1";"3";"20";"1";""
"201900041102";"138 228 892";"B01";"1";"7";"0";"2";"1";"1";"1";""
"201900041102";"138 228 893";"A01";"2";"7";"0";"2";"1";"13";"1";""
"201900041103";"138 228 890";"B01";"1";"7";"0";"2";"5";"15";"1";""
"201900041103";"138 228 891";"A01";"2";"33";"0";"2";"1";"0";"1";""
"201900041104";"138 228 888";"A01";"1";"7";"0";"2";"7";"19";"1";""
"201900041104";"138 228 889";"B01";"0";"30";"0";"2";"1";"1";"1";""
"201900041105";"138 228 887";"A01";"3";"7";"0";"1";"3";"0";"6";""
"201900041106";"138 228 886";"A01";"3";"7";"8";"0";"3";"1";"1";""
"201900041107";"138 228 884";"B01";"1";"33";"0";"2";"1";"1";"1";""
"201900041107";"138 228 885";"A01";"1";"7";"0";"2";"1";"9";"1";""
"201900041108";"138 228 883";"A01";"2";"33";"0";"0";"0";"1";"1";""
"201900041109";"138 228 882";"A01";"1";"7";"13";"0";"1";"0";"0";""
"201900041110";"138 228 879";"C01";"0";"7";"0";"2";"3";"2";"0";""
"201900041110";"138 228 880";"B01";"0";"10";"0";"2";"4";"2";"0";""
"201900041110";"138 228 881";"A01";"0";"10";"0";"0";"4";"2";"0";""
"201900041111";"138 228 878";"A01";"1";"33";"0";"0";"9";"15";"1";""
"201900041112";"138 228 875";"A01";"3";"7";"2";"0";"3";"1";"1";""
"201900041113";"138 228 874";"A01";"1";"2";"0";"0";"0";"1";"1";""
"201900041114";"138 228 873";"A01";"2";"7";"0";"1";"3";"1";"0";""
"201900041115";"138 228 872";"A01";"3";"33";"0";"0";"8";"1";"1";""
"201900041116";"138 228 870";"B01";"1";"7";"0";"2";"3";"15";"1";""
"201900041116";"138 228 871";"A01";"1";"2";"0";"2";"1";"17";"1";""
"201900041117";"138 228 868";"C01";"2";"1";"0";"2";"8";"0";"5";""
"201900041117";"138 228 869";"A01";"1";"17";"0";"2";"7";"16";"1";""
"201900041118";"138 228 866";"A01";"1";"21";"0";"2";"3";"9";"1";""
"201900041118";"138 228 867";"B01";"1";"1";"0";"2";"1";"1";"5";""
"201900041119";"138 228 864";"A01";"2";"7";"15";"2";"1";"5";"1";""
"201900041119";"138 228 865";"B01";"1";"7";"0";"2";"1";"1";"1";""
"201900041120";"138 228 863";"A01";"2";"31";"12";"0";"2";"1";"1";""
"201900041121";"138 228 862";"A01";"2";"7";"13";"0";"1";"1";"1";""
"201900041122";"138 228 860";"A01";"3";"7";"0";"2";"3";"9";"1";""
"201900041122";"138 228 861";"B01";"3";"7";"0";"2";"1";"1";"1";""
"201900041123";"138 228 859";"A01";"1";"7";"0";"0";"2";"2";"1";""
"201900041124";"138 228 858";"A01";"1";"7";"13";"0";"8";"2";"1";""
"201900041125";"138 228 857";"A01";"1";"7";"2";"0";"1";"17";"1";""
"201900041126";"138 228 856";"A01";"1";"2";"17";"0";"1";"0";"1";""
"201900041127";"138 228 855";"A01";"1";"33";"0";"1";"1";"1";"1";""
"201900041128";"138 228 852";"A01";"1";"10";"0";"2";"3";"19";"1";""
"201900041128";"138 228 853";"B01";"2";"33";"0";"2";"7";"1";"1";""
"201900041128";"138 228 854";"C01";"1";"10";"0";"2";"3";"1";"1";""
"201900041129";"138 228 851";"A01";"0";"7";"2";"0";"8";"0";"1";""
"201900041130";"138 228 850";"A01";"2";"7";"2";"0";"0";"1";"1";""
"201900041131";"138 228 848";"C01";"1";"7";"0";"2";"1";"19";"1";""
"201900041131";"138 228 849";"B01";"2";"7";"13";"2";"6";"1";"1";""
"201900041132";"138 228 847";"A01";"1";"31";"0";"0";"0";"1";"1";""
"201900041133";"138 228 846";"A01";"2";"7";"0";"5";"1";"1";"1";""
"201900041134";"138 228 845";"A01";"3";"7";"17";"0";"9";"1";"1";""
"201900041135";"138 228 843";"B01";"1";"7";"0";"2";"3";"1";"1";""
"201900041135";"138 228 844";"A01";"2";"32";"0";"2";"7";"17";"1";""
"201900041136";"138 228 835";"A01";"1";"7";"0";"2";"1";"1";"1";""
"201900041136";"138 228 836";"B01";"2";"31";"0";"2";"8";"1";"1";""
"201900041137";"138 228 833";"B01";"2";"1";"0";"2";"1";"13";"5";""
"201900041137";"138 228 834";"A01";"1";"1";"0";"2";"1";"1";"5";""
"201900041138";"138 228 831";"B01";"3";"1";"0";"2";"1";"19";"5";""
"201900041138";"138 228 832";"A01";"3";"7";"0";"2";"3";"1";"1";""
"201900041139";"138 228 830";"A01";"1";"34";"0";"1";"1";"1";"1";""
"201900041140";"138 228 828";"B01";"2";"7";"0";"2";"8";"9";"1";""
"201900041140";"138 228 829";"A01";"2";"32";"0";"2";"1";"1";"1";""
"201900041141";"138 228 827";"A01";"3";"7";"8";"0";"1";"14";"1";""
"201900041142";"138 228 825";"A01";"3";"10";"0";"2";"2";"1";"1";""
"201900041142";"138 228 826";"B01";"3";"1";"0";"2";"8";"19";"5";""
"201900041143";"138 228 823";"A01";"2";"1";"0";"2";"3";"15";"5";""
"201900041143";"138 228 824";"B01";"2";"7";"0";"2";"7";"1";"1";""
"201900041144";"138 228 821";"B01";"1";"10";"0";"2";"6";"1";"1";""
"201900041144";"138 228 822";"A01";"1";"30";"0";"2";"1";"15";"3";""
"201900041145";"138 228 819";"B01";"1";"43";"0";"2";"7";"17";"1";""
"201900041145";"138 228 820";"A01";"1";"30";"0";"2";"8";"15";"1";""
"201900041146";"138 228 817";"B01";"2";"7";"0";"2";"3";"22";"1";""
"201900041146";"138 228 818";"A01";"2";"30";"0";"2";"2";"17";"1";""
"201900041147";"138 228 815";"B01";"2";"32";"0";"2";"4";"2";"1";""
"201900041147";"138 228 816";"A01";"2";"30";"0";"2";"1";"2";"1";""
"201900041148";"138 228 814";"A01";"2";"30";"0";"1";"2";"1";"1";""
"201900041149";"138 228 812";"A01";"2";"33";"0";"2";"3";"1";"1";""
"201900041149";"138 228 813";"B01";"1";"7";"0";"2";"2";"1";"2";""
"201900041150";"138 228 810";"A01";"1";"30";"0";"2";"7";"1";"1";""
"201900041150";"138 228 811";"B01";"2";"7";"0";"2";"1";"1";"1";""
"201900041151";"138 228 809";"Z01";"2";"7";"0";"1";"2";"1";"0";""
"201900041152";"138 228 807";"A01";"1";"7";"0";"2";"1";"1";"1";""
"201900041152";"138 228 808";"B01";"2";"1";"0";"2";"8";"5";"5";""
"201900041153";"138 228 806";"A01";"2";"7";"0";"1";"2";"1";"2";""
"201900041154";"138 228 805";"A01";"2";"7";"0";"1";"1";"1";"1";""
"201900041155";"138 228 803";"B01";"3";"10";"0";"2";"5";"1";"1";""
"201900041155";"138 228 804";"A01";"3";"7";"0";"2";"2";"1";"1";""
"201900041156";"138 228 802";"A01";"1";"30";"0";"0";"0";"21";"1";""
"201900041157";"138 228 801";"A01";"1";"30";"14";"0";"1";"13";"3";""
"201900041158";"138 228 800";"A01";"1";"34";"0";"1";"1";"1";"1";""
"201900041159";"138 228 798";"B01";"2";"7";"0";"2";"1";"1";"1";""
"201900041159";"138 228 799";"A01";"2";"10";"0";"2";"2";"1";"1";""
"201900041160";"138 228 796";"A01";"2";"7";"0";"2";"3";"1";"1";""
"201900041160";"138 228 797";"B01";"1";"34";"0";"2";"2";"1";"1";""
"201900041161";"138 228 794";"A01";"1";"30";"0";"2";"2";"15";"1";""
"201900041161";"138 228 795";"B01";"2";"43";"0";"2";"3";"1";"1";""
"201900041162";"138 228 792";"A01";"1";"33";"0";"2";"1";"13";"1";""
"201900041162";"138 228 793";"B01";"1";"37";"0";"2";"4";"23";"1";"1"
"201900041163";"138 228 790";"A01";"3";"30";"0";"2";"2";"15";"1";""
"201900041163";"138 228 791";"B01";"3";"7";"0";"2";"8";"1";"1";""
"201900041164";"138 228 788";"B01";"1";"33";"0";"2";"1";"1";"1";""
"201900041164";"138 228 789";"A01";"2";"7";"0";"2";"1";"15";"1";""
"201900041165";"138 228 787";"A01";"2";"7";"0";"1";"2";"1";"1";""
"201900041166";"138 228 785";"Z01";"0";"7";"0";"2";"0";"0";"0";""
"201900041166";"138 228 786";"A01";"1";"50";"0";"2";"0";"0";"3";""
"201900041167";"138 228 781";"B01";"2";"7";"0";"2";"4";"2";"1";""
"201900041167";"138 228 782";"A01";"2";"7";"0";"2";"1";"2";"1";""
"201900041168";"138 228 780";"A01";"2";"7";"0";"1";"1";"21";"1";""
"201900041169";"138 228 779";"A01";"3";"3";"0";"1";"2";"2";"0";""
"201900041170";"138 228 777";"A01";"1";"2";"1";"2";"1";"9";"1";""
"201900041170";"138 228 778";"B01";"0";"3";"1";"0";"4";"1";"1";""
"201900041171";"138 228 776";"A01";"3";"32";"15";"0";"1";"2";"0";""
"201900041172";"138 228 775";"A01";"1";"7";"8";"0";"0";"26";"1";""
"201900041173";"138 228 773";"A01";"3";"10";"0";"2";"0";"10";"1";""
"201900041173";"138 228 774";"B01";"3";"2";"0";"2";"0";"1";"1";""
"201900041174";"138 228 771";"B01";"2";"33";"0";"2";"4";"2";"1";""
"201900041174";"138 228 772";"A01";"2";"7";"0";"2";"3";"2";"1";""
"201900041175";"138 228 770";"A01";"2";"7";"0";"1";"2";"1";"3";""
"201900041176";"138 228 769";"A01";"2";"7";"1";"0";"2";"14";"0";""
"201900041177";"138 228 767";"B01";"1";"3";"0";"2";"2";"1";"1";""
"201900041177";"138 228 768";"A01";"2";"33";"0";"2";"1";"1";"1";""
"201900041178";"138 228 765";"A01";"1";"30";"0";"2";"3";"1";"1";""
"201900041178";"138 228 766";"B01";"1";"7";"0";"2";"2";"15";"1";""
"201900041179";"138 228 764";"A01";"2";"7";"0";"1";"1";"1";"0";""
"201900041180";"138 228 763";"A01";"1";"10";"1";"1";"1";"1";"0";""
"201900041181";"138 228 762";"A01";"1";"7";"12";"0";"3";"16";"1";""
"201900041182";"138 228 761";"A01";"2";"7";"0";"1";"1";"1";"1";""
"201900041183";"138 228 759";"B01";"1";"7";"0";"2";"6";"15";"1";""
"201900041183";"138 228 760";"A01";"1";"30";"0";"2";"1";"17";"1";""
"201900041184";"138 228 757";"B01";"2";"10";"0";"2";"3";"15";"1";""
"201900041184";"138 228 758";"A01";"1";"32";"0";"2";"3";"1";"1";""
"201900041185";"138 228 755";"A01";"1";"15";"1";"0";"5";"0";"1";""
"201900041185";"138 228 756";"B01";"1";"7";"0";"2";"3";"24";"1";""
"201900041186";"138 228 751";"A01";"1";"7";"0";"2";"2";"15";"1";""
"201900041186";"138 228 752";"B01";"1";"7";"0";"2";"1";"1";"1";""
"201900041187";"138 228 749";"B01";"2";"7";"0";"2";"6";"26";"1";""
"201900041187";"138 228 750";"A01";"2";"7";"0";"2";"1";"26";"1";""
"201900041188";"138 228 748";"A01";"3";"7";"0";"1";"3";"1";"2";""
"201900041189";"138 228 747";"A01";"3";"10";"0";"1";"1";"15";"6";""
"201900041190";"138 228 746";"A01";"2";"7";"0";"1";"3";"1";"1";""
"201900041191";"138 228 745";"A01";"3";"7";"12";"0";"8";"1";"0";""
"201900041192";"138 228 740";"A01";"1";"7";"0";"2";"3";"15";"1";""
"201900041192";"138 228 741";"B01";"1";"33";"0";"2";"7";"17";"1";""
"201900041193";"138 228 739";"A01";"0";"7";"0";"1";"3";"1";"1";""
"201900041194";"138 228 737";"B01";"3";"1";"0";"2";"7";"0";"5";""
"201900041194";"138 228 738";"A01";"3";"3";"0";"2";"3";"9";"0";""
"201900041195";"138 228 735";"B01";"0";"7";"0";"2";"2";"0";"1";""
"201900041195";"138 228 736";"A01";"0";"7";"0";"2";"7";"1";"1";""
"201900041196";"138 228 734";"A01";"1";"7";"0";"1";"0";"26";"1";""
"201900041197";"138 228 732";"B01";"1";"7";"0";"2";"1";"10";"1";""
"201900041197";"138 228 733";"A01";"2";"33";"0";"2";"3";"1";"1";""
"201900041198";"138 228 730";"B01";"3";"1";"0";"2";"8";"0";"5";""
"201900041198";"138 228 731";"A01";"2";"7";"0";"2";"3";"15";"1";""
"201900041199";"138 228 728";"B01";"3";"33";"0";"2";"3";"15";"0";""
"201900041199";"138 228 729";"A01";"3";"7";"0";"2";"2";"1";"0";""
"201900041200";"138 228 727";"A01";"2";"7";"0";"1";"1";"2";"0";""
"201900041201";"138 228 725";"A01";"2";"3";"0";"2";"1";"2";"1";""
"201900041201";"138 228 726";"B01";"2";"3";"0";"2";"4";"1";"2";""
"201900041202";"138 228 723";"B01";"1";"20";"0";"2";"3";"1";"0";""
"201900041202";"138 228 724";"A01";"1";"32";"0";"2";"4";"20";"1";""
"201900041203";"138 228 722";"A01";"1";"7";"1";"0";"1";"16";"1";""
"201900041204";"138 228 720";"A01";"3";"37";"0";"2";"1";"19";"0";"1"
"201900041204";"138 228 721";"B01";"3";"33";"0";"2";"1";"1";"1";""
"201900041205";"138 228 719";"A01";"1";"7";"0";"1";"7";"15";"1";""
"201900041206";"138 228 717";"A01";"2";"99";"0";"2";"6";"15";"0";""
"201900041206";"138 228 718";"B01";"1";"32";"0";"2";"2";"1";"0";""
"201900041207";"138 228 715";"A01";"2";"33";"0";"2";"1";"17";"1";""
"201900041207";"138 228 716";"B01";"2";"7";"0";"2";"6";"15";"1";""
"201900041208";"138 228 713";"A01";"1";"7";"0";"2";"7";"22";"1";""
"201900041208";"138 228 714";"B01";"1";"60";"0";"2";"1";"26";"5";""
"201900041209";"138 228 712";"A01";"3";"34";"0";"1";"1";"1";"1";""
"201900041210";"138 228 710";"A01";"1";"32";"0";"2";"1";"26";"1";""
"201900041210";"138 228 711";"B01";"3";"7";"0";"2";"3";"26";"1";""
"201900041211";"138 228 708";"A01";"1";"34";"0";"2";"1";"0";"1";""
"201900041211";"138 228 709";"B01";"2";"7";"0";"2";"3";"1";"1";""
"201900041212";"138 228 706";"A01";"3";"7";"0";"2";"7";"1";"2";""
"201900041212";"138 228 707";"B01";"3";"33";"0";"2";"1";"1";"1";""
"201900041213";"138 228 705";"A01";"1";"10";"0";"1";"1";"26";"1";""
"201900041214";"138 228 702";"C01";"3";"7";"1";"2";"1";"0";"0";""
"201900041214";"138 228 703";"A01";"1";"33";"0";"2";"7";"2";"0";""
"201900041214";"138 228 704";"B01";"1";"7";"0";"2";"3";"0";"0";""
"201900041215";"138 228 700";"A01";"1";"33";"0";"2";"5";"16";"1";""
"201900041215";"138 228 701";"B01";"1";"7";"0";"2";"3";"1";"1";""
"201900041216";"138 228 698";"B01";"3";"32";"0";"2";"3";"1";"1";""
"201900041216";"138 228 699";"A01";"3";"7";"0";"2";"2";"16";"1";""
"201900041217";"138 228 696";"B01";"1";"7";"0";"2";"1";"1";"1";""
"201900041217";"138 228 697";"A01";"3";"34";"0";"0";"4";"23";"1";""
"201900041218";"138 228 694";"A01";"1";"7";"0";"2";"5";"19";"1";""
"201900041218";"138 228 695";"B01";"1";"7";"0";"2";"1";"1";"1";""
"201900041219";"138 228 692";"A01";"1";"7";"14";"0";"8";"2";"1";""
"201900041219";"138 228 693";"B01";"2";"1";"14";"2";"6";"5";"0";""
"201900041220";"138 228 691";"A01";"1";"3";"0";"1";"5";"4";"1";""
"201900041221";"138 228 687";"A01";"1";"20";"1";"0";"7";"19";"0";""
"201900041221";"138 228 688";"B01";"3";"7";"0";"0";"3";"26";"1";""
"201900041222";"138 228 685";"A01";"3";"7";"0";"0";"1";"1";"0";""
"201900041222";"138 228 686";"B01";"3";"10";"0";"0";"4";"15";"1";""
"201900041223";"138 228 682";"A01";"1";"7";"0";"2";"4";"9";"1";""
"201900041223";"138 228 683";"B01";"1";"7";"0";"2";"4";"1";"1";""
"201900041223";"138 228 684";"C01";"1";"7";"0";"2";"1";"0";"1";""
"201900041224";"138 228 681";"A01";"1";"7";"11";"0";"1";"26";"1";""
"201900041225";"138 228 680";"A01";"2";"30";"0";"2";"1";"17";"1";""
"201900041226";"138 228 679";"A01";"2";"7";"0";"1";"2";"1";"1";""
"201900041227";"138 228 677";"A01";"0";"30";"0";"2";"1";"2";"1";""