"Num_Acc";"id_vehicule";"num_veh";"senc";"catv";"obs";"obsm";"choc";"manv";"motor";"occutc"
"201900041227";"138 228 678";"B01";"0";"7";"0";"2";"4";"1";"1";""
"201900041228";"138 228 667";"A01";"1";"34";"0";"2";"1";"26";"1";""
"201900041228";"138 228 668";"B01";"1";"7";"0";"2";"4";"23";"1";""
"201900041229";"138 228 666";"A01";"1";"37";"0";"1";"2";"26";"0";"1"
"201900041230";"138 228 664";"A01";"3";"10";"0";"2";"2";"1";"1";""
"201900041230";"138 228 665";"B01";"3";"7";"0";"0";"6";"1";"1";""
"201900041231";"138 228 662";"B01";"0";"7";"0";"2";"1";"10";"0";""
"201900041231";"138 228 663";"A01";"0";"33";"0";"2";"8";"26";"1";""
"201900041232";"138 228 660";"B01";"2";"2";"0";"2";"8";"11";"1";""
"201900041232";"138 228 661";"A01";"1";"3";"0";"2";"2";"26";"1";""
"201900041233";"138 228 658";"B01";"1";"7";"0";"2";"1";"1";"1";""
"201900041233";"138 228 659";"A01";"1";"7";"0";"2";"7";"1";"1";""
"201900041234";"138 228 657";"A01";"1";"7";"0";"1";"3";"1";"1";""
"201900041235";"138 228 655";"B01";"3";"7";"12";"2";"7";"1";"1";""
"201900041235";"138 228 656";"A01";"3";"14";"0";"2";"1";"11";"1";""
"201900041236";"138 228 653";"A01";"2";"30";"0";"2";"1";"1";"0";""
"201900041236";"138 228 654";"B01";"2";"7";"0";"2";"3";"15";"0";""
"201900041237";"138 228 652";"A01";"1";"7";"0";"0";"2";"26";"1";""
"201900041238";"138 228 650";"B01";"1";"1";"0";"2";"1";"1";"5";""
"201900041238";"138 228 651";"A01";"3";"7";"0";"2";"4";"26";"0";""
"201900041239";"138 228 649";"A01";"2";"30";"0";"1";"3";"1";"1";""
"201900041240";"138 228 648";"A01";"0";"0";"0";"1";"7";"0";"1";""
"201900041241";"138 228 647";"A01";"1";"3";"0";"1";"3";"26";"0";""
"201900041242";"138 228 646";"A01";"3";"37";"12";"1";"2";"12";"0";"0"
"201900041243";"138 228 645";"A01";"1";"31";"12";"0";"0";"0";"1";""
"201900041244";"138 228 643";"B01";"1";"33";"0";"2";"4";"2";"1";""
"201900041244";"138 228 644";"A01";"1";"7";"0";"2";"1";"2";"1";""
"201900041245";"138 228 642";"Z01";"1";"0";"0";"1";"1";"0";"1";""
"201900041246";"138 228 638";"A01";"3";"33";"0";"2";"9";"14";"1";""
"201900041246";"138 228 639";"B01";"3";"7";"0";"2";"2";"14";"1";""
"201900041246";"138 228 640";"C01";"3";"7";"0";"2";"6";"26";"1";""
"201900041247";"138 228 636";"A01";"3";"1";"0";"6";"1";"25";"5";""
"201900041247";"138 228 637";"B01";"3";"1";"0";"6";"1";"0";"5";""
"201900041248";"138 228 634";"B01";"3";"33";"4";"2";"7";"1";"1";""
"201900041248";"138 228 635";"A01";"3";"7";"4";"2";"6";"11";"1";""
"201900041249";"138 228 631";"A01";"1";"33";"0";"2";"2";"3";"1";""
"201900041249";"138 228 632";"B01";"1";"10";"0";"2";"8";"22";"1";""
"201900041249";"138 228 633";"C01";"1";"7";"0";"2";"5";"23";"1";""
"201900041250";"138 228 629";"A01";"2";"10";"0";"2";"8";"10";"1";""
"201900041250";"138 228 630";"B01";"2";"32";"0";"2";"1";"1";"1";""
"201900041251";"138 228 627";"A01";"3";"30";"0";"2";"7";"17";"1";""
"201900041251";"138 228 628";"B01";"3";"7";"0";"2";"3";"15";"1";""
"201900041252";"138 228 625";"B01";"0";"7";"0";"2";"1";"5";"1";""
"201900041252";"138 228 626";"A01";"3";"7";"0";"2";"1";"5";"1";""
"201900041253";"138 228 623";"B01";"1";"30";"0";"2";"1";"1";"0";""
"201900041253";"138 228 624";"A01";"1";"7";"0";"2";"8";"15";"1";""
"201900041254";"138 228 621";"A01";"2";"7";"0";"2";"1";"2";"1";""
"201900041254";"138 228 622";"B01";"2";"2";"0";"2";"6";"7";"1";""
"201900041255";"138 228 619";"A01";"2";"14";"0";"6";"1";"2";"1";""
"201900041255";"138 228 620";"B01";"0";"1";"0";"2";"0";"0";"5";""
"201900041256";"138 228 618";"A01";"2";"10";"1";"0";"2";"1";"1";""
"201900041257";"138 228 616";"B01";"1";"2";"0";"2";"1";"17";"1";""
"201900041257";"138 228 617";"A01";"1";"7";"0";"2";"8";"15";"1";""
"201900041258";"138 228 614";"A01";"1";"14";"0";"2";"8";"15";"0";""
"201900041258";"138 228 615";"B01";"1";"2";"0";"2";"1";"1";"1";""
"201900041259";"138 228 612";"B01";"2";"10";"0";"2";"7";"16";"1";""
"201900041259";"138 228 613";"A01";"2";"34";"0";"2";"8";"18";"1";""
"201900041260";"138 228 611";"A01";"1";"43";"12";"0";"1";"1";"1";""
"201900041261";"138 228 609";"A01";"1";"7";"0";"2";"1";"13";"1";""
"201900041261";"138 228 610";"B01";"2";"7";"0";"2";"1";"1";"1";""
"201900041262";"138 228 607";"B01";"0";"10";"0";"2";"3";"2";"1";""
"201900041262";"138 228 608";"A01";"0";"10";"0";"2";"3";"2";"1";""
"201900041263";"138 228 605";"B01";"0";"2";"0";"2";"1";"1";"1";""
"201900041263";"138 228 606";"A01";"0";"7";"0";"2";"3";"5";"1";""
"201900041264";"138 228 604";"A01";"1";"10";"0";"1";"3";"1";"1";""
"201900041265";"138 228 603";"A01";"2";"7";"2";"0";"1";"14";"1";""
"201900041266";"138 228 601";"A01";"2";"7";"0";"2";"1";"1";"1";""
"201900041266";"138 228 602";"B01";"2";"7";"0";"2";"3";"19";"1";""
"201900041267";"138 228 599";"B01";"2";"7";"0";"2";"4";"2";"1";""
"201900041267";"138 228 600";"A01";"2";"33";"14";"0";"1";"2";"1";""
"201900041268";"138 228 597";"B01";"1";"33";"6";"0";"8";"1";"1";""
"201900041268";"138 228 598";"A01";"1";"7";"0";"2";"3";"13";"1";""
"201900041269";"138 228 595";"B01";"2";"7";"0";"2";"1";"0";"1";""
"201900041269";"138 228 596";"A01";"1";"7";"0";"2";"1";"0";"1";""
"201900041270";"138 228 593";"A01";"3";"7";"0";"2";"7";"15";"1";""
"201900041270";"138 228 594";"B01";"2";"2";"0";"2";"1";"1";"1";""
"201900041271";"138 228 592";"A01";"1";"7";"13";"0";"2";"14";"1";""
"201900041272";"138 228 588";"D01";"3";"7";"0";"1";"8";"23";"1";""
"201900041272";"138 228 589";"C01";"1";"7";"1";"2";"3";"23";"1";""
"201900041272";"138 228 590";"B01";"1";"33";"0";"2";"1";"1";"1";""
"201900041272";"138 228 591";"A01";"1";"7";"0";"2";"1";"15";"1";""
"201900041273";"138 228 586";"A01";"1";"7";"0";"2";"0";"14";"1";""
"201900041273";"138 228 587";"B01";"1";"33";"0";"2";"1";"2";"1";""
"201900041274";"138 228 584";"A01";"2";"15";"0";"2";"1";"1";"1";""
"201900041274";"138 228 585";"B01";"1";"7";"0";"2";"1";"5";"1";""
"201900041275";"138 228 582";"B01";"1";"31";"0";"2";"1";"17";"1";""
"201900041275";"138 228 583";"A01";"1";"21";"0";"2";"3";"15";"1";""
"201900041276";"138 228 581";"A01";"2";"7";"0";"1";"8";"1";"1";""
"201900041277";"138 228 578";"C01";"1";"7";"0";"2";"8";"17";"1";""
"201900041277";"138 228 579";"B01";"2";"33";"0";"2";"6";"1";"1";""
"201900041277";"138 228 580";"A01";"2";"33";"0";"2";"3";"1";"1";""
"201900041278";"138 228 576";"A01";"2";"7";"0";"2";"1";"15";"1";""
"201900041278";"138 228 577";"B01";"1";"7";"0";"2";"1";"1";"1";""
"201900041279";"138 228 572";"B01";"1";"15";"0";"2";"3";"1";"1";""
"201900041279";"138 228 573";"A01";"2";"7";"0";"2";"3";"13";"1";""
"201900041280";"138 228 567";"E01";"1";"17";"0";"2";"8";"2";"1";""
"201900041280";"138 228 568";"D01";"1";"7";"0";"0";"4";"1";"1";""
"201900041280";"138 228 569";"C01";"1";"7";"0";"2";"4";"2";"1";""
"201900041280";"138 228 570";"B01";"1";"7";"0";"2";"6";"2";"1";""
"201900041280";"138 228 571";"A01";"1";"7";"0";"2";"2";"2";"1";""
"201900041281";"138 228 566";"A01";"1";"7";"0";"1";"2";"14";"1";""
"201900041282";"138 228 563";"A01";"1";"10";"0";"2";"1";"1";"1";""
"201900041282";"138 228 564";"B01";"1";"7";"0";"2";"5";"1";"1";""
"201900041282";"138 228 565";"C01";"2";"7";"0";"2";"1";"23";"1";""
"201900041283";"138 228 561";"B01";"2";"7";"0";"2";"1";"1";"0";""
"201900041283";"138 228 562";"A01";"1";"7";"13";"2";"1";"21";"0";""
"201900041284";"138 228 558";"C01";"2";"34";"0";"2";"1";"26";"1";""
"201900041284";"138 228 559";"B01";"3";"7";"0";"2";"2";"23";"1";""
"201900041284";"138 228 560";"A01";"1";"7";"0";"2";"1";"11";"1";""
"201900041285";"138 228 557";"A01";"3";"7";"13";"0";"1";"0";"1";""
"201900041286";"138 228 556";"A01";"0";"7";"0";"0";"1";"0";"6";""
"201900041287";"138 228 555";"A01";"2";"7";"2";"0";"2";"26";"0";""
"201900041288";"138 228 553";"B01";"1";"33";"0";"2";"1";"1";"0";""
"201900041288";"138 228 554";"A01";"2";"7";"0";"2";"3";"15";"0";""
"201900041289";"138 228 551";"B01";"1";"7";"0";"2";"3";"1";"1";""
"201900041289";"138 228 552";"A01";"2";"10";"0";"2";"3";"13";"1";""
"201900041290";"138 228 550";"A01";"2";"7";"15";"9";"1";"0";"1";""
"201900041291";"138 228 548";"B01";"1";"1";"0";"2";"4";"1";"5";""
"201900041291";"138 228 549";"A01";"1";"7";"0";"2";"7";"17";"1";""
"201900041292";"138 228 544";"D01";"2";"33";"13";"0";"1";"21";"1";""
"201900041292";"138 228 545";"C01";"2";"33";"13";"0";"1";"21";"1";""
"201900041292";"138 228 546";"B01";"1";"17";"0";"2";"1";"1";"1";""
"201900041292";"138 228 547";"A01";"1";"7";"0";"2";"8";"10";"1";""
"201900041293";"138 228 543";"A01";"1";"7";"3";"0";"8";"1";"1";""
"201900041294";"138 228 542";"A01";"1";"1";"2";"0";"1";"1";"5";""
"201900041295";"138 228 539";"C01";"1";"7";"3";"0";"4";"23";"1";""
"201900041295";"138 228 540";"B01";"1";"7";"0";"2";"3";"0";"1";""
"201900041295";"138 228 541";"A01";"1";"33";"0";"2";"7";"12";"1";""
"201900041296";"138 228 538";"A01";"1";"2";"0";"0";"1";"1";"1";""
"201900041297";"138 228 536";"A01";"1";"7";"0";"2";"2";"2";"1";""
"201900041297";"138 228 537";"B01";"1";"7";"6";"0";"4";"2";"1";""
"201900041298";"138 228 534";"B01";"1";"1";"0";"2";"0";"2";"5";""
"201900041298";"138 228 535";"A01";"1";"7";"0";"2";"7";"2";"1";""
"201900041299";"138 228 531";"A01";"1";"7";"0";"2";"3";"1";"1";""
"201900041299";"138 228 532";"B01";"2";"31";"9";"2";"1";"13";"1";""
"201900041300";"138 228 530";"A01";"2";"7";"13";"0";"1";"0";"0";""
"201900041301";"138 228 528";"A01";"2";"33";"0";"2";"1";"17";"1";""
"201900041301";"138 228 529";"B01";"2";"7";"0";"2";"8";"16";"1";""
"201900041302";"138 228 526";"B01";"2";"7";"0";"2";"1";"5";"1";""
"201900041302";"138 228 527";"A01";"1";"7";"0";"2";"3";"1";"1";""
"201900041303";"138 228 525";"A01";"3";"31";"0";"0";"8";"1";"1";""
"201900041304";"138 228 524";"A01";"2";"33";"13";"0";"1";"14";"1";""
"201900041305";"138 228 523";"A01";"1";"7";"7";"0";"1";"1";"1";""
"201900041306";"138 228 521";"B01";"2";"7";"14";"0";"3";"1";"1";""
"201900041306";"138 228 522";"A01";"2";"7";"4";"0";"5";"23";"1";""
"201900041307";"138 228 520";"A01";"1";"33";"5";"0";"1";"14";"1";""
"201900041308";"138 228 518";"B01";"2";"7";"0";"2";"3";"15";"1";""
"201900041308";"138 228 519";"A01";"2";"31";"0";"2";"1";"17";"1";""
"201900041309";"138 228 517";"A01";"1";"7";"13";"0";"1";"2";"1";""
"201900041310";"138 228 516";"A01";"1";"7";"4";"0";"3";"11";"0";""
"201900041311";"138 228 514";"A01";"3";"33";"1";"0";"1";"17";"0";""
"201900041311";"138 228 515";"B01";"0";"7";"0";"0";"1";"26";"0";""
"201900041312";"138 228 511";"B01";"2";"7";"0";"2";"2";"1";"1";""
"201900041312";"138 228 512";"A01";"1";"31";"0";"2";"7";"15";"1";""
"201900041313";"138 228 510";"A01";"2";"7";"3";"0";"3";"3";"1";""
"201900041314";"138 228 509";"A01";"2";"7";"4";"0";"3";"13";"0";""
"201900041315";"138 228 507";"A01";"2";"7";"0";"2";"3";"1";"1";""
"201900041315";"138 228 508";"B01";"0";"7";"0";"2";"8";"19";"1";""
"201900041316";"138 228 506";"A01";"1";"7";"6";"0";"1";"13";"1";""
"201900041317";"138 228 504";"A01";"1";"10";"0";"2";"2";"13";"0";""
"201900041317";"138 228 505";"B01";"2";"7";"0";"2";"2";"0";"1";""
"201900041318";"138 228 503";"A01";"0";"7";"0";"1";"2";"1";"1";""
"201900041319";"138 228 502";"A01";"2";"7";"2";"0";"2";"0";"1";""
"201900041320";"138 228 500";"A01";"2";"2";"0";"0";"3";"21";"1";""
"201900041321";"138 228 498";"B01";"3";"7";"0";"2";"3";"23";"1";""
"201900041321";"138 228 499";"A01";"2";"30";"0";"2";"7";"3";"1";""
"201900041322";"138 228 496";"A01";"2";"1";"0";"2";"8";"1";"5";""
"201900041322";"138 228 497";"B01";"1";"7";"0";"2";"0";"5";"0";""
"201900041323";"138 228 494";"Z01";"1";"7";"0";"2";"1";"15";"1";""
"201900041323";"138 228 495";"B01";"1";"30";"0";"2";"8";"17";"1";""
"201900041324";"138 228 492";"A01";"2";"1";"0";"2";"1";"1";"5";""
"201900041324";"138 228 493";"B01";"2";"7";"0";"2";"4";"23";"1";""
"201900041325";"138 228 490";"A01";"1";"10";"0";"2";"3";"15";"1";""
"201900041325";"138 228 491";"B01";"1";"33";"0";"2";"7";"17";"1";""
"201900041326";"138 228 486";"D01";"1";"10";"0";"2";"4";"23";"1";""
"201900041326";"138 228 487";"C01";"1";"7";"0";"2";"4";"23";"1";""
"201900041326";"138 228 488";"B01";"1";"7";"0";"2";"4";"23";"1";""
"201900041326";"138 228 489";"A01";"1";"37";"0";"2";"4";"2";"1";"1"
"201900041327";"138 228 483";"A01";"1";"33";"0";"2";"8";"1";"1";""
"201900041327";"138 228 484";"B01";"1";"7";"0";"2";"8";"23";"1";""
"201900041327";"138 228 485";"C01";"1";"7";"0";"2";"3";"23";"1";""
"201900041328";"138 228 482";"A01";"2";"1";"0";"1";"8";"1";"5";""
"201900041329";"138 228 480";"B01";"2";"31";"0";"2";"7";"17";"1";""
"201900041329";"138 228 481";"A01";"2";"7";"0";"2";"8";"15";"1";""
"201900041330";"138 228 478";"A01";"1";"33";"0";"2";"1";"17";"1";""
"201900041330";"138 228 479";"B01";"1";"10";"0";"2";"4";"23";"1";""
"201900041331";"138 228 476";"A01";"1";"7";"0";"2";"6";"4";"1";""
"201900041331";"138 228 477";"B01";"1";"43";"0";"2";"2";"23";"1";""
"201900041332";"138 228 475";"A01";"1";"1";"0";"1";"1";"15";"5";""
"201900041333";"138 228 473";"B01";"1";"1";"0";"2";"0";"15";"5";""
"201900041333";"138 228 474";"A01";"1";"7";"0";"2";"2";"1";"1";""
"201900041334";"138 228 471";"B01";"3";"1";"0";"2";"7";"19";"5";""
"201900041334";"138 228 472";"A01";"1";"7";"0";"2";"1";"1";"1";""
"201900041335";"138 228 470";"Z01";"2";"1";"0";"1";"0";"25";"5";""
"201900041336";"138 228 469";"Z01";"1";"1";"0";"1";"1";"1";"5";""
"201900041337";"138 228 467";"A01";"1";"7";"0";"2";"3";"10";"1";""
"201900041337";"138 228 468";"B01";"1";"42";"0";"2";"2";"1";"1";""
"201900041338";"138 228 465";"A01";"1";"7";"0";"2";"6";"10";"2";""
"201900041338";"138 228 466";"B01";"1";"2";"0";"2";"1";"1";"1";""
"201900041339";"138 228 464";"A01";"1";"30";"1";"0";"2";"14";"3";""
"201900041340";"138 228 463";"A01";"3";"42";"0";"0";"0";"1";"1";""
"201900041341";"138 228 461";"Z01";"3";"7";"0";"2";"0";"14";"0";""
"201900041341";"138 228 462";"A01";"3";"1";"0";"2";"8";"1";"5";""
"201900041342";"138 228 459";"A01";"1";"37";"0";"2";"2";"1";"2";"2"
"201900041342";"138 228 460";"B01";"1";"1";"0";"2";"0";"18";"5";""
"201900041343";"138 228 457";"A01";"1";"7";"0";"2";"1";"10";"1";""
"201900041343";"138 228 458";"B01";"2";"1";"0";"2";"8";"1";"5";""
"201900041344";"138 228 454";"B01";"3";"33";"0";"2";"2";"1";"1";""
"201900041344";"138 228 455";"C01";"3";"34";"0";"2";"8";"1";"1";""
"201900041344";"138 228 456";"A01";"1";"7";"0";"2";"8";"1";"1";""
"201900041345";"138 228 453";"A01";"1";"1";"0";"0";"1";"1";"5";""
"201900041346";"138 228 451";"A01";"1";"7";"0";"2";"7";"19";"1";""
"201900041346";"138 228 452";"B01";"1";"43";"0";"2";"1";"1";"1";""
"201900041347";"138 228 449";"B01";"2";"7";"0";"2";"7";"12";"1";""
"201900041347";"138 228 450";"A01";"2";"34";"0";"2";"3";"18";"1";""
"201900041348";"138 228 447";"A01";"2";"7";"0";"2";"2";"9";"1";""
"201900041348";"138 228 448";"B01";"2";"30";"0";"2";"6";"2";"1";""
"201900041349";"138 228 445";"A01";"2";"1";"0";"2";"8";"19";"5";""
"201900041349";"138 228 446";"B01";"2";"30";"0";"2";"1";"1";"1";""
"201900041350";"138 228 444";"Z01";"2";"7";"0";"1";"0";"1";"0";""
"201900041351";"138 228 442";"A01";"2";"10";"0";"2";"3";"15";"1";""
"201900041351";"138 228 443";"B01";"2";"42";"0";"2";"7";"1";"1";""
"201900041352";"138 228 440";"A01";"1";"10";"0";"2";"6";"1";"1";""
"201900041352";"138 228 441";"B01";"1";"1";"0";"2";"1";"1";"5";""
"201900041353";"138 228 437";"C01";"3";"7";"0";"2";"5";"24";"0";""
"201900041353";"138 228 438";"B01";"3";"7";"0";"2";"6";"23";"0";""
"201900041353";"138 228 439";"A01";"1";"32";"1";"0";"1";"18";"0";""
"201900041354";"138 228 435";"A01";"1";"7";"0";"2";"2";"1";"0";""
"201900041354";"138 228 436";"B01";"1";"7";"0";"2";"6";"2";"0";""
"201900041355";"138 228 432";"C01";"1";"7";"0";"2";"4";"26";"1";""
"201900041355";"138 228 433";"B01";"1";"7";"0";"2";"1";"2";"1";""
"201900041355";"138 228 434";"A01";"1";"7";"0";"2";"1";"2";"1";""
"201900041356";"138 228 430";"A01";"2";"14";"0";"2";"1";"1";"1";""
"201900041356";"138 228 431";"B01";"1";"7";"0";"2";"4";"1";"1";""
"201900041357";"138 228 428";"B01";"1";"7";"0";"2";"1";"1";"1";""
"201900041357";"138 228 429";"A01";"1";"7";"0";"2";"4";"9";"1";""
"201900041358";"138 228 426";"B01";"2";"34";"0";"2";"7";"17";"1";""
"201900041358";"138 228 427";"A01";"2";"7";"0";"2";"3";"13";"1";""
"201900041359";"138 228 421";"A01";"1";"7";"0";"2";"4";"19";"1";""
"201900041359";"138 228 422";"B01";"1";"2";"0";"2";"1";"1";"1";""
"201900041359";"138 228 423";"C01";"1";"2";"0";"2";"0";"2";"1";""
"201900041360";"138 228 419";"B01";"1";"1";"0";"0";"1";"0";"0";""
"201900041360";"138 228 420";"A01";"1";"3";"0";"0";"3";"13";"1";""
"201900041361";"138 228 415";"A01";"1";"34";"0";"0";"1";"0";"1";""
"201900041361";"138 228 416";"B01";"1";"7";"0";"2";"6";"11";"1";""
"201900041362";"138 228 411";"Z01";"2";"7";"0";"1";"0";"0";"0";""
"201900041363";"138 228 409";"B01";"2";"7";"0";"2";"8";"15";"1";""
"201900041363";"138 228 410";"A01";"2";"31";"0";"2";"7";"17";"1";""
"201900041364";"138 228 407";"B01";"1";"7";"0";"2";"5";"16";"0";""
"201900041364";"138 228 408";"A01";"1";"30";"0";"2";"1";"9";"0";""
"201900041365";"138 228 405";"A01";"2";"7";"0";"2";"0";"0";"1";""
"201900041365";"138 228 406";"B01";"2";"50";"0";"2";"1";"1";"3";""
"201900041366";"138 228 403";"B01";"3";"1";"0";"2";"7";"19";"5";""
"201900041366";"138 228 404";"A01";"1";"33";"0";"2";"1";"1";"1";""
"201900041367";"138 228 401";"B01";"0";"2";"0";"2";"7";"1";"1";""
"201900041367";"138 228 402";"A01";"0";"7";"0";"2";"8";"15";"1";""
"201900041368";"138 228 399";"B01";"2";"50";"0";"2";"1";"14";"3";""
"201900041368";"138 228 400";"A01";"1";"7";"0";"9";"0";"15";"1";""
"201900041369";"138 228 398";"A01";"3";"7";"0";"1";"2";"17";"1";""
"201900041370";"138 228 397";"A01";"1";"7";"0";"1";"2";"1";"1";""
"201900041371";"138 228 396";"A01";"3";"7";"0";"1";"4";"1";"1";""
"201900041372";"138 228 394";"B01";"2";"1";"0";"2";"3";"2";"5";""
"201900041372";"138 228 395";"A01";"2";"7";"0";"2";"2";"2";"1";""
"201900041373";"138 228 390";"A01";"1";"7";"0";"2";"3";"21";"0";""
"201900041373";"138 228 391";"B01";"1";"32";"0";"2";"7";"17";"0";""
"201900041374";"138 228 389";"A01";"1";"37";"0";"1";"2";"16";"0";"1"
"201900041375";"138 228 387";"B01";"1";"10";"0";"2";"3";"0";"3";""
"201900041375";"138 228 388";"A01";"1";"10";"0";"2";"1";"2";"1";""
"201900041376";"138 228 385";"A01";"1";"7";"0";"2";"0";"0";"1";""
"201900041376";"138 228 386";"B01";"1";"7";"0";"2";"3";"0";"1";""
"201900041377";"138 228 384";"A01";"2";"7";"0";"1";"1";"1";"1";""
"201900041378";"138 228 381";"A01";"3";"37";"3";"1";"1";"16";"1";"10"
"201900041379";"138 228 379";"B01";"2";"7";"0";"2";"3";"1";"1";""
"201900041379";"138 228 380";"A01";"1";"32";"0";"2";"2";"15";"1";""
"201900041380";"138 228 377";"B01";"3";"7";"0";"2";"3";"1";"1";""
"201900041380";"138 228 378";"A01";"2";"7";"0";"2";"2";"26";"1";""
"201900041381";"138 228 375";"A01";"2";"7";"0";"0";"0";"14";"1";""
"201900041381";"138 228 376";"B01";"1";"7";"0";"0";"0";"0";"1";""
"201900041382";"138 228 374";"B01";"1";"0";"0";"1";"0";"16";"0";""
"201900041383";"138 228 372";"A01";"0";"10";"0";"0";"0";"0";"1";""
"201900041383";"138 228 373";"B01";"2";"2";"0";"0";"0";"2";"1";""
"201900041384";"138 228 371";"A01";"1";"7";"0";"1";"2";"1";"1";""
"201900041385";"138 228 369";"A01";"1";"7";"0";"2";"1";"15";"1";""
"201900041385";"138 228 370";"B01";"2";"7";"0";"2";"1";"1";"1";""
"201900041386";"138 228 367";"B01";"2";"10";"0";"2";"2";"1";"1";""
"201900041386";"138 228 368";"A01";"2";"10";"0";"2";"3";"1";"1";""
"201900041387";"138 228 365";"A01";"2";"7";"0";"2";"8";"10";"0";""
"201900041387";"138 228 366";"B01";"1";"43";"0";"2";"1";"2";"0";""
"201900041388";"138 228 364";"A01";"2";"7";"0";"1";"2";"1";"1";""
"201900041389";"138 228 360";"B01";"2";"31";"0";"2";"1";"17";"0";""
"201900041389";"138 228 361";"A01";"1";"7";"0";"2";"2";"15";"1";""
"201900041390";"138 228 358";"A01";"3";"7";"0";"2";"8";"1";"1";""
"201900041390";"138 228 359";"B01";"3";"7";"0";"2";"1";"19";"1";""
"201900041391";"138 228 356";"B01";"2";"32";"0";"2";"1";"17";"1";""
"201900041391";"138 228 357";"A01";"1";"7";"0";"2";"1";"15";"1";""
"201900041392";"138 228 354";"B01";"1";"7";"0";"2";"7";"1";"1";""
"201900041392";"138 228 355";"A01";"1";"30";"0";"2";"1";"19";"1";""
"201900041393";"138 228 353";"A01";"0";"34";"0";"1";"3";"26";"1";""
"201900041394";"138 228 351";"A01";"1";"7";"0";"2";"2";"14";"1";""
"201900041394";"138 228 352";"B01";"1";"7";"0";"2";"8";"1";"1";""
"201900041395";"138 228 350";"A01";"3";"30";"0";"1";"3";"2";"1";""
"201900041396";"138 228 348";"A01";"1";"7";"0";"2";"8";"10";"1";""
"201900041396";"138 228 349";"B01";"1";"34";"0";"2";"1";"17";"1";""
"201900041397";"138 228 346";"A01";"1";"10";"0";"2";"0";"26";"1";""
"201900041397";"138 228 347";"B01";"1";"2";"0";"2";"4";"2";"1";""
"201900041398";"138 228 345";"A01";"2";"37";"0";"1";"2";"1";"1";"1"
"201900041399";"138 228 344";"A01";"3";"7";"0";"1";"1";"23";"1";""
"201900041400";"138 228 343";"A01";"1";"3";"0";"1";"3";"12";"2";""
"201900041401";"138 228 341";"A01";"2";"7";"0";"2";"3";"15";"1";""
"201900041401";"138 228 342";"B01";"1";"1";"0";"2";"0";"0";"5";""
"201900041402";"138 228 339";"A01";"3";"7";"0";"2";"3";"15";"1";""
"201900041402";"138 228 340";"B01";"3";"32";"0";"2";"2";"17";"1";""
"201900041403";"138 228 337";"A01";"1";"10";"0";"6";"2";"16";"0";""
"201900041403";"138 228 338";"B01";"1";"2";"0";"2";"3";"18";"0";""
"201900041404";"138 228 335";"B01";"3";"10";"15";"2";"3";"11";"1";""
"201900041404";"138 228 336";"A01";"3";"32";"15";"2";"3";"17";"1";""
"201900041405";"138 228 334";"A01";"3";"1";"0";"1";"1";"1";"5";""
"201900041406";"138 228 333";"A01";"1";"30";"0";"1";"1";"1";"1";""
"201900041407";"138 228 331";"A01";"1";"7";"0";"2";"3";"11";"1";""
"201900041407";"138 228 332";"B01";"1";"2";"0";"2";"7";"1";"1";""
"201900041408";"138 228 329";"B01";"3";"7";"0";"2";"8";"15";"1";""
"201900041408";"138 228 330";"A01";"3";"30";"0";"2";"2";"17";"1";""
"201900041409";"138 228 326";"C01";"3";"7";"0";"2";"4";"1";"1";""
"201900041409";"138 228 327";"A01";"3";"7";"0";"2";"9";"1";"1";""
"201900041409";"138 228 328";"B01";"3";"7";"0";"2";"4";"1";"1";""
"201900041410";"138 228 325";"A01";"1";"7";"0";"1";"1";"2";"1";""
"201900041411";"138 228 324";"A01";"2";"31";"9";"0";"2";"1";"1";""
"201900041412";"138 228 322";"A01";"1";"3";"0";"2";"8";"10";"0";""
"201900041412";"138 228 323";"B01";"1";"31";"0";"2";"1";"17";"0";""
"201900041413";"138 228 321";"A01";"2";"1";"0";"0";"0";"0";"0";""
"201900041414";"138 228 319";"A01";"2";"7";"0";"2";"2";"15";"1";""
"201900041414";"138 228 320";"B01";"1";"7";"0";"2";"1";"9";"1";""
"201900041415";"138 228 317";"B01";"3";"33";"0";"2";"1";"1";"1";""
"201900041415";"138 228 318";"A01";"3";"2";"0";"2";"1";"25";"1";""
"201900041416";"138 228 315";"B01";"3";"10";"0";"2";"6";"1";"1";""
"201900041416";"138 228 316";"A01";"3";"31";"0";"2";"2";"3";"1";""
"201900041417";"138 228 313";"A01";"3";"7";"0";"2";"6";"15";"1";""
"201900041417";"138 228 314";"B01";"3";"33";"0";"2";"2";"1";"1";""
"201900041418";"138 228 311";"B01";"3";"7";"0";"2";"3";"1";"1";""
"201900041418";"138 228 312";"A01";"3";"30";"0";"2";"2";"1";"3";""
"201900041419";"138 228 310";"A01";"2";"33";"0";"1";"1";"1";"1";""
"201900041420";"138 228 307";"A01";"1";"10";"0";"1";"7";"1";"1";""
"201900041421";"138 228 305";"A01";"1";"7";"0";"6";"1";"11";"1";""
"201900041421";"138 228 306";"B01";"1";"1";"0";"2";"4";"1";"5";""
"201900041422";"138 228 304";"A01";"3";"34";"0";"0";"8";"0";"0";""
"201900041423";"138 228 303";"A01";"3";"7";"8";"0";"3";"1";"1";""
"201900041424";"138 228 302";"A01";"1";"7";"0";"1";"1";"0";"1";""