"Num_Acc";"id_vehicule";"num_veh";"senc";"catv";"obs";"obsm";"choc";"manv";"motor";"occutc"
"201900042228";"138 226 755";"B01";"2";"7";"0";"2";"4";"1";"1";""
"201900042229";"138 226 752";"B01";"2";"32";"0";"2";"1";"3";"1";""
"201900042229";"138 226 753";"A01";"2";"10";"0";"2";"3";"12";"1";""
"201900042230";"138 226 750";"B01";"1";"33";"0";"2";"7";"1";"1";""
"201900042230";"138 226 751";"A01";"1";"7";"0";"2";"8";"11";"1";""
"201900042231";"138 226 745";"D01";"1";"10";"0";"2";"4";"23";"1";""
"201900042231";"138 226 746";"C01";"1";"10";"0";"2";"8";"23";"1";""
"201900042231";"138 226 747";"B01";"1";"10";"0";"2";"4";"0";"1";""
"201900042231";"138 226 748";"A01";"1";"10";"0";"2";"1";"2";"1";""
"201900042231";"138 226 749";"E01";"1";"7";"0";"2";"4";"23";"1";""
"201900042232";"138 226 742";"A01";"1";"7";"0";"2";"1";"1";"1";""
"201900042232";"138 226 743";"B01";"1";"7";"0";"2";"4";"2";"1";""
"201900042232";"138 226 744";"C01";"1";"7";"0";"2";"4";"2";"1";""
"201900042233";"138 226 741";"A01";"1";"7";"4";"0";"1";"15";"1";""
"201900042234";"138 226 739";"B01";"1";"7";"0";"2";"0";"0";"1";""
"201900042234";"138 226 740";"A01";"1";"7";"0";"2";"0";"0";"1";""
"201900042235";"138 226 738";"A01";"1";"7";"3";"0";"1";"1";"1";""
"201900042236";"138 226 737";"A01";"2";"7";"3";"0";"1";"14";"1";""
"201900042237";"138 226 735";"A01";"1";"7";"0";"2";"5";"12";"1";""
"201900042237";"138 226 736";"B01";"1";"31";"0";"2";"8";"1";"1";""
"201900042238";"138 226 733";"A01";"2";"7";"0";"2";"1";"2";"1";""
"201900042238";"138 226 734";"B01";"2";"7";"0";"2";"4";"2";"1";""
"201900042239";"138 226 731";"B01";"1";"7";"0";"2";"6";"11";"1";""
"201900042239";"138 226 732";"A01";"1";"33";"0";"2";"1";"3";"1";""
"201900042240";"138 226 729";"A01";"2";"7";"0";"0";"0";"26";"1";""
"201900042241";"138 226 728";"A01";"2";"10";"6";"0";"0";"0";"1";""
"201900042242";"138 226 726";"B01";"2";"7";"0";"2";"6";"1";"1";""
"201900042242";"138 226 727";"A01";"2";"10";"0";"2";"2";"14";"1";""
"201900042243";"138 226 724";"A01";"1";"7";"0";"2";"1";"2";"1";""
"201900042243";"138 226 725";"B01";"1";"7";"0";"2";"4";"2";"1";""
"201900042244";"138 226 722";"A01";"1";"7";"0";"2";"8";"11";"1";""
"201900042244";"138 226 723";"B01";"1";"7";"0";"2";"7";"3";"1";""
"201900042245";"138 226 720";"A01";"1";"33";"0";"2";"1";"2";"1";""
"201900042245";"138 226 721";"B01";"1";"7";"0";"2";"4";"2";"1";""
"201900042246";"138 226 718";"A01";"2";"7";"0";"2";"9";"26";"1";""
"201900042246";"138 226 719";"B01";"2";"17";"0";"2";"3";"26";"1";""
"201900042247";"138 226 714";"Z01";"1";"0";"0";"2";"0";"0";"0";""
"201900042247";"138 226 715";"A01";"1";"33";"4";"2";"7";"1";"1";""
"201900042248";"138 226 711";"A01";"1";"33";"0";"2";"7";"3";"1";""
"201900042248";"138 226 712";"B01";"1";"7";"0";"2";"8";"1";"2";""
"201900042248";"138 226 713";"C01";"1";"7";"0";"2";"4";"12";"1";""
"201900042249";"138 226 708";"A01";"1";"10";"0";"2";"7";"12";"1";""
"201900042249";"138 226 709";"B01";"1";"33";"0";"2";"8";"3";"1";""
"201900042249";"138 226 710";"C01";"1";"10";"0";"2";"8";"1";"1";""
"201900042250";"138 226 706";"A01";"2";"33";"0";"2";"3";"3";"1";""
"201900042250";"138 226 707";"B01";"2";"7";"0";"2";"7";"12";"1";""
"201900042251";"138 226 705";"A01";"1";"7";"4";"0";"1";"1";"1";""
"201900042252";"138 226 703";"B01";"1";"7";"0";"2";"2";"17";"1";""
"201900042252";"138 226 704";"A01";"1";"10";"4";"2";"6";"1";"1";""
"201900042253";"138 226 702";"A01";"1";"7";"4";"0";"1";"1";"1";""
"201900042254";"138 226 697";"C01";"1";"7";"0";"2";"4";"1";"1";""
"201900042254";"138 226 698";"B01";"1";"32";"0";"2";"7";"3";"1";""
"201900042254";"138 226 699";"A01";"1";"7";"0";"2";"8";"11";"1";""
"201900042255";"138 226 695";"A01";"2";"32";"0";"2";"1";"1";"1";""
"201900042255";"138 226 696";"B01";"2";"7";"0";"2";"4";"2";"1";""
"201900042256";"138 226 693";"A01";"2";"15";"0";"2";"2";"12";"1";""
"201900042256";"138 226 694";"B01";"2";"10";"0";"2";"6";"1";"1";""
"201900042257";"138 226 691";"B01";"1";"7";"13";"2";"4";"16";"1";""
"201900042257";"138 226 692";"A01";"1";"7";"13";"2";"6";"16";"1";""
"201900042258";"138 226 683";"B01";"2";"7";"0";"2";"3";"1";"1";""
"201900042258";"138 226 684";"A01";"1";"7";"0";"2";"5";"1";"1";""
"201900042259";"138 226 682";"A01";"2";"7";"0";"1";"1";"1";"1";""
"201900042260";"138 226 681";"A01";"3";"30";"0";"0";"0";"1";"1";""
"201900042261";"138 226 680";"A01";"1";"30";"0";"0";"7";"1";"1";""
"201900042262";"138 226 678";"A01";"3";"7";"0";"1";"5";"26";"0";""
"201900042263";"138 226 677";"A01";"1";"34";"0";"0";"0";"2";"0";""
"201900042264";"138 226 675";"A01";"1";"34";"0";"2";"2";"17";"1";""
"201900042264";"138 226 676";"B01";"1";"7";"0";"2";"3";"15";"1";""
"201900042265";"138 226 673";"A01";"2";"32";"0";"2";"3";"1";"0";""
"201900042265";"138 226 674";"B01";"1";"7";"0";"2";"1";"15";"0";""
"201900042266";"138 226 671";"A01";"2";"7";"0";"2";"1";"2";"1";""
"201900042266";"138 226 672";"B01";"2";"7";"0";"2";"4";"1";"1";""
"201900042267";"138 226 670";"A01";"2";"7";"3";"2";"7";"12";"1";""
"201900042268";"138 226 668";"B01";"1";"7";"0";"2";"4";"2";"1";""
"201900042268";"138 226 669";"A01";"1";"33";"0";"2";"1";"2";"1";""
"201900042269";"138 226 666";"A01";"2";"43";"0";"2";"1";"11";"1";""
"201900042269";"138 226 667";"B01";"2";"7";"0";"2";"4";"1";"1";""
"201900042270";"138 226 665";"A01";"3";"31";"8";"0";"8";"16";"1";""
"201900042271";"138 226 663";"B01";"3";"33";"0";"2";"7";"15";"1";""
"201900042271";"138 226 664";"A01";"3";"7";"0";"2";"1";"1";"1";""
"201900042272";"138 226 660";"C01";"1";"7";"0";"2";"1";"24";"1";""
"201900042272";"138 226 661";"B01";"1";"7";"0";"2";"1";"0";"1";""
"201900042272";"138 226 662";"A01";"1";"7";"0";"2";"1";"15";"1";""
"201900042273";"138 226 658";"A01";"3";"7";"0";"2";"3";"11";"1";""
"201900042273";"138 226 659";"B01";"3";"10";"0";"2";"7";"1";"1";""
"201900042274";"138 226 657";"A01";"3";"15";"0";"1";"2";"21";"1";""
"201900042275";"138 226 655";"B01";"0";"32";"0";"2";"1";"1";"1";""
"201900042275";"138 226 656";"A01";"3";"7";"0";"2";"3";"15";"1";""
"201900042276";"138 226 653";"B01";"2";"30";"0";"2";"1";"1";"6";""
"201900042276";"138 226 654";"A01";"1";"7";"0";"2";"7";"15";"6";""
"201900042277";"138 226 651";"A01";"1";"7";"0";"2";"3";"16";"1";""
"201900042277";"138 226 652";"B01";"1";"2";"0";"2";"1";"1";"1";""
"201900042278";"138 226 650";"A01";"0";"0";"0";"1";"0";"0";"0";""
"201900042279";"138 226 648";"B01";"1";"7";"0";"2";"7";"1";"1";""
"201900042279";"138 226 649";"A01";"2";"14";"0";"2";"1";"1";"1";""
"201900042280";"138 226 646";"B01";"3";"7";"0";"2";"6";"1";"1";""
"201900042280";"138 226 647";"A01";"3";"7";"0";"2";"1";"1";"1";""
"201900042281";"138 226 644";"A01";"2";"7";"0";"2";"1";"15";"0";""
"201900042281";"138 226 645";"B01";"1";"33";"0";"2";"8";"0";"0";""
"201900042282";"138 226 642";"A01";"2";"13";"3";"2";"6";"26";"1";""
"201900042282";"138 226 643";"B01";"2";"10";"0";"2";"4";"23";"1";""
"201900042283";"138 226 640";"B01";"1";"7";"0";"0";"0";"11";"1";""
"201900042283";"138 226 641";"A01";"1";"33";"0";"2";"0";"1";"1";""
"201900042284";"138 226 638";"B01";"2";"50";"1";"0";"2";"1";"3";""
"201900042284";"138 226 639";"A01";"3";"3";"0";"2";"3";"24";"2";""
"201900042285";"138 226 637";"A01";"2";"7";"0";"1";"3";"15";"1";""
"201900042286";"138 226 636";"A01";"1";"7";"0";"1";"1";"26";"1";""
"201900042287";"138 226 635";"A01";"3";"7";"0";"1";"1";"19";"1";""
"201900042288";"138 226 633";"A01";"2";"7";"0";"2";"3";"2";"1";""
"201900042288";"138 226 634";"B01";"2";"33";"0";"2";"4";"2";"1";""
"201900042289";"138 226 629";"A01";"2";"7";"0";"2";"0";"0";"6";""
"201900042289";"138 226 630";"B01";"1";"33";"14";"2";"9";"23";"6";""
"201900042289";"138 226 631";"C01";"1";"7";"0";"2";"5";"24";"6";""
"201900042289";"138 226 632";"D01";"1";"7";"0";"2";"6";"24";"6";""
"201900042290";"138 226 627";"B01";"0";"10";"0";"0";"5";"12";"1";""
"201900042290";"138 226 628";"G01";"0";"33";"0";"2";"1";"21";"1";""
"201900042291";"138 226 626";"A01";"0";"10";"0";"1";"4";"20";"1";""
"201900042292";"138 226 623";"C01";"3";"7";"0";"2";"4";"2";"0";""
"201900042292";"138 226 624";"B01";"3";"7";"0";"2";"4";"2";"0";""
"201900042292";"138 226 625";"A01";"3";"10";"0";"2";"1";"2";"0";""
"201900042293";"138 226 622";"A01";"2";"7";"0";"1";"1";"1";"1";""
"201900042294";"138 226 617";"D01";"2";"17";"0";"2";"1";"2";"1";""
"201900042294";"138 226 618";"C01";"2";"7";"0";"2";"1";"2";"1";""
"201900042294";"138 226 619";"B01";"1";"13";"0";"2";"4";"2";"1";""
"201900042294";"138 226 620";"A01";"2";"7";"3";"0";"1";"1";"1";""
"201900042294";"138 226 621";"E01";"2";"7";"0";"2";"1";"2";"1";""
"201900042295";"138 226 615";"A01";"1";"7";"0";"9";"3";"1";"1";""
"201900042295";"138 226 616";"B01";"1";"1";"0";"2";"1";"1";"5";""
"201900042296";"138 226 613";"A01";"1";"7";"0";"2";"3";"10";"1";""
"201900042296";"138 226 614";"B01";"2";"31";"0";"2";"1";"2";"1";""
"201900042297";"138 226 611";"B01";"3";"2";"0";"2";"1";"1";"1";""
"201900042297";"138 226 612";"A01";"3";"7";"0";"2";"8";"19";"1";""
"201900042298";"138 226 610";"A01";"2";"7";"0";"1";"2";"1";"1";""
"201900042299";"138 226 608";"A01";"1";"1";"0";"2";"1";"19";"5";""
"201900042299";"138 226 609";"B01";"2";"7";"0";"9";"8";"1";"1";""
"201900042300";"138 226 607";"A01";"1";"7";"8";"0";"1";"9";"0";""
"201900042301";"138 226 605";"A01";"3";"10";"0";"2";"6";"9";"1";""
"201900042301";"138 226 606";"B01";"2";"33";"0";"2";"1";"1";"1";""
"201900042302";"138 226 601";"B01";"1";"7";"0";"2";"4";"2";"1";""
"201900042302";"138 226 602";"A01";"1";"7";"0";"2";"1";"2";"1";""
"201900042303";"138 226 599";"B01";"1";"34";"0";"2";"1";"1";"1";""
"201900042303";"138 226 600";"A01";"2";"7";"0";"2";"1";"15";"1";""
"201900042304";"138 226 597";"B01";"2";"7";"0";"2";"6";"1";"1";""
"201900042304";"138 226 598";"A01";"2";"7";"0";"2";"1";"1";"1";""
"201900042305";"138 226 595";"B01";"1";"7";"0";"2";"1";"1";"1";""
"201900042305";"138 226 596";"A01";"2";"7";"0";"2";"1";"13";"1";""
"201900042306";"138 226 593";"B01";"1";"32";"0";"2";"1";"1";"1";""
"201900042306";"138 226 594";"A01";"2";"7";"0";"6";"1";"15";"1";""
"201900042307";"138 226 592";"A01";"2";"7";"0";"1";"1";"1";"1";""
"201900042308";"138 226 587";"A01";"1";"7";"0";"2";"1";"2";"1";""
"201900042308";"138 226 588";"B01";"1";"7";"0";"2";"4";"2";"1";""
"201900042308";"138 226 589";"C01";"1";"7";"0";"2";"4";"2";"1";""
"201900042309";"138 226 584";"A01";"1";"7";"1";"0";"3";"1";"1";""
"201900042309";"138 226 585";"B01";"3";"7";"1";"2";"7";"0";"1";""
"201900042309";"138 226 586";"C01";"3";"7";"1";"2";"3";"0";"1";""
"201900042310";"138 226 582";"B01";"2";"7";"0";"2";"4";"2";"1";""
"201900042310";"138 226 583";"A01";"2";"7";"0";"2";"1";"1";"1";""
"201900042311";"138 226 580";"A01";"2";"7";"0";"2";"1";"15";"1";""
"201900042311";"138 226 581";"B01";"1";"1";"0";"2";"8";"1";"5";""
"201900042312";"138 226 579";"A01";"1";"7";"0";"1";"2";"26";"1";""
"201900042313";"138 226 577";"A01";"1";"1";"0";"2";"4";"2";"5";""
"201900042313";"138 226 578";"Z01";"1";"7";"0";"2";"0";"2";"0";""
"201900042314";"138 226 576";"A01";"1";"7";"0";"1";"2";"1";"1";""
"201900042315";"138 226 575";"A01";"1";"7";"0";"1";"1";"1";"1";""
"201900042316";"138 226 573";"A01";"3";"7";"0";"9";"3";"2";"1";""
"201900042316";"138 226 574";"C01";"3";"10";"0";"9";"2";"1";"1";""
"201900042317";"138 226 571";"A01";"2";"7";"0";"2";"3";"1";"1";""
"201900042317";"138 226 572";"B01";"2";"7";"0";"2";"2";"1";"1";""
"201900042318";"138 226 569";"A01";"2";"7";"0";"2";"2";"1";"1";""
"201900042318";"138 226 570";"B01";"1";"7";"0";"2";"3";"1";"1";""
"201900042319";"138 226 568";"A01";"2";"7";"0";"1";"1";"1";"1";""
"201900042320";"138 226 564";"A01";"1";"7";"0";"2";"1";"2";"1";""
"201900042320";"138 226 565";"B01";"1";"7";"0";"2";"4";"23";"1";""
"201900042320";"138 226 566";"C01";"1";"7";"0";"2";"4";"23";"1";""
"201900042320";"138 226 567";"D01";"1";"7";"0";"2";"4";"23";"1";""
"201900042321";"138 226 561";"A01";"2";"7";"15";"0";"3";"13";"1";""
"201900042322";"138 226 559";"A01";"1";"7";"0";"2";"1";"15";"1";""
"201900042322";"138 226 560";"B01";"2";"33";"0";"2";"1";"1";"1";""
"201900042323";"138 226 555";"B01";"3";"7";"0";"2";"3";"1";"0";""
"201900042323";"138 226 556";"A01";"3";"7";"0";"2";"2";"9";"0";""
"201900042324";"138 226 553";"A01";"1";"37";"0";"1";"3";"1";"1";"1"
"201900042325";"138 226 552";"A01";"1";"7";"0";"1";"2";"26";"1";""
"201900042326";"138 226 550";"A01";"1";"7";"0";"2";"2";"15";"1";""
"201900042326";"138 226 551";"B01";"2";"7";"0";"2";"1";"1";"1";""
"201900042327";"138 226 548";"A01";"2";"14";"0";"2";"1";"2";"1";""
"201900042327";"138 226 549";"B01";"2";"14";"0";"0";"4";"2";"1";""
"201900042328";"138 226 547";"A01";"0";"33";"0";"1";"7";"1";"1";""
"201900042329";"138 226 545";"A01";"0";"7";"0";"2";"3";"9";"1";""
"201900042329";"138 226 546";"B01";"0";"2";"0";"2";"1";"1";"1";""
"201900042330";"138 226 543";"B01";"1";"1";"0";"2";"1";"1";"5";""
"201900042330";"138 226 544";"A01";"1";"7";"0";"2";"3";"1";"0";""
"201900042331";"138 226 538";"A01";"2";"7";"0";"2";"1";"1";"1";""
"201900042331";"138 226 539";"B01";"2";"7";"0";"2";"4";"1";"1";""
"201900042331";"138 226 540";"C01";"2";"7";"0";"2";"4";"1";"1";""
"201900042331";"138 226 541";"D01";"2";"7";"0";"2";"4";"1";"1";""
"201900042331";"138 226 542";"E01";"1";"7";"0";"2";"4";"1";"1";""
"201900042332";"138 226 535";"A01";"3";"32";"0";"2";"1";"26";"1";""
"201900042332";"138 226 536";"B01";"3";"7";"0";"2";"4";"26";"1";""
"201900042332";"138 226 537";"C01";"3";"7";"0";"9";"4";"26";"1";""
"201900042333";"138 226 534";"A01";"0";"7";"8";"0";"5";"14";"0";""
"201900042334";"138 226 531";"C01";"1";"7";"0";"2";"1";"1";"1";""
"201900042334";"138 226 532";"B01";"1";"7";"0";"2";"1";"1";"1";""
"201900042334";"138 226 533";"A01";"1";"7";"14";"2";"9";"1";"1";""
"201900042335";"138 226 529";"A01";"2";"7";"0";"2";"7";"16";"1";""
"201900042335";"138 226 530";"B01";"2";"50";"0";"2";"8";"1";"3";""
"201900042336";"138 226 528";"A01";"3";"30";"0";"0";"0";"1";"1";""
"201900042337";"138 226 526";"B01";"2";"7";"0";"2";"1";"21";"1";""
"201900042337";"138 226 527";"A01";"2";"7";"0";"2";"6";"21";"1";""
"201900042338";"138 226 524";"A01";"1";"7";"0";"2";"3";"15";"1";""
"201900042338";"138 226 525";"B01";"2";"2";"0";"2";"1";"1";"1";""
"201900042339";"138 226 523";"A01";"1";"7";"12";"0";"1";"1";"1";""
"201900042340";"138 226 521";"B01";"2";"7";"0";"2";"6";"1";"1";""
"201900042340";"138 226 522";"A01";"2";"31";"0";"2";"2";"12";"1";""
"201900042341";"138 226 518";"A01";"2";"33";"0";"2";"2";"17";"1";""
"201900042341";"138 226 519";"B01";"2";"7";"0";"2";"3";"1";"1";""
"201900042341";"138 226 520";"C01";"2";"7";"0";"2";"5";"1";"1";""
"201900042342";"138 226 516";"A01";"3";"1";"0";"2";"8";"19";"5";""
"201900042342";"138 226 517";"B01";"3";"7";"0";"2";"2";"1";"1";""
"201900042343";"138 226 512";"A01";"1";"7";"0";"2";"1";"17";"1";""
"201900042343";"138 226 513";"B01";"1";"7";"0";"2";"4";"17";"1";""
"201900042343";"138 226 514";"C01";"1";"7";"0";"2";"4";"17";"1";""
"201900042343";"138 226 515";"D01";"1";"7";"0";"0";"4";"17";"1";""
"201900042344";"138 226 510";"C01";"3";"10";"0";"2";"0";"0";" -1";""
"201900042344";"138 226 511";"B01";"3";"1";"0";"2";"8";"1";"5";""
"201900042345";"138 226 508";"Z01";"0";"10";"0";"2";"1";"1";"1";""
"201900042345";"138 226 509";"A01";"1";"7";"0";"2";"7";"1";"1";""
"201900042346";"138 226 507";"A01";"2";"7";"0";"1";"1";"15";"1";""
"201900042347";"138 226 506";"A01";"1";"7";"0";"1";"3";"1";"1";""
"201900042348";"138 226 505";"A01";"1";"99";"0";"1";"1";"15";"1";""
"201900042349";"138 226 503";"A01";"2";"33";"4";"2";"8";"1";"1";""
"201900042349";"138 226 504";"B01";"2";"7";"2";"2";"8";"1";"1";""
"201900042350";"138 226 499";"D01";"2";"7";"0";"0";"4";"0";"1";""
"201900042350";"138 226 500";"C01";"2";"7";"0";"2";"4";"0";"3";""
"201900042350";"138 226 501";"B01";"2";"7";"0";"2";"4";"0";"1";""
"201900042350";"138 226 502";"A01";"2";"10";"0";"2";"1";"26";"1";""
"201900042351";"138 226 495";"D01";"1";"7";"0";"2";"4";"1";"1";""
"201900042351";"138 226 496";"C01";"1";"7";"0";"2";"4";"1";"1";""
"201900042351";"138 226 497";"B01";"1";"7";"0";"2";"4";"1";"1";""
"201900042351";"138 226 498";"A01";"1";"10";"0";"2";"1";"1";"1";""
"201900042352";"138 226 493";"A01";"0";"7";"0";"2";"1";"1";"1";""
"201900042352";"138 226 494";"B01";"0";"7";"0";"2";"4";"1";"1";""
"201900042353";"138 226 491";"A01";"3";"10";"2";"0";"1";"6";"1";""
"201900042354";"138 226 490";"A01";"0";"7";"0";"1";"1";"1";"1";""
"201900042355";"138 226 488";"A01";"2";"10";"0";"2";"3";"15";"1";""
"201900042355";"138 226 489";"B01";"1";"7";"0";"2";"2";"1";"1";""
"201900042356";"138 226 485";"C01";"1";"7";"0";"2";"4";"23";"1";""
"201900042356";"138 226 486";"B01";"1";"7";"0";"2";"4";"23";"1";""
"201900042356";"138 226 487";"A01";"1";"7";"0";"2";"1";"2";"1";""
"201900042357";"138 226 483";"B01";"1";"2";"0";"2";"1";"17";"1";""
"201900042357";"138 226 484";"A01";"1";"7";"0";"2";"3";"15";"1";""
"201900042358";"138 226 481";"A01";"2";"7";"0";"2";"3";"15";"1";""
"201900042358";"138 226 482";"B01";"1";"31";"0";"2";"8";"1";"1";""
"201900042359";"138 226 479";"A01";"2";"7";"0";"2";"3";"17";"1";""
"201900042359";"138 226 480";"B01";"2";"7";"0";"2";"3";"1";"1";""
"201900042360";"138 226 477";"A01";"0";"7";"0";"2";"1";"15";"1";""
"201900042360";"138 226 478";"B01";"0";"32";"0";"2";"1";"17";"1";""
"201900042361";"138 226 476";"A01";"1";"7";"0";"1";"2";"26";"1";""
"201900042362";"138 226 474";"A01";"1";"7";"0";"2";"1";"2";"1";""
"201900042362";"138 226 475";"B01";"1";"7";"0";"2";"5";"1";"1";""
"201900042363";"138 226 472";"B01";"0";"7";"0";"2";"3";"15";"1";""
"201900042363";"138 226 473";"A01";"0";"34";"0";"2";"1";"17";"1";""
"201900042364";"138 226 470";"A01";"2";"7";"0";"2";"1";"15";"1";""
"201900042364";"138 226 471";"B01";"1";"33";"0";"2";"8";"1";"1";""
"201900042365";"138 226 468";"A01";"1";"10";"0";"2";"3";"10";"1";""
"201900042365";"138 226 469";"B01";"1";"7";"13";"2";"9";"26";"1";""
"201900042366";"138 226 466";"A01";"3";"7";"0";"2";"3";"19";"1";""
"201900042366";"138 226 467";"B01";"3";"2";"0";"2";"2";"1";"1";""
"201900042367";"138 226 464";"A01";"1";"14";"0";"2";"8";"15";"1";""
"201900042367";"138 226 465";"B01";"2";"3";"0";"2";"3";"1";"1";""
"201900042368";"138 226 463";"A01";"0";"20";"0";"1";"3";"16";"1";""
"201900042369";"138 226 461";"A01";"3";"7";"0";"2";"3";"9";"1";""
"201900042369";"138 226 462";"B01";"1";"10";"0";"2";"5";"1";"1";""
"201900042370";"138 226 458";"A01";"1";"7";"2";"0";"1";"14";"1";""
"201900042371";"138 226 456";"B01";"0";"32";"0";"2";"1";"1";"0";""
"201900042371";"138 226 457";"A01";"0";"7";"0";"2";"6";"9";"0";""
"201900042372";"138 226 454";"A01";"2";"7";"0";"2";"4";"26";"1";""
"201900042372";"138 226 455";"B01";"2";"7";"0";"0";"4";"2";"1";""
"201900042373";"138 226 453";"Z01";"2";"10";"0";"1";"1";"9";"1";""
"201900042374";"138 226 452";"A01";"1";"7";"13";"0";"1";"1";"1";""
"201900042375";"138 226 450";"B01";"1";"10";"16";"0";"8";"15";"6";""
"201900042375";"138 226 451";"A01";"2";"7";"0";"2";"1";"1";"6";""
"201900042376";"138 226 449";"A01";"3";"7";"0";"1";"1";"15";"0";""
"201900042377";"138 226 447";"B01";"1";"43";"0";"2";"4";"2";"1";""
"201900042377";"138 226 448";"A01";"1";"33";"0";"2";"1";"2";"1";""
"201900042378";"138 226 445";"A01";"1";"38";"0";"2";"1";"2";"1";"1"
"201900042378";"138 226 446";"B01";"1";"10";"0";"2";"4";"2";"1";""
"201900042379";"138 226 442";"C01";"2";"7";"0";"2";"2";"1";"1";""
"201900042379";"138 226 443";"B01";"2";"31";"0";"2";"4";"3";"1";""
"201900042379";"138 226 444";"A01";"2";"10";"0";"2";"0";"11";"1";""
"201900042380";"138 226 440";"A01";"2";"10";"0";"2";"0";"22";"1";""
"201900042380";"138 226 441";"B01";"2";"1";"0";"2";"0";"1";"5";""
"201900042381";"138 226 438";"B01";"1";"7";"0";"2";"4";"23";"1";""
"201900042381";"138 226 439";"A01";"1";"32";"0";"2";"1";"2";"1";""
"201900042382";"138 226 436";"A01";"2";"33";"0";"2";"1";"3";"1";""
"201900042382";"138 226 437";"B01";"2";"10";"0";"2";"4";"1";"1";""
"201900042383";"138 226 435";"A01";"1";"1";"0";"1";"1";"1";"5";""
"201900042384";"138 226 433";"B01";"2";"7";"0";"2";"4";"23";"1";""
"201900042384";"138 226 434";"A01";"2";"30";"0";"2";"1";"2";"3";""
"201900042385";"138 226 431";"A01";"2";"7";"0";"2";"3";"9";"1";""
"201900042385";"138 226 432";"B01";"2";"32";"0";"2";"1";"17";"1";""
"201900042386";"138 226 430";"Z01";"2";"7";"0";"1";"2";"16";"5";""
"201900042387";"138 226 429";"A01";"1";"37";"0";"1";"1";"16";"1";"1"
"201900042388";"138 226 427";"B01";"1";"32";"0";"2";"2";"1";"1";""
"201900042388";"138 226 428";"A01";"1";"10";"0";"2";"3";"13";"1";""
"201900042389";"138 226 426";"A01";"1";"43";"0";"1";"3";"18";"1";""
"201900042390";"138 226 425";"A01";"1";"10";"0";"1";"1";"1";"1";""
"201900042391";"138 226 421";"Z01";"1";"30";"0";"2";"0";"3";"0";""
"201900042391";"138 226 422";"C01";"1";"32";"0";"2";"2";"1";"1";""
"201900042391";"138 226 423";"B01";"1";"7";"0";"2";"2";"1";"1";""
"201900042391";"138 226 424";"A01";"1";"43";"0";"2";"0";"12";"1";""
"201900042392";"138 226 420";"A01";"1";"7";"0";"1";"1";"15";"1";""
"201900042393";"138 226 418";"B01";"1";"1";"0";"2";"2";"1";"5";""
"201900042393";"138 226 419";"A01";"1";"10";"0";"2";"5";"22";"1";""
"201900042394";"138 226 417";"A01";"2";"1";"0";"1";"0";"1";"5";""
"201900042395";"138 226 415";"B01";"2";"30";"0";"2";"8";"1";"3";""
"201900042395";"138 226 416";"A01";"2";"7";"0";"2";"2";"16";"1";""
"201900042396";"138 226 413";"A01";"1";"32";"0";"2";"3";"1";"1";""
"201900042396";"138 226 414";"B01";"1";"33";"0";"2";"6";"15";"1";""
"201900042397";"138 226 411";"A01";"1";"30";"0";"2";"3";"1";"1";""
"201900042397";"138 226 412";"B01";"1";"7";"0";"2";"3";"16";"3";""
"201900042398";"138 226 410";"A01";"1";"7";"0";"1";"3";"20";"1";""
"201900042399";"138 226 408";"B01";"2";"2";"0";"2";"2";"1";"0";""
"201900042399";"138 226 409";"A01";"2";"7";"0";"2";"3";"21";"0";""
"201900042400";"138 226 407";"A01";"2";"50";"0";"1";"1";"1";"3";""
"201900042401";"138 226 405";"A01";"3";"7";"0";"2";"1";"2";"1";""
"201900042401";"138 226 406";"B01";"1";"7";"0";"2";"4";"2";"1";""
"201900042402";"138 226 403";"B01";"2";"7";"0";"2";"1";"1";"0";""
"201900042402";"138 226 404";"A01";"1";"7";"0";"2";"2";"15";"0";""
"201900042403";"138 226 399";"A01";"3";"32";"0";"2";"5";"19";"1";""
"201900042403";"138 226 400";"B01";"3";"7";"0";"2";"5";"15";"1";""
"201900042404";"138 226 397";"B01";"1";"50";"0";"2";"1";"1";"3";""
"201900042404";"138 226 398";"A01";"1";"7";"0";"2";"3";"15";"0";""
"201900042405";"138 226 395";"A01";"3";"7";"0";"2";"1";"15";"1";""
"201900042405";"138 226 396";"B01";"1";"2";"0";"0";"7";"1";"1";""
"201900042406";"138 226 393";"A01";"1";"7";"0";"0";"0";"15";"1";""
"201900042406";"138 226 394";"B01";"2";"7";"8";"0";"1";"21";"1";""
"201900042407";"138 226 391";"A01";"1";"7";"0";"2";"1";"5";"1";""
"201900042407";"138 226 392";"B01";"2";"10";"0";"2";"3";"1";"1";""
"201900042408";"138 226 390";"A01";"1";"33";"0";"6";"1";"0";"1";""
"201900042409";"138 226 388";"A01";"1";"7";"0";"2";"2";"15";"1";""
"201900042409";"138 226 389";"B01";"2";"7";"0";"2";"1";"1";"1";""
"201900042410";"138 226 387";"A01";"1";"33";"13";"0";"1";"0";"1";""
"201900042411";"138 226 386";"A01";"2";"7";"2";"0";"3";"13";"1";""
"201900042412";"138 226 384";"B01";"1";"10";"0";"2";"8";"1";"0";""
"201900042412";"138 226 385";"A01";"2";"34";"0";"2";"8";"0";"0";""
"201900042413";"138 226 382";"B01";"1";"1";"0";"0";"7";"1";"5";""
"201900042413";"138 226 383";"A01";"1";"1";"0";"2";"8";"13";"5";""