"Num_Acc";"id_vehicule";"num_veh";"senc";"catv";"obs";"obsm";"choc";"manv";"motor";"occutc"
"201900042809";"138 225 630";"A01";"2";"7";"0";"2";"1";"1";"1";""
"201900042809";"138 225 631";"B01";"1";"99";"0";"2";"7";"1";"3";""
"201900042810";"138 225 628";"A01";"3";"30";"0";"2";"1";"1";"1";""
"201900042810";"138 225 629";"B01";"3";"7";"0";"2";"4";"23";"1";""
"201900042811";"138 225 651";"B01";"1";"30";"0";"2";"1";"17";"1";""
"201900042811";"138 225 670";"A01";"3";"7";"0";"2";"3";"9";"1";""
"201900042812";"138 225 623";"A01";"1";"7";"0";"2";"1";"2";"1";""
"201900042812";"138 225 624";"C01";"1";"7";"0";"0";"4";"23";"1";""
"201900042812";"138 225 625";"B01";"1";"7";"0";"2";"4";"23";"1";""
"201900042813";"138 225 621";"A01";"2";"7";"0";"2";"7";"19";"1";""
"201900042813";"138 225 622";"B01";"2";"7";"0";"2";"1";"1";"1";""
"201900042814";"138 225 619";"B01";"0";"7";"0";"2";"7";"1";"1";""
"201900042814";"138 225 620";"A01";"0";"7";"0";"2";"8";"15";"1";""
"201900042815";"138 225 617";"A01";"3";"7";"0";"2";"5";"9";"1";""
"201900042815";"138 225 618";"B01";"3";"14";"0";"2";"3";"1";"1";""
"201900042816";"138 225 616";"Z01";"0";"7";"0";"1";"0";"0";"0";""
"201900042817";"138 225 615";"A01";"1";"7";"0";"1";"4";"20";"1";""
"201900042818";"138 225 613";"A01";"3";"7";"0";"2";"2";"16";"1";""
"201900042818";"138 225 614";"B01";"3";"34";"0";"2";"8";"26";"1";""
"201900042819";"138 225 612";"A01";"3";"7";"0";"1";"3";"15";"0";""
"201900042820";"138 225 610";"A01";"3";"7";"0";"2";"3";"1";"0";""
"201900042820";"138 225 611";"B01";"3";"7";"0";"2";"3";"13";"0";""
"201900042821";"138 225 608";"A01";"1";"7";"0";"2";"7";"10";"1";""
"201900042821";"138 225 609";"B01";"1";"33";"0";"2";"7";"0";"1";""
"201900042822";"138 225 606";"A01";"1";"7";"0";"2";"6";"11";"1";""
"201900042822";"138 225 607";"B01";"1";"43";"0";"2";"3";"1";"1";""
"201900042823";"138 225 604";"A01";"1";"31";"0";"2";"1";"2";"1";""
"201900042823";"138 225 605";"B01";"1";"7";"0";"2";"4";"2";"1";""
"201900042824";"138 225 602";"A01";"1";"7";"0";"2";"7";"12";"1";""
"201900042824";"138 225 603";"B01";"1";"34";"0";"2";"1";"3";"1";""
"201900042825";"138 225 599";"B01";"0";"7";"0";"2";"7";"22";"1";""
"201900042825";"138 225 600";"A01";"1";"80";"0";"2";"1";"1";"3";""
"201900042826";"138 225 598";"A01";"2";"7";"0";"1";"3";"15";"1";""
"201900042827";"138 225 597";"A01";"1";"7";"0";"1";"2";"15";"1";""
"201900042828";"138 225 595";"B01";"2";"10";"0";"2";"3";"1";"1";""
"201900042828";"138 225 596";"A01";"1";"7";"0";"2";"2";"15";"1";""
"201900042829";"138 225 601";"A01";"2";"31";"12";"0";"1";"17";"1";""
"201900042830";"138 225 592";"A01";"2";"10";"0";"2";"1";"2";"1";""
"201900042830";"138 225 593";"B01";"2";"32";"0";"2";"1";"2";"1";""
"201900042830";"138 225 594";"C01";"1";"10";"0";"2";"1";"1";"1";""
"201900042831";"138 225 588";"A01";"1";"7";"0";"2";"2";"15";"1";""
"201900042831";"138 225 589";"B01";"3";"32";"0";"2";"1";"1";"1";""
"201900042832";"138 225 587";"A01";"1";"1";"0";"1";"2";"1";"5";""
"201900042833";"138 225 585";"A01";"2";"7";"0";"2";"5";"15";"1";""
"201900042833";"138 225 586";"B01";"1";"31";"0";"2";"1";"1";"1";""
"201900042834";"138 225 583";"A01";"2";"7";"0";"2";"6";"23";"0";""
"201900042834";"138 225 584";"B01";"2";"7";"0";"2";"2";"14";"1";""
"201900042835";"138 225 590";"A01";"1";"7";"1";"2";"8";"26";"1";""
"201900042835";"138 225 591";"B01";"1";"7";"0";"2";"1";"1";"1";""
"201900042836";"138 225 580";"B01";"1";"7";"0";"2";"4";"1";"1";""
"201900042836";"138 225 581";"A01";"1";"7";"0";"2";"1";"1";"1";""
"201900042837";"138 225 578";"A01";"1";"7";"0";"2";"1";"13";"1";""
"201900042837";"138 225 579";"B01";"2";"7";"0";"2";"1";"1";"1";""
"201900042838";"138 225 577";"A01";"0";"7";"8";"2";"1";"14";"1";""
"201900042839";"138 225 576";"A01";"1";"7";"0";"1";"1";"9";"1";""
"201900042840";"138 225 573";"B01";"2";"43";"0";"2";"1";"1";"1";""
"201900042840";"138 225 574";"A01";"1";"7";"0";"2";"1";"15";"1";""
"201900042841";"138 225 571";"A01";"1";"7";"0";"2";"2";"15";"1";""
"201900042841";"138 225 572";"B01";"1";"7";"0";"2";"8";"15";"1";""
"201900042842";"138 225 569";"A01";"1";"32";"0";"2";"7";"17";"1";""
"201900042842";"138 225 570";"B01";"1";"7";"0";"2";"8";"1";"6";""
"201900042842";"138 225 582";"C01";"2";"10";"0";"2";"1";"21";"1";""
"201900042843";"138 225 568";"A01";"1";"34";"14";"0";"3";"14";"1";""
"201900042844";"138 225 567";"A01";"2";"20";"4";"0";"3";"9";"0";""
"201900042845";"138 225 564";"A01";"2";"7";"1";"2";"1";"26";"1";""
"201900042845";"138 225 565";"B01";"2";"7";"0";"2";"8";"26";"1";""
"201900042845";"138 225 566";"C01";"2";"7";"0";"2";"4";"24";"1";""
"201900042846";"138 225 563";"A01";"1";"7";"0";"1";"3";"1";"1";""
"201900042847";"138 225 561";"A01";"3";"7";"0";"0";"1";"13";"1";""
"201900042847";"138 225 562";"B01";"3";"7";"0";"0";"3";"1";"0";""
"201900042848";"138 225 559";"Z01";"3";"7";"0";"2";"1";"19";"0";""
"201900042848";"138 225 560";"B01";"1";"7";"0";"2";"8";"0";"1";""
"201900042849";"138 225 557";"B01";"3";"2";"0";"2";"7";"1";"0";""
"201900042849";"138 225 558";"A01";"3";"7";"0";"2";"1";"1";"0";""
"201900042850";"138 225 555";"A01";"3";"7";"0";"0";"2";"12";"1";""
"201900042850";"138 225 556";"B01";"3";"7";"0";"0";"3";"1";"1";""
"201900042851";"138 225 554";"A01";"2";"32";"0";"1";"1";"2";"0";""
"201900042852";"138 225 553";"A01";"1";"7";"12";"0";"1";"13";"1";""
"201900042853";"138 225 550";"A01";"1";"7";"0";"2";"3";"10";"1";""
"201900042853";"138 225 552";"B01";"1";"10";"0";"2";"1";"2";"1";""
"201900042854";"138 225 548";"A01";"2";"33";"8";"2";"7";"21";"1";""
"201900042854";"138 225 551";"B01";"1";"7";"0";"2";"1";"19";"1";""
"201900042855";"138 225 549";"A01";"3";"7";"15";"0";"1";"13";"1";""
"201900042856";"138 225 547";"A01";"2";"7";"0";"1";"2";"26";"1";""
"201900042857";"138 225 545";"B01";"2";"1";"1";"0";"1";"1";"0";""
"201900042857";"138 225 546";"A01";"2";"7";"0";"0";"8";"23";"0";""
"201900042858";"138 225 544";"A01";"1";"33";"12";"0";"3";"1";"1";""
"201900042859";"138 225 542";"A01";"1";"10";"0";"1";"1";"1";"1";""
"201900042860";"138 225 541";"B01";"2";"7";"0";"2";"1";"1";"1";""
"201900042860";"138 225 543";"A01";"1";"7";"0";"2";"1";"1";"1";""
"201900042861";"138 225 537";"A01";"2";"33";"0";"2";"4";"2";"1";""
"201900042861";"138 225 538";"B01";"2";"0";"0";"2";"0";"1";" -1";""
"201900042862";"138 225 539";"B01";"1";"7";"0";"2";"3";"15";"0";""
"201900042862";"138 225 540";"A01";"1";"34";"0";"2";"2";"19";"0";""
"201900042863";"138 225 536";"A01";"1";"33";"0";"0";"1";"1";"1";""
"201900042864";"138 225 533";"A01";"2";"33";"0";"2";"7";"17";"1";""
"201900042864";"138 225 534";"B01";"2";"10";"0";"2";"8";"15";"1";""
"201900042865";"138 225 532";"A01";"2";"7";"0";"2";"3";"16";"1";""
"201900042865";"138 225 535";"B01";"1";"30";"0";"2";"1";"0";"1";""
"201900042866";"138 225 529";"B01";"1";"32";"0";"2";"7";"17";"0";""
"201900042866";"138 225 531";"A01";"1";"10";"0";"2";"8";"15";"1";""
"201900042867";"138 225 525";"B01";"2";"7";"0";"2";"4";"2";"0";""
"201900042867";"138 225 526";"A01";"2";"32";"0";"2";"1";"1";"1";""
"201900042868";"138 225 523";"B01";"3";"7";"0";"2";"8";"0";"0";""
"201900042868";"138 225 524";"A01";"3";"33";"0";"2";"0";"0";"0";""
"201900042869";"138 225 521";"B01";"3";"1";"0";"6";"8";"2";"0";""
"201900042869";"138 225 522";"A01";"3";"1";"0";"6";"7";"2";"0";""
"201900042870";"138 225 517";"B01";"2";"60";"0";"2";"0";"0";"5";""
"201900042870";"138 225 519";"A01";"2";"7";"0";"2";"3";"21";"1";""
"201900042871";"138 225 516";"B01";"2";"7";"0";"2";"8";"1";"1";""
"201900042871";"138 225 518";"A01";"2";"7";"0";"2";"2";"14";"1";""
"201900042872";"138 225 513";"B01";"1";"33";"0";"2";"1";"2";"1";""
"201900042872";"138 225 515";"A01";"1";"7";"0";"0";"5";"2";"1";""
"201900042873";"138 225 512";"A01";"3";"7";"12";"0";"1";"14";"0";""
"201900042873";"138 225 514";"B01";"3";"7";"2";"0";"8";"15";"0";""
"201900042874";"138 225 511";"A01";"3";"7";"0";"1";"2";"16";"1";""
"201900042875";"138 225 508";"B01";"1";"7";"0";"2";"1";"26";"1";""
"201900042875";"138 225 510";"A01";"0";"7";"0";"0";"8";"23";"1";""
"201900042876";"138 225 507";"A01";"2";"10";"3";"0";"2";"1";"1";""
"201900042877";"138 225 505";"B01";"1";"1";"0";"2";"1";"2";"5";""
"201900042877";"138 225 506";"Z01";"1";"99";"0";"9";"1";"2";"1";""
"201900042878";"138 225 503";"B01";"2";"2";"0";"2";"1";"1";"1";""
"201900042878";"138 225 504";"A01";"1";"7";"0";"2";"2";"15";"1";""
"201900042879";"138 225 501";"B01";"1";"1";"0";"2";"4";"1";"5";""
"201900042879";"138 225 502";"A01";"1";"3";"3";"2";"2";"2";"1";""
"201900042880";"138 225 499";"A01";"1";"7";"0";"0";"1";"14";"1";""
"201900042881";"138 225 498";"A01";"3";"7";"0";"1";"0";"5";"0";""
"201900042882";"138 225 496";"B01";"3";"7";"0";"2";"3";"1";"0";""
"201900042882";"138 225 497";"A01";"3";"7";"0";"2";"1";"1";"0";""
"201900042883";"138 225 495";"A01";"1";"1";"0";"0";"0";"0";"5";""
"201900042884";"138 225 492";"A01";"0";"7";"0";"2";"4";"1";"1";""
"201900042884";"138 225 493";"Z01";"0";"7";"0";"2";"2";"1";"1";""
"201900042884";"138 225 494";"B01";"0";"7";"0";"2";"4";"1";"1";""
"201900042885";"138 225 490";"B01";"1";"2";"0";"2";"1";"1";"1";""
"201900042885";"138 225 491";"A01";"2";"7";"0";"2";"2";"15";"1";""
"201900042886";"138 225 500";"A01";"1";"7";"2";"0";"3";"14";"1";""
"201900042887";"138 225 488";"A01";"1";"7";"9";"0";"9";"9";"1";""
"201900042888";"138 225 487";"B01";"3";"7";"0";"2";"1";"1";"1";""
"201900042888";"138 225 489";"A01";"3";"1";"0";"2";"7";"15";"5";""
"201900042889";"138 225 486";"A01";"2";"30";"12";"0";"0";"21";"1";""
"201900042890";"138 225 485";"A01";"0";"7";"6";"0";"1";"1";"1";""
"201900042891";"138 225 483";"A01";"3";"7";"0";"2";"3";"13";"1";""
"201900042891";"138 225 484";"B01";"3";"7";"0";"2";"3";"1";"1";""
"201900042892";"138 225 480";"B01";"2";"7";"0";"0";"1";"1";"1";""
"201900042892";"138 225 482";"A01";"1";"7";"0";"0";"1";"1";"1";""
"201900042893";"138 225 479";"A01";"1";"30";"0";"2";"1";"15";"1";""
"201900042893";"138 225 481";"B01";"2";"7";"0";"2";"3";"1";"1";""
"201900042894";"138 225 475";"B01";"1";"31";"0";"2";"7";"15";"0";""
"201900042894";"138 225 477";"A01";"2";"31";"0";"2";"1";"1";"1";""
"201900042895";"138 225 476";"B01";"3";"7";"0";"2";"4";"2";"1";""
"201900042895";"138 225 478";"A01";"3";"7";"0";"2";"1";"2";"1";""
"201900042896";"138 225 472";"B01";"1";"7";"0";"0";"8";"15";"1";""
"201900042896";"138 225 474";"A01";"1";"7";"0";"2";"1";"17";"1";""
"201900042897";"138 225 471";"A01";"1";"31";"0";"2";"1";"19";"1";""
"201900042897";"138 225 473";"B01";"3";"7";"0";"2";"5";"19";"1";""
"201900042898";"138 225 470";"Z01";"0";"33";"0";"0";"0";"0";"1";""
"201900042899";"138 225 469";"A01";"1";"7";"6";"0";"3";"1";"1";""
"201900042900";"138 225 468";"A01";"1";"7";"0";"1";"1";"9";"1";""
"201900042901";"138 225 466";"A01";"2";"7";"0";"2";"1";"15";"1";""
"201900042901";"138 225 467";"B01";"1";"30";"0";"2";"1";"1";"1";""
"201900042902";"138 225 463";"C01";"3";"7";"0";"2";"3";"14";"1";""
"201900042902";"138 225 464";"A01";"3";"33";"0";"2";"1";"17";"1";""
"201900042902";"138 225 465";"B01";"3";"33";"0";"2";"1";"17";"1";""
"201900042903";"138 225 462";"A01";"2";"7";"8";"0";"3";"1";"1";""
"201900042904";"138 225 460";"A01";"1";"7";"0";"1";"1";"15";"1";""
"201900042905";"138 225 457";"A01";"3";"7";"0";"0";"1";"26";"1";""
"201900042906";"138 225 456";"A01";"1";"10";"2";"2";"1";"5";"1";""
"201900042906";"138 225 458";"B01";"2";"7";"0";"2";"6";"21";"1";""
"201900042906";"138 225 459";"C01";"2";"10";"0";"2";"3";"21";"1";""
"201900042907";"138 225 454";"A01";"2";"7";"1";"2";"3";"1";"1";""
"201900042907";"138 225 455";"B01";"1";"7";"0";"2";"2";"1";"1";""
"201900042908";"138 225 451";"C01";"2";"7";"0";"2";"2";"1";"1";""
"201900042908";"138 225 452";"B01";"2";"7";"0";"2";"5";"21";"1";""
"201900042908";"138 225 453";"A01";"1";"7";"0";"2";"3";"13";"1";""
"201900042909";"138 225 449";"B01";"3";"33";"3";"2";"7";"2";"1";""
"201900042909";"138 225 450";"A01";"3";"7";"0";"2";"8";"9";"1";""
"201900042910";"138 225 445";"Z01";"1";"7";"0";"2";"1";"2";"1";""
"201900042910";"138 225 446";"A01";"1";"7";"0";"2";"4";"23";"1";""
"201900042911";"138 225 447";"A01";"1";"7";"1";"0";"1";"1";"1";""
"201900042911";"138 225 448";"B01";"1";"7";"0";"0";"4";"23";"1";""
"201900042912";"138 225 444";"A01";"1";"7";"1";"0";"3";"13";"1";""
"201900042913";"138 225 442";"A01";"1";"7";"0";"2";"2";"21";"1";""
"201900042913";"138 225 443";"B01";"0";"1";"0";"2";"8";"15";"5";""
"201900042914";"138 225 440";"B01";"1";"2";"0";"2";"7";"17";"1";""
"201900042914";"138 225 441";"A01";"1";"7";"0";"2";"8";"15";"1";""
"201900042915";"138 225 439";"A01";"1";"14";"0";"1";"4";"4";"1";""
"201900042916";"138 225 438";"A01";"1";"33";"0";"0";"0";"1";"1";""
"201900042917";"138 225 435";"B01";"2";"10";"0";"0";"0";"17";"1";""
"201900042917";"138 225 436";"A01";"2";"38";"17";"0";"0";"1";"1";"22"
"201900042918";"138 225 433";"B01";"2";"7";"15";"2";"3";"1";"3";""
"201900042918";"138 225 434";"A01";"2";"15";"0";"2";"5";"1";"1";""
"201900042919";"138 225 431";"B01";"2";"15";"0";"2";"8";"1";"1";""
"201900042919";"138 225 432";"A01";"1";"7";"0";"2";"3";"13";"1";""
"201900042920";"138 225 437";"A01";"1";"7";"0";"1";"2";"1";"1";""
"201900042921";"138 225 428";"C01";"2";"7";"0";"0";"4";"15";"1";""
"201900042921";"138 225 429";"A01";"2";"10";"0";"2";"1";"2";"1";""
"201900042921";"138 225 430";"B01";"2";"10";"0";"2";"4";"2";"1";""
"201900042922";"138 225 424";"C01";"1";"7";"0";"2";"4";"2";"1";""
"201900042922";"138 225 426";"B01";"1";"7";"0";"2";"1";"2";"1";""
"201900042922";"138 225 427";"A01";"1";"10";"0";"2";"1";"2";"1";""
"201900042923";"138 225 423";"B01";"1";"10";"0";"2";"3";"1";"1";""
"201900042923";"138 225 425";"A01";"2";"31";"0";"2";"1";"17";"1";""
"201900042924";"138 225 420";"A01";"2";"7";"0";"2";"2";"16";"1";""
"201900042924";"138 225 422";"B01";"2";"33";"0";"2";"3";"1";"1";""
"201900042925";"138 225 421";"A01";"1";"7";"2";"0";"1";"1";"1";""
"201900042926";"138 225 419";"A01";"2";"7";"0";"1";"8";"15";"1";""
"201900042927";"138 225 418";"A01";"0";"7";"1";"0";"3";"1";"1";""
"201900042928";"138 225 416";"Z01";"2";"7";"0";"2";"1";"2";"1";""
"201900042928";"138 225 417";"A01";"2";"7";"0";"2";"4";"2";"0";""
"201900042929";"138 225 414";"B01";"2";"10";"0";"2";"1";"1";"1";""
"201900042929";"138 225 415";"A01";"1";"7";"0";"2";"8";"1";"1";""
"201900042930";"138 225 412";"A01";"1";"7";"0";"2";"2";"15";"1";""
"201900042930";"138 225 413";"B01";"1";"7";"0";"2";"3";"15";"1";""
"201900042931";"138 225 408";"B01";"1";"33";"0";"2";"1";"1";"0";""
"201900042931";"138 225 409";"A01";"1";"7";"0";"2";"2";"15";"0";""
"201900042932";"138 225 410";"B01";"1";"10";"0";"2";"8";"15";"1";""
"201900042932";"138 225 411";"A01";"1";"33";"0";"2";"1";"17";"1";""
"201900042933";"138 225 406";"A01";"3";"10";"0";"2";"1";"13";"1";""
"201900042933";"138 225 407";"B01";"0";"10";"0";"2";"1";"1";"1";""
"201900042934";"138 225 403";"B01";"2";"7";"0";"2";"7";"15";"1";""
"201900042934";"138 225 405";"A01";"1";"33";"0";"2";"1";"26";"1";""
"201900042935";"138 225 401";"A01";"2";"7";"0";"2";"1";"1";"1";""
"201900042935";"138 225 404";"B01";"3";"7";"0";"2";"3";"1";"1";""
"201900042936";"138 225 399";"C01";"1";"7";"3";"2";"0";"2";"1";""
"201900042936";"138 225 400";"B01";"1";"33";"3";"2";"3";"14";"1";""
"201900042936";"138 225 402";"A01";"1";"7";"3";"2";"5";"2";"1";""
"201900042937";"138 225 397";"A01";"3";"7";"14";"0";"0";"1";"0";""
"201900042937";"138 225 398";"B01";"3";"2";"12";"0";"3";"1";"1";""
"201900042938";"138 225 396";"A01";"2";"7";"3";"0";"1";"26";"1";""
"201900042939";"138 225 394";"A01";"2";"7";"3";"0";"1";"13";"1";""
"201900042940";"138 225 393";"B01";"3";"7";"0";"2";"4";"23";"1";""
"201900042940";"138 225 395";"A01";"3";"7";"0";"2";"1";"1";"1";""
"201900042941";"138 225 390";"A01";"2";"10";"0";"2";"2";"14";"0";""
"201900042941";"138 225 392";"B01";"2";"10";"0";"2";"4";"1";"0";""
"201900042942";"138 225 384";"A01";"1";"7";"1";"0";"1";"1";"1";""
"201900042942";"138 225 386";"B01";"1";"38";"0";"2";"3";"24";"0";"1"
"201900042942";"138 225 387";"C01";"1";"38";"0";"2";"6";"24";"0";"1"
"201900042943";"138 225 383";"A01";"2";"7";"4";"2";"3";"13";"1";""
"201900042943";"138 225 385";"B01";"2";"7";"0";"2";"1";"2";"1";""
"201900042943";"138 225 388";"C01";"2";"7";"4";"2";"4";"2";"1";""
"201900042944";"138 225 379";"A01";"1";"33";"0";"2";"1";"13";"1";""
"201900042944";"138 225 381";"B01";"2";"33";"0";"2";"1";"1";"1";""
"201900042944";"138 225 382";"C01";"1";"7";"0";"2";"6";"1";"1";""
"201900042945";"138 225 378";"B01";"2";"7";"0";"2";"4";"23";"1";""
"201900042945";"138 225 380";"A01";"2";"7";"0";"2";"1";"2";"1";""
"201900042946";"138 225 375";"B01";"2";"33";"0";"2";"1";"1";"1";""
"201900042946";"138 225 377";"A01";"1";"7";"0";"2";"7";"15";"1";""
"201900042947";"138 225 373";"A01";"0";"33";"0";"6";"0";"1";"1";""
"201900042948";"138 225 370";"A01";"2";"7";"0";"2";"1";"1";"1";""
"201900042948";"138 225 371";"B01";"2";"7";"0";"2";"4";"23";"1";""
"201900042948";"138 225 372";"C01";"2";"7";"0";"2";"4";"23";"2";""
"201900042949";"138 225 367";"A01";"2";"7";"0";"2";"1";"21";"1";""
"201900042949";"138 225 368";"B01";"2";"7";"0";"0";"6";"23";"1";""
"201900042949";"138 225 369";"C01";"1";"7";"0";"2";"1";"1";"1";""
"201900042950";"138 225 364";"A01";"2";"31";"0";"0";"0";"1";"1";""
"201900042951";"138 225 365";"A01";"1";"43";"0";"0";"3";"3";"1";""
"201900042951";"138 225 366";"B01";"1";"7";"0";"0";"0";"11";"1";""
"201900042952";"138 225 363";"A01";"1";"7";"4";"0";"3";"0";"1";""
"201900042953";"138 225 360";"A01";"2";"7";"0";"2";"1";"2";"1";""
"201900042953";"138 225 361";"B01";"2";"7";"0";"2";"4";"2";"1";""
"201900042953";"138 225 362";"C01";"2";"7";"0";"2";"6";"2";"1";""
"201900042954";"138 225 358";"A01";"1";"7";"3";"2";"1";"14";"1";""
"201900042954";"138 225 359";"B01";"1";"7";"0";"2";"3";"1";"1";""
"201900042955";"138 225 357";"A01";"2";"7";"3";"0";"1";"1";"1";""
"201900042956";"138 225 355";"B01";"1";"17";"0";"2";"5";"1";"1";""
"201900042956";"138 225 356";"A01";"1";"7";"0";"2";"1";"12";"1";""
"201900042957";"138 225 354";"A01";"1";"7";"4";"0";"3";"26";"1";""
"201900042958";"138 225 352";"B01";"2";"33";"0";"0";"4";"12";"1";""
"201900042958";"138 225 353";"A01";"2";"7";"0";"2";"1";"2";"1";""
"201900042959";"138 225 351";"A01";"3";"33";"0";"1";"1";"1";"1";""
"201900042960";"138 225 350";"A01";"1";"7";"0";"1";"2";"1";"1";""
"201900042961";"138 225 349";"A01";"2";"7";"0";"1";"1";"18";"1";""
"201900042962";"138 225 347";"B01";"1";"1";"0";"2";"0";"1";"5";""
"201900042962";"138 225 348";"A01";"1";"14";"0";"2";"5";"16";"1";""
"201900042963";"138 225 346";"A01";"0";"33";"0";"0";"7";"1";"1";""
"201900042964";"138 225 338";"A01";"1";"7";"2";"0";"1";"1";"1";""
"201900042965";"138 225 337";"A01";"3";"36";"0";"0";"0";"0";"1";""
"201900042966";"138 225 335";"B01";"3";"7";"0";"2";"1";"1";"1";""
"201900042966";"138 225 336";"A01";"3";"7";"13";"2";"3";"15";"0";""
"201900042967";"138 225 334";"A01";"0";"7";"0";"0";"0";"0";"1";""
"201900042968";"138 225 332";"A01";"2";"33";"0";"9";"3";"17";"1";""
"201900042968";"138 225 333";"B01";"1";"99";"0";"2";"8";"1";"1";""
"201900042969";"138 225 330";"B01";"2";"2";"0";"2";"8";"15";"1";""
"201900042969";"138 225 331";"A01";"1";"33";"0";"2";"1";"13";"1";""
"201900042970";"138 225 328";"B01";"2";"15";"0";"2";"3";"1";"1";""
"201900042970";"138 225 329";"A01";"1";"7";"0";"2";"1";"13";"0";""
"201900042971";"138 225 326";"B01";"1";"7";"0";"2";"3";"1";"0";""
"201900042971";"138 225 327";"A01";"2";"7";"0";"2";"3";"1";"0";""
"201900042972";"138 225 325";"A01";"1";"7";"2";"0";"1";"1";"1";""
"201900042973";"138 225 324";"A01";"1";"7";"0";"1";"1";"1";"1";""
"201900042974";"138 225 323";"A01";"2";"7";"0";"0";"9";"13";"1";""
"201900042975";"138 225 321";"B01";"3";"7";"0";"9";"1";"1";"0";""
"201900042975";"138 225 322";"A01";"0";"1";"0";"2";"1";"0";"0";""
"201900042976";"138 225 319";"A01";"2";"33";"0";"2";"1";"5";"1";""
"201900042976";"138 225 320";"B01";"1";"7";"0";"2";"2";"9";"1";""
"201900042977";"138 225 318";"A01";"1";"7";"13";"0";"2";"14";"1";""
"201900042978";"138 225 316";"B01";"3";"2";"0";"2";"3";"13";"6";""
"201900042978";"138 225 317";"A01";"3";"7";"0";"2";"3";"1";"6";""
"201900042979";"138 225 312";"A01";"2";"7";"2";"0";"1";"1";"0";""
"201900042980";"138 225 311";"A01";"2";"33";"13";"0";"8";"1";"1";""
"201900042981";"138 225 310";"A01";"3";"2";"0";"6";"8";"19";"0";""
"201900042982";"138 225 309";"A01";"1";"7";"6";"0";"3";"13";"1";""
"201900042983";"138 225 306";"A01";"1";"7";"0";"2";"8";"17";"1";""
"201900042983";"138 225 307";"B01";"1";"7";"2";"2";"0";"17";"1";""
"201900042983";"138 225 308";"C01";"1";"7";"0";"0";"7";"1";"1";""
"201900042984";"138 225 305";"A01";"1";"7";"8";"0";"1";"1";"1";""
"201900042985";"138 225 304";"A01";"3";"36";"0";"0";"2";"15";"6";""
"201900042986";"138 225 301";"A01";"1";"99";"0";"2";"1";"13";"6";""
"201900042986";"138 225 302";"B01";"2";"99";"0";"2";"8";"1";"1";""
"201900042986";"138 225 303";"C01";"2";"7";"0";"9";"3";"1";"1";""
"201900042987";"138 225 300";"A01";"3";"14";"6";"1";"3";"0";"1";""
"201900042988";"138 225 299";"A01";"2";"33";"13";"0";"7";"1";"1";""
"201900042989";"138 225 297";"A01";"2";"7";"0";"2";"1";"5";"1";""
"201900042989";"138 225 298";"B01";"1";"7";"0";"2";"1";"1";"1";""
"201900042990";"138 225 296";"A01";"1";"7";"0";"1";"2";"16";"1";""
"201900042991";"138 225 294";"A01";"2";"7";"0";"2";"2";"10";"0";""
"201900042991";"138 225 295";"B01";"2";"33";"0";"2";"8";"1";"0";""
"201900042992";"138 225 292";"B01";"2";"10";"0";"9";"7";"16";"1";""
"201900042992";"138 225 293";"A01";"2";"80";"0";"2";"8";"23";"3";""
"201900042993";"138 225 290";"A01";"2";"33";"0";"2";"1";"1";"1";""
"201900042993";"138 225 291";"B01";"1";"7";"0";"2";"3";"15";"1";""
"201900042994";"138 225 288";"B01";"2";"33";"0";"2";"1";"1";"1";""
"201900042994";"138 225 289";"A01";"3";"10";"0";"2";"8";"19";"1";""
"201900042995";"138 225 286";"B01";"1";"33";"0";"2";"1";"2";"1";""
"201900042995";"138 225 287";"A01";"1";"7";"0";"0";"8";"15";"1";""
"201900042996";"138 225 284";"A01";"1";"7";"0";"2";"1";"1";"1";""
"201900042996";"138 225 285";"B01";"2";"7";"0";"2";"3";"13";"1";""
"201900042997";"138 225 282";"B01";"3";"10";"0";"9";"3";"15";"0";""
"201900042997";"138 225 283";"A01";"3";"1";"0";"2";"4";"1";"5";""
"201900042998";"138 225 280";"B01";"3";"1";"0";"2";"2";"1";"5";""
"201900042998";"138 225 281";"A01";"3";"7";"0";"2";"3";"9";"1";""
"201900042999";"138 225 279";"A01";"1";"31";"13";"0";"1";"13";"1";""
"201900043000";"138 225 277";"A01";"2";"7";"0";"2";"8";"1";"1";""
"201900043000";"138 225 278";"B01";"2";"33";"0";"2";"1";"1";"1";""
"201900043001";"138 225 276";"A01";"2";"2";"3";"0";"8";"0";"1";""
"201900043002";"138 225 274";"A01";"1";"33";"0";"2";"1";"2";"1";""
"201900043002";"138 225 275";"B01";"1";"7";"0";"2";"4";"2";"1";""
"201900043003";"138 225 271";"C01";"1";"7";"0";"2";"3";"1";"1";""
"201900043003";"138 225 272";"B01";"2";"17";"0";"2";"3";"17";"1";""
"201900043003";"138 225 273";"A01";"1";"7";"0";"2";"3";"13";"1";""
"201900043004";"138 225 269";"B01";"3";"33";"0";"2";"1";"1";"1";""
"201900043004";"138 225 270";"A01";"3";"7";"0";"2";"3";"1";"1";""
"201900043005";"138 225 267";"B01";"1";"7";"0";"2";"3";"13";"0";""
"201900043005";"138 225 268";"A01";"1";"7";"0";"2";"3";"1";"0";""
"201900043006";"138 225 266";"A01";"0";"32";"0";"0";"0";"1";"1";""
"201900043007";"138 225 262";"A01";" -1";"7";"0";"2";"1";"15";"1";""
"201900043007";"138 225 263";"B01";"0";"1";"0";"2";"2";"15";"6";""