"Num_Acc";"id_vehicule";"num_veh";"senc";"catv";"obs";"obsm";"choc";"manv";"motor";"occutc"
"201900043008";"138 225 260";"B01";"2";"7";"0";"2";"1";"17";"0";""
"201900043008";"138 225 261";"A01";"2";"7";"0";"0";"8";"10";"1";""
"201900043009";"138 225 258";"A01";"3";"7";"0";"1";"2";"1";"1";""
"201900043010";"138 225 255";"A01";"2";"7";"2";"0";"9";"1";"1";""
"201900043011";"138 225 254";"A01";"1";"33";"0";"0";"8";"15";"1";""
"201900043012";"138 225 252";"B01";"0";"7";"0";"2";"1";"1";"0";""
"201900043012";"138 225 253";"A01";"0";"33";"0";"2";"1";"13";"1";""
"201900043013";"138 225 251";"A01";"1";"7";"2";"0";"7";"1";"1";""
"201900043014";"138 225 249";"B01";"1";"7";"0";"2";"2";"1";"1";""
"201900043014";"138 225 250";"A01";"1";"7";"0";"2";"3";"0";"1";""
"201900043015";"138 225 248";"A01";"3";"7";"2";"0";"1";"0";"1";""
"201900043016";"138 225 246";"A01";"1";"1";"0";"0";"0";"15";"5";""
"201900043016";"138 225 247";"B01";"1";"7";"0";"0";"0";"1";"0";""
"201900043017";"138 225 244";"A01";"3";"2";"3";"0";"7";"1";"1";""
"201900043018";"138 225 243";"A01";"1";"33";"6";"0";"1";"1";"1";""
"201900043019";"138 225 241";"B01";"1";"7";"0";"2";"1";"1";"1";""
"201900043019";"138 225 242";"A01";"2";"7";"0";"2";"1";"13";"1";""
"201900043020";"138 225 238";"C01";"2";"7";"0";"9";"3";"23";"1";""
"201900043020";"138 225 239";"B01";"2";"33";"0";"2";"1";"1";"1";""
"201900043020";"138 225 240";"A01";"1";"7";"0";"2";"3";"15";"1";""
"201900043021";"138 225 237";"A01";"0";"2";"0";"0";"7";"1";"0";""
"201900043022";"138 225 235";"B01";"2";"7";"0";"2";"3";"1";"1";""
"201900043022";"138 225 236";"A01";"1";"7";"0";"0";"2";"13";"1";""
"201900043023";"138 225 233";"B01";"2";"1";"0";"2";"6";"19";"5";""
"201900043023";"138 225 234";"A01";"2";"7";"0";"9";"1";"1";"1";""
"201900043024";"138 225 232";"A01";"3";"7";"0";"1";"3";"15";"1";""
"201900043025";"138 225 231";"A01";"2";"7";"8";"0";"9";"1";"1";""
"201900043026";"138 225 230";"A01";"1";"7";"2";"0";"2";"1";"1";""
"201900043027";"138 225 227";"A01";"1";"10";"2";"0";"1";"14";"1";""
"201900043028";"138 225 226";"A01";"1";"33";"0";"0";"1";"1";"0";""
"201900043029";"138 225 224";"A01";"3";"7";"0";"2";"7";"1";"1";""
"201900043029";"138 225 225";"B01";"0";"7";"0";"2";"1";"1";"1";""
"201900043030";"138 225 223";"A01";"3";"7";"0";"1";"3";"13";"0";""
"201900043031";"138 225 222";"A01";"1";"7";"0";"1";"2";"13";"1";""
"201900043032";"138 225 220";"B01";"2";"31";"0";"2";"1";"17";"1";""
"201900043032";"138 225 221";"A01";"2";"7";"0";"2";"3";"15";"1";""
"201900043033";"138 225 219";"A01";"3";"7";"8";"0";"1";"21";"6";""
"201900043034";"138 225 218";"A01";"1";"7";"0";"0";"1";"21";"1";""
"201900043035";"138 225 217";"A01";"1";"7";"2";"0";"3";"1";"1";""
"201900043036";"138 225 214";"A01";"2";"7";"0";"2";"2";"10";"1";""
"201900043036";"138 225 215";"B01";"1";"33";"0";"2";"1";"1";"1";""
"201900043036";"138 225 216";"C01";"1";"7";"0";"0";"8";"23";"1";""
"201900043037";"138 225 213";"A01";"2";"33";"0";"0";"0";"1";"1";""
"201900043038";"138 225 211";"A01";"2";"7";"0";"2";"1";"9";"1";""
"201900043038";"138 225 212";"B01";"2";"80";"0";"2";"1";"6";"3";""
"201900043039";"138 225 209";"B01";"1";"1";"0";"2";"7";"14";"5";""
"201900043039";"138 225 210";"A01";"1";"1";"10";"2";"8";"13";"5";""
"201900043040";"138 225 207";"A01";"3";"7";"0";"9";"3";"1";"1";""
"201900043040";"138 225 208";"B01";"3";"99";"0";"2";"1";"1";"3";""
"201900043041";"138 225 205";"A01";"2";"33";"0";"2";"1";"17";"1";""
"201900043041";"138 225 206";"B01";"2";"21";"0";"0";"6";"1";"1";""
"201900043042";"138 225 203";"B01";"2";"7";"0";"2";"3";"1";"1";""
"201900043042";"138 225 204";"A01";"1";"21";"0";"2";"1";"1";"0";""
"201900043043";"138 225 201";"A01";"2";"7";"13";"2";"1";"1";"1";""
"201900043043";"138 225 202";"B01";"1";"7";"0";"2";"2";"1";"1";""
"201900043044";"138 225 198";"C01";"2";"7";"0";"2";"3";"1";"1";""
"201900043044";"138 225 199";"B01";"2";"7";"0";"2";"7";"1";"1";""
"201900043044";"138 225 200";"A01";"1";"33";"0";"2";"8";"1";"1";""
"201900043045";"138 225 197";"A01";"3";"7";"13";"0";"2";"1";"1";""
"201900043046";"138 225 194";"A01";"2";"7";"0";"2";"1";"2";"1";""
"201900043046";"138 225 195";"B01";"2";"7";"6";"0";"4";"2";"1";""
"201900043046";"138 225 196";"C01";"1";"7";"0";"0";"2";"1";"1";""
"201900043047";"138 225 193";"A01";"3";"1";"13";"0";"1";"26";"5";""
"201900043048";"138 225 192";"A01";"1";"31";"1";"0";"0";"0";"1";""
"201900043049";"138 225 190";"A01";"1";"7";"0";"2";"2";"1";"1";""
"201900043049";"138 225 191";"B01";"1";"1";"0";"0";"6";"19";"5";""
"201900043050";"138 225 188";"A01";"2";"7";"0";"2";"1";"15";"1";""
"201900043050";"138 225 189";"B01";"1";"7";"0";"2";"3";"1";"1";""
"201900043051";"138 225 186";"B01";"1";"33";"13";"2";"1";"17";"0";""
"201900043051";"138 225 187";"A01";"1";"10";"0";"2";"3";"11";"0";""
"201900043052";"138 225 183";"A01";"1";"7";"11";"2";"3";"6";"1";""
"201900043052";"138 225 184";"B01";"2";"7";"0";"2";"3";"5";"0";""
"201900043052";"138 225 185";"C01";"2";"10";"0";"2";"1";"2";"1";""
"201900043053";"138 225 181";"A01";"3";"7";"0";"2";"3";"15";"1";""
"201900043053";"138 225 182";"B01";"2";"7";"0";"2";"1";"1";"1";""
"201900043054";"138 225 179";"A01";"3";"7";"0";"9";"3";"1";"1";""
"201900043054";"138 225 180";"B01";"3";"1";"0";"2";"1";"1";"6";""
"201900043055";"138 225 177";"B01";"3";"7";"0";"2";"6";"15";"1";""
"201900043055";"138 225 178";"A01";"1";"7";"6";"2";"1";"1";"1";""
"201900043056";"138 225 175";"A01";"2";"32";"0";"2";"1";"9";"1";""
"201900043056";"138 225 176";"B01";"2";"3";"0";"0";"6";"9";"1";""
"201900043057";"138 225 173";"A01";"1";"7";"0";"2";"6";"1";"1";""
"201900043057";"138 225 174";"B01";"2";"7";"0";"2";"1";"9";"1";""
"201900043058";"138 225 171";"B01";"0";"7";"0";"2";"3";"5";"1";""
"201900043058";"138 225 172";"A01";"3";"33";"0";"2";"1";"5";"1";""
"201900043059";"138 225 170";"A01";"3";"33";"0";"0";"0";"1";"1";""
"201900043060";"138 225 169";"A01";"2";"2";"2";"0";"1";"1";"1";""
"201900043061";"138 225 167";"B01";"2";"7";"0";"0";"4";"19";"1";""
"201900043061";"138 225 168";"A01";"2";"10";"0";"2";"1";"1";"1";""
"201900043062";"138 225 165";"A01";"2";"1";"0";"2";"5";"1";"5";""
"201900043062";"138 225 166";"B01";"1";"7";"0";"2";"2";"15";"0";""
"201900043063";"138 225 164";"A01";"1";"7";"13";"0";"9";"1";"1";""
"201900043064";"138 225 163";"A01";"1";"2";"8";"0";"1";"1";"1";""
"201900043065";"138 225 161";"B01";"2";"7";"0";"2";"1";"1";"1";""
"201900043065";"138 225 162";"A01";"1";"7";"0";"2";"1";"13";"1";""
"201900043066";"138 225 159";"B01";"3";"33";"0";"2";"1";"1";"1";""
"201900043066";"138 225 160";"A01";"3";"7";"0";"2";"3";"15";"1";""
"201900043067";"138 225 157";"B01";"2";"33";"0";"2";"8";"1";"1";""
"201900043067";"138 225 158";"A01";"1";"7";"0";"2";"3";"13";"1";""
"201900043068";"138 225 156";"A01";"2";"33";"11";"0";"1";"1";"1";""
"201900043069";"138 225 154";"B01";"2";"7";"0";"2";"1";"1";"1";""
"201900043069";"138 225 155";"A01";"1";"7";"0";"2";"1";"11";"1";""
"201900043070";"138 225 153";"A01";"3";"2";"0";"0";"0";"0";"1";""
"201900043071";"138 225 152";"A01";"2";"7";"1";"0";"2";"1";"1";""
"201900043072";"138 225 150";"B01";"3";"2";"0";"2";"1";"1";"1";""
"201900043072";"138 225 151";"A01";"3";"7";"0";"2";"3";"1";"1";""
"201900043073";"138 225 148";"A01";"2";"3";"0";"9";"2";"26";"0";""
"201900043073";"138 225 149";"B01";"2";"80";"0";"0";"3";"1";"3";""
"201900043074";"138 225 142";"B01";"2";"7";"0";"2";"3";"15";"1";""
"201900043074";"138 225 143";"A01";"2";"33";"6";"2";"1";"2";"1";""
"201900043075";"138 225 139";"B01";"3";"7";"0";"2";"3";"1";"1";""
"201900043075";"138 225 140";"A01";"3";"7";"0";"2";"3";"1";"1";""
"201900043076";"138 225 133";"A01";"2";"7";"13";"0";"1";"13";"1";""
"201900043077";"138 225 131";"B01";"2";"7";"0";"2";"3";"1";"1";""
"201900043077";"138 225 132";"A01";"3";"33";"0";"2";"1";"13";"1";""
"201900043078";"138 225 130";"A01";"0";"33";"16";"0";"7";"2";"1";""
"201900043079";"138 225 129";"A01";"1";"7";"0";"1";"1";"1";"1";""
"201900043080";"138 225 128";"A01";"3";"2";"6";"0";"2";"1";"1";""
"201900043081";"138 225 127";"A01";"1";"3";"13";"0";"9";"13";"1";""
"201900043082";"138 225 125";"A01";"2";"7";"0";"2";"3";"13";"1";""
"201900043082";"138 225 126";"B01";"2";"10";"0";"2";"3";"1";"1";""
"201900043083";"138 225 124";"A01";"1";"7";"13";"0";"1";"17";"1";""
"201900043084";"138 225 123";"A01";"1";"33";"0";"0";"7";"1";"1";""
"201900043085";"138 225 122";"A01";"3";"21";"0";"0";"0";"1";"1";""
"201900043086";"138 225 120";"A01";"3";"7";"0";"2";"2";"19";"1";""
"201900043086";"138 225 121";"B01";"3";"33";"0";"2";"1";"1";"1";""
"201900043087";"138 225 119";"A01";"1";"7";"0";"1";"1";"1";"1";""
"201900043088";"138 225 117";"B01";"3";"7";"0";"2";"1";"5";"0";""
"201900043088";"138 225 118";"A01";"3";"7";"0";"2";"1";"1";"0";""
"201900043089";"138 225 116";"A01";"1";"2";"16";"0";"1";"1";"1";""
"201900043090";"138 225 113";"A01";"1";"7";"0";"2";"1";"5";"2";""
"201900043090";"138 225 114";"B01";"2";"2";"0";"2";"1";"1";"1";""
"201900043091";"138 225 112";"A01";"1";"33";"6";"0";"1";"1";"1";""
"201900043092";"138 225 111";"A01";"1";"33";"0";"0";"7";"1";"1";""
"201900043093";"138 225 109";"A01";"1";"2";"0";"2";"1";"13";"1";""
"201900043093";"138 225 110";"B01";"2";"7";"0";"2";"1";"1";"1";""
"201900043094";"138 225 107";"A01";"1";"1";"16";"0";"4";"2";"5";""
"201900043094";"138 225 108";"B01";"1";"1";"16";"0";"1";"2";"5";""
"201900043095";"138 225 105";"A01";"2";"7";"0";"2";"1";"13";"1";""
"201900043095";"138 225 106";"B01";"1";"15";"0";"2";"3";"1";"1";""
"201900043096";"138 225 104";"A01";"1";"7";"13";"0";"9";"1";"1";""
"201900043097";"138 225 102";"A01";"2";"7";"0";"2";"3";"17";"1";""
"201900043097";"138 225 103";"B01";"1";"33";"0";"2";"1";"1";"1";""
"201900043098";"138 225 100";"B01";"1";"7";"0";"2";"3";"1";"1";""
"201900043098";"138 225 101";"A01";"2";"7";"0";"2";"3";"13";"1";""
"201900043099";"138 225 098";"A01";"2";"33";"0";"2";"8";"15";"1";""
"201900043099";"138 225 099";"B01";"1";"7";"0";"2";"3";"1";"1";""
"201900043100";"138 225 096";"B01";"2";"33";"0";"2";"7";"17";"1";""
"201900043100";"138 225 097";"A01";"2";"7";"0";"2";"8";"17";"1";""
"201900043101";"138 225 094";"B01";"1";"7";"0";"2";"7";"1";"2";""
"201900043101";"138 225 095";"A01";"1";"7";"0";"2";"1";"1";"1";""
"201900043102";"138 225 092";"A01";"2";"7";"13";"0";"2";"0";"1";""
"201900043103";"138 225 090";"A01";"2";"7";"0";"2";"2";"1";"0";""
"201900043103";"138 225 091";"B01";"2";"7";"0";"2";"1";"0";"0";""
"201900043104";"138 225 089";"A01";"2";"7";"13";"0";"1";"14";"1";""
"201900043105";"138 225 087";"A01";"2";"7";"0";"2";"2";"5";"1";""
"201900043105";"138 225 088";"B01";"1";"2";"0";"2";"1";"1";"1";""
"201900043106";"138 225 085";"B01";"1";"7";"0";"2";"1";"13";"1";""
"201900043106";"138 225 086";"A01";"2";"2";"0";"2";"1";"1";"1";""
"201900043107";"138 225 082";"C01";"2";"7";"0";"2";"9";"1";"1";""
"201900043107";"138 225 083";"B01";"2";"7";"0";"2";"1";"15";"1";""
"201900043107";"138 225 084";"A01";"1";"7";"0";"2";"1";"1";"1";""
"201900043108";"138 225 080";"B01";"2";"7";"0";"0";"0";"1";"1";""
"201900043108";"138 225 081";"A01";"1";"2";"16";"0";"0";"2";"1";""
"201900043109";"138 225 079";"A01";"1";"7";"2";"0";"0";"2";"1";""
"201900043110";"138 225 075";"A01";"2";"7";"0";"2";"7";"15";"1";""
"201900043110";"138 225 076";"B01";"1";"33";"13";"2";"1";"1";"1";""
"201900043111";"138 225 073";"B01";"3";"2";"0";"2";"1";"1";"1";""
"201900043111";"138 225 074";"A01";"3";"7";"0";"2";"8";"19";"1";""
"201900043112";"138 225 072";"A01";"1";"33";"12";"0";"2";"15";"1";""
"201900043113";"138 225 070";"B01";"2";"7";"0";"2";"3";"1";"1";""
"201900043113";"138 225 071";"A01";"1";"7";"0";"2";"3";"17";"1";""
"201900043114";"138 225 069";"A01";"0";"2";"6";"0";"1";"1";"1";""
"201900043115";"138 225 068";"A01";"1";"7";"2";"0";"1";"14";"1";""
"201900043116";"138 225 067";"A01";"1";"33";"0";"6";"1";"1";"1";""
"201900043117";"138 225 066";"A01";"3";"7";"8";"0";"1";"14";"1";""
"201900043118";"138 225 065";"A01";"1";"7";"13";"0";"1";"1";"1";""
"201900043119";"138 225 062";"A01";"1";"7";"0";"2";"1";"13";"1";""
"201900043119";"138 225 063";"B01";"2";"31";"0";"0";"8";"1";"1";""
"201900043119";"138 225 064";"C01";"2";"31";"0";"0";"1";"21";"1";""
"201900043120";"138 225 061";"A01";"3";"2";"6";"0";"1";"1";"1";""
"201900043121";"138 225 060";"A01";"1";"7";"8";"0";"3";"1";"0";""
"201900043122";"138 225 058";"A01";"1";"7";"0";"2";"1";"13";"0";""
"201900043122";"138 225 059";"B01";"2";"7";"0";"2";"1";"1";"0";""
"201900043123";"138 225 057";"A01";"2";"2";"0";"0";"8";"1";"1";""
"201900043124";"138 225 056";"A01";"2";"7";"3";"0";"0";"14";"1";""
"201900043125";"138 225 054";"B01";"2";"10";"0";"2";"1";"1";"0";""
"201900043125";"138 225 055";"A01";"2";"2";"0";"0";"4";"16";"6";""
"201900043126";"138 225 053";"A01";"0";"2";"13";"0";"2";"1";"1";""
"201900043127";"138 225 051";"B01";"1";"21";"0";"2";"4";"1";"1";""
"201900043127";"138 225 052";"A01";"1";"7";"0";"1";"1";"1";"1";""
"201900043128";"138 225 047";"B01";"3";"1";"0";"2";"8";"1";"5";""
"201900043128";"138 225 048";"A01";"3";"7";"0";"9";"1";"15";"1";""
"201900043129";"138 225 045";"B01";"3";"7";"0";"2";"3";"1";"1";""
"201900043129";"138 225 046";"A01";"0";"2";"15";"2";"1";"19";"0";""
"201900043130";"138 225 044";"A01";"1";"7";"13";"0";"0";"1";"1";""
"201900043131";"138 225 042";"B01";"1";"7";"0";"2";"6";"15";"1";""
"201900043131";"138 225 043";"A01";"2";"33";"0";"2";"1";"1";"1";""
"201900043132";"138 225 040";"A01";"1";"7";"0";"2";"1";"1";"1";""
"201900043132";"138 225 041";"B01";"1";"1";"0";"2";"4";"1";"5";""
"201900043133";"138 225 038";"B01";"2";"7";"0";"2";"8";"1";"1";""
"201900043133";"138 225 039";"A01";"1";"7";"0";"2";"1";"19";"1";""
"201900043134";"138 225 037";"A01";"1";"2";"0";"0";"0";"1";"1";""
"201900043135";"138 225 035";"B01";"2";"10";"0";"0";"6";"23";"1";""
"201900043135";"138 225 036";"A01";"2";"7";"1";"0";"2";"1";"1";""
"201900043136";"138 225 034";"A01";"2";"7";"2";"0";"3";"13";"1";""
"201900043137";"138 225 032";"B01";"3";"7";"0";"2";"3";"26";"1";""
"201900043137";"138 225 033";"A01";"3";"33";"0";"2";"2";"16";"1";""
"201900043138";"138 225 030";"B01";"1";"14";"13";"2";"3";"1";"0";""
"201900043138";"138 225 031";"A01";"2";"7";"13";"2";"1";"13";"0";""
"201900043139";"138 225 029";"A01";"2";"2";"0";"0";"1";"21";"1";""
"201900043140";"138 225 028";"A01";"2";"7";"13";"0";"3";"0";"1";""
"201900043141";"138 225 027";"A01";"1";"33";"0";"6";"8";"1";"0";""
"201900043142";"138 225 025";"B01";"2";"33";"0";"2";"7";"1";"1";""
"201900043142";"138 225 026";"A01";"1";"7";"0";"2";"3";"9";"1";""
"201900043143";"138 225 024";"A01";"3";"7";"15";"0";"8";"1";"1";""
"201900043144";"138 225 023";"A01";"1";"7";"2";"0";"1";"1";"1";""
"201900043145";"138 225 022";"A01";"1";"33";"13";"0";"1";"0";"1";""
"201900043146";"138 225 021";"A01";"1";"0";"0";"1";"2";"1";"0";""
"201900043147";"138 225 020";"A01";"1";"10";"0";"0";"9";"1";"1";""
"201900043148";"138 225 019";"A01";"1";"2";"0";"6";"1";"21";"1";""
"201900043149";"138 225 017";"A01";"1";"7";"0";"2";"2";"2";"0";""
"201900043149";"138 225 018";"B01";"1";"7";"8";"2";"6";"1";"0";""
"201900043150";"138 225 015";"A01";"3";"7";"0";"0";"7";"19";"1";""
"201900043150";"138 225 016";"B01";"3";"7";"0";"2";"1";"1";"1";""
"201900043151";"138 225 014";"A01";"2";"33";"6";"0";"1";"1";"1";""
"201900043152";"138 225 013";"A01";"0";"7";"6";"0";"1";"0";"1";""
"201900043153";"138 225 012";"A01";"1";"7";"2";"0";"3";"0";"1";""
"201900043154";"138 225 010";"A01";"3";"7";"0";"2";"1";"19";"1";""
"201900043154";"138 225 011";"B01";"2";"7";"13";"2";"7";"1";"1";""
"201900043155";"138 225 008";"B01";"1";"7";"0";"2";"1";"1";"1";""
"201900043155";"138 225 009";"A01";"2";"7";"0";"2";"3";"19";"1";""
"201900043156";"138 225 007";"A01";"2";"33";"11";"0";"1";"17";"1";""
"201900043157";"138 225 005";"B01";"3";"7";"0";"2";"1";"1";"1";""
"201900043157";"138 225 006";"A01";"3";"7";"0";"2";"2";"19";"1";""
"201900043158";"138 225 004";"A01";"3";"7";"2";"0";"8";"1";"1";""
"201900043159";"138 225 002";"B01";"1";"7";"0";"2";"1";"1";"1";""
"201900043159";"138 225 003";"A01";"2";"7";"0";"2";"3";"1";"1";""
"201900043160";"138 225 000";"B01";"1";"7";"0";"0";"3";"15";"1";""
"201900043160";"138 225 001";"A01";"1";"33";"0";"2";"7";"17";"1";""
"201900043161";"138 224 998";"A01";"2";"7";"0";"2";"3";"15";"1";""
"201900043161";"138 224 999";"B01";"1";"33";"0";"2";"8";"1";"1";""
"201900043162";"138 224 997";"A01";"1";"7";"13";"6";"9";"1";"0";""
"201900043163";"138 224 993";"A01";"1";"15";"0";"2";"1";"1";"1";""
"201900043163";"138 224 994";"D01";"1";"10";"0";"2";"4";"1";"1";""
"201900043163";"138 224 995";"C01";"1";"7";"0";"2";"4";"1";"1";""
"201900043163";"138 224 996";"B01";"1";"7";"0";"2";"4";"1";"1";""
"201900043164";"138 224 992";"A01";"3";"7";"6";"0";"1";"0";"1";""
"201900043165";"138 224 991";"A01";"1";"37";"0";"1";"1";"1";"1";"1"
"201900043166";"138 224 988";"C01";"0";"7";"0";"2";"1";"1";"1";""
"201900043166";"138 224 989";"B01";"1";"7";"0";"2";"6";"2";"1";""
"201900043166";"138 224 990";"A01";"0";"7";"4";"2";"1";"17";"1";""
"201900043167";"138 224 986";"B01";"1";"1";"0";"2";"4";"1";"0";""
"201900043167";"138 224 987";"A01";"1";"7";"0";"9";"2";"17";"1";""
"201900043168";"138 224 984";"A01";"2";"7";"0";"0";"4";"1";"0";""
"201900043168";"138 224 985";"B01";"2";"7";"0";"2";"1";"2";"1";""
"201900043169";"138 224 982";"B01";"3";"2";"0";"2";"1";"1";"1";""
"201900043169";"138 224 983";"A01";"3";"2";"12";"0";"8";"1";"1";""
"201900043170";"138 224 979";"A01";"3";"7";"0";"2";"1";"13";"1";""
"201900043170";"138 224 980";"B01";"3";"7";"0";"2";"1";"1";"1";""
"201900043170";"138 224 981";"C01";"3";"7";"0";"2";"6";"1";"1";""
"201900043171";"138 224 978";"A01";"3";"7";"2";"0";"1";"1";"1";""
"201900043172";"138 224 976";"C01";"1";"15";"5";"2";"2";"0";"0";""
"201900043172";"138 224 977";"B01";"1";"7";"0";"2";"5";"0";"0";""
"201900043173";"138 224 975";"A01";"2";"33";"4";"0";"8";"1";"1";""
"201900043174";"138 224 974";"A01";"1";"7";"0";"0";"2";"2";"1";""
"201900043175";"138 224 972";"A01";"1";"7";"0";"0";"4";"1";"1";""
"201900043175";"138 224 973";"B01";"1";"7";"0";"2";"1";"1";"1";""
"201900043176";"138 224 971";"A01";"2";"33";"3";"0";"1";"1";"6";""
"201900043177";"138 224 970";"A01";"0";"7";"2";"0";"1";"13";"1";""
"201900043178";"138 224 969";"A01";"1";"7";"13";"0";"4";"17";"1";""
"201900043179";"138 224 968";"A01";"1";"7";"13";"0";"9";"1";"1";""
"201900043180";"138 224 966";"B01";"0";"33";"0";"2";"1";"17";"1";""
"201900043180";"138 224 967";"A01";"1";"7";"0";"2";"8";"2";"1";""
"201900043181";"138 224 965";"A01";"1";"43";"8";"0";"1";"1";"1";""
"201900043182";"138 224 963";"A01";"2";"7";"0";"2";"3";"15";"1";""
"201900043182";"138 224 964";"B01";"2";"33";"0";"2";"8";"1";"1";""
"201900043183";"138 224 962";"A01";"2";"7";"15";"0";"1";"13";"1";""
"201900043184";"138 224 961";"A01";"2";"7";"8";"0";"2";"1";"1";""
"201900043185";"138 224 959";"B01";"0";"1";"0";"0";"0";"17";"5";""
"201900043185";"138 224 960";"A01";"0";"7";"0";"0";"0";"16";"2";""
"201900043186";"138 224 958";"A01";"2";"10";"0";"1";"4";"4";"1";""
"201900043187";"138 224 957";"A01";"3";"33";"0";"0";"2";"1";"1";""
"201900043188";"138 224 956";"A01";"1";"7";"0";"1";"8";"1";"1";""
"201900043189";"138 224 955";"A01";"2";"7";"2";"0";"3";"1";"1";""
"201900043190";"138 224 954";"A01";"1";"13";"0";"0";"8";"9";"1";""
"201900043191";"138 224 952";"B01";"2";"7";"0";"2";"3";"15";"1";""
"201900043191";"138 224 953";"A01";"2";"33";"0";"2";"1";"13";"1";""
"201900043192";"138 224 950";"B01";"2";"37";"0";"2";"2";"1";"1";"2"
"201900043192";"138 224 951";"A01";"1";"7";"0";"2";"4";"26";"1";""
"201900043193";"138 224 948";"A01";"1";"10";"0";"2";"2";"13";"1";""
"201900043193";"138 224 949";"B01";"2";"33";"0";"2";"1";"1";"1";""
"201900043194";"138 224 946";"A01";"1";"7";"0";"2";"2";"15";"1";""
"201900043194";"138 224 947";"B01";"2";"34";"0";"2";"1";"1";"1";""
"201900043195";"138 224 944";"B01";"1";"17";"0";"0";"4";"2";"1";""
"201900043195";"138 224 945";"A01";"1";"33";"0";"2";"1";"2";"1";""
"201900043196";"138 224 943";"A01";"0";"7";"0";"1";"2";"1";"1";""
"201900043197";"138 224 941";"B01";"3";"1";"0";"2";"7";"26";"5";""
"201900043197";"138 224 942";"A01";"3";"7";"0";"9";"3";"9";"1";""
"201900043198";"138 224 939";"B01";"0";"1";"0";"2";"6";"1";"0";""
"201900043198";"138 224 940";"A01";"0";"10";"0";"9";"2";"1";"0";""
"201900043199";"138 224 938";"A01";"3";"7";"0";"1";"3";"15";"1";""
"201900043200";"138 224 937";"A01";"3";"33";"0";"0";"0";"1";"1";""
"201900043201";"138 224 934";"A01";"3";"7";"0";"1";"2";"15";"1";""
"201900043202";"138 224 932";"B01";"1";"7";"0";"2";"3";"1";"1";""
"201900043202";"138 224 933";"A01";"2";"7";"0";"2";"3";"13";"1";""
"201900043203";"138 224 931";"A01";"2";"7";"0";"1";"1";"1";"0";""
"201900043204";"138 224 930";"A01";"3";"10";"0";"1";"2";"0";"0";""
"201900043205";"138 224 928";"B01";"1";"33";"0";"2";"4";"15";"1";""
"201900043205";"138 224 929";"A01";"1";"33";"0";"2";"1";"1";"1";""
"201900043206";"138 224 925";"A01";"1";"7";"0";"2";"1";"13";"1";""
"201900043206";"138 224 926";"B01";"2";"7";"0";"2";"1";"1";"1";""
"201900043206";"138 224 927";"C01";"2";"7";"0";"2";"1";"1";"1";""
"201900043207";"138 224 923";"A01";"1";"7";"0";"2";"2";"9";"0";""
"201900043207";"138 224 924";"B01";"2";"7";"5";"2";"5";"1";"0";""
"201900043208";"138 224 921";"A01";"1";"7";"0";"2";"1";"15";"1";""
"201900043208";"138 224 922";"B01";"2";"2";"0";"2";"7";"1";"1";""
"201900043209";"138 224 919";"B01";"1";"7";"0";"2";"2";"15";"1";""
"201900043209";"138 224 920";"A01";"2";"7";"0";"2";"3";"1";"1";""
"201900043210";"138 224 917";"A01";"2";"7";"6";"2";"1";"13";"1";""
"201900043210";"138 224 918";"B01";"1";"7";"0";"2";"1";"1";"1";""
"201900043211";"138 224 915";"B01";"2";"7";"6";"2";"3";"1";"1";""
"201900043211";"138 224 916";"A01";"1";"7";"6";"2";"1";"1";"1";""
"201900043212";"138 224 914";"A01";"0";"7";"13";"0";"1";"19";"0";""
"201900043213";"138 224 912";"A01";"2";"2";"0";"2";"1";"17";"1";""
"201900043213";"138 224 913";"B01";"3";"7";"0";"2";"8";"19";"1";""
"201900043214";"138 224 911";"A01";"3";"3";"1";"0";"1";"2";"1";""
"201900043215";"138 224 910";"A01";"2";"7";"13";"0";"0";"1";"1";""
"201900043216";"138 224 908";"A01";"2";"7";"0";"2";"3";"5";"1";""
"201900043216";"138 224 909";"B01";"1";"7";"0";"2";"3";"1";"1";""
"201900043217";"138 224 904";"B01";"2";"33";"0";"2";"1";"1";"1";""
"201900043217";"138 224 905";"A01";"2";"7";"0";"2";"3";"19";"1";""
"201900043218";"138 224 902";"B01";"2";"7";"0";"2";"1";"1";"1";""
"201900043218";"138 224 903";"A01";"2";"7";"0";"2";"4";"11";"1";""
"201900043219";"138 224 900";"A01";"1";"7";"0";"2";"4";"2";"1";""
"201900043219";"138 224 901";"B01";"1";"7";"0";"2";"1";"2";"1";""
"201900043220";"138 224 899";"A01";"2";"15";"3";"0";"0";"14";"1";""
"201900043221";"138 224 897";"B01";"1";"10";"0";"2";"8";"1";"1";""
"201900043221";"138 224 898";"A01";"1";"7";"3";"2";"7";"12";"1";""
"201900043222";"138 224 895";"B01";"2";"7";"0";"0";"6";"1";"1";""
"201900043222";"138 224 896";"A01";"2";"17";"0";"2";"2";"12";"1";""
"201900043223";"138 224 891";"A01";"2";"7";"0";"2";"4";"23";"1";""
"201900043223";"138 224 892";"C01";"2";"7";"0";"2";"5";"23";"1";""
"201900043223";"138 224 893";"B01";"2";"7";"0";"2";"4";"23";"1";""
"201900043223";"138 224 894";"Z01";"2";"10";"0";"2";"1";"2";"0";""
"201900043224";"138 224 889";"B01";"2";"7";"0";"2";"2";"1";"1";""
"201900043224";"138 224 890";"A01";"2";"7";"4";"2";"6";"12";"1";""