"Num_Acc";"id_vehicule";"num_veh";"senc";"catv";"obs";"obsm";"choc";"manv";"motor";"occutc"
"201900043423";"138 224 514";"B01";"2";"7";"0";"2";"1";"1";"1";""
"201900043423";"138 224 515";"C01";"2";"7";"0";"2";"2";"1";"0";""
"201900043424";"138 224 512";"A01";"3";"33";"3";"0";"8";"1";"1";""
"201900043425";"138 224 510";"A01";"2";"10";"0";"2";"1";"11";"0";""
"201900043425";"138 224 511";"B01";"2";"7";"0";"0";"6";"1";"0";""
"201900043426";"138 224 508";"A01";"2";"7";"0";"2";"5";"15";"1";""
"201900043426";"138 224 509";"B01";"1";"32";"0";"2";"1";"1";"1";""
"201900043427";"138 224 506";"B01";"2";"7";"0";"2";"1";"1";"1";""
"201900043427";"138 224 507";"A01";"1";"7";"0";"2";"1";"13";"1";""
"201900043428";"138 224 504";"B01";"3";"7";"0";"2";"3";"1";"1";""
"201900043428";"138 224 505";"A01";"3";"32";"0";"2";"1";"1";"1";""
"201900043429";"138 224 501";"C01";"3";"7";"0";"2";"1";"5";"1";""
"201900043429";"138 224 502";"B01";"3";"13";"0";"2";"1";"5";"1";""
"201900043429";"138 224 503";"A01";"3";"7";"0";"2";"1";"5";"1";""
"201900043430";"138 224 500";"A01";"0";"80";"0";"0";"0";"1";"3";""
"201900043431";"138 224 499";"A01";"1";"33";"7";"2";"1";"1";"1";""
"201900043432";"138 224 498";"A01";"3";"7";"13";"0";"1";"0";"1";""
"201900043433";"138 224 497";"A01";"1";"7";"0";"1";"1";"1";"1";""
"201900043434";"138 224 496";"A01";"1";"33";"13";"0";"1";"15";"6";""
"201900043435";"138 224 494";"A01";"2";"7";"0";"2";"3";"1";"1";""
"201900043435";"138 224 495";"B01";"2";"1";"0";"2";"8";"1";"5";""
"201900043436";"138 224 493";"A01";"1";"7";"0";"6";"2";"1";"1";""
"201900043437";"138 224 491";"A01";"1";"33";"0";"2";"2";"1";"1";""
"201900043437";"138 224 492";"B01";"1";"10";"0";"2";"3";"20";"1";""
"201900043438";"138 224 488";"C01";"1";"7";"0";"0";"4";"1";"1";""
"201900043438";"138 224 489";"B01";"1";"7";"0";"2";"4";"1";"1";""
"201900043438";"138 224 490";"A01";"1";"10";"0";"2";"1";"1";"1";""
"201900043439";"138 224 487";"A01";"1";"31";"13";"0";"9";"26";"1";""
"201900043440";"138 224 485";"A01";"3";"7";"0";"2";"3";"1";"1";""
"201900043440";"138 224 486";"B01";"3";"7";"0";"2";"1";"1";"1";""
"201900043441";"138 224 484";"A01";"3";"7";"0";"1";"2";"1";"1";""
"201900043442";"138 224 482";"A01";"1";"7";"2";"0";"1";"5";"1";""
"201900043443";"138 224 480";"B01";"0";"7";"0";"0";"3";"1";"1";""
"201900043443";"138 224 481";"A01";"0";"7";"0";"0";"8";"10";"1";""
"201900043444";"138 224 478";"B01";"2";"32";"0";"2";"1";"1";"1";""
"201900043444";"138 224 479";"A01";"1";"7";"0";"2";"8";"16";"1";""
"201900043445";"138 224 476";"B01";"2";"33";"0";"2";"1";"0";"0";""
"201900043445";"138 224 477";"A01";"2";"7";"0";"2";"3";"5";"0";""
"201900043446";"138 224 474";"B01";"2";"7";"0";"2";"1";"1";"1";""
"201900043446";"138 224 475";"A01";"1";"33";"0";"2";"1";"17";"1";""
"201900043447";"138 224 472";"A01";"2";"33";"4";"2";"2";"13";"1";""
"201900043447";"138 224 473";"B01";"1";"15";"0";"2";"2";"1";"1";""
"201900043448";"138 224 470";"B01";"1";"7";"0";"2";"1";"1";"1";""
"201900043448";"138 224 471";"A01";"2";"33";"0";"2";"1";"13";"1";""
"201900043449";"138 224 468";"A01";"2";"7";"0";"2";"1";"15";"1";""
"201900043449";"138 224 469";"B01";"1";"33";"0";"2";"1";"1";"1";""
"201900043450";"138 224 467";"A01";"2";"32";"0";"0";"7";"1";"1";""
"201900043451";"138 224 465";"B01";"1";"7";"0";"0";"4";"1";"1";""
"201900043451";"138 224 466";"A01";"1";"7";"0";"2";"1";"1";"1";""
"201900043452";"138 224 462";"B01";"0";"7";"0";"2";"3";"0";"1";""
"201900043452";"138 224 463";"A01";"0";"7";"0";"2";"3";"0";"1";""
"201900043453";"138 224 461";"A01";"3";"7";"15";"0";"0";"1";"1";""
"201900043454";"138 224 459";"B01";"2";"33";"0";"2";"1";"13";"1";""
"201900043454";"138 224 460";"A01";"1";"7";"0";"2";"2";"19";"1";""
"201900043455";"138 224 457";"A01";"1";"2";"0";"2";"1";"1";"1";""
"201900043455";"138 224 458";"B01";"2";"7";"0";"2";"8";"1";"1";""
"201900043456";"138 224 456";"A01";"2";"7";"13";"0";"2";"0";"1";""
"201900043457";"138 224 455";"A01";"2";"33";"0";"0";"7";"1";"1";""
"201900043458";"138 224 453";"B01";"2";"7";"0";"2";"3";"1";"0";""
"201900043458";"138 224 454";"A01";"1";"7";"0";"2";"3";"13";"0";""
"201900043459";"138 224 452";"A01";"2";"33";"2";"0";"1";"1";"1";""
"201900043460";"138 224 450";"A01";"2";"33";"0";"2";"0";"17";"1";""
"201900043460";"138 224 451";"B01";"2";"1";"0";"2";"8";"13";"5";""
"201900043461";"138 224 448";"A01";"1";"7";"0";"2";"2";"17";"0";""
"201900043461";"138 224 449";"B01";"1";"7";"0";"2";"3";"15";"0";""
"201900043462";"138 224 447";"A01";"1";"7";"13";"0";"3";"0";"1";""
"201900043463";"138 224 446";"A01";"3";"7";"6";"0";"1";"0";"1";""
"201900043464";"138 224 444";"B01";"3";"7";"0";"2";"7";"12";"1";""
"201900043464";"138 224 445";"A01";"3";"1";"0";"2";"9";"1";"5";""
"201900043465";"138 224 442";"B01";"0";"31";"0";"2";"0";"17";"1";""
"201900043465";"138 224 443";"A01";"0";"7";"0";"0";"3";"15";"1";""
"201900043466";"138 224 440";"A01";"1";"33";"0";"2";"1";"17";"1";""
"201900043466";"138 224 441";"B01";"1";"7";"0";"2";"3";"15";"1";""
"201900043467";"138 224 439";"A01";"2";"10";"2";"0";"3";"0";"6";""
"201900043468";"138 224 437";"B01";"3";"33";"14";"2";"7";"17";"0";""
"201900043468";"138 224 438";"A01";"0";"7";"0";"2";"2";"15";"0";""
"201900043469";"138 224 436";"A01";"1";"7";"13";"0";"3";"13";"1";""
"201900043470";"138 224 434";"A01";"1";"7";"0";"2";"1";"1";"1";""
"201900043470";"138 224 435";"B01";"1";"21";"0";"2";"3";"1";"1";""
"201900043471";"138 224 432";"B01";"2";"1";"0";"0";"1";"1";"5";""
"201900043471";"138 224 433";"A01";"1";"7";"0";"2";"0";"5";"1";""
"201900043472";"138 224 431";"A01";"2";"7";"0";"1";"3";"1";"1";""
"201900043473";"138 224 430";"A01";"2";"15";"2";"0";"1";"1";"0";""
"201900043474";"138 224 429";"A01";"2";"7";"8";"0";"7";"1";"1";""
"201900043475";"138 224 428";"A01";"1";"10";"0";"1";"2";"1";"1";""
"201900043476";"138 224 426";"B01";"2";"7";"0";"0";"4";"1";"1";""
"201900043476";"138 224 427";"A01";"2";"32";"0";"2";"1";"1";"1";""
"201900043477";"138 224 425";"A01";"0";"33";"3";"0";"8";"0";"1";""
"201900043478";"138 224 423";"B01";"3";"10";"0";"2";"1";"1";"1";""
"201900043478";"138 224 424";"A01";"3";"33";"0";"2";"1";"17";"1";""
"201900043479";"138 224 421";"A01";"0";"7";"0";"0";"2";"1";"1";""
"201900043479";"138 224 422";"B01";"2";"7";"8";"0";"3";"1";"1";""
"201900043480";"138 224 420";"A01";"1";"7";"13";"0";"9";"0";"6";""
"201900043481";"138 224 418";"B01";"0";"1";"0";"0";"1";"1";"5";""
"201900043481";"138 224 419";"A01";"0";"7";"0";"2";"3";"1";"1";""
"201900043482";"138 224 415";"C01";"2";"7";"0";"2";"5";"2";"1";""
"201900043482";"138 224 416";"B01";"2";"7";"0";"2";"1";"2";"1";""
"201900043482";"138 224 417";"A01";"2";"7";"0";"2";"4";"2";"1";""
"201900043483";"138 224 413";"A01";"2";"33";"0";"2";"7";"1";"1";""
"201900043483";"138 224 414";"Z01";"1";"7";"0";"2";"8";"11";"1";""
"201900043484";"138 224 411";"A01";"1";"7";"0";"2";"2";"1";"1";""
"201900043484";"138 224 412";"B01";"2";"7";"0";"1";"0";"0";"1";""
"201900043485";"138 224 409";"B01";"2";"7";"0";"2";"1";"2";"1";""
"201900043485";"138 224 410";"A01";"2";"34";"0";"0";"0";"0";"1";""
"201900043486";"138 224 406";"A01";"1";"32";"0";"2";"5";"1";"1";""
"201900043486";"138 224 407";"B01";"1";"7";"0";"2";"6";"24";"1";""
"201900043486";"138 224 408";"C01";"1";"7";"1";"2";"1";"18";"1";""
"201900043487";"138 224 405";"A01";"1";"7";"5";"0";"9";"1";"1";""
"201900043488";"138 224 402";"C01";"1";"10";"0";"2";"1";"2";"1";""
"201900043488";"138 224 403";"B01";"1";"7";"0";"2";"4";"1";"2";""
"201900043488";"138 224 404";"A01";"1";"7";"0";"2";"4";"1";"1";""
"201900043489";"138 224 400";"A01";"2";"7";"0";"2";"3";"11";"1";""
"201900043489";"138 224 401";"B01";"2";"33";"0";"2";"2";"1";"1";""
"201900043490";"138 224 397";"A01";"2";"7";"0";"2";"1";"2";"1";""
"201900043490";"138 224 398";"C01";"2";"7";"0";"2";"4";"23";"1";""
"201900043490";"138 224 399";"B01";"2";"7";"0";"2";"4";"23";"1";""
"201900043491";"138 224 394";"Z01";"2";"7";"0";"2";"4";"12";"0";""
"201900043491";"138 224 395";"B01";"1";"7";"0";"2";"6";"1";"1";""
"201900043491";"138 224 396";"A01";"1";"33";"0";"2";"1";"1";"1";""
"201900043492";"138 224 392";"B01";"1";"10";"0";"2";"1";"1";"1";""
"201900043492";"138 224 393";"A01";"1";"7";"4";"2";"6";"9";"1";""
"201900043493";"138 224 390";"B01";"1";"33";"0";"2";"1";"1";"1";""
"201900043493";"138 224 391";"A01";"2";"7";"0";"2";"7";"10";"1";""
"201900043494";"138 224 388";"B01";"1";"7";"8";"0";"2";"1";"1";""
"201900043494";"138 224 389";"A01";"1";"17";"3";"0";"1";"13";"1";""
"201900043495";"138 224 387";"A01";"2";"33";"14";"0";"1";"1";"1";""
"201900043496";"138 224 385";"B01";"1";"7";"0";"2";"5";"2";"1";""
"201900043496";"138 224 386";"A01";"1";"10";"0";"2";"1";"1";"1";""
"201900043497";"138 224 382";"C01";"1";"10";"0";"2";"0";"2";"1";""
"201900043497";"138 224 383";"B01";"1";"7";"0";"2";"5";"12";"1";""
"201900043497";"138 224 384";"A01";"1";"7";"0";"2";"3";"1";"1";""
"201900043498";"138 224 378";"D01";"1";"10";"0";"2";"4";"2";"1";""
"201900043498";"138 224 379";"C01";"1";"7";"0";"2";"4";"2";"1";""
"201900043498";"138 224 380";"B01";"1";"7";"0";"2";"4";"2";"1";""
"201900043498";"138 224 381";"A01";"1";"10";"0";"2";"1";"1";"1";""
"201900043499";"138 224 377";"A01";"2";"7";"4";"0";"1";"16";"1";""
"201900043500";"138 224 374";"A01";"1";"7";"3";"2";"3";"11";"1";""
"201900043500";"138 224 375";"B01";"1";"7";"0";"2";"2";"1";"1";""
"201900043500";"138 224 376";"C01";"1";"7";"4";"2";"6";"1";"1";""
"201900043501";"138 224 372";"B01";"2";"10";"0";"2";"0";"0";"0";""
"201900043501";"138 224 373";"A01";"2";"10";"3";"2";"1";"2";"0";""
"201900043502";"138 224 369";"A01";"1";"7";"0";"2";"2";"12";"1";""
"201900043502";"138 224 370";"B01";"1";"33";"0";"2";"1";"3";"1";""
"201900043502";"138 224 371";"C01";"1";"7";"0";"2";"4";"1";"1";""
"201900043503";"138 224 367";"A01";"2";"7";"0";"2";"6";"2";"1";""
"201900043503";"138 224 368";"B01";"2";"7";"0";"2";"2";"0";"1";""
"201900043504";"138 224 366";"A01";"2";"33";"0";"0";"0";"16";"1";""
"201900043505";"138 224 364";"B01";"2";"17";"0";"2";"8";"1";"1";""
"201900043505";"138 224 365";"A01";"2";"7";"0";"2";"2";"0";"1";""
"201900043506";"138 224 362";"A01";"2";"7";"0";"2";"2";"14";"1";""
"201900043506";"138 224 363";"B01";"2";"33";"0";"0";"8";"1";"1";""
"201900043507";"138 224 359";"C01";"2";"7";"0";"2";"4";"1";"1";""
"201900043507";"138 224 360";"B01";"2";"7";"0";"2";"4";"12";"1";""
"201900043507";"138 224 361";"A01";"2";"33";"0";"2";"1";"3";"1";""
"201900043508";"138 224 357";"A01";"1";"7";"0";"2";"6";"2";"1";""
"201900043508";"138 224 358";"B01";"1";"7";"0";"2";"2";"14";"1";""
"201900043509";"138 224 355";"A01";"2";"7";"0";"2";"8";"11";"1";""
"201900043509";"138 224 356";"B01";"2";"17";"0";"2";"1";"1";"1";""
"201900043510";"138 224 352";"Z01";"1";"7";"0";"2";"0";"9";"0";""
"201900043510";"138 224 353";"B01";"1";"7";"0";"2";"5";"1";"1";""
"201900043510";"138 224 354";"A01";"1";"32";"0";"2";"7";"1";"1";""
"201900043511";"138 224 350";"B01";"1";"7";"0";"2";"8";"11";"1";""
"201900043511";"138 224 351";"A01";"1";"32";"0";"2";"7";"3";"1";""
"201900043512";"138 224 348";"B01";"2";"10";"0";"2";"4";"1";"1";""
"201900043512";"138 224 349";"A01";"2";"33";"0";"2";"1";"3";"1";""
"201900043513";"138 224 347";"A01";"2";"7";"3";"0";"1";"13";"1";""
"201900043514";"138 224 346";"A01";"2";"7";"13";"0";"9";"16";"1";""
"201900043515";"138 224 344";"Z01";"1";"7";"0";"2";"2";"0";"0";""
"201900043515";"138 224 345";"A01";"1";"33";"0";"2";"3";"1";"1";""
"201900043516";"138 224 342";"B01";"2";"7";"0";"2";"4";"2";"1";""
"201900043516";"138 224 343";"A01";"2";"43";"0";"2";"1";"2";"1";""
"201900043517";"138 224 340";"B01";"2";"33";"0";"2";"8";"3";"1";""
"201900043517";"138 224 341";"A01";"2";"7";"0";"2";"7";"1";"1";""
"201900043518";"138 224 338";"B01";"2";"33";"0";"2";"2";"3";"1";""
"201900043518";"138 224 339";"A01";"2";"7";"0";"2";"3";"11";"1";""
"201900043519";"138 224 336";"A01";"1";"7";"3";"2";"8";"11";"1";""
"201900043519";"138 224 337";"B01";"1";"14";"0";"2";"2";"1";"1";""
"201900043520";"138 224 334";"A01";"2";"31";"0";"2";"4";"2";"1";""
"201900043520";"138 224 335";"Z01";"2";"7";"0";"2";"0";"2";"0";""
"201900043521";"138 224 333";"A01";"1";"7";"3";"0";"1";"9";"1";""
"201900043522";"138 224 330";"C01";"2";"15";"14";"0";"1";"1";"1";""
"201900043522";"138 224 331";"B01";"2";"17";"0";"2";"8";"1";"1";""
"201900043522";"138 224 332";"A01";"1";"14";"3";"2";"3";"6";"1";""
"201900043523";"138 224 329";"A01";"2";"7";"13";"0";"9";"14";"1";""
"201900043524";"138 224 327";"A01";"1";"33";"0";"2";"1";"1";"1";""
"201900043524";"138 224 328";"B01";"1";"3";"0";"2";"4";"1";"1";""
"201900043525";"138 224 325";"B01";"2";"7";"0";"2";"4";"2";"1";""
"201900043525";"138 224 326";"A01";"2";"7";"0";"2";"1";"2";"1";""
"201900043526";"138 224 324";"A01";"2";"10";"0";"1";"1";"1";"1";""
"201900043527";"138 224 323";"A01";"1";"37";"0";"1";"2";"1";"1";"1"
"201900043528";"138 224 321";"B01";"1";"32";"0";"2";"1";"1";"1";""
"201900043528";"138 224 322";"A01";"1";"7";"0";"2";"6";"9";"2";""
"201900043529";"138 224 319";"B01";"2";"7";"0";"2";"2";"16";"1";""
"201900043529";"138 224 320";"A01";"2";"31";"0";"2";"3";"18";"1";""
"201900043530";"138 224 317";"A01";"1";"7";"0";"1";"4";"4";"1";""
"201900043531";"138 224 315";"B01";"1";"1";"0";"2";"4";"2";"5";""
"201900043531";"138 224 316";"A01";"1";"1";"0";"2";"1";"2";"5";""
"201900043532";"138 224 314";"A01";"1";"50";"15";"0";"7";"19";"3";""
"201900043533";"138 224 313";"A01";"2";"30";"0";"1";"1";"1";"1";""
"201900043534";"138 224 312";"A01";"1";"1";"0";"1";"1";"7";"5";""
"201900043535";"138 224 310";"A01";"1";"7";"0";"2";"1";"2";"1";""
"201900043535";"138 224 311";"B01";"1";"32";"0";"2";"4";"23";"1";""
"201900043536";"138 224 308";"A01";"1";"33";"0";"2";"1";"1";"1";""
"201900043536";"138 224 309";"B01";"3";"1";"0";"2";"4";"14";"5";""
"201900043537";"138 224 307";"Z01";"2";"43";"0";"1";"1";"1";"1";""
"201900043538";"138 224 305";"A01";"1";"31";"0";"2";"2";"18";"1";""
"201900043538";"138 224 306";"B01";"0";"7";"0";"2";"1";"1";"1";""
"201900043539";"138 224 304";"A01";"1";"7";"0";"1";"1";"4";"1";""
"201900043540";"138 224 302";"A01";"1";"33";"0";"2";"5";"1";"1";""
"201900043540";"138 224 303";"B01";"1";"1";"0";"2";"6";"15";"5";""
"201900043541";"138 224 301";"Z01";"3";"7";"0";"1";"0";"16";"0";""
"201900043542";"138 224 299";"A01";"1";"7";"0";"2";"2";"22";"1";""
"201900043542";"138 224 300";"B01";"1";"7";"0";"2";"8";"18";"1";""
"201900043543";"138 224 297";"B01";"2";"1";"1";"0";"1";"0";"0";""
"201900043543";"138 224 298";"A01";"2";"7";"0";"2";"3";"24";"1";""
"201900043544";"138 224 294";"C01";"1";"7";"0";"2";"0";"1";"1";""
"201900043544";"138 224 295";"A01";"2";"7";"0";"2";"1";"1";"1";""
"201900043544";"138 224 296";"B01";"3";"7";"0";"2";"1";"15";"1";""
"201900043545";"138 224 292";"A01";"1";"7";"0";"1";"1";"1";"1";""
"201900043545";"138 224 293";"B01";"1";"10";"0";"2";"1";"2";"1";""
"201900043546";"138 224 291";"A01";"3";"7";"0";"1";"6";"26";"1";""
"201900043547";"138 224 290";"A01";"3";"7";"0";"1";"3";"26";"1";""
"201900043548";"138 224 289";"A01";"1";"7";"0";"1";"4";"10";"1";""
"201900043549";"138 224 288";"A01";"0";"7";"0";"1";"2";"1";"0";""
"201900043550";"138 224 286";"A01";"3";"7";"0";"2";"2";"9";"1";""
"201900043550";"138 224 287";"B01";"3";"7";"0";"2";"4";"23";"1";""
"201900043551";"138 224 284";"B01";"3";"33";"0";"2";"3";"1";"1";""
"201900043551";"138 224 285";"A01";"3";"7";"0";"2";"1";"15";"1";""
"201900043552";"138 224 282";"B01";"1";"2";"0";"2";"2";"2";"1";""
"201900043552";"138 224 283";"A01";"1";"7";"0";"2";"8";"11";"1";""
"201900043553";"138 224 278";"A01";"1";"7";"0";"2";"1";"1";"1";""
"201900043553";"138 224 279";"B01";"1";"7";"0";"2";"1";"1";"1";""
"201900043553";"138 224 280";"C01";"1";"7";"0";"2";"1";"1";"1";""
"201900043553";"138 224 281";"D01";"1";"7";"0";"2";"4";"1";"1";""
"201900043554";"138 224 277";"A01";"3";"7";"0";"2";"4";"26";"1";""
"201900043555";"138 224 276";"A01";"2";"7";"0";"1";"3";"1";"1";""
"201900043556";"138 224 274";"B01";"2";"32";"0";"2";"4";"2";"1";""
"201900043556";"138 224 275";"A01";"2";"7";"0";"2";"1";"2";"1";""
"201900043557";"138 224 273";"A01";"1";"7";"0";"1";"3";"11";"1";""
"201900043558";"138 224 272";"B01";"2";"7";"0";"1";"2";"1";"1";""
"201900043559";"138 224 271";"A01";"2";"7";"0";"1";"2";"19";"0";""
"201900043560";"138 224 270";"A01";"1";"7";"0";"1";"2";"16";"0";""
"201900043561";"138 224 266";"A01";"2";"7";"0";"2";"3";"5";"1";""
"201900043561";"138 224 267";"D01";"1";"7";"0";"2";"1";"1";"1";""
"201900043561";"138 224 268";"C01";"1";"7";"0";"2";"1";"1";"1";""
"201900043561";"138 224 269";"B01";"1";"7";"0";"2";"2";"1";"1";""
"201900043562";"138 224 264";"A01";"1";"7";"0";"2";"1";"1";"1";""
"201900043562";"138 224 265";"B01";"0";"7";"0";"2";"6";"19";"1";""
"201900043563";"138 224 262";"A01";"2";"7";"13";"2";"0";"13";"0";""
"201900043563";"138 224 263";"B01";"1";"7";"13";"2";"1";"1";"0";""
"201900043564";"138 224 260";"A01";"1";"7";"0";"2";"3";"13";"1";""
"201900043564";"138 224 261";"B01";"2";"7";"0";"2";"3";"1";"1";""
"201900043565";"138 224 258";"A01";"2";"7";"0";"2";"3";"16";"1";""
"201900043565";"138 224 259";"B01";"1";"7";"13";"2";"2";"1";"1";""
"201900043566";"138 224 257";"A01";"2";"7";"9";"1";"1";"25";"1";""
"201900043567";"138 224 255";"A01";"1";"15";"0";"9";"1";"1";"1";""
"201900043567";"138 224 256";"B01";"1";"10";"0";"9";"1";"1";"1";""
"201900043568";"138 224 254";"A01";"1";"10";"0";"9";"1";"1";"1";""
"201900043569";"138 224 252";"B01";"2";"2";"0";"2";"8";"1";"1";""
"201900043569";"138 224 253";"A01";"2";"7";"0";"2";"7";"17";"1";""
"201900043570";"138 224 250";"B01";"1";"7";"0";"2";"1";"1";"2";""
"201900043570";"138 224 251";"A01";"2";"7";"0";"2";"1";"13";"1";""
"201900043571";"138 224 248";"B01";"1";"13";"0";"2";"1";"11";"1";""
"201900043571";"138 224 249";"A01";"1";"7";"0";"2";"8";"10";"1";""
"201900043572";"138 224 247";"A01";"2";"7";"2";"0";"1";"13";"0";""
"201900043573";"138 224 246";"A01";"3";"2";"12";"0";"7";"0";"1";""
"201900043574";"138 224 244";"B01";"1";"7";"16";"2";"0";"24";"0";""
"201900043574";"138 224 245";"A01";"2";"7";"16";"2";"1";"13";"0";""
"201900043575";"138 224 242";"A01";"2";"7";"0";"2";"3";"21";"1";""
"201900043575";"138 224 243";"B01";"2";"21";"0";"2";"6";"1";"1";""
"201900043576";"138 224 241";"A01";"3";"7";"0";"1";"4";"4";"1";""
"201900043577";"138 224 239";"B01";"2";"1";"0";"2";"1";"1";"5";""
"201900043577";"138 224 240";"A01";"1";"7";"0";"2";"3";"16";"1";""
"201900043578";"138 224 238";"A01";"1";"7";"13";"0";"9";"1";"1";""
"201900043579";"138 224 233";"C01";"1";"7";"0";"2";"3";"1";"1";""
"201900043579";"138 224 234";"B01";"1";"7";"0";"2";"3";"1";"1";""
"201900043579";"138 224 235";"A01";"2";"7";"0";"2";"1";"13";"1";""
"201900043580";"138 224 232";"A01";"1";"7";"0";"1";"8";"1";"1";""
"201900043581";"138 224 230";"A01";"2";"7";"0";"1";"2";"1";"1";""
"201900043582";"138 224 229";"A01";"1";"16";"0";"1";"1";"1";"1";""
"201900043583";"138 224 227";"A01";"0";"7";"0";"0";"8";"19";"1";""
"201900043583";"138 224 228";"B01";"0";"7";"0";"0";"1";"1";"1";""
"201900043584";"138 224 226";"A01";"1";"13";"13";"0";"8";"1";"1";""
"201900043585";"138 224 224";"B01";"3";"7";"1";"0";"2";"23";"1";""
"201900043585";"138 224 225";"A01";"3";"7";"1";"1";"2";"1";"1";""
"201900043586";"138 224 222";"B01";"0";"7";"0";"2";"8";"1";"1";""
"201900043586";"138 224 223";"A01";"0";"7";"0";"2";"1";"26";"1";""
"201900043587";"138 224 221";"A01";"2";"7";"0";"1";"1";"16";"1";""
"201900043588";"138 224 219";"B01";"1";"32";"0";"2";"1";"1";"1";""
"201900043588";"138 224 220";"A01";"2";"33";"0";"2";"1";"17";"1";""
"201900043589";"138 224 218";"A01";"0";"7";"0";"1";"3";"1";"1";""
"201900043590";"138 224 216";"B01";"1";"7";"0";"2";"1";"1";"1";""
"201900043590";"138 224 217";"A01";"1";"7";"0";"0";"1";"11";"1";""
"201900043591";"138 224 214";"B01";"1";"7";"0";"2";"1";"1";"1";""
"201900043591";"138 224 215";"A01";"2";"7";"0";"2";"8";"15";"1";""
"201900043592";"138 224 212";"A01";"2";"7";"0";"2";"2";"2";"1";""
"201900043592";"138 224 213";"B01";"2";"7";"0";"2";"6";"2";"1";""
"201900043593";"138 224 211";"A01";"3";"7";"16";"0";"0";"1";"1";""
"201900043594";"138 224 209";"B01";"1";"33";"0";"2";"7";"1";"1";""
"201900043594";"138 224 210";"A01";"1";"7";"0";"2";"2";"15";"1";""
"201900043595";"138 224 208";"A01";"2";"10";"4";"0";"1";"0";"1";""
"201900043596";"138 224 207";"A01";"2";"7";"0";"1";"1";"1";"1";""
"201900043597";"138 224 205";"A01";"1";"7";"0";"2";"1";"1";"1";""
"201900043597";"138 224 206";"B01";"2";"7";"0";"2";"1";"1";"1";""
"201900043598";"138 224 203";"A01";"3";"7";"0";"1";"2";"1";"1";""
"201900043598";"138 224 204";"B01";"2";"7";"0";"2";"3";"1";"1";""
"201900043599";"138 224 199";"C01";"2";"7";"0";"0";"4";"2";"1";""
"201900043599";"138 224 200";"B01";"2";"7";"0";"2";"4";"2";"1";""
"201900043599";"138 224 201";"A01";"2";"7";"0";"2";"1";"2";"1";""
"201900043600";"138 224 197";"B01";"2";"7";"0";"2";"5";"2";"1";""
"201900043600";"138 224 198";"A01";"2";"7";"0";"2";"3";"2";"1";""
"201900043601";"138 224 194";"A01";"1";"7";"0";"2";"1";"1";"1";""
"201900043601";"138 224 195";"B01";"1";"7";"0";"2";"4";"2";"1";""
"201900043601";"138 224 196";"C01";"1";"7";"0";"2";"4";"2";"1";""
"201900043602";"138 224 192";"A01";"2";"10";"0";"2";"1";"1";"1";""
"201900043602";"138 224 193";"B01";"2";"10";"0";"2";"4";"2";"1";""
"201900043603";"138 224 190";"A01";"1";"17";"0";"2";"2";"12";"1";""
"201900043603";"138 224 191";"B01";"1";"7";"0";"2";"6";"1";"1";""
"201900043604";"138 224 188";"A01";"1";"33";"0";"2";"1";"1";"1";""
"201900043604";"138 224 189";"B01";"1";"7";"0";"2";"6";"11";"1";""
"201900043605";"138 224 186";"B01";"1";"7";"0";"2";"4";"2";"1";""
"201900043605";"138 224 187";"A01";"1";"7";"0";"2";"1";"2";"1";""
"201900043606";"138 224 184";"B01";"1";"15";"0";"2";"2";"2";"0";""
"201900043606";"138 224 185";"A01";"1";"7";"0";"2";"3";"9";"1";""
"201900043607";"138 224 183";"A01";"1";"10";"7";"0";"1";"14";"1";""
"201900043608";"138 224 181";"B01";"2";"33";"0";"2";"2";"1";"1";""
"201900043608";"138 224 182";"A01";"2";"10";"0";"2";"6";"11";"1";""
"201900043609";"138 224 179";"A01";"1";"7";"0";"2";"3";"11";"1";""
"201900043609";"138 224 180";"B01";"1";"33";"0";"2";"2";"1";"1";""
"201900043610";"138 224 177";"Z01";"1";"7";"0";"2";"6";"11";"0";""
"201900043610";"138 224 178";"B01";"1";"33";"0";"2";"2";"3";"1";""
"201900043611";"138 224 176";"A01";"1";"7";"4";"0";"2";"1";"1";""
"201900043612";"138 224 174";"B01";"1";"7";"0";"2";"4";"2";"1";""
"201900043612";"138 224 175";"A01";"1";"10";"0";"2";"1";"2";"1";""
"201900043613";"138 224 173";"A01";"2";"33";"0";"0";"9";"21";"1";""
"201900043614";"138 224 171";"B01";"2";"7";"0";"2";"4";"2";"1";""
"201900043614";"138 224 172";"A01";"2";"7";"0";"2";"1";"2";"1";""
"201900043615";"138 224 169";"A01";"1";"33";"0";"2";"0";"3";"1";""
"201900043615";"138 224 170";"B01";"1";"7";"0";"2";"4";"2";"1";""
"201900043616";"138 224 167";"A01";"1";"17";"0";"2";"1";"1";"1";""
"201900043616";"138 224 168";"B01";"1";"17";"0";"9";"4";"1";"1";""
"201900043617";"138 224 164";"A01";"1";"21";"0";"0";"4";"15";"0";""
"201900043617";"138 224 165";"B01";"1";"33";"0";"2";"1";"1";"0";""
"201900043618";"138 224 162";"B01";"3";"1";"0";"2";"1";"1";"0";""
"201900043618";"138 224 163";"A01";"3";"7";"0";"6";"3";"15";"1";""
"201900043619";"138 224 161";"A01";"2";"7";"0";"1";"1";"1";"1";""
"201900043620";"138 224 159";"A01";"1";"7";"0";"1";"2";"1";"1";""