"Num_Acc";"id_vehicule";"num_veh";"senc";"catv";"obs";"obsm";"choc";"manv";"motor";"occutc"
"201900044217";"138 223 013";"A01";"1";"7";"0";"2";"5";"12";"1";""
"201900044217";"138 223 015";"B01";"1";"15";"0";"2";"3";"1";"1";""
"201900044218";"138 223 014";"B01";"0";"33";"0";"2";"1";"0";"1";""
"201900044218";"138 223 016";"A01";"0";"7";"0";"2";"3";"0";"1";""
"201900044219";"138 223 010";"A01";"2";"7";"0";"2";"6";"11";"1";""
"201900044219";"138 223 012";"B01";"2";"2";"0";"2";"1";"1";"1";""
"201900044220";"138 223 009";"B01";"3";"32";"0";"2";"1";"1";"0";""
"201900044220";"138 223 011";"A01";"3";"7";"0";"2";"1";"15";"0";""
"201900044221";"138 223 007";"A01";"1";"7";"6";"0";"3";"1";"1";""
"201900044222";"138 223 006";"B01";"2";"34";"0";"2";"7";"1";"1";""
"201900044222";"138 223 008";"A01";"2";"7";"0";"2";"3";"9";"1";""
"201900044223";"138 223 002";"A01";"2";"7";"0";"2";"1";"13";"0";""
"201900044223";"138 223 005";"B01";"2";"34";"0";"2";"1";"1";"0";""
"201900044224";"138 223 000";"A01";"2";"7";"0";"1";"2";"1";"1";""
"201900044225";"138 222 998";"B01";"0";"7";"0";"2";"1";"1";"0";""
"201900044225";"138 222 999";"A01";"0";"7";"0";"2";"1";"13";"0";""
"201900044226";"138 222 997";"A01";"1";"7";"0";"2";"3";"15";"1";""
"201900044226";"138 223 001";"B01";"1";"33";"0";"2";"1";"1";"1";""
"201900044227";"138 222 996";"A01";"2";"7";"0";"1";"2";"1";"1";""
"201900044228";"138 222 993";"A01";"2";"7";"13";"0";"1";"14";"1";""
"201900044229";"138 222 990";"A01";"2";"7";"0";"2";"2";"15";"1";""
"201900044229";"138 222 991";"B01";"1";"2";"0";"2";"1";"1";"1";""
"201900044230";"138 222 992";"B01";"2";"33";"0";"2";"1";"17";"1";""
"201900044230";"138 222 994";"A01";"0";"10";"0";"2";"3";"19";"1";""
"201900044231";"138 222 989";"A01";"3";"30";"8";"0";"3";"21";"1";""
"201900044232";"138 222 988";"A01";"2";"7";"0";"1";"3";"16";"1";""
"201900044233";"138 222 986";"B01";"1";"7";"0";"2";"1";"1";"1";""
"201900044233";"138 222 987";"A01";"1";"7";"0";"2";"4";"1";"1";""
"201900044234";"138 222 984";"A01";"3";"7";"0";"2";"1";"1";"1";""
"201900044234";"138 222 985";"B01";"3";"7";"0";"2";"2";"15";"3";""
"201900044235";"138 222 980";"A01";"1";"7";"0";" -1";"3";"1";"1";""
"201900044235";"138 222 981";"B01";"1";"40";"0";"2";"2";"1";"3";""
"201900044236";"138 222 982";"B01";"2";"2";"0";"2";"1";"1";"1";""
"201900044236";"138 222 983";"A01";"1";"7";"0";"2";"1";"15";"1";""
"201900044237";"138 222 978";"A01";"3";"7";"13";"0";"1";"1";"0";""
"201900044238";"138 222 976";"A01";"0";"7";"9";"2";"2";"1";"1";""
"201900044238";"138 222 977";"C01";"3";"7";"0";"2";"3";"23";"1";""
"201900044238";"138 222 979";"B01";"3";"10";"0";"2";"1";"1";"1";""
"201900044239";"138 222 974";"A01";"2";"30";"0";"2";"1";"1";"3";""
"201900044239";"138 222 975";"B01";"2";"7";"0";"2";"4";"23";"1";""
"201900044240";"138 222 971";"A01";"3";"7";"0";"2";"8";"1";"0";""
"201900044240";"138 222 973";"B01";"3";"1";"0";"2";"1";"13";"5";""
"201900044241";"138 222 970";"A01";"1";"7";"0";"2";"1";"15";"1";""
"201900044241";"138 222 972";"B01";"1";"99";"0";"2";"1";"1";"0";""
"201900044242";"138 222 967";"A01";"1";"33";"0";"2";"2";"17";"1";""
"201900044242";"138 222 969";"B01";"1";"10";"0";"2";"6";"1";"1";""
"201900044243";"138 222 965";"B01";"2";"7";"0";"2";"1";"1";"1";""
"201900044243";"138 222 968";"A01";"1";"7";"0";"2";"5";"13";"1";""
"201900044244";"138 222 964";"B01";"2";"99";"0";"2";"1";"1";"3";""
"201900044244";"138 222 966";"A01";"1";"10";"0";"6";"2";"15";"1";""
"201900044245";"138 222 961";"B01";"2";"10";"0";"2";"1";"1";"1";""
"201900044245";"138 222 963";"A01";"1";"7";"0";"2";"1";"13";"1";""
"201900044246";"138 222 960";"B01";"1";"7";"0";"2";"4";"15";"1";""
"201900044246";"138 222 962";"A01";"1";"15";"14";"2";"3";"26";"1";""
"201900044247";"138 222 958";"A01";"2";"7";"0";"2";"3";"0";"0";""
"201900044247";"138 222 959";"B01";"1";"7";"0";"2";"3";"1";"0";""
"201900044248";"138 222 956";"B01";"2";"7";"0";"2";"2";"1";"0";""
"201900044248";"138 222 957";"A01";"3";"7";"0";"2";"1";"16";"0";""
"201900044249";"138 222 953";"B01";"2";"1";"0";"2";"1";"1";"5";""
"201900044249";"138 222 955";"A01";"3";"10";"0";"9";"2";"19";"6";""
"201900044250";"138 222 952";"B01";"2";"7";"0";"2";"4";"2";"1";""
"201900044250";"138 222 954";"A01";"2";"32";"0";"2";"1";"21";"1";""
"201900044251";"138 222 949";"B01";"3";"7";"0";"2";"1";"26";"1";""
"201900044251";"138 222 950";"A01";"3";"7";"0";"2";"7";"15";"1";""
"201900044252";"138 222 948";"A01";"2";"7";"0";"1";"1";"9";"1";""
"201900044253";"138 222 946";"B01";"3";"7";"0";"2";"0";"26";"1";""
"201900044253";"138 222 947";"A01";"3";"34";"14";"2";"0";"26";"0";""
"201900044254";"138 222 944";"B01";"2";"10";"0";"2";"3";"15";"1";""
"201900044254";"138 222 945";"A01";"2";"2";"0";"2";"0";"17";"0";""
"201900044255";"138 222 951";"A01";"1";"10";"0";"1";"4";"4";"1";""
"201900044256";"138 222 942";"B01";"1";"2";"0";"2";"1";"1";"1";""
"201900044256";"138 222 943";"A01";"3";"7";"0";"2";"5";"26";"1";""
"201900044257";"138 222 940";"B01";"0";"1";"0";"0";"4";"2";"0";""
"201900044257";"138 222 941";"A01";"3";"7";"0";"9";"1";"2";"0";""
"201900044258";"138 222 938";"B01";"1";"7";"0";"2";"3";"15";"1";""
"201900044258";"138 222 939";"A01";"2";"7";"0";"2";"1";"1";"1";""
"201900044259";"138 222 937";"A01";"1";"7";"13";"0";"0";"1";"1";""
"201900044260";"138 222 931";"B01";"2";"33";"0";"2";"1";"1";"1";""
"201900044260";"138 222 934";"A01";"1";"7";"0";"2";"2";"15";"1";""
"201900044260";"138 222 935";"A01";" -1";"0";" -1";" -1";" -1";" -1";" -1";""
"201900044261";"138 222 929";"A01";"1";"7";"0";"1";"1";"1";"0";""
"201900044262";"138 222 930";"C01";"0";"7";"0";"2";"1";"1";"1";""
"201900044262";"138 222 932";"B01";"0";"7";"0";"2";"4";"1";"1";""
"201900044262";"138 222 933";"A01";"1";"10";"0";"2";"4";"1";"1";""
"201900044263";"138 222 927";"A01";"1";"10";"0";"2";"6";"10";"1";""
"201900044263";"138 222 928";"B01";"1";"33";"0";"2";"1";"2";"1";""
"201900044264";"138 222 925";"A01";"2";"10";"0";"2";"2";"14";"1";""
"201900044264";"138 222 926";"B01";"2";"33";"0";"2";"8";"26";"1";""
"201900044265";"138 222 923";"B01";"1";"33";"0";"2";"1";"1";"1";""
"201900044265";"138 222 924";"A01";"2";"7";"0";"2";"7";"15";"1";""
"201900044266";"138 222 921";"Z01";"1";"7";"0";"2";"1";"2";"1";""
"201900044266";"138 222 922";"A01";"1";"7";"0";"2";"6";"2";"1";""
"201900044267";"138 222 919";"A01";"2";"33";"0";"2";"1";"2";"1";""
"201900044267";"138 222 920";"B01";"2";"7";"0";"2";"6";"15";"1";""
"201900044268";"138 222 915";"A01";"2";"10";"0";"2";"3";"21";"1";""
"201900044268";"138 222 917";"B01";"2";"7";"0";"2";"5";"1";"1";""
"201900044268";"138 222 918";"C01";"2";"14";"0";"2";"6";"1";"1";""
"201900044269";"138 222 913";"A01";"2";"2";"0";"2";"1";"17";"1";""
"201900044269";"138 222 914";"B01";"2";"10";"0";"2";"8";"15";"1";""
"201900044270";"138 222 910";"A01";"2";"10";"0";"2";"1";"2";"0";""
"201900044270";"138 222 911";"B01";"2";"7";"0";"2";"4";"2";"0";""
"201900044270";"138 222 912";"C01";"2";"7";"0";"2";"6";"2";"0";""
"201900044271";"138 222 908";"A01";"2";"7";"0";"0";"2";"26";"1";""
"201900044272";"138 222 907";"B01";"2";"33";"0";"2";"7";"1";"1";""
"201900044272";"138 222 909";"A01";"1";"7";"0";"2";"2";"15";"1";""
"201900044273";"138 222 906";"A01";"3";"7";"3";"0";"3";"1";"1";""
"201900044274";"138 222 905";"A01";"1";"7";"4";"0";"3";"26";"1";""
"201900044275";"138 222 901";"D01";"2";"10";"0";"2";"4";"0";"1";""
"201900044275";"138 222 902";"C01";"2";"7";"0";"2";"4";"0";"1";""
"201900044275";"138 222 903";"B01";"2";"7";"0";"2";"4";"26";"1";""
"201900044275";"138 222 904";"A01";"2";"10";"0";"2";"1";"26";"1";""
"201900044276";"138 222 895";"A01";"2";"7";"0";"2";"6";"11";"1";""
"201900044276";"138 222 896";"B01";"2";"33";"0";"2";"2";"3";"1";""
"201900044277";"138 222 894";"A01";"1";"7";"0";"1";"2";"1";"1";""
"201900044278";"138 222 891";"B01";"1";"7";"0";"2";"4";"2";"1";""
"201900044278";"138 222 893";"A01";"1";"34";"0";"2";"1";"2";"1";""
"201900044279";"138 222 889";"A01";"1";"10";"3";"0";"1";"6";"1";""
"201900044280";"138 222 886";"C01";"1";"7";"0";"2";"4";"3";"3";""
"201900044280";"138 222 887";"B01";"1";"7";"0";"2";"1";"3";"1";""
"201900044280";"138 222 888";"A01";"1";"7";"0";"2";"4";"12";"1";""
"201900044281";"138 222 885";"Z01";"3";"7";"0";"1";"1";"1";"0";""
"201900044282";"138 222 882";"A01";"1";"7";"2";"0";"7";"13";"1";""
"201900044283";"138 222 881";"C01";"1";"7";"0";"2";"1";"2";"1";""
"201900044283";"138 222 883";"B01";"1";"7";"0";"2";"4";"23";"1";""
"201900044283";"138 222 884";"A01";"1";"7";"0";"2";"4";"23";"1";""
"201900044284";"138 222 873";"B01";"3";"1";"0";"2";"7";"1";"5";""
"201900044284";"138 222 874";"A01";"3";"7";"0";"2";"3";"9";"1";""
"201900044285";"138 222 872";"A01";"1";"7";"0";"1";"1";"1";"1";""
"201900044286";"138 222 871";"A01";"2";"7";"8";"0";"1";"1";"1";""
"201900044287";"138 222 870";"A01";"2";"2";"0";"0";"8";"1";"1";""
"201900044288";"138 222 868";"A01";"1";"7";"0";"1";"2";"1";"1";""
"201900044289";"138 222 865";"B01";"1";"7";"0";"2";"3";"1";"1";""
"201900044289";"138 222 866";"A01";"1";"3";"0";"2";"2";"9";"1";""
"201900044290";"138 222 863";"B01";"1";"7";"0";"2";"3";"16";"1";""
"201900044290";"138 222 864";"A01";"1";"7";"0";"2";"1";"1";"1";""
"201900044291";"138 222 862";"A01";"0";"7";"0";"1";"0";"1";"0";""
"201900044292";"138 222 860";"B01";"2";"1";"0";"2";"8";"2";"6";""
"201900044292";"138 222 861";"A01";"2";"10";"0";"2";"7";"17";"0";""
"201900044293";"138 222 859";"A01";"3";"7";"0";"1";"1";"15";"1";""
"201900044294";"138 222 855";"B01";"1";"33";"0";"2";"1";"1";"1";""
"201900044294";"138 222 857";"A01";"1";"7";"0";"2";"3";"9";"1";""
"201900044295";"138 222 856";"A01";"3";"7";"0";"2";"3";"13";"1";""
"201900044295";"138 222 858";"B01";"3";"7";"0";"2";"3";"1";"1";""
"201900044296";"138 222 853";"B01";"3";"7";"0";"2";"5";"1";"1";""
"201900044296";"138 222 854";"A01";"3";"7";"0";"2";"1";"9";"1";""
"201900044297";"138 222 850";"B01";"2";"33";"0";"2";"1";"1";"1";""
"201900044297";"138 222 852";"A01";"3";"7";"0";"2";"6";"15";"1";""
"201900044298";"138 222 848";"A01";"3";"7";"0";"2";"4";"10";"3";""
"201900044298";"138 222 849";"B01";"1";"40";"0";"2";"7";"1";"3";""
"201900044299";"138 222 844";"B01";"1";"32";"0";"2";"1";"1";"1";""
"201900044299";"138 222 845";"A01";"1";"7";"0";"2";"3";"15";"1";""
"201900044300";"138 222 843";"A01";"3";"7";"2";"0";"3";"6";"1";""
"201900044301";"138 222 841";"A01";"1";"10";"0";"2";"1";"1";"1";""
"201900044301";"138 222 842";"B01";"1";"7";"0";"2";"4";"2";"1";""
"201900044302";"138 222 838";"B01";"1";"43";"0";"2";"8";"1";"1";""
"201900044302";"138 222 840";"A01";"1";"7";"0";"2";"2";"1";"1";""
"201900044303";"138 222 837";"A01";"1";"7";"0";"2";"1";"1";"1";""
"201900044303";"138 222 839";"B01";"1";"33";"0";"2";"4";"12";"1";""
"201900044304";"138 222 831";"C01";"1";"7";"4";"2";"1";"0";"1";""
"201900044304";"138 222 833";"B01";"1";"7";"0";"2";"1";"21";"1";""
"201900044304";"138 222 834";"A01";"1";"7";"0";"2";"1";"0";"1";""
"201900044305";"138 222 832";"A01";"1";"32";"0";"0";"0";"1";"1";""
"201900044306";"138 222 829";"A01";"1";"7";"0";"2";"1";"1";"1";""
"201900044306";"138 222 830";"B01";"1";"7";"0";"2";"4";"2";"1";""
"201900044307";"138 222 826";"A01";"1";"10";"0";"2";"1";"15";"1";""
"201900044307";"138 222 827";"B01";"1";"32";"0";"2";"8";"16";"1";""
"201900044308";"138 222 824";"A01";"1";"7";"0";"2";"1";"1";"1";""
"201900044308";"138 222 825";"B01";"1";"7";"0";"2";"4";"23";"1";""
"201900044309";"138 222 823";"A01";"2";"13";"0";"1";"1";"1";"1";""
"201900044310";"138 222 821";"B01";"1";"7";"0";"2";"3";"1";"1";""
"201900044310";"138 222 822";"A01";"2";"7";"0";"2";"3";"1";"1";""
"201900044311";"138 222 819";"A01";"3";"7";"8";"0";"1";"1";"1";""
"201900044312";"138 222 818";"A01";"1";"33";"0";"2";"1";"15";"1";""
"201900044312";"138 222 820";"B01";"2";"7";"0";"2";"1";"23";"0";""
"201900044313";"138 222 816";"A01";"1";"3";"0";"1";"1";"1";"1";""
"201900044314";"138 222 813";"A01";"2";"7";"0";"2";"2";"15";"0";""
"201900044314";"138 222 814";"B01";"1";"30";"0";"2";"1";"1";"0";""
"201900044315";"138 222 812";"B01";"3";"80";"0";"2";"3";"19";"3";""
"201900044315";"138 222 815";"A01";"3";"7";"0";"6";"2";"16";"1";""
"201900044316";"138 222 810";"A01";"2";"7";"0";"2";"3";"10";"1";""
"201900044316";"138 222 811";"B01";"1";"7";"0";"2";"3";"2";"1";""
"201900044317";"138 222 809";"A01";"2";"7";"0";"1";"1";"1";"1";""
"201900044318";"138 222 807";"A01";"2";"7";"17";"0";"2";"14";"1";""
"201900044319";"138 222 806";"A01";"2";"50";"0";"2";"3";"5";"3";""
"201900044319";"138 222 808";"B01";"2";"7";"0";"2";"3";"1";"1";""
"201900044320";"138 222 804";"A01";"1";"7";"0";"1";"1";"1";"1";""
"201900044321";"138 222 803";"B01";"3";"7";"0";"2";"2";"1";"1";""
"201900044321";"138 222 805";"A01";"3";"7";"0";"2";"3";"16";"1";""
"201900044322";"138 222 801";"A01";"1";"1";"0";"2";"1";"2";"0";""
"201900044322";"138 222 802";"B01";"1";"7";"0";"2";"5";"1";"1";""
"201900044323";"138 222 800";"A01";"2";"7";"0";"1";"1";"15";"1";""
"201900044324";"138 222 797";"Z01";"3";"7";"0";"2";"0";"0";"1";""
"201900044324";"138 222 799";"B01";"3";"1";"0";"2";"4";"1";"5";""
"201900044325";"138 222 796";"B01";"2";"7";"0";"2";"3";"1";"1";""
"201900044325";"138 222 798";"A01";"2";"7";"0";"2";"1";"17";"1";""
"201900044326";"138 222 794";"B01";"2";"30";"0";"2";"2";"17";"1";""
"201900044326";"138 222 795";"A01";"2";"7";"0";"2";"3";"15";"1";""
"201900044327";"138 222 791";"B01";"2";"7";"0";"2";"7";"1";"1";""
"201900044327";"138 222 792";"A01";"2";"33";"0";"2";"8";"13";"1";""
"201900044328";"138 222 793";"A01";"1";"40";"0";"1";"0";"1";"3";""
"201900044329";"138 222 788";"A01";"3";"7";"0";"2";"2";"9";"1";""
"201900044329";"138 222 790";"B01";"3";"7";"0";"2";"1";"1";"1";""
"201900044330";"138 222 787";"A01";"1";"33";"0";"2";"7";"1";"1";""
"201900044330";"138 222 789";"Z01";"1";"7";"0";"2";"0";"0";"1";""
"201900044331";"138 222 786";"A01";"2";"7";"0";"2";"3";"1";"1";""
"201900044332";"138 222 785";"A01";"0";"7";"0";"1";"1";"1";"1";""
"201900044333";"138 222 784";"A01";"2";"7";"0";"1";"2";"15";"1";""
"201900044334";"138 222 781";"A01";"2";"7";"0";"2";"8";"15";"1";""
"201900044334";"138 222 783";"B01";"1";"33";"0";"2";"1";"23";"1";""
"201900044335";"138 222 780";"B01";"1";"7";"0";"2";"2";"1";"1";""
"201900044335";"138 222 782";"A01";"1";"30";"0";"2";"1";"1";"1";""
"201900044336";"138 222 777";"B01";"0";"33";"0";"2";"1";"1";"1";""
"201900044336";"138 222 779";"A01";"1";"7";"0";"2";"3";"9";"1";""
"201900044337";"138 222 776";"B01";"1";"7";"0";"2";"2";"1";"1";""
"201900044337";"138 222 778";"A01";"2";"7";"0";"2";"1";"1";"1";""
"201900044338";"138 222 774";"A01";"1";"33";"0";"2";"7";"3";"1";""
"201900044338";"138 222 775";"B01";"1";"7";"0";"2";"0";"1";"1";""
"201900044339";"138 222 770";"B01";"1";"7";"0";"2";"4";"1";"1";""
"201900044339";"138 222 771";"A01";"1";"33";"0";"2";"1";"2";"1";""
"201900044340";"138 222 768";"B01";"1";"2";"0";"2";"1";"1";"1";""
"201900044340";"138 222 769";"A01";"1";"7";"0";"2";"3";"15";"1";""
"201900044341";"138 222 766";"A01";"1";"7";"0";"1";"1";"1";"1";""
"201900044342";"138 222 765";"B01";"3";"10";"0";"2";"8";"1";"1";""
"201900044342";"138 222 767";"A01";"3";"7";"0";"2";"1";"1";"1";""
"201900044343";"138 222 762";"B01";"3";"7";"0";"2";"3";"23";"1";""
"201900044343";"138 222 764";"A01";"3";"7";"0";"2";"5";"26";"1";""
"201900044344";"138 222 759";"B01";"2";"7";"0";"2";"1";"15";"1";""
"201900044344";"138 222 760";"A01";"1";"30";"0";"2";"7";"1";"1";""
"201900044345";"138 222 757";"A01";"0";"7";"0";"2";"2";"9";"1";""
"201900044345";"138 222 758";"B01";"0";"32";"0";"2";"7";"1";"1";""
"201900044346";"138 222 755";"A01";"2";"30";"0";"2";"2";"2";"1";""
"201900044346";"138 222 756";"B01";"1";"7";"0";"0";"5";"23";"1";""
"201900044347";"138 222 751";"A01";"2";"1";"0";"0";"0";"1";"5";""
"201900044348";"138 222 746";"B01";"0";"1";"0";"2";"8";"19";"5";""
"201900044348";"138 222 748";"A01";"0";"37";"0";"2";"1";"1";"3";"1"
"201900044349";"138 222 745";"A01";"0";"7";"0";"1";"2";"1";"1";""
"201900044350";"138 222 744";"A01";"1";"34";"0";"1";"8";"19";"1";""
"201900044351";"138 222 741";"A01";"2";"7";"0";"1";"2";"1";"1";""
"201900044352";"138 222 737";"A01";"2";"7";"0";"1";"1";"1";"1";""
"201900044353";"138 222 735";"A01";"3";"7";"0";"1";"1";"0";"1";""
"201900044354";"138 222 733";"A01";"2";"7";"4";"0";"0";"1";"1";""
"201900044355";"138 222 731";"B01";"2";"2";"0";"2";"0";"21";"1";""
"201900044355";"138 222 732";"A01";"2";"7";"0";"2";"0";"15";"1";""
"201900044356";"138 222 729";"B01";"1";"34";"0";"2";"2";"3";"0";""
"201900044356";"138 222 730";"A01";"1";"7";"0";"2";"3";"15";"0";""
"201900044357";"138 222 728";"A01";"2";"7";"0";"1";"7";"1";"1";""
"201900044358";"138 222 725";"B01";"3";"7";"0";"6";"1";"1";"1";""
"201900044358";"138 222 727";"A01";"3";"1";"0";"2";"8";"10";"5";""
"201900044359";"138 222 721";"B01";"1";"7";"0";"2";"3";"15";"1";""
"201900044359";"138 222 722";"A01";"2";"30";"0";"2";"1";"2";"1";""
"201900044360";"138 222 719";"B01";"1";"7";"0";"2";"8";"15";"1";""
"201900044360";"138 222 720";"A01";"1";"7";"0";"2";"2";"17";"1";""
"201900044361";"138 222 717";"A01";"1";"7";"0";"2";"1";"13";"1";""
"201900044361";"138 222 718";"B01";"2";"7";"0";"2";"1";"1";"1";""
"201900044362";"138 222 716";"Z01";"1";"7";"0";"1";"0";"15";"0";""
"201900044363";"138 222 714";"A01";"0";"7";"6";"0";"1";"26";"1";""
"201900044364";"138 222 712";"A01";"2";"7";"0";"1";"2";"1";"0";""
"201900044365";"138 222 713";"B01";"1";"1";"0";"2";"1";"1";"5";""
"201900044365";"138 222 715";"A01";"1";"31";"0";"2";"0";"0";"1";""
"201900044366";"138 222 709";"B01";"1";"7";"0";"2";"2";"1";"1";""
"201900044366";"138 222 710";"A01";"1";"1";"0";"2";"3";"19";"5";""
"201900044367";"138 222 708";"B01";"3";"7";"0";"2";"4";"23";"1";""
"201900044367";"138 222 711";"A01";"3";"7";"0";"2";"1";"2";"1";""
"201900044368";"138 222 706";"B01";"1";"2";"0";"2";"1";"21";"1";""
"201900044368";"138 222 707";"A01";"1";"7";"0";"2";"8";"9";"1";""
"201900044369";"138 222 705";"A01";"3";"10";"0";"1";"4";"4";"1";""
"201900044370";"138 222 703";"A01";"1";"10";"0";"2";"1";"1";"1";""
"201900044370";"138 222 704";"B01";"1";"7";"0";"2";"4";"1";"1";""
"201900044371";"138 222 702";"A01";"1";"10";"2";"0";"1";"0";"1";""
"201900044372";"138 222 699";"B01";"1";"2";"0";"2";"7";"9";"1";""
"201900044372";"138 222 701";"A01";"1";"15";"0";"2";"8";"9";"1";""
"201900044373";"138 222 698";"B01";"1";"13";"0";"2";"1";"15";"1";""
"201900044373";"138 222 700";"A01";"2";"33";"0";"2";"1";"13";"1";""
"201900044374";"138 222 696";"B01";"2";"7";"0";"2";"7";"1";"1";""
"201900044374";"138 222 697";"A01";"1";"7";"0";"2";"1";"1";"1";""
"201900044375";"138 222 695";"A01";"2";"7";"0";"1";"2";"1";"1";""
"201900044376";"138 222 694";"A01";"1";"30";"12";"0";"1";"14";"1";""
"201900044377";"138 222 692";"B01";"2";"7";"0";"2";"1";"1";"1";""
"201900044377";"138 222 693";"A01";"1";"7";"0";"2";"1";"17";"1";""
"201900044378";"138 222 690";"B01";"2";"7";"0";"2";"1";"1";"1";""
"201900044378";"138 222 691";"A01";"1";"7";"0";"2";"1";"15";"1";""
"201900044379";"138 222 688";"Z01";"1";"15";"0";"2";"2";"1";"1";""
"201900044379";"138 222 689";"B01";"1";"7";"0";"2";"8";"9";"1";""
"201900044380";"138 222 687";"A01";"2";"33";"0";"1";"1";"17";"1";""
"201900044381";"138 222 684";"A01";"3";"7";"0";"2";"6";"15";"1";""
"201900044381";"138 222 685";"B01";"3";"7";"0";"2";"2";"7";"1";""
"201900044382";"138 222 678";"A01";"1";"7";"9";"2";"1";"19";"1";""
"201900044382";"138 222 680";"B01";"2";"7";"0";"2";"8";"19";"1";""
"201900044383";"138 222 676";"A01";"2";"7";"14";"0";"2";"14";"6";""
"201900044384";"138 222 675";"B01";"1";"7";"0";"2";"1";"1";"1";""
"201900044384";"138 222 677";"A01";"1";"7";"0";"2";"7";"1";"1";""
"201900044385";"138 222 671";"B01";"3";"7";"0";"2";"5";"1";"1";""
"201900044385";"138 222 672";"A01";"3";"10";"0";"2";"1";"1";"1";""
"201900044386";"138 222 670";"A01";"2";"30";"1";"0";"3";"14";"1";""
"201900044387";"138 222 669";"A01";"1";"7";"0";"1";"4";"20";"1";""
"201900044388";"138 222 667";"A01";"3";"7";"0";"2";"3";"15";"1";""
"201900044388";"138 222 668";"B01";"3";"7";"0";"2";"3";"2";"1";""
"201900044389";"138 222 664";"B01";"2";"1";"0";"2";"2";"1";"5";""
"201900044389";"138 222 666";"A01";"2";"7";"0";"2";"8";"22";"1";""
"201900044390";"138 222 663";"B01";"1";"14";"0";"2";"6";"23";"1";""
"201900044390";"138 222 665";"A01";"1";"7";"0";"2";"1";"1";"1";""
"201900044391";"138 222 661";"B01";"2";"7";"0";"2";"4";"1";"1";""
"201900044391";"138 222 662";"A01";"2";"7";"0";"2";"1";"1";"1";""
"201900044392";"138 222 658";"A01";"1";"7";"14";"0";"1";"1";"0";""
"201900044392";"138 222 659";"B01";"1";"7";"14";"0";"4";"23";"0";""
"201900044392";"138 222 660";"C01";"1";"7";"14";"0";"4";"1";"0";""
"201900044393";"138 222 656";"B01";"1";"1";"0";"2";"1";"0";"5";""
"201900044393";"138 222 657";"A01";"1";"7";"0";"2";"0";"0";"1";""
"201900044394";"138 222 654";"B01";"2";"7";"0";"2";"3";"1";"1";""
"201900044394";"138 222 655";"A01";"3";"7";"0";"2";"2";"19";"1";""
"201900044395";"138 222 653";"A01";"2";"7";"0";"1";"1";"1";"1";""
"201900044396";"138 222 651";"A01";"2";"7";"0";"1";"1";"1";"1";""
"201900044397";"138 222 649";"A01";"1";"7";"0";"2";"1";"1";"1";""
"201900044397";"138 222 650";"B01";"2";"7";"0";"2";"8";"15";"1";""
"201900044398";"138 222 647";"A01";"3";"30";"0";"2";"4";"2";"6";""
"201900044398";"138 222 648";"B01";"3";"1";"0";"2";"4";"2";"0";""
"201900044399";"138 222 645";"B01";"1";"7";"0";"2";"2";"1";"1";""
"201900044399";"138 222 646";"A01";"1";"7";"0";"2";"1";"15";"1";""
"201900044400";"138 222 644";"A01";"1";"7";"9";"0";"3";"14";"1";""
"201900044401";"138 222 643";"A01";"2";"7";"0";"1";"1";"9";"1";""
"201900044402";"138 222 639";"B01";"1";"32";"0";"2";"3";"1";"1";""
"201900044402";"138 222 640";"A01";"1";"7";"0";"2";"7";"16";"1";""
"201900044403";"138 222 637";"A01";"1";"1";"0";"2";"1";"1";"5";""
"201900044403";"138 222 638";"B01";"1";"7";"0";"2";"5";"1";"1";""
"201900044404";"138 222 636";"A01";"1";"10";"0";"1";"1";"1";"1";""
"201900044405";"138 222 634";"B01";"2";"2";"0";"2";"1";"1";"1";""
"201900044405";"138 222 635";"A01";"2";"7";"0";"2";"3";"1";"1";""
"201900044406";"138 222 632";"A01";"1";"7";"0";"2";"1";"1";"1";""
"201900044406";"138 222 633";"B01";"1";"7";"0";"2";"4";"2";"1";""
"201900044407";"138 222 631";"A01";"3";"7";"13";"0";"1";"1";"1";""
"201900044408";"138 222 629";"B01";"3";"7";"0";"2";"8";"0";"1";""
"201900044408";"138 222 630";"A01";"3";"99";"16";"2";"0";"13";"1";""
"201900044409";"138 222 626";"B01";"2";"7";"0";"2";"2";"16";"1";""
"201900044409";"138 222 627";"A01";"2";"7";"0";"1";"4";"16";"1";""
"201900044410";"138 222 623";"A01";"2";"7";"0";"2";"1";"9";"1";""
"201900044410";"138 222 624";"B01";"2";"7";"0";"2";"4";"26";"1";""
"201900044410";"138 222 625";"C01";"2";"7";"0";"2";"4";"23";"1";""
"201900044411";"138 222 621";"A01";"3";"10";"0";"2";"8";"15";"1";""
"201900044411";"138 222 622";"B01";"3";"7";"0";"2";"1";"1";"1";""
"201900044412";"138 222 617";"A01";"1";"7";"0";"2";"1";"2";"1";""
"201900044412";"138 222 618";"B01";"1";"10";"0";"2";"4";"2";"1";""
"201900044412";"138 222 619";"C01";"1";"7";"0";"2";"4";"2";"1";""
"201900044412";"138 222 620";"D01";"1";"7";"0";"2";"4";"2";"1";""
"201900044413";"138 222 614";"B01";"3";"10";"0";"2";"8";"1";"1";""
"201900044413";"138 222 615";"A01";"3";"10";"0";"2";"8";"13";"1";""
"201900044414";"138 222 612";"B01";"3";"7";"0";"2";"8";"16";"1";""
"201900044414";"138 222 613";"A01";"3";"7";"0";"2";"1";"15";"0";""
"201900044415";"138 222 610";"B01";"3";"7";"0";"1";"1";"1";"1";""