"Num_Acc";"id_vehicule";"num_veh";"senc";"catv";"obs";"obsm";"choc";"manv";"motor";"occutc"
"201900045011";"138 221 467";"B01";"1";"7";"0";"2";"4";"2";"1";""
"201900045011";"138 221 468";"C01";"1";"7";"0";"0";"4";"2";"1";""
"201900045012";"138 221 465";"A01";"1";"7";"13";"0";"3";"13";"1";""
"201900045013";"138 221 464";"A01";"0";"7";"8";"9";"1";"1";"1";""
"201900045014";"138 221 462";"B01";"2";"7";"0";"2";"2";"1";"1";""
"201900045014";"138 221 463";"A01";"1";"7";"0";"2";"2";"15";"1";""
"201900045015";"138 221 460";"A01";"1";"7";"0";"2";"8";"9";"1";""
"201900045015";"138 221 461";"B01";"2";"33";"0";"2";"1";"1";"1";""
"201900045016";"138 221 459";"A01";"2";"10";"12";"0";"2";"1";"1";""
"201900045017";"138 221 456";"A01";"0";"7";"7";"0";"1";"1";"1";""
"201900045018";"138 221 454";"B01";"2";"7";"0";"2";"3";"1";"1";""
"201900045018";"138 221 455";"A01";"1";"33";"0";"2";"1";"1";"1";""
"201900045019";"138 221 453";"A01";"1";"7";"16";"0";"1";"1";"6";""
"201900045020";"138 221 452";"A01";"1";"7";"2";"0";"1";"13";"1";""
"201900045021";"138 221 450";"A01";"3";"1";"0";"0";"4";"1";"6";""
"201900045021";"138 221 451";"B01";"3";"7";"0";"0";"1";"1";"0";""
"201900045022";"138 221 449";"A01";"2";"7";"6";"0";"1";"0";"1";""
"201900045023";"138 221 446";"C01";"2";"7";"0";"2";"4";"15";"0";""
"201900045023";"138 221 447";"B01";"2";"7";"0";"2";"1";"1";"0";""
"201900045023";"138 221 448";"A01";"2";"7";"0";"2";"4";"1";"0";""
"201900045024";"138 221 444";"B01";"1";"10";"0";"2";"3";"1";"1";""
"201900045024";"138 221 445";"A01";"2";"7";"0";"2";"1";"1";"1";""
"201900045025";"138 221 443";"A01";"2";"2";"0";"0";"0";"1";"1";""
"201900045026";"138 221 442";"A01";"1";"7";"13";"0";"1";"13";"0";""
"201900045027";"138 221 441";"A01";"1";"7";"8";"0";"1";"1";"1";""
"201900045028";"138 221 439";"A01";"2";"1";"0";"2";"9";"1";"0";""
"201900045028";"138 221 440";"B01";"2";"7";"0";"9";"7";"1";"6";""
"201900045029";"138 221 437";"B01";"1";"10";"0";"0";"4";"1";"1";""
"201900045029";"138 221 438";"A01";"1";"7";"0";"2";"1";"2";"1";""
"201900045030";"138 221 435";"A01";"0";"7";"0";"2";"1";"15";"1";""
"201900045030";"138 221 436";"B01";"0";"7";"0";"2";"1";"1";"1";""
"201900045031";"138 221 433";"A01";"2";"7";"0";"2";"3";"9";"1";""
"201900045031";"138 221 434";"B01";"1";"2";"0";"2";"1";"1";"1";""
"201900045032";"138 221 432";"A01";"1";"13";"4";"0";"3";"14";"1";""
"201900045033";"138 221 430";"B01";"3";"33";"0";"0";"1";"1";"1";""
"201900045033";"138 221 431";"A01";"3";"7";"0";"2";"2";"15";"1";""
"201900045034";"138 221 429";"A01";"0";"2";"0";"0";"0";"16";"1";""
"201900045035";"138 221 427";"B01";"1";"7";"0";"2";"3";"1";"1";""
"201900045035";"138 221 428";"A01";"2";"7";"0";"2";"3";"13";"1";""
"201900045036";"138 221 426";"A01";"1";"7";"6";"0";"1";"1";"0";""
"201900045037";"138 221 424";"B01";"0";"7";"0";"2";"1";"1";"1";""
"201900045037";"138 221 425";"A01";"0";"10";"0";"2";"1";"13";"1";""
"201900045038";"138 221 423";"A01";"3";"7";"0";"1";"4";"4";"1";""
"201900045039";"138 221 422";"A01";"1";"33";"7";"0";"2";"17";"1";""
"201900045040";"138 221 420";"A01";"1";"10";"0";"9";"4";"2";"1";""
"201900045040";"138 221 421";"B01";"1";"33";"0";"2";"1";"1";"1";""
"201900045041";"138 221 418";"B01";"2";"7";"0";"6";"0";"0";"1";""
"201900045041";"138 221 419";"A01";"2";"31";"0";"2";"0";"26";"1";""
"201900045042";"138 221 417";"A01";"2";"33";"5";"0";"1";"17";"6";""
"201900045043";"138 221 413";"D01";"2";"10";"0";"2";"4";"1";"1";""
"201900045043";"138 221 414";"C01";"2";"15";"0";"2";"6";"1";"1";""
"201900045043";"138 221 415";"B01";"2";"10";"0";"2";"5";"2";"1";""
"201900045043";"138 221 416";"A01";"2";"10";"0";"2";"3";"17";"1";""
"201900045044";"138 221 411";"B01";"2";"7";"0";"2";"3";"3";"1";""
"201900045044";"138 221 412";"A01";"2";"7";"0";"2";"5";"12";"1";""
"201900045045";"138 221 410";"A01";"2";"7";"4";"2";"5";"14";"1";""
"201900045046";"138 221 408";"A01";"2";"17";"0";"2";"2";"12";"1";""
"201900045046";"138 221 409";"B01";"2";"7";"0";"2";"6";"2";"1";""
"201900045047";"138 221 406";"B01";"2";"7";"0";"2";"7";"12";"1";""
"201900045047";"138 221 407";"A01";"2";"43";"0";"2";"8";"3";"1";""
"201900045048";"138 221 405";"A01";"2";"33";"0";"0";"9";"3";"1";""
"201900045049";"138 221 401";"D01";"2";"7";"0";"2";"1";"1";"1";""
"201900045049";"138 221 402";"B01";"2";"7";"0";"2";"4";"1";"1";""
"201900045049";"138 221 403";"C01";"2";"7";"0";"2";"1";"1";"1";""
"201900045049";"138 221 404";"A01";"2";"7";"0";"2";"4";"1";"1";""
"201900045050";"138 221 399";"A01";"2";"33";"0";"2";"2";"3";"1";""
"201900045050";"138 221 400";"B01";"2";"7";"0";"2";"3";"13";"1";""
"201900045051";"138 221 397";"A01";"2";"34";"0";"2";"3";"3";"1";""
"201900045051";"138 221 398";"B01";"2";"7";"0";"2";"2";"12";"1";""
"201900045052";"138 221 395";"A01";"1";"7";"0";"2";"8";"11";"3";""
"201900045052";"138 221 396";"B01";"1";"43";"0";"2";"2";"3";"1";""
"201900045053";"138 221 389";"A01";"1";"7";"3";"0";"7";"18";"1";""
"201900045054";"138 221 387";"B01";"1";"7";"0";"2";"3";"9";"0";""
"201900045054";"138 221 388";"A01";"1";"7";"0";"2";"1";"19";"1";""
"201900045055";"138 221 386";"A01";"2";"7";"0";"1";"2";"15";"1";""
"201900045056";"138 221 385";"A01";"1";"7";"0";"1";"1";"15";"1";""
"201900045057";"138 221 384";"A01";"2";"7";"0";"1";"1";"19";"0";""
"201900045058";"138 221 382";"A01";"1";"7";"0";"2";"4";"1";"0";""
"201900045058";"138 221 383";"B01";"1";"7";"0";"2";"1";"26";"0";""
"201900045059";"138 221 376";"B01";"1";"33";"0";"2";"1";"1";"1";""
"201900045059";"138 221 377";"A01";"1";"7";"0";"2";"5";"14";"1";""
"201900045060";"138 221 375";"A01";"0";"31";"0";"0";"0";"1";"1";""
"201900045061";"138 221 373";"B01";"1";"33";"0";"2";"1";"17";"1";""
"201900045061";"138 221 374";"A01";"1";"7";"0";"2";"6";"11";"1";""
"201900045062";"138 221 368";"C01";"1";"7";"0";"2";"8";"23";"1";""
"201900045062";"138 221 369";"E01";"1";"7";"0";"2";"8";"23";"1";""
"201900045062";"138 221 370";"D01";"2";"7";"0";"2";"3";"23";"1";""
"201900045062";"138 221 371";"A01";"3";"7";"0";"2";"7";"15";"1";""
"201900045062";"138 221 372";"B01";"3";"7";"14";"2";"1";"1";"1";""
"201900045063";"138 221 367";"A01";"0";"30";"0";"1";"1";"2";"6";""
"201900045064";"138 221 365";"A01";"2";"7";"0";"2";"8";"1";"1";""
"201900045064";"138 221 366";"B01";"1";"7";"0";"2";"3";"19";"1";""
"201900045065";"138 221 363";"A01";"2";"7";"8";"0";"2";"1";"1";""
"201900045066";"138 221 361";"B01";"3";"7";"0";"2";"3";"1";"0";""
"201900045066";"138 221 362";"A01";"1";"7";"0";"2";"3";"1";"0";""
"201900045067";"138 221 359";"A01";"3";"7";"0";"2";"1";"1";"1";""
"201900045067";"138 221 360";"B01";"3";"1";"0";"2";"8";"0";"5";""
"201900045068";"138 221 357";"A01";"2";"2";"0";"2";"1";"26";"0";""
"201900045068";"138 221 358";"B01";"2";"7";"0";"2";"5";"1";"0";""
"201900045069";"138 221 355";"A01";"2";"7";"0";"6";"7";"17";"1";""
"201900045069";"138 221 356";"B01";"2";"1";"0";"2";"3";"26";"5";""
"201900045070";"138 221 353";"A01";"2";"7";"0";"2";"1";"2";"1";""
"201900045070";"138 221 354";"B01";"2";"7";"0";"2";"4";"2";"1";""
"201900045071";"138 221 351";"B01";"1";"7";"0";"2";"1";"1";"1";""
"201900045071";"138 221 352";"A01";"1";"7";"0";"2";"8";"19";"1";""
"201900045072";"138 221 349";"A01";"1";"3";"0";"2";"1";"1";"1";""
"201900045072";"138 221 350";"B01";"1";"3";"0";"2";"4";"1";"1";""
"201900045073";"138 221 347";"A01";"3";"7";"0";"2";"3";"15";"1";""
"201900045073";"138 221 348";"B01";"3";"33";"0";"2";"1";"17";"1";""
"201900045074";"138 221 346";"A01";"1";"33";"4";"0";"1";"26";"1";""
"201900045075";"138 221 344";"A01";"2";"7";"0";"2";"3";"15";"0";""
"201900045075";"138 221 345";"B01";"1";"34";"0";"2";"1";"1";"0";""
"201900045076";"138 221 343";"A01";"3";"34";"14";"0";"2";"16";"3";""
"201900045077";"138 221 341";"A01";"1";"7";"0";"2";"3";"9";"1";""
"201900045077";"138 221 342";"B01";"1";"33";"0";"2";"2";"2";"1";""
"201900045078";"138 221 337";"A01";"3";"7";"0";"2";"1";"0";"1";""
"201900045078";"138 221 338";"B01";"1";"7";"0";"2";"4";"0";"1";""
"201900045079";"138 221 335";"A01";"3";"7";"12";"0";"1";"26";"1";""
"201900045080";"138 221 329";"A01";"3";"10";"0";"2";"1";"10";"1";""
"201900045080";"138 221 330";"B01";"2";"7";"0";"2";"7";"1";"1";""
"201900045081";"138 221 327";"B01";"1";"7";"0";"2";"2";"1";"1";""
"201900045081";"138 221 328";"A01";"3";"1";"0";"2";"1";"11";"0";""
"201900045082";"138 221 325";"A01";"1";"15";"0";"2";"2";"17";"1";""
"201900045082";"138 221 326";"B01";"1";"7";"0";"2";"8";"1";"1";""
"201900045083";"138 221 324";"A01";"1";"7";"2";"0";"1";"1";"1";""
"201900045084";"138 221 322";"B01";"0";"7";"0";"2";"2";"1";"1";""
"201900045084";"138 221 323";"A01";"0";"7";"0";"2";"2";"17";"1";""
"201900045085";"138 221 321";"A01";"3";"7";"0";"1";"2";"1";"1";""
"201900045086";"138 221 318";"A01";"2";"3";"13";"0";"2";"1";"1";""
"201900045087";"138 221 316";"A01";"1";"7";"0";"2";"1";"2";"1";""
"201900045087";"138 221 317";"B01";"1";"7";"0";"2";"4";"1";"1";""
"201900045088";"138 221 315";"A01";"3";"7";"0";"1";"2";"1";"1";""
"201900045089";"138 221 311";"A01";"0";"7";"0";"2";"1";"13";"1";""
"201900045089";"138 221 312";"B01";"0";"7";"0";"2";"1";"1";"1";""
"201900045090";"138 221 308";"A01";"2";"7";"6";"2";"1";"1";"1";""
"201900045090";"138 221 309";"C01";"2";"7";"0";"2";"1";"1";"1";""
"201900045090";"138 221 310";"B01";"0";"7";"0";"2";"4";"23";"1";""
"201900045091";"138 221 307";"A01";"0";"7";"8";"0";"6";"13";"1";""
"201900045092";"138 221 305";"Z01";"1";"99";"0";"1";"3";"0";"0";""
"201900045093";"138 221 302";"B01";"1";"1";"2";"2";"3";"1";"5";""
"201900045093";"138 221 303";"A01";"1";"1";"0";"2";"1";"18";"5";""
"201900045094";"138 221 300";"A01";"1";"7";"0";"2";"2";"15";"1";""
"201900045094";"138 221 301";"B01";"1";"2";"0";"2";"7";"1";"0";""
"201900045095";"138 221 299";"A01";"1";"7";"0";"1";"2";"1";"1";""
"201900045096";"138 221 297";"A01";"2";"10";"0";"1";"7";"1";" -1";""
"201900045096";"138 221 298";"A01";"1";"7";"3";"2";"1";"1";"1";""
"201900045097";"138 221 295";"A01";"1";"7";"0";"0";"0";"11";"1";""
"201900045097";"138 221 296";"B01";"1";"2";"0";"0";"0";"1";"1";""
"201900045098";"138 221 294";"A01";"2";"7";"9";"1";"3";"1";"1";""
"201900045099";"138 221 293";"Z01";"1";"7";"0";"1";"1";"13";"1";""
"201900045100";"138 221 291";"A01";"1";"7";"0";"2";"1";"2";"1";""
"201900045100";"138 221 292";"B01";"1";"7";"0";"2";"4";"2";"1";""
"201900045101";"138 221 289";"B01";"3";"7";"0";"2";"2";"15";"1";""
"201900045101";"138 221 290";"A01";"3";"7";"0";"2";"1";"9";"1";""
"201900045102";"138 221 287";"C01";"1";"7";"0";"2";"0";"1";" -1";""
"201900045102";"138 221 288";"B01";"3";"7";"0";"2";"6";"1";"1";""
"201900045103";"138 221 286";"Z01";"3";"30";"0";"1";"1";"25";"0";""
"201900045104";"138 221 285";"Z01";"0";"99";"0";"1";"1";"1";"0";""
"201900045105";"138 221 282";"A01";"1";"7";"0";"1";"1";"15";"6";""
"201900045106";"138 221 280";"B01";"2";"20";"0";"2";"1";"21";"0";""
"201900045106";"138 221 281";"A01";"1";"7";"0";"2";"9";"13";"6";""
"201900045107";"138 221 279";"A01";"1";"1";"16";"0";"0";"14";"5";""
"201900045108";"138 221 278";"A01";"2";"7";"12";"1";"3";"13";"1";""
"201900045109";"138 221 277";"A01";"2";"7";"2";"0";"1";"14";"1";""
"201900045110";"138 221 275";"E01";"3";"7";"0";"2";"6";"2";"1";""
"201900045110";"138 221 276";"A01";"3";"33";"0";"2";"1";"5";"1";""
"201900045111";"138 221 274";"A01";"0";"7";"0";"1";"1";"1";"1";""
"201900045112";"138 221 272";"A01";"1";"1";"0";"2";"1";"19";"5";""
"201900045112";"138 221 273";"B01";"1";"7";"0";"6";"7";"2";"1";""
"201900045113";"138 221 270";"A01";"0";"10";"9";"2";"5";"9";"1";""
"201900045113";"138 221 271";"B01";"0";"10";"0";"2";"1";"1";"1";""
"201900045114";"138 221 269";"A01";"2";"1";"0";"0";"8";"1";"5";""
"201900045115";"138 221 267";"A01";"3";"10";"0";"2";"7";"1";"1";""
"201900045115";"138 221 268";"B01";"3";"7";"0";"2";"8";"9";"1";""
"201900045116";"138 221 265";"A01";"0";"7";"0";"2";"2";"12";"2";""
"201900045116";"138 221 266";"B01";"0";"7";"0";"2";"3";"1";"1";""
"201900045117";"138 221 263";"B01";"2";"7";"0";"2";"2";"1";"1";""
"201900045117";"138 221 264";"A01";"2";"7";"0";"2";"3";"16";"1";""
"201900045118";"138 221 260";"B01";"1";"7";"0";"2";"1";"2";"1";""
"201900045118";"138 221 261";"C01";"1";"7";"0";"1";"4";"1";"1";""
"201900045118";"138 221 262";"A01";"1";"7";"0";"2";"1";"2";"1";""
"201900045119";"138 221 259";"Z01";"2";"10";"0";"1";"0";"1";"0";""
"201900045120";"138 221 257";"B01";"3";"32";"0";"2";"7";"1";"1";""
"201900045120";"138 221 258";"A01";"1";"7";"0";"2";"1";"9";"1";""
"201900045121";"138 221 255";"B01";"1";"7";"0";"2";"9";"1";"1";""
"201900045121";"138 221 256";"A01";"2";"7";"0";"2";"1";"1";"1";""
"201900045122";"138 221 254";"A01";"0";"7";"2";"0";"1";"14";"1";""
"201900045123";"138 221 252";"B01";"1";"7";"0";"2";"1";"15";"1";""
"201900045123";"138 221 253";"A01";"2";"2";"0";"2";"7";"1";"1";""
"201900045124";"138 221 251";"A01";"2";"10";"0";"1";"4";"4";"1";""
"201900045125";"138 221 249";"B01";"2";"7";"6";"2";"8";"1";"1";""
"201900045125";"138 221 250";"A01";"2";"17";"0";"2";"2";"12";"1";""
"201900045126";"138 221 241";"A01";"1";"33";"0";"2";"1";"26";"1";""
"201900045126";"138 221 242";"B01";"1";"7";"0";"2";"3";"26";"1";""
"201900045127";"138 221 240";"A01";"2";"33";"13";"0";"1";"1";"1";""
"201900045128";"138 221 238";"D01";"1";"7";"0";"2";"4";"1";"1";""
"201900045128";"138 221 239";"C01";"1";"7";"0";"2";"1";"1";"1";""
"201900045129";"138 221 237";"Z01";"2";"7";"0";"1";"2";"1";"0";""
"201900045130";"138 221 235";"A01";"1";"7";"0";"2";"1";"16";"1";""
"201900045130";"138 221 236";"B01";"1";"33";"0";"2";"1";"13";"1";""
"201900045131";"138 221 232";"C01";"1";"7";"0";"2";"3";"15";"1";""
"201900045131";"138 221 233";"B01";"1";"7";"0";"2";"4";"1";"1";""
"201900045131";"138 221 234";"A01";"1";"7";"0";"2";"1";"1";"1";""
"201900045132";"138 221 230";"A01";"1";"7";"0";"2";"1";"2";"1";""
"201900045132";"138 221 231";"B01";"1";"7";"0";"2";"4";"2";"1";""
"201900045133";"138 221 228";"B01";"3";"7";"0";"2";"4";"26";"1";""
"201900045133";"138 221 229";"A01";"1";"7";"0";"2";"1";"26";"1";""
"201900045134";"138 221 226";"B01";"3";"1";"0";"6";"5";"2";"0";""
"201900045134";"138 221 227";"A01";"3";"7";"0";"2";"1";"19";"1";""
"201900045135";"138 221 223";"B01";"1";"7";"0";"2";"6";"1";"1";""
"201900045135";"138 221 224";"A01";"2";"7";"0";"2";"3";"13";"1";""
"201900045136";"138 221 222";"Z01";"1";"7";"0";"1";"2";"1";"1";""
"201900045137";"138 221 220";"A01";"3";"41";"9";"2";"1";"17";"0";""
"201900045137";"138 221 221";"B01";"2";"7";"0";"2";"8";"10";"0";""
"201900045138";"138 221 218";"A01";"1";"7";"0";"2";"1";"26";"0";""
"201900045138";"138 221 219";"B01";"1";"7";"0";"2";"4";"2";" -1";""
"201900045139";"138 221 216";"Z01";"1";"10";"0";"2";"7";"12";"0";""
"201900045139";"138 221 217";"A01";"1";"33";"0";"2";"8";"3";"1";""
"201900045140";"138 221 212";"A01";"2";"30";"0";"0";"0";"17";"1";""
"201900045141";"138 221 210";"A01";"1";"7";"0";"2";"8";"15";"1";""
"201900045141";"138 221 211";"B01";"1";"32";"0";"2";"8";"1";"1";""
"201900045142";"138 221 208";"Z01";"2";"7";"0";"2";"0";"1";"1";""
"201900045142";"138 221 209";"B01";"2";"32";"0";"2";"6";"12";"1";""
"201900045143";"138 221 206";"A01";"1";"10";"0";"2";"1";"2";"1";""
"201900045143";"138 221 207";"B01";"1";"7";"0";"2";"4";"2";"1";""
"201900045144";"138 221 205";"A01";"1";"32";"0";"2";"0";"21";"1";""
"201900045145";"138 221 203";"B01";"1";"30";"0";"2";"8";"1";"1";""
"201900045145";"138 221 204";"A01";"1";"7";"0";"2";"7";"16";"1";""
"201900045146";"138 221 202";"A01";"1";"7";"0";"1";"2";"1";"1";""
"201900045147";"138 221 201";"A01";"2";"10";"0";"1";"1";"15";"1";""
"201900045148";"138 221 199";"B01";"1";"10";"0";"2";"3";"1";"1";""
"201900045148";"138 221 200";"A01";"1";"32";"0";"2";"1";"1";"1";""
"201900045149";"138 221 196";"A01";"2";"7";"4";"2";"1";"13";"1";""
"201900045149";"138 221 197";"B01";"2";"15";"0";"2";"1";"1";"1";""
"201900045149";"138 221 198";"C01";"2";"7";"0";"2";"7";"1";"1";""
"201900045150";"138 221 194";"B01";"1";"15";"0";"2";"2";"12";"1";""
"201900045150";"138 221 195";"A01";"1";"7";"0";"2";"8";"1";"1";""
"201900045151";"138 221 193";"A01";"1";"10";"13";"6";"1";"9";"1";""
"201900045152";"138 221 192";"A01";"1";"15";"1";"0";"3";"13";"1";""
"201900045153";"138 221 190";"A01";"1";"7";"0";"2";"8";"15";"1";""
"201900045153";"138 221 191";"B01";"1";"7";"0";"2";"1";"1";"1";""
"201900045154";"138 221 189";"A01";"1";"7";"3";"0";"7";"1";"1";""
"201900045155";"138 221 187";"B01";"2";"32";"0";"2";"1";"1";"1";""
"201900045155";"138 221 188";"A01";"2";"7";"0";"2";"8";"9";"1";""
"201900045156";"138 221 185";"B01";"3";"7";"0";"2";"8";"1";"6";""
"201900045156";"138 221 186";"A01";"3";"7";"0";"2";"1";"19";"6";""
"201900045157";"138 221 181";"B01";"1";"10";"0";"2";"6";"15";"1";""
"201900045157";"138 221 182";"A01";"1";"31";"0";"2";"1";"2";"1";""
"201900045158";"138 221 179";"B01";"1";"7";"0";"2";"3";"15";"1";""
"201900045158";"138 221 180";"A01";"1";"7";"0";"2";"2";"16";"1";""
"201900045159";"138 221 177";"A01";"2";"34";"0";"6";"8";"1";"1";""
"201900045159";"138 221 178";"B01";"2";"34";"0";"6";"2";"1";"1";""
"201900045160";"138 221 175";"Z01";"1";"10";"0";"2";"4";"2";"0";""
"201900045160";"138 221 176";"A01";"1";"7";"0";"2";"1";"2";"1";""
"201900045161";"138 221 173";"B01";"1";"33";"0";"2";"7";"1";"1";""
"201900045161";"138 221 174";"A01";"1";"7";"0";"2";"3";"9";"1";""
"201900045162";"138 221 170";"C01";"3";"7";"0";"1";"4";"16";"1";""
"201900045162";"138 221 171";"B01";"3";"7";"1";"0";"0";"0";"1";""
"201900045162";"138 221 172";"A01";"3";"38";"0";"2";"1";"26";"1";"3"
"201900045163";"138 221 169";"A01";"1";"7";"0";"1";"1";"1";"1";""
"201900045164";"138 221 168";"A01";"1";"10";"0";"1";"7";"1";"0";""
"201900045165";"138 221 167";"A01";"1";"7";"0";"1";"2";"21";"0";""
"201900045166";"138 221 166";"A01";"3";"34";"0";"0";"0";"26";"0";""
"201900045167";"138 221 164";"A01";"1";"7";"0";"2";"2";"16";"1";""
"201900045167";"138 221 165";"B01";"1";"33";"0";"2";"8";"1";"1";""
"201900045168";"138 221 162";"B01";"1";"7";"0";"2";"2";"2";"1";""
"201900045168";"138 221 163";"A01";"1";"7";"0";"2";"6";"2";"1";""
"201900045169";"138 221 160";"B01";"2";"1";"14";"0";"0";"21";"6";""
"201900045169";"138 221 161";"A01";"2";"50";"14";"2";"0";"21";"3";""
"201900045170";"138 221 158";"B01";"2";"7";"0";"1";"5";"1";"1";""
"201900045170";"138 221 159";"A01";"2";"7";"0";"2";"3";"1";"0";""
"201900045171";"138 221 156";"A01";"3";"30";"0";"2";"1";"9";"1";""
"201900045171";"138 221 157";"B01";"3";"7";"0";"2";"2";"15";"1";""
"201900045172";"138 221 155";"A01";"3";"32";"14";"0";"3";"19";"1";""
"201900045173";"138 221 153";"B01";"1";"7";"0";"2";"1";"23";"1";""
"201900045173";"138 221 154";"A01";"1";"7";"0";"2";"4";"26";"1";""
"201900045174";"138 221 148";"A01";"3";"7";"0";"2";"3";"9";"1";""
"201900045174";"138 221 149";"B01";"3";"1";"0";"2";"5";"1";"0";""
"201900045175";"138 221 144";"A01";"1";"7";"0";"2";"3";"21";"1";""
"201900045175";"138 221 145";"B01";"1";"7";"4";"0";"5";"13";"1";""
"201900045176";"138 221 142";"B01";"1";"1";"0";"2";"1";"1";"5";""
"201900045176";"138 221 143";"A01";"1";"7";"0";"2";"2";"9";"1";""
"201900045177";"138 221 139";"C01";"2";"7";"0";"2";"1";"1";"1";""
"201900045177";"138 221 140";"B01";"1";"7";"0";"2";"0";"0";"1";""
"201900045177";"138 221 141";"A01";"1";"7";"0";"2";"1";"2";"1";""
"201900045178";"138 221 137";"A01";"1";"10";"0";"2";"3";"13";"1";""
"201900045178";"138 221 138";"B01";"2";"7";"4";"2";"3";"0";"1";""
"201900045179";"138 221 129";"B01";"2";"7";"0";"2";"4";"1";"2";""
"201900045179";"138 221 130";"A01";"2";"33";"0";"2";"1";"14";"1";""
"201900045180";"138 221 128";"A01";"1";"7";"0";"1";"1";"1";"0";""
"201900045181";"138 221 125";"A01";"1";"7";"0";"1";"1";"26";"1";""
"201900045182";"138 221 120";"A01";"3";"33";"9";"0";"1";"21";"1";""
"201900045183";"138 221 119";"A01";"1";"7";"0";"1";"1";"15";"1";""
"201900045184";"138 221 117";"A01";"1";"7";"0";"2";"3";"13";"3";""
"201900045184";"138 221 118";"B01";"2";"7";"0";"2";"8";"1";"1";""
"201900045185";"138 221 115";"A01";"1";"7";"0";"2";"5";"16";"1";""
"201900045185";"138 221 116";"B01";"2";"50";"0";"2";"3";"1";"3";""
"201900045186";"138 221 113";"B01";"1";"2";"0";"2";"4";"2";"1";""
"201900045186";"138 221 114";"A01";"1";"7";"0";"2";"2";"2";"1";""
"201900045187";"138 221 112";"A01";"1";"7";"11";"0";"1";"1";"1";""
"201900045188";"138 221 110";"A01";"2";"7";"0";"2";"7";"26";"0";""
"201900045188";"138 221 111";"B01";"2";"30";"0";"2";"1";"1";"0";""
"201900045189";"138 221 109";"A01";"2";"35";"0";"0";"0";"15";"1";""
"201900045190";"138 221 105";"A01";"1";"3";"0";"2";"1";"19";"1";""
"201900045190";"138 221 106";"B01";"1";"3";"0";"2";"3";"19";"1";""
"201900045191";"138 221 101";"A01";"2";"30";"0";"2";"1";"1";"1";""
"201900045191";"138 221 102";"B01";"2";"7";"0";"2";"4";"1";"1";""
"201900045192";"138 221 099";"A01";"1";"7";"0";"2";"1";"13";"1";""
"201900045192";"138 221 100";"B01";"2";"7";"0";"2";"1";"1";"1";""
"201900045193";"138 221 097";"B01";"1";"2";"0";"2";"4";"23";"1";""
"201900045193";"138 221 098";"A01";"1";"7";"0";"2";"1";"2";"1";""
"201900045194";"138 221 096";"A01";"1";"2";"16";"0";"0";"0";"1";""
"201900045195";"138 221 094";"A01";"1";"7";"0";"2";"7";"1";"3";""
"201900045195";"138 221 095";"B01";"1";"7";"0";"2";"2";"1";"1";""
"201900045196";"138 221 093";"A01";"1";"7";"0";"1";"1";"1";"1";""
"201900045197";"138 221 090";"B01";"2";"7";"0";"2";"5";"1";"1";""
"201900045197";"138 221 091";"A01";"2";"7";"0";"2";"1";"1";"1";""
"201900045197";"138 221 092";"C01";"2";"7";"0";"2";"1";"23";"1";""
"201900045198";"138 221 089";"Z01";"1";"7";"0";"1";"1";"1";"1";""
"201900045199";"138 221 088";"A01";"1";"7";"0";"1";"1";"15";"1";""
"201900045200";"138 221 086";"A01";"3";"7";"0";"2";"8";"19";"6";""
"201900045200";"138 221 087";"B01";"3";"7";"0";"2";"2";"1";"6";""
"201900045201";"138 221 084";"B01";"2";"7";"0";"2";"2";"16";"1";""
"201900045201";"138 221 085";"A01";"1";"7";"0";"2";"2";"15";"1";""
"201900045202";"138 221 080";"B01";"3";"2";"0";"2";"0";"19";"0";""
"201900045202";"138 221 081";"A01";"3";"33";"0";"2";"1";"26";"1";""
"201900045203";"138 221 078";"A01";"3";"7";"0";"2";"3";"16";"1";""
"201900045203";"138 221 079";"B01";"3";"50";"0";"2";"7";"1";"3";""
"201900045204";"138 221 076";"A01";"1";"7";"0";"2";"1";"2";"1";""
"201900045204";"138 221 077";"B01";"1";"7";"0";"2";"4";"1";"1";""
"201900045205";"138 221 074";"A01";"1";"1";"0";"2";"1";"15";"5";""
"201900045205";"138 221 075";"B01";"2";"7";"0";"2";"3";"1";"1";""
"201900045206";"138 221 072";"A01";"1";"10";"0";"2";"2";"15";"1";""
"201900045206";"138 221 073";"B01";"1";"1";"0";"2";"1";"1";"5";""
"201900045207";"138 221 070";"B01";"3";"7";"0";"2";"8";"1";"1";""
"201900045207";"138 221 071";"A01";"3";"34";"0";"2";"7";"9";"1";""
"201900045208";"138 221 069";"A01";"2";"1";"0";"0";"0";"1";"5";""
"201900045209";"138 221 068";"A01";"3";"33";"12";"0";"3";"16";"1";""
"201900045210";"138 221 066";"A01";"1";"7";"0";"2";"0";"1";"1";""
"201900045210";"138 221 067";"B01";"1";"30";"0";"2";"7";"21";"1";""
"201900045211";"138 221 064";"B01";"1";"7";"0";"0";"4";"23";"1";""
"201900045211";"138 221 065";"A01";"1";"7";"0";"2";"1";"1";"1";""
"201900045212";"138 221 062";"B01";"2";"1";"0";"0";"6";"1";"5";""
"201900045212";"138 221 063";"A01";"2";"30";"0";"2";"1";"1";"1";""
"201900045213";"138 221 061";"A01";"1";"30";"12";"0";"2";"1";"1";""
"201900045214";"138 221 059";"B01";"1";"7";"0";"2";"0";"1";"1";""
"201900045214";"138 221 060";"A01";"2";"31";"0";"2";"1";"16";"1";""