"Num_Acc";"id_vehicule";"num_veh";"senc";"catv";"obs";"obsm";"choc";"manv";"motor";"occutc"
"201900045417";"138 220 690";"B01";"1";"7";"0";"2";"1";"2";"1";""
"201900045417";"138 220 691";"A01";"2";"7";"3";"2";"7";"1";"1";""
"201900045418";"138 220 689";"A01";"0";"7";"0";"1";"1";"1";"1";""
"201900045419";"138 220 686";"A01";"1";"7";"3";"2";"9";"2";"0";""
"201900045419";"138 220 687";"B01";"1";"7";"14";"2";"2";"2";"1";""
"201900045419";"138 220 688";"C01";"1";"33";"14";"2";"1";"2";"0";""
"201900045420";"138 220 685";"A01";"1";"7";"0";"1";"1";"16";"1";""
"201900045421";"138 220 684";"A01";"2";"7";"13";"0";"2";"13";"1";""
"201900045422";"138 220 682";"B01";"1";"7";"0";"2";"0";"1";"1";""
"201900045422";"138 220 683";"A01";"2";"7";"0";"2";"1";"5";"1";""
"201900045423";"138 220 680";"B01";"1";"7";"0";"2";"3";"15";"1";""
"201900045423";"138 220 681";"A01";"2";"2";"0";"2";"1";"1";"1";""
"201900045424";"138 220 677";"A01";"2";"7";"0";"1";"1";"1";"1";""
"201900045425";"138 220 676";"A01";"1";"7";"2";"0";"2";"1";"1";""
"201900045426";"138 220 675";"A01";"1";"7";"0";"1";"2";"2";"1";""
"201900045427";"138 220 672";"A01";"1";"7";"4";"2";"2";"14";"1";""
"201900045427";"138 220 673";"B01";"1";"7";"0";"2";"1";"14";"1";""
"201900045428";"138 220 670";"A01";"2";"7";"0";"2";"1";"2";"1";""
"201900045428";"138 220 671";"B01";"2";"7";"0";"2";"4";"2";"1";""
"201900045429";"138 220 669";"A01";"2";"7";"16";"0";"9";"0";"1";""
"201900045430";"138 220 668";"A01";"2";"7";"0";"0";"8";"1";"1";""
"201900045431";"138 220 667";"A01";"1";"17";"3";"0";"1";"1";"1";""
"201900045432";"138 220 665";"A01";"1";"7";"0";"2";"5";"14";"1";""
"201900045432";"138 220 666";"B01";"1";"33";"0";"2";"8";"21";"1";""
"201900045433";"138 220 663";"B01";"1";"33";"0";"2";"0";"0";"1";""
"201900045433";"138 220 664";"A01";"1";"7";"0";"2";"3";"11";"1";""
"201900045434";"138 220 662";"A01";"1";"32";"0";"2";"1";"9";"1";""
"201900045435";"138 220 659";"A01";"2";"7";"0";"2";"2";"12";"1";""
"201900045435";"138 220 660";"B01";"2";"33";"0";"2";"3";"3";"1";""
"201900045435";"138 220 661";"C01";"2";"7";"0";"2";"6";"1";"1";""
"201900045436";"138 220 654";"A01";"1";"7";"0";"2";"0";"0";"1";""
"201900045436";"138 220 655";"B01";"1";"7";"0";"2";"0";"0";"1";""
"201900045436";"138 220 656";"C01";"1";"7";"0";"2";"0";"0";"1";""
"201900045436";"138 220 657";"D01";"2";"7";"0";"2";"0";"0";"1";""
"201900045436";"138 220 658";"E01";"2";"7";"0";"2";"4";"0";"1";""
"201900045437";"138 220 652";"A01";"1";"7";"0";"2";"1";"1";"1";""
"201900045437";"138 220 653";"B01";"1";"7";"0";"2";"4";"2";"1";""
"201900045438";"138 220 649";"A01";"2";"7";"1";"0";"1";"2";"1";""
"201900045438";"138 220 650";"B01";"2";"7";"0";"2";"5";"24";"1";""
"201900045438";"138 220 651";"C01";"2";"7";"0";"2";"1";"21";"1";""
"201900045439";"138 220 646";"C01";"2";"7";"0";"2";"7";"1";"1";""
"201900045439";"138 220 647";"B01";"2";"7";"0";"2";"7";"1";"1";""
"201900045439";"138 220 648";"A01";"2";"7";"0";"2";"3";"9";"1";""
"201900045440";"138 220 641";"E01";"1";"7";"0";"2";"6";"1";"1";""
"201900045440";"138 220 642";"D01";"1";"7";"14";"0";"1";"1";"1";""
"201900045440";"138 220 643";"C01";"1";"7";"14";"0";"3";"1";"1";""
"201900045440";"138 220 644";"B01";"1";"32";"0";"2";"1";"1";"1";""
"201900045440";"138 220 645";"A01";"1";"7";"4";"2";"1";"13";"1";""
"201900045441";"138 220 639";"B01";"1";"10";"0";"2";"4";"2";"1";""
"201900045441";"138 220 640";"A01";"1";"7";"0";"2";"1";"2";"1";""
"201900045442";"138 220 637";"A01";"2";"7";"0";"2";"1";"2";"1";""
"201900045442";"138 220 638";"B01";"2";"7";"0";"2";"4";"2";"1";""
"201900045443";"138 220 636";"A01";"1";"33";"11";"2";"1";"21";"1";""
"201900045444";"138 220 633";"A01";"1";"15";"0";"0";"6";"2";"1";""
"201900045444";"138 220 634";"B01";"1";"32";"0";"2";"1";"3";"1";""
"201900045444";"138 220 635";"C01";"1";"7";"0";"2";"8";"0";"1";""
"201900045445";"138 220 631";"B01";"1";"10";"0";"2";"4";"11";"1";""
"201900045445";"138 220 632";"A01";"1";"33";"0";"2";"1";"3";"1";""
"201900045446";"138 220 630";"A01";"2";"31";"0";"0";"1";"3";"1";""
"201900045447";"138 220 629";"A01";"3";"7";"0";"1";"1";"1";"1";""
"201900045448";"138 220 626";"C01";"3";"7";"0";"2";"4";"23";"1";""
"201900045448";"138 220 627";"B01";"3";"7";"0";"2";"4";"1";"1";""
"201900045448";"138 220 628";"A01";"3";"7";"0";"2";"1";"1";"1";""
"201900045449";"138 220 625";"A01";"1";"7";"0";"1";"0";"26";"1";""
"201900045450";"138 220 624";"A01";"2";"7";"2";"0";"1";"26";"0";""
"201900045451";"138 220 623";"A01";"1";"7";"2";"0";"1";"0";"1";""
"201900045452";"138 220 621";"A01";"3";"7";"0";"2";"1";"1";"1";""
"201900045452";"138 220 622";"B01";"3";"7";"0";"2";"4";"1";"1";""
"201900045453";"138 220 620";"A01";"2";"30";"0";"0";"0";"1";"1";""
"201900045454";"138 220 618";"B01";"2";"7";"0";"2";"8";"1";"1";""
"201900045454";"138 220 619";"A01";"1";"2";"0";"2";"1";"1";"1";""
"201900045455";"138 220 617";"A01";"3";"7";"6";"0";"1";"10";"1";""
"201900045456";"138 220 615";"B01";"1";"7";"0";"0";"4";"1";"0";""
"201900045456";"138 220 616";"A01";"1";"2";"0";"2";"1";"1";"0";""
"201900045457";"138 220 613";"A01";"3";"7";"0";"2";"2";"13";"1";""
"201900045457";"138 220 614";"B01";"3";"7";"0";"2";"6";"15";"1";""
"201900045458";"138 220 612";"A01";"3";"7";"0";"1";"3";"1";"1";""
"201900045459";"138 220 610";"A01";"1";"7";"0";"2";"0";"26";"1";""
"201900045459";"138 220 611";"B01";"1";"7";"0";"2";"5";"9";"1";""
"201900045460";"138 220 607";"C01";"2";"7";"0";"2";"4";"23";"1";""
"201900045460";"138 220 608";"B01";"2";"7";"0";"2";"4";"1";"1";""
"201900045460";"138 220 609";"A01";"2";"7";"0";"2";"1";"1";"1";""
"201900045461";"138 220 606";"A01";"1";"7";"0";"1";"2";"0";"0";""
"201900045462";"138 220 603";"A01";"2";"7";"0";"2";"1";"2";"1";""
"201900045462";"138 220 604";"B01";"2";"7";"0";"2";"1";"2";"1";""
"201900045462";"138 220 605";"C01";"2";"7";"0";"2";"4";"26";"1";""
"201900045463";"138 220 602";"A01";"3";"7";"3";"0";"9";"13";"1";""
"201900045464";"138 220 600";"B01";"1";"7";"0";"2";"1";"1";"1";""
"201900045464";"138 220 601";"A01";"1";"7";"0";"2";"6";"19";"1";""
"201900045465";"138 220 597";"A01";"1";"32";"0";"1";"0";"17";"6";""
"201900045466";"138 220 595";"A01";"2";"33";"0";"2";"7";"16";"0";""
"201900045466";"138 220 596";"B01";"2";"33";"0";"2";"3";"1";"1";""
"201900045467";"138 220 592";"A01";"3";"1";"0";"2";"3";"9";"5";""
"201900045467";"138 220 593";"B01";"3";"7";"0";"9";"3";"1";"1";""
"201900045468";"138 220 591";"A01";"1";"7";"0";"1";"1";"1";"1";""
"201900045469";"138 220 589";"B01";"2";"7";"0";"2";"1";"1";"1";""
"201900045469";"138 220 590";"A01";"1";"7";"0";"2";"1";"5";"1";""
"201900045470";"138 220 587";"A01";"1";"33";"0";"2";"1";"1";"1";""
"201900045470";"138 220 588";"B01";"1";"7";"0";"2";"5";"19";"0";""
"201900045471";"138 220 586";"A01";"1";"7";"0";"1";"1";"1";"1";""
"201900045472";"138 220 582";"A01";"1";"7";"6";"0";"1";"15";"1";""
"201900045473";"138 220 580";"A01";"3";"33";"0";"2";"1";"1";"0";""
"201900045473";"138 220 581";"B01";"3";"7";"0";"2";"1";"1";"0";""
"201900045474";"138 220 578";"A01";"2";"7";"0";"2";"3";"9";"1";""
"201900045474";"138 220 579";"B01";"3";"7";"0";"2";"7";"1";"1";""
"201900045475";"138 220 577";"A01";"1";"7";"4";"0";"9";"1";"1";""
"201900045476";"138 220 576";"A01";"0";"7";"0";"1";"1";"1";"1";""
"201900045477";"138 220 573";"B01";"1";"1";"0";"2";"8";"1";"5";""
"201900045477";"138 220 574";"A01";"1";"7";"0";"2";"7";"1";"1";""
"201900045478";"138 220 571";"A01";"1";"10";"0";"2";"8";"13";"1";""
"201900045478";"138 220 572";"B01";"1";"34";"0";"2";"1";"2";"1";""
"201900045479";"138 220 569";"A01";"2";"33";"0";"2";"1";"1";"1";""
"201900045479";"138 220 570";"Z01";"0";"0";"0";"0";"0";"0";"0";""
"201900045480";"138 220 568";"A01";"2";"34";"0";"1";"0";"1";"1";""
"201900045481";"138 220 567";"A01";"1";"7";"2";"0";"1";"16";"1";""
"201900045482";"138 220 565";"B01";"3";"7";"0";"0";"0";"0";"1";""
"201900045482";"138 220 566";"A01";"3";"7";"0";"2";"8";"19";"1";""
"201900045483";"138 220 561";"A01";"1";"31";"0";"2";"1";"2";"1";""
"201900045483";"138 220 562";"B01";"1";"7";"0";"2";"4";"2";"1";""
"201900045483";"138 220 563";"C01";"1";"7";"0";"2";"1";"2";"1";""
"201900045483";"138 220 564";"D01";"1";"7";"0";"2";"4";"2";"1";""
"201900045484";"138 220 560";"A01";"1";"7";"0";"1";"1";"1";"1";""
"201900045485";"138 220 559";"A01";"2";"7";"0";"1";"3";"15";"1";""
"201900045486";"138 220 557";"A01";"0";"30";"0";"2";"1";"1";"1";""
"201900045486";"138 220 558";"B01";"0";"7";"0";"2";"3";"1";"1";""
"201900045487";"138 220 555";"Z01";"2";"7";"0";"2";"0";"18";"1";""
"201900045487";"138 220 556";"A01";"2";"33";"0";"2";"7";"1";"1";""
"201900045488";"138 220 553";"A01";"1";"7";"0";"2";"2";"16";"1";""
"201900045488";"138 220 554";"B01";"1";"1";"0";"2";"8";"1";"5";""
"201900045489";"138 220 551";"A01";"1";"32";"0";"2";"1";"17";"1";""
"201900045489";"138 220 552";"B01";"1";"7";"0";"0";"8";"15";"1";""
"201900045490";"138 220 549";"A01";"2";"80";"0";"2";"1";"5";"2";""
"201900045490";"138 220 550";"B01";"1";"7";"0";"2";"2";"15";"1";""
"201900045491";"138 220 547";"B01";"1";"7";"0";"2";"4";"2";"1";""
"201900045491";"138 220 548";"A01";"1";"10";"0";"2";"1";"2";"1";""
"201900045492";"138 220 545";"B01";"2";"7";"0";"2";"4";"2";"1";""
"201900045492";"138 220 546";"A01";"2";"7";"0";"2";"1";"2";"1";""
"201900045493";"138 220 543";"A01";"2";"7";"0";"2";"1";"10";"1";""
"201900045493";"138 220 544";"Z01";"1";"7";"1";"2";"1";"1";"1";""
"201900045494";"138 220 541";"Z01";"1";"30";"0";"2";"1";"1";"0";""
"201900045494";"138 220 542";"A01";"1";"7";"0";"2";"2";"1";"1";""
"201900045495";"138 220 540";"A01";"1";"33";"0";"0";"0";"1";"1";""
"201900045496";"138 220 538";"B01";"1";"7";"0";"2";"2";"1";"1";""
"201900045496";"138 220 539";"A01";"1";"30";"0";"2";"3";"18";"1";""
"201900045497";"138 220 536";"B01";"2";"1";"0";"2";"1";"7";"5";""
"201900045497";"138 220 537";"A01";"1";"10";"0";"2";"2";"15";"1";""
"201900045498";"138 220 535";"A01";"1";"7";"0";"1";"2";"1";"3";""
"201900045499";"138 220 533";"B01";"1";"1";"0";"2";"4";"2";"5";""
"201900045499";"138 220 534";"A01";"1";"30";"0";"2";"1";"2";"1";""
"201900045500";"138 220 531";"A01";"1";"7";"0";"2";"6";"15";"1";""
"201900045500";"138 220 532";"B01";"1";"33";"0";"2";"7";"1";"1";""
"201900045501";"138 220 530";"A01";"1";"1";"0";"0";"0";"1";"5";""
"201900045502";"138 220 528";"B01";"1";"10";"0";"2";"5";"2";"1";""
"201900045502";"138 220 529";"A01";"1";"32";"0";"2";"5";"2";"1";""
"201900045503";"138 220 526";"A01";"3";"2";"0";"1";"0";"19";"1";""
"201900045504";"138 220 523";"A01";"1";"7";"0";"2";"3";"26";"1";""
"201900045504";"138 220 524";"C01";"3";"7";"0";"0";"0";"0";"1";""
"201900045504";"138 220 525";"B01";"1";"7";"6";"2";"9";"0";"1";""
"201900045505";"138 220 521";"B01";"1";"7";"0";"2";"7";"15";"1";""
"201900045505";"138 220 522";"A01";"1";"30";"0";"2";"1";"1";"1";""
"201900045506";"138 220 519";"A01";"3";"7";"0";"2";"7";"19";"1";""
"201900045506";"138 220 520";"B01";"3";"7";"0";"2";"1";"19";"1";""
"201900045507";"138 220 517";"A01";"1";"32";"0";"2";"1";"1";"1";""
"201900045507";"138 220 518";"B01";"2";"7";"0";"2";"8";"15";"1";""
"201900045508";"138 220 515";"A01";"1";"7";"0";"2";"1";"1";"1";""
"201900045508";"138 220 516";"B01";"1";"7";"0";"2";"8";"10";"1";""
"201900045509";"138 220 514";"A01";"0";"99";"0";"2";"1";"1";"0";""
"201900045510";"138 220 513";"A01";"2";"30";"0";"0";"8";"1";"1";""
"201900045511";"138 220 511";"A01";"1";"1";"0";"0";"0";"0";"5";""
"201900045512";"138 220 509";"B01";"2";"7";"0";"2";"8";"21";"1";""
"201900045512";"138 220 510";"A01";"1";"7";"0";"2";"7";"5";"1";""
"201900045513";"138 220 507";"B01";"1";"13";"0";"2";"1";"1";"1";""
"201900045513";"138 220 508";"A01";"1";"33";"0";"2";"1";"13";"1";""
"201900045514";"138 220 506";"A01";"3";"7";"0";"1";"3";"4";"2";""
"201900045515";"138 220 504";"B01";"2";"31";"0";"2";"3";"17";"1";""
"201900045515";"138 220 505";"A01";"1";"7";"0";"2";"3";"1";"1";""
"201900045516";"138 220 503";"A01";"3";"30";"0";"1";"1";"1";"1";""
"201900045517";"138 220 501";"A01";"2";"7";"0";"2";"1";"15";"1";""
"201900045517";"138 220 502";"B01";"1";"33";"0";"2";"1";"15";"1";""
"201900045518";"138 220 500";"A01";"3";"1";"0";"0";"0";"1";"5";""
"201900045519";"138 220 498";"B01";"3";"33";"0";"2";"1";"1";"1";""
"201900045519";"138 220 499";"A01";"3";"7";"0";"2";"5";"11";"1";""
"201900045520";"138 220 496";"B01";"1";"7";"0";"2";"6";"11";"1";""
"201900045520";"138 220 497";"A01";"1";"32";"0";"2";"1";"2";"1";""
"201900045521";"138 220 495";"A01";"2";"7";"0";"2";"7";"1";"1";""
"201900045522";"138 220 493";"B01";"2";"7";"0";"2";"1";"1";"1";""
"201900045522";"138 220 494";"A01";"1";"7";"11";"2";"1";"5";"1";""
"201900045523";"138 220 492";"A01";"1";"7";"2";"2";"1";"1";"1";""
"201900045524";"138 220 490";"A01";"3";"34";"0";"2";"2";"1";"1";""
"201900045524";"138 220 491";"B01";"3";"7";"0";"2";"1";"15";"1";""
"201900045525";"138 220 488";"A01";"0";"7";"0";"2";"8";"20";"1";""
"201900045525";"138 220 489";"B01";"0";"32";"0";"2";"2";"2";"1";""
"201900045526";"138 220 486";"B01";"1";"33";"0";"2";"1";"17";"0";""
"201900045526";"138 220 487";"A01";"3";"7";"0";"2";"3";"15";"0";""
"201900045527";"138 220 485";"A01";"1";"10";"0";"1";"2";"16";"1";""
"201900045528";"138 220 484";"A01";"3";"30";"0";"0";"2";"0";"3";""
"201900045529";"138 220 482";"A01";"1";"7";"0";"2";"2";"26";"1";""
"201900045529";"138 220 483";"B01";"1";"7";"0";"2";"1";"1";"2";""
"201900045530";"138 220 480";"A01";"3";"7";"0";"6";"2";"9";"1";""
"201900045530";"138 220 481";"B01";"3";"50";"0";"2";"6";"0";"3";""
"201900045531";"138 220 479";"A01";"1";"10";"14";"0";"1";"26";"0";""
"201900045532";"138 220 478";"A01";"2";"30";"4";"0";"1";"1";"1";""
"201900045533";"138 220 477";"A01";"1";"2";"0";"2";"0";"1";"1";""
"201900045534";"138 220 475";"B01";"2";"7";"0";"0";"0";"0";"1";""
"201900045534";"138 220 476";"A01";"2";"30";"0";"2";"0";"21";"1";""
"201900045535";"138 220 473";"A01";"2";"7";"0";"2";"2";"14";"1";""
"201900045535";"138 220 474";"B01";"2";"33";"0";"2";"8";"1";"1";""
"201900045536";"138 220 472";"A01";"1";"10";"0";"1";"4";"4";"0";""
"201900045537";"138 220 471";"A01";"1";"7";"0";"1";"1";"1";"1";""
"201900045538";"138 220 469";"B01";"2";"7";"0";"2";"8";"17";"1";""
"201900045538";"138 220 470";"A01";"2";"1";"0";"2";"7";"17";"5";""
"201900045539";"138 220 467";"B01";"2";"7";"0";"2";"1";"14";"1";""
"201900045539";"138 220 468";"A01";"2";"30";"0";"2";"3";"5";"1";""
"201900045540";"138 220 465";"B01";"2";"1";"0";"2";"8";"19";"5";""
"201900045540";"138 220 466";"A01";"2";"33";"0";"2";"1";"1";"1";""
"201900045541";"138 220 463";"B01";"2";"32";"0";"2";"1";"1";"1";""
"201900045541";"138 220 464";"A01";"1";"7";"0";"2";"3";"15";"1";""
"201900045542";"138 220 462";"Z01";"1";"10";"0";"1";"7";"1";"0";""
"201900045543";"138 220 460";"A01";"2";"37";"0";"2";"2";"16";"1";"1"
"201900045543";"138 220 461";"B01";"2";"60";"0";"2";"8";"1";"5";""
"201900045544";"138 220 458";"B01";"2";"7";"0";"2";"8";"1";"1";""
"201900045544";"138 220 459";"A01";"2";"30";"0";"2";"1";"1";"1";""
"201900045545";"138 220 456";"A01";"3";"7";"0";"2";"7";"12";"1";""
"201900045545";"138 220 457";"B01";"3";"33";"0";"2";"8";"3";"1";""
"201900045546";"138 220 455";"A01";"1";"7";"9";"0";"8";"1";"0";""
"201900045547";"138 220 453";"A01";"1";"32";"0";"2";"7";"1";"1";""
"201900045547";"138 220 454";"B01";"1";"1";"0";"2";"7";"19";"6";""
"201900045548";"138 220 451";"B01";"2";"50";"1";"0";"2";"21";"3";""
"201900045548";"138 220 452";"A01";"2";"7";"0";"6";"3";"22";"1";""
"201900045549";"138 220 449";"B01";"2";"7";"0";"2";"4";"23";"1";""
"201900045549";"138 220 450";"A01";"2";"7";"0";"2";"1";"26";"1";""
"201900045550";"138 220 448";"A01";"3";"30";"0";"1";"1";"25";"3";""
"201900045551";"138 220 447";"A01";"1";"7";"0";"1";"1";"21";"1";""
"201900045552";"138 220 445";"B01";"3";"32";"0";"2";"1";"1";"1";""
"201900045552";"138 220 446";"A01";"3";"7";"0";"2";"2";"12";"1";""
"201900045553";"138 220 444";"A01";"1";"1";"0";"1";"0";"1";"0";""
"201900045554";"138 220 442";"B01";"2";"7";"0";"2";"4";"23";"0";""
"201900045554";"138 220 443";"A01";"3";"7";"0";"2";"1";"26";"6";""
"201900045555";"138 220 440";"A01";"1";"34";"0";"2";"2";"17";"1";""
"201900045555";"138 220 441";"B01";"1";"7";"0";"2";"0";"0";"1";""
"201900045556";"138 220 438";"A01";"0";"7";"0";"2";"3";"15";"1";""
"201900045556";"138 220 439";"B01";"0";"2";"0";"2";"2";"17";"1";""
"201900045557";"138 220 436";"A01";"1";"7";"0";"2";"3";"2";"1";""
"201900045557";"138 220 437";"B01";"1";"34";"0";"2";"5";"2";"1";""
"201900045558";"138 220 434";"A01";"1";"43";"0";"2";"1";"17";"1";""
"201900045558";"138 220 435";"B01";"1";"7";"0";"0";"6";"1";"1";""
"201900045559";"138 220 432";"B01";"1";"32";"0";"2";"1";"23";"1";""
"201900045559";"138 220 433";"A01";"1";"7";"0";"2";"4";"26";"1";""
"201900045560";"138 220 430";"A01";"1";"32";"0";"2";"7";"26";"1";""
"201900045560";"138 220 431";"B01";"1";"7";"0";"2";"1";"0";"1";""
"201900045561";"138 220 428";"B01";"1";"7";"0";"2";"8";"1";"1";""
"201900045561";"138 220 429";"A01";"1";"7";"0";"2";"2";"1";"1";""
"201900045562";"138 220 427";"A01";"1";"34";"0";"0";"8";"1";"1";""
"201900045563";"138 220 425";"A01";"3";"10";"12";"2";"4";"2";"1";""
"201900045563";"138 220 426";"B01";"1";"10";"12";"2";"1";"2";"1";""
"201900045564";"138 220 423";"A01";"3";"7";"0";"2";"2";"15";"1";""
"201900045564";"138 220 424";"B01";"2";"32";"0";"2";"3";"1";"1";""
"201900045565";"138 220 421";"B01";"2";"7";"1";"0";"2";"0";"1";""
"201900045565";"138 220 422";"A01";"2";"33";"1";"0";"2";"18";"1";""
"201900045566";"138 220 420";"A01";"2";"34";"0";"0";"2";"1";"1";""
"201900045567";"138 220 419";"A01";"2";"7";"1";"0";"2";"1";"1";""
"201900045568";"138 220 417";"B01";"3";"7";"0";"2";"2";"1";"1";""
"201900045568";"138 220 418";"A01";"3";"7";"0";"2";"5";"26";"1";""
"201900045569";"138 220 415";"A01";"2";"7";"0";"2";"2";"1";"0";""
"201900045569";"138 220 416";"B01";"1";"41";"0";"2";"3";"1";"0";""
"201900045570";"138 220 414";"A01";"1";"10";"0";"1";"2";"2";"0";""
"201900045571";"138 220 413";"A01";"2";"32";"0";"1";"1";"1";"3";""
"201900045572";"138 220 411";"A01";"2";"7";"0";"0";"0";"9";"1";""
"201900045572";"138 220 412";"B01";"2";"32";"0";"0";"1";"21";"1";""
"201900045573";"138 220 409";"A01";"1";"7";"0";"2";"3";"1";"1";""
"201900045573";"138 220 410";"B01";"1";"33";"0";"2";"0";"1";"1";""
"201900045574";"138 220 407";"B01";"1";"33";"0";"2";"1";"1";"1";""
"201900045574";"138 220 408";"A01";"2";"7";"0";"2";"3";"9";"1";""
"201900045575";"138 220 406";"A01";"2";"7";"0";"1";"2";"1";"0";""
"201900045576";"138 220 404";"B01";"1";"2";"0";"2";"7";"17";"1";""
"201900045576";"138 220 405";"A01";"1";"7";"0";"2";"3";"15";"1";""
"201900045577";"138 220 399";"A01";"2";"33";"0";"0";"0";"1";"1";""
"201900045578";"138 220 395";"B01";"3";"99";"0";"2";"3";"1";"0";""
"201900045578";"138 220 396";"A01";"3";"10";"0";"2";"2";"14";"1";""
"201900045579";"138 220 393";"A01";"0";"7";"0";"2";"3";"26";"0";""
"201900045579";"138 220 394";"B01";"2";"33";"0";"2";"1";"17";"0";""
"201900045580";"138 220 391";"E01";"2";"30";"0";"2";"8";"1";"1";""
"201900045580";"138 220 392";"B01";"2";"7";"0";"2";"2";"14";"0";""
"201900045581";"138 220 389";"B01";"1";"34";"1";"0";"9";"17";"1";""
"201900045581";"138 220 390";"A01";"1";"7";"0";"6";"8";"23";"1";""
"201900045582";"138 220 388";"A01";"2";"32";"0";"1";"1";"17";"1";""
"201900045583";"138 220 386";"A01";"2";"33";"0";"0";"1";"1";"0";""
"201900045583";"138 220 387";"B01";"3";"7";"0";"0";"3";"2";"1";""
"201900045584";"138 220 385";"A01";"1";"7";"0";"1";"2";"15";"1";""
"201900045585";"138 220 383";"B01";"1";"7";"0";"2";"3";"15";"1";""
"201900045585";"138 220 384";"A01";"1";"31";"0";"2";"1";"1";"1";""
"201900045586";"138 220 382";"Z01";"2";"30";"0";"1";"1";"18";"1";""
"201900045587";"138 220 378";"D01";"1";"7";"0";"2";"7";"1";"1";""
"201900045587";"138 220 379";"C01";"1";"7";"0";"2";"4";"1";"2";""
"201900045587";"138 220 380";"B01";"1";"10";"0";"2";"4";"1";"1";""
"201900045587";"138 220 381";"A01";"1";"15";"0";"2";"1";"2";"1";""
"201900045588";"138 220 376";"B01";"2";"33";"0";"2";"1";"1";"1";""
"201900045588";"138 220 377";"A01";"1";"7";"0";"2";"2";"15";"1";""
"201900045589";"138 220 375";"A01";"1";"17";"0";"1";"3";"19";"1";""
"201900045590";"138 220 373";"A01";"2";"7";"0";"2";"1";"1";"1";""
"201900045590";"138 220 374";"B01";"1";"7";"0";"2";"8";"1";"2";""
"201900045591";"138 220 371";"A01";"3";"7";"0";"2";"2";"21";"1";""
"201900045591";"138 220 372";"B01";"3";"32";"0";"2";"2";"16";"1";""
"201900045592";"138 220 369";"B01";"2";"7";"0";"2";"5";"16";"1";""
"201900045592";"138 220 370";"A01";"2";"34";"0";"2";"2";"7";"1";""
"201900045593";"138 220 367";"A01";"3";"7";"0";"2";"2";"15";"0";""
"201900045593";"138 220 368";"B01";"3";"7";"0";"2";"6";"1";"0";""
"201900045594";"138 220 363";"A01";"3";"7";"0";"2";"4";"18";"1";""
"201900045594";"138 220 364";"B01";"3";"7";"0";"2";"1";"2";"1";""
"201900045594";"138 220 365";"C01";"3";"7";"0";"2";"1";"2";"1";""
"201900045594";"138 220 366";"D01";"3";"7";"0";"2";"1";"2";"1";""
"201900045595";"138 220 361";"B01";"1";"7";"0";"2";"2";"16";"1";""
"201900045595";"138 220 362";"A01";"1";"2";"0";"2";"3";"18";"1";""
"201900045596";"138 220 358";"B01";"2";"34";"0";"2";"1";"2";"1";""
"201900045596";"138 220 359";"A01";"1";"7";"0";"2";"2";"19";"1";""
"201900045597";"138 220 357";"A01";"2";"7";"0";"1";"1";"2";"1";""
"201900045598";"138 220 355";"B01";"1";"43";"0";"2";"2";"17";"1";""
"201900045598";"138 220 356";"A01";"1";"7";"0";"2";"3";"2";"1";""
"201900045599";"138 220 353";"A01";"3";"7";"0";"2";"4";"1";"1";""
"201900045599";"138 220 354";"B01";"3";"1";"0";"2";"1";"2";"5";""
"201900045600";"138 220 351";"A01";"2";"7";"0";"2";"5";"15";"1";""
"201900045600";"138 220 352";"B01";"1";"32";"0";"2";"1";"1";"1";""
"201900045601";"138 220 349";"B01";"2";"34";"0";"2";"1";"1";"1";""
"201900045601";"138 220 350";"A01";"1";"7";"0";"2";"3";"15";"1";""
"201900045602";"138 220 347";"A01";"3";"7";"1";"1";"5";"23";"1";""
"201900045602";"138 220 348";"B01";"3";"7";"0";"2";"3";"23";"1";""
"201900045603";"138 220 345";"A01";"2";"10";"1";"1";"4";"23";"1";""
"201900045603";"138 220 346";"B01";"2";"37";"1";"1";"1";"24";"1";"1"
"201900045604";"138 220 343";"A01";"3";"7";"0";"2";"1";"1";"1";""
"201900045604";"138 220 344";"B01";"3";"7";"0";"2";"1";"15";"1";""
"201900045605";"138 220 342";"A01";"3";"7";"0";"1";"1";"15";"1";""
"201900045606";"138 220 341";"A01";"1";"33";"0";"1";"1";"17";"1";""
"201900045607";"138 220 339";"B01";"0";"7";"0";"2";"3";"15";"1";""
"201900045607";"138 220 340";"A01";"0";"32";"0";"2";"1";"1";"1";""
"201900045608";"138 220 337";"B01";"3";"7";"0";"2";"2";"16";"1";""
"201900045608";"138 220 338";"A01";"3";"30";"0";"2";"1";"1";"1";""
"201900045609";"138 220 335";"A01";"3";"7";"0";"2";"4";"1";"1";""
"201900045609";"138 220 336";"B01";"3";"2";"0";"2";"1";"1";"1";""
"201900045610";"138 220 333";"A01";"1";"7";"0";"2";"2";"1";"1";""
"201900045610";"138 220 334";"B01";"1";"7";"0";"2";"3";"1";"0";""
"201900045611";"138 220 331";"A01";"3";"7";"0";"2";"3";"18";"1";""
"201900045611";"138 220 332";"B01";"3";"7";"0";"2";"2";"16";"1";""
"201900045612";"138 220 329";"A01";"3";"33";"0";"2";"3";"1";"1";""
"201900045612";"138 220 330";"B01";"3";"7";"0";"2";"2";"11";"1";""
"201900045613";"138 220 327";"B01";"1";"1";"0";"2";"3";"1";"5";""
"201900045613";"138 220 328";"A01";"1";"7";"0";"2";"7";"16";"1";""
"201900045614";"138 220 326";"A01";"2";"7";"0";"1";"1";"5";"0";""