"Num_Acc";"id_vehicule";"num_veh";"senc";"catv";"obs";"obsm";"choc";"manv";"motor";"occutc"
"201900046035";"138 219 497";"A01";"2";"7";"0";"2";"7";"12";"1";""
"201900046035";"138 219 498";"B01";"2";"33";"0";"2";"8";"3";"1";""
"201900046035";"138 219 499";"C01";"2";"7";"0";"2";"4";"1";"1";""
"201900046036";"138 219 495";"A01";"1";"10";"0";"2";"8";"10";"1";""
"201900046036";"138 219 496";"B01";"1";"33";"0";"2";"1";"1";"1";""
"201900046037";"138 219 494";"A01";"2";"10";"0";"1";"2";"15";"1";""
"201900046038";"138 219 493";"A01";"2";"40";"0";"1";"2";"1";"3";""
"201900046039";"138 219 491";"B01";"2";"32";"0";"2";"7";"9";"1";""
"201900046039";"138 219 492";"A01";"1";"7";"1";"2";"7";"5";"1";""
"201900046040";"138 219 489";"A01";"1";"7";"0";"2";"5";"1";"1";""
"201900046040";"138 219 490";"Z01";"1";"7";"1";"2";"5";"1";"0";""
"201900046041";"138 219 487";"A01";"1";"10";"0";"2";"3";"15";"1";""
"201900046041";"138 219 488";"B01";"1";"30";"0";"2";"1";"1";"1";""
"201900046042";"138 219 483";"D01";"2";"10";"0";"2";"4";"23";"1";""
"201900046042";"138 219 484";"C01";"2";"7";"0";"2";"4";"23";"1";""
"201900046042";"138 219 485";"B01";"2";"7";"0";"2";"4";"23";"1";""
"201900046042";"138 219 486";"A01";"2";"7";"0";"2";"1";"2";"1";""
"201900046043";"138 219 481";"A01";"2";"33";"0";"2";"1";"2";"1";""
"201900046043";"138 219 482";"B01";"2";"10";"0";"2";"4";"2";"1";""
"201900046044";"138 219 480";"A01";"1";"10";"0";"1";"3";"16";"1";""
"201900046045";"138 219 478";"A01";"1";"7";"0";"2";"3";"2";"1";""
"201900046045";"138 219 479";"B01";"1";"33";"0";"2";"7";"23";"1";""
"201900046046";"138 219 476";"A01";"1";"7";"0";"2";"2";"16";"1";""
"201900046046";"138 219 477";"B01";"1";"50";"0";"2";"7";"1";"3";""
"201900046047";"138 219 475";"A01";"1";"10";"0";"1";"1";"15";"1";""
"201900046048";"138 219 473";"A01";"1";"7";"0";"2";"8";"11";"1";""
"201900046048";"138 219 474";"B01";"1";"30";"0";"2";"8";"1";"1";""
"201900046049";"138 219 471";"A01";"1";"7";"0";"2";"1";"1";"6";""
"201900046049";"138 219 472";"B01";"1";"15";"0";"2";"4";"1";"6";""
"201900046050";"138 219 469";"Y01";"2";"1";"0";"2";"4";"11";"0";""
"201900046050";"138 219 470";"A01";"2";"10";"0";"2";"1";"1";"6";""
"201900046051";"138 219 468";"A01";"1";"7";"0";"1";"2";"1";"0";""
"201900046052";"138 219 466";"A01";"2";"10";"0";"2";"4";"23";"1";""
"201900046052";"138 219 467";"B01";"2";"7";"0";"2";"4";"23";"1";""
"201900046053";"138 219 463";"C01";"2";"7";"0";"2";"4";"0";"1";""
"201900046053";"138 219 464";"B01";"2";"7";"0";"2";"4";"0";"0";""
"201900046053";"138 219 465";"A01";"2";"10";"0";"2";"1";"0";"1";""
"201900046054";"138 219 461";"A01";"1";"15";"0";"6";"6";"16";"1";""
"201900046054";"138 219 462";"B01";"1";"1";"0";"6";"1";"15";"0";""
"201900046055";"138 219 459";"B01";"1";"50";"0";"2";"1";"19";"3";""
"201900046055";"138 219 460";"A01";"2";"14";"0";"2";"7";"16";"1";""
"201900046056";"138 219 458";"A01";"3";"37";"8";"0";"2";"1";"0";"1"
"201900046057";"138 219 457";"A01";"3";"37";"0";"1";"3";"26";"0";"1"
"201900046058";"138 219 454";"A01";"3";"34";"0";"2";"1";"3";"1";""
"201900046058";"138 219 455";"B01";"3";"7";"0";"2";"3";"5";"1";""
"201900046058";"138 219 456";"C01";"3";"7";"0";"2";"3";"2";"1";""
"201900046059";"138 219 452";"B01";"1";"99";"0";"2";"4";"23";"1";""
"201900046059";"138 219 453";"A01";"1";"33";"0";"2";"1";"26";"1";""
"201900046060";"138 219 450";"B01";"0";"7";"8";"2";"6";"1";"1";""
"201900046060";"138 219 451";"A01";"1";"7";"8";"2";"1";"15";"4";""
"201900046061";"138 219 449";"B01";"3";"7";"0";"1";"2";"26";"6";""
"201900046062";"138 219 447";"B01";"3";"1";"0";"2";"1";"21";"5";""
"201900046062";"138 219 448";"A01";"3";"7";"0";"9";"1";"1";"1";""
"201900046063";"138 219 446";"A01";"3";"7";"0";"1";"0";"15";"0";""
"201900046064";"138 219 444";"A01";"2";"30";"15";"2";"3";"9";"1";""
"201900046064";"138 219 445";"B01";"2";"30";"0";"2";"7";"0";"1";""
"201900046065";"138 219 442";"B01";"1";"33";"0";"2";"8";"19";"1";""
"201900046065";"138 219 443";"A01";"2";"7";"0";"2";"1";"1";"1";""
"201900046066";"138 219 440";"A01";"1";"7";"0";"1";"3";"26";"1";""
"201900046067";"138 219 439";"A01";"3";"7";"1";"0";"2";"14";"1";""
"201900046068";"138 219 437";"B01";"3";"37";"0";"2";"8";"1";"0";"2"
"201900046068";"138 219 438";"A01";"3";"7";"0";"2";"1";"17";"0";""
"201900046069";"138 219 436";"Z01";"1";"7";"0";"1";"0";"0";"0";""
"201900046070";"138 219 435";"A01";"0";"7";"0";"1";"4";"4";"0";""
"201900046071";"138 219 431";"D01";"2";"7";"0";"2";"1";"1";"1";""
"201900046071";"138 219 432";"C01";"2";"7";"0";"2";"1";"1";"1";""
"201900046071";"138 219 433";"B01";"2";"7";"0";"2";"1";"1";"1";""
"201900046071";"138 219 434";"A01";"1";"7";"0";"2";"1";"13";"1";""
"201900046072";"138 219 430";"A01";"1";"7";"6";"0";"3";"1";"1";""
"201900046073";"138 219 428";"B01";"2";"7";"0";"2";"1";"1";"0";""
"201900046073";"138 219 429";"A01";"2";"10";"0";"0";"4";"1";"0";""
"201900046074";"138 219 424";"D01";"1";"7";"0";"2";"1";"2";"0";""
"201900046074";"138 219 425";"C01";"1";"7";"0";"2";"4";"1";"0";""
"201900046074";"138 219 426";"B01";"1";"7";"0";"2";"4";"1";"0";""
"201900046074";"138 219 427";"A01";"0";"7";"0";"2";"4";"2";"0";""
"201900046075";"138 219 422";"B01";"3";"7";"0";"2";"3";"15";"1";""
"201900046075";"138 219 423";"A01";"3";"2";"0";"2";"8";"1";"1";""
"201900046076";"138 219 421";"A01";"2";"7";"0";"1";"2";"2";"1";""
"201900046077";"138 219 420";"A01";"1";"7";"3";"0";"3";"1";"1";""
"201900046078";"138 219 418";"B01";"2";"15";"0";"2";"1";"1";"1";""
"201900046078";"138 219 419";"A01";"2";"7";"0";"2";"1";"1";"1";""
"201900046079";"138 219 415";"C01";"1";"10";"0";"0";"0";"17";"1";""
"201900046079";"138 219 416";"B01";"1";"7";"0";"2";"1";"1";"1";""
"201900046079";"138 219 417";"A01";"2";"7";"0";"2";"1";"21";"1";""
"201900046080";"138 219 413";"B01";"1";"33";"0";"0";"5";"1";"1";""
"201900046080";"138 219 414";"A01";"2";"3";"0";"2";"2";"15";"1";""
"201900046081";"138 219 412";"A01";"1";"7";"0";"0";"9";"1";"0";""
"201900046082";"138 219 410";"A01";"1";"10";"0";"2";"3";"26";"1";""
"201900046082";"138 219 411";"B01";"2";"7";"0";"2";"3";"26";"1";""
"201900046083";"138 219 408";"B01";"0";"7";"0";"0";"3";"15";"1";""
"201900046083";"138 219 409";"A01";"0";"7";"0";"2";"3";"13";"1";""
"201900046084";"138 219 407";"A01";"1";"7";"13";"0";"9";"1";"1";""
"201900046085";"138 219 406";"A01";"2";"33";"0";"0";"8";"1";"1";""
"201900046086";"138 219 405";"A01";"1";"7";"8";"0";"2";"1";"0";""
"201900046087";"138 219 403";"A01";"3";"99";"0";"2";"2";"19";"1";""
"201900046087";"138 219 404";"B01";"3";"7";"0";"2";"1";"1";"1";""
"201900046088";"138 219 400";"A01";"0";"7";"0";"2";"5";"24";"1";""
"201900046088";"138 219 401";"B01";"1";"7";"1";"2";"3";"17";"1";""
"201900046088";"138 219 402";"C01";"1";"13";"0";"2";"2";"17";"1";""
"201900046089";"138 219 399";"A01";"1";"7";"13";"0";"3";"1";"1";""
"201900046090";"138 219 398";"A01";"2";"7";"2";"0";"2";"1";"1";""
"201900046091";"138 219 395";"A01";"2";"7";"0";"2";"2";"13";"0";""
"201900046091";"138 219 396";"B01";"1";"7";"0";"2";"2";"0";"0";""
"201900046091";"138 219 397";"C01";"1";"7";"0";"2";"1";"2";"0";""
"201900046092";"138 219 394";"A01";"2";"7";"0";"1";"1";"1";"1";""
"201900046093";"138 219 393";"A01";"1";"7";"2";"0";"1";"15";"2";""
"201900046094";"138 219 391";"A01";"2";"7";"0";"9";"1";"26";"1";""
"201900046094";"138 219 392";"B01";"2";"1";"0";"0";"4";"1";"5";""
"201900046095";"138 219 389";"A01";"0";"33";"0";"2";"1";"1";"1";""
"201900046095";"138 219 390";"B01";"0";"10";"0";"2";"1";"0";"1";""
"201900046096";"138 219 387";"A01";"2";"7";"0";"2";"3";"13";"0";""
"201900046096";"138 219 388";"B01";"1";"7";"0";"2";"3";"1";"0";""
"201900046097";"138 219 385";"A01";"1";"7";"0";"2";"2";"1";"1";""
"201900046097";"138 219 386";"B01";"1";"2";"0";"0";"4";"1";"1";""
"201900046098";"138 219 384";"A01";"1";"7";"2";"0";"1";"19";"1";""
"201900046099";"138 219 382";"B01";"0";"33";"0";"0";"4";"15";"1";""
"201900046099";"138 219 383";"A01";"0";"10";"0";"2";"3";"17";"1";""
"201900046100";"138 219 379";"C01";"1";"7";"0";"2";"1";"1";"1";""
"201900046100";"138 219 380";"B01";"2";"7";"0";"0";"4";"15";"1";""
"201900046100";"138 219 381";"A01";"2";"10";"0";"2";"1";"1";"1";""
"201900046101";"138 219 377";"A01";"1";"15";"0";"2";"3";"2";"1";""
"201900046101";"138 219 378";"B01";"1";"2";"0";"0";"8";"15";"1";""
"201900046102";"138 219 376";"A01";"1";"7";"3";"0";"0";"1";"1";""
"201900046103";"138 219 375";"A01";"1";"7";"0";"1";"2";"14";"1";""
"201900046104";"138 219 373";"A01";"1";"30";"0";"2";"1";"13";"1";""
"201900046104";"138 219 374";"B01";"2";"14";"0";"2";"3";"1";"0";""
"201900046105";"138 219 372";"A01";"2";"7";"4";"0";"1";"1";"1";""
"201900046106";"138 219 370";"B01";"2";"7";"0";"2";"1";"2";"1";""
"201900046106";"138 219 371";"A01";"2";"10";"0";"0";"4";"1";"1";""
"201900046107";"138 219 369";"A01";"3";"2";"13";"0";"0";"1";"1";""
"201900046108";"138 219 368";"A01";"0";"7";"13";"0";"1";"13";"1";""
"201900046109";"138 219 367";"A01";"1";"7";"16";"0";"1";"14";"1";""
"201900046110";"138 219 366";"A01";"1";"7";"13";"0";"1";"14";"1";""
"201900046111";"138 219 361";"E01";"2";"38";"0";"2";"6";"1";"1";"1"
"201900046111";"138 219 362";"D01";"1";"7";"0";"2";"1";"1";"0";""
"201900046111";"138 219 363";"C01";"1";"7";"0";"2";"1";"1";"0";""
"201900046111";"138 219 364";"B01";"1";"7";"0";"2";"1";"1";"0";""
"201900046111";"138 219 365";"A01";"2";"7";"0";"2";"1";"17";"0";""
"201900046112";"138 219 359";"A01";"2";"7";"0";"2";"2";"1";"1";""
"201900046112";"138 219 360";"B01";"2";"7";"0";"2";"3";"15";"1";""
"201900046113";"138 219 358";"A01";"1";"1";"10";"0";"0";"5";"5";""
"201900046114";"138 219 356";"B01";"3";"7";"0";"2";"3";"15";"1";""
"201900046114";"138 219 357";"A01";"3";"32";"0";"2";"3";"1";"1";""
"201900046115";"138 219 355";"A01";"2";"1";"0";"0";"7";"1";"5";""
"201900046116";"138 219 353";"A01";"2";"7";"0";"2";"3";"1";"1";""
"201900046116";"138 219 354";"B01";"3";"2";"0";"2";"8";"15";"1";""
"201900046117";"138 219 352";"A01";"1";"99";"2";"0";"8";"1";"1";""
"201900046118";"138 219 350";"B01";"2";"7";"0";"2";"7";"23";"0";""
"201900046118";"138 219 351";"A01";"2";"7";"0";"1";"3";"0";"0";""
"201900046119";"138 219 348";"B01";"1";"50";"0";"2";"1";"19";"3";""
"201900046119";"138 219 349";"A01";"1";"7";"0";"9";"8";"16";"1";""
"201900046120";"138 219 347";"A01";"3";"30";"2";"0";"1";"1";"1";""
"201900046121";"138 219 345";"B01";"2";"7";"0";"0";"6";"23";"1";""
"201900046121";"138 219 346";"A01";"2";"34";"0";"2";"1";"2";"1";""
"201900046122";"138 219 343";"B01";"2";"7";"0";"2";"8";"9";"0";""
"201900046122";"138 219 344";"A01";"1";"7";"0";"2";"1";"1";"0";""
"201900046123";"138 219 341";"A01";"0";"2";"0";"2";"1";"5";"1";""
"201900046123";"138 219 342";"B01";"0";"7";"0";"2";"2";"0";"1";""
"201900046124";"138 219 339";"A01";"2";"15";"0";"2";"3";"1";"0";""
"201900046124";"138 219 340";"B01";"1";"7";"0";"2";"1";"15";"1";""
"201900046125";"138 219 338";"A01";"1";"7";"0";"1";"3";"0";"1";""
"201900046126";"138 219 335";"B01";"2";"7";"0";"2";"1";"2";"1";""
"201900046126";"138 219 336";"A01";"2";"7";"0";"2";"4";"1";"1";""
"201900046127";"138 219 332";"C01";"2";"7";"0";"2";"1";"2";"1";""
"201900046127";"138 219 333";"B01";"2";"7";"0";"2";"4";"2";"1";""
"201900046127";"138 219 334";"A01";"2";"7";"0";"2";"4";"1";"1";""
"201900046128";"138 219 329";"A01";"2";"14";"0";"2";"4";"13";"1";""
"201900046128";"138 219 330";"B01";"2";"10";"0";"2";"1";"1";"1";""
"201900046128";"138 219 331";"C01";"2";"15";"0";"2";"3";"1";"1";""
"201900046129";"138 219 328";"A01";"2";"7";"0";"0";"2";"16";"1";""
"201900046130";"138 219 326";"B01";"2";"7";"0";"2";"1";"2";"1";""
"201900046130";"138 219 327";"A01";"2";"7";"0";"2";"4";"26";"1";""
"201900046131";"138 219 325";"A01";"2";"7";"4";"0";"1";"0";"1";""
"201900046132";"138 219 322";"C01";"2";"7";"0";"2";"4";"2";"1";""
"201900046132";"138 219 323";"B01";"2";"10";"0";"2";"4";"2";"1";""
"201900046132";"138 219 324";"A01";"2";"7";"0";"2";"1";"1";"1";""
"201900046133";"138 219 320";"B01";"1";"31";"0";"2";"8";"0";"1";""
"201900046133";"138 219 321";"A01";"2";"7";"0";"2";"2";"12";"1";""
"201900046134";"138 219 308";"A01";"1";"20";"0";"2";"9";"1";"1";""
"201900046134";"138 219 309";"B01";"1";"7";"0";"2";"9";"1";"2";""
"201900046134";"138 219 310";"C01";"1";"7";"0";"2";"9";"1";"1";""
"201900046134";"138 219 311";"D01";"1";"7";"0";"2";"9";"1";"1";""
"201900046134";"138 219 312";"E01";"1";"7";"0";"2";"9";"1";"1";""
"201900046134";"138 219 313";"F01";"1";"7";"0";"2";"9";"1";"1";""
"201900046134";"138 219 314";"G01";"1";"7";"0";"2";"9";"1";"1";""
"201900046134";"138 219 315";"H01";"1";"10";"0";"2";"9";"1";"1";""
"201900046134";"138 219 316";"I01";"1";"7";"0";"2";"9";"1";"1";""
"201900046134";"138 219 317";"J01";"1";"7";"0";"2";"4";"1";"1";""
"201900046134";"138 219 318";"K01";"1";"7";"1";"2";"4";"1";"1";""
"201900046134";"138 219 319";"L01";"1";"7";"0";"2";"4";"1";"1";""
"201900046135";"138 219 306";"Z01";"1";"7";"4";"2";"3";"26";"1";""
"201900046135";"138 219 307";"B01";"1";"7";"0";"2";"8";"2";"1";""
"201900046136";"138 219 305";"A01";"2";"7";"4";"0";"1";"1";"1";""
"201900046137";"138 219 303";"B01";"2";"33";"0";"2";"2";"3";"1";""
"201900046137";"138 219 304";"A01";"2";"7";"0";"2";"3";"11";"1";""
"201900046138";"138 219 300";"A01";"1";"7";"3";"2";"1";"23";"1";""
"201900046138";"138 219 301";"B01";"1";"10";"1";"0";"1";"1";"1";""
"201900046138";"138 219 302";"C01";"1";"7";"1";"0";"4";"23";"1";""
"201900046139";"138 219 298";"B01";"2";"7";"0";"2";"4";"2";"1";""
"201900046139";"138 219 299";"A01";"2";"7";"0";"2";"1";"1";"1";""
"201900046140";"138 219 296";"A01";"1";"7";"0";"2";"2";"14";"1";""
"201900046140";"138 219 297";"B01";"1";"7";"0";"2";"6";"1";"1";""
"201900046141";"138 219 295";"A01";"1";"7";"4";"0";"3";"11";"1";""
"201900046142";"138 219 293";"Z01";"1";"7";"0";"2";"0";"0";"0";""
"201900046142";"138 219 294";"B01";"1";"7";"4";"2";"6";"1";"1";""
"201900046143";"138 219 291";"A01";"1";"7";"0";"2";"2";"26";"1";""
"201900046143";"138 219 292";"B01";"1";"7";"0";"2";"8";"1";"1";""
"201900046144";"138 219 287";"D01";"2";"7";"0";"2";"1";"1";"1";""
"201900046144";"138 219 288";"C01";"2";"7";"0";"2";"4";"2";"1";""
"201900046144";"138 219 289";"B01";"2";"7";"0";"2";"4";"2";"1";""
"201900046144";"138 219 290";"A01";"2";"7";"0";"2";"4";"2";"1";""
"201900046145";"138 219 285";"B01";"1";"7";"0";"2";"4";"1";"1";""
"201900046145";"138 219 286";"A01";"1";"7";"0";"2";"1";"1";"1";""
"201900046146";"138 219 283";"A01";"2";"7";"0";"2";"5";"12";"1";""
"201900046146";"138 219 284";"B01";"2";"32";"0";"2";"8";"3";"1";""
"201900046147";"138 219 281";"A01";"1";"33";"0";"2";"1";"3";"1";""
"201900046147";"138 219 282";"B01";"1";"7";"0";"2";"8";"11";"1";""
"201900046148";"138 219 279";"B01";"2";"33";"0";"2";"2";"3";"1";""
"201900046148";"138 219 280";"A01";"2";"10";"0";"2";"3";"11";"1";""
"201900046149";"138 219 275";"A01";"1";"10";"0";"2";"4";"1";"1";""
"201900046149";"138 219 276";"D01";"1";"7";"0";"2";"1";"1";"1";""
"201900046149";"138 219 277";"C01";"1";"7";"0";"2";"1";"1";"1";""
"201900046149";"138 219 278";"B01";"1";"7";"0";"2";"4";"1";"1";""
"201900046150";"138 219 273";"A01";"2";"33";"0";"1";"1";"3";"1";""
"201900046150";"138 219 274";"B01";"2";"10";"0";"2";"4";"1";"1";""
"201900046151";"138 219 271";"B01";"1";"33";"0";"2";"1";"12";"1";""
"201900046151";"138 219 272";"A01";"1";"10";"0";"2";"2";"1";"1";""
"201900046152";"138 219 264";"A01";"2";"30";"0";"2";"1";"1";"1";""
"201900046152";"138 219 265";"B01";"1";"7";"0";"2";"7";"1";"1";""
"201900046153";"138 219 263";"A01";"2";"2";"0";"1";"0";"14";"1";""
"201900046154";"138 219 260";"C01";"2";"7";"0";"2";"4";"2";"1";""
"201900046154";"138 219 261";"B01";"2";"7";"0";"2";"4";"2";"1";""
"201900046154";"138 219 262";"A01";"2";"7";"0";"2";"1";"2";"1";""
"201900046155";"138 219 257";"A01";"1";"7";"0";"2";"1";"1";"1";""
"201900046155";"138 219 258";"B01";"1";"7";"0";"2";"4";"2";"1";""
"201900046155";"138 219 259";"C01";"1";"7";"0";"2";"4";"2";"1";""
"201900046156";"138 219 256";"A01";"2";"7";"4";"0";"1";"1";"1";""
"201900046157";"138 219 255";"A01";"1";"7";"3";"0";"1";"1";"1";""
"201900046158";"138 219 253";"A01";"1";"7";"0";"2";"1";"2";"2";""
"201900046158";"138 219 254";"B01";"1";"7";"0";"2";"4";"2";"2";""
"201900046159";"138 219 251";"A01";"2";"7";"0";"2";"8";"11";"1";""
"201900046159";"138 219 252";"B01";"2";"33";"0";"2";"1";"3";"1";""
"201900046160";"138 219 249";"B01";"1";"7";"0";"2";"1";"1";"1";""
"201900046160";"138 219 250";"A01";"1";"31";"0";"2";"5";"16";"1";""
"201900046161";"138 219 247";"A01";"2";"43";"0";"2";"8";"3";"1";""
"201900046161";"138 219 248";"B01";"2";"7";"0";"2";"7";"1";"1";""
"201900046162";"138 219 245";"A01";"1";"10";"0";"2";"5";"1";"1";""
"201900046162";"138 219 246";"B01";"1";"7";"0";"2";"3";"1";"1";""
"201900046163";"138 219 242";"A01";"1";"7";"0";"2";"3";"1";"2";""
"201900046163";"138 219 243";"B01";"1";"7";"0";"2";"5";"1";"1";""
"201900046163";"138 219 244";"Z01";"1";"10";"0";"2";"1";"14";"1";""
"201900046164";"138 219 241";"A01";"2";"32";"0";"1";"3";"1";"1";""
"201900046165";"138 219 240";"A01";"2";"10";"0";"1";"3";"1";"1";""
"201900046166";"138 219 238";"A01";"2";"7";"0";"2";"3";"10";"1";""
"201900046166";"138 219 239";"B01";"2";"32";"0";"2";"2";"17";"1";""
"201900046167";"138 219 237";"A01";"1";"7";"0";"1";"4";"4";"1";""
"201900046168";"138 219 236";"A01";"1";"1";"0";"0";"7";"21";"5";""
"201900046169";"138 219 234";"Z01";"1";"7";"0";"2";"3";"2";"1";""
"201900046169";"138 219 235";"A01";"1";"33";"0";"2";"4";"2";"1";""
"201900046170";"138 219 233";"A01";"1";"37";"0";"0";"0";"21";"1";"5"
"201900046171";"138 219 232";"A01";"2";"32";"0";"1";"1";"1";"1";""
"201900046172";"138 219 230";"A01";"1";"7";"0";"2";"5";"15";"1";""
"201900046172";"138 219 231";"B01";"1";"33";"0";"2";"3";"1";"1";""
"201900046173";"138 219 228";"B01";"1";"7";"0";"2";"7";"15";"2";""
"201900046173";"138 219 229";"A01";"1";"31";"0";"2";"1";"1";"1";""
"201900046174";"138 219 226";"A01";"1";"34";"0";"2";"1";"17";"1";""
"201900046174";"138 219 227";"B01";"1";"7";"0";"2";"3";"15";"1";""
"201900046175";"138 219 224";"A01";"1";"10";"0";"2";"2";"16";"1";""
"201900046175";"138 219 225";"B01";"1";"1";"0";"2";"8";"1";"5";""
"201900046176";"138 219 222";"A01";"1";"1";"0";"2";"1";"15";"5";""
"201900046176";"138 219 223";"B01";"2";"7";"0";"2";"1";"1";"1";""
"201900046177";"138 219 221";"A01";"2";"32";"0";"1";"8";"1";"1";""
"201900046178";"138 219 220";"A01";"1";"7";"0";"1";"2";"15";"1";""
"201900046179";"138 219 219";"A01";"1";"32";"0";"1";"1";"3";"1";""
"201900046180";"138 219 217";"B01";"1";"7";"0";"2";"2";"1";"5";""
"201900046180";"138 219 218";"A01";"2";"30";"0";"2";"5";"1";"1";""
"201900046181";"138 219 215";"Z01";"1";"7";"0";"2";"5";"15";"0";""
"201900046181";"138 219 216";"A01";"2";"30";"0";"2";"1";"1";"1";""
"201900046182";"138 219 214";"A01";"2";"7";"0";"1";"2";"1";"1";""
"201900046183";"138 219 212";"A01";"1";"7";"0";"2";"1";"15";"1";""
"201900046183";"138 219 213";"B01";"2";"30";"0";"2";"8";"1";"3";""
"201900046184";"138 219 210";"A01";"1";"7";"0";"2";"3";"1";"2";""
"201900046184";"138 219 211";"B01";"2";"30";"0";"2";"3";"15";"1";""
"201900046185";"138 219 209";"A01";"1";"7";"3";"0";"3";"13";"1";""
"201900046186";"138 219 208";"A01";"1";"33";"14";"0";"3";"16";"1";""
"201900046187";"138 219 206";"A01";"2";"10";"0";"1";"6";"4";"1";""
"201900046188";"138 219 204";"A01";"3";"10";"0";"2";"2";"1";"1";""
"201900046188";"138 219 205";"B01";"1";"7";"0";"2";"1";"1";"1";""
"201900046189";"138 219 202";"A01";"3";"10";"0";"2";"1";"1";"0";""
"201900046189";"138 219 203";"B01";"0";"3";"0";"2";"4";"2";"1";""
"201900046190";"138 219 201";"A01";"2";"7";"0";"1";"1";"1";"1";""
"201900046191";"138 219 200";"A01";"2";"7";"0";"1";"2";"9";"1";""
"201900046192";"138 219 199";"A01";"2";"99";"1";"0";"3";"9";"1";""
"201900046193";"138 219 198";"A01";"1";"30";"0";"1";"1";"1";"1";""
"201900046194";"138 219 196";"A01";"1";"7";"0";"2";"7";"20";"1";""
"201900046194";"138 219 197";"B01";"1";"43";"0";"2";"1";"2";"1";""
"201900046195";"138 219 195";"A01";"1";"7";"0";"1";"6";"15";"1";""
"201900046196";"138 219 193";"A01";"1";"7";"0";"2";"8";"19";"1";""
"201900046196";"138 219 194";"B01";"2";"7";"0";"2";"1";"1";"1";""
"201900046197";"138 219 191";"A01";"3";"7";"15";"0";"1";"1";"1";""
"201900046198";"138 219 190";"A01";"3";"10";"0";"1";"4";"26";"1";""
"201900046199";"138 219 187";"A01";"3";"10";"1";"2";"5";"1";"1";""
"201900046199";"138 219 188";"C01";"3";"10";"0";"2";"3";"26";"1";""
"201900046199";"138 219 189";"B01";"3";"7";"0";"2";"1";"1";"1";""
"201900046200";"138 219 186";"A01";"1";"7";"8";"0";"1";"1";"1";""
"201900046201";"138 219 184";"A01";"3";"7";"8";"2";"8";"1";"1";""
"201900046201";"138 219 185";"B01";"3";"7";"0";"2";"2";"1";"1";""
"201900046202";"138 219 182";"B01";"2";"7";"0";"6";"2";"1";"1";""
"201900046202";"138 219 183";"A01";"2";"1";"0";"2";"2";"11";"5";""
"201900046203";"138 219 180";"B01";"1";"33";"0";"2";"1";"1";"1";""
"201900046203";"138 219 181";"A01";"2";"7";"0";"2";"8";"10";"1";""
"201900046204";"138 219 179";"A01";"2";"7";"1";"0";"3";"0";"1";""
"201900046205";"138 219 178";"A01";"0";"7";"2";"0";"3";"14";"6";""
"201900046206";"138 219 176";"A01";"3";"30";"0";"2";"1";"1";"1";""
"201900046206";"138 219 177";"B01";"3";"10";"0";"2";"1";"5";"1";""
"201900046207";"138 219 175";"A01";"1";"7";"9";"0";"2";"1";"1";""
"201900046208";"138 219 173";"A01";"3";"7";"0";"2";"2";"9";"0";""
"201900046208";"138 219 174";"B01";"0";"7";"0";"2";"0";"0";"0";""
"201900046209";"138 219 171";"B01";"3";"1";"0";"0";"1";"19";"5";""
"201900046209";"138 219 172";"A01";"1";"7";"0";"6";"6";"1";"1";""
"201900046210";"138 219 169";"B01";"2";"7";"0";"2";"7";"0";"0";""
"201900046210";"138 219 170";"A01";"2";"33";"0";"2";"1";"1";"1";""
"201900046211";"138 219 167";"A01";"3";"7";"0";"1";"4";"20";"1";""
"201900046212";"138 219 165";"A01";"1";"7";"0";"2";"2";"15";"1";""
"201900046212";"138 219 166";"B01";"1";"7";"0";"2";"5";"1";"1";""
"201900046213";"138 219 163";"A01";"1";"7";"0";"2";"1";"2";"0";""
"201900046213";"138 219 164";"B01";"1";"10";"0";"2";"4";"21";"0";""
"201900046214";"138 219 161";"A01";"3";"7";"0";"2";"2";"19";"0";""
"201900046214";"138 219 162";"B01";"0";"32";"0";"2";"1";"0";"0";""
"201900046215";"138 219 160";"A01";"0";"1";"0";"0";"0";"26";"0";""
"201900046216";"138 219 155";"A01";"0";"33";"14";"0";"0";"0";" -1";""
"201900046217";"138 219 153";"A01";"2";"80";"0";"2";"7";"1";"3";""
"201900046217";"138 219 154";"B01";"1";"7";"0";"2";"1";"1";"1";""
"201900046218";"138 219 151";"A01";"1";"30";"0";"2";"1";"17";"1";""
"201900046218";"138 219 152";"B01";"1";"7";"0";"2";"8";"15";"1";""
"201900046219";"138 219 149";"A01";"2";"10";"0";"2";"2";"17";"1";""
"201900046219";"138 219 150";"B01";"2";"10";"1";"0";"6";"20";"1";""
"201900046220";"138 219 148";"A01";"1";"7";"0";"1";"2";"1";"3";""
"201900046221";"138 219 142";"B01";"1";"7";"0";"2";"7";"1";"1";""
"201900046221";"138 219 143";"A01";"2";"7";"2";"2";"3";"17";"1";""
"201900046222";"138 219 140";"A01";"0";"7";"0";"1";"1";"1";"1";""
"201900046223";"138 219 139";"A01";"0";"7";"0";"1";"1";"1";"1";""
"201900046224";"138 219 138";"A01";"0";"7";"1";"0";"8";"1";"1";""
"201900046225";"138 219 136";"A01";"0";"1";"0";"2";"1";"1";"5";""
"201900046225";"138 219 137";"B01";"0";"7";"0";"2";"0";"1";"1";""
"201900046226";"138 219 133";"C01";"0";"7";"0";"2";"1";"1";"1";""
"201900046226";"138 219 134";"B01";"0";"7";"0";"2";"6";"1";"1";""