"Num_Acc";"id_vehicule";"num_veh";"senc";"catv";"obs";"obsm";"choc";"manv";"motor";"occutc"
"201900046626";"138 218 327";"A01";"0";"7";"0";"2";"1";"2";"1";""
"201900046626";"138 218 328";"B01";"0";"7";"0";"2";"4";"1";"1";""
"201900046627";"138 218 325";"A01";"1";"7";"0";"2";"3";"1";"1";""
"201900046627";"138 218 326";"B01";"3";"7";"1";"0";"3";"5";"1";""
"201900046628";"138 218 324";"A01";"1";"33";"0";"1";"1";"0";"1";""
"201900046629";"138 218 322";"B01";"1";"7";"0";"2";"8";"15";"1";""
"201900046629";"138 218 323";"A01";"1";"7";"0";"2";"2";"17";"1";""
"201900046630";"138 218 321";"A01";"1";"30";"0";"0";"7";"1";"1";""
"201900046631";"138 218 320";"A01";"2";"7";"0";"2";"2";"21";"1";""
"201900046632";"138 218 316";"B01";"1";"32";"0";"2";"1";"1";"1";""
"201900046632";"138 218 317";"A01";"2";"7";"0";"2";"7";"15";"1";""
"201900046633";"138 218 313";"A01";"0";"32";"0";"0";"7";"1";"1";""
"201900046634";"138 218 312";"A01";"2";"7";"0";"1";"2";"1";"1";""
"201900046635";"138 218 311";"A01";"2";"7";"0";"1";"2";"16";"1";""
"201900046636";"138 218 309";"B01";"2";"7";"0";"2";"1";"1";"2";""
"201900046636";"138 218 310";"A01";"2";"1";"0";"2";"1";"1";"5";""
"201900046637";"138 218 307";"B01";"2";"10";"0";"2";"3";"15";"3";""
"201900046637";"138 218 308";"A01";"2";"30";"0";"2";"1";"5";"1";""
"201900046638";"138 218 305";"B01";"1";"7";"0";"2";"5";"1";"1";""
"201900046638";"138 218 306";"A01";"1";"1";"0";"2";"0";"1";"5";""
"201900046639";"138 218 303";"B01";"3";"7";"0";"2";"1";"1";"1";""
"201900046639";"138 218 304";"A01";"3";"7";"0";"2";"7";"15";"1";""
"201900046640";"138 218 301";"B01";"2";"1";"0";"2";"1";"5";"5";""
"201900046640";"138 218 302";"A01";"1";"7";"0";"2";"1";"1";"2";""
"201900046641";"138 218 299";"B01";"1";"30";"0";"2";"1";"0";"0";""
"201900046641";"138 218 300";"A01";"1";"20";"0";"2";"2";"9";"0";""
"201900046642";"138 218 297";"A01";"0";"7";"9";"2";"3";"9";"1";""
"201900046642";"138 218 298";"B01";"0";"7";"0";"2";"1";"1";"1";""
"201900046643";"138 218 296";"A01";"3";"10";"16";"0";"1";"9";"1";""
"201900046644";"138 218 294";"A01";"1";"7";"0";"2";"3";"10";"0";""
"201900046644";"138 218 295";"B01";"1";"33";"0";"2";"1";"17";"1";""
"201900046645";"138 218 293";"A01";"3";"7";"6";"0";"1";"1";"1";""
"201900046646";"138 218 291";"A01";"2";"17";"0";"2";"8";"1";"1";""
"201900046646";"138 218 292";"B01";"1";"7";"0";"9";"9";"1";"1";""
"201900046647";"138 218 287";"D01";"2";"7";"0";"2";"1";"2";"6";""
"201900046647";"138 218 288";"C01";"2";"7";"0";"2";"1";"2";"6";""
"201900046647";"138 218 289";"B01";"2";"7";"0";"2";"1";"2";"6";""
"201900046647";"138 218 290";"A01";"2";"7";"0";"0";"4";"1";"6";""
"201900046648";"138 218 285";"B01";"1";"33";"0";"0";"0";"2";"1";""
"201900046648";"138 218 286";"A01";"1";"7";"0";"0";"0";"2";"1";""
"201900046649";"138 218 283";"B01";"3";"7";"0";"2";"6";"12";"1";""
"201900046649";"138 218 284";"A01";"3";"31";"0";"2";"2";"17";"1";""
"201900046650";"138 218 281";"B01";"2";"33";"0";"2";"1";"2";"1";""
"201900046650";"138 218 282";"A01";"1";"7";"0";"2";"3";"10";"1";""
"201900046651";"138 218 279";"A01";"2";"33";"0";"0";"4";"23";"1";""
"201900046651";"138 218 280";"B01";"2";"7";"0";"2";"1";"2";"1";""
"201900046652";"138 218 277";"B01";"1";"33";"0";"2";"1";"1";"1";""
"201900046652";"138 218 278";"A01";"2";"7";"0";"2";"5";"15";"1";""
"201900046653";"138 218 276";"A01";"2";"33";"0";"0";"0";"1";"1";""
"201900046654";"138 218 274";"B01";"1";"15";"0";"2";"2";"17";"1";""
"201900046654";"138 218 275";"A01";"1";"30";"0";"2";"8";"15";"1";""
"201900046655";"138 218 273";"A01";"0";"7";"2";"0";"3";"0";"1";""
"201900046656";"138 218 267";"B01";"1";"1";"0";"2";"1";"1";"5";""
"201900046656";"138 218 268";"A01";"1";"7";"0";"2";"3";"1";"1";""
"201900046657";"138 218 265";"A01";"1";"10";"0";"2";"1";"1";"1";""
"201900046657";"138 218 266";"B01";"1";"17";"0";"0";"4";"1";"1";""
"201900046658";"138 218 264";"A01";"1";"7";"13";"0";"1";"1";"1";""
"201900046659";"138 218 262";"B01";"2";"7";"0";"2";"7";"2";"0";""
"201900046659";"138 218 263";"A01";"2";"1";"12";"2";"8";"2";"5";""
"201900046660";"138 218 259";"C01";"1";"17";"0";"2";"3";"1";"1";""
"201900046660";"138 218 260";"B01";"2";"33";"0";"2";"4";"11";"1";""
"201900046660";"138 218 261";"A01";"2";"33";"0";"2";"1";"2";"1";""
"201900046661";"138 218 258";"A01";"1";"7";"6";"0";"2";"14";"1";""
"201900046662";"138 218 256";"B01";"2";"1";"0";"2";"1";"19";"5";""
"201900046662";"138 218 257";"A01";"1";"7";"0";"2";"2";"1";"1";""
"201900046663";"138 218 255";"A01";"0";"7";"8";"0";"1";"1";"1";""
"201900046664";"138 218 254";"A01";"2";"32";"0";"6";"1";"1";"1";""
"201900046665";"138 218 253";"A01";"2";"7";"0";"0";"0";"1";"1";""
"201900046666";"138 218 251";"B01";"1";"33";"0";"2";"3";"1";"0";""
"201900046666";"138 218 252";"A01";"1";"2";"0";"2";"2";"1";"0";""
"201900046667";"138 218 249";"A01";"0";"7";"0";"2";"2";"1";"1";""
"201900046667";"138 218 250";"B01";"3";"33";"0";"2";"1";"1";"1";""
"201900046668";"138 218 248";"A01";"2";"32";"0";"6";"0";"19";"1";""
"201900046669";"138 218 247";"A01";"3";"21";"0";"1";"6";"1";"1";""
"201900046670";"138 218 244";"C01";"1";"7";"0";"9";"3";"1";"1";""
"201900046670";"138 218 245";"B01";"1";"33";"0";"2";"1";"1";"1";""
"201900046670";"138 218 246";"A01";"2";"7";"0";"2";"7";"15";"1";""
"201900046671";"138 218 243";"A01";"1";"10";"3";"0";"1";"2";"1";""
"201900046672";"138 218 242";"A01";"2";"33";"0";"0";"0";"15";"1";""
"201900046673";"138 218 240";"B01";"1";"7";"0";"2";"1";"1";"1";""
"201900046673";"138 218 241";"A01";"2";"7";"0";"2";"1";"1";"1";""
"201900046674";"138 218 239";"A01";"2";"7";"0";"0";"2";"1";"1";""
"201900046675";"138 218 238";"A01";"1";"7";"2";"1";"2";"1";"1";""
"201900046676";"138 218 237";"A01";"1";"33";"16";"0";"1";"1";"1";""
"201900046677";"138 218 236";"A01";"1";"7";"0";"6";"2";"1";"1";""
"201900046678";"138 218 235";"A01";"1";"33";"0";"0";"0";"1";"1";""
"201900046679";"138 218 234";"A01";"1";"3";"7";"0";"1";"0";"0";""
"201900046680";"138 218 233";"A01";"1";"33";"0";"0";"1";"1";"1";""
"201900046681";"138 218 231";"A01";"3";"2";"0";"2";"1";"16";"1";""
"201900046681";"138 218 232";"B01";"2";"7";"0";"2";"3";"1";"1";""
"201900046682";"138 218 229";"A01";"1";"34";"8";"0";"0";"1";"1";""
"201900046683";"138 218 228";"A01";"3";"7";"13";"0";"2";"0";"1";""
"201900046684";"138 218 227";"A01";"2";"7";"0";"1";"1";"1";"1";""
"201900046685";"138 218 226";"A01";"1";"7";"6";"0";"3";"1";"1";""
"201900046686";"138 218 224";"B01";"1";"7";"0";"2";"2";"21";"1";""
"201900046686";"138 218 225";"A01";"2";"10";"0";"2";"3";"19";"1";""
"201900046687";"138 218 222";"A01";"2";"34";"0";"2";"1";"1";"1";""
"201900046687";"138 218 223";"B01";"2";"7";"0";"0";"4";"11";"1";""
"201900046688";"138 218 221";"A01";"1";"7";"10";"0";"2";"1";"1";""
"201900046689";"138 218 219";"B01";"3";"34";"0";"2";"2";"2";"1";""
"201900046689";"138 218 220";"A01";"0";"7";"0";"2";"3";"9";"1";""
"201900046690";"138 218 218";"A01";"2";"33";"13";"0";"1";"21";"1";""
"201900046691";"138 218 216";"A01";"3";"10";"0";"2";"6";"19";"1";""
"201900046691";"138 218 217";"B01";"1";"33";"0";"2";"1";"1";"1";""
"201900046692";"138 218 215";"A01";"1";"30";"12";"0";"0";"0";"1";""
"201900046693";"138 218 214";"A01";"2";"7";"2";"0";"1";"1";"1";""
"201900046694";"138 218 213";"A01";"1";"7";"0";"0";"0";"1";"1";""
"201900046695";"138 218 212";"A01";"2";"33";"0";"0";"2";"1";"1";""
"201900046696";"138 218 208";"D01";"2";"7";"0";"2";"4";"23";"1";""
"201900046696";"138 218 209";"C01";"2";"7";"0";"2";"4";"23";"1";""
"201900046696";"138 218 210";"B01";"2";"7";"0";"2";"4";"23";"1";""
"201900046696";"138 218 211";"A01";"2";"7";"0";"2";"1";"1";"1";""
"201900046697";"138 218 206";"B01";"1";"7";"0";"0";"4";"1";"1";""
"201900046697";"138 218 207";"A01";"1";"7";"0";"2";"1";"1";"1";""
"201900046698";"138 218 203";"A01";"2";"7";"0";"0";"0";"0";"1";""
"201900046699";"138 218 202";"A01";"1";"7";"0";"6";"2";"0";"1";""
"201900046700";"138 218 200";"B01";"2";"7";"0";"0";"0";"23";"1";""
"201900046700";"138 218 201";"A01";"2";"7";"0";"1";"3";"11";"1";""
"201900046701";"138 218 198";"B01";"3";"7";"0";"2";"2";"15";"3";""
"201900046701";"138 218 199";"A01";"3";"33";"0";"2";"1";"1";"1";""
"201900046702";"138 218 197";"A01";"1";"15";"13";"0";"3";"1";"1";""
"201900046703";"138 218 195";"A01";"1";"7";"1";"0";"7";"1";"1";""
"201900046703";"138 218 196";"B01";"1";"7";"0";"2";"6";"24";"1";""
"201900046704";"138 218 194";"A01";"2";"7";"0";"0";"9";"2";"1";""
"201900046705";"138 218 193";"A01";"0";"33";"0";"0";"7";"1";"1";""
"201900046706";"138 218 191";"B01";"1";"2";"0";"2";"0";"1";"1";""
"201900046706";"138 218 192";"A01";"2";"7";"0";"2";"0";"21";"1";""
"201900046707";"138 218 190";"A01";"2";"33";"5";"0";"2";"15";"1";""
"201900046708";"138 218 188";"A01";"2";"7";"0";"2";"5";"15";"1";""
"201900046708";"138 218 189";"B01";"1";"33";"0";"2";"1";"1";"1";""
"201900046709";"138 218 187";"A01";"2";"1";"0";"0";"0";"0";"5";""
"201900046710";"138 218 185";"B01";"1";"33";"0";"2";"3";"1";"1";""
"201900046710";"138 218 186";"A01";"2";"7";"0";"2";"3";"15";"1";""
"201900046711";"138 218 183";"B01";"2";"7";"0";"0";"4";"15";"1";""
"201900046711";"138 218 184";"A01";"2";"33";"0";"2";"1";"2";"1";""
"201900046712";"138 218 182";"A01";"2";"7";"2";"0";"1";"0";"1";""
"201900046713";"138 218 180";"A01";"2";"7";"0";"9";"5";"17";"1";""
"201900046713";"138 218 181";"B01";"2";"1";"0";"2";"8";"1";"5";""
"201900046714";"138 218 179";"A01";"2";"7";"2";"0";"9";"13";"1";""
"201900046715";"138 218 177";"A01";"2";"7";"0";"2";"2";"13";"1";""
"201900046715";"138 218 178";"B01";"1";"7";"0";"2";"1";"2";"1";""
"201900046716";"138 218 176";"A01";"1";"36";"2";"0";"1";"1";"1";""
"201900046717";"138 218 174";"A01";"1";"33";"0";"2";"8";"13";"1";""
"201900046717";"138 218 175";"B01";"2";"7";"0";"2";"8";"1";"1";""
"201900046718";"138 218 172";"A01";"3";"7";"0";"2";"7";"1";"1";""
"201900046718";"138 218 173";"B01";"3";"7";"0";"2";"1";"1";"1";""
"201900046719";"138 218 170";"A01";"2";"3";"0";"2";"8";"13";"1";""
"201900046719";"138 218 171";"B01";"1";"7";"0";"2";"8";"21";"1";""
"201900046720";"138 218 169";"A01";"1";"31";"0";"5";"1";"1";"1";""
"201900046721";"138 218 168";"A01";"1";"7";"13";"0";"1";"14";"1";""
"201900046722";"138 218 166";"B01";"2";"7";"0";"2";"4";"1";"1";""
"201900046722";"138 218 167";"A01";"2";"7";"0";"2";"1";"1";"1";""
"201900046723";"138 218 163";"A01";"2";"10";"0";"2";"1";"1";"1";""
"201900046723";"138 218 164";"B01";"2";"7";"0";"2";"4";"1";"1";""
"201900046723";"138 218 165";"C01";"2";"7";"0";"2";"4";"1";"1";""
"201900046724";"138 218 159";"A01";"2";"7";"0";"2";"1";"2";"1";""
"201900046724";"138 218 160";"B01";"2";"7";"0";"2";"1";"2";"1";""
"201900046724";"138 218 161";"C01";"2";"7";"0";"2";"1";"2";"1";""
"201900046724";"138 218 162";"D01";"2";"7";"0";"6";"4";"21";"1";""
"201900046725";"138 218 158";"A01";"2";"10";"4";"0";"3";"21";"1";""
"201900046726";"138 218 157";"A01";"1";"33";"0";"0";"9";"0";"1";""
"201900046727";"138 218 156";"A01";"1";"7";"4";"0";"1";"0";"1";""
"201900046728";"138 218 155";"A01";"1";"7";"3";"0";"1";"14";"1";""
"201900046729";"138 218 153";"A01";"1";"7";"1";"0";"1";"1";"1";""
"201900046729";"138 218 154";"B01";"1";"7";"0";"2";"4";"26";"1";""
"201900046730";"138 218 151";"B01";"2";"7";"0";"2";"6";"9";"1";""
"201900046730";"138 218 152";"A01";"2";"7";"0";"2";"2";"2";"1";""
"201900046731";"138 218 149";"B01";"3";"1";"0";"2";"0";"25";"5";""
"201900046731";"138 218 150";"A01";"3";"7";"0";"0";"0";"17";"1";""
"201900046732";"138 218 148";"A01";"2";"7";"0";"1";"3";"1";"1";""
"201900046733";"138 218 146";"A01";"3";"7";"0";"2";"1";"1";"1";""
"201900046733";"138 218 147";"B01";"3";"7";"0";"2";"3";"1";"1";""
"201900046734";"138 218 143";"A01";"2";"33";"0";"2";"1";"1";"1";""
"201900046734";"138 218 144";"B01";"3";"1";"0";"2";"8";"19";"5";""
"201900046735";"138 218 142";"A01";"2";"7";"1";"0";"1";"1";"1";""
"201900046736";"138 218 140";"B01";"1";"30";"0";"2";"2";"17";"1";""
"201900046736";"138 218 141";"Z01";"1";"7";"0";"2";"8";"15";"1";""
"201900046737";"138 218 137";"A01";"1";"7";"0";"2";"1";"1";"1";""
"201900046737";"138 218 138";"B01";"1";"10";"0";"2";"9";"23";"1";""
"201900046737";"138 218 139";"C01";"1";"7";"0";"2";"4";"23";"1";""
"201900046738";"138 218 135";"A01";"3";"7";"0";"2";"1";"15";"1";""
"201900046738";"138 218 136";"B01";"3";"34";"0";"2";"1";"19";"1";""
"201900046739";"138 218 133";"B01";"1";"33";"0";"2";"2";"3";"3";""
"201900046739";"138 218 134";"A01";"2";"7";"0";"2";"3";"13";"1";""
"201900046740";"138 218 132";"A01";"1";"7";"0";"1";"1";"16";"1";""
"201900046741";"138 218 131";"A01";"1";"0";"0";"1";"0";"0";"1";""
"201900046742";"138 218 129";"B01";"2";"7";"0";"2";"1";"0";"1";""
"201900046742";"138 218 130";"A01";"1";"10";"0";"2";"4";"26";"1";""
"201900046743";"138 218 127";"A01";"2";"7";"0";"2";"3";"15";"1";""
"201900046743";"138 218 128";"B01";"1";"0";"0";"2";"1";"26";"1";""
"201900046744";"138 218 125";"B01";"2";"2";"0";"2";"0";"1";"1";""
"201900046744";"138 218 126";"A01";"1";"7";"0";"2";"3";"0";"1";""
"201900046745";"138 218 123";"A01";"2";"32";"0";"2";"1";"1";"1";""
"201900046745";"138 218 124";"B01";"2";"7";"0";"2";"2";"1";"1";""
"201900046746";"138 218 121";"A01";"2";"7";"0";"2";"3";"2";"1";""
"201900046746";"138 218 122";"B01";"2";"7";"0";"2";"5";"23";"1";""
"201900046747";"138 218 119";"B01";"2";"7";"0";"2";"7";"7";"2";""
"201900046747";"138 218 120";"A01";"2";"30";"0";"2";"7";"18";"1";""
"201900046748";"138 218 117";"B01";"1";"32";"0";"2";"8";"1";"1";""
"201900046748";"138 218 118";"A01";"1";"7";"0";"2";"2";"15";"1";""
"201900046749";"138 218 115";"B01";"3";"7";"0";"2";"1";"23";"1";""
"201900046749";"138 218 116";"A01";"3";"31";"0";"2";"8";"1";"1";""
"201900046750";"138 218 114";"A01";"2";"31";"0";"1";"2";"1";"1";""
"201900046751";"138 218 113";"A01";"2";"7";"0";"1";"2";"1";"1";""
"201900046752";"138 218 111";"A01";"2";"10";"0";"1";"2";"1";"1";""
"201900046752";"138 218 112";"Y01";"1";"1";"0";"2";"1";"1";"5";""
"201900046753";"138 218 109";"B01";"1";"10";"0";"2";"3";"1";"1";""
"201900046753";"138 218 110";"A01";"2";"10";"0";"2";"3";"13";"1";""
"201900046754";"138 218 107";"B01";"0";"7";"0";"0";"0";"0";"0";""
"201900046754";"138 218 108";"A01";"0";"0";"0";"2";"0";"21";"0";""
"201900046755";"138 218 104";"A01";"2";"7";"1";"0";"1";"26";"1";""
"201900046755";"138 218 105";"C01";"2";"7";"0";"2";"4";"24";"1";""
"201900046755";"138 218 106";"B01";"2";"7";"1";"2";"9";"2";"1";""
"201900046756";"138 218 103";"B01";"2";"7";"12";"0";"2";"0";"2";""
"201900046757";"138 218 101";"ZZ01";"1";"7";"0";"0";"0";"0";"0";""
"201900046757";"138 218 102";"Z01";"0";"99";"0";"0";"0";"0";"0";""
"201900046758";"138 218 099";"A01";"3";"7";"0";"2";"2";"2";"1";""
"201900046758";"138 218 100";"B01";"3";"1";"0";"2";"3";"2";"5";""
"201900046759";"138 218 098";"A01";"1";"7";"0";"1";"2";"1";"0";""
"201900046760";"138 218 096";"B01";"1";"2";"0";"2";"0";"0";"1";""
"201900046760";"138 218 097";"A01";"2";"7";"0";"2";"0";"0";"2";""
"201900046761";"138 218 095";"A01";"3";"7";"0";"0";"0";"26";"1";""
"201900046762";"138 218 093";"B01";"3";"7";"0";"2";"7";"1";"1";""
"201900046762";"138 218 094";"A01";"3";"7";"0";"2";"1";"1";"1";""
"201900046763";"138 218 091";"A01";"3";"10";"0";"2";"1";"1";"1";""
"201900046763";"138 218 092";"B01";"3";"10";"0";"2";"2";"1";"1";""
"201900046764";"138 218 089";"A01";"1";"7";"0";"2";"1";"1";"1";""
"201900046764";"138 218 090";"B01";"1";"7";"0";"2";"5";"1";"1";""
"201900046765";"138 218 087";"B01";"3";"7";"0";"2";"4";"11";"1";""
"201900046765";"138 218 088";"A01";"3";"7";"0";"2";"3";"1";"1";""
"201900046766";"138 218 085";"A01";"1";"7";"0";"1";"3";"9";"1";""
"201900046766";"138 218 086";"B01";"3";"1";"0";"2";"0";"0";"5";""
"201900046767";"138 218 084";"A01";"0";"99";"0";"1";"3";"26";"0";""
"201900046768";"138 218 082";"B01";"1";"7";"0";"2";"1";"1";"1";""
"201900046768";"138 218 083";"A01";"2";"7";"0";"2";"1";"13";"1";""
"201900046769";"138 218 081";"A01";"1";"7";"0";"1";"8";"9";"1";""
"201900046770";"138 218 079";"B01";"3";"32";"0";"2";"7";"1";"1";""
"201900046770";"138 218 080";"A01";"2";"3";"0";"2";"3";"9";"1";""
"201900046771";"138 218 076";"A01";"2";"7";"0";"2";"8";"13";"0";""
"201900046771";"138 218 077";"B01";"2";"32";"0";"2";"2";"1";"0";""
"201900046771";"138 218 078";"C01";"1";"7";"0";"2";"1";"1";"0";""
"201900046772";"138 218 075";"A01";"1";"7";"0";"1";"2";"1";"1";""
"201900046773";"138 218 074";"A01";"2";"34";"0";"1";"1";"1";"1";""
"201900046774";"138 218 073";"A01";"1";"7";"0";"1";"4";"26";"1";""
"201900046775";"138 218 071";"A01";"2";"34";"1";"0";"1";"17";"1";""
"201900046775";"138 218 072";"B01";"2";"37";"0";"2";"4";"24";"1";"1"
"201900046776";"138 218 069";"B01";"0";"10";"6";"0";"4";"1";"1";""
"201900046776";"138 218 070";"A01";"1";"7";"0";"2";"1";"2";"1";""
"201900046777";"138 218 068";"Z01";"2";"7";"0";"1";"0";"0";"0";""
"201900046778";"138 218 066";"B01";"3";"1";"0";"2";"1";"1";"5";""
"201900046778";"138 218 067";"A01";"3";"7";"0";"2";"2";"16";"1";""
"201900046779";"138 218 064";"A01";"1";"3";"1";"0";"2";"17";"0";""
"201900046779";"138 218 065";"B01";"1";"1";"1";"2";"4";"2";"5";""
"201900046780";"138 218 062";"B01";"2";"7";"0";"2";"4";"15";"1";""
"201900046780";"138 218 063";"A01";"2";"7";"0";"2";"1";"15";"1";""
"201900046781";"138 218 059";"A01";"1";"10";"0";"2";"1";"1";"1";""
"201900046781";"138 218 060";"B01";"1";"7";"0";"2";"4";"1";"1";""
"201900046781";"138 218 061";"C01";"1";"10";"0";"2";"0";"1";"0";""
"201900046782";"138 218 058";"A01";"1";"30";"1";"1";"0";"21";"1";""
"201900046783";"138 218 056";"A01";"3";"7";"0";"2";"1";"15";"1";""
"201900046783";"138 218 057";"B01";"3";"34";"0";"2";"1";"1";"1";""
"201900046784";"138 218 054";"B01";"1";"7";"0";"2";"1";"1";"1";""
"201900046784";"138 218 055";"A01";"2";"7";"0";"2";"1";"13";"1";""
"201900046785";"138 218 053";"A01";"1";"7";"13";"0";"2";"1";"1";""
"201900046786";"138 218 052";"A01";"2";"2";"0";"0";"0";"15";"1";""
"201900046787";"138 218 050";"B01";"1";"7";"0";"2";"1";"1";"1";""
"201900046787";"138 218 051";"A01";"2";"7";"0";"2";"1";"17";"1";""
"201900046788";"138 218 049";"A01";"1";"10";"0";"0";"8";"1";"0";""
"201900046789";"138 218 048";"A01";"1";"7";"13";"0";"1";"1";"1";""
"201900046790";"138 218 047";"A01";"1";"7";"2";"0";"1";"13";"1";""
"201900046791";"138 218 046";"A01";"2";"7";"2";"0";"1";"0";"1";""
"201900046792";"138 218 045";"A01";"2";"33";"13";"0";"1";"13";"1";""
"201900046793";"138 218 044";"A01";"2";"1";"0";"0";"8";"15";"5";""
"201900046794";"138 218 042";"A01";"2";"7";"0";"2";"2";"13";"1";""
"201900046794";"138 218 043";"B01";"1";"7";"0";"2";"1";"1";"1";""
"201900046795";"138 218 040";"B01";"1";"1";"0";"2";"1";"1";"5";""
"201900046795";"138 218 041";"A01";"1";"7";"0";"2";"0";"1";"1";""
"201900046796";"138 218 038";"B01";"1";"7";"0";"2";"3";"0";"2";""
"201900046796";"138 218 039";"A01";"2";"7";"0";"2";"3";"0";"1";""
"201900046797";"138 218 036";"A01";"3";"30";"0";"2";"6";"19";"1";""
"201900046797";"138 218 037";"B01";"3";"21";"0";"2";"1";"1";"1";""
"201900046798";"138 218 034";"B01";"2";"1";"0";"0";"1";"1";"5";""
"201900046798";"138 218 035";"A01";"2";"7";"0";"0";"2";"15";"1";""
"201900046799";"138 218 030";"A01";"0";"2";"0";"1";"1";"1";"1";""
"201900046800";"138 218 028";"A01";"3";"7";"0";"2";"8";"19";"1";""
"201900046800";"138 218 029";"B01";"3";"7";"0";"2";"2";"1";"1";""
"201900046801";"138 218 026";"A01";"2";"7";"0";"2";"3";"19";"1";""
"201900046801";"138 218 027";"B01";"2";"15";"0";"2";"1";"1";"1";""
"201900046802";"138 218 025";"A01";"1";"7";"2";"0";"8";"13";"0";""
"201900046803";"138 218 024";"A01";"1";"33";"6";"0";"8";"15";"1";""
"201900046804";"138 218 022";"B01";"1";"21";"0";"2";"1";"19";"0";""
"201900046804";"138 218 023";"A01";"1";"7";"0";"2";"2";"2";"1";""
"201900046805";"138 218 020";"B01";"2";"33";"0";"0";"0";"21";"1";""
"201900046805";"138 218 021";"A01";"1";"7";"13";"0";"3";"13";"1";""
"201900046806";"138 218 018";"B01";"1";"1";"0";"2";"8";"11";"5";""
"201900046806";"138 218 019";"A01";"2";"7";"0";"2";"2";"1";"1";""
"201900046807";"138 218 016";"A01";"0";"7";"0";"2";"1";"1";"1";""
"201900046807";"138 218 017";"B01";"2";"7";"0";"2";"2";"1";"0";""
"201900046808";"138 218 013";"A01";"0";"7";"0";"2";"1";"13";"0";""
"201900046808";"138 218 014";"B01";"0";"7";"0";"2";"1";"1";"0";""
"201900046808";"138 218 015";"C01";"0";"7";"0";"2";"2";"2";"0";""
"201900046809";"138 218 012";"A01";"1";"33";"0";"0";"0";"1";"1";""
"201900046810";"138 218 011";"A01";"3";"7";"0";"1";"1";"1";"1";""
"201900046811";"138 218 009";"B01";"2";"7";"0";"2";"1";"2";"1";""
"201900046811";"138 218 010";"A01";"2";"7";"0";"0";"4";"17";"3";""
"201900046812";"138 218 007";"B01";"1";"33";"0";"0";"2";"1";"1";""
"201900046812";"138 218 008";"A01";"1";"7";"0";"2";"3";"13";"1";""
"201900046813";"138 218 006";"A01";"2";"7";"0";"0";"1";"1";"1";""
"201900046814";"138 218 004";"A01";"3";"7";"0";"2";"1";"1";"1";""
"201900046814";"138 218 005";"B01";"3";"1";"0";"2";"1";"1";"5";""
"201900046815";"138 218 002";"B01";"1";"31";"0";"2";"2";"17";"1";""
"201900046815";"138 218 003";"A01";"1";"7";"0";"2";"3";"15";"1";""
"201900046816";"138 218 000";"B01";"3";"7";"0";"2";"3";"1";"1";""
"201900046816";"138 218 001";"A01";"3";"7";"0";"2";"3";"1";"1";""
"201900046817";"138 217 998";"A01";"1";"7";"0";"0";"6";"1";"1";""
"201900046817";"138 217 999";"B01";"1";"33";"0";"0";"1";"1";"1";""
"201900046818";"138 217 997";"A01";"3";"7";"0";"1";"1";"1";"1";""
"201900046819";"138 217 992";"A01";"1";"7";"0";"2";"4";"2";"1";""
"201900046819";"138 217 993";"B01";"1";"7";"0";"2";"1";"2";"1";""
"201900046820";"138 217 989";"C01";"1";"7";"0";"2";"2";"0";"1";""
"201900046820";"138 217 990";"B01";"1";"7";"0";"2";"6";"0";"1";""
"201900046820";"138 217 991";"A01";"1";"7";"0";"2";"4";"26";"1";""
"201900046821";"138 217 987";"A01";"2";"7";"0";"2";"3";"26";"1";""
"201900046821";"138 217 988";"B01";"2";"10";"0";"2";"6";"12";"1";""
"201900046822";"138 217 984";"C01";"2";"33";"0";"2";"2";"1";"1";""
"201900046822";"138 217 985";"B01";"2";"7";"0";"2";"3";"1";"1";""
"201900046822";"138 217 986";"A01";"2";"13";"0";"2";"2";"12";"1";""
"201900046823";"138 217 982";"B01";"2";"7";"0";"0";"4";"2";"1";""
"201900046823";"138 217 983";"A01";"2";"7";"0";"2";"1";"2";"1";""
"201900046824";"138 217 979";"C01";"1";"7";"0";"2";"7";"1";"1";""
"201900046824";"138 217 980";"B01";"1";"17";"0";"2";"2";"0";"1";""
"201900046824";"138 217 981";"A01";"1";"7";"4";"2";"6";"0";"1";""
"201900046825";"138 217 977";"A01";"2";"7";"3";"2";"1";"2";"1";""
"201900046825";"138 217 978";"B01";"2";"7";"0";"2";"4";"1";"1";""
"201900046826";"138 217 976";"A01";"3";"32";"0";"0";"0";"1";"0";""
"201900046827";"138 217 975";"A01";"1";"7";"0";"2";"8";"17";"0";""
"201900046828";"138 217 974";"A01";"1";"7";"4";"0";"3";"21";"1";""
"201900046829";"138 217 972";"B01";"2";"7";"0";"2";"5";"14";"1";""
"201900046829";"138 217 973";"A01";"2";"43";"0";"2";"3";"3";"1";""
"201900046830";"138 217 970";"B01";"2";"7";"0";"2";"3";"11";"1";""
"201900046830";"138 217 971";"A01";"2";"33";"0";"2";"2";"3";"1";""
"201900046831";"138 217 968";"B01";"2";"7";"0";"2";"4";"1";"1";""
"201900046831";"138 217 969";"A01";"2";"33";"0";"2";"1";"1";"1";""
"201900046832";"138 217 964";"A01";"1";"7";"13";"0";"7";"14";"1";""
"201900046833";"138 217 960";"B01";"1";"7";"0";"2";"1";"17";"1";""
"201900046833";"138 217 961";"A01";"1";"1";"0";"2";"8";"13";"5";""
"201900046834";"138 217 957";"A01";"1";"7";"0";"2";"1";"26";"1";""
"201900046834";"138 217 958";"B01";"1";"7";"0";"2";"7";"15";"1";""