"Num_Acc";"id_vehicule";"num_veh";"senc";"catv";"obs";"obsm";"choc";"manv";"motor";"occutc"
"201900047038";"138 217 565";"A01";"2";"50";"0";"2";"2";"17";"3";""
"201900047038";"138 217 566";"B01";"2";"7";"0";"2";"3";"15";"0";""
"201900047039";"138 217 563";"A01";"2";"7";"0";"2";"2";"1";"2";""
"201900047039";"138 217 564";"Z01";"1";"7";"0";"2";"2";"1";"1";""
"201900047040";"138 217 561";"B01";"3";"7";"0";"2";"3";"9";"1";""
"201900047040";"138 217 562";"A01";"3";"43";"0";"2";"1";"1";"1";""
"201900047041";"138 217 560";"Z01";"1";"7";"1";"1";"3";"13";"1";""
"201900047042";"138 217 559";"A01";"2";"7";"12";"1";"1";"16";"1";""
"201900047043";"138 217 557";"B01";"1";"33";"0";"2";"8";"1";"0";""
"201900047043";"138 217 558";"A01";"1";"10";"0";"2";"8";"15";"0";""
"201900047044";"138 217 555";"B01";"2";"7";"0";"2";"2";"1";"1";""
"201900047044";"138 217 556";"A01";"1";"30";"0";"2";"7";"1";"1";""
"201900047045";"138 217 553";"B01";"1";"10";"0";"0";"0";"0";"1";""
"201900047045";"138 217 554";"A01";"2";"31";"0";"2";"1";"26";"1";""
"201900047046";"138 217 551";"A01";"1";"7";"0";"2";"1";"1";"1";""
"201900047046";"138 217 552";"B01";"2";"30";"0";"2";"1";"16";"1";""
"201900047047";"138 217 549";"A01";"1";"31";"0";"2";"1";"1";"1";""
"201900047047";"138 217 550";"B01";"1";"7";"0";"2";"4";"16";"1";""
"201900047048";"138 217 547";"B01";"2";"1";"0";"2";"1";"13";"5";""
"201900047048";"138 217 548";"A01";"1";"7";"0";"2";"3";"22";"1";""
"201900047049";"138 217 543";"B01";"2";"33";"0";"2";"1";"3";"1";""
"201900047049";"138 217 544";"A01";"2";"7";"0";"2";"8";"13";"1";""
"201900047050";"138 217 542";"A01";"0";"34";"0";"1";"1";"21";"6";""
"201900047051";"138 217 540";"B01";"2";"7";"0";"2";"4";"23";"1";""
"201900047051";"138 217 541";"A01";"2";"32";"0";"2";"1";"17";"1";""
"201900047052";"138 217 538";"B01";"1";"7";"0";"2";"1";"15";"1";""
"201900047052";"138 217 539";"A01";"2";"7";"0";"2";"1";"1";"1";""
"201900047053";"138 217 536";"A01";"2";"31";"1";"0";"1";"2";"0";""
"201900047053";"138 217 537";"B01";"2";"15";"0";"2";"6";"23";"0";""
"201900047054";"138 217 535";"A01";"1";"7";"0";"1";"2";"21";"1";""
"201900047055";"138 217 533";"B01";"1";"34";"0";"2";"2";"17";"1";""
"201900047055";"138 217 534";"A01";"1";"7";"0";"2";"6";"21";"1";""
"201900047056";"138 217 531";"B01";"3";"7";"0";"2";"0";"0";"1";""
"201900047056";"138 217 532";"A01";"3";"33";"0";"2";"1";"26";"0";""
"201900047057";"138 217 529";"B01";"3";"7";"0";"9";"1";"26";"6";""
"201900047057";"138 217 530";"A01";"3";"7";"0";"2";"1";"26";"0";""
"201900047058";"138 217 527";"B01";"3";"31";"0";"2";"0";"1";"0";""
"201900047058";"138 217 528";"A01";"3";"7";"0";"2";"1";"11";"6";""
"201900047059";"138 217 525";"A01";"1";"33";"0";"2";"1";"2";"1";""
"201900047059";"138 217 526";"B01";"1";"33";"0";"2";"0";"0";"1";""
"201900047060";"138 217 523";"A01";"2";"7";"1";"0";"2";"14";"1";""
"201900047060";"138 217 524";"B01";"3";"7";"1";"0";"0";"0";"1";""
"201900047061";"138 217 521";"B01";"2";"7";"0";"2";"5";"15";"0";""
"201900047061";"138 217 522";"A01";"1";"30";"0";"2";"1";"25";"0";""
"201900047062";"138 217 520";"A01";"1";"7";"0";"1";"1";"1";"0";""
"201900047063";"138 217 519";"A01";"2";"33";"0";"1";"1";"1";"1";""
"201900047064";"138 217 517";"B01";"2";"32";"0";"2";"1";"1";"1";""
"201900047064";"138 217 518";"A01";"3";"7";"0";"2";"3";"15";"1";""
"201900047065";"138 217 515";"A01";"3";"7";"0";"2";"2";"26";"0";""
"201900047065";"138 217 516";"B01";"3";"1";"0";"2";"4";"26";"0";""
"201900047066";"138 217 513";"B01";"3";"34";"0";"2";"9";"0";"0";""
"201900047066";"138 217 514";"A01";"3";"7";"0";"2";"7";"12";"0";""
"201900047067";"138 217 512";"A01";"1";"7";"0";"1";"1";"1";"2";""
"201900047068";"138 217 510";"A01";"2";"2";"0";"2";"1";"5";"1";""
"201900047068";"138 217 511";"B01";"1";"7";"0";"2";"3";"1";"1";""
"201900047069";"138 217 508";"A01";"1";"1";"0";"9";"1";"1";"6";""
"201900047069";"138 217 509";"B01";"2";"1";"0";"2";"1";"1";"0";""
"201900047070";"138 217 507";"A01";"3";"7";"0";"1";"1";"26";"1";""
"201900047071";"138 217 505";"B01";"2";"2";"0";"2";"3";"1";"1";""
"201900047071";"138 217 506";"A01";"1";"7";"0";"2";"1";"15";"1";""
"201900047072";"138 217 503";"B01";"3";"1";"0";"2";"1";"26";"6";""
"201900047072";"138 217 504";"A01";"3";"7";"0";"9";"8";"15";"1";""
"201900047073";"138 217 501";"B01";"2";"7";"0";"2";"3";"1";"0";""
"201900047073";"138 217 502";"A01";"1";"7";"0";"2";"3";"1";"0";""
"201900047074";"138 217 500";"A01";"2";"15";"0";"0";"8";"1";"1";""
"201900047075";"138 217 499";"A01";"1";"7";"0";"0";"1";"2";"1";""
"201900047076";"138 217 498";"A01";"2";"33";"13";"0";"1";"1";"1";""
"201900047077";"138 217 495";"A01";"2";"7";"0";"0";"1";"14";"0";""
"201900047078";"138 217 493";"A01";"3";"7";"0";"0";"1";"0";"0";""
"201900047078";"138 217 494";"A01";"3";"7";"0";"0";"8";"15";" -1";""
"201900047079";"138 217 491";"B01";"2";"7";"0";"2";"8";"1";"1";""
"201900047079";"138 217 492";"A01";"1";"33";"0";"2";"1";"13";"1";""
"201900047080";"138 217 490";"A01";"2";"33";"13";"0";"1";"14";"1";""
"201900047081";"138 217 488";"A01";"1";"21";"0";"2";"2";"19";"1";""
"201900047081";"138 217 489";"B01";"2";"7";"0";"2";"3";"1";"1";""
"201900047082";"138 217 486";"B01";"1";"10";"0";"2";"3";"1";"1";""
"201900047082";"138 217 487";"A01";"2";"7";"0";"2";"3";"15";"1";""
"201900047083";"138 217 484";"B01";"1";"10";"0";"2";"3";"1";"1";""
"201900047083";"138 217 485";"A01";"2";"10";"0";"2";"3";"13";"1";""
"201900047084";"138 217 482";"B01";"3";"1";"0";"2";"7";"1";"5";""
"201900047084";"138 217 483";"A01";"3";"7";"0";"2";"1";"19";"1";""
"201900047085";"138 217 481";"A01";"0";"7";"16";"0";"1";"1";"1";""
"201900047086";"138 217 480";"A01";"2";"7";"17";"0";"3";"1";"1";""
"201900047087";"138 217 479";"A01";"2";"7";"2";"0";"1";"13";"1";""
"201900047088";"138 217 478";"A01";"2";"7";"2";"0";"3";"0";"1";""
"201900047089";"138 217 476";"A01";"1";"33";"0";"0";"0";"1";"1";""
"201900047089";"138 217 477";"B01";"1";"7";"0";"0";"0";"15";"1";""
"201900047090";"138 217 474";"B01";"0";"32";"0";"2";"1";"1";"1";""
"201900047090";"138 217 475";"A01";"0";"7";"0";"2";"3";"9";"1";""
"201900047091";"138 217 473";"A01";"2";"7";"13";"0";"0";"1";"1";""
"201900047092";"138 217 471";"B01";"1";"7";"0";"2";"3";"1";"1";""
"201900047092";"138 217 472";"A01";"2";"7";"0";"2";"1";"13";"1";""
"201900047093";"138 217 469";"B01";"1";"7";"1";"0";"2";"13";"1";""
"201900047093";"138 217 470";"A01";"2";"7";"14";"0";"1";"1";"1";""
"201900047094";"138 217 467";"B01";"1";"1";"0";"0";"4";"1";"5";""
"201900047094";"138 217 468";"A01";"1";"14";"0";"9";"3";"1";"1";""
"201900047095";"138 217 464";"B01";"2";"7";"5";"0";"6";"1";"1";""
"201900047095";"138 217 465";"A01";"2";"7";"5";"2";"2";"2";"1";""
"201900047096";"138 217 463";"A01";"1";"7";"13";"0";"1";"1";"1";""
"201900047097";"138 217 461";"A01";"0";"7";"0";"2";"2";"15";"1";""
"201900047097";"138 217 462";"B01";"1";"31";"0";"2";"1";"1";"1";""
"201900047098";"138 217 459";"B01";"0";"7";"0";"2";"1";"1";"1";""
"201900047098";"138 217 460";"A01";"3";"7";"0";"2";"3";"15";"1";""
"201900047099";"138 217 458";"A01";"2";"7";"10";"0";"2";"21";"1";""
"201900047100";"138 217 457";"A01";"1";"33";"12";"1";"3";"19";"1";""
"201900047101";"138 217 455";"B01";"2";"17";"0";"0";"5";"2";"1";""
"201900047101";"138 217 456";"A01";"2";"7";"0";"2";"3";"2";"1";""
"201900047102";"138 217 452";"C01";"2";"7";"0";"2";"3";"1";"1";""
"201900047102";"138 217 453";"B01";"1";"7";"0";"2";"8";"13";"1";""
"201900047102";"138 217 454";"A01";"2";"14";"0";"2";"8";"1";"1";""
"201900047103";"138 217 451";"A01";"1";"7";"0";"1";"3";"1";"0";""
"201900047104";"138 217 449";"A01";"2";"7";"0";"2";"1";"2";"0";""
"201900047104";"138 217 450";"B01";"2";"7";"0";"0";"4";"2";"0";""
"201900047105";"138 217 447";"A01";"2";"7";"0";"9";"1";"0";"0";""
"201900047105";"138 217 448";"B01";"1";"1";"0";"2";"1";"0";"5";""
"201900047106";"138 217 445";"B01";"2";"2";"0";"2";"1";"11";"1";""
"201900047106";"138 217 446";"A01";"2";"7";"0";"2";"2";"1";"1";""
"201900047107";"138 217 443";"A01";"1";"38";"0";"2";"1";"17";"1";"1"
"201900047107";"138 217 444";"B01";"1";"7";"8";"2";"8";"15";"0";""
"201900047108";"138 217 441";"A01";"1";"7";"0";"2";"3";"13";"1";""
"201900047108";"138 217 442";"B01";"2";"21";"0";"2";"3";"1";"1";""
"201900047109";"138 217 440";"A01";"1";"7";"2";"0";"1";"1";"1";""
"201900047110";"138 217 439";"A01";"2";"33";"5";"0";"1";"0";"6";""
"201900047111";"138 217 437";"A01";"1";"7";"13";"0";"2";"0";"6";""
"201900047112";"138 217 434";"A01";"3";"7";"6";"0";"1";"0";"1";""
"201900047113";"138 217 433";"A01";"1";"7";"15";"0";"0";"1";"1";""
"201900047114";"138 217 431";"B01";"1";"34";"0";"2";"1";"17";"1";""
"201900047114";"138 217 432";"A01";"1";"7";"0";"0";"4";"15";"1";""
"201900047115";"138 217 429";"A01";"1";"7";"0";"1";"0";"1";"0";""
"201900047115";"138 217 430";"B01";"2";"7";"0";"1";"1";"1";"1";""
"201900047116";"138 217 427";"B01";"1";"7";"7";"0";"1";"1";"1";""
"201900047116";"138 217 428";"A01";"2";"7";"0";"2";"1";"15";"1";""
"201900047117";"138 217 425";"B01";"0";"7";"0";"2";"1";"5";"2";""
"201900047117";"138 217 426";"A01";"0";"14";"0";"2";"3";"1";"1";""
"201900047118";"138 217 424";"A01";"1";"7";"12";"0";"0";"15";"1";""
"201900047119";"138 217 422";"A01";"2";"7";"0";"2";"1";"1";"1";""
"201900047119";"138 217 423";"B01";"1";"3";"0";"2";"1";"19";"1";""
"201900047120";"138 217 421";"A01";"2";"15";"4";"0";"3";"13";"1";""
"201900047121";"138 217 419";"B01";"1";"2";"0";"2";"3";"19";"1";""
"201900047121";"138 217 420";"A01";"2";"7";"0";"2";"1";"1";"1";""
"201900047122";"138 217 418";"A01";"2";"7";"13";"0";"2";"0";"1";""
"201900047123";"138 217 417";"A01";"1";"7";"2";"0";"8";"13";"1";""
"201900047124";"138 217 414";"C01";"2";"7";"0";"2";"1";"1";"1";""
"201900047124";"138 217 415";"B01";"2";"7";"0";"2";"4";"1";"1";""
"201900047124";"138 217 416";"A01";"2";"7";"0";"0";"4";"1";"1";""
"201900047125";"138 217 412";"B01";"3";"31";"0";"2";"2";"1";"1";""
"201900047125";"138 217 413";"A01";"1";"10";"0";"2";"3";"1";"1";""
"201900047126";"138 217 409";"B01";"1";"37";"1";"2";"3";"21";"0";"1"
"201900047126";"138 217 410";"A01";"2";"7";"0";"2";"3";"13";"1";""
"201900047127";"138 217 408";"A01";"1";"10";"0";"1";"1";"1";"1";""
"201900047128";"138 217 407";"A01";"3";"1";"0";"0";"0";"1";"5";""
"201900047129";"138 217 406";"A01";"0";"7";"2";"0";"1";"1";"1";""
"201900047130";"138 217 404";"A01";"3";"7";"0";"2";"3";"1";"1";""
"201900047130";"138 217 405";"B01";"3";"7";"0";"2";"1";"0";"1";""
"201900047131";"138 217 402";"A01";"1";"7";"0";"2";"1";"13";"1";""
"201900047131";"138 217 403";"B01";"2";"7";"0";"2";"1";"1";"1";""
"201900047132";"138 217 400";"B01";"2";"33";"0";"2";"1";"1";"1";""
"201900047132";"138 217 401";"A01";"1";"7";"0";"2";"3";"19";"1";""
"201900047133";"138 217 399";"A01";"1";"7";"13";"0";"2";"1";"1";""
"201900047134";"138 217 397";"A01";"2";"7";"0";"2";"3";"13";"0";""
"201900047134";"138 217 398";"B01";"1";"7";"0";"2";"3";"1";"0";""
"201900047135";"138 217 395";"A01";"3";"7";"0";"2";"7";"16";"1";""
"201900047135";"138 217 396";"B01";"3";"33";"0";"2";"1";"18";"1";""
"201900047136";"138 217 394";"A01";"0";"7";"13";"0";"0";"0";"1";""
"201900047137";"138 217 392";"A01";"3";"7";"0";"0";"8";"9";"1";""
"201900047137";"138 217 393";"B01";"3";"2";"0";"2";"1";"1";"1";""
"201900047138";"138 217 391";"A01";"2";"7";"2";"0";"7";"1";"1";""
"201900047139";"138 217 390";"A01";"2";"7";"6";"0";"3";"13";"1";""
"201900047140";"138 217 389";"A01";"2";"7";"13";"0";"1";"0";"1";""
"201900047141";"138 217 387";"B01";"1";"7";"0";"2";"1";"1";"1";""
"201900047141";"138 217 388";"A01";"2";"7";"0";"2";"1";"13";"1";""
"201900047142";"138 217 385";"B01";"1";"10";"4";"2";"3";"1";"1";""
"201900047142";"138 217 386";"A01";"2";"7";"0";"2";"3";"1";"1";""
"201900047143";"138 217 383";"B01";"2";"7";"0";"2";"1";"1";"1";""
"201900047143";"138 217 384";"A01";"1";"7";"0";"2";"4";"1";"1";""
"201900047144";"138 217 382";"A01";"2";"7";"2";"0";"3";"1";"1";""
"201900047145";"138 217 381";"A01";"1";"7";"9";"0";"1";"0";"0";""
"201900047146";"138 217 380";"A01";"2";"7";"6";"0";"9";"1";"1";""
"201900047147";"138 217 378";"B01";"0";"33";"0";"2";"1";"1";"1";""
"201900047147";"138 217 379";"A01";"0";"7";"0";"2";"7";"15";"1";""
"201900047148";"138 217 376";"B01";"2";"17";"0";"2";"4";"1";"1";""
"201900047148";"138 217 377";"A01";"2";"7";"0";"2";"1";"2";"1";""
"201900047149";"138 217 374";"B01";"1";"14";"0";"2";"1";"1";"1";""
"201900047149";"138 217 375";"A01";"2";"2";"0";"2";"1";"5";"1";""
"201900047150";"138 217 373";"A01";"2";"14";"8";"0";"2";"0";"1";""
"201900047151";"138 217 371";"B01";"1";"10";"0";"0";"4";"2";"1";""
"201900047151";"138 217 372";"A01";"1";"7";"0";"2";"1";"1";"1";""
"201900047152";"138 217 369";"B01";"2";"7";"1";"0";"2";"2";"1";""
"201900047152";"138 217 370";"A01";"2";"7";"0";"0";"6";"23";"1";""
"201900047153";"138 217 368";"A01";"3";"7";"1";"0";"0";"1";"1";""
"201900047154";"138 217 367";"A01";"0";"7";"10";"0";"8";"1";"1";""
"201900047155";"138 217 366";"A01";"2";"7";"16";"0";"1";"1";"1";""
"201900047156";"138 217 364";"B01";"1";"7";"6";"2";"5";"17";"1";""
"201900047156";"138 217 365";"A01";"1";"7";"0";"2";"3";"15";"1";""
"201900047157";"138 217 363";"A01";"2";"7";"4";"0";"3";"2";"1";""
"201900047158";"138 217 362";"A01";"1";"7";"0";"1";"3";"1";"0";""
"201900047159";"138 217 360";"B01";"0";"1";"0";"2";"8";"19";"5";""
"201900047159";"138 217 361";"A01";"1";"7";"0";"2";"1";"1";"1";""
"201900047160";"138 217 359";"A01";"0";"2";"0";"0";"0";"0";"1";""
"201900047161";"138 217 357";"B01";"2";"7";"0";"0";"3";"0";"1";""
"201900047161";"138 217 358";"A01";"1";"33";"0";"0";"5";"17";"1";""
"201900047162";"138 217 355";"B01";"2";"15";"0";"2";"1";"1";"1";""
"201900047162";"138 217 356";"A01";"1";"7";"0";"2";"1";"13";"1";""
"201900047163";"138 217 354";"A01";"2";"2";"0";"0";"8";"1";"1";""
"201900047164";"138 217 352";"A01";"1";"7";"0";"1";"1";"1";"1";""
"201900047164";"138 217 353";"B01";"1";"7";"0";"0";"0";"24";"0";""
"201900047165";"138 217 351";"A01";"2";"7";"2";"0";"1";"1";"1";""
"201900047166";"138 217 350";"A01";"1";"7";"0";"1";"2";"1";"1";""
"201900047167";"138 217 348";"A01";"2";"7";"0";"0";"4";"1";"1";""
"201900047167";"138 217 349";"B01";"2";"7";"0";"2";"1";"1";"1";""
"201900047168";"138 217 346";"B01";"2";"7";"0";"2";"1";"1";"1";""
"201900047168";"138 217 347";"A01";"1";"7";"0";"2";"1";"1";"1";""
"201900047169";"138 217 344";"B01";"1";"15";"0";"2";"1";"1";"1";""
"201900047169";"138 217 345";"A01";"1";"7";"0";"2";"4";"1";"1";""
"201900047170";"138 217 342";"B01";"2";"2";"0";"2";"1";"1";"1";""
"201900047170";"138 217 343";"A01";"1";"7";"0";"2";"2";"15";"1";""
"201900047171";"138 217 340";"A01";"1";"7";"0";"2";"1";"2";"1";""
"201900047171";"138 217 341";"B01";"1";"7";"0";"2";"4";"1";"1";""
"201900047172";"138 217 338";"B01";"1";"7";"0";"2";"2";"26";"1";""
"201900047172";"138 217 339";"A01";"1";"7";"0";"2";"6";"26";"1";""
"201900047173";"138 217 337";"A01";"1";"7";"4";"0";"1";"14";"1";""
"201900047174";"138 217 333";"A01";"1";"10";"0";"2";"4";"1";"1";""
"201900047174";"138 217 334";"B01";"1";"10";"0";"2";"1";"2";"1";""
"201900047174";"138 217 335";"C01";"1";"10";"0";"2";"4";"2";"1";""
"201900047174";"138 217 336";"Z01";"1";"10";"0";"0";"0";"0";"0";""
"201900047175";"138 217 331";"B01";"2";"7";"0";"2";"5";"14";"1";""
"201900047175";"138 217 332";"A01";"2";"33";"0";"2";"3";"1";"1";""
"201900047176";"138 217 328";"A01";"1";"7";"0";"2";"0";"0";"1";""
"201900047176";"138 217 329";"B01";"1";"7";"0";"2";"0";"0";"1";""
"201900047176";"138 217 330";"C01";"1";"7";"0";"2";"0";"0";"1";""
"201900047177";"138 217 324";"D01";"2";"7";"0";"2";"4";"2";"1";""
"201900047177";"138 217 325";"C01";"2";"7";"0";"2";"4";"2";"1";""
"201900047177";"138 217 326";"B01";"2";"7";"0";"2";"4";"2";"1";""
"201900047177";"138 217 327";"A01";"2";"10";"0";"2";"1";"2";"1";""
"201900047178";"138 217 323";"A01";"1";"7";"13";"0";"9";"1";"1";""
"201900047179";"138 217 321";"B01";"1";"7";"0";"2";"4";"26";"1";""
"201900047179";"138 217 322";"A01";"1";"7";"0";"0";"1";"2";"1";""
"201900047180";"138 217 317";"A01";"1";"7";"3";"2";"6";"9";"1";""
"201900047180";"138 217 318";"B01";"1";"7";"0";"2";"2";"1";"1";""
"201900047181";"138 217 315";"A01";"2";"7";"0";"2";"3";"15";"1";""
"201900047181";"138 217 316";"B01";"2";"7";"0";"2";"1";"1";"1";""
"201900047182";"138 217 313";"A01";"2";"7";"0";"9";"3";"2";"1";""
"201900047182";"138 217 314";"B01";"2";"50";"0";"2";"8";"19";"3";""
"201900047183";"138 217 311";"A01";"1";"7";"0";"2";"1";"1";"0";""
"201900047183";"138 217 312";"B01";"2";"2";"0";"2";"7";"2";"1";""
"201900047184";"138 217 310";"A01";"2";"30";"0";"1";"1";"1";"1";""
"201900047185";"138 217 309";"A01";"1";"1";"0";"1";"1";"1";"5";""
"201900047186";"138 217 308";"A01";"2";"7";"0";"1";"2";"1";"1";""
"201900047187";"138 217 307";"Z01";"0";"7";"0";"1";"1";"10";"0";""
"201900047188";"138 217 305";"B01";"3";"3";"0";"2";"4";"15";"1";""
"201900047188";"138 217 306";"A01";"0";"3";"0";"2";"1";"0";"0";""
"201900047189";"138 217 303";"B01";"1";"13";"0";"2";"8";"15";"1";""
"201900047189";"138 217 304";"A01";"1";"33";"0";"2";"2";"17";"1";""
"201900047190";"138 217 302";"A01";"3";"7";"2";"0";"1";"14";"1";""
"201900047191";"138 217 300";"A01";"3";"7";"0";"2";"6";"9";"1";""
"201900047191";"138 217 301";"B01";"3";"7";"0";"2";"4";"2";"1";""
"201900047192";"138 217 298";"A01";"2";"7";"0";"2";"1";"15";"1";""
"201900047192";"138 217 299";"B01";"1";"7";"0";"2";"1";"1";"1";""
"201900047193";"138 217 297";"A01";"2";"0";"0";"1";"7";"1";"0";""
"201900047194";"138 217 296";"A01";"2";"10";"0";"1";"1";"1";" -1";""
"201900047195";"138 217 294";"B01";"1";"7";"0";"2";"4";"2";"1";""
"201900047195";"138 217 295";"A01";"1";"7";"0";"2";"1";"2";"1";""
"201900047196";"138 217 290";"A01";"3";"7";"0";"2";"3";"15";"0";""
"201900047196";"138 217 291";"Z01";"3";"30";"1";"0";"0";"0";"0";""
"201900047197";"138 217 286";"A01";"2";"7";"0";"2";"1";"2";"1";""
"201900047197";"138 217 287";"B01";"2";"7";"0";"2";"4";"2";"1";""
"201900047198";"138 217 284";"A01";"1";"7";"0";"2";"1";"2";"1";""
"201900047198";"138 217 285";"B01";"1";"7";"0";"2";"4";"2";"1";""
"201900047199";"138 217 282";"A01";"2";"7";"0";"2";"1";"2";"1";""
"201900047199";"138 217 283";"B01";"2";"7";"0";"2";"4";"2";"1";""
"201900047200";"138 217 281";"A01";"2";"7";"0";"1";"7";"1";"1";""
"201900047201";"138 217 272";"A01";"1";"7";"2";"0";"1";"26";"1";""
"201900047201";"138 217 273";"B01";"3";"1";"2";"2";"8";"19";"5";""
"201900047202";"138 217 271";"Z01";"2";"7";"0";"1";"1";"1";"1";""
"201900047203";"138 217 270";"A01";"2";"7";"1";"0";"2";"14";"1";""
"201900047204";"138 217 267";"A01";"1";"7";"0";"2";"2";"15";"1";""
"201900047204";"138 217 268";"B01";"2";"2";"0";"2";"1";"1";"1";""
"201900047205";"138 217 265";"Z01";"3";"7";"0";"2";"7";"15";"0";""
"201900047205";"138 217 266";"B01";"3";"2";"0";"2";"1";"1";"1";""
"201900047206";"138 217 264";"A01";"3";"7";"0";"1";"6";"26";"1";""
"201900047207";"138 217 263";"A01";"2";"7";"0";"1";"2";"1";"1";""
"201900047208";"138 217 262";"A01";"3";"7";"0";"1";"1";"0";"1";""
"201900047209";"138 217 260";"A01";"3";"7";"0";"2";"7";"4";"1";""
"201900047209";"138 217 261";"B01";"1";"7";"0";"2";"1";"1";"1";""
"201900047210";"138 217 258";"B01";"3";"10";"0";"2";"1";"2";"1";""
"201900047210";"138 217 259";"A01";"3";"7";"2";"0";"4";"26";"1";""
"201900047211";"138 217 256";"B01";"3";"2";"0";"2";"1";"1";"1";""
"201900047211";"138 217 257";"A01";"1";"7";"0";"2";"7";"15";"1";""
"201900047212";"138 217 252";"A01";"1";"7";"0";"2";"2";"26";"1";""
"201900047212";"138 217 253";"B01";"1";"7";"0";"2";"1";"1";"1";""
"201900047212";"138 217 254";"C01";"1";"7";"0";"2";"4";"0";"1";""
"201900047212";"138 217 255";"D01";"1";"7";"0";"2";"4";"0";"0";""
"201900047213";"138 217 250";"A01";"1";"33";"0";"2";"2";"12";"1";""
"201900047213";"138 217 251";"B01";"2";"7";"0";"2";"3";"0";"1";""
"201900047214";"138 217 249";"A01";"0";"10";"4";"0";"2";"1";"1";""
"201900047215";"138 217 247";"A01";"0";"7";"0";"2";"5";"1";"1";""
"201900047215";"138 217 248";"Z01";"0";"7";"0";"2";"0";"0";"1";""
"201900047216";"138 217 246";"A01";"1";"7";"12";"0";"1";"26";"1";""
"201900047217";"138 217 245";"A01";"3";"3";"0";"1";"4";"26";"1";""
"201900047218";"138 217 244";"Z01";"3";"7";"0";"1";"2";"15";"0";""
"201900047219";"138 217 243";"A01";"1";"7";"10";"0";"1";"1";"0";""
"201900047220";"138 217 242";"A01";"2";"7";"0";"1";"3";"1";"1";""
"201900047221";"138 217 241";"A01";"3";"7";"9";"2";"6";"16";"6";""
"201900047222";"138 217 239";"A01";"1";"7";"0";"2";"8";"1";"1";""
"201900047222";"138 217 240";"B01";"1";"2";"0";"2";"1";"12";"1";""
"201900047223";"138 217 237";"B01";"3";"7";"0";"2";"3";"1";"1";""
"201900047223";"138 217 238";"A01";"3";"7";"0";"2";"2";"15";"1";""
"201900047224";"138 217 235";"A01";"3";"7";"0";"2";"1";"1";"1";""
"201900047224";"138 217 236";"B01";"3";"7";"0";"2";"5";"1";"1";""
"201900047225";"138 217 233";"B01";"0";"33";"0";"2";"8";"1";"1";""
"201900047225";"138 217 234";"A01";"0";"7";"0";"2";"4";"4";"1";""
"201900047226";"138 217 231";"A01";"1";"10";"0";"2";"2";"1";" -1";""
"201900047226";"138 217 232";"B01";"1";"32";"0";"2";"3";"2";" -1";""
"201900047227";"138 217 229";"A01";"3";"7";"0";"2";"1";"19";"1";""
"201900047227";"138 217 230";"B01";"3";"7";"0";"2";"8";"1";"1";""
"201900047228";"138 217 227";"B01";"1";"7";"0";"2";"3";"1";"1";""
"201900047228";"138 217 228";"A01";"1";"7";"0";"2";"3";"13";"1";""
"201900047229";"138 217 225";"A01";"1";"33";"0";"2";"8";"17";"1";""
"201900047229";"138 217 226";"B01";"2";"10";"0";"2";"6";"1";"1";""
"201900047230";"138 217 224";"A01";"1";"7";"0";"1";"1";"15";"1";""
"201900047231";"138 217 223";"A01";"1";"7";"2";"0";"1";"13";"1";""
"201900047232";"138 217 220";"C01";"1";"7";"0";"2";"6";"2";"1";""
"201900047232";"138 217 221";"B01";"1";"7";"0";"2";"5";"2";"1";""
"201900047232";"138 217 222";"A01";"1";"7";"0";"2";"2";"2";"1";""
"201900047233";"138 217 219";"A01";"2";"43";"11";"0";"1";"14";"1";""
"201900047234";"138 217 218";"Z01";"2";"7";"0";"1";"1";"1";"0";""
"201900047235";"138 217 216";"A01";"1";"7";"0";"2";"3";"15";"1";""
"201900047235";"138 217 217";"B01";"2";"1";"0";"2";"1";"7";"5";""
"201900047236";"138 217 215";"A01";"2";"1";"0";"1";"2";"1";"5";""
"201900047237";"138 217 213";"B01";"1";"60";"0";"2";"7";"19";"5";""
"201900047237";"138 217 214";"A01";"1";"7";"0";"2";"5";"1";"1";""
"201900047238";"138 217 212";"A01";"1";"10";"0";"1";"1";"1";"1";""
"201900047239";"138 217 210";"Z01";"1";"7";"0";"2";"1";"2";"1";""
"201900047239";"138 217 211";"B01";"1";"10";"0";"2";"4";"23";"1";""
"201900047240";"138 217 209";"Z01";"1";"10";"0";"1";"2";"16";"0";""
"201900047241";"138 217 207";"A01";"2";"50";"0";"2";"8";"19";"3";""
"201900047241";"138 217 208";"Z01";"2";"7";"0";"2";"0";"1";"0";""
"201900047242";"138 217 204";"A01";"1";"1";"0";"2";"0";"1";"5";""
"201900047242";"138 217 205";"Z01";"1";"7";"0";"2";"0";"17";"1";""
"201900047242";"138 217 206";"B01";"1";"1";"0";"2";"0";"1";"5";""
"201900047243";"138 217 202";"B01";"1";"1";"0";"2";"6";"2";"5";""
"201900047243";"138 217 203";"A01";"1";"30";"0";"2";"1";"2";"1";""
"201900047244";"138 217 201";"A01";"2";"32";"1";"0";"1";"14";"1";""
"201900047245";"138 217 199";"B01";"1";"7";"0";"2";"3";"1";"1";""
"201900047245";"138 217 200";"A01";"1";"30";"0";"2";"1";"9";"1";""
"201900047246";"138 217 198";"A01";"1";"1";"0";"0";"0";"16";"5";""
"201900047247";"138 217 196";"B01";"1";"50";"0";"2";"1";"1";"3";""