"Num_Acc";"id_vehicule";"num_veh";"senc";"catv";"obs";"obsm";"choc";"manv";"motor";"occutc"
"201900047658";"138 216 432";"A01";"3";"7";"0";"2";"1";"26";"1";""
"201900047658";"138 216 433";"B01";"0";"99";"0";"2";"1";"1";"0";""
"201900047659";"138 216 430";"B01";"1";"14";"0";"2";"4";"1";"1";""
"201900047659";"138 216 431";"A01";"1";"7";"0";"2";"2";"2";"1";""
"201900047660";"138 216 428";"A01";"3";"7";"0";"2";"2";"1";"1";""
"201900047660";"138 216 429";"B01";"3";"1";"0";"2";"1";"19";"5";""
"201900047661";"138 216 425";"C01";"2";"7";"0";"2";"4";"2";"1";""
"201900047661";"138 216 426";"B01";"2";"7";"0";"2";"4";"2";"1";""
"201900047661";"138 216 427";"A01";"2";"7";"0";"2";"1";"2";"1";""
"201900047662";"138 216 423";"B01";"1";"7";"0";"2";"4";"2";"1";""
"201900047662";"138 216 424";"A01";"1";"10";"0";"2";"1";"2";"1";""
"201900047663";"138 216 421";"A01";"1";"7";"0";"2";"7";"15";"1";""
"201900047663";"138 216 422";"B01";"2";"32";"0";"2";"1";"1";"1";""
"201900047664";"138 216 419";"A01";"0";"33";"0";"2";"9";"1";"1";""
"201900047664";"138 216 420";"B01";"0";"7";"0";"2";"1";"15";"1";""
"201900047665";"138 216 417";"A01";"1";"7";"0";"2";"2";"13";"1";""
"201900047665";"138 216 418";"B01";"2";"7";"0";"2";"2";"1";"1";""
"201900047666";"138 216 416";"A01";"1";"7";"0";"1";"1";"1";"1";""
"201900047667";"138 216 413";"B01";"1";"7";"0";"2";"4";"1";"1";""
"201900047667";"138 216 414";"C01";"0";"7";"0";"2";"4";"1";"1";""
"201900047667";"138 216 415";"A01";"1";"14";"0";"2";"1";"1";"1";""
"201900047668";"138 216 411";"Z01";"1";"7";"0";"2";"0";"0";"1";""
"201900047668";"138 216 412";"A01";"1";"10";"0";"2";"7";"1";"1";""
"201900047669";"138 216 409";"A01";"3";"10";"0";"2";"1";"1";"1";""
"201900047669";"138 216 410";"B01";"3";"7";"0";"2";"8";"1";"1";""
"201900047670";"138 216 406";"A01";"1";"7";"0";"1";"2";"1";"1";""
"201900047671";"138 216 404";"B01";"2";"33";"0";"2";"1";"1";"0";""
"201900047671";"138 216 405";"A01";"2";"7";"0";"2";"5";"19";"1";""
"201900047672";"138 216 400";"A01";"0";"7";"0";"1";"2";"1";"1";""
"201900047673";"138 216 399";"Z01";"1";"99";"0";"1";"1";"2";"0";""
"201900047674";"138 216 392";"Z01";"1";"7";"0";"2";"3";"9";"0";""
"201900047674";"138 216 393";"B01";"1";"1";"0";"2";"7";"1";"5";""
"201900047675";"138 216 388";"B01";"1";"33";"0";"2";"8";"1";"1";""
"201900047675";"138 216 389";"A01";"3";"7";"0";"2";"3";"1";"1";""
"201900047676";"138 216 386";"B01";"2";"7";"0";"2";"6";"15";"1";""
"201900047676";"138 216 387";"A01";"2";"33";"0";"2";"1";"17";"1";""
"201900047677";"138 216 384";"A01";"1";"7";"0";"2";"7";"10";"1";""
"201900047677";"138 216 385";"B01";"1";"31";"0";"2";"1";"2";"1";""
"201900047678";"138 216 382";"A01";"2";"1";"0";"2";"1";"2";"5";""
"201900047678";"138 216 383";"B01";"2";"17";"0";"2";"5";"1";"1";""
"201900047679";"138 216 380";"A01";"3";"1";"0";"2";"1";"19";"5";""
"201900047679";"138 216 381";"B01";"3";"7";"0";"2";"4";"1";"1";""
"201900047680";"138 216 377";"B01";"3";"7";"0";"2";"4";"15";"1";""
"201900047680";"138 216 378";"C01";"3";"7";"0";"2";"8";"1";"1";""
"201900047680";"138 216 379";"A01";"3";"7";"0";"2";"1";"1";"1";""
"201900047681";"138 216 376";"Z01";"3";"30";"0";"1";"0";"0";"0";""
"201900047682";"138 216 374";"A01";"2";"31";"0";"2";"1";"17";"0";""
"201900047682";"138 216 375";"B01";"2";"10";"0";"2";"8";"15";"0";""
"201900047683";"138 216 372";"B01";"2";"33";"0";"2";"7";"1";"0";""
"201900047683";"138 216 373";"A01";"2";"7";"0";"2";"3";"26";"0";""
"201900047684";"138 216 371";"A01";"1";"30";"3";"0";"1";"16";"0";""
"201900047685";"138 216 370";"A01";"2";"7";"8";"0";"1";"1";"1";""
"201900047686";"138 216 369";"A01";"0";"31";"14";"0";"0";"1";"1";""
"201900047687";"138 216 368";"A01";"0";"7";"0";"1";"1";"15";"1";""
"201900047688";"138 216 367";"A01";"0";"7";"0";"1";"4";"4";"1";""
"201900047689";"138 216 366";"Z01";"2";"7";"0";"1";"3";"1";"0";""
"201900047690";"138 216 364";"A01";"3";"7";"0";"2";"8";"10";"0";""
"201900047690";"138 216 365";"B01";"3";"34";"0";"2";"1";"17";"0";""
"201900047691";"138 216 362";"A01";"3";"7";"0";"2";"6";"26";"0";""
"201900047691";"138 216 363";"B01";"3";"30";"0";"2";"7";"1";"1";""
"201900047692";"138 216 359";"B01";"3";"7";"0";"2";"8";"26";"0";""
"201900047692";"138 216 360";"C01";"3";"7";"0";"2";"3";"26";"1";""
"201900047692";"138 216 361";"A01";"3";"7";"0";"2";"8";"13";"0";""
"201900047693";"138 216 357";"A01";"3";"7";"0";"2";"1";"1";"1";""
"201900047693";"138 216 358";"B01";"3";"7";"0";"2";"6";"23";"1";""
"201900047694";"138 216 355";"A01";"1";"7";"0";"1";"2";"1";"0";""
"201900047695";"138 216 353";"A01";"1";"7";"0";"2";"1";"15";"1";""
"201900047695";"138 216 354";"B01";"1";"7";"0";"2";"7";"1";"1";""
"201900047696";"138 216 347";"B01";"3";"7";"0";"2";"3";"1";"0";""
"201900047696";"138 216 348";"A01";"0";"7";"0";"2";"1";"5";"0";""
"201900047697";"138 216 345";"A01";"1";"10";"0";"2";"1";"1";"1";""
"201900047697";"138 216 346";"B01";"1";"33";"0";"2";"1";"13";"1";""
"201900047698";"138 216 343";"B01";"2";"2";"0";"2";"1";"17";"1";""
"201900047698";"138 216 344";"A01";"2";"7";"0";"6";"6";"10";"1";""
"201900047699";"138 216 341";"A01";"3";"33";"0";"2";"7";"18";"0";""
"201900047699";"138 216 342";"B01";"3";"17";"0";"2";"2";"16";"6";""
"201900047700";"138 216 339";"B01";"1";"34";"0";"2";"3";"3";"1";""
"201900047700";"138 216 340";"A01";"1";"7";"0";"2";"5";"12";"1";""
"201900047701";"138 216 337";"A01";"1";"7";"0";"2";"3";"11";"1";""
"201900047701";"138 216 338";"B01";"1";"32";"0";"2";"1";"1";"1";""
"201900047702";"138 216 336";"A01";"1";"7";"4";"0";"3";"13";"1";""
"201900047703";"138 216 334";"B01";"2";"32";"0";"2";"4";"2";"1";""
"201900047703";"138 216 335";"A01";"2";"7";"0";"2";"1";"2";"1";""
"201900047704";"138 216 332";"A01";"2";"17";"0";"2";"3";"12";"1";""
"201900047704";"138 216 333";"B01";"2";"7";"0";"2";"6";"1";"1";""
"201900047705";"138 216 330";"A01";"1";"43";"0";"2";"1";"3";"1";""
"201900047705";"138 216 331";"B01";"1";"32";"0";"2";"6";"11";"1";""
"201900047706";"138 216 329";"A01";"1";"2";"7";"0";"1";"1";"1";""
"201900047707";"138 216 328";"A01";"1";"7";"0";"1";"1";"1";"1";""
"201900047708";"138 216 327";"A01";"1";"33";"0";"1";"1";"1";"1";""
"201900047709";"138 216 326";"A01";"2";"7";"0";"1";"6";"4";"1";""
"201900047710";"138 216 325";"A01";"2";"30";"0";"1";"1";"1";"3";""
"201900047711";"138 216 323";"A01";"1";"7";"0";"2";"1";"15";"1";""
"201900047711";"138 216 324";"B01";"2";"2";"0";"2";"1";"1";"1";""
"201900047712";"138 216 322";"A01";"1";"30";"0";"0";"2";"1";"1";""
"201900047713";"138 216 318";"A01";"1";"7";"0";"2";"1";"2";"1";""
"201900047713";"138 216 319";"B01";"1";"7";"0";"2";"4";"23";"1";""
"201900047713";"138 216 320";"C01";"1";"7";"0";"2";"8";"1";"1";""
"201900047713";"138 216 321";"D01";"1";"7";"0";"2";"4";"1";"1";""
"201900047714";"138 216 316";"Z01";"1";"32";"0";"2";"1";"1";"1";""
"201900047714";"138 216 317";"A01";"1";"1";"0";"2";"4";"1";"5";""
"201900047715";"138 216 314";"B01";"1";"60";"0";"2";"0";"19";"5";""
"201900047715";"138 216 315";"A01";"1";"7";"0";"2";"3";"1";"1";""
"201900047716";"138 216 312";"A01";"1";"33";"0";"2";"1";"1";"1";""
"201900047716";"138 216 313";"B01";"1";"7";"0";"2";"3";"9";"1";""
"201900047717";"138 216 310";"B01";"2";"34";"0";"2";"8";"1";"1";""
"201900047717";"138 216 311";"A01";"1";"7";"0";"2";"2";"10";"1";""
"201900047718";"138 216 308";"A01";"1";"30";"0";"2";"2";"1";"1";""
"201900047718";"138 216 309";"B01";"1";"7";"0";"2";"4";"10";"1";""
"201900047719";"138 216 306";"A01";"2";"7";"0";"2";"1";"20";"1";""
"201900047719";"138 216 307";"B01";"2";"31";"0";"2";"4";"23";"1";""
"201900047720";"138 216 304";"B01";"1";"80";"0";"2";"8";"13";"3";""
"201900047720";"138 216 305";"A01";"1";"7";"0";"2";"2";"17";"2";""
"201900047721";"138 216 303";"A01";"2";"33";"14";"0";"0";"1";"1";""
"201900047722";"138 216 302";"A01";"2";"7";"0";"1";"2";"1";"1";""
"201900047723";"138 216 301";"A01";"1";"7";"0";"1";"2";"1";"1";""
"201900047724";"138 216 299";"A01";"1";"34";"0";"2";"2";"17";"1";""
"201900047724";"138 216 300";"B01";"1";"7";"0";"2";"3";"15";"1";""
"201900047725";"138 216 297";"A01";"1";"7";"0";"2";"3";"9";"1";""
"201900047725";"138 216 298";"B01";"1";"31";"0";"2";"1";"1";"1";""
"201900047726";"138 216 296";"Z01";"2";"1";"0";"1";"1";"5";"6";""
"201900047727";"138 216 294";"B01";"1";"10";"0";"2";"1";"1";"1";""
"201900047727";"138 216 295";"A01";"2";"1";"0";"2";"8";"9";"5";""
"201900047728";"138 216 292";"B01";"1";"7";"0";"2";"4";"1";"1";""
"201900047728";"138 216 293";"A01";"1";"7";"0";"2";"1";"1";"1";""
"201900047729";"138 216 290";"B01";"1";"7";"0";"2";"3";"1";"1";""
"201900047729";"138 216 291";"A01";"2";"1";"0";"2";"7";"19";"5";""
"201900047730";"138 216 288";"A01";"1";"7";"0";"2";"3";"15";"1";""
"201900047730";"138 216 289";"B01";"1";"43";"0";"2";"6";"21";"1";""
"201900047731";"138 216 287";"A01";"0";"1";"0";"0";"0";"1";"5";""
"201900047732";"138 216 285";"B01";"2";"7";"0";"2";"7";"14";"1";""
"201900047732";"138 216 286";"A01";"1";"31";"0";"2";"6";"18";"1";""
"201900047733";"138 216 284";"A01";"1";"7";"0";"1";"3";"1";"1";""
"201900047734";"138 216 283";"A01";"2";"7";"0";"1";"3";"1";"1";""
"201900047735";"138 216 282";"A01";"1";"30";"1";"0";"1";"5";"1";""
"201900047736";"138 216 280";"A01";"2";"7";"0";"2";"2";"22";"1";""
"201900047736";"138 216 281";"B01";"2";"1";"0";"2";"3";"18";"5";""
"201900047737";"138 216 279";"A01";"2";"7";"0";"1";"3";"15";"1";""
"201900047738";"138 216 277";"B01";"2";"1";"0";"2";"7";"1";"5";""
"201900047738";"138 216 278";"A01";"2";"7";"0";"2";"8";"22";"1";""
"201900047739";"138 216 276";"A01";"2";"1";"0";"1";"0";"1";"5";""
"201900047740";"138 216 274";"A01";"1";"7";"0";"2";"3";"10";"1";""
"201900047740";"138 216 275";"B01";"1";"43";"0";"1";"7";"1";"1";""
"201900047741";"138 216 273";"A01";"1";"7";"0";"1";"1";"16";"3";""
"201900047742";"138 216 270";"C01";"2";"10";"0";"2";"7";"23";"1";""
"201900047742";"138 216 271";"B01";"2";"1";"1";"2";"2";"13";"5";""
"201900047742";"138 216 272";"A01";"2";"10";"0";"2";"3";"22";"1";""
"201900047743";"138 216 268";"B01";"1";"31";"0";"2";"6";"9";"1";""
"201900047743";"138 216 269";"A01";"3";"14";"0";"2";"7";"15";"1";""
"201900047744";"138 216 266";"B01";"3";"33";"0";"2";"7";"1";"1";""
"201900047744";"138 216 267";"A01";"3";"50";"0";"2";"8";"19";"3";""
"201900047745";"138 216 265";"Z01";"1";"30";"0";"1";"8";"5";"3";""
"201900047746";"138 216 263";"A01";"2";"7";"1";"2";"3";"11";"1";""
"201900047746";"138 216 264";"B01";"2";"14";"0";"2";"2";"1";"1";""
"201900047747";"138 216 262";"A01";"2";"10";"0";"1";"3";"1";"1";""
"201900047748";"138 216 260";"A01";"1";"30";"0";"2";"1";"2";"1";""
"201900047748";"138 216 261";"B01";"1";"7";"0";"2";"5";"23";"1";""
"201900047749";"138 216 259";"Z01";"1";"10";"0";"1";"0";"9";"0";""
"201900047750";"138 216 257";"A01";"1";"7";"0";"2";"1";"2";"1";""
"201900047750";"138 216 258";"B01";"1";"33";"0";"2";"4";"2";"1";""
"201900047751";"138 216 256";"A01";"0";"37";"14";"1";"7";"16";"1";"1"
"201900047752";"138 216 254";"A01";"2";"7";"0";"2";"3";"20";"0";""
"201900047752";"138 216 255";"B01";"1";"34";"0";"2";"2";"26";"0";""
"201900047753";"138 216 252";"B01";"2";"1";"1";"0";"1";"2";"0";""
"201900047753";"138 216 253";"A01";"2";"7";"0";"2";"8";"22";"1";""
"201900047754";"138 216 251";"A01";"1";"7";"1";"0";"4";"20";"1";""
"201900047755";"138 216 249";"A01";"2";"13";"0";"2";"8";"22";"1";""
"201900047755";"138 216 250";"B01";"2";"1";"1";"0";"7";"17";"5";""
"201900047756";"138 216 244";"C01";"1";"10";"0";"9";"0";"0";"1";""
"201900047756";"138 216 245";"B01";"1";"10";"0";"2";"1";"2";"1";""
"201900047756";"138 216 246";"A01";"1";"10";"0";"2";"1";"2";"1";""
"201900047757";"138 216 242";"A01";"1";"34";"0";"2";"1";"17";"1";""
"201900047757";"138 216 243";"B01";"2";"30";"0";"2";"1";"17";"1";""
"201900047758";"138 216 240";"B01";"0";"32";"0";"2";"1";"1";"0";""
"201900047758";"138 216 241";"A01";"3";"7";"0";"2";"0";"0";"0";""
"201900047759";"138 216 239";"A01";"3";"7";"11";"0";"1";"1";"1";""
"201900047760";"138 216 238";"A01";"1";"33";"0";"0";"8";"13";"6";""
"201900047761";"138 216 236";"B01";"2";"33";"0";"2";"1";"1";"1";""
"201900047761";"138 216 237";"A01";"1";"7";"0";"2";"7";"15";"1";""
"201900047762";"138 216 234";"B01";"1";"7";"6";"2";"8";"1";"1";""
"201900047762";"138 216 235";"A01";"1";"7";"9";"2";"1";"19";"1";""
"201900047763";"138 216 233";"A01";"1";"7";"0";"1";"2";"16";"1";""
"201900047764";"138 216 231";"B01";"3";"7";"0";"2";"3";"0";"1";""
"201900047764";"138 216 232";"A01";"3";"30";"0";"2";"0";"0";"1";""
"201900047765";"138 216 229";"B01";"1";"3";"0";"2";"8";"15";"0";""
"201900047765";"138 216 230";"A01";"2";"3";"0";"2";"1";"1";"0";""
"201900047766";"138 216 227";"A01";"2";"0";"0";"2";"3";"15";"0";""
"201900047766";"138 216 228";"B01";"2";"33";"0";"2";"1";"1";"0";""
"201900047767";"138 216 225";"B01";"1";"32";"0";"2";"0";"0";"0";""
"201900047767";"138 216 226";"A01";"1";"7";"0";"2";"2";"1";"6";""
"201900047768";"138 216 223";"B01";"1";"37";"0";"2";"4";"20";"0";"1"
"201900047768";"138 216 224";"A01";"1";"7";"0";"0";"0";"21";"1";""
"201900047769";"138 216 222";"A01";"3";"3";"0";"1";"3";"1";"6";""
"201900047770";"138 216 220";"B01";"2";"33";"0";"6";"2";"1";"1";""
"201900047770";"138 216 221";"A01";"2";"7";"0";"6";"3";"10";"1";""
"201900047771";"138 216 218";"B01";"3";"3";"0";"2";"6";"2";"0";""
"201900047771";"138 216 219";"A01";"1";"7";"0";"2";"3";"19";"0";""
"201900047772";"138 216 216";"A01";"2";"7";"0";"2";"4";"23";"0";""
"201900047772";"138 216 217";"B01";"2";"7";"0";"2";"1";"1";"0";""
"201900047773";"138 216 215";"A01";"0";"38";"0";"1";"3";"15";"0";"1"
"201900047774";"138 216 213";"A01";"2";"7";"0";"2";"3";"11";"0";""
"201900047774";"138 216 214";"B01";"1";"33";"0";"2";"1";"1";"6";""
"201900047775";"138 216 211";"A01";"1";"7";"0";"2";"3";"10";"6";""
"201900047775";"138 216 212";"B01";"1";"31";"0";"2";"1";"1";"1";""
"201900047776";"138 216 210";"A01";"1";"7";"0";"1";"2";"1";"0";""
"201900047777";"138 216 209";"A01";"1";"7";"0";"1";"1";"1";"1";""
"201900047778";"138 216 205";"B01";"1";"7";"0";"2";"4";"2";"1";""
"201900047778";"138 216 206";"C01";"1";"7";"0";"2";"4";"2";"1";""
"201900047778";"138 216 207";"A01";"1";"7";"0";"2";"1";"2";"1";""
"201900047779";"138 216 203";"A01";"2";"37";"0";"2";"1";"2";"1";"1"
"201900047779";"138 216 204";"B01";"2";"33";"12";"0";"9";"17";"1";""
"201900047780";"138 216 201";"A01";"1";"7";"0";"2";"1";"26";"1";""
"201900047780";"138 216 202";"B01";"1";"7";"0";"0";"4";"26";"1";""
"201900047781";"138 216 199";"A01";"1";"3";"0";"2";"3";"26";"0";""
"201900047781";"138 216 200";"B01";"1";"3";"0";"2";"3";"9";"0";""
"201900047782";"138 216 198";"A01";"1";"34";"14";"0";"1";"9";"6";""
"201900047783";"138 216 196";"B01";"2";"10";"0";"2";"2";"1";"1";""
"201900047783";"138 216 197";"A01";"1";"31";"0";"2";"7";"15";"1";""
"201900047784";"138 216 194";"A01";"2";"33";"0";"2";"7";"17";"0";""
"201900047784";"138 216 195";"B01";"0";"10";"0";"1";"1";"9";"0";""
"201900047785";"138 216 192";"B01";"1";"7";"0";"2";"8";"1";"1";""
"201900047785";"138 216 193";"A01";"1";"7";"0";"2";"2";"9";"1";""
"201900047786";"138 216 190";"A01";"1";"37";"0";"2";"1";"1";"1";"1"
"201900047786";"138 216 191";"B01";"1";"7";"0";"2";"4";"2";"1";""
"201900047787";"138 216 188";"B01";"1";"7";"0";"0";"4";"23";"1";""
"201900047787";"138 216 189";"A01";"1";"30";"0";"2";"4";"23";"1";""
"201900047788";"138 216 186";"A01";"3";"7";"0";"2";"2";"1";"0";""
"201900047788";"138 216 187";"B01";"3";"33";"0";"2";"2";"2";"0";""
"201900047789";"138 216 184";"B01";"1";"10";"0";"2";"6";"16";"1";""
"201900047789";"138 216 185";"A01";"1";"7";"0";"2";"2";"17";"1";""
"201900047790";"138 216 182";"A01";"3";"10";"0";"2";"3";"1";"0";""
"201900047790";"138 216 183";"B01";"3";"2";"0";"2";"1";"13";"1";""
"201900047791";"138 216 180";"B01";"3";"7";"0";"2";"8";"1";"1";""
"201900047791";"138 216 181";"A01";"3";"7";"0";"2";"1";"9";"1";""
"201900047792";"138 216 178";"A01";"2";"7";"0";"6";"3";"24";"1";""
"201900047792";"138 216 179";"B01";"1";"1";"0";"2";"1";"1";"5";""
"201900047793";"138 216 176";"A01";"1";"7";"0";"2";"2";"23";"1";""
"201900047793";"138 216 177";"B01";"1";"34";"14";"0";"1";"1";"1";""
"201900047794";"138 216 175";"A01";"3";"32";"0";"1";"1";"0";"1";""
"201900047795";"138 216 174";"A01";"1";"7";"1";"0";"1";"1";"1";""
"201900047796";"138 216 172";"A01";"1";"13";"0";"2";"1";"2";"1";""
"201900047796";"138 216 173";"B01";"1";"7";"0";"2";"4";"23";"1";""
"201900047797";"138 216 171";"A01";"2";"37";"14";"2";"3";"15";"0";"1"
"201900047798";"138 216 170";"A01";"3";"7";"0";"1";"5";"9";"1";""
"201900047799";"138 216 168";"A01";"1";"7";"0";"2";"1";"1";"1";""
"201900047799";"138 216 169";"B01";"2";"7";"0";"2";"3";"13";"1";""
"201900047800";"138 216 167";"A01";"2";"7";"0";"1";"4";"20";"1";""
"201900047801";"138 216 166";"A01";"1";"7";"0";"1";"0";"19";"1";""
"201900047802";"138 216 165";"A01";"1";"7";"0";"1";"2";"19";"1";""
"201900047803";"138 216 163";"B01";"1";"7";"6";"2";"6";"1";"1";""
"201900047803";"138 216 164";"A01";"3";"7";"0";"2";"1";"15";"1";""
"201900047804";"138 216 162";"A01";"1";"7";"0";"1";"3";"1";"1";""
"201900047805";"138 216 161";"A01";"1";"10";"0";"1";"1";"1";"1";""
"201900047806";"138 216 160";"A01";"0";"2";"0";"1";"1";"17";"1";""
"201900047807";"138 216 159";"A01";"1";"7";"0";"1";"3";"2";"1";""
"201900047808";"138 216 157";"B01";"1";"7";"0";"2";"1";"1";"0";""
"201900047808";"138 216 158";"A01";"1";"31";"0";"2";"1";"26";"0";""
"201900047809";"138 216 156";"A01";"3";"10";"0";"1";"4";"4";"0";""
"201900047810";"138 216 155";"A01";"3";"7";"0";"1";"1";"16";"1";""
"201900047811";"138 216 153";"B01";"3";"7";"0";"2";"1";"1";"0";""
"201900047811";"138 216 154";"A01";"3";"7";"0";"2";"1";"11";"0";""
"201900047812";"138 216 151";"B01";"1";"7";"0";"2";"3";"1";"1";""
"201900047812";"138 216 152";"A01";"1";"7";"14";"2";"3";"17";"1";""
"201900047813";"138 216 148";"A01";"2";"7";"0";"2";"7";"15";"1";""
"201900047813";"138 216 149";"C01";"2";"7";"0";"2";"3";"1";"1";""
"201900047813";"138 216 150";"B01";"1";"33";"0";"2";"1";"17";"1";""
"201900047814";"138 216 146";"A01";"1";"32";"0";"2";"1";"1";"1";""
"201900047814";"138 216 147";"B01";"1";"7";"0";"2";"4";"1";"1";""
"201900047815";"138 216 145";"A01";"2";"30";"0";"0";"0";"0";"1";""
"201900047816";"138 216 144";"A01";"1";"7";"0";"1";"2";"1";"1";""
"201900047817";"138 216 143";"A01";"2";"7";"0";"1";"1";"1";"1";""
"201900047818";"138 216 142";"A01";"1";"7";"0";"1";"1";"1";"1";""
"201900047819";"138 216 141";"A01";"2";"33";"16";"0";"1";"1";"1";""
"201900047820";"138 216 140";"A01";"0";"33";"12";"0";"2";"0";"1";""
"201900047821";"138 216 139";"A01";"3";"7";"0";"1";"7";"2";"1";""
"201900047822";"138 216 137";"A01";"1";"10";"0";"0";"3";"1";"1";""
"201900047822";"138 216 138";"B01";"2";"31";"0";"0";"1";"1";"1";""
"201900047823";"138 216 135";"A01";"1";"7";"0";"2";"2";"15";"1";""
"201900047823";"138 216 136";"B01";"2";"33";"0";"2";"1";"1";"1";""
"201900047824";"138 216 134";"A01";"1";"33";"0";"0";"7";"1";"6";""
"201900047825";"138 216 133";"A01";"1";"7";"6";"0";"1";"1";"1";""
"201900047826";"138 216 132";"A01";"1";"7";"0";"0";"0";"0";"1";""
"201900047827";"138 216 129";"A01";"1";"7";"0";"2";"3";"21";"1";""
"201900047827";"138 216 130";"B01";"1";"7";"0";"2";"4";"1";"1";""
"201900047827";"138 216 131";"C01";"1";"7";"0";"0";"4";"23";"1";""
"201900047828";"138 216 127";"B01";"2";"15";"0";"0";"4";"2";"1";""
"201900047828";"138 216 128";"A01";"2";"13";"0";"2";"1";"2";"1";""
"201900047829";"138 216 125";"A01";"1";"7";"0";"2";"1";"1";"1";""
"201900047829";"138 216 126";"B01";"2";"36";"0";"2";"1";"13";"1";""
"201900047830";"138 216 124";"A01";"3";"36";"13";"0";"0";"15";"1";""
"201900047831";"138 216 122";"A01";"1";"7";"0";"2";"3";"15";"1";""
"201900047831";"138 216 123";"B01";"1";"30";"0";"2";"2";"15";"0";""
"201900047832";"138 216 121";"A01";"1";"7";"0";"1";"2";"1";"1";""
"201900047833";"138 216 119";"B01";"2";"7";"0";"2";"2";"2";"1";""
"201900047833";"138 216 120";"A01";"2";"1";"0";"0";"4";"2";"0";""
"201900047834";"138 216 116";"A01";"1";"7";"0";"2";"3";"1";"1";""
"201900047834";"138 216 117";"B01";"1";"7";"0";"2";"5";"1";"1";""
"201900047835";"138 216 114";"A01";"1";"7";"0";"2";"1";"14";"0";""
"201900047835";"138 216 115";"B01";"1";"99";"0";"0";"4";"2";"6";""
"201900047836";"138 216 113";"A01";"1";"31";"2";"0";"1";"1";"1";""
"201900047837";"138 216 112";"A01";"1";"7";"3";"0";"1";"0";"6";""
"201900047838";"138 216 110";"B01";"1";"1";"0";"2";"1";"1";"5";""
"201900047838";"138 216 111";"A01";"2";"7";"12";"2";"3";"1";"6";""
"201900047839";"138 216 108";"B01";"3";"7";"0";"2";"3";"1";"1";""
"201900047839";"138 216 109";"A01";"3";"7";"0";"2";"3";"6";"3";""
"201900047840";"138 216 107";"A01";"1";"7";"8";"0";"9";"0";"1";""
"201900047841";"138 216 105";"A01";"1";"7";"0";"2";"2";"1";"1";""
"201900047841";"138 216 106";"B01";"1";"1";"0";"0";"4";"1";"5";""
"201900047842";"138 216 104";"A01";"1";"7";"2";"0";"9";"1";"2";""
"201900047843";"138 216 103";"A01";"2";"7";"2";"0";"2";"1";"1";""
"201900047844";"138 216 101";"A01";"1";"7";"0";"2";"3";"2";"1";""
"201900047844";"138 216 102";"B01";"1";"7";"0";"0";"5";"15";"1";""
"201900047845";"138 216 098";"A01";"1";"33";"3";"2";"1";"13";"1";""
"201900047845";"138 216 099";"B01";"2";"7";"0";"2";"1";"1";"1";""
"201900047845";"138 216 100";"C01";"1";"7";"0";"2";"1";"1";"1";""
"201900047846";"138 216 097";"A01";"2";"33";"0";"0";"0";"1";"0";""
"201900047847";"138 216 095";"A01";"2";"7";"0";"2";"1";"2";"1";""
"201900047847";"138 216 096";"B01";"2";"17";"0";"0";"4";"2";"1";""
"201900047848";"138 216 093";"B01";"3";"7";"0";"1";"3";"23";"1";""
"201900047848";"138 216 094";"A01";"3";"7";"0";"1";"3";"21";"1";""
"201900047849";"138 216 091";"B01";"2";"10";"0";"2";"3";"1";"1";""
"201900047849";"138 216 092";"A01";"1";"7";"0";"2";"3";"13";"1";""
"201900047850";"138 216 087";"B01";"1";"2";"0";"2";"1";"1";"0";""
"201900047850";"138 216 088";"A01";"2";"7";"0";"2";"3";"17";"1";""
"201900047851";"138 216 085";"A01";"2";"7";"8";"0";"1";"2";"0";""
"201900047851";"138 216 086";"B01";"3";"7";"0";"0";"3";"16";"0";""
"201900047852";"138 216 083";"A01";"2";"15";"0";"2";"1";"2";"1";""
"201900047852";"138 216 084";"B01";"2";"14";"0";"0";"4";"2";"1";""
"201900047853";"138 216 080";"A01";"2";"7";"14";"0";"4";"2";"1";""
"201900047853";"138 216 081";"B01";"2";"10";"0";"2";"1";"2";"1";""
"201900047854";"138 216 078";"A01";"2";"7";"3";"0";"1";"1";"6";""
"201900047855";"138 216 076";"B01";"1";"10";"0";"2";"3";"1";"1";""
"201900047855";"138 216 077";"A01";"2";"2";"0";"2";"3";"5";"1";""
"201900047856";"138 216 073";"C01";"1";"7";"0";"2";"1";"1";"1";""
"201900047856";"138 216 074";"B01";"1";"7";"0";"2";"4";"23";"1";""
"201900047856";"138 216 075";"A01";"1";"7";"0";"1";"4";"23";"1";""
"201900047857";"138 216 071";"A01";"2";"2";"0";"2";"7";"1";"1";""
"201900047857";"138 216 072";"B01";"1";"7";"0";"2";"3";"1";"1";""
"201900047858";"138 216 069";"B01";"2";"7";"13";"2";"4";"23";"1";""
"201900047858";"138 216 070";"A01";"2";"7";"1";"0";"1";"2";"1";""
"201900047859";"138 216 068";"A01";"1";"7";"0";"1";"2";"1";"1";""
"201900047860";"138 216 066";"B01";"2";"7";"0";"2";"3";"1";"1";""
"201900047860";"138 216 067";"A01";"1";"7";"0";"2";"1";"1";"1";""
"201900047861";"138 216 064";"A01";"2";"7";"0";"2";"6";"15";"1";""
"201900047861";"138 216 065";"B01";"2";"33";"0";"2";"1";"1";"1";""
"201900047862";"138 216 063";"A01";"2";"7";"6";"0";"1";"13";"1";""
"201900047863";"138 216 061";"A01";"1";"7";"0";"0";"1";"1";"1";""