"Num_Acc";"id_vehicule";"num_veh";"senc";"catv";"obs";"obsm";"choc";"manv";"motor";"occutc"
"201900047863";"138 216 062";"B01";"2";"7";"0";"2";"7";"1";"1";""
"201900047864";"138 216 060";"A01";"3";"50";"0";"0";"9";"26";"3";""
"201900047865";"138 216 058";"B01";"2";"7";"0";"2";"1";"1";"1";""
"201900047865";"138 216 059";"A01";"1";"7";"0";"2";"1";"13";"1";""
"201900047866";"138 216 057";"A01";"1";"7";"3";"0";"2";"14";"1";""
"201900047867";"138 216 055";"B01";"1";"7";"0";"2";"3";"1";"1";""
"201900047867";"138 216 056";"A01";"2";"7";"0";"2";"3";"1";"1";""
"201900047868";"138 216 053";"A01";"2";"7";"0";"2";"3";"13";"1";""
"201900047868";"138 216 054";"B01";"1";"7";"0";"2";"3";"1";"1";""
"201900047869";"138 216 052";"A01";"1";"7";"2";"0";"2";"13";"1";""
"201900047870";"138 216 051";"A01";"1";"7";"8";"0";"1";"13";"1";""
"201900047871";"138 216 049";"B01";"1";"7";"0";"2";"1";"2";"1";""
"201900047871";"138 216 050";"A01";"1";"7";"0";"2";"8";"10";"1";""
"201900047872";"138 216 047";"B01";"1";"7";"0";"2";"1";"1";"1";""
"201900047872";"138 216 048";"A01";"2";"7";"0";"2";"7";"13";"1";""
"201900047873";"138 216 045";"B01";"1";"7";"0";"0";"6";"1";"1";""
"201900047873";"138 216 046";"A01";"1";"7";"0";"2";"1";"2";"1";""
"201900047874";"138 216 043";"A01";"1";"7";"0";"2";"3";"13";"1";""
"201900047874";"138 216 044";"B01";"2";"7";"0";"2";"3";"1";"1";""
"201900047875";"138 216 041";"B01";"0";"7";"0";"2";"1";"1";"1";""
"201900047875";"138 216 042";"A01";"0";"7";"0";"2";"1";"1";"1";""
"201900047876";"138 216 039";"B01";"2";"7";"2";"2";"3";"1";"1";""
"201900047876";"138 216 040";"A01";"1";"7";"0";"2";"3";"13";"1";""
"201900047877";"138 216 037";"A01";"2";"7";"0";"2";"1";"13";"1";""
"201900047877";"138 216 038";"B01";"1";"7";"0";"2";"1";"1";"1";""
"201900047878";"138 216 035";"B01";"1";"38";"0";"2";"3";"21";"1";"15"
"201900047878";"138 216 036";"A01";"2";"7";"0";"2";"3";"13";"1";""
"201900047879";"138 216 034";"A01";"2";"7";"6";"0";"3";"1";"1";""
"201900047880";"138 216 033";"A01";"2";"7";"4";"0";"9";"1";"1";""
"201900047881";"138 216 032";"A01";"3";"14";"0";"1";"2";"1";"1";""
"201900047882";"138 216 031";"A01";"0";"7";"0";"1";"3";"16";"1";""
"201900047883";"138 216 030";"A01";"1";"10";"0";"1";"2";"17";"1";""
"201900047884";"138 216 028";"A01";"1";"7";"0";"0";"3";"2";"1";""
"201900047884";"138 216 029";"B01";"2";"7";"0";"0";"1";"1";"1";""
"201900047885";"138 216 027";"A01";"2";"7";"13";"0";"9";"1";"1";""
"201900047886";"138 216 026";"A01";"2";"14";"13";"0";"2";"1";"1";""
"201900047887";"138 216 024";"A01";"2";"7";"0";"2";"3";"13";"1";""
"201900047887";"138 216 025";"B01";"1";"7";"0";"2";"3";"1";"1";""
"201900047888";"138 216 022";"A01";"1";"1";"0";"2";"8";"19";"5";""
"201900047888";"138 216 023";"B01";"2";"7";"0";"2";"3";"1";"1";""
"201900047889";"138 216 020";"A01";"2";"7";"0";"2";"2";"1";"1";""
"201900047889";"138 216 021";"B01";"1";"10";"0";"2";"1";"1";"1";""
"201900047890";"138 216 019";"A01";"1";"7";"8";"0";"1";"17";"1";""
"201900047891";"138 216 017";"A01";"1";"7";"0";"9";"2";"1";"1";""
"201900047891";"138 216 018";"B01";"2";"1";"0";"2";"1";"15";"5";""
"201900047892";"138 216 015";"A01";"2";"7";"0";"2";"2";"2";"1";""
"201900047892";"138 216 016";"B01";"2";"7";"0";"2";"4";"1";"1";""
"201900047893";"138 216 013";"A01";"3";"80";"0";"0";"4";"1";"3";""
"201900047893";"138 216 014";"B01";"3";"7";"0";"1";"1";"9";"1";""
"201900047894";"138 216 012";"A01";"1";"10";"0";"1";"2";"13";"1";""
"201900047895";"138 216 011";"A01";"3";"7";"0";"1";"3";"1";"1";""
"201900047896";"138 216 010";"A01";"1";"7";"2";"0";"5";"1";"1";""
"201900047897";"138 216 009";"A01";"0";"7";"5";"0";"2";"1";"1";""
"201900047898";"138 216 007";"B01";"0";"2";"0";"0";"4";"2";"1";""
"201900047898";"138 216 008";"A01";"2";"7";"0";"2";"1";"2";"1";""
"201900047899";"138 216 006";"A01";"1";"7";"2";"0";"1";"13";"1";""
"201900047900";"138 216 003";"A01";"1";"7";"0";"2";"4";"2";"1";""
"201900047900";"138 216 004";"B01";"1";"7";"0";"2";"4";"2";"1";""
"201900047900";"138 216 005";"C01";"1";"7";"0";"2";"1";"2";"1";""
"201900047901";"138 216 000";"C01";"2";"7";"0";"0";"0";"0";"1";""
"201900047901";"138 216 001";"B01";"2";"10";"0";"2";"5";"2";"0";""
"201900047901";"138 216 002";"A01";"2";"7";"0";"2";"1";"1";"1";""
"201900047902";"138 215 997";"A01";"2";"17";"0";"2";"3";"2";"1";""
"201900047902";"138 215 998";"B01";"2";"7";"0";"2";"4";"2";"1";""
"201900047902";"138 215 999";"C01";"2";"10";"0";"2";"4";"2";"1";""
"201900047903";"138 215 996";"A01";"2";"33";"4";"0";"0";"1";"1";""
"201900047904";"138 215 995";"A01";"2";"7";"2";"0";"9";"1";"1";""
"201900047905";"138 215 993";"B01";"1";"7";"0";"2";"6";"26";"1";""
"201900047905";"138 215 994";"A01";"1";"17";"0";"2";"2";"14";"1";""
"201900047906";"138 215 991";"Z01";"1";"7";"0";"2";"0";"0";"0";""
"201900047906";"138 215 992";"A01";"1";"33";"0";"2";"8";"2";"1";""
"201900047907";"138 215 989";"A01";"1";"7";"0";"2";"2";"14";"1";""
"201900047907";"138 215 990";"B01";"1";"7";"0";"2";"8";"1";"1";""
"201900047908";"138 215 988";"A01";"1";"7";"4";"0";"1";"1";"1";""
"201900047909";"138 215 986";"B01";"2";"7";"0";"2";"4";"2";"1";""
"201900047909";"138 215 987";"A01";"2";"7";"0";"2";"1";"2";"1";""
"201900047910";"138 215 985";"A01";"1";"7";"4";"0";"3";"1";"1";""
"201900047911";"138 215 984";"A01";"2";"7";"3";"0";"2";"1";"1";""
"201900047912";"138 215 983";"A01";"1";"10";"4";"0";"1";"1";"1";""
"201900047913";"138 215 981";"Z01";"1";"7";"0";"2";"0";"11";"1";""
"201900047913";"138 215 982";"A01";"1";"33";"0";"2";"8";"3";"1";""
"201900047914";"138 215 979";"A01";"2";"7";"4";"2";"2";"14";"1";""
"201900047914";"138 215 980";"B01";"2";"17";"0";"2";"3";"1";"1";""
"201900047915";"138 215 977";"B01";"2";"7";"0";"2";"4";"2";"1";""
"201900047915";"138 215 978";"A01";"2";"7";"0";"2";"1";"2";"1";""
"201900047916";"138 215 976";"A01";"1";"7";"4";"0";"1";"1";"1";""
"201900047917";"138 215 975";"A01";"2";"7";"3";"0";"3";"13";"1";""
"201900047918";"138 215 974";"A01";"2";"7";"4";"0";"3";"1";"1";""
"201900047919";"138 215 970";"C01";"1";"7";"0";"2";"4";"2";"1";""
"201900047919";"138 215 971";"D01";"1";"7";"0";"2";"4";"2";"1";""
"201900047919";"138 215 972";"B01";"1";"7";"0";"2";"1";"2";"1";""
"201900047919";"138 215 973";"A01";"1";"7";"0";"2";"1";"2";"1";""
"201900047920";"138 215 969";"A01";"1";"7";"3";"0";"1";"0";"1";""
"201900047921";"138 215 967";"A01";"2";"32";"0";"2";"1";"3";"1";""
"201900047921";"138 215 968";"B01";"2";"10";"0";"2";"5";"2";"1";""
"201900047922";"138 215 963";"A01";"2";"31";"0";"2";"2";"3";"1";""
"201900047922";"138 215 964";"B01";"2";"7";"0";"2";"2";"2";"1";""
"201900047922";"138 215 965";"C01";"2";"7";"0";"2";"8";"12";"1";""
"201900047922";"138 215 966";"D01";"2";"7";"0";"2";"5";"2";"1";""
"201900047923";"138 215 961";"B01";"1";"7";"0";"2";"2";"2";"1";""
"201900047923";"138 215 962";"A01";"3";"7";"0";"2";"5";"9";"0";""
"201900047924";"138 215 960";"A01";"1";"7";"8";"0";"1";"15";"1";""
"201900047925";"138 215 958";"A01";"2";"7";"0";"0";"1";"13";"0";""
"201900047925";"138 215 959";"B01";"1";"7";"0";"0";"1";"1";"0";""
"201900047926";"138 215 957";"A01";"2";"32";"7";"0";"1";"13";"1";""
"201900047927";"138 215 955";"A01";"1";"7";"0";"2";"1";"9";"1";""
"201900047927";"138 215 956";"B01";"2";"31";"0";"2";"1";"1";"1";""
"201900047928";"138 215 953";"B01";"1";"7";"0";"2";"2";"15";"1";""
"201900047928";"138 215 954";"A01";"1";"1";"15";"1";"2";"26";"5";""
"201900047929";"138 215 952";"A01";"1";"7";"0";"1";"2";"1";"0";""
"201900047930";"138 215 951";"A01";"1";"30";"9";"0";"7";"1";"1";""
"201900047931";"138 215 947";"B01";"3";"10";"0";"2";"6";"1";"1";""
"201900047931";"138 215 948";"A01";"3";"10";"0";"2";"2";"1";"1";""
"201900047932";"138 215 945";"A01";"1";"7";"0";"2";"3";"15";"1";""
"201900047932";"138 215 946";"B01";"2";"33";"0";"2";"1";"1";"1";""
"201900047933";"138 215 943";"A01";"1";"7";"0";"2";"1";"13";"1";""
"201900047933";"138 215 944";"B01";"2";"7";"0";"2";"1";"1";"1";""
"201900047934";"138 215 941";"B01";"2";"7";"0";"2";"2";"10";"1";""
"201900047934";"138 215 942";"A01";"1";"33";"0";"2";"8";"1";"1";""
"201900047935";"138 215 939";"B01";"3";"7";"0";"2";"4";"26";"1";""
"201900047935";"138 215 940";"A01";"3";"99";"0";"2";"2";"26";"1";""
"201900047936";"138 215 936";"A01";"3";"7";"0";"1";"1";"1";"1";""
"201900047937";"138 215 934";"B01";"1";"10";"0";"2";"1";"1";"1";""
"201900047937";"138 215 935";"A01";"2";"10";"0";"2";"1";"13";"1";""
"201900047938";"138 215 932";"A01";"1";"7";"12";"0";"4";"1";"1";""
"201900047938";"138 215 933";"B01";"1";"2";"12";"2";"1";"2";"1";""
"201900047939";"138 215 931";"A01";"2";"7";"0";"1";"1";"15";"1";""
"201900047940";"138 215 929";"A01";"3";"7";"0";"2";"0";"2";"0";""
"201900047940";"138 215 930";"B01";"3";"10";"15";"0";"4";"2";"1";""
"201900047941";"138 215 927";"B01";"3";"7";"0";"2";"1";"1";"1";""
"201900047941";"138 215 928";"A01";"3";"7";"0";"2";"6";"1";"1";""
"201900047942";"138 215 925";"A01";"2";"7";"0";"2";"2";"1";"1";""
"201900047942";"138 215 926";"B01";"1";"7";"0";"2";"3";"1";"1";""
"201900047943";"138 215 924";"A01";"2";"7";"0";"1";"2";"1";"1";""
"201900047944";"138 215 920";"A01";"1";"7";"6";"1";"1";"14";"1";""
"201900047945";"138 215 919";"A01";"1";"7";"0";"1";"2";"9";"1";""
"201900047946";"138 215 917";"A01";"1";"7";"0";"2";"1";"17";"1";""
"201900047946";"138 215 918";"B01";"1";"7";"0";"2";"4";"1";"1";""
"201900047947";"138 215 912";"B01";"2";"7";"0";"2";"2";"1";"1";""
"201900047947";"138 215 913";"A01";"2";"7";"4";"2";"5";"11";"1";""
"201900047948";"138 215 910";"B01";"3";"7";"0";"2";"0";"1";"1";""
"201900047948";"138 215 911";"A01";"3";"7";"0";"2";"1";"1";"1";""
"201900047949";"138 215 908";"B01";"1";"7";"0";"2";"4";"2";"1";""
"201900047949";"138 215 909";"A01";"1";"7";"0";"2";"1";"2";"1";""
"201900047950";"138 215 906";"A01";"2";"7";"0";"2";"1";"1";"1";""
"201900047950";"138 215 907";"B01";"1";"7";"0";"2";"8";"1";"1";""
"201900047951";"138 215 904";"A01";"1";"32";"0";"2";"1";"1";"0";""
"201900047951";"138 215 905";"B01";"2";"7";"0";"2";"5";"15";"1";""
"201900047952";"138 215 903";"A01";"1";"10";"0";"1";"2";"21";"1";""
"201900047953";"138 215 900";"A01";"2";"10";"3";"0";"3";"17";"1";""
"201900047953";"138 215 901";"B01";"2";"10";"0";"2";"3";"17";"1";""
"201900047953";"138 215 902";"C01";"2";"10";"0";"2";"3";"21";"1";""
"201900047954";"138 215 897";"A01";"1";"7";"0";"2";"2";"19";"1";""
"201900047954";"138 215 898";"B01";"1";"36";"0";"2";"1";"1";"1";""
"201900047955";"138 215 896";"A01";"2";"31";"0";"1";"1";"2";"1";""
"201900047956";"138 215 895";"A01";"2";"33";"0";"0";"0";"1";"1";""
"201900047957";"138 215 893";"A01";"1";"7";"0";"2";"1";"2";"1";""
"201900047957";"138 215 894";"B01";"1";"7";"1";"0";"5";"24";"1";""
"201900047958";"138 215 892";"Z01";"1";"33";"0";"1";"0";"5";"0";""
"201900047959";"138 215 890";"A01";"2";"7";"0";"2";"3";"12";"1";""
"201900047959";"138 215 891";"B01";"2";"31";"0";"2";"4";"1";"1";""
"201900047960";"138 215 888";"A01";"1";"10";"0";"2";"1";"2";"1";""
"201900047960";"138 215 889";"B01";"1";"7";"0";"2";"4";"23";"1";""
"201900047961";"138 215 887";"A01";"2";"30";"0";"1";"1";"18";"1";""
"201900047962";"138 215 885";"A01";"1";"7";"0";"2";"4";"23";"1";""
"201900047962";"138 215 886";"Z01";"1";"7";"0";"2";"0";"2";"0";""
"201900047963";"138 215 883";"B01";"1";"1";"0";"2";"8";"19";"5";""
"201900047963";"138 215 884";"A01";"1";"30";"0";"2";"1";"1";"1";""
"201900047964";"138 215 882";"A01";"2";"30";"0";"0";"0";"1";"1";""
"201900047965";"138 215 881";"A01";"1";"30";"0";"0";"0";"1";"1";""
"201900047966";"138 215 880";"A01";"1";"7";"0";"1";"4";"4";"1";""
"201900047967";"138 215 879";"A01";"1";"32";"0";"0";"0";"1";"1";""
"201900047968";"138 215 878";"A01";"1";"7";"12";"0";"1";"14";"1";""
"201900047969";"138 215 875";"B01";"2";"32";"0";"2";"1";"5";"1";""
"201900047969";"138 215 876";"A01";"1";"7";"0";"2";"2";"1";"1";""
"201900047970";"138 215 874";"A01";"2";"1";"0";"1";"1";"1";"5";""
"201900047971";"138 215 873";"A01";"2";"7";"1";"0";"9";"14";"1";""
"201900047972";"138 215 871";"A01";"1";"7";"0";"2";"3";"9";"1";""
"201900047972";"138 215 872";"B01";"2";"30";"0";"2";"3";"1";"1";""
"201900047973";"138 215 870";"A01";"1";"30";"0";"2";"0";"17";"1";""
"201900047974";"138 215 868";"A01";"1";"7";"0";"2";"1";"0";"1";""
"201900047974";"138 215 869";"B01";"2";"7";"15";"0";"4";"23";"1";""
"201900047975";"138 215 866";"B01";"1";"7";"0";"2";"1";"2";"1";""
"201900047975";"138 215 867";"A01";"1";"7";"0";"2";"1";"5";"4";""
"201900047976";"138 215 864";"A01";"2";"3";"0";"2";"5";"1";"1";""
"201900047976";"138 215 865";"B01";"2";"3";"0";"2";"1";"2";"1";""
"201900047977";"138 215 862";"B01";"0";"7";"0";"2";"1";"1";"1";""
"201900047977";"138 215 863";"A01";"3";"7";"0";"2";"3";"15";"1";""
"201900047978";"138 215 858";"B01";"2";"7";"0";"2";"5";"1";"1";""
"201900047978";"138 215 859";"A01";"3";"7";"0";"2";"1";"16";"1";""
"201900047979";"138 215 856";"B01";"2";"0";"0";"2";"1";"1";"0";""
"201900047979";"138 215 857";"A01";"2";"7";"3";"0";"6";"1";"1";""
"201900047980";"138 215 853";"A01";"2";"7";"0";"2";"7";"1";"1";""
"201900047980";"138 215 854";"B01";"2";"7";"7";"2";"1";"1";"1";""
"201900047980";"138 215 855";"C01";"1";"7";"0";"2";"6";"23";"1";""
"201900047981";"138 215 851";"B01";"1";"7";"0";"9";"1";"1";"1";""
"201900047981";"138 215 852";"A01";"2";"1";"0";"2";"0";"15";"5";""
"201900047982";"138 215 849";"A01";"2";"7";"0";"2";"3";"13";"0";""
"201900047982";"138 215 850";"B01";"1";"7";"0";"2";"8";"21";"1";""
"201900047983";"138 215 848";"A01";"0";"7";"0";"1";"3";"1";"1";""
"201900047984";"138 215 846";"B01";"3";"7";"0";"2";"8";"15";"1";""
"201900047984";"138 215 847";"A01";"3";"2";"0";"2";"1";"17";"1";""
"201900047985";"138 215 844";"A01";"2";"10";"0";"2";"3";"1";"1";""
"201900047985";"138 215 845";"B01";"1";"21";"0";"2";"3";"1";"1";""
"201900047986";"138 215 842";"B01";"2";"15";"0";"0";"4";"1";"1";""
"201900047986";"138 215 843";"A01";"2";"7";"0";"2";"1";"1";"1";""
"201900047987";"138 215 840";"B01";"2";"7";"0";"2";"7";"17";"1";""
"201900047987";"138 215 841";"A01";"2";"7";"2";"2";"8";"1";"1";""
"201900047988";"138 215 839";"A01";"2";"7";"13";"0";"8";"1";"1";""
"201900047989";"138 215 836";"C01";"2";"7";"0";"9";"1";"1";"1";""
"201900047989";"138 215 837";"B01";"1";"7";"0";"2";"1";"1";"1";""
"201900047989";"138 215 838";"A01";"1";"7";"8";"0";"2";"1";"1";""
"201900047990";"138 215 835";"A01";"1";"7";"2";"0";"1";"1";"1";""
"201900047991";"138 215 834";"A01";"1";"7";"2";"0";"7";"13";"1";""
"201900047992";"138 215 832";"A01";"2";"7";"0";"2";"1";"1";"1";""
"201900047992";"138 215 833";"B01";"3";"1";"0";"2";"8";"26";"5";""
"201900047993";"138 215 830";"B01";"2";"7";"0";"2";"3";"1";"1";""
"201900047993";"138 215 831";"A01";"2";"7";"0";"2";"3";"13";"1";""
"201900047994";"138 215 827";"B01";"0";"7";"0";"2";"1";"1";"0";""
"201900047994";"138 215 828";"A01";"0";"10";"0";"2";"1";"13";"0";""
"201900047995";"138 215 825";"A01";"0";"7";"0";"2";"1";"1";"0";""
"201900047995";"138 215 826";"B01";"0";"7";"0";"2";"1";"1";"0";""
"201900047996";"138 215 824";"A01";"3";"7";"0";"1";"2";"16";"1";""
"201900047997";"138 215 823";"A01";"1";"7";"8";"0";"2";"17";"1";""
"201900047998";"138 215 822";"A01";"3";"7";"0";"1";"2";"15";"1";""
"201900047999";"138 215 820";"B01";"3";"7";"0";"1";"4";"23";"1";""
"201900047999";"138 215 821";"A01";"3";"7";"1";"0";"6";"2";"1";""
"201900048000";"138 215 819";"A01";"3";"7";"6";"0";"1";"0";"0";""
"201900048001";"138 215 818";"A01";"1";"7";"13";"0";"9";"1";"1";""
"201900048002";"138 215 816";"B01";"1";"7";"13";"0";"1";"1";"1";""
"201900048002";"138 215 817";"A01";"1";"7";"13";"0";"3";"15";"1";""
"201900048003";"138 215 815";"A01";"1";"7";"16";"0";"0";"13";"0";""
"201900048004";"138 215 814";"A01";"2";"7";"0";"0";"9";"1";"1";""
"201900048005";"138 215 812";"A01";"2";"7";"0";"2";"3";"1";"1";""
"201900048005";"138 215 813";"B01";"1";"10";"0";"2";"3";"13";"1";""
"201900048006";"138 215 810";"B01";"1";"7";"3";"2";"1";"1";"1";""
"201900048006";"138 215 811";"A01";"2";"7";"3";"2";"1";"13";"1";""
"201900048007";"138 215 809";"A01";"2";"7";"0";"1";"2";"15";"1";""
"201900048008";"138 215 808";"A01";"1";"7";"13";"0";"2";"21";"1";""
"201900048009";"138 215 806";"B01";"2";"13";"0";"2";"3";"1";"1";""
"201900048009";"138 215 807";"A01";"1";"7";"0";"2";"2";"26";"1";""
"201900048010";"138 215 804";"B01";"1";"7";"6";"2";"1";"1";"1";""
"201900048010";"138 215 805";"A01";"1";"7";"0";"2";"2";"15";"1";""
"201900048011";"138 215 802";"B01";"2";"13";"0";"2";"3";"1";"1";""
"201900048011";"138 215 803";"A01";"1";"7";"0";"2";"1";"13";"0";""
"201900048012";"138 215 801";"A01";"1";"33";"0";"0";"8";"0";"1";""
"201900048013";"138 215 799";"B01";"0";"39";"0";"2";"1";"1";"3";""
"201900048013";"138 215 800";"A01";"2";"7";"0";"4";"5";"1";"1";""
"201900048014";"138 215 797";"B01";"3";"1";"0";"2";"7";"16";"5";""
"201900048014";"138 215 798";"A01";"3";"7";"0";"9";"3";"9";"1";""
"201900048015";"138 215 796";"A01";"2";"7";"2";"0";"9";"1";"1";""
"201900048016";"138 215 794";"B01";"0";"3";"0";"2";"0";"0";"1";""
"201900048016";"138 215 795";"A01";"0";"7";"0";"2";"1";"1";"1";""
"201900048017";"138 215 793";"A01";"1";"7";"0";"1";"2";"0";"1";""
"201900048018";"138 215 788";"A01";"2";"7";"0";"2";"3";"19";"1";""
"201900048018";"138 215 789";"B01";"2";"7";"0";"0";"7";"1";"1";""
"201900048019";"138 215 786";"A01";"1";"7";"0";"2";"3";"13";"1";""
"201900048019";"138 215 787";"B01";"2";"7";"0";"2";"3";"1";"1";""
"201900048020";"138 215 785";"A01";"1";"31";"13";"0";"1";"1";"1";""
"201900048021";"138 215 784";"A01";"2";"7";"0";"0";"0";"1";"1";""
"201900048022";"138 215 783";"A01";"1";"15";"0";"1";"1";"1";"1";""
"201900048023";"138 215 782";"A01";"3";"7";"2";"0";"1";"1";"1";""
"201900048024";"138 215 780";"B01";"3";"33";"0";"2";"7";"15";"1";""
"201900048024";"138 215 781";"A01";"3";"7";"0";"2";"1";"19";"1";""
"201900048025";"138 215 778";"A01";"1";"1";"0";"2";"8";"1";"5";""
"201900048025";"138 215 779";"B01";"1";"0";"0";"2";"7";"17";"0";""
"201900048026";"138 215 774";"A01";"1";"7";"0";"2";"3";"9";"1";""
"201900048026";"138 215 775";"B01";"1";"33";"0";"2";"1";"1";"1";""
"201900048027";"138 215 772";"B01";"2";"7";"14";"0";"7";"2";"1";""
"201900048027";"138 215 773";"A01";"2";"7";"4";"0";"9";"13";"1";""
"201900048028";"138 215 770";"B01";"2";"14";"0";"2";"3";"1";"1";""
"201900048028";"138 215 771";"A01";"1";"7";"0";"2";"3";"14";"1";""
"201900048029";"138 215 766";"A01";"1";"10";"3";"2";"1";"2";"1";""
"201900048029";"138 215 767";"B01";"1";"7";"0";"2";"4";"2";"1";""
"201900048029";"138 215 768";"C01";"1";"7";"0";"2";"8";"2";"1";""
"201900048029";"138 215 769";"D01";"1";"7";"0";"0";"4";"2";"1";""
"201900048030";"138 215 763";"Z01";"1";"7";"0";"1";"1";"13";"1";""
"201900048031";"138 215 760";"A01";"1";"36";"0";"2";"1";"2";"1";""
"201900048031";"138 215 761";"B01";"1";"7";"0";"2";"5";"15";"1";""
"201900048032";"138 215 752";"A01";"0";"7";"0";"2";"1";"1";"1";""
"201900048032";"138 215 753";"C01";"0";"17";"0";"0";"4";"15";"1";""
"201900048032";"138 215 754";"B01";"0";"7";"0";"2";"1";"1";"1";""
"201900048033";"138 215 750";"A01";"2";"7";"0";"2";"1";"17";"1";""
"201900048033";"138 215 751";"B01";"2";"7";"0";"2";"6";"1";"1";""
"201900048034";"138 215 748";"A01";"3";"10";"0";"2";"3";"9";"0";""
"201900048034";"138 215 749";"B01";"3";"0";"0";"2";"1";"13";"0";""
"201900048035";"138 215 747";"Z01";"1";"7";"0";"1";"8";"1";"0";""
"201900048036";"138 215 745";"B01";"1";"33";"0";"2";"4";"13";"1";""
"201900048036";"138 215 746";"A01";"1";"33";"0";"2";"1";"26";"1";""
"201900048037";"138 215 743";"B01";"3";"33";"0";"2";"1";"1";"1";""
"201900048037";"138 215 744";"A01";"3";"7";"0";"2";"5";"15";"1";""
"201900048038";"138 215 741";"B01";"2";"7";"0";"2";"4";"21";"1";""
"201900048038";"138 215 742";"A01";"2";"30";"0";"2";"2";"21";"1";""
"201900048039";"138 215 740";"Z01";"1";"7";"0";"1";"2";"1";"1";""
"201900048040";"138 215 739";"A01";"1";"31";"0";"1";"2";"0";"1";""
"201900048041";"138 215 737";"A01";"1";"7";"0";"2";"1";"1";"1";""
"201900048041";"138 215 738";"B01";"3";"7";"0";"2";"1";"9";"1";""
"201900048042";"138 215 735";"A01";"0";"7";"0";"2";"3";"15";"1";""
"201900048042";"138 215 736";"B01";"0";"2";"0";"2";"1";"1";"1";""
"201900048043";"138 215 733";"B01";"0";"7";"0";"2";"1";"1";"0";""
"201900048043";"138 215 734";"A01";"0";"7";"0";"2";"4";"26";"0";""
"201900048044";"138 215 731";"B01";"1";"10";"0";"2";"3";"15";"1";""
"201900048044";"138 215 732";"A01";"1";"33";"0";"2";"1";"17";"1";""
"201900048045";"138 215 730";"Z01";"1";"7";"0";"1";"1";"1";"0";""
"201900048046";"138 215 728";"A01";"0";"7";"0";"2";"0";"0";"1";""
"201900048046";"138 215 729";"B01";"1";"34";"0";"2";"0";"1";"1";""
"201900048047";"138 215 727";"A01";"2";"33";"0";"1";"1";"21";"1";""
"201900048048";"138 215 725";"B01";"0";"7";"0";"2";"1";"23";"1";""
"201900048048";"138 215 726";"A01";"0";"7";"0";"2";"3";"1";"1";""
"201900048049";"138 215 724";"Z01";"0";"0";"0";"0";"0";"0";"0";""
"201900048050";"138 215 723";"A01";"0";"7";"0";"1";"2";"1";"1";""
"201900048051";"138 215 721";"A01";"2";"7";"0";"2";"1";"1";"1";""
"201900048051";"138 215 722";"B01";"2";"7";"0";"2";"7";"1";"1";""
"201900048052";"138 215 719";"A01";"1";"7";"0";"2";"3";"9";"1";""
"201900048052";"138 215 720";"B01";"1";"33";"0";"2";"1";"1";"1";""
"201900048053";"138 215 718";"A01";"0";"7";"0";"1";"1";"1";"1";""
"201900048054";"138 215 717";"A01";"1";"33";"0";"6";"0";"1";"1";""
"201900048055";"138 215 714";"B01";"0";"7";"0";"2";"4";"1";"1";""
"201900048055";"138 215 715";"C01";"0";"7";"0";"2";"4";"23";"1";""
"201900048055";"138 215 716";"A01";"0";"7";"0";"2";"1";"1";"1";""
"201900048056";"138 215 713";"A01";"0";"7";"0";"1";"4";"4";"0";""
"201900048057";"138 215 711";"B01";"1";"32";"0";"2";"1";"1";"1";""
"201900048057";"138 215 712";"A01";"2";"7";"0";"2";"6";"9";"1";""
"201900048058";"138 215 710";"A01";"2";"33";"1";"0";"2";"14";"1";""
"201900048059";"138 215 709";"A01";"0";"7";"0";"1";"1";"16";"1";""
"201900048060";"138 215 707";"A01";"1";"10";"0";"0";"2";"15";"0";""
"201900048060";"138 215 708";"B01";"2";"2";"0";"2";"1";"1";"0";""
"201900048061";"138 215 705";"B01";"2";"33";"0";"2";"1";"1";"0";""
"201900048061";"138 215 706";"A01";"2";"10";"0";"2";"8";"10";"0";""
"201900048062";"138 215 703";"A01";"2";"7";"0";"2";"1";"15";"0";""
"201900048062";"138 215 704";"B01";"1";"31";"0";"2";"3";"1";"0";""
"201900048063";"138 215 701";"B01";"1";"1";"0";"2";"1";"15";"5";""
"201900048063";"138 215 702";"A01";"1";"7";"0";"2";"3";"9";"1";""
"201900048064";"138 215 699";"B01";"3";"10";"0";"2";"3";"0";"1";""
"201900048064";"138 215 700";"A01";"3";"10";"0";"2";"2";"0";"1";""
"201900048065";"138 215 698";"A01";"2";"30";"0";"1";"8";"17";"1";""
"201900048066";"138 215 695";"B01";"3";"7";"1";"0";"1";"24";"1";""
"201900048066";"138 215 696";"C01";"3";"7";"1";"0";"1";"24";"1";""
"201900048066";"138 215 697";"A01";"1";"7";"1";"0";"1";"1";"1";""
"201900048067";"138 215 694";"A01";"2";"1";"0";"0";"0";"21";"5";""
"201900048068";"138 215 693";"A01";"1";"7";"0";"1";"0";"1";"1";""
"201900048069";"138 215 691";"A01";"2";"10";"0";"2";"1";"2";"1";""
"201900048069";"138 215 692";"B01";"2";"7";"0";"2";"4";"2";"1";""
"201900048070";"138 215 688";"B01";"3";"33";"0";"2";"1";"1";"1";""
"201900048070";"138 215 689";"A01";"1";"7";"0";"2";"7";"15";"1";""
"201900048071";"138 215 686";"B01";"1";"32";"0";"2";"2";"1";"1";""
"201900048071";"138 215 687";"A01";"3";"7";"0";"2";"1";"15";"1";""
"201900048072";"138 215 684";"A01";"3";"1";"0";"2";"1";"1";"0";""