"Num_Acc";"id_vehicule";"num_veh";"senc";"catv";"obs";"obsm";"choc";"manv";"motor";"occutc"
"201900048272";"138 215 312";"A01";"1";"1";"0";"2";"2";"25";"5";""
"201900048273";"138 215 309";"B01";"1";"7";"0";"2";"0";"0";"1";""
"201900048273";"138 215 310";"A01";"1";"7";"0";"2";"0";"1";"1";""
"201900048274";"138 215 307";"B01";"2";"7";"0";"2";"1";"26";"1";""
"201900048274";"138 215 308";"A01";"2";"30";"0";"2";"3";"9";"1";""
"201900048275";"138 215 301";"B01";"1";"7";"15";"2";"2";"1";"1";""
"201900048275";"138 215 302";"A01";"1";"10";"5";"2";"3";"19";"0";""
"201900048276";"138 215 299";"B01";"2";"7";"0";"2";"7";"2";"1";""
"201900048276";"138 215 300";"A01";"1";"7";"0";"2";"1";"2";"1";""
"201900048277";"138 215 297";"Z01";"1";"7";"0";"2";"1";"2";"0";""
"201900048277";"138 215 298";"A01";"2";"1";"0";"2";"7";"0";"0";""
"201900048278";"138 215 295";"B01";"3";"1";"1";"0";"1";"2";"5";""
"201900048278";"138 215 296";"A01";"3";"7";"1";"2";"4";"24";"1";""
"201900048279";"138 215 292";"B01";"0";"7";"0";"2";"5";"23";"1";""
"201900048279";"138 215 293";"A01";"0";"7";"10";"2";"2";"26";"1";""
"201900048280";"138 215 290";"A01";"2";"7";"0";"2";"3";"1";"1";""
"201900048280";"138 215 291";"B01";"2";"7";"0";"2";"2";"1";"1";""
"201900048281";"138 215 288";"A01";"1";"30";"0";"2";"0";"21";"1";""
"201900048281";"138 215 289";"B01";"3";"7";"0";"2";"6";"9";" -1";""
"201900048282";"138 215 287";"A01";"1";"1";"0";"1";"1";"1";"5";""
"201900048283";"138 215 285";"B01";"2";"7";"0";"2";"5";"1";"1";""
"201900048283";"138 215 286";"A01";"1";"30";"0";"2";"1";"1";"1";""
"201900048284";"138 215 283";"B01";"3";"7";"0";"2";"2";"2";"0";""
"201900048284";"138 215 284";"A01";"3";"1";"16";"2";"0";"10";"5";""
"201900048285";"138 215 282";"A01";"3";"7";"0";"2";"3";"1";"0";""
"201900048286";"138 215 280";"A01";"2";"7";"0";"1";"4";"2";"1";""
"201900048286";"138 215 281";"B01";"1";"7";"0";"2";"1";"2";"1";""
"201900048287";"138 215 278";"B01";"1";"32";"0";"2";"1";"17";"0";""
"201900048287";"138 215 279";"A01";"1";"7";"0";"2";"8";"0";"0";""
"201900048288";"138 215 277";"A01";"3";"2";"0";"0";"0";"2";"0";""
"201900048289";"138 215 276";"A01";"3";"7";"0";"1";"8";"1";"1";""
"201900048290";"138 215 275";"A01";"3";"33";"14";"0";"1";"1";"1";""
"201900048291";"138 215 274";"A01";"2";"30";"0";"0";"7";"1";"1";""
"201900048292";"138 215 273";"A01";"3";"7";"0";"1";"1";"20";"1";""
"201900048293";"138 215 267";"B01";"2";"43";"0";"2";"1";"1";"1";""
"201900048293";"138 215 268";"A01";"1";"7";"0";"2";"3";"9";"1";""
"201900048294";"138 215 265";"A01";"1";"7";"0";"2";"1";"2";"1";""
"201900048294";"138 215 266";"B01";"1";"7";"0";"2";"5";"16";"1";""
"201900048295";"138 215 263";"B01";"2";"7";"0";"2";"7";"16";"1";""
"201900048295";"138 215 264";"A01";"2";"32";"0";"2";"1";"1";"1";""
"201900048296";"138 215 261";"B01";"2";"99";"0";"2";"1";"1";"3";""
"201900048296";"138 215 262";"A01";"1";"7";"0";"6";"3";"15";"1";""
"201900048297";"138 215 260";"A01";"1";"7";"15";"0";"1";"1";"1";""
"201900048298";"138 215 258";"B01";"1";"7";"0";"2";"4";"16";"1";""
"201900048298";"138 215 259";"A01";"1";"7";"0";"2";"1";"2";"1";""
"201900048299";"138 215 257";"A01";"1";"17";"0";"1";"1";"23";"1";""
"201900048300";"138 215 255";"A01";"1";"7";"0";"6";"2";"19";"1";""
"201900048300";"138 215 256";"B01";"3";"1";"0";"2";"1";"1";"5";""
"201900048301";"138 215 254";"A01";"3";"1";"0";"0";"0";"26";"0";""
"201900048302";"138 215 252";"A01";"2";"3";"0";"2";"2";"15";"1";""
"201900048302";"138 215 253";"B01";"1";"7";"0";"2";"1";"1";"1";""
"201900048303";"138 215 250";"A01";"2";"7";"0";"2";"2";"26";"1";""
"201900048303";"138 215 251";"B01";"1";"7";"0";"2";"2";"1";"1";""
"201900048304";"138 215 249";"A01";"0";"7";"0";"1";"1";"1";"1";""
"201900048305";"138 215 247";"B01";"0";"7";"0";"2";"2";"13";" -1";""
"201900048305";"138 215 248";"A01";"1";"7";"0";"2";"2";"1";" -1";""
"201900048306";"138 215 242";"B01";"2";"7";"0";"2";"7";"1";"5";""
"201900048306";"138 215 243";"A01";"1";"7";"0";"2";"2";"9";"1";""
"201900048307";"138 215 241";"A01";"2";"7";"13";"0";"4";"14";"1";""
"201900048308";"138 215 239";"B01";"1";"33";"0";"2";"4";"26";"0";""
"201900048308";"138 215 240";"A01";"1";"7";"0";"2";"1";"26";"0";""
"201900048309";"138 215 235";"B01";"1";"1";"0";"2";"1";"0";"5";""
"201900048309";"138 215 236";"A01";"1";"7";"0";"2";"1";"26";"0";""
"201900048310";"138 215 233";"A01";"1";"7";"0";"2";"1";"10";"1";""
"201900048310";"138 215 234";"B01";"1";"7";"0";"0";"0";"0";"1";""
"201900048311";"138 215 231";"B01";"1";"7";"0";"2";"0";"0";"0";""
"201900048311";"138 215 232";"A01";"1";"7";"0";"2";"3";"26";"0";""
"201900048312";"138 215 229";"B01";"2";"1";"0";"2";"1";"19";"5";""
"201900048312";"138 215 230";"A01";"2";"7";"0";"9";"2";"26";"1";""
"201900048313";"138 215 227";"A01";"0";"1";"1";"0";"2";"1";"5";""
"201900048314";"138 215 225";"A01";"0";"7";"0";"2";"3";"9";"1";""
"201900048314";"138 215 226";"B01";"0";"31";"0";"2";"1";"16";"1";""
"201900048315";"138 215 222";"C01";"1";"7";"0";"2";"1";"21";"1";""
"201900048315";"138 215 223";"B01";"2";"15";"6";"2";"3";"1";"1";""
"201900048315";"138 215 224";"A01";"1";"7";"0";"2";"3";"13";"1";""
"201900048316";"138 215 220";"A01";"3";"7";"0";"2";"1";"17";"1";""
"201900048316";"138 215 221";"B01";"0";"7";"0";"2";"1";"1";"1";""
"201900048317";"138 215 219";"A01";"3";"30";"0";"0";"0";"14";"6";""
"201900048318";"138 215 216";"A01";"0";"33";"0";"2";"3";"13";"1";""
"201900048318";"138 215 217";"B01";"0";"7";"0";"2";"1";"1";"1";""
"201900048319";"138 215 213";"A01";"2";"1";"0";"2";"1";"1";"5";""
"201900048319";"138 215 214";"B01";"3";"7";"0";"2";"7";"25";"1";""
"201900048320";"138 215 211";"A01";"1";"14";"0";"2";"3";"1";"1";""
"201900048320";"138 215 212";"B01";"1";"7";"11";"2";"2";"15";"1";""
"201900048321";"138 215 209";"B01";"3";"7";"0";"2";"3";"0";"0";""
"201900048321";"138 215 210";"A01";"3";"99";"0";"2";"2";"15";"0";""
"201900048322";"138 215 208";"A01";"1";"10";"0";"1";"0";"16";"1";""
"201900048323";"138 215 204";"B01";"2";"7";"0";"0";"4";"23";"1";""
"201900048323";"138 215 205";"A01";"2";"1";"14";"0";"1";"1";"5";""
"201900048324";"138 215 203";"A01";"1";"7";"1";"1";"4";"20";"1";""
"201900048325";"138 215 201";"B01";"2";"7";"0";"2";"2";"0";"1";""
"201900048325";"138 215 202";"A01";"1";"7";"0";"2";"6";"0";"1";""
"201900048326";"138 215 199";"A01";"2";"1";"0";"2";"1";"1";"5";""
"201900048326";"138 215 200";"B01";"2";"99";"0";"2";"4";"1";"1";""
"201900048327";"138 215 196";"A01";"2";"7";"0";"2";"8";"26";"1";""
"201900048327";"138 215 197";"B01";"2";"2";"0";"2";"1";"1";"1";""
"201900048327";"138 215 198";"C01";"1";"7";"0";"2";"6";"1";"1";""
"201900048328";"138 215 194";"A01";"1";"7";"0";"2";"1";"1";"1";""
"201900048328";"138 215 195";"B01";"1";"1";"0";"2";"0";"26";"5";""
"201900048329";"138 215 192";"A01";"2";"7";"0";"2";"3";"26";"1";""
"201900048329";"138 215 193";"B01";"2";"2";"0";"2";"1";"1";"1";""
"201900048330";"138 215 191";"A01";"1";"7";"6";"0";"1";"15";"1";""
"201900048331";"138 215 190";"A01";"2";"31";"0";"0";"7";"9";"1";""
"201900048332";"138 215 189";"A01";"1";"10";"0";"1";"7";"14";"1";""
"201900048333";"138 215 187";"A01";"3";"10";"0";"2";"2";"1";"1";""
"201900048333";"138 215 188";"B01";"3";"7";"0";"2";"3";"1";"1";""
"201900048334";"138 215 181";"B01";"1";"34";"0";"2";"1";"1";"1";""
"201900048334";"138 215 182";"A01";"2";"7";"0";"2";"2";"19";"1";""
"201900048335";"138 215 177";"A01";"2";"7";"0";"2";"2";"21";"1";""
"201900048335";"138 215 178";"B01";"2";"7";"0";"2";"6";"1";"1";""
"201900048336";"138 215 176";"A01";"1";"7";"8";"0";"1";"15";"0";""
"201900048337";"138 215 174";"A01";"3";"7";"0";"2";"8";"17";"1";""
"201900048337";"138 215 175";"B01";"3";"33";"5";"2";"7";"17";"1";""
"201900048338";"138 215 171";"A01";"1";"7";"6";"0";"1";"1";"1";""
"201900048339";"138 215 170";"A01";"1";"7";"0";"1";"0";"26";"1";""
"201900048340";"138 215 168";"B01";"1";"7";"0";" -1";"3";"15";"1";""
"201900048340";"138 215 169";"A01";"1";"2";"0";"2";"2";"17";"1";""
"201900048341";"138 215 166";"B01";"1";"1";"0";"2";"8";"16";"5";""
"201900048341";"138 215 167";"A01";"1";"15";"0";"2";"7";"14";"1";""
"201900048342";"138 215 165";"A01";"2";"7";"0";"1";"7";"1";"1";""
"201900048343";"138 215 164";"A01";"1";"30";"0";"0";"8";"1";"1";""
"201900048344";"138 215 162";"B01";"2";"7";"0";"2";"2";"1";"1";""
"201900048344";"138 215 163";"A01";"2";"1";"0";"2";"3";"16";"5";""
"201900048345";"138 215 160";"B01";"1";"32";"0";"2";"0";"1";"1";""
"201900048345";"138 215 161";"A01";"2";"7";"0";"2";"3";"15";"1";""
"201900048346";"138 215 159";"Z01";"1";"7";"0";"1";"1";"16";"0";""
"201900048347";"138 215 157";"D01";"1";"7";"0";"2";"1";"1";"1";""
"201900048347";"138 215 158";"A01";"1";"30";"1";"2";"7";"14";"3";""
"201900048348";"138 215 156";"A01";"1";"33";"0";"1";"8";"1";"1";""
"201900048349";"138 215 153";"Z01";"1";"7";"0";"2";"0";"11";"0";""
"201900048349";"138 215 154";"B01";"1";"33";"0";"2";"1";"3";"1";""
"201900048349";"138 215 155";"A01";"1";"7";"0";"2";"2";"2";"1";""
"201900048350";"138 215 150";"B01";"1";"33";"0";"2";"3";"2";"1";""
"201900048350";"138 215 151";"C01";"1";"7";"0";"2";"6";"23";"1";""
"201900048350";"138 215 152";"A01";"1";"7";"0";"2";"0";"2";"1";""
"201900048351";"138 215 147";"A01";"1";"10";"0";"2";"8";"22";"1";""
"201900048351";"138 215 148";"B01";"1";"50";"0";"2";"1";"7";"3";""
"201900048351";"138 215 149";"C01";"1";"7";"0";"2";"2";"1";"1";""
"201900048352";"138 215 145";"A01";"2";"7";"0";"2";"2";"22";"1";""
"201900048352";"138 215 146";"B01";"2";"32";"0";"2";"1";"18";"1";""
"201900048353";"138 215 143";"A01";"1";"30";"0";"2";"1";"17";"1";""
"201900048353";"138 215 144";"B01";"1";"7";"0";"2";"3";"15";"1";""
"201900048354";"138 215 141";"A01";"2";"1";"0";"2";"1";"1";"5";""
"201900048354";"138 215 142";"Z01";"1";"7";"0";"2";"3";"15";"1";""
"201900048355";"138 215 138";"C01";"1";"7";"0";"2";"2";"1";"1";""
"201900048355";"138 215 139";"B01";"1";"33";"0";"2";"2";"26";"1";""
"201900048355";"138 215 140";"A01";"0";"7";"0";"2";"3";"22";"1";""
"201900048356";"138 215 137";"A01";"1";"7";"0";"1";"1";"1";"1";""
"201900048357";"138 215 135";"B01";"1";"7";"0";"2";"3";"10";"1";""
"201900048357";"138 215 136";"A01";"2";"34";"1";"0";"1";"17";"1";""
"201900048358";"138 215 133";"B01";"3";"7";"0";"2";"5";"15";"1";""
"201900048358";"138 215 134";"A01";"2";"7";"0";"2";"1";"26";"1";""
"201900048359";"138 215 131";"B01";"1";"33";"0";"2";"7";"1";"1";""
"201900048359";"138 215 132";"A01";"3";"10";"0";"2";"1";"26";"1";""
"201900048360";"138 215 130";"A01";"2";"31";"0";"2";"6";"17";"1";""
"201900048361";"138 215 128";"A01";"0";"7";"0";"2";"4";"23";"1";""
"201900048361";"138 215 129";"B01";"1";"7";"0";"2";"1";"2";"1";""
"201900048362";"138 215 126";"B01";"1";"7";"0";"2";"4";"1";"1";""
"201900048362";"138 215 127";"A01";"1";"7";"0";"2";"1";"2";"1";""
"201900048363";"138 215 125";"A01";"3";"7";"0";"1";"3";"15";"1";""
"201900048364";"138 215 123";"A01";"3";"7";"0";"6";"4";"20";"1";""
"201900048364";"138 215 124";"B01";"3";"1";"0";"2";"7";"25";"0";""
"201900048365";"138 215 121";"A01";"1";"7";"0";"2";"6";"15";"5";""
"201900048365";"138 215 122";"B01";"1";"33";"0";"2";"1";"17";"5";""
"201900048366";"138 215 119";"A01";"0";"33";"0";"2";"2";"1";"1";""
"201900048366";"138 215 120";"B01";"0";"7";"0";"2";"6";"15";"1";""
"201900048367";"138 215 117";"B01";"1";"32";"0";"2";"1";"3";"1";""
"201900048367";"138 215 118";"A01";"1";"7";"0";"2";"3";"9";"1";""
"201900048368";"138 215 115";"B01";"1";"7";"0";"2";"1";"21";"1";""
"201900048368";"138 215 116";"A01";"1";"7";"13";"2";"1";"26";"1";""
"201900048369";"138 215 113";"A01";"2";"7";"15";"0";"1";"25";"1";""
"201900048369";"138 215 114";"B01";"0";"99";"0";"0";"0";"0";"0";""
"201900048370";"138 215 111";"B01";"3";"7";"0";"2";"5";"2";"1";""
"201900048370";"138 215 112";"A01";"3";"10";"0";"2";"3";"2";"1";""
"201900048371";"138 215 109";"A01";"1";"7";"0";"2";"5";"9";"0";""
"201900048371";"138 215 110";"B01";"1";"34";"0";"2";"1";"1";"0";""
"201900048372";"138 215 107";"B01";"1";"32";"0";"2";"1";"1";"1";""
"201900048372";"138 215 108";"A01";"2";"7";"0";"2";"2";"10";"1";""
"201900048373";"138 215 105";"B01";"2";"3";"12";"0";"2";"1";"0";""
"201900048373";"138 215 106";"A01";"2";"3";"0";"2";"3";"2";"0";""
"201900048374";"138 215 103";"A01";"1";"7";"0";"2";"2";"10";"6";""
"201900048374";"138 215 104";"B01";"1";"34";"0";"2";"1";"1";"6";""
"201900048375";"138 215 101";"A01";"2";"7";"0";"6";"5";"16";"1";""
"201900048375";"138 215 102";"B01";"2";"99";"0";"2";"1";"18";"3";""
"201900048376";"138 215 099";"B01";"1";"7";"0";"2";"3";"15";"1";""
"201900048376";"138 215 100";"A01";"1";"34";"0";"2";"1";"17";"3";""
"201900048377";"138 215 098";"A01";"2";"1";"0";"1";"1";"0";"5";""
"201900048378";"138 215 096";"B01";"1";"43";"0";"2";"1";"8";"1";""
"201900048378";"138 215 097";"A01";"2";"10";"0";"2";"2";"15";"1";""
"201900048379";"138 215 092";"A01";"1";"7";"2";"0";"8";"0";"1";""
"201900048380";"138 215 090";"B01";"1";"7";"0";"0";"4";"2";"1";""
"201900048380";"138 215 091";"A01";"1";"7";"0";"2";"1";"2";"1";""
"201900048381";"138 215 088";"A01";"2";"7";"14";"0";"1";"1";"1";""
"201900048381";"138 215 089";"B01";"2";"7";"0";"0";"4";"1";"1";""
"201900048382";"138 215 086";"B01";"1";"99";"0";"2";"6";"1";"1";""
"201900048382";"138 215 087";"A01";"1";"33";"0";"2";"7";"17";"1";""
"201900048383";"138 215 085";"A01";"1";"1";"12";"0";"1";"1";"5";""
"201900048384";"138 215 083";"B01";"2";"33";"0";"2";"1";"1";"1";""
"201900048384";"138 215 084";"A01";"1";"7";"0";"2";"3";"1";"1";""
"201900048385";"138 215 081";"B01";"3";"7";"0";"2";"3";"1";"0";""
"201900048385";"138 215 082";"A01";"3";"7";"0";"2";"1";"1";"0";""
"201900048386";"138 215 079";"B01";"2";"15";"0";"2";"3";"1";"1";""
"201900048386";"138 215 080";"A01";"1";"7";"0";"2";"1";"13";"1";""
"201900048387";"138 215 078";"A01";"1";"32";"0";"0";"0";"1";"1";""
"201900048388";"138 215 076";"B01";"1";"7";"8";"2";"3";"14";"1";""
"201900048388";"138 215 077";"A01";"2";"7";"8";"2";"3";"15";"1";""
"201900048389";"138 215 075";"A01";"2";"7";"8";"0";"1";"14";"1";""
"201900048390";"138 215 074";"A01";"1";"7";"13";"0";"3";"19";"1";""
"201900048391";"138 215 073";"A01";"2";"2";"0";"6";"1";"0";"1";""
"201900048392";"138 215 072";"A01";"0";"2";"0";"0";"0";"0";"1";""
"201900048393";"138 215 070";"A01";"3";"2";"0";"2";"6";"9";"1";""
"201900048393";"138 215 071";"Z01";"3";"3";"0";"2";"1";"1";"0";""
"201900048394";"138 215 068";"B01";"1";"7";"0";"2";"2";"1";"1";""
"201900048394";"138 215 069";"A01";"3";"7";"0";"2";"8";"19";"1";""
"201900048395";"138 215 066";"B01";"2";"7";"0";"2";"8";"1";"1";""
"201900048395";"138 215 067";"A01";"1";"7";"0";"2";"3";"13";"1";""
"201900048396";"138 215 065";"B01";"2";"50";"0";"2";"8";"1";"3";""
"201900048397";"138 215 063";"A01";"3";"7";"0";"2";"5";"15";"0";""
"201900048397";"138 215 064";"B01";"3";"7";"0";"2";"1";"1";"0";""
"201900048398";"138 215 061";"A01";"2";"50";"0";"2";"2";"1";"3";""
"201900048398";"138 215 062";"B01";"2";"7";"0";"6";"1";"2";"1";""
"201900048399";"138 215 060";"A01";"1";"50";"12";"0";"1";"1";"3";""
"201900048400";"138 215 059";"Z01";"0";"0";"0";"1";"0";"26";"0";""
"201900048401";"138 215 056";"A01";"0";"31";"1";"2";"7";"17";"0";""
"201900048401";"138 215 057";"B01";"0";"10";"0";"2";"3";"15";"0";""
"201900048401";"138 215 058";"C01";"0";"10";"0";"0";"5";"0";"0";""
"201900048402";"138 215 055";"A01";"1";"33";"0";"0";"7";"0";"1";""
"201900048403";"138 215 054";"A01";"1";"7";"0";"1";"2";"1";"1";""
"201900048404";"138 215 052";"B01";"2";"7";"15";"0";"0";"0";"1";""
"201900048404";"138 215 053";"A01";"2";"7";"0";"2";"1";"26";"1";""
"201900048405";"138 215 051";"A01";"1";"7";"6";"2";"1";"1";"1";""
"201900048406";"138 215 050";"A01";"2";"10";"0";"1";"2";"1";"1";""
"201900048407";"138 215 049";"A01";"1";"7";"6";"0";"3";"16";"0";""
"201900048408";"138 215 047";"B01";"2";"34";"0";"2";"1";"1";"1";""
"201900048408";"138 215 048";"A01";"2";"1";"0";"2";"1";"5";"5";""
"201900048409";"138 215 045";"B01";"3";"0";"0";"2";"7";"26";"6";""
"201900048409";"138 215 046";"A01";"3";"99";"0";"1";"1";"1";"0";""
"201900048410";"138 215 043";"B01";"3";"7";"0";"6";"2";"23";"1";""
"201900048410";"138 215 044";"A01";"2";"80";"0";"2";"3";"25";"3";""
"201900048411";"138 215 042";"A01";"1";"7";"15";"1";"3";"5";"1";""
"201900048412";"138 215 040";"A01";"2";"30";"0";"2";"1";"2";"1";""
"201900048412";"138 215 041";"B01";"2";"7";"0";"2";"4";"2";"1";""
"201900048413";"138 215 039";"A01";"1";"7";"0";"1";"3";"15";"0";""
"201900048414";"138 215 035";"B01";"1";"14";"0";"2";"7";"14";"1";""
"201900048414";"138 215 036";"A01";"1";"7";"0";"2";"3";"2";"1";""
"201900048415";"138 215 032";"A01";"1";"2";"1";"0";"1";"1";"1";""
"201900048415";"138 215 033";"B01";"1";"2";"0";"2";"1";"2";"1";""
"201900048415";"138 215 034";"C01";"3";"7";"0";"2";"4";"26";"1";""
"201900048416";"138 215 031";"A01";"1";"1";"0";"0";"0";"1";"5";""
"201900048417";"138 215 029";"B01";"1";"7";"0";"2";"4";"12";"1";""
"201900048417";"138 215 030";"A01";"1";"33";"0";"2";"1";"1";"1";""
"201900048418";"138 215 027";"B01";"2";"7";"0";"2";"4";"2";"0";""
"201900048418";"138 215 028";"A01";"2";"7";"0";"2";"1";"2";"0";""
"201900048419";"138 215 025";"A01";"2";"10";"0";"2";"1";"2";"0";""
"201900048419";"138 215 026";"B01";"1";"7";"0";"2";"4";"2";"0";""
"201900048420";"138 215 023";"B01";"3";"2";"0";"2";"1";"1";"1";""
"201900048420";"138 215 024";"A01";"3";"7";"0";"2";"5";"9";"1";""
"201900048421";"138 215 019";"A01";"3";"7";"0";"1";"1";"1";"1";""
"201900048422";"138 215 018";"A01";"2";"7";"6";"0";"1";"1";"1";""
"201900048423";"138 215 016";"A01";"2";"7";"0";"2";"1";"12";"1";""
"201900048423";"138 215 017";"B01";"2";"2";"0";"2";"4";"1";"1";""
"201900048424";"138 215 011";"A01";"0";"7";"0";"2";"1";"1";"1";""
"201900048424";"138 215 012";"B01";"0";"1";"0";"2";"1";"19";"5";""
"201900048425";"138 215 009";"A01";"1";"32";"0";"2";"1";"1";"1";""
"201900048425";"138 215 010";"B01";"1";"7";"0";"2";"4";"1";"1";""
"201900048426";"138 215 000";"A01";"2";"34";"0";"0";"8";"1";"1";""
"201900048427";"138 214 997";"A01";"1";"7";"0";"2";"5";"15";"1";""
"201900048427";"138 214 998";"B01";"2";"31";"0";"2";"1";"1";"1";""
"201900048428";"138 214 992";"A01";"1";"2";"0";"2";"4";"23";"1";""
"201900048428";"138 214 993";"Z01";"1";"7";"0";"2";"0";"2";"1";""
"201900048429";"138 214 991";"A01";"2";"7";"6";"0";"0";"0";"1";""
"201900048430";"138 214 990";"A01";"1";"7";"0";"1";"1";"1";"1";""
"201900048431";"138 214 989";"A01";"1";"7";"0";"1";"1";"1";"1";""
"201900048432";"138 214 987";"A01";"2";"7";"0";"2";"2";"15";"1";""
"201900048432";"138 214 988";"B01";"1";"7";"0";"2";"3";"1";"1";""
"201900048433";"138 214 984";"A01";"3";"10";"0";" -1";"5";"26";"1";""
"201900048433";"138 214 985";"C01";"3";"10";"0";"2";"1";"23";"1";""
"201900048433";"138 214 986";"B01";"3";"40";"0";"2";"1";"1";"3";""
"201900048434";"138 214 982";"A01";"0";"7";"0";"2";"3";"15";"0";""
"201900048434";"138 214 983";"B01";"0";"7";"0";"2";"0";"0";"0";""
"201900048435";"138 214 979";"C01";"3";"7";"1";"0";"0";"0";"1";""
"201900048435";"138 214 980";"B01";"2";"10";"0";"2";"3";"1";"1";""
"201900048435";"138 214 981";"A01";"2";"7";"0";"2";"2";"9";"1";""
"201900048436";"138 214 978";"A01";"1";"1";"0";"1";"1";"1";"5";""
"201900048437";"138 214 977";"A01";"1";"30";"8";"0";"1";"14";"1";""
"201900048438";"138 214 976";"A01";"1";"33";"0";"1";"1";"1";"1";""
"201900048439";"138 214 974";"A01";"1";"31";"0";"2";"1";"16";"1";""
"201900048439";"138 214 975";"B01";"1";"1";"0";"2";"1";"1";"5";""
"201900048440";"138 214 972";"A01";"3";"7";"0";"2";"1";"13";"1";""
"201900048440";"138 214 973";"B01";"3";"7";"0";"2";"1";"1";"1";""
"201900048441";"138 214 970";"B01";"1";"7";"0";"2";"4";"2";"1";""
"201900048441";"138 214 971";"A01";"1";"7";"0";"2";"1";"2";"1";""
"201900048442";"138 214 968";"B01";"2";"7";"0";"2";"0";"0";"0";""
"201900048442";"138 214 969";"A01";"2";"15";"0";"2";"3";"1";"0";""
"201900048443";"138 214 967";"A01";"3";"30";"8";"0";"0";"1";"6";""
"201900048444";"138 214 961";"A01";"2";"7";"0";"2";"1";"26";"0";""
"201900048444";"138 214 962";"B01";"0";"7";"0";"2";"4";"23";"0";""
"201900048444";"138 214 963";"C01";"2";"7";"0";"2";"4";"23";"0";""
"201900048444";"138 214 964";"D01";"2";"7";"0";"0";"6";"2";"0";""
"201900048445";"138 214 959";"B01";"1";"1";"0";"2";"1";"1";"5";""
"201900048445";"138 214 960";"A01";"3";"7";"0";"2";"8";"16";"1";""
"201900048446";"138 214 957";"A01";"1";"2";"14";"2";"1";"2";"6";""
"201900048446";"138 214 958";"B01";"1";"3";"0";"6";"0";"26";"0";""
"201900048447";"138 214 955";"B01";"1";"31";"0";"2";"1";"2";"1";""
"201900048447";"138 214 956";"A01";"1";"7";"0";"2";"8";"19";"1";""
"201900048448";"138 214 953";"A01";"2";"33";"0";"2";"7";"21";"1";""
"201900048448";"138 214 954";"B01";"2";"7";"0";"2";"3";"25";"1";""
"201900048449";"138 214 952";"A01";"1";"7";"0";"1";"2";"1";"1";""
"201900048450";"138 214 950";"B01";"3";"1";"0";"2";"1";"25";"5";""
"201900048450";"138 214 951";"A01";"3";"20";"0";"2";"8";"26";"1";""
"201900048451";"138 214 949";"A01";"2";"7";"0";"1";"2";"1";"1";""
"201900048452";"138 214 948";"A01";"2";"7";"0";"1";"2";"1";"1";""
"201900048453";"138 214 946";"B01";"2";"7";"0";"2";"8";"16";"1";""
"201900048453";"138 214 947";"A01";"2";"2";"0";"2";"1";"1";"1";""
"201900048454";"138 214 944";"B01";"1";"1";"0";"2";"1";"1";"0";""
"201900048454";"138 214 945";"A01";"1";"33";"0";"9";"2";"1";"0";""
"201900048455";"138 214 943";"A01";"1";"7";"0";"1";"3";"1";"1";""
"201900048456";"138 214 941";"B01";"1";"31";"0";"2";"9";"1";"1";""
"201900048456";"138 214 942";"A01";"1";"7";"0";"2";"2";"5";"1";""
"201900048457";"138 214 940";"A01";"1";"3";"2";"0";"9";"21";"1";""
"201900048458";"138 214 939";"A01";"2";"33";"0";"0";"9";"12";"1";""
"201900048459";"138 214 937";"A01";"1";"33";"3";"2";"1";"17";"1";""
"201900048459";"138 214 938";"B01";"2";"7";"0";"2";"1";"1";"1";""
"201900048460";"138 214 936";"Z01";"2";"7";"0";"1";"1";"26";"0";""
"201900048461";"138 214 934";"A01";"2";"7";"0";"2";"5";"16";"1";""
"201900048461";"138 214 935";"B01";"2";"1";"0";"2";"1";"1";"5";""
"201900048462";"138 214 932";"A01";"2";"10";"0";"2";"1";"2";"1";""
"201900048462";"138 214 933";"B01";"2";"10";"0";"2";"4";"2";"1";""
"201900048463";"138 214 931";"A01";"1";"33";"11";"0";"3";"13";"1";""
"201900048464";"138 214 929";"B01";"1";"7";"0";"2";"0";"1";"1";""
"201900048464";"138 214 930";"A01";"2";"1";"0";"2";"1";"1";"5";""
"201900048465";"138 214 928";"A01";"3";"7";"2";"0";"2";"14";"1";""
"201900048466";"138 214 925";"A01";"1";"7";"0";"2";"1";"0";"1";""
"201900048466";"138 214 926";"B01";"1";"7";"0";"2";"9";"0";"1";""
"201900048466";"138 214 927";"C01";"1";"7";"0";"2";"4";"0";"1";""
"201900048467";"138 214 923";"A01";"1";"7";"0";"2";"1";"0";"1";""
"201900048467";"138 214 924";"B01";"1";"30";"0";"2";"9";"0";"1";""
"201900048468";"138 214 922";"A01";"1";"7";"0";"1";"0";"0";"1";""
"201900048469";"138 214 921";"A01";"1";"2";"0";"0";"0";"0";"1";""
"201900048470";"138 214 919";"A01";"1";"1";"0";"2";"7";"0";"5";""
"201900048470";"138 214 920";"B01";"1";"7";"0";"2";"0";"0";"1";""
"201900048471";"138 214 917";"A01";"1";"7";"0";"2";"1";"9";"1";""
"201900048471";"138 214 918";"B01";"2";"33";"0";"2";"7";"1";"1";""
"201900048472";"138 214 916";"A01";"1";"1";"0";"1";"1";"25";"5";""
"201900048473";"138 214 914";"B01";"1";"7";"0";"2";"5";"1";"1";""
"201900048473";"138 214 915";"A01";"1";"1";"0";"2";"8";"1";"5";""
"201900048474";"138 214 913";"A01";"1";"33";"1";"0";"9";"1";"1";""