"Num_Acc";"id_vehicule";"num_veh";"senc";"catv";"obs";"obsm";"choc";"manv";"motor";"occutc"
"201900048475";"138 214 912";"A01";"1";"7";"6";"0";"1";"1";"1";""
"201900048476";"138 214 911";"A01";"1";"7";"0";"1";"3";"1";"1";""
"201900048477";"138 214 910";"A01";"1";"7";"0";"1";"1";"1";"1";""
"201900048478";"138 214 909";"A01";"3";"33";"0";"0";"0";"1";"1";""
"201900048479";"138 214 908";"A01";"2";"10";"0";"1";"1";"1";"1";""
"201900048480";"138 214 906";"A01";"1";"7";"0";"2";"1";"2";"1";""
"201900048480";"138 214 907";"B01";"1";"7";"0";"2";"4";"2";"1";""
"201900048481";"138 214 904";"B01";"1";"1";"0";"2";"0";"26";"5";""
"201900048481";"138 214 905";"A01";"3";"1";"0";"2";"1";"0";"5";""
"201900048482";"138 214 902";"B01";"3";"2";"0";"2";"5";"1";"1";""
"201900048482";"138 214 903";"A01";"2";"7";"0";"2";"7";"10";"1";""
"201900048483";"138 214 901";"A01";"3";"7";"0";"1";"1";"26";"1";""
"201900048484";"138 214 899";"A01";"1";"7";"0";"2";"2";"13";"0";""
"201900048484";"138 214 900";"B01";"2";"2";"0";"2";"1";"2";"0";""
"201900048485";"138 214 898";"A01";"1";"7";"0";"1";"2";"1";"1";""
"201900048486";"138 214 896";"B01";"1";"7";"0";"2";"3";"1";"1";""
"201900048486";"138 214 897";"A01";"2";"7";"1";"2";"1";"1";"1";""
"201900048487";"138 214 894";"B01";"1";"30";"0";"2";"4";"23";"1";""
"201900048487";"138 214 895";"A01";"1";"7";"0";"2";"1";"1";"1";""
"201900048488";"138 214 893";"A01";"3";"7";"7";"0";"1";"13";"1";""
"201900048489";"138 214 891";"B01";"1";"30";"0";"4";"3";"15";"1";""
"201900048489";"138 214 892";"A01";"1";"40";"0";"2";"7";"1";"3";""
"201900048490";"138 214 889";"B01";"1";"33";"0";"2";"7";"1";"1";""
"201900048490";"138 214 890";"A01";"1";"30";"0";"2";"1";"9";"1";""
"201900048491";"138 214 887";"A01";"0";"7";"0";"2";"3";"1";"1";""
"201900048491";"138 214 888";"B01";"0";"7";"0";"2";"1";"1";"1";""
"201900048492";"138 214 886";"A01";"2";"7";"0";"1";"1";"1";"1";""
"201900048493";"138 214 881";"A01";"3";"7";"0";"2";"3";"15";"1";""
"201900048493";"138 214 882";"B01";"3";"1";"0";"2";"8";"16";"5";""
"201900048494";"138 214 880";"Z01";"1";"7";"0";"1";"2";"16";"1";""
"201900048495";"138 214 876";"A01";"1";"34";"0";"2";"1";"17";"1";""
"201900048495";"138 214 877";"B01";"1";"7";"0";"2";"6";"15";"1";""
"201900048496";"138 214 875";"A01";"1";"7";"0";"1";"1";"15";"1";""
"201900048497";"138 214 874";"A01";"1";"7";"0";"1";"1";"15";"1";""
"201900048498";"138 214 872";"B01";"3";"7";"0";"2";"2";"1";"1";""
"201900048498";"138 214 873";"A01";"2";"10";"0";"2";"8";"9";"1";""
"201900048499";"138 214 871";"A01";"0";"10";"0";"0";"9";"1";"1";""
"201900048500";"138 214 870";"A01";"2";"7";"0";"1";"2";"1";"0";""
"201900048501";"138 214 868";"B01";"2";"42";"0";"2";"1";"17";"0";""
"201900048501";"138 214 869";"A01";"2";"7";"0";"2";"3";"15";"0";""
"201900048502";"138 214 859";"A01";"2";"7";"0";"6";"1";"9";"1";""
"201900048502";"138 214 860";"B01";"2";"80";"0";"2";"7";"1";"3";""
"201900048503";"138 214 858";"A01";"1";"7";"0";"2";"4";"23";"1";""
"201900048504";"138 214 857";"A01";"3";"7";"0";"1";"1";"26";"1";""
"201900048505";"138 214 854";"B01";"2";"7";"0";"2";"6";"13";"1";""
"201900048505";"138 214 855";"A01";"1";"15";"0";"2";"3";"2";"1";""
"201900048505";"138 214 856";"C01";"2";"7";"0";"2";"0";"0";"1";""
"201900048506";"138 214 849";"A01";"1";"30";"1";"2";"1";"21";"1";""
"201900048507";"138 214 847";"A01";"2";"33";"0";"2";"1";"2";"1";""
"201900048507";"138 214 848";"B01";"2";"7";"0";"2";"6";"2";"1";""
"201900048508";"138 214 846";"A01";"2";"3";"0";"1";"1";"0";"0";""
"201900048509";"138 214 845";"A01";"2";"33";"16";"0";"0";"17";"1";""
"201900048510";"138 214 843";"B01";"1";"37";"0";"2";"4";"1";"1";"1"
"201900048510";"138 214 844";"A01";"1";"7";"0";"2";"1";"1";"1";""
"201900048511";"138 214 841";"B01";"1";"50";"0";"2";"3";"1";"3";""
"201900048511";"138 214 842";"A01";"2";"7";"0";"2";"3";"1";"0";""
"201900048512";"138 214 839";"B01";"1";"7";"0";"2";"3";"15";"1";""
"201900048512";"138 214 840";"A01";"1";"34";"0";"2";"7";"17";"1";""
"201900048513";"138 214 837";"B01";"0";"34";"0";"2";"0";"0";"1";""
"201900048513";"138 214 838";"A01";"0";"10";"0";"2";"3";"26";"1";""
"201900048514";"138 214 836";"Z01";"0";"7";"0";"1";"0";"0";"0";""
"201900048515";"138 214 834";"A01";"0";"7";"0";"2";"1";"2";"0";""
"201900048515";"138 214 835";"B01";"0";"7";"0";"0";"4";"1";"0";""
"201900048516";"138 214 832";"A01";"0";"34";"0";"2";"1";"21";"0";""
"201900048516";"138 214 833";"Z01";"0";"30";"0";"2";"8";"19";"0";""
"201900048517";"138 214 831";"A01";"2";"33";"0";"0";"7";"26";"1";""
"201900048518";"138 214 830";"A01";"2";"33";"0";"0";"8";"26";"1";""
"201900048519";"138 214 829";"A01";"1";"7";"0";"1";"1";"1";"1";""
"201900048520";"138 214 827";"A01";"2";"30";"0";"2";"1";"21";"1";""
"201900048520";"138 214 828";"B01";"2";"50";"0";"2";"7";"19";"3";""
"201900048521";"138 214 823";"A01";"3";"7";"0";"2";"1";"19";"0";""
"201900048521";"138 214 824";"B01";"3";"7";"13";"2";"3";"1";"0";""
"201900048521";"138 214 825";"C01";"3";"7";"0";"2";"1";"1";"0";""
"201900048521";"138 214 826";"D01";"3";"7";"13";"2";"0";"1";"1";""
"201900048522";"138 214 821";"B01";"2";"33";"0";"2";"4";"1";"1";""
"201900048522";"138 214 822";"A01";"2";"7";"0";"2";"2";"2";"1";""
"201900048523";"138 214 816";"A01";"1";"33";"0";"0";"8";"0";"1";""
"201900048524";"138 214 814";"A01";"1";"30";"0";"2";"1";"1";"1";""
"201900048524";"138 214 815";"B01";"1";"7";"0";"0";"5";"1";"1";""
"201900048525";"138 214 812";"Z01";"1";"7";"0";"2";"0";"9";"1";""
"201900048525";"138 214 813";"B01";"1";"1";"0";"2";"0";"1";"5";""
"201900048526";"138 214 811";"A01";"2";"7";"0";"1";"2";"1";"1";""
"201900048527";"138 214 810";"A01";"0";"7";"0";"1";"3";"1";"1";""
"201900048528";"138 214 809";"A01";"0";"7";"0";"1";"1";"1";"1";""
"201900048529";"138 214 807";"A01";"2";"7";"2";"2";"6";"1";"1";""
"201900048529";"138 214 808";"B01";"2";"7";"0";"2";"6";"26";"1";""
"201900048530";"138 214 805";"B01";"1";"7";"3";"0";"4";"0";"1";""
"201900048530";"138 214 806";"A01";"1";"10";"0";"2";"1";"0";"1";""
"201900048531";"138 214 804";"A01";"1";"33";"0";"1";"1";"1";"1";""
"201900048532";"138 214 803";"A01";"1";"34";"0";"0";"8";"1";"1";""
"201900048533";"138 214 801";"B01";"1";"33";"0";"2";"1";"1";"1";""
"201900048533";"138 214 802";"A01";"2";"7";"0";"2";"3";"9";"1";""
"201900048534";"138 214 799";"B01";"3";"30";"0";"2";"8";"0";"1";""
"201900048534";"138 214 800";"A01";"3";"7";"0";"2";"3";"15";"1";""
"201900048535";"138 214 798";"A01";"1";"7";"0";"1";"3";"1";"2";""
"201900048536";"138 214 794";"A01";"1";"34";"0";"2";"1";"3";"1";""
"201900048536";"138 214 795";"B01";"1";"32";"0";"2";"4";"11";"1";""
"201900048536";"138 214 796";"C01";"1";"7";"0";"2";"5";"1";"1";""
"201900048536";"138 214 797";"D01";"1";"7";"0";"2";"3";"1";"1";""
"201900048537";"138 214 793";"A01";"2";"37";"0";"1";"0";"20";"1";"1"
"201900048538";"138 214 792";"A01";"1";"50";"0";"0";"1";"1";"3";""
"201900048539";"138 214 790";"A01";"1";"10";"0";"2";"3";"1";"1";""
"201900048539";"138 214 791";"B01";"2";"50";"0";"2";"2";"1";"3";""
"201900048540";"138 214 789";"A01";"1";"7";"0";"1";"8";"1";"2";""
"201900048541";"138 214 787";"A01";"2";"32";"0";"2";"8";"1";"1";""
"201900048541";"138 214 788";"Z01";"2";"7";"0";"2";"0";"14";"0";""
"201900048542";"138 214 784";"A01";"1";"31";"0";"1";"8";"1";"1";""
"201900048543";"138 214 783";"A01";"1";"1";"12";"0";"1";"14";"5";""
"201900048544";"138 214 782";"Z01";"1";"7";"0";"1";"8";"16";"1";""
"201900048545";"138 214 781";"A01";"1";"43";"0";"1";"2";"1";"1";""
"201900048546";"138 214 779";"A01";"1";"7";"0";"2";"3";"2";"1";""
"201900048546";"138 214 780";"B01";"1";"10";"0";"2";"4";"2";"1";""
"201900048547";"138 214 778";"A01";"1";"1";"14";"0";"1";"14";"5";""
"201900048548";"138 214 777";"A01";"3";"40";"0";"1";"2";"1";"3";""
"201900048549";"138 214 776";"A01";"1";"7";"1";"0";"2";"14";"1";""
"201900048550";"138 214 774";"A01";"2";"30";"0";"2";"1";"2";"1";""
"201900048550";"138 214 775";"B01";"2";"7";"0";"2";"5";"23";"1";""
"201900048551";"138 214 773";"A01";"1";"33";"0";"1";"1";"1";"1";""
"201900048552";"138 214 772";"A01";"2";"7";"0";"1";"2";"14";"1";""
"201900048553";"138 214 770";"B01";"1";"7";"0";"2";"2";"1";"1";""
"201900048553";"138 214 771";"A01";"1";"10";"0";"2";"3";"1";"1";""
"201900048554";"138 214 768";"A01";"1";"1";"0";"2";"8";"1";"5";""
"201900048554";"138 214 769";"B01";"1";"7";"0";"2";"1";"1";"1";""
"201900048555";"138 214 766";"A01";"3";"7";"0";"2";"2";"1";"1";""
"201900048555";"138 214 767";"B01";"3";"1";"0";"2";"1";"1";"5";""
"201900048556";"138 214 764";"A01";"1";"7";"0";"2";"3";"15";"1";""
"201900048556";"138 214 765";"B01";"1";"43";"0";"2";"5";"1";"1";""
"201900048557";"138 214 763";"A01";"0";"7";"0";"1";"2";"1";"1";""
"201900048558";"138 214 761";"A01";"2";"1";"0";"2";"6";"1";"5";""
"201900048558";"138 214 762";"B01";"2";"33";"0";"2";"1";"1";"1";""
"201900048559";"138 214 759";"A01";"1";"7";"0";"2";"1";"1";"1";""
"201900048559";"138 214 760";"B01";"1";"7";"0";"2";"6";"1";"1";""
"201900048560";"138 214 757";"A01";"1";"33";"0";"2";"1";"2";"1";""
"201900048560";"138 214 758";"B01";"1";"30";"0";"2";"4";"16";"1";""
"201900048561";"138 214 756";"A01";"1";"50";"0";"0";"1";"1";"3";""
"201900048562";"138 214 752";"A01";"2";"33";"0";"2";"9";"1";"1";""
"201900048562";"138 214 753";"B01";"1";"7";"0";"2";"3";"15";"1";""
"201900048562";"138 214 754";"C01";"2";"7";"0";"2";"5";"24";"2";""
"201900048562";"138 214 755";"D01";"2";"7";"0";"2";"4";"24";"2";""
"201900048563";"138 214 751";"A01";"1";"50";"0";"0";"8";"1";"3";""
"201900048564";"138 214 750";"A01";"1";"7";"0";"1";"2";"1";"1";""
"201900048565";"138 214 748";"B01";"2";"7";"0";"2";"4";"0";"1";""
"201900048565";"138 214 749";"A01";"2";"7";"0";"2";"1";"0";"1";""
"201900048566";"138 214 746";"B01";"2";"33";"0";"2";"1";"1";"1";""
"201900048566";"138 214 747";"A01";"1";"7";"0";"2";"7";"15";"1";""
"201900048567";"138 214 745";"A01";"1";"30";"1";"0";"1";"1";"3";""
"201900048568";"138 214 743";"A01";"1";"31";"11";"0";"1";"17";"1";""
"201900048569";"138 214 741";"B01";"2";"1";"0";"2";"8";"2";"5";""
"201900048569";"138 214 742";"A01";"2";"33";"0";"2";"7";"2";"1";""
"201900048570";"138 214 738";"C01";"2";"7";"0";"2";"3";"1";"1";""
"201900048570";"138 214 739";"B01";"1";"7";"0";"0";"6";"26";"1";""
"201900048570";"138 214 740";"A01";"1";"2";"0";"2";"1";"1";"1";""
"201900048571";"138 214 736";"A01";"2";"7";"0";"2";"1";"17";"0";""
"201900048571";"138 214 737";"B01";"1";"7";"0";"2";"3";"1";"0";""
"201900048572";"138 214 735";"A01";"3";"7";"0";"1";"2";"1";"1";""
"201900048573";"138 214 734";"A01";"1";"2";"0";"0";"0";"0";"1";""
"201900048574";"138 214 733";"A01";"1";"33";"0";"0";"0";"1";"1";""
"201900048575";"138 214 731";"A01";"0";"10";"0";"2";"1";"9";"1";""
"201900048575";"138 214 732";"B01";"2";"33";"0";"2";"7";"1";"1";""
"201900048576";"138 214 730";"A01";"1";"33";"0";"0";"9";"1";"1";""
"201900048577";"138 214 729";"A01";"3";"33";"0";"0";"8";"1";"1";""
"201900048578";"138 214 727";"B01";"2";"1";"0";"2";"8";"9";"5";""
"201900048578";"138 214 728";"A01";"1";"7";"0";"9";"2";"1";"1";""
"201900048579";"138 214 726";"A01";"1";"7";"6";"0";"3";"1";"1";""
"201900048580";"138 214 725";"A01";"3";"7";"0";"1";"4";"20";"1";""
"201900048581";"138 214 723";"A01";"3";"7";"0";"2";"3";"1";"1";""
"201900048581";"138 214 724";"B01";"3";"1";"0";"2";"1";"17";"5";""
"201900048582";"138 214 721";"B01";"3";"1";"0";"2";"1";"15";"5";""
"201900048582";"138 214 722";"A01";"3";"7";"0";"9";"1";"9";"1";""
"201900048583";"138 214 719";"B01";"1";"33";"0";"2";"1";"17";"1";""
"201900048583";"138 214 720";"A01";"1";"1";"0";"2";"4";"2";"5";""
"201900048584";"138 214 718";"A01";"1";"31";"1";"0";"1";"1";"1";""
"201900048585";"138 214 716";"A01";"1";"7";"0";"2";"2";"14";"0";""
"201900048585";"138 214 717";"B01";"1";"15";"0";"2";"6";"1";"1";""
"201900048586";"138 214 714";"B01";"2";"7";"0";"2";"4";"2";"1";""
"201900048586";"138 214 715";"A01";"2";"7";"0";"2";"1";"1";"0";""
"201900048587";"138 214 712";"A01";"1";"7";"0";"2";"3";"2";"1";""
"201900048587";"138 214 713";"B01";"1";"15";"0";"2";"2";"12";"1";""
"201900048588";"138 214 711";"A01";"2";"32";"0";"0";"0";"0";"1";""
"201900048589";"138 214 708";"C01";"2";"10";"0";"2";"4";"1";"1";""
"201900048589";"138 214 709";"B01";"2";"7";"3";"2";"4";"2";"1";""
"201900048589";"138 214 710";"A01";"2";"7";"0";"2";"1";"2";"1";""
"201900048590";"138 214 706";"B01";"1";"33";"0";"2";"8";"3";"1";""
"201900048590";"138 214 707";"A01";"1";"10";"0";"2";"2";"14";"1";""
"201900048591";"138 214 705";"A01";"1";"7";"3";"0";"1";"26";"1";""
"201900048592";"138 214 702";"A01";"2";"7";"0";"2";"1";"2";"1";""
"201900048592";"138 214 703";"B01";"2";"7";"0";"2";"4";"2";"1";""
"201900048592";"138 214 704";"C01";"2";"7";"0";"2";"4";"2";"1";""
"201900048593";"138 214 700";"B01";"2";"7";"0";"2";"6";"1";"1";""
"201900048593";"138 214 701";"A01";"2";"33";"0";"2";"2";"3";"1";""
"201900048594";"138 214 698";"A01";"1";"33";"0";"2";"3";"3";"1";""
"201900048594";"138 214 699";"B01";"1";"7";"0";"2";"6";"12";"1";""
"201900048595";"138 214 696";"B01";"1";"7";"4";"2";"2";"1";"2";""
"201900048595";"138 214 697";"A01";"1";"7";"0";"2";"8";"21";"1";""
"201900048596";"138 214 693";"C01";"1";"7";"0";"2";"4";"23";"1";""
"201900048596";"138 214 694";"B01";"1";"7";"0";"2";"4";"23";"1";""
"201900048596";"138 214 695";"A01";"1";"7";"1";"0";"1";"2";"1";""
"201900048597";"138 214 691";"B01";"1";"99";"0";"2";"4";"2";"1";""
"201900048597";"138 214 692";"A01";"1";"10";"0";"2";"1";"2";"1";""
"201900048598";"138 214 690";"A01";"1";"32";"0";"0";"9";"1";"1";""
"201900048599";"138 214 688";"B01";"1";"10";"0";"2";"1";"2";"1";""
"201900048599";"138 214 689";"A01";"1";"7";"0";"2";"4";"2";"1";""
"201900048600";"138 214 686";"A01";"2";"17";"0";"2";"6";"9";"1";""
"201900048600";"138 214 687";"B01";"2";"7";"0";"2";"1";"9";"1";""
"201900048601";"138 214 683";"A01";"1";"10";"0";"2";"1";"2";"1";""
"201900048601";"138 214 684";"B01";"1";"7";"0";"2";"4";"2";"1";""
"201900048601";"138 214 685";"C01";"1";"7";"0";"2";"4";"2";"1";""
"201900048602";"138 214 681";"A01";"1";"30";"0";"2";"4";"2";"1";""
"201900048602";"138 214 682";"B01";"1";"30";"0";"2";"1";"2";"1";""
"201900048603";"138 214 675";"A01";"3";"1";"0";"2";"0";"0";"5";""
"201900048603";"138 214 676";"B01";"3";"7";"0";"2";"0";"0";"1";""
"201900048604";"138 214 674";"A01";"1";"33";"0";"0";"1";"1";"1";""
"201900048605";"138 214 671";"A01";"2";"7";"0";"1";"3";"2";"0";""
"201900048606";"138 214 669";"Z01";"2";"7";"0";"2";"6";"2";"0";""
"201900048606";"138 214 670";"B01";"2";"7";"0";"2";"4";"1";"0";""
"201900048607";"138 214 667";"A01";"2";"7";"3";"2";"5";"14";"1";""
"201900048607";"138 214 668";"B01";"2";"7";"0";"2";"3";"2";"1";""
"201900048608";"138 214 665";"B01";"1";"2";"0";"2";"1";"17";"1";""
"201900048608";"138 214 666";"A01";"0";"7";"0";"2";"3";"9";"1";""
"201900048609";"138 214 661";"B01";"3";"10";"0";"0";"4";"1";"1";""
"201900048609";"138 214 662";"A01";"3";"10";"0";"2";"1";"1";"1";""
"201900048610";"138 214 659";"B01";"1";"20";"0";"1";"8";"0";"1";""
"201900048610";"138 214 660";"A01";"1";"7";"0";"1";"8";"0";"1";""
"201900048611";"138 214 658";"A01";"1";"3";"0";"1";"1";"1";"1";""
"201900048612";"138 214 656";"B01";"2";"50";"0";"0";"0";"21";"3";""
"201900048612";"138 214 657";"A01";"2";"7";"0";"0";"0";"15";"1";""
"201900048613";"138 214 653";"C01";"1";"7";"0";"2";"2";"1";"1";""
"201900048613";"138 214 654";"B01";"1";"7";"0";"2";"3";"1";"1";""
"201900048613";"138 214 655";"A01";"1";"7";"0";"2";"5";"12";"1";""
"201900048614";"138 214 652";"A01";"1";"7";"0";"1";"1";"15";"1";""
"201900048615";"138 214 650";"B01";"2";"34";"0";"2";"2";"17";"0";""
"201900048615";"138 214 651";"A01";"2";"7";"0";"2";"1";"2";"6";""
"201900048616";"138 214 648";"A01";"1";"32";"0";"1";"1";"26";"0";""
"201900048617";"138 214 646";"B01";"2";"33";"0";"2";"1";"1";"6";""
"201900048617";"138 214 647";"A01";"1";"7";"0";"2";"6";"17";"6";""
"201900048618";"138 214 645";"A01";"1";"7";"0";"1";"2";"1";"1";""
"201900048619";"138 214 643";"A01";"1";"7";"0";"2";"3";"15";"1";""
"201900048619";"138 214 644";"B01";"1";"1";"0";"2";"1";"2";"5";""
"201900048620";"138 214 642";"A01";"3";"7";"8";"0";"1";"2";"0";""
"201900048621";"138 214 641";"A01";"3";"33";"8";"0";"6";"1";"1";""
"201900048622";"138 214 639";"B01";"2";"2";"0";"2";"1";"23";"1";""
"201900048622";"138 214 640";"A01";"2";"10";"14";"0";"4";"4";"1";""
"201900048623";"138 214 638";"A01";"2";"33";"8";"0";"7";"1";"1";""
"201900048624";"138 214 636";"B01";"2";"2";"0";"2";"1";"1";"1";""
"201900048624";"138 214 637";"A01";"2";"7";"0";"2";"2";"15";"2";""
"201900048625";"138 214 634";"A01";"2";"32";"0";"2";"1";"2";"1";""
"201900048625";"138 214 635";"B01";"2";"10";"0";"2";"4";"23";"1";""
"201900048626";"138 214 632";"A01";"2";"30";"3";"0";"8";"1";"1";""
"201900048626";"138 214 633";"Z01";"2";"7";"0";"0";"0";"0";"0";""
"201900048627";"138 214 628";"A01";"1";"7";"0";"2";"1";"2";"1";""
"201900048627";"138 214 629";"B01";"1";"7";"0";"2";"6";"2";"1";""
"201900048627";"138 214 630";"C01";"1";"32";"0";"2";"4";"2";"1";""
"201900048627";"138 214 631";"D01";"1";"7";"0";"2";"6";"2";"1";""
"201900048628";"138 214 627";"A01";"1";"34";"0";"1";"7";"21";"1";""
"201900048629";"138 214 626";"A01";"2";"7";"4";"0";"3";"17";"1";""
"201900048630";"138 214 622";"A01";"0";"7";"0";"2";"1";"1";"1";""
"201900048630";"138 214 623";"B01";"0";"7";"0";"2";"8";"15";"1";""
"201900048631";"138 214 620";"A01";"1";"43";"12";"2";"1";"1";"1";""
"201900048631";"138 214 621";"B01";"1";"7";"0";"2";"5";"1";"1";""
"201900048632";"138 214 618";"A01";"1";"32";"0";"0";"0";"21";"0";""
"201900048633";"138 214 614";"A01";"1";"7";"2";"0";"1";"6";"0";""
"201900048634";"138 214 609";"A01";"0";"7";"0";"1";"7";"1";"1";""
"201900048635";"138 214 607";"A01";"0";"7";"0";"2";"2";"1";"1";""
"201900048635";"138 214 608";"B01";"0";"7";"0";"2";"3";"15";"1";""
"201900048636";"138 214 606";"A01";"0";"31";"0";"0";"7";"21";"1";""
"201900048637";"138 214 604";"B01";"1";"1";"12";"0";"0";"25";"5";""
"201900048637";"138 214 605";"A01";"1";"7";"0";"0";"2";"13";"1";""
"201900048638";"138 214 603";"A01";"2";"7";"0";"1";"2";"1";"0";""
"201900048639";"138 214 601";"A01";"2";"7";"0";"2";"6";"15";"1";""
"201900048639";"138 214 602";"B01";"2";"33";"0";"2";"1";"17";"1";""
"201900048640";"138 214 599";"B01";"1";"7";"0";"2";"4";"2";"6";""
"201900048640";"138 214 600";"A01";"1";"7";"0";"2";"1";"2";"1";""
"201900048641";"138 214 598";"A01";"1";"1";"0";"1";"1";"1";"5";""
"201900048642";"138 214 596";"A01";"2";"7";"0";"2";"3";"1";"1";""
"201900048642";"138 214 597";"B01";"2";"7";"0";"2";"3";"1";"0";""
"201900048643";"138 214 595";"A01";"1";"30";"0";"1";"5";"1";"1";""
"201900048644";"138 214 593";"B01";"1";"32";"0";"2";"7";"1";"1";""
"201900048644";"138 214 594";"A01";"1";"7";"0";"2";"6";"11";"1";""
"201900048645";"138 214 591";"A01";"2";"7";"0";"1";"2";"26";"1";""
"201900048646";"138 214 590";"A01";"3";"99";"0";"1";"1";"25";"1";""
"201900048647";"138 214 588";"Z01";"0";"7";"0";"2";"4";"2";"1";""
"201900048647";"138 214 589";"B01";"0";"7";"0";"2";"4";"1";"1";""
"201900048648";"138 214 587";"A01";"0";"10";"0";"0";"0";"1";"6";""
"201900048649";"138 214 585";"A01";"1";"2";"0";"1";"1";"1";"1";""
"201900048650";"138 214 584";"B01";"2";"10";"0";"2";"1";"1";"0";""
"201900048650";"138 214 586";"A01";"3";"10";"0";"2";"7";"1";"0";""
"201900048651";"138 214 582";"B01";"1";"2";"0";"2";"1";"17";"1";""
"201900048651";"138 214 583";"A01";"1";"7";"0";"2";"3";"15";"1";""
"201900048652";"138 214 581";"A01";"1";"7";"0";"0";"1";"14";"1";""
"201900048653";"138 214 578";"A01";"3";"30";"0";"2";"2";"1";"1";""
"201900048653";"138 214 580";"B01";"3";"10";"0";"2";"6";"9";"1";""
"201900048654";"138 214 579";"A01";"1";"7";"0";"1";"3";"15";"1";""
"201900048655";"138 214 577";"A01";"3";"50";"0";"0";"0";"1";"3";""
"201900048656";"138 214 575";"B01";"1";"50";"0";"2";"1";"1";"3";""
"201900048656";"138 214 576";"A01";"1";"7";"0";"2";"5";"1";"1";""
"201900048657";"138 214 574";"A01";"1";"7";"0";"1";"1";"16";"1";""
"201900048658";"138 214 571";"B01";"3";"7";"0";"2";"1";"2";"1";""
"201900048658";"138 214 572";"A01";"3";"7";"0";"2";"7";"1";"1";""
"201900048659";"138 214 568";"A01";"3";"7";"0";"2";"1";"1";"1";""
"201900048659";"138 214 569";"B01";"3";"7";"0";"2";"4";"23";"1";""
"201900048660";"138 214 566";"A01";"0";"1";"0";"1";"1";"19";"5";""
"201900048660";"138 214 567";"B01";"0";"7";"0";"2";"2";"1";"2";""
"201900048661";"138 214 564";"B01";"3";"1";"0";"2";"1";"19";"5";""
"201900048661";"138 214 565";"A01";"1";"10";"0";"6";"5";"19";"1";""
"201900048662";"138 214 562";"A01";"1";"7";"0";"0";"1";"1";" -1";""
"201900048662";"138 214 563";"A01";"1";"1";"0";"2";"7";"19";"5";""
"201900048663";"138 214 561";"A01";"1";"34";"1";"0";"1";"1";"1";""
"201900048664";"138 214 559";"A01";"1";"7";"0";"2";"1";"1";"0";""
"201900048664";"138 214 560";"B01";"2";"1";"0";"2";"1";"1";"5";""
"201900048665";"138 214 558";"A01";"1";"7";"0";"1";"1";"1";"1";""
"201900048666";"138 214 556";"A01";"1";"10";"0";"1";"1";"15";"1";""
"201900048667";"138 214 555";"A01";"1";"7";"0";"2";"4";"0";"1";""
"201900048667";"138 214 557";"B01";"0";"1";"0";"2";"1";"0";"5";""
"201900048668";"138 214 553";"A01";"1";"7";"1";"2";"7";"1";"0";""
"201900048669";"138 214 552";"B01";"1";"7";"0";"2";"3";"1";"1";""
"201900048669";"138 214 554";"A01";"1";"10";"0";"2";"3";"9";"1";""
"201900048670";"138 214 551";"A01";"2";"7";"0";"1";"2";"16";"1";""
"201900048671";"138 214 548";"B01";"0";"7";"0";"0";"4";"1";"0";""
"201900048671";"138 214 550";"A01";"0";"7";"0";"2";"1";"2";"0";""
"201900048672";"138 214 549";"A01";"3";"7";"0";"0";"1";"1";"1";""
"201900048673";"138 214 546";"A01";"1";"7";"15";"0";"4";"2";"0";""
"201900048673";"138 214 547";"B01";"1";"7";"0";"2";"1";"2";"0";""
"201900048674";"138 214 544";"B01";"3";"7";"0";"2";"4";"1";"1";""
"201900048674";"138 214 545";"A01";"3";"7";"0";"2";"1";"1";"1";""
"201900048675";"138 214 543";"A01";"1";"7";"1";"1";"3";"20";"1";""
"201900048676";"138 214 541";"C01";" -1";"0";" -1";" -1";" -1";" -1";" -1";""
"201900048676";"138 214 542";"B01";"1";"7";"0";"2";"8";"15";"1";""
"201900048677";"138 214 539";"A01";"1";"7";"1";"2";"4";"4";"6";""
"201900048677";"138 214 540";"B01";"2";"7";"1";"1";"1";"26";"0";""
"201900048678";"138 214 535";"A01";"3";"7";"0";"2";"1";"1";"0";""
"201900048678";"138 214 537";"B01";"3";"2";"0";"2";"8";"15";"0";""
"201900048679";"138 214 536";"B01";"3";"7";"0";"2";"7";"15";"1";""
"201900048679";"138 214 538";"A01";"0";"10";"0";"2";"3";"9";"1";""
"201900048680";"138 214 534";"A01";"1";"7";"0";"1";"1";"26";"1";""
"201900048681";"138 214 531";"A01";"2";"32";"0";"1";"1";"1";"1";""
"201900048682";"138 214 532";"B01";"3";"7";"0";"2";"6";"15";"1";""
"201900048682";"138 214 533";"A01";"3";"32";"0";"0";"0";"0";"0";""
"201900048683";"138 214 530";"A01";"2";"10";"0";"1";"7";"1";"1";""
"201900048684";"138 214 529";"A01";"1";"7";"0";"1";"1";"1";"1";""
"201900048685";"138 214 527";"A01";"2";"1";"0";"2";"1";"25";"5";""
"201900048685";"138 214 528";"B01";"2";"7";"0";"2";"3";"9";"1";""
"201900048686";"138 214 525";"B01";"2";"60";"0";"2";"0";"0";"5";""
"201900048686";"138 214 526";"A01";"1";"7";"0";"1";"3";"2";"1";""
"201900048687";"138 214 524";"A01";"1";"21";"0";"0";"0";"1";"1";""
"201900048688";"138 214 523";"A01";"2";"7";"12";"0";"1";"15";"6";""
"201900048689";"138 214 522";"A01";"0";"40";"0";"1";"1";"1";"3";""
"201900048690";"138 214 521";"A01";"3";"33";"0";"1";"1";"16";"1";""