"Num_Acc";"id_vehicule";"num_veh";"senc";"catv";"obs";"obsm";"choc";"manv";"motor";"occutc"
"201900048691";"138 214 520";"A01";"1";"34";"0";"1";"1";"1";"1";""
"201900048692";"138 214 519";"A01";"1";"30";"0";"0";"8";"26";"1";""
"201900048693";"138 214 516";"A01";"2";"7";"0";"2";"3";"1";"0";""
"201900048693";"138 214 517";"C01";"2";"10";"0";"6";"2";"1";"1";""
"201900048693";"138 214 518";"B01";"2";"34";"0";"2";"0";"3";"0";""
"201900048694";"138 214 514";"B01";"1";"7";"0";"2";"0";"15";"1";""
"201900048694";"138 214 515";"A01";"1";"31";"0";"2";"1";"2";"1";""
"201900048695";"138 214 513";"A01";"2";"7";"2";"0";"3";"1";"1";""
"201900048696";"138 214 511";"A01";"2";"33";"13";"0";"9";"17";"1";""
"201900048697";"138 214 509";"A01";"3";"3";"17";"0";"3";"5";"1";""
"201900048698";"138 214 510";"A01";"1";"2";"0";"2";"1";"1";"1";""
"201900048698";"138 214 512";"B01";"2";"7";"0";"2";"5";"15";"1";""
"201900048699";"138 214 506";"A01";"0";"7";"0";"2";"8";"19";"1";""
"201900048699";"138 214 508";"B01";"2";"33";"0";"2";"1";"1";"1";""
"201900048700";"138 214 505";"B01";"1";"7";"0";"2";"1";"1";"1";""
"201900048700";"138 214 507";"A01";"2";"7";"0";"2";"7";"15";"1";""
"201900048701";"138 214 504";"A01";"1";"33";"0";"0";"1";"1";"1";""
"201900048702";"138 214 501";"A01";"1";"7";"4";"2";"3";"13";"1";""
"201900048702";"138 214 503";"B01";"1";"7";"0";"2";"4";"23";"1";""
"201900048703";"138 214 500";"B01";"2";"1";"0";"2";"8";"2";"5";""
"201900048703";"138 214 502";"A01";"2";"7";"0";"2";"7";"17";"1";""
"201900048704";"138 214 498";"A01";"2";"2";"1";"0";"8";"1";"1";""
"201900048705";"138 214 497";"B01";"1";"10";"0";"2";"1";"17";"1";""
"201900048705";"138 214 499";"A01";"1";"21";"0";"0";"6";"15";"1";""
"201900048706";"138 214 493";"B01";"1";"7";"0";"2";"4";"26";"1";""
"201900048706";"138 214 494";"D01";"1";"7";"0";"2";"1";"2";"1";""
"201900048706";"138 214 495";"C01";"1";"10";"0";"2";"1";"2";"1";""
"201900048706";"138 214 496";"A01";"1";"7";"0";"2";"4";"26";"1";""
"201900048707";"138 214 491";"B01";"2";"1";"0";"0";"4";"1";"0";""
"201900048707";"138 214 492";"A01";"2";"7";"0";"2";"2";"1";"0";""
"201900048708";"138 214 490";"A01";"3";"30";"0";"0";"0";"26";"1";""
"201900048709";"138 214 488";"B01";"0";"1";"0";"0";"4";"2";"5";""
"201900048709";"138 214 489";"A01";"3";"7";"0";"9";"2";"2";"1";""
"201900048710";"138 214 484";"B01";"1";"7";"0";"2";"1";"1";"1";""
"201900048710";"138 214 486";"A01";"2";"33";"0";"2";"1";"13";"1";""
"201900048711";"138 214 485";"A01";"0";"7";"0";"2";"1";"15";"0";""
"201900048711";"138 214 487";"B01";"0";"2";"0";"2";"1";"1";"0";""
"201900048712";"138 214 481";"A01";"3";"7";"0";"2";"3";"15";"1";""
"201900048712";"138 214 482";"B01";"3";"7";"0";"2";"6";"1";"1";""
"201900048713";"138 214 480";"A01";"0";"7";"0";"1";"1";"16";"1";""
"201900048714";"138 214 476";"A01";"1";"1";"0";"2";"1";"26";"5";""
"201900048714";"138 214 478";"B01";"2";"7";"0";"9";"2";"26";"1";""
"201900048715";"138 214 475";"B01";"1";"7";"0";"2";"7";"15";"1";""
"201900048715";"138 214 477";"A01";"2";"33";"0";"2";"1";"1";"1";""
"201900048716";"138 214 473";"A01";"1";"7";"4";"0";"0";"1";"1";""
"201900048717";"138 214 472";"A01";"2";"33";"0";"2";"1";"13";"1";""
"201900048717";"138 214 474";"B01";"1";"7";"0";"2";"1";"0";"1";""
"201900048718";"138 214 469";"B01";"3";"1";"0";"2";"1";"1";"5";""
"201900048718";"138 214 470";"A01";"3";"1";"0";"9";"1";"1";"5";""
"201900048719";"138 214 468";"A01";"1";"7";"17";"0";"1";"14";"1";""
"201900048720";"138 214 465";"A01";"1";"7";"0";"2";"1";"9";"1";""
"201900048720";"138 214 466";"B01";"1";"7";"0";"2";"6";"1";"1";""
"201900048720";"138 214 467";"C01";"2";"7";"0";"2";"1";"1";"1";""
"201900048721";"138 214 471";"A01";"2";"7";"1";"0";"3";"13";"1";""
"201900048722";"138 214 463";"B01";"1";"33";"0";"2";"1";"1";"1";""
"201900048722";"138 214 464";"A01";"0";"7";"0";"2";"3";"19";"1";""
"201900048723";"138 214 461";"A01";"1";"7";"3";"0";"9";"1";"1";""
"201900048724";"138 214 462";"Z01";"2";"0";"0";"1";"0";"1";"0";""
"201900048725";"138 214 460";"A01";"1";"7";"0";"0";"2";"1";"1";""
"201900048726";"138 214 459";"A01";"2";"33";"0";"1";"1";"2";"1";""
"201900048727";"138 214 457";"A01";"1";"7";"0";"1";"1";"26";"1";""
"201900048728";"138 214 455";"A01";"1";"10";"14";"0";"1";"21";"1";""
"201900048728";"138 214 456";"B01";"1";"7";"0";"2";"3";"1";"1";""
"201900048729";"138 214 453";"B01";"3";"2";"0";"9";"1";"1";"1";""
"201900048729";"138 214 454";"A01";"3";"7";"0";"0";"4";"23";"1";""
"201900048730";"138 214 451";"A01";"3";"10";"0";"2";"2";"5";"1";""
"201900048730";"138 214 452";"B01";"3";"10";"0";"2";"1";"1";"1";""
"201900048731";"138 214 449";"B01";"2";"7";"0";"2";"1";"2";"1";""
"201900048731";"138 214 450";"A01";"2";"15";"0";"0";"4";"17";"1";""
"201900048732";"138 214 447";"A01";"2";"34";"0";"2";"2";"17";"1";""
"201900048732";"138 214 448";"B01";"2";"7";"0";"2";"3";"15";"1";""
"201900048733";"138 214 446";"A01";"2";"7";"8";"0";"1";"0";"1";""
"201900048734";"138 214 442";"A01";"3";"7";"0";"2";"2";"20";"1";""
"201900048734";"138 214 444";"B01";"3";"2";"1";"2";"1";"1";"1";""
"201900048735";"138 214 443";"B01";"3";"7";"0";"2";"4";"2";"1";""
"201900048735";"138 214 445";"A01";"3";"7";"0";"2";"1";"2";"1";""
"201900048736";"138 214 441";"A01";"2";"2";"3";"0";"7";"0";"1";""
"201900048737";"138 214 440";"A01";"3";"7";"1";"0";"1";"1";"1";""
"201900048738";"138 214 439";"A01";"2";"7";"4";"0";"1";"1";"1";""
"201900048739";"138 214 438";"A01";"1";"33";"12";"0";"1";"14";"1";""
"201900048740";"138 214 436";"A01";"1";"33";"0";"2";"7";"17";"1";""
"201900048740";"138 214 437";"B01";"2";"7";"0";"2";"3";"1";"1";""
"201900048741";"138 214 434";"A01";"2";"32";"0";"2";"1";"14";"1";""
"201900048741";"138 214 435";"B01";"2";"7";"0";"2";"4";"23";"1";""
"201900048742";"138 214 432";"B01";"0";"39";"0";"2";"1";"1";"0";""
"201900048742";"138 214 433";"A01";"1";"7";"0";"4";"7";"5";"1";""
"201900048743";"138 214 430";"A01";"2";"60";"0";"2";"1";"1";"5";""
"201900048743";"138 214 431";"B01";"2";"10";"0";"2";"6";"23";"1";""
"201900048744";"138 214 428";"B01";"1";"7";"0";"2";"3";"2";"1";""
"201900048744";"138 214 429";"A01";"1";"33";"0";"2";"2";"2";"1";""
"201900048745";"138 214 427";"A01";"1";"10";"0";"1";"2";"1";"1";""
"201900048746";"138 214 424";"B01";"3";"7";"0";"2";"3";"15";"1";""
"201900048746";"138 214 425";"A01";"3";"43";"0";"2";"7";"17";"1";""
"201900048747";"138 214 421";"B01";"2";"17";"0";"2";"3";"1";"1";""
"201900048747";"138 214 423";"A01";"1";"7";"0";"2";"1";"6";"1";""
"201900048748";"138 214 422";"A01";"2";"10";"0";"1";"1";"15";"1";""
"201900048749";"138 214 419";"A01";"3";"1";"0";"2";"1";"5";"5";""
"201900048749";"138 214 420";"B01";"3";"7";"0";"9";"1";"5";"1";""
"201900048750";"138 214 418";"A01";"2";"2";"0";"1";"2";"1";"1";""
"201900048751";"138 214 413";"B01";"3";"34";"0";"2";"3";"1";"1";""
"201900048751";"138 214 414";"A01";"3";"7";"0";"2";"7";"16";"1";""
"201900048752";"138 214 411";"A01";"2";"33";"0";"0";"0";"21";"1";""
"201900048753";"138 214 410";"A01";"2";"10";"2";"0";"1";"1";"1";""
"201900048754";"138 214 409";"A01";"1";"7";"0";"1";"4";"20";"1";""
"201900048755";"138 214 407";"B01";"1";"1";"0";"2";"3";"19";"5";""
"201900048755";"138 214 408";"A01";"1";"7";"0";"2";"7";"21";"1";""
"201900048756";"138 214 405";"B01";"1";"50";"0";"2";"0";"1";"3";""
"201900048756";"138 214 406";"A01";"2";"43";"0";"2";"8";"15";"1";""
"201900048757";"138 214 401";"B01";"2";"37";"0";"2";"3";"8";"1";"2"
"201900048757";"138 214 403";"A01";"1";"7";"0";"2";"3";"15";"0";""
"201900048758";"138 214 402";"B01";"1";"7";"0";"2";"1";"1";"1";""
"201900048758";"138 214 404";"A01";"3";"7";"0";"2";"3";"15";"1";""
"201900048759";"138 214 400";"A01";"2";"50";"1";"0";"1";"1";"3";""
"201900048760";"138 214 398";"A01";"2";"10";"0";"2";"3";"13";"1";""
"201900048760";"138 214 399";"B01";"1";"10";"0";"2";"3";"1";"1";""
"201900048761";"138 214 396";"Z01";"2";"30";"0";"2";"8";"5";"0";""
"201900048761";"138 214 397";"A01";"1";"33";"0";"2";"8";"1";"1";""
"201900048762";"138 214 395";"A01";"1";"31";"12";"0";"1";"1";"1";""
"201900048763";"138 214 393";"Z01";"1";"30";"0";"2";"1";"1";"0";""
"201900048763";"138 214 394";"A01";"3";"50";"0";"2";"8";"19";"3";""
"201900048764";"138 214 392";"A01";"1";"7";"17";"0";"1";"1";"0";""
"201900048765";"138 214 390";"B01";"2";"7";"0";"2";"4";"23";"1";""
"201900048765";"138 214 391";"A01";"2";"7";"0";"2";"1";"2";"1";""
"201900048766";"138 214 388";"A01";"1";"7";"13";"0";"9";"1";"0";""
"201900048767";"138 214 389";"A01";"1";"32";"12";"0";"0";"12";"1";""
"201900048768";"138 214 386";"A01";"1";"33";"0";"2";"1";"2";"1";""
"201900048768";"138 214 387";"B01";"1";"33";"0";"2";"4";"2";"1";""
"201900048769";"138 214 385";"A01";"2";"7";"0";"1";"2";"1";"1";""
"201900048770";"138 214 384";"A01";"2";"7";"2";"0";"1";"13";"1";""
"201900048771";"138 214 383";"A01";"2";"33";"0";"1";"3";"1";"1";""
"201900048772";"138 214 381";"A01";"1";"7";"0";"2";"1";"5";"1";""
"201900048772";"138 214 382";"B01";"2";"7";"0";"2";"3";"1";"1";""
"201900048773";"138 214 379";"B01";"2";"1";"0";"2";"1";"1";"0";""
"201900048773";"138 214 380";"A01";"1";"7";"0";"2";"3";"15";"1";""
"201900048774";"138 214 375";"B01";"1";"31";"0";"2";"8";"1";"1";""
"201900048774";"138 214 378";"A01";"2";"7";"0";"2";"8";"15";"1";""
"201900048775";"138 214 373";"A01";"1";"7";"0";"2";"1";"13";"1";""
"201900048775";"138 214 374";"B01";"2";"10";"0";"2";"1";"1";"1";""
"201900048776";"138 214 372";"A01";"1";"31";"0";"0";"8";"15";"1";""
"201900048777";"138 214 370";"B01";"2";"7";"6";"0";"1";"26";"1";""
"201900048777";"138 214 371";"A01";"2";"21";"0";"2";"2";"9";"1";""
"201900048778";"138 214 376";"B01";"2";"80";"1";"0";"1";"1";"3";""
"201900048778";"138 214 377";"A01";"2";"7";"0";"2";"2";"0";"1";""
"201900048779";"138 214 366";"A01";"1";"1";"0";"2";"7";"19";"5";""
"201900048779";"138 214 368";"B01";"1";"7";"0";"2";"1";"1";"0";""
"201900048780";"138 214 367";"A01";"1";"7";"0";"2";"3";"17";"0";""
"201900048780";"138 214 369";"B01";"2";"7";"0";"2";"3";"1";"0";""
"201900048781";"138 214 365";"A01";"2";"7";"0";"1";"1";"19";"0";""
"201900048782";"138 214 364";"A01";"1";"7";"2";"0";"1";"14";"1";""
"201900048783";"138 214 361";"B01";"1";"14";"0";"2";"1";"15";"1";""
"201900048783";"138 214 363";"A01";"2";"33";"0";"2";"1";"5";"1";""
"201900048784";"138 214 360";"A01";"1";"33";"0";"2";"8";"1";"1";""
"201900048784";"138 214 362";"B01";"2";"7";"0";"2";"3";"15";"1";""
"201900048785";"138 214 357";"A01";"2";"7";"0";"2";"3";"1";"1";""
"201900048785";"138 214 359";"B01";"2";"2";"0";"0";"4";"1";"1";""
"201900048786";"138 214 358";"A01";"3";"7";"1";"0";"2";"1";"2";""
"201900048787";"138 214 356";"A01";"1";"33";"9";"0";"1";"0";"1";""
"201900048788";"138 214 353";"A01";"1";"7";"0";"2";"3";"1";"1";""
"201900048788";"138 214 354";"B01";"2";"30";"0";"2";"1";"1";"1";""
"201900048789";"138 214 355";"A01";"3";"32";"0";"0";"1";"25";"0";""
"201900048790";"138 214 349";"A01";"0";"3";"0";"2";"0";"1";"0";""
"201900048790";"138 214 350";"B01";"0";"3";"0";"2";"4";"1";"0";""
"201900048791";"138 214 351";"B01";"1";"7";"0";"0";"4";"15";"1";""
"201900048791";"138 214 352";"A01";"1";"2";"0";"2";"1";"2";"1";""
"201900048792";"138 214 347";"A01";"1";"10";"0";"0";"8";"13";"1";""
"201900048792";"138 214 348";"B01";"1";"2";"0";"2";"1";"17";"1";""
"201900048793";"138 214 346";"A01";"3";"7";"0";"1";"1";"26";"1";""
"201900048794";"138 214 343";"A01";"1";"15";"0";"2";"1";"2";"1";""
"201900048794";"138 214 345";"B01";"1";"10";"0";"2";"4";"2";"1";""
"201900048795";"138 214 342";"B01";"3";"1";"0";"2";"1";"9";"5";""
"201900048795";"138 214 344";"A01";"3";"7";"0";"2";"3";"2";"1";""
"201900048796";"138 214 340";"B01";"2";"7";"0";"2";"3";"1";"1";""
"201900048796";"138 214 341";"A01";"1";"33";"0";"2";"1";"17";"1";""
"201900048797";"138 214 338";"B01";"2";"43";"0";"2";"1";"1";"1";""
"201900048797";"138 214 339";"A01";"1";"7";"0";"2";"7";"10";"1";""
"201900048798";"138 214 335";"A01";"2";"10";"0";"0";"3";"1";"1";""
"201900048798";"138 214 337";"B01";"1";"10";"0";"0";"1";"1";"1";""
"201900048799";"138 214 334";"A01";"3";"32";"0";"2";"2";"1";"0";""
"201900048799";"138 214 336";"B01";"0";"7";"0";"2";"3";"9";"0";""
"201900048800";"138 214 330";"A01";"2";"33";"13";"0";"7";"1";"1";""
"201900048801";"138 214 329";"D01";"1";"0";"0";"6";"4";"26";"0";""
"201900048801";"138 214 331";"C01";"1";"7";"0";"2";"4";"0";"0";""
"201900048801";"138 214 332";"B01";"1";"7";"0";"2";"4";"26";"0";""
"201900048801";"138 214 333";"A01";"1";"37";"0";"2";"1";"26";"0";"3"
"201900048802";"138 214 327";"B01";"1";"31";"0";"2";"1";"1";"1";""
"201900048802";"138 214 328";"A01";"2";"7";"0";"2";"3";"15";"1";""
"201900048803";"138 214 324";"A01";"2";"7";"1";"0";"1";"0";"0";""
"201900048804";"138 214 325";"A01";"1";"10";"0";"2";"1";"15";"1";""
"201900048804";"138 214 326";"B01";"1";"1";"0";"2";"7";"1";"5";""
"201900048805";"138 214 321";"Z01";"2";"7";"0";"1";"3";"26";"6";""
"201900048806";"138 214 319";"A01";"2";"7";"0";"2";"1";"17";"0";""
"201900048806";"138 214 320";"B01";"1";"7";"0";"2";"1";"14";"0";""
"201900048806";"138 214 322";"C01";"1";"7";"0";"2";"1";"0";"0";""
"201900048806";"138 214 323";"D01";"2";"7";"0";"2";"1";"26";"0";""
"201900048807";"138 214 317";"A01";"1";"7";"0";"2";"3";"15";"0";""
"201900048807";"138 214 318";"B01";"1";"34";"0";"2";"2";"17";"6";""
"201900048808";"138 214 315";"B01";"1";"7";"0";"2";"8";"15";"1";""
"201900048808";"138 214 316";"A01";"1";"33";"0";"2";"1";"2";"1";""
"201900048809";"138 214 313";"A01";"3";"7";"0";"2";"1";"26";"1";""
"201900048809";"138 214 314";"B01";"3";"14";"0";"2";"4";"1";"1";""
"201900048810";"138 214 312";"A01";"1";"37";"0";"1";"1";"1";"1";"1"
"201900048811";"138 214 311";"A01";"1";"7";"0";"1";"2";"1";"0";""
"201900048812";"138 214 310";"A01";"2";"1";"0";"0";"7";"1";"5";""
"201900048813";"138 214 308";"B01";"3";"33";"0";"2";"6";"3";"1";""
"201900048813";"138 214 309";"A01";"0";"32";"0";"2";"1";"3";"1";""
"201900048814";"138 214 306";"B01";"0";"30";"0";"2";"1";"2";"1";""
"201900048814";"138 214 307";"A01";"3";"14";"0";"2";"4";"4";"1";""
"201900048815";"138 214 303";"A01";"2";"7";"0";"2";"3";"1";"1";""
"201900048815";"138 214 305";"B01";"1";"7";"0";"0";"3";"1";"1";""
"201900048816";"138 214 302";"B01";"1";"32";"0";"2";"8";"1";"1";""
"201900048816";"138 214 304";"A01";"2";"7";"0";"2";"2";"15";"1";""
"201900048817";"138 214 299";"B01";"1";"7";"0";"2";"4";"26";"1";""
"201900048817";"138 214 300";"A01";"1";"2";"0";"2";"1";"26";"1";""
"201900048818";"138 214 297";"B01";"1";"2";"0";"2";"1";"0";"1";""
"201900048818";"138 214 298";"A01";"1";"7";"0";"2";"1";"9";"0";""
"201900048819";"138 214 295";"A01";"1";"14";"2";"0";"2";"14";"1";""
"201900048820";"138 214 293";"A01";"1";"7";"2";"0";"3";"1";"1";""
"201900048821";"138 214 292";"A01";"1";"7";"0";"1";"1";"1";"1";""
"201900048822";"138 214 294";"B01";"3";"7";"0";"2";"3";"1";"1";""
"201900048822";"138 214 296";"A01";"3";"7";"0";"2";"2";"1";"1";""
"201900048823";"138 214 289";"B01";"2";"32";"0";"2";"7";"1";"0";""
"201900048823";"138 214 290";"A01";"2";"7";"0";"2";"8";"17";"1";""
"201900048824";"138 214 288";"A01";"0";"33";"6";"0";"1";"1";"1";""
"201900048825";"138 214 287";"A01";"2";"7";"16";"0";"2";"1";"0";""
"201900048826";"138 214 286";"A01";"3";"31";"0";"0";"3";"13";"1";""
"201900048827";"138 214 285";"A01";"1";"2";"15";"0";"2";"14";"1";""
"201900048828";"138 214 279";"A01";"1";"33";"0";"2";"1";"1";"1";""
"201900048828";"138 214 280";"B01";"1";"7";"0";"2";"4";"1";"1";""
"201900048829";"138 214 281";"B01";"2";"33";"0";"2";"1";"1";"1";""
"201900048829";"138 214 282";"A01";"1";"7";"0";"2";"3";"9";"1";""
"201900048830";"138 214 278";"A01";"2";"14";"3";"0";"9";"26";"1";""
"201900048831";"138 214 277";"A01";"3";"1";"0";"1";"1";"16";"5";""
"201900048832";"138 214 275";"A01";"1";"2";"6";"0";"8";"17";"1";""
"201900048832";"138 214 276";"B01";"1";"21";"0";"0";"0";"15";"1";""
"201900048833";"138 214 273";"A01";"2";"13";"13";"0";"3";"13";"1";""
"201900048834";"138 214 272";"B01";"2";"10";"0";"1";"1";"1";"1";""
"201900048834";"138 214 274";"A01";"1";"10";"0";"2";"1";"13";"1";""
"201900048835";"138 214 271";"A01";"2";"7";"2";"0";"1";"14";"1";""
"201900048836";"138 214 269";"A01";"1";"7";"0";"2";"1";"13";"1";""
"201900048836";"138 214 270";"B01";"2";"15";"0";"2";"3";"1";"1";""
"201900048837";"138 214 267";"A01";"0";"7";"0";"2";"3";"0";"1";""
"201900048837";"138 214 268";"B01";"0";"7";"0";"2";"3";"0";"1";""
"201900048838";"138 214 265";"B01";"2";"17";"0";"2";"3";"1";"1";""
"201900048838";"138 214 266";"A01";"1";"7";"0";"2";"3";"13";"1";""
"201900048839";"138 214 263";"B01";"3";"33";"0";"2";"1";"1";"1";""
"201900048839";"138 214 264";"A01";"3";"7";"0";"2";"7";"15";"1";""
"201900048840";"138 214 260";"B01";"1";"7";"0";"2";"1";"14";"1";""
"201900048840";"138 214 261";"A01";"2";"7";"8";"0";"3";"13";"1";""
"201900048841";"138 214 258";"A01";"3";"7";"7";"2";"3";"2";"1";""
"201900048841";"138 214 259";"B01";"0";"7";"0";"0";"5";"2";"1";""
"201900048842";"138 214 256";"B01";"2";"7";"0";"2";"8";"17";"1";""
"201900048842";"138 214 257";"A01";"2";"33";"13";"2";"7";"17";"1";""
"201900048843";"138 214 254";"B01";"2";"10";"0";"2";"1";"1";"1";""
"201900048843";"138 214 255";"A01";"1";"7";"6";"2";"1";"13";"1";""
"201900048844";"138 214 262";"A01";"2";"10";"2";"0";"1";"14";"1";""
"201900048845";"138 214 253";"A01";"2";"7";"13";"0";"9";"1";"1";""
"201900048846";"138 214 249";"B01";"2";"15";"0";"0";"5";"2";"1";""
"201900048846";"138 214 250";"A01";"2";"10";"0";"2";"1";"1";"0";""
"201900048847";"138 214 248";"A01";"1";"7";"0";"1";"1";"1";"1";""
"201900048848";"138 214 246";"B01";"1";"7";"0";"0";"4";"1";"1";""
"201900048848";"138 214 247";"A01";"1";"7";"0";"2";"1";"1";"1";""
"201900048849";"138 214 244";"B01";"1";"7";"0";"2";"8";"15";"1";""
"201900048849";"138 214 245";"A01";"1";"32";"0";"2";"2";"17";"1";""
"201900048850";"138 214 251";"B01";"3";"1";"0";"0";"4";"2";"5";""
"201900048850";"138 214 252";"A01";"3";"7";"0";"2";"3";"9";"1";""
"201900048851";"138 214 241";"A01";"1";"10";"0";"2";"1";"2";"1";""
"201900048851";"138 214 242";"B01";"1";"17";"0";"0";"4";"1";"1";""
"201900048851";"138 214 243";"C01";"2";"7";"4";"9";"2";"1";"1";""
"201900048852";"138 214 240";"A01";"3";"2";"0";"0";"0";"1";"1";""
"201900048853";"138 214 238";"B01";"1";"7";"0";"2";"1";"2";"1";""
"201900048853";"138 214 239";"A01";"1";"7";"0";"0";"4";"2";"1";""
"201900048854";"138 214 237";"A01";"3";"10";"0";"1";"5";"4";"1";""
"201900048855";"138 214 235";"B01";"2";"7";"0";"0";"4";"1";"1";""
"201900048855";"138 214 236";"A01";"2";"7";"0";"2";"1";"2";"1";""
"201900048856";"138 214 233";"A01";"3";"7";"16";"0";"8";"1";"1";""
"201900048856";"138 214 234";"B01";"3";"7";"0";"2";"1";"1";"1";""
"201900048857";"138 214 231";"B01";"2";"7";"0";"0";"4";"2";"1";""
"201900048857";"138 214 232";"A01";"2";"7";"0";"2";"1";"2";"1";""
"201900048858";"138 214 230";"A01";"1";"7";"13";"0";"1";"17";"1";""
"201900048859";"138 214 228";"B01";"1";"7";"0";"2";"7";"19";"1";""
"201900048859";"138 214 229";"A01";"2";"17";"0";"2";"1";"1";"1";""
"201900048860";"138 214 227";"A01";"0";"2";"11";"0";"1";"1";"1";""
"201900048861";"138 214 225";"B01";"0";"1";"0";"0";"4";"2";"5";""
"201900048861";"138 214 226";"A01";"1";"10";"0";"9";"1";"2";"1";""
"201900048862";"138 214 223";"B01";"2";"1";"0";"2";"1";"1";"5";""
"201900048862";"138 214 224";"A01";"1";"7";"0";"9";"2";"15";"1";""
"201900048863";"138 214 221";"B01";"1";"10";"0";"2";"1";"21";"1";""
"201900048863";"138 214 222";"A01";"2";"7";"0";"2";"1";"5";"1";""
"201900048864";"138 214 217";"B01";"0";"7";"0";"2";"3";"1";"1";""
"201900048864";"138 214 219";"A01";"0";"33";"7";"2";"5";"0";"1";""
"201900048865";"138 214 218";"A01";"1";"7";"0";"2";"7";"15";"1";""
"201900048865";"138 214 220";"B01";"2";"33";"0";"2";"1";"1";"1";""
"201900048866";"138 214 216";"A01";"2";"33";"4";"0";"8";"13";"1";""
"201900048867";"138 214 212";"B01";"1";"7";"0";"2";"4";"2";"0";""
"201900048867";"138 214 213";"A01";"1";"7";"0";"2";"1";"2";"0";""
"201900048868";"138 214 211";"A01";"1";"7";"16";"1";"1";"2";"1";""
"201900048869";"138 214 209";"B01";"1";"33";"2";"2";"2";"17";"1";""
"201900048869";"138 214 210";"A01";"1";"10";"0";"2";"3";"15";"1";""
"201900048870";"138 214 207";"B01";"2";"7";"0";"2";"3";"1";"1";""
"201900048870";"138 214 208";"A01";"1";"34";"0";"2";"1";"1";"1";""
"201900048871";"138 214 206";"A01";"1";"7";"2";"0";"1";"1";"1";""
"201900048872";"138 214 203";"B01";"3";"7";"0";"2";"3";"15";"0";""
"201900048872";"138 214 205";"A01";"3";"2";"0";"2";"2";"17";"0";""
"201900048873";"138 214 201";"A01";"2";"7";"0";"1";"1";"1";"1";""
"201900048874";"138 214 200";"C01";"1";"7";"0";"2";"1";"1";"1";""
"201900048874";"138 214 202";"B01";"1";"7";"0";"2";"6";"1";"1";""
"201900048874";"138 214 204";"A01";"2";"7";"0";"2";"1";"1";"1";""
"201900048875";"138 214 198";"A01";"2";"2";"0";"0";"7";"14";"1";""
"201900048876";"138 214 197";"B01";"2";"30";"0";"0";"8";"15";"1";""
"201900048876";"138 214 199";"A01";"2";"33";"6";"2";"1";"17";"1";""
"201900048877";"138 214 195";"A01";"1";"7";"13";"0";"1";"1";"1";""
"201900048878";"138 214 193";"A01";"2";"7";"0";"2";"3";"9";"1";""
"201900048878";"138 214 194";"B01";"2";"7";"0";"2";"1";"1";"1";""
"201900048879";"138 214 190";"C01";"1";"7";"2";"2";"4";"2";"1";""
"201900048879";"138 214 191";"B01";"1";"7";"0";"2";"4";"2";"1";""
"201900048879";"138 214 192";"A01";"1";"7";"0";"2";"1";"2";"1";""
"201900048880";"138 214 196";"A01";"2";"33";"15";"0";"8";"1";"1";""
"201900048881";"138 214 187";"A01";"1";"7";"2";"0";"2";"0";"0";""
"201900048882";"138 214 188";"B01";"1";"31";"0";"2";"7";"12";"1";""
"201900048882";"138 214 189";"A01";"1";"2";"0";"2";"8";"1";"1";""
"201900048883";"138 214 183";"C01";"1";"7";"0";"2";"0";"0";"0";""
"201900048883";"138 214 185";"B01";"2";"7";"0";"2";"3";"0";"1";""
"201900048883";"138 214 186";"A01";"1";"7";"0";"2";"3";"0";"1";""
"201900048884";"138 214 180";"B01";"1";"10";"0";"2";"2";"15";"1";""
"201900048884";"138 214 181";"A01";"1";"33";"0";"2";"3";"1";"1";""
"201900048885";"138 214 178";"B01";"2";"7";"0";"2";"2";"0";"1";""
"201900048885";"138 214 179";"A01";"1";"7";"13";"2";"1";"13";"1";""
"201900048886";"138 214 176";"A01";"2";"7";"0";"2";"1";"1";"1";""
"201900048886";"138 214 177";"C01";"2";"7";"0";"2";"6";"1";"1";""
"201900048886";"138 214 182";"B01";"1";"7";"7";"2";"8";"1";"1";""
"201900048886";"138 214 184";"D01";"2";"7";"0";"2";"1";"1";"1";""
"201900048887";"138 214 174";"A01";"2";"7";"2";"2";"1";"1";"1";""
"201900048887";"138 214 175";"B01";"1";"2";"0";"2";"1";"1";"1";""
"201900048888";"138 214 173";"A01";"3";"7";"14";"0";"8";"1";"1";""
"201900048889";"138 214 171";"A01";"1";"7";"13";"0";"3";"2";"1";""
"201900048890";"138 214 170";"A01";"1";"7";"8";"0";"1";"13";"1";""
"201900048891";"138 214 167";"A01";"2";"7";"0";"2";"1";"2";"0";""
"201900048891";"138 214 168";"C01";"2";"7";"0";"2";"4";"2";"0";""
"201900048891";"138 214 169";"B01";"2";"7";"0";"2";"4";"2";"0";""
"201900048892";"138 214 165";"B01";"0";"32";"0";"2";"2";"17";"1";""
"201900048892";"138 214 166";"A01";"0";"7";"0";"2";"2";"19";"1";""
"201900048893";"138 214 163";"B01";"3";"2";"0";"2";"1";"5";"1";""
"201900048893";"138 214 164";"A01";"3";"7";"0";"2";"3";"2";"1";""
"201900048894";"138 214 161";"A01";"1";"7";"4";"0";"3";"1";"1";""
"201900048895";"138 214 159";"B01";"1";"1";"0";"2";"8";"1";"5";""
"201900048895";"138 214 160";"A01";"1";"7";"0";"2";"7";"17";"1";""
"201900048896";"138 214 157";"A01";"2";"10";"0";"2";"1";"2";"1";""