"Num_Acc";"id_vehicule";"num_veh";"senc";"catv";"obs";"obsm";"choc";"manv";"motor";"occutc"
"201900049518";"138 213 007";"A01";"2";"33";"17";"0";"1";"1";"1";""
"201900049519";"138 213 005";"A01";"2";"2";"8";"0";"1";"14";"1";""
"201900049520";"138 213 004";"A01";"1";"7";"13";"0";"1";"1";"1";""
"201900049521";"138 213 002";"A01";"1";"17";"0";"2";"1";"13";"1";""
"201900049521";"138 213 003";"B01";"2";"7";"0";"2";"1";"21";"1";""
"201900049522";"138 213 000";"B01";"1";"7";"0";"2";"6";"15";"1";""
"201900049522";"138 213 001";"A01";"1";"33";"0";"2";"1";"2";"1";""
"201900049523";"138 212 998";"A01";"3";"7";"0";"2";"3";"1";"1";""
"201900049523";"138 212 999";"B01";"3";"30";"0";"2";"1";"13";"1";""
"201900049524";"138 212 997";"A01";"2";"33";"0";"0";"0";"16";"1";""
"201900049525";"138 212 995";"B01";"3";"7";"0";"2";"1";"5";"1";""
"201900049525";"138 212 996";"A01";"3";"2";"0";"2";"1";"5";"1";""
"201900049526";"138 212 992";"A01";"1";"7";"2";"0";"7";"0";"1";""
"201900049527";"138 212 991";"A01";"1";"7";"6";"0";"1";"19";"1";""
"201900049528";"138 212 990";"A01";"1";"7";"2";"0";"1";"13";"1";""
"201900049529";"138 212 987";"B01";"1";"7";"0";"2";"3";"1";"1";""
"201900049529";"138 212 988";"A01";"2";"7";"0";"2";"3";"13";"1";""
"201900049530";"138 212 985";"A01";"2";"7";"0";"2";"3";"9";"1";""
"201900049530";"138 212 986";"B01";"1";"7";"2";"2";"7";"1";"1";""
"201900049531";"138 212 983";"B01";"1";"1";"0";"2";"2";"1";"5";""
"201900049531";"138 212 984";"A01";"2";"7";"0";"9";"2";"15";"1";""
"201900049532";"138 212 981";"B01";"1";"7";"0";"2";"3";"1";"1";""
"201900049532";"138 212 982";"A01";"2";"7";"0";"2";"2";"15";"1";""
"201900049533";"138 212 980";"A01";"1";"7";"15";"0";"1";"1";"1";""
"201900049534";"138 212 978";"B01";"1";"33";"0";"2";"1";"2";"1";""
"201900049534";"138 212 979";"A01";"1";"33";"14";"0";"4";"1";"1";""
"201900049535";"138 212 976";"A01";"2";"7";"0";"2";"2";"2";"1";""
"201900049535";"138 212 977";"B01";"2";"1";"0";"0";"6";"2";"5";""
"201900049536";"138 212 974";"B01";"1";"14";"0";"2";"3";"1";"1";""
"201900049536";"138 212 975";"A01";"2";"32";"0";"2";"3";"1";"1";""
"201900049537";"138 212 972";"B01";"3";"7";"0";"2";"7";"1";"1";""
"201900049537";"138 212 973";"A01";"3";"7";"0";"2";"1";"19";"1";""
"201900049538";"138 212 971";"A01";"1";"7";"2";"0";"1";"14";"1";""
"201900049539";"138 212 970";"A01";"3";"7";"1";"1";"2";"4";"1";""
"201900049540";"138 212 969";"A01";"3";"33";"0";"1";"0";"0";"1";""
"201900049541";"138 212 968";"A01";"3";"2";"0";"1";"0";"0";"1";""
"201900049542";"138 212 966";"A01";"1";"2";"0";"2";"1";"19";"1";""
"201900049542";"138 212 967";"B01";"2";"7";"0";"2";"3";"1";"1";""
"201900049543";"138 212 965";"A01";"2";"7";"3";"0";"2";"14";"1";""
"201900049544";"138 212 963";"B01";"1";"7";"0";"2";"3";"0";"1";""
"201900049544";"138 212 964";"A01";"2";"7";"0";"2";"2";"0";"1";""
"201900049545";"138 212 961";"A01";"2";"7";"0";"2";"1";"2";"1";""
"201900049545";"138 212 962";"B01";"2";"7";"3";"0";"4";"2";"1";""
"201900049546";"138 212 959";"A01";"1";"7";"0";"2";"1";"5";"1";""
"201900049546";"138 212 960";"B01";"2";"17";"0";"2";"1";"23";"1";""
"201900049547";"138 212 958";"A01";"3";"2";"2";"0";"1";"0";"1";""
"201900049548";"138 212 956";"B01";"1";"17";"0";"0";"4";"2";"1";""
"201900049548";"138 212 957";"A01";"1";"7";"0";"2";"1";"1";"1";""
"201900049549";"138 212 955";"A01";"2";"7";"13";"0";"9";"1";"1";""
"201900049550";"138 212 953";"A01";"1";"33";"3";"0";"1";"0";"1";""
"201900049551";"138 212 951";"B01";"2";"7";"14";"9";"1";"2";"1";""
"201900049551";"138 212 952";"A01";"2";"17";"5";"0";"9";"26";"1";""
"201900049552";"138 212 949";"A01";"2";"33";"0";"2";"8";"1";"1";""
"201900049552";"138 212 950";"B01";"1";"99";"0";"2";"8";"14";"1";""
"201900049553";"138 212 947";"B01";"0";"32";"0";"2";"1";"1";"1";""
"201900049553";"138 212 948";"A01";"0";"7";"0";"2";"3";"15";"1";""
"201900049554";"138 212 946";"A01";"1";"7";"3";"0";"1";"16";"6";""
"201900049555";"138 212 943";"A01";"1";"7";"0";"2";"4";"0";"1";""
"201900049555";"138 212 944";"B01";"1";"7";"0";"2";"1";"0";"1";""
"201900049555";"138 212 945";"C01";"1";"7";"0";"0";"0";"23";"1";""
"201900049556";"138 212 942";"A01";"2";"7";"14";"6";"1";"1";"1";""
"201900049557";"138 212 941";"A01";"1";"7";"14";"0";"1";"1";"1";""
"201900049558";"138 212 940";"A01";"1";"7";"4";"0";"9";"14";"1";""
"201900049559";"138 212 938";"A01";"1";"7";"0";"2";"1";"2";"1";""
"201900049559";"138 212 939";"B01";"1";"17";"0";"0";"4";"2";"1";""
"201900049560";"138 212 937";"A01";"3";"7";"0";"1";"3";"2";"1";""
"201900049561";"138 212 935";"A01";"3";"1";"0";"2";"3";"15";"6";""
"201900049561";"138 212 936";"B01";"2";"7";"0";"9";"3";"1";"1";""
"201900049562";"138 212 930";"A01";"2";"7";"17";"0";"1";"1";"0";""
"201900049563";"138 212 928";"A01";"2";"2";"0";"2";"1";"13";"0";""
"201900049563";"138 212 929";"B01";"1";"38";"0";"2";"8";"1";"0";"1"
"201900049564";"138 212 924";"B01";"2";"7";"0";"2";"1";"1";"1";""
"201900049564";"138 212 925";"A01";"1";"7";"0";"2";"7";"13";"1";""
"201900049565";"138 212 923";"A01";"1";"1";"0";"1";"1";"1";"5";""
"201900049566";"138 212 921";"A01";"3";"32";"0";"2";"1";"17";"1";""
"201900049566";"138 212 922";"B01";"0";"7";"0";"2";"6";"15";"1";""
"201900049567";"138 212 920";"A01";"1";"7";"15";"0";"1";"15";"1";""
"201900049568";"138 212 917";"A01";"1";"7";"0";"0";"3";"1";"0";""
"201900049569";"138 212 916";"A01";"1";"7";"0";"1";"2";"1";"1";""
"201900049570";"138 212 914";"A01";"1";"33";"0";"2";"1";"13";"1";""
"201900049570";"138 212 915";"B01";"2";"7";"0";"2";"1";"1";"1";""
"201900049571";"138 212 912";"A01";"1";"7";"0";"2";"1";"1";"1";""
"201900049571";"138 212 913";"B01";"2";"7";"0";"0";"8";"15";"1";""
"201900049572";"138 212 911";"A01";"1";"7";"0";"1";"1";"15";"1";""
"201900049573";"138 212 909";"A01";"1";"7";"0";"0";"6";"15";"1";""
"201900049573";"138 212 910";"B01";"1";"33";"0";"2";"1";"17";"1";""
"201900049574";"138 212 908";"A01";"1";"33";"0";"0";"1";"1";"1";""
"201900049575";"138 212 906";"B01";"0";"2";"0";"2";"1";"1";"1";""
"201900049575";"138 212 907";"A01";"0";"7";"0";"2";"7";"15";"1";""
"201900049576";"138 212 905";"A01";"3";"31";"15";"0";"3";"13";"1";""
"201900049577";"138 212 904";"A01";"3";"7";"0";"1";"1";"15";"1";""
"201900049578";"138 212 902";"B01";"3";"14";"0";"2";"1";"1";"1";""
"201900049578";"138 212 903";"A01";"3";"7";"0";"2";"3";"15";"1";""
"201900049579";"138 212 899";"A01";"1";"7";"0";"2";"8";"15";"1";""
"201900049579";"138 212 900";"B01";"2";"7";"0";"2";"1";"1";"1";""
"201900049579";"138 212 901";"C01";"1";"7";"0";"2";"8";"1";"1";""
"201900049580";"138 212 898";"A01";"3";"7";"0";"1";"3";"1";"1";""
"201900049581";"138 212 897";"A01";"0";"7";"0";"1";"3";"2";"1";""
"201900049582";"138 212 896";"A01";"2";"31";"3";"0";"7";"14";"1";""
"201900049583";"138 212 893";"A01";"2";"2";"11";"0";"1";"5";"1";""
"201900049584";"138 212 891";"B01";"1";"7";"0";"2";"1";"1";"1";""
"201900049584";"138 212 892";"A01";"1";"7";"8";"2";"7";"15";"1";""
"201900049585";"138 212 889";"A01";"2";"33";"0";"0";"7";"17";"1";""
"201900049585";"138 212 890";"B01";"2";"7";"0";"0";"8";"17";"1";""
"201900049586";"138 212 888";"A01";"2";"7";"0";"1";"1";"1";"1";""
"201900049587";"138 212 886";"B01";"0";"33";"0";"2";"4";"15";"0";""
"201900049587";"138 212 887";"A01";"0";"7";"0";"2";"1";"17";"0";""
"201900049588";"138 212 884";"B01";"2";"7";"0";"2";"1";"1";"1";""
"201900049588";"138 212 885";"A01";"1";"2";"0";"2";"1";"5";"1";""
"201900049589";"138 212 883";"A01";"2";"7";"13";"0";"3";"16";"1";""
"201900049590";"138 212 882";"A01";"3";"7";"6";"0";"3";"1";"1";""
"201900049591";"138 212 880";"A01";"2";"7";"0";"2";"5";"15";"1";""
"201900049591";"138 212 881";"B01";"1";"7";"0";"2";"1";"1";"1";""
"201900049592";"138 212 879";"A01";"1";"7";"7";"0";"9";"0";"1";""
"201900049593";"138 212 877";"A01";"3";"7";"0";"2";"2";"1";"1";""
"201900049593";"138 212 878";"B01";"2";"33";"0";"2";"8";"1";"1";""
"201900049594";"138 212 875";"B01";"0";"32";"0";"2";"1";"1";"1";""
"201900049594";"138 212 876";"A01";"2";"7";"0";"2";"7";"1";"1";""
"201900049595";"138 212 874";"A01";"1";"30";"9";"0";"1";"1";"1";""
"201900049596";"138 212 872";"A01";"3";"2";"0";"2";"1";"1";"1";""
"201900049596";"138 212 873";"B01";"3";"7";"0";"2";"3";"1";"1";""
"201900049597";"138 212 871";"B01";"0";"1";"0";"2";"7";"1";"5";""
"201900049598";"138 212 870";"A01";"3";"7";"0";"1";"1";"15";"1";""
"201900049599";"138 212 869";"A01";"3";"7";"0";"1";"0";"4";"1";""
"201900049600";"138 212 868";"A01";"2";"7";"13";"0";"0";"1";"1";""
"201900049601";"138 212 867";"A01";"2";"7";"0";"1";"1";"1";"1";""
"201900049602";"138 212 866";"A01";"3";"7";"0";"0";"1";"2";"1";""
"201900049603";"138 212 864";"B01";"2";"33";"0";"2";"1";"1";"1";""
"201900049603";"138 212 865";"A01";"1";"7";"0";"2";"3";"17";"1";""
"201900049604";"138 212 863";"A01";"3";"33";"0";"0";"1";"1";"1";""
"201900049605";"138 212 861";"A01";"2";"33";"0";"1";"1";"1";"1";""
"201900049606";"138 212 860";"A01";"1";"7";"0";"1";"1";"1";"1";""
"201900049607";"138 212 859";"A01";"1";"7";"6";"0";"1";"11";"1";""
"201900049608";"138 212 857";"A01";"1";"15";"0";"2";"2";"12";"1";""
"201900049608";"138 212 858";"B01";"1";"7";"0";"2";"8";"1";"1";""
"201900049609";"138 212 855";"B01";"2";"7";"0";"2";"1";"2";"1";""
"201900049609";"138 212 856";"A01";"2";"7";"0";"2";"4";"1";"1";""
"201900049610";"138 212 853";"B01";"1";"7";"0";"2";"1";"2";"1";""
"201900049610";"138 212 854";"A01";"1";"7";"0";"2";"4";"2";"1";""
"201900049611";"138 212 851";"B01";"1";"7";"0";"2";"1";"1";"1";""
"201900049611";"138 212 852";"A01";"1";"7";"0";"2";"4";"23";"1";""
"201900049612";"138 212 850";"A01";"2";"7";"0";"0";"1";"26";"1";""
"201900049613";"138 212 848";"A01";"1";"31";"0";"2";"1";"11";"1";""
"201900049613";"138 212 849";"B01";"1";"7";"0";"2";"5";"2";"1";""
"201900049614";"138 212 846";"B01";"2";"7";"0";"0";"6";"2";"1";""
"201900049614";"138 212 847";"A01";"2";"7";"0";"2";"2";"2";"1";""
"201900049615";"138 212 844";"A01";"1";"17";"0";"2";"2";"12";"1";""
"201900049615";"138 212 845";"B01";"1";"7";"0";"2";"3";"1";"1";""
"201900049616";"138 212 841";"A01";"2";"7";"0";"2";"4";"2";"1";""
"201900049616";"138 212 842";"B01";"2";"7";"0";"2";"4";"2";"1";""
"201900049616";"138 212 843";"Z01";"2";"0";"0";"2";"1";"0";"0";""
"201900049617";"138 212 839";"A01";"1";"17";"0";"2";"2";"12";"1";""
"201900049617";"138 212 840";"B01";"1";"7";"0";"2";"6";"1";"1";""
"201900049618";"138 212 836";"Z01";"2";"7";"0";"2";"3";"9";"0";""
"201900049618";"138 212 837";"B01";"2";"7";"4";"2";"2";"1";"1";""
"201900049618";"138 212 838";"A01";"2";"7";"4";"2";"2";"1";"1";""
"201900049619";"138 212 834";"B01";"2";"7";"0";"2";"5";"1";"1";""
"201900049619";"138 212 835";"A01";"2";"7";"0";"2";"3";"11";"1";""
"201900049620";"138 212 833";"A01";"2";"7";"0";"0";"0";"26";"1";""
"201900049621";"138 212 831";"A01";"1";"7";"0";"2";"4";"2";"1";""
"201900049621";"138 212 832";"B01";"1";"7";"0";"2";"1";"11";"1";""
"201900049622";"138 212 829";"A01";"2";"10";"0";"2";"1";"2";"1";""
"201900049622";"138 212 830";"B01";"2";"10";"0";"2";"5";"2";"1";""
"201900049623";"138 212 827";"A01";"2";"33";"0";"2";"1";"3";"1";""
"201900049623";"138 212 828";"B01";"2";"10";"0";"2";"5";"12";"1";""
"201900049624";"138 212 825";"A01";"2";"30";"0";"2";"3";"11";"1";""
"201900049624";"138 212 826";"B01";"2";"17";"0";"2";"2";"1";"1";""
"201900049625";"138 212 824";"A01";"1";"7";"0";"1";"2";"1";"1";""
"201900049626";"138 212 822";"A01";"2";"10";"0";"2";"1";"1";"1";""
"201900049626";"138 212 823";"B01";"2";"7";"0";"2";"4";"2";"1";""
"201900049627";"138 212 820";"A01";"2";"7";"0";"2";"4";"12";"1";""
"201900049627";"138 212 821";"B01";"2";"33";"0";"2";"1";"3";"1";""
"201900049628";"138 212 819";"A01";"2";"7";"3";"0";"1";"21";"1";""
"201900049629";"138 212 818";"A01";"1";"7";"4";"0";"3";"2";"6";""
"201900049630";"138 212 816";"B01";"2";"7";"0";"0";"5";"12";"1";""
"201900049630";"138 212 817";"A01";"2";"34";"0";"2";"5";"3";"1";""
"201900049631";"138 212 814";"A01";"2";"7";"0";"2";"4";"23";"1";""
"201900049631";"138 212 815";"B01";"2";"7";"1";"2";"1";"2";"1";""
"201900049632";"138 212 812";"A01";"1";"14";"0";"2";"2";"12";"1";""
"201900049632";"138 212 813";"B01";"1";"7";"0";"2";"3";"1";"1";""
"201900049633";"138 212 810";"A01";"1";"7";"0";"2";"2";"21";"1";""
"201900049633";"138 212 811";"B01";"1";"7";"0";"2";"6";"0";"1";""
"201900049634";"138 212 805";"A01";"1";"10";"4";"2";"1";"1";"1";""
"201900049634";"138 212 806";"C01";"1";"7";"0";"2";"5";"1";"1";""
"201900049634";"138 212 807";"D01";"1";"7";"0";"2";"4";"2";"1";""
"201900049634";"138 212 808";"E01";"1";"7";"0";"2";"4";"2";"1";""
"201900049634";"138 212 809";"B01";"1";"7";"0";"2";"7";"1";"2";""
"201900049635";"138 212 803";"A01";"2";"7";"0";"2";"2";"1";"1";""
"201900049635";"138 212 804";"Z01";"2";"15";"0";"2";"0";"9";"0";""
"201900049636";"138 212 800";"C01";"2";"7";"0";"2";"4";"2";"1";""
"201900049636";"138 212 801";"B01";"2";"7";"0";"2";"4";"2";"1";""
"201900049636";"138 212 802";"A01";"2";"10";"0";"2";"1";"2";"1";""
"201900049637";"138 212 798";"B01";"1";"33";"0";"2";"8";"3";"1";""
"201900049637";"138 212 799";"A01";"1";"7";"0";"2";"2";"12";"1";""
"201900049638";"138 212 795";"A01";"2";"7";"0";"2";"6";"1";"1";""
"201900049638";"138 212 796";"C01";"2";"10";"0";"2";"1";"1";"1";""
"201900049638";"138 212 797";"B01";"2";"17";"0";"2";"2";"12";"1";""
"201900049639";"138 212 794";"A01";"2";"7";"3";"0";"1";"21";"1";""
"201900049640";"138 212 792";"A01";"2";"32";"0";"2";"5";"12";"1";""
"201900049640";"138 212 793";"B01";"2";"7";"0";"2";"3";"1";"1";""
"201900049641";"138 212 790";"A01";"2";"14";"0";"2";"2";"12";"1";""
"201900049641";"138 212 791";"B01";"2";"7";"4";"2";"6";"1";"1";""
"201900049642";"138 212 789";"A01";"2";"7";"4";"0";"1";"1";"1";""
"201900049643";"138 212 786";"B01";"2";"7";"0";"2";"4";"2";"1";""
"201900049643";"138 212 787";"Z01";"2";"10";"0";"2";"1";"2";"0";""
"201900049643";"138 212 788";"A01";"2";"33";"0";"2";"4";"2";"1";""
"201900049644";"138 212 784";"A01";"1";"7";"0";"2";"7";"12";"1";""
"201900049644";"138 212 785";"B01";"1";"33";"0";"2";"8";"3";"1";""
"201900049645";"138 212 783";"A01";"1";"32";"0";"2";"8";"3";"1";""
"201900049646";"138 212 782";"A01";"2";"7";"16";"0";"1";"17";"1";""
"201900049647";"138 212 776";"B01";"2";"7";"0";"2";"1";"2";"1";""
"201900049647";"138 212 777";"C01";"2";"7";"0";"2";"3";"11";"1";""
"201900049647";"138 212 778";"A01";"2";"7";"0";"2";"4";"1";"1";""
"201900049648";"138 212 774";"A01";"2";"33";"0";"2";"7";"0";"1";""
"201900049648";"138 212 775";"B01";"2";"7";"0";"2";"4";"0";"1";""
"201900049649";"138 212 772";"B01";"1";"7";"0";"2";"1";"1";"1";""
"201900049649";"138 212 773";"A01";"1";"7";"0";"2";"4";"1";"1";""
"201900049650";"138 212 770";"B01";"1";"10";"0";"2";"8";"1";"1";""
"201900049650";"138 212 771";"A01";"1";"10";"4";"2";"8";"13";"1";""
"201900049651";"138 212 767";"B01";"2";"7";"0";"2";"6";"13";"1";""
"201900049651";"138 212 768";"C01";"2";"7";"0";"2";"4";"1";"1";""
"201900049651";"138 212 769";"A01";"2";"7";"0";"2";"1";"1";"1";""
"201900049652";"138 212 766";"A01";"3";"7";"0";"1";"1";"1";"1";""
"201900049653";"138 212 764";"B01";"1";"7";"0";"2";"3";"1";"0";""
"201900049653";"138 212 765";"A01";"1";"31";"0";"2";"2";"1";"0";""
"201900049654";"138 212 762";"A01";"2";"30";"0";"2";"1";"1";"1";""
"201900049654";"138 212 763";"B01";"1";"34";"0";"2";"1";"1";"1";""
"201900049655";"138 212 760";"A01";"2";"7";"0";"2";"1";"2";"1";""
"201900049655";"138 212 761";"B01";"2";"1";"0";"2";"4";"1";"5";""
"201900049656";"138 212 756";"A01";"3";"7";"0";"1";"3";"20";"1";""
"201900049657";"138 212 754";"B01";"1";"1";"1";"0";"0";"0";"0";""
"201900049657";"138 212 755";"A01";"1";"7";"0";"0";"3";"24";"1";""
"201900049658";"138 212 752";"Y01";"1";"60";"0";"2";"4";"1";"5";""
"201900049658";"138 212 753";"A01";"1";"7";"0";"1";"1";"0";"6";""
"201900049659";"138 212 750";"B01";"2";"7";"0";"2";"3";"15";"1";""
"201900049659";"138 212 751";"A01";"2";"2";"0";"2";"1";"3";"1";""
"201900049660";"138 212 742";"B01";"1";"30";"0";"2";"1";"2";"1";""
"201900049660";"138 212 743";"A01";"1";"37";"0";"2";"4";"4";"1";"1"
"201900049661";"138 212 741";"A01";"2";"7";"2";"0";"1";"1";"1";""
"201900049662";"138 212 739";"B01";"2";"7";"0";"2";"1";"1";"1";""
"201900049662";"138 212 740";"A01";"1";"7";"0";"2";"1";"5";"1";""
"201900049663";"138 212 738";"A01";"2";"10";"4";"0";"1";"1";"1";""
"201900049664";"138 212 736";"A01";"1";"7";"0";"0";"6";"2";"0";""
"201900049664";"138 212 737";"B01";"1";"15";"0";"2";"1";"2";"1";""
"201900049665";"138 212 734";"C01";"1";"7";"0";"2";"2";"2";"1";""
"201900049665";"138 212 735";"A01";"1";"31";"0";"0";"4";"2";"1";""
"201900049666";"138 212 733";"A01";"2";"33";"0";"0";"1";"1";"1";""
"201900049667";"138 212 730";"A01";"3";"38";"0";"0";"0";"21";"1";"5"
"201900049668";"138 212 728";"B01";"1";"7";"0";"1";"2";"21";"1";""
"201900049668";"138 212 729";"A01";"1";"10";"0";"1";"2";"21";"1";""
"201900049669";"138 212 725";"C01";"2";"16";"0";"2";"2";"1";"1";""
"201900049669";"138 212 726";"B01";"2";"7";"4";"2";"1";"1";"1";""
"201900049669";"138 212 727";"A01";"2";"7";"4";"0";"6";"1";"1";""
"201900049670";"138 212 723";"A01";"1";"7";"0";"2";"3";"1";"1";""
"201900049670";"138 212 724";"B01";"3";"1";"0";"2";"8";"19";"5";""
"201900049671";"138 212 722";"A01";"3";"10";"0";"1";"1";"1";"1";""
"201900049672";"138 212 720";"B01";"1";"7";"0";"2";"4";"1";"1";""
"201900049672";"138 212 721";"A01";"1";"7";"0";"2";"1";"1";"1";""
"201900049673";"138 212 719";"A01";"2";"7";"5";"0";"1";"1";"1";""
"201900049674";"138 212 717";"B01";"2";"7";"0";"0";"1";"13";"1";""
"201900049674";"138 212 718";"A01";"2";"7";"0";"0";"3";"1";"1";""
"201900049675";"138 212 716";"A01";"1";"7";"0";"0";"8";"15";"0";""
"201900049676";"138 212 714";"A01";"1";"33";"0";"2";"1";"17";"0";""
"201900049676";"138 212 715";"B01";"1";"7";"0";"0";"8";"15";"1";""
"201900049677";"138 212 711";"C01";"2";"7";"3";"2";"2";"1";"0";""
"201900049677";"138 212 712";"B01";"2";"7";"3";"2";"0";"2";"0";""
"201900049677";"138 212 713";"A01";"2";"7";"3";"2";"9";"2";"0";""
"201900049678";"138 212 710";"A01";"1";"7";"0";"1";"6";"4";"1";""
"201900049679";"138 212 708";"B01";"3";"7";"0";"2";"8";"16";"1";""
"201900049679";"138 212 709";"A01";"1";"31";"0";"2";"0";"15";"1";""
"201900049680";"138 212 707";"A01";"2";"7";"2";"0";"1";"1";"1";""
"201900049681";"138 212 705";"B01";"2";"7";"0";"2";"1";"1";"1";""
"201900049681";"138 212 706";"A01";"1";"7";"0";"2";"1";"17";"1";""
"201900049682";"138 212 702";"B01";"0";"7";"0";"2";"0";"0";"1";""
"201900049682";"138 212 703";"A01";"3";"7";"0";"2";"7";"0";"1";""
"201900049683";"138 212 700";"B01";"1";"7";"0";"2";"3";"13";"1";""
"201900049683";"138 212 701";"A01";"2";"7";"0";"2";"1";"1";"1";""
"201900049684";"138 212 697";"C01";"0";"7";"0";"0";"4";"23";"0";""
"201900049684";"138 212 698";"B01";"3";"7";"0";"2";"4";"23";"0";""
"201900049684";"138 212 699";"A01";"3";"7";"0";"2";"1";"2";"0";""
"201900049685";"138 212 696";"A01";"1";"7";"0";"1";"2";"1";"1";""
"201900049686";"138 212 694";"B01";"2";"7";"13";"2";"1";"1";"1";""
"201900049686";"138 212 695";"A01";"1";"7";"13";"2";"1";"17";"1";""
"201900049687";"138 212 693";"A01";"1";"7";"8";"0";"8";"17";"1";""
"201900049688";"138 212 692";"A01";"1";"7";"13";"0";"2";"17";"1";""
"201900049689";"138 212 691";"B01";"1";"38";"3";"0";"3";"1";"1";"33"
"201900049690";"138 212 689";"A01";"2";"7";"0";"2";"1";"0";"1";""
"201900049690";"138 212 690";"B01";"1";"7";"0";"2";"1";"0";"1";""
"201900049691";"138 212 688";"A01";"3";"7";"15";"0";"2";"1";"1";""
"201900049692";"138 212 686";"A01";"1";"7";"0";"2";"4";"2";"1";""
"201900049692";"138 212 687";"B01";"1";"7";"0";"2";"1";"2";"1";""
"201900049693";"138 212 685";"A01";"1";"7";"4";"0";"2";"15";"1";""
"201900049694";"138 212 684";"A01";"1";"7";"4";"0";"3";"0";"1";""
"201900049695";"138 212 682";"B01";"1";"7";"0";"2";"4";"1";"1";""
"201900049695";"138 212 683";"A01";"1";"7";"0";"2";"1";"1";"1";""
"201900049696";"138 212 681";"A01";"2";"7";"0";"2";"1";"0";"0";""
"201900049697";"138 212 679";"B01";"2";"7";"0";"2";"6";"11";"1";""
"201900049697";"138 212 680";"A01";"2";"34";"0";"2";"1";"0";"1";""
"201900049698";"138 212 676";"C01";"2";"7";"0";"2";"4";"1";"1";""
"201900049698";"138 212 677";"B01";"2";"33";"0";"2";"4";"1";"1";""
"201900049698";"138 212 678";"A01";"2";"7";"0";"2";"1";"1";"1";""
"201900049699";"138 212 675";"A01";"3";"7";"4";"0";"1";"1";"1";""
"201900049700";"138 212 670";"A01";"2";"10";"0";"2";"1";"1";"1";""
"201900049700";"138 212 671";"B01";"2";"7";"0";"2";"9";"1";"1";""
"201900049700";"138 212 672";"C01";"2";"7";"0";"2";"9";"1";"1";""
"201900049700";"138 212 673";"D01";"2";"7";"0";"2";"4";"0";"1";""
"201900049701";"138 212 667";"C01";"1";"7";"0";"2";"4";"23";"1";""
"201900049701";"138 212 668";"B01";"1";"7";"0";"2";"4";"23";"1";""
"201900049701";"138 212 669";"A01";"1";"99";"1";"0";"1";"2";"1";""
"201900049702";"138 212 665";"B01";"2";"7";"0";"2";"5";"1";"1";""
"201900049702";"138 212 666";"A01";"2";"7";"0";"2";"3";"12";"1";""
"201900049703";"138 212 662";"C01";"1";"7";"0";"2";"6";"2";"1";""
"201900049703";"138 212 663";"A01";"1";"10";"0";"2";"2";"13";"1";""
"201900049703";"138 212 664";"B01";"1";"7";"0";"2";"3";"2";"1";""
"201900049704";"138 212 660";"A01";"2";"7";"0";"2";"4";"1";"1";""
"201900049704";"138 212 661";"B01";"2";"7";"0";"2";"1";"1";"1";""
"201900049705";"138 212 659";"A01";"0";"0";"0";"1";"1";"1";" -1";""
"201900049706";"138 212 657";"A01";"1";"7";"0";"2";"1";"1";"1";""
"201900049706";"138 212 658";"B01";"1";"7";"0";"2";"4";"1";"1";""
"201900049707";"138 212 654";"B01";"2";"7";"0";"2";"2";"1";"1";""
"201900049707";"138 212 655";"A01";"2";"33";"0";"2";"1";"1";"2";""
"201900049708";"138 212 650";"A01";"1";"17";"0";"2";"2";"12";"1";""
"201900049708";"138 212 651";"B01";"1";"7";"0";"2";"6";"1";"1";""
"201900049709";"138 212 648";"A01";"1";"7";"0";"2";"6";"23";"1";""
"201900049709";"138 212 649";"B01";"1";"7";"1";"0";"2";"1";"2";""
"201900049710";"138 212 647";"A01";"2";"7";"4";"0";"2";"1";"1";""
"201900049711";"138 212 645";"B01";"1";"30";"0";"2";"1";"1";"1";""
"201900049711";"138 212 646";"A01";"1";"7";"0";"2";"8";"0";"1";""
"201900049712";"138 212 643";"B01";"1";"2";"0";"2";"1";"17";"1";""
"201900049712";"138 212 644";"A01";"1";"10";"0";"2";"6";"15";"1";""
"201900049713";"138 212 641";"B01";"1";"2";"0";"2";"3";"1";"1";""
"201900049713";"138 212 642";"A01";"1";"7";"0";"2";"6";"15";"1";""
"201900049714";"138 212 635";"B01";"1";"7";"0";"1";"1";"0";"1";""
"201900049715";"138 212 632";"B01";"2";"7";"0";"2";"2";"16";"0";""
"201900049715";"138 212 633";"C01";"1";"10";"0";"2";"3";"26";"6";""
"201900049715";"138 212 634";"A01";"1";"2";"0";"2";"1";"1";"0";""
"201900049716";"138 212 630";"B01";"1";"32";"0";"2";"7";"1";"1";""
"201900049716";"138 212 631";"A01";"1";"7";"0";"2";"8";"11";"0";""
"201900049717";"138 212 629";"A01";"2";"10";"0";"0";"5";"20";"1";""
"201900049718";"138 212 628";"A01";"2";"7";"0";"1";"4";"20";"1";""
"201900049719";"138 212 627";"A01";"1";"7";"0";"1";"8";"1";"1";""
"201900049720";"138 212 625";"B01";"3";"7";"0";"2";"3";"15";"1";""
"201900049720";"138 212 626";"A01";"2";"7";"0";"2";"1";"1";"1";""
"201900049721";"138 212 622";"B01";"3";"33";"0";"2";"0";"2";"1";""
"201900049721";"138 212 623";"A01";"3";"10";"0";"2";"4";"15";"1";""
"201900049722";"138 212 620";"A01";"0";"7";"0";"2";"1";"13";"1";""
"201900049722";"138 212 621";"B01";"0";"37";"0";"2";"0";"0";"1";"1"
"201900049723";"138 212 619";"A01";"0";"2";"0";"2";"3";"14";"3";""