"Num_Acc";"id_vehicule";"num_veh";"senc";"catv";"obs";"obsm";"choc";"manv";"motor";"occutc"
"201900049724";"138 212 617";"B01";"1";"7";"0";"2";"3";"1";"1";""
"201900049724";"138 212 618";"A01";"2";"7";"0";"2";"1";"15";"1";""
"201900049725";"138 212 615";"B01";"1";"10";"0";"2";"1";"1";"1";""
"201900049725";"138 212 616";"A01";"2";"7";"0";"2";"8";"15";"1";""
"201900049726";"138 212 612";"C01";"3";"7";"0";"2";"1";"26";"1";""
"201900049726";"138 212 613";"A01";"1";"99";"0";"2";"4";"9";"1";""
"201900049726";"138 212 614";"B01";"1";"99";"3";"2";"1";"1";"1";""
"201900049727";"138 212 608";"D01";"1";"7";"0";"2";"1";"2";"1";""
"201900049727";"138 212 609";"C01";"1";"7";"0";"2";"1";"1";"1";""
"201900049727";"138 212 610";"B01";"2";"7";"14";"2";"6";"1";"1";""
"201900049727";"138 212 611";"A01";"2";"7";"0";"2";"2";"15";"0";""
"201900049728";"138 212 607";"A01";"2";"7";"0";"1";"3";"1";"0";""
"201900049729";"138 212 601";"A01";"1";"7";"0";"2";"6";"15";"1";""
"201900049729";"138 212 602";"B01";"1";"33";"0";"2";"1";"21";"1";""
"201900049730";"138 212 599";"A01";"1";"33";"0";"2";"1";"26";"1";""
"201900049730";"138 212 600";"B01";"1";"7";"0";"2";"7";"0";"1";""
"201900049731";"138 212 597";"A01";"0";"7";"0";"2";"3";"15";"1";""
"201900049731";"138 212 598";"B01";"0";"7";"0";"2";"3";"1";"1";""
"201900049732";"138 212 595";"A01";"3";"7";"0";"2";"5";"15";"1";""
"201900049732";"138 212 596";"B01";"3";"7";"0";"2";"1";"1";"1";""
"201900049733";"138 212 592";"A01";"0";"7";"0";"1";"2";"1";"0";""
"201900049734";"138 212 590";"B01";"2";"7";"0";"2";"1";"1";"1";""
"201900049734";"138 212 591";"A01";"1";"7";"0";"2";"0";"9";"1";""
"201900049735";"138 212 589";"A01";"1";"7";"0";"1";"0";"9";"1";""
"201900049736";"138 212 587";"B01";"2";"1";"0";"2";"1";"1";"5";""
"201900049736";"138 212 588";"A01";"1";"7";"0";"2";"2";"9";"1";""
"201900049737";"138 212 585";"A01";"2";"7";"0";"2";"3";"15";"1";""
"201900049737";"138 212 586";"B01";"2";"7";"0";"2";"1";"1";"1";""
"201900049738";"138 212 583";"A01";"2";"7";"0";"2";"2";"1";"1";""
"201900049738";"138 212 584";"B01";"1";"3";"0";"0";"3";"15";"1";""
"201900049739";"138 212 581";"A01";"3";"10";"0";"2";"6";"15";"1";""
"201900049739";"138 212 582";"B01";"3";"32";"0";"2";"1";"1";"1";""
"201900049740";"138 212 580";"A01";"2";"7";"0";"1";"3";"15";"1";""
"201900049741";"138 212 579";"A01";"1";"1";"11";"0";"1";"1";"5";""
"201900049742";"138 212 577";"A01";"1";"38";"0";"9";"1";"19";"1";"1"
"201900049742";"138 212 578";"B01";"1";"1";"0";"2";"4";"19";"5";""
"201900049743";"138 212 575";"B01";"3";"2";"0";"2";"1";"17";"1";""
"201900049743";"138 212 576";"A01";"3";"10";"0";"2";"3";"1";"1";""
"201900049744";"138 212 574";"Z01";"1";"7";"0";"1";"7";"1";"0";""
"201900049745";"138 212 571";"A01";"1";"7";"0";"0";"1";"0";"1";""
"201900049746";"138 212 570";"A01";"1";"7";"0";"0";"8";"0";"1";""
"201900049747";"138 212 568";"A01";"1";"7";"0";"2";"7";"0";"1";""
"201900049747";"138 212 569";"B01";"1";"7";"0";"2";"1";"0";"1";""
"201900049748";"138 212 566";"B01";"1";"1";"0";"2";"0";"0";"5";""
"201900049748";"138 212 567";"A01";"1";"7";"0";"2";"0";"0";"1";""
"201900049749";"138 212 565";"A01";"3";"7";"13";"0";"1";"13";"1";""
"201900049750";"138 212 563";"B01";"1";"1";"0";"2";"8";"19";"5";""
"201900049750";"138 212 564";"A01";"1";"7";"0";"2";"1";"1";"1";""
"201900049751";"138 212 561";"C01";"2";"7";"0";"2";"1";"0";"1";""
"201900049751";"138 212 562";"B01";"2";"2";"0";"2";"1";"26";"1";""
"201900049752";"138 212 559";"A01";"1";"32";"0";"2";"2";"2";"1";""
"201900049752";"138 212 560";"B01";"1";"7";"0";"2";"6";"2";"1";""
"201900049753";"138 212 558";"A01";"3";"33";"1";"0";"1";"1";"1";""
"201900049754";"138 212 556";"A01";"0";"30";"0";"2";"1";"18";"1";""
"201900049754";"138 212 557";"B01";"0";"7";"0";"0";"0";"0";"0";""
"201900049755";"138 212 554";"A01";"1";"7";"0";"2";"2";"15";"1";""
"201900049755";"138 212 555";"B01";"2";"33";"0";"2";"1";"1";"1";""
"201900049756";"138 212 552";"B01";"1";"7";"0";"2";"5";"1";"1";""
"201900049756";"138 212 553";"A01";"1";"30";"0";"2";"1";"1";"1";""
"201900049757";"138 212 550";"A01";"0";"1";"0";"2";"8";"19";"5";""
"201900049757";"138 212 551";"B01";"1";"7";"0";"2";"1";"1";"1";""
"201900049758";"138 212 548";"A01";"1";"7";"0";"2";"8";"1";"1";""
"201900049758";"138 212 549";"B01";"2";"7";"0";"2";"1";"1";"1";""
"201900049759";"138 212 543";"B01";"3";"2";"0";"0";"1";"1";"1";""
"201900049759";"138 212 544";"A01";"3";"7";"0";"0";"0";"15";"1";""
"201900049760";"138 212 539";"B01";"2";"7";"6";"2";"1";"1";"1";""
"201900049760";"138 212 540";"A01";"1";"7";"0";"2";"4";"26";"1";""
"201900049761";"138 212 537";"B01";"3";"7";"0";"2";"4";"2";"1";""
"201900049761";"138 212 538";"A01";"3";"30";"12";"2";"1";"26";"1";""
"201900049762";"138 212 536";"A01";"1";"7";"6";"0";"3";"13";"1";""
"201900049763";"138 212 534";"B01";"1";"1";"0";"2";"8";"1";"5";""
"201900049763";"138 212 535";"A01";"2";"7";"0";"2";"1";"15";"1";""
"201900049764";"138 212 532";"B01";"3";"7";"0";"2";"4";"0";"0";""
"201900049764";"138 212 533";"A01";"3";"30";"0";"2";"1";"0";"1";""
"201900049765";"138 212 531";"A01";"2";"10";"0";"1";"1";"1";"1";""
"201900049766";"138 212 529";"A01";"1";"33";"0";"2";"1";"2";"1";""
"201900049766";"138 212 530";"B01";"1";"7";"0";"2";"4";"2";"1";""
"201900049767";"138 212 526";"C01";"1";"10";"0";"2";"6";"1";"1";""
"201900049767";"138 212 527";"B01";"1";"43";"0";"2";"1";"3";"1";""
"201900049767";"138 212 528";"A01";"1";"33";"0";"2";"4";"11";"1";""
"201900049768";"138 212 525";"A01";"1";"7";"7";"0";"1";"1";"1";""
"201900049769";"138 212 523";"A01";"1";"7";"0";"2";"4";"20";"1";""
"201900049769";"138 212 524";"B01";"1";"7";"0";"2";"1";"2";"1";""
"201900049770";"138 212 522";"A01";"2";"30";"0";"0";"0";"1";"1";""
"201900049771";"138 212 520";"B01";"1";"7";"0";"2";"6";"23";"1";""
"201900049771";"138 212 521";"A01";"1";"30";"0";"2";"3";"2";"3";""
"201900049772";"138 212 518";"A01";"2";"1";"0";"2";"7";"1";"5";""
"201900049772";"138 212 519";"Z01";"2";"7";"0";"2";"8";"15";"0";""
"201900049773";"138 212 516";"A01";"1";"37";"0";"2";"2";"1";"3";"1"
"201900049773";"138 212 517";"B01";"1";"1";"0";"2";"8";"9";"5";""
"201900049774";"138 212 514";"A01";"1";"50";"0";"2";"1";"7";"3";""
"201900049774";"138 212 515";"B01";"1";"10";"0";"2";"4";"23";"1";""
"201900049775";"138 212 513";"A01";"1";"33";"0";"0";"7";"1";"1";""
"201900049776";"138 212 511";"B01";"1";"60";"0";"2";"7";"9";"5";""
"201900049776";"138 212 512";"A01";"1";"10";"0";"2";"1";"1";"1";""
"201900049777";"138 212 509";"A01";"1";"7";"0";"2";"3";"15";"1";""
"201900049777";"138 212 510";"B01";"1";"31";"0";"2";"2";"17";"1";""
"201900049778";"138 212 507";"A01";"2";"7";"0";"2";"2";"1";"3";""
"201900049778";"138 212 508";"B01";"2";"2";"1";"2";"6";"18";"1";""
"201900049779";"138 212 506";"A01";"1";"10";"0";"1";"2";"1";"1";""
"201900049780";"138 212 504";"A01";"2";"7";"0";"2";"2";"15";"1";""
"201900049780";"138 212 505";"B01";"1";"34";"0";"2";"8";"1";"1";""
"201900049781";"138 212 502";"B01";"2";"7";"0";"2";"2";"1";"1";""
"201900049781";"138 212 503";"A01";"2";"30";"0";"2";"3";"12";"1";""
"201900049782";"138 212 500";"A01";"3";"1";"0";"2";"8";"1";"5";""
"201900049782";"138 212 501";"B01";"3";"7";"0";"2";"1";"1";"1";""
"201900049783";"138 212 499";"A01";"2";"1";"0";"1";"1";"1";"5";""
"201900049784";"138 212 497";"B01";"1";"15";"0";"2";"2";"16";"1";""
"201900049784";"138 212 498";"A01";"1";"43";"0";"2";"6";"18";"1";""
"201900049785";"138 212 495";"A01";"3";"33";"0";"2";"3";"1";"1";""
"201900049785";"138 212 496";"B01";"3";"10";"0";"2";"2";"12";"1";""
"201900049786";"138 212 493";"B01";"3";"15";"0";"2";"6";"1";"1";""
"201900049786";"138 212 494";"A01";"3";"38";"0";"2";"1";"1";"1";"4"
"201900049787";"138 212 491";"A01";"3";"7";"0";"2";"8";"26";"1";""
"201900049787";"138 212 492";"B01";"3";"32";"0";"2";"1";"2";"1";""
"201900049788";"138 212 490";"A01";"0";"7";"0";"1";"2";"1";"1";""
"201900049789";"138 212 488";"A01";"3";"7";"0";"6";"2";"1";"1";""
"201900049789";"138 212 489";"B01";"3";"50";"0";"2";"3";"9";"3";""
"201900049790";"138 212 487";"A01";"1";"31";"1";"1";"2";"13";"1";""
"201900049791";"138 212 485";"B01";"2";"7";"0";"2";"3";"15";"1";""
"201900049791";"138 212 486";"A01";"2";"32";"0";"2";"2";"17";"1";""
"201900049792";"138 212 483";"A01";"2";"7";"0";"2";"8";"16";"1";""
"201900049792";"138 212 484";"B01";"2";"7";"0";"2";"1";"1";"1";""
"201900049793";"138 212 482";"A01";"2";"30";"0";"0";"0";"2";"1";""
"201900049794";"138 212 480";"B01";"1";"7";"0";"2";"8";"16";"1";""
"201900049794";"138 212 481";"A01";"1";"30";"0";"2";"8";"1";"1";""
"201900049795";"138 212 478";"A01";"0";"1";"8";"0";"2";"1";"5";""
"201900049796";"138 212 477";"B01";"0";"7";"0";"2";"5";"1";"1";""
"201900049796";"138 212 479";"A01";"2";"10";"0";"2";"3";"1";"1";""
"201900049797";"138 212 474";"A01";"1";"7";"8";"0";"1";"13";"0";""
"201900049798";"138 212 475";"A01";"2";"10";"0";"2";"2";"1";"1";""
"201900049798";"138 212 476";"B01";"3";"7";"0";"2";"8";"1";"1";""
"201900049799";"138 212 471";"B01";"2";"32";"0";"2";"1";"26";"0";""
"201900049799";"138 212 472";"A01";"2";"7";"0";"2";"8";"15";"0";""
"201900049800";"138 212 470";"B01";"2";"7";"0";"2";"3";"1";"1";""
"201900049800";"138 212 473";"A01";"1";"7";"0";"2";"3";"13";"1";""
"201900049801";"138 212 468";"A01";"0";"7";"0";"1";"1";"15";"1";""
"201900049802";"138 212 467";"A01";"0";"7";"0";"2";"0";"2";"0";""
"201900049802";"138 212 469";"B01";"3";"1";"0";"2";"3";"0";"5";""
"201900049803";"138 212 465";"B01";"1";"7";"0";"2";"8";"2";"0";""
"201900049803";"138 212 466";"A01";"1";"34";"0";"2";"1";"17";"0";""
"201900049804";"138 212 464";"A01";"1";"2";"8";"0";"2";"1";"1";""
"201900049805";"138 212 462";"A01";"1";"17";"4";"0";"3";"1";"1";""
"201900049806";"138 212 461";"B01";"2";"10";"0";"2";"2";"15";"0";""
"201900049806";"138 212 463";"A01";"1";"33";"0";"2";"1";"1";"0";""
"201900049807";"138 212 459";"B01";"1";"14";"0";"0";"5";"1";"1";""
"201900049807";"138 212 460";"A01";"1";"1";"0";"2";"8";"25";"5";""
"201900049808";"138 212 458";"A01";"1";"7";"0";"1";"3";"26";"6";""
"201900049809";"138 212 455";"B01";"2";"10";"0";"2";"4";"23";"1";""
"201900049809";"138 212 457";"A01";"2";"10";"0";"2";"1";"1";"1";""
"201900049810";"138 212 454";"A01";"1";"10";"0";"2";"3";"14";"1";""
"201900049810";"138 212 456";"B01";"1";"10";"0";"2";"9";"1";"1";""
"201900049811";"138 212 451";"B01";"3";"1";"0";"0";"8";"1";"5";""
"201900049811";"138 212 452";"A01";"3";"1";"0";"9";"1";"21";"5";""
"201900049812";"138 212 450";"B01";"0";"7";"0";"2";"7";"1";"0";""
"201900049812";"138 212 453";"A01";"0";"32";"0";"2";"8";"1";"0";""
"201900049813";"138 212 448";"A01";"0";"7";"0";"1";"2";"2";"1";""
"201900049814";"138 212 447";"A01";"3";"7";"0";"2";"1";"15";"1";""
"201900049814";"138 212 449";"B01";"3";"10";"0";"0";"8";"15";"1";""
"201900049815";"138 212 445";"B01";"1";"7";"0";"2";"3";"15";"1";""
"201900049815";"138 212 446";"A01";"1";"7";"0";"2";"2";"1";"1";""
"201900049816";"138 212 442";"A01";"1";"30";"0";"2";"1";"1";"1";""
"201900049816";"138 212 443";"B01";"1";"15";"0";"2";"6";"21";"0";""
"201900049817";"138 212 441";"B01";"2";"15";"0";"2";"2";"1";"1";""
"201900049817";"138 212 444";"A01";"2";"7";"0";"2";"3";"15";"1";""
"201900049818";"138 212 440";"A01";"2";"7";"1";"0";"1";"5";"1";""
"201900049819";"138 212 439";"A01";"1";"10";"1";"0";"1";"1";"1";""
"201900049820";"138 212 437";"A01";"3";"7";"0";"1";"3";"13";"6";""
"201900049821";"138 212 436";"B01";"3";"2";"0";"2";"1";"1";"1";""
"201900049821";"138 212 438";"A01";"3";"7";"0";"0";"6";"19";"1";""
"201900049822";"138 212 432";"A01";"1";"7";"0";"2";"3";"13";"1";""
"201900049822";"138 212 434";"B01";"2";"10";"0";"2";"3";"1";"1";""
"201900049823";"138 212 431";"A01";"0";"7";"0";"2";"1";"19";"1";""
"201900049823";"138 212 433";"B01";"1";"7";"0";"2";"3";"1";"1";""
"201900049823";"138 212 435";"C01";"1";"31";"0";"2";"7";"3";"1";""
"201900049824";"138 212 430";"A01";"2";"7";"13";"0";"2";"1";"1";""
"201900049825";"138 212 428";"B01";"1";"33";"0";"2";"7";"1";"1";""
"201900049825";"138 212 429";"A01";"1";"10";"0";"2";"1";"15";"1";""
"201900049826";"138 212 427";"A01";"1";"10";"16";"0";"0";"1";"1";""
"201900049827";"138 212 425";"A01";"2";"33";"0";"2";"1";"17";"1";""
"201900049827";"138 212 426";"B01";"1";"7";"0";"2";"3";"19";"1";""
"201900049828";"138 212 423";"A01";"3";"7";"0";"9";"3";"9";"6";""
"201900049828";"138 212 424";"B01";"0";"80";"0";"2";"1";"9";"3";""
"201900049829";"138 212 421";"A01";"1";"7";"2";"0";"2";"14";"0";""
"201900049830";"138 212 419";"A01";"1";"7";"0";"1";"1";"1";"1";""
"201900049831";"138 212 420";"B01";"1";"33";"0";"0";"4";"2";"1";""
"201900049831";"138 212 422";"A01";"1";"7";"0";"2";"1";"26";"1";""
"201900049832";"138 212 418";"A01";"1";"2";"0";"0";"0";"0";"1";""
"201900049833";"138 212 417";"A01";"1";"7";"0";"1";"2";"9";"1";""
"201900049834";"138 212 416";"A01";"2";"7";"0";"1";"2";"15";"0";""
"201900049835";"138 212 415";"A01";"2";"7";"0";"1";"2";"15";"1";""
"201900049836";"138 212 413";"A01";"1";"7";"0";"2";"1";"2";"1";""
"201900049836";"138 212 414";"B01";"1";"7";"0";"2";"4";"2";"1";""
"201900049837";"138 212 407";"D01";"2";"7";"0";"0";"3";"1";"1";""
"201900049837";"138 212 409";"C01";"2";"33";"0";"0";"8";"1";"1";""
"201900049837";"138 212 410";"B01";"1";"7";"0";"0";"7";"1";"1";""
"201900049837";"138 212 412";"A01";"1";"7";"0";"2";"1";"13";"1";""
"201900049838";"138 212 406";"A01";"1";"7";"0";"2";"6";"0";"1";""
"201900049838";"138 212 408";"B01";"1";"34";"0";"2";"2";"13";"1";""
"201900049839";"138 212 404";"A01";"1";"7";"14";"0";"1";"13";"1";""
"201900049840";"138 212 403";"B01";"2";"31";"0";"0";"1";"1";"1";""
"201900049840";"138 212 405";"A01";"1";"7";"0";"0";"7";"1";"1";""
"201900049841";"138 212 400";"B01";"2";"7";"0";"2";"4";"15";"1";""
"201900049841";"138 212 402";"A01";"2";"7";"0";"2";"1";"1";"1";""
"201900049842";"138 212 398";"A01";"2";"80";"0";"0";"0";"1";"3";""
"201900049843";"138 212 397";"A01";"1";"10";"0";"2";"4";"1";"1";""
"201900049843";"138 212 399";"B01";"1";"7";"0";"2";"0";"1";"1";""
"201900049844";"138 212 395";"A01";"1";"7";"0";"2";"2";"1";"1";""
"201900049844";"138 212 396";"B01";"2";"7";"0";"2";"3";"1";"1";""
"201900049845";"138 212 393";"B01";"2";"30";"0";"2";"1";"1";"1";""
"201900049845";"138 212 394";"A01";"1";"7";"0";"2";"1";"15";"1";""
"201900049846";"138 212 392";"A01";"0";"7";"16";"0";"2";"0";"0";""
"201900049847";"138 212 390";"B01";"2";"37";"0";"2";"4";"2";"1";"1"
"201900049847";"138 212 391";"A01";"2";"7";"0";"2";"1";"2";"1";""
"201900049848";"138 212 384";"B01";"2";"15";"0";"0";"4";"2";"1";""
"201900049848";"138 212 386";"A01";"2";"7";"4";"2";"2";"2";"1";""
"201900049849";"138 212 381";"A01";"3";"1";"0";"2";"4";"15";"5";""
"201900049849";"138 212 382";"B01";"3";"2";"0";"2";"1";"17";"1";""
"201900049850";"138 212 383";"B01";"2";"7";"0";"2";"4";"1";"1";""
"201900049850";"138 212 385";"C01";"2";"7";"0";"2";"1";"1";"1";""
"201900049850";"138 212 387";"A01";"2";"7";"0";"2";"4";"1";"1";""
"201900049851";"138 212 379";"B01";"1";"7";"0";"2";"8";"1";"1";""
"201900049851";"138 212 380";"A01";"1";"17";"0";"2";"2";"12";"1";""
"201900049852";"138 212 377";"A01";"1";"10";"0";"2";"1";"13";"1";""
"201900049852";"138 212 378";"B01";"2";"10";"0";"2";"5";"0";"1";""
"201900049853";"138 212 375";"A01";"2";"15";"13";"2";"1";"5";"1";""
"201900049853";"138 212 376";"B01";"1";"7";"0";"2";"1";"5";"1";""
"201900049854";"138 212 373";"B01";"2";"10";"0";"2";"4";"15";"1";""
"201900049854";"138 212 374";"A01";"2";"7";"0";"2";"1";"1";"1";""
"201900049855";"138 212 370";"B01";"2";"2";"0";"0";"4";"13";"1";""
"201900049855";"138 212 372";"A01";"2";"10";"0";"2";"3";"1";"1";""
"201900049856";"138 212 369";"A01";"1";"7";"0";"0";"3";"1";"1";""
"201900049856";"138 212 371";"B01";"2";"7";"6";"0";"3";"9";"1";""
"201900049857";"138 212 368";"A01";"1";"2";"8";"0";"1";"14";"1";""
"201900049858";"138 212 367";"A01";"2";"7";"0";"0";"9";"15";"1";""
"201900049859";"138 212 365";"A01";"2";"10";"0";"2";"3";"9";"1";""
"201900049859";"138 212 366";"B01";"1";"33";"0";"2";"1";"1";"1";""
"201900049860";"138 212 362";"B01";"2";"7";"0";"2";"1";"1";"1";""
"201900049860";"138 212 363";"A01";"1";"10";"0";"2";"1";"17";"1";""
"201900049861";"138 212 361";"B01";"1";"38";"0";"2";"3";"1";"1";"23"
"201900049861";"138 212 364";"A01";"2";"7";"0";"2";"3";"1";"1";""
"201900049862";"138 212 359";"A01";"2";"7";"0";"2";"8";"18";"1";""
"201900049862";"138 212 360";"B01";"2";"7";"0";"2";"1";"1";"1";""
"201900049863";"138 212 358";"A01";"3";"7";"0";"1";"3";"1";"6";""
"201900049864";"138 212 356";"A01";"1";"7";"0";"1";"1";"1";"0";""
"201900049865";"138 212 355";"B01";"3";"7";"0";"2";"3";"0";"1";""
"201900049865";"138 212 357";"A01";"3";"38";"0";"2";"3";"1";"1";"1"
"201900049866";"138 212 354";"A01";"1";"7";"0";"0";"9";"1";"1";""
"201900049867";"138 212 350";"A01";"2";"7";"3";"2";"3";"0";"1";""
"201900049867";"138 212 352";"B01";"1";"7";"3";"2";"2";"1";"1";""
"201900049868";"138 212 351";"A01";"2";"7";"0";"2";"1";"1";"1";""
"201900049868";"138 212 353";"B01";"2";"7";"0";"2";"3";"1";"1";""
"201900049869";"138 212 349";"A01";"2";"1";"0";"0";"3";"1";"5";""
"201900049870";"138 212 345";"A01";"1";"7";"0";"2";"1";"16";"1";""
"201900049870";"138 212 346";"B01";"2";"7";"0";"0";"1";"23";"1";""
"201900049871";"138 212 347";"B01";"1";"30";"0";"2";"2";"17";"1";""
"201900049871";"138 212 348";"A01";"1";"7";"0";"2";"3";"10";"1";""
"201900049872";"138 212 344";"A01";"1";"7";"0";"1";"2";"1";"0";""
"201900049873";"138 212 343";"A01";"2";"2";"0";"0";"0";"1";"1";""
"201900049874";"138 212 342";"A01";"1";"7";"13";"0";"1";"1";"1";""
"201900049875";"138 212 340";"A01";"1";"7";"0";"2";"2";"26";"1";""
"201900049875";"138 212 341";"B01";"2";"33";"0";"2";"2";"1";"1";""
"201900049876";"138 212 338";"B01";"1";"7";"0";"2";"1";"2";"1";""
"201900049876";"138 212 339";"A01";"1";"7";"0";"2";"4";"23";"1";""
"201900049877";"138 212 334";"A01";"3";"7";"0";"2";"4";"1";"1";""
"201900049877";"138 212 335";"B01";"3";"7";"0";"2";"1";"1";"1";""
"201900049878";"138 212 333";"C01";"1";"7";"0";"2";"1";"1";"1";""
"201900049878";"138 212 336";"B01";"2";"7";"0";"2";"1";"1";"1";""
"201900049878";"138 212 337";"A01";"2";"7";"0";"2";"1";"5";"1";""
"201900049879";"138 212 330";"C01";"2";"7";"0";"2";"4";"2";"1";""
"201900049879";"138 212 331";"B01";"2";"7";"0";"2";"4";"2";"1";""
"201900049879";"138 212 332";"A01";"2";"7";"0";"2";"1";"2";"1";""
"201900049880";"138 212 326";"A01";"2";"7";"0";"2";"3";"14";"1";""
"201900049880";"138 212 327";"B01";"1";"7";"0";"2";"4";"1";"1";""
"201900049881";"138 212 328";"A01";"2";"7";"0";"2";"3";"13";"0";""
"201900049881";"138 212 329";"B01";"1";"14";"0";"2";"3";"1";"1";""
"201900049882";"138 212 325";"A01";"1";"7";"4";"0";"3";"12";"1";""
"201900049883";"138 212 322";"B01";"2";"7";"4";"2";"6";"0";"1";""
"201900049883";"138 212 323";"A01";"2";"17";"0";"2";"2";"0";"1";""
"201900049884";"138 212 320";"A01";"2";"7";"0";"2";"1";"2";"1";""
"201900049884";"138 212 321";"B01";"2";"7";"0";"2";"4";"2";"1";""
"201900049885";"138 212 318";"B01";"2";"7";"0";"2";"1";"1";"1";""
"201900049885";"138 212 319";"A01";"1";"7";"0";"2";"1";"13";"1";""
"201900049886";"138 212 316";"A01";"2";"7";"0";"2";"8";"11";"1";""
"201900049886";"138 212 317";"B01";"2";"33";"0";"2";"1";"3";"1";""
"201900049887";"138 212 314";"B01";"3";"7";"0";"2";"3";"1";"1";""
"201900049887";"138 212 315";"A01";"3";"7";"0";"2";"5";"13";"1";""
"201900049888";"138 212 312";"A01";"2";"7";"0";"2";"7";"12";"1";""
"201900049888";"138 212 313";"B01";"2";"33";"0";"2";"3";"3";"1";""
"201900049889";"138 212 311";"A01";"1";"7";"0";"0";"9";"1";"1";""
"201900049890";"138 212 309";"A01";"1";"31";"0";"2";"1";"1";"1";""
"201900049890";"138 212 310";"B01";"1";"10";"0";"2";"6";"1";"1";""
"201900049891";"138 212 301";"A01";"2";"7";"0";"2";"2";"9";"0";""
"201900049891";"138 212 302";"B01";"0";"7";"0";"2";"6";"1";"0";""
"201900049891";"138 212 304";"C01";"2";"7";"0";"2";"5";"1";"0";""
"201900049892";"138 212 299";"A01";"1";"7";"4";"0";"3";"1";"1";""
"201900049892";"138 212 300";"B01";"1";"7";"0";"2";"6";"1";"1";""
"201900049892";"138 212 303";"C01";"1";"7";"0";"2";"7";"1";"1";""
"201900049892";"138 212 305";"D01";"1";"7";"0";"2";"1";"2";"1";""
"201900049892";"138 212 306";"E01";"1";"7";"0";"2";"4";"2";"1";""
"201900049892";"138 212 307";"F01";"1";"7";"0";"2";"9";"2";"1";""
"201900049892";"138 212 308";"G01";"1";"7";"0";"2";"1";"2";"1";""
"201900049893";"138 212 297";"B01";"2";"7";"0";"2";"3";"1";"1";""
"201900049893";"138 212 298";"A01";"1";"7";"0";"2";"3";"1";"1";""
"201900049894";"138 212 294";"A01";"1";"7";"2";"0";"9";"2";"1";""
"201900049895";"138 212 292";"B01";"1";"34";"0";"2";"1";"1";"1";""
"201900049895";"138 212 293";"A01";"2";"7";"0";"2";"7";"15";"1";""
"201900049896";"138 212 290";"B01";"1";"7";"0";"0";"8";"17";"1";""
"201900049896";"138 212 291";"A01";"2";"7";"0";"0";"8";"5";"1";""
"201900049897";"138 212 289";"A01";"3";"7";"0";"1";"2";"1";"1";""
"201900049898";"138 212 288";"A01";"0";"33";"13";"0";"0";"1";"1";""
"201900049899";"138 212 287";"A01";"3";"15";"16";"0";"8";"1";"1";""
"201900049900";"138 212 286";"A01";"3";"7";"2";"0";"3";"1";"1";""
"201900049901";"138 212 285";"A01";"1";"7";"0";"1";"2";"1";"1";""
"201900049902";"138 212 283";"A01";"2";"10";"0";"2";"3";"13";"1";""
"201900049902";"138 212 284";"B01";"1";"10";"0";"2";"3";"1";"1";""
"201900049903";"138 212 281";"A01";"1";"34";"0";"2";"1";"1";"1";""
"201900049903";"138 212 282";"B01";"2";"37";"0";"2";"3";"13";"1";"1"
"201900049904";"138 212 279";"B01";"1";"7";"0";"2";"3";"1";"0";""
"201900049904";"138 212 280";"A01";"2";"7";"0";"2";"1";"1";"0";""
"201900049905";"138 212 277";"A01";"1";"7";"0";"2";"3";"13";"1";""
"201900049905";"138 212 278";"B01";"2";"13";"0";"2";"1";"1";"1";""
"201900049906";"138 212 276";"A01";"1";"7";"12";"0";"1";"1";"1";""
"201900049907";"138 212 274";"A01";"1";"7";"0";"0";"1";"0";"0";""
"201900049907";"138 212 275";"B01";"1";"15";"0";"2";"1";"0";"0";""
"201900049908";"138 212 272";"B01";"1";"7";"9";"0";"5";"2";"1";""
"201900049908";"138 212 273";"A01";"1";"7";"9";"2";"1";"2";"1";""
"201900049909";"138 212 270";"B01";"2";"2";"0";"0";"4";"2";"0";""
"201900049909";"138 212 271";"A01";"2";"7";"0";"2";"2";"2";"0";""
"201900049910";"138 212 269";"A01";"2";"7";"13";"0";"1";"0";"1";""
"201900049911";"138 212 267";"A01";"3";"7";"0";"2";"3";"15";"1";""
"201900049911";"138 212 268";"B01";"2";"15";"0";"2";"1";"1";"1";""
"201900049912";"138 212 266";"A01";"1";"2";"0";"0";"0";"1";"0";""
"201900049913";"138 212 265";"A01";"1";"7";"0";"1";"2";"1";"1";""
"201900049914";"138 212 264";"A01";"2";"2";"9";"0";"1";"1";"1";""
"201900049915";"138 212 262";"A01";"3";"7";"0";"2";"8";"9";"0";""
"201900049915";"138 212 263";"A01";"1";"33";"0";"2";"1";"1";"1";""
"201900049916";"138 212 261";"A01";"2";"7";"0";"1";"1";"1";"1";""
"201900049917";"138 212 256";"A01";"0";"7";"13";"0";"1";"0";"0";""
"201900049918";"138 212 254";"B01";"2";"1";"0";"2";"4";"13";"5";""
"201900049918";"138 212 255";"A01";"2";"7";"0";"2";"2";"17";"1";""
"201900049919";"138 212 252";"B01";"1";"7";"0";"2";"3";"1";"1";""
"201900049919";"138 212 253";"A01";"2";"10";"0";"2";"3";"13";"1";""
"201900049920";"138 212 250";"A01";"2";"7";"0";"2";"1";"13";"1";""
"201900049920";"138 212 251";"B01";"1";"15";"0";"2";"3";"1";"1";""
"201900049921";"138 212 248";"A01";"1";"7";"0";"2";"1";"2";"1";""
"201900049921";"138 212 249";"B01";"1";"7";"7";"0";"4";"16";"1";""