"Num_Acc";"id_vehicule";"num_veh";"senc";"catv";"obs";"obsm";"choc";"manv";"motor";"occutc"
"201900049922";"138 212 247";"A01";"1";"7";"13";"0";"3";"1";"1";""
"201900049923";"138 212 246";"A01";"2";"7";"6";"0";"8";"13";"1";""
"201900049924";"138 212 245";"A01";"2";"7";"1";"0";"1";"1";"1";""
"201900049925";"138 212 244";"A01";"1";"7";"0";"1";"3";"2";"1";""
"201900049926";"138 212 243";"A01";"3";"7";"0";"1";"2";"15";"1";""
"201900049927";"138 212 242";"A01";"2";"33";"3";"0";"1";"1";"1";""
"201900049928";"138 212 241";"A01";"0";"7";"6";"0";"1";"1";"1";""
"201900049929";"138 212 240";"A01";"1";"7";"0";"1";"1";"9";"1";""
"201900049930";"138 212 238";"B01";"2";"7";"0";"2";"2";"1";"1";""
"201900049930";"138 212 239";"A01";"1";"7";"0";"2";"3";"0";"6";""
"201900049931";"138 212 237";"A01";"2";"17";"0";"1";"3";"26";"1";""
"201900049932";"138 212 233";"B01";"2";"1";"0";"0";"4";"0";"5";""
"201900049932";"138 212 234";"A01";"2";"7";"0";"2";"2";"1";"1";""
"201900049933";"138 212 231";"B01";"1";"31";"0";"2";"1";"1";"0";""
"201900049933";"138 212 232";"A01";"2";"7";"0";"2";"3";"15";"0";""
"201900049934";"138 212 230";"A01";"1";"7";"2";"0";"8";"0";"1";""
"201900049935";"138 212 227";"A01";"1";"7";"0";"2";"3";"17";"1";""
"201900049935";"138 212 228";"B01";"2";"7";"0";"2";"3";"1";"1";""
"201900049935";"138 212 229";"C01";"1";"7";"0";"2";"8";"1";"1";""
"201900049936";"138 212 225";"B01";"1";"7";"0";"2";"7";"1";"1";""
"201900049936";"138 212 226";"A01";"2";"7";"13";"2";"9";"13";"1";""
"201900049937";"138 212 224";"A01";"1";"7";"13";"0";"0";"1";"1";""
"201900049938";"138 212 222";"A01";"1";"7";"0";"2";"2";"15";"6";""
"201900049938";"138 212 223";"B01";"2";"7";"0";"2";"1";"1";"6";""
"201900049939";"138 212 220";"A01";"3";"3";"0";"2";"8";"16";"1";""
"201900049939";"138 212 221";"B01";"3";"33";"0";"2";"1";"1";"1";""
"201900049940";"138 212 218";"A01";"2";"10";"0";"2";"1";"1";"1";""
"201900049940";"138 212 219";"B01";"1";"7";"0";"2";"1";"1";"1";""
"201900049941";"138 212 217";"A01";"1";"7";"8";"0";"2";"0";"1";""
"201900049942";"138 212 215";"A01";"2";"7";"0";"2";"3";"19";"1";""
"201900049942";"138 212 216";"B01";"1";"2";"0";"2";"1";"1";"1";""
"201900049943";"138 212 213";"A01";"1";"7";"0";"2";"2";"13";"1";""
"201900049943";"138 212 214";"B01";"2";"7";"0";"2";"1";"1";"1";""
"201900049944";"138 212 211";"A01";"1";"7";"0";"2";"3";"16";"1";""
"201900049944";"138 212 212";"B01";"1";"7";"0";"2";"1";"1";"1";""
"201900049945";"138 212 210";"A01";"1";"7";"0";"1";"3";"1";"6";""
"201900049946";"138 212 208";"B01";"1";"7";"0";"2";"3";"1";"1";""
"201900049946";"138 212 209";"A01";"2";"7";"0";"2";"3";"13";"1";""
"201900049947";"138 212 207";"A01";"1";"33";"0";"5";"3";"1";"1";""
"201900049948";"138 212 206";"A01";"1";"7";"13";"0";"1";"13";"1";""
"201900049949";"138 212 204";"A01";"1";"34";"0";"2";"1";"2";"1";""
"201900049949";"138 212 205";"B01";"1";"7";"0";"2";"4";"23";"1";""
"201900049950";"138 212 203";"A01";"2";"7";"0";"1";"1";"1";"1";""
"201900049951";"138 212 201";"A01";"1";"7";"0";"2";"1";"15";"1";""
"201900049951";"138 212 202";"B01";"2";"7";"0";"2";"2";"1";"1";""
"201900049952";"138 212 200";"A01";"2";"10";"0";"1";"7";"1";"1";""
"201900049953";"138 212 198";"A01";"2";"7";"0";"2";"3";"1";"0";""
"201900049953";"138 212 199";"A01";"3";"7";"0";"2";"7";"19";" -1";""
"201900049954";"138 212 197";"A01";"2";"7";"0";"0";"2";"0";"1";""
"201900049955";"138 212 196";"A01";"3";"7";"2";"0";"1";"1";"1";""
"201900049956";"138 212 195";"A01";"2";"7";"0";"1";"2";"2";"1";""
"201900049957";"138 212 193";"B01";"0";"34";"0";"2";"1";"19";"1";""
"201900049957";"138 212 194";"A01";"3";"10";"0";"2";"8";"1";"1";""
"201900049958";"138 212 192";"A01";"2";"7";"0";"9";"1";"1";"1";""
"201900049959";"138 212 191";"A01";"1";"7";"0";"0";"2";"21";"1";""
"201900049960";"138 212 190";"A01";"2";"7";"13";"0";"2";"15";"1";""
"201900049961";"138 212 189";"A01";"2";"7";"1";"0";"7";"1";"1";""
"201900049962";"138 212 187";"B01";"1";"7";"0";"2";"1";"1";"1";""
"201900049962";"138 212 188";"A01";"2";"7";"0";"2";"1";"13";"1";""
"201900049963";"138 212 186";"A01";"2";"7";"0";"1";"1";"1";"1";""
"201900049964";"138 212 184";"A01";"2";"7";"0";"2";"6";"15";"1";""
"201900049964";"138 212 185";"B01";"2";"7";"0";"2";"3";"1";"1";""
"201900049965";"138 212 183";"A01";"2";"7";"0";"1";"3";"1";"1";""
"201900049966";"138 212 181";"A01";"1";"7";"0";"2";"1";"1";"1";""
"201900049966";"138 212 182";"B01";"2";"7";"0";"2";"1";"1";"1";""
"201900049967";"138 212 180";"A01";"2";"31";"5";"0";"1";"5";"1";""
"201900049968";"138 212 178";"A01";"2";"33";"0";"2";"1";"1";"1";""
"201900049968";"138 212 179";"B01";"2";"7";"0";"2";"3";"10";"1";""
"201900049969";"138 212 176";"B01";"1";"32";"0";"2";"1";"1";"0";""
"201900049969";"138 212 177";"A01";"3";"7";"0";"2";"3";"9";"1";""
"201900049970";"138 212 174";"A01";"1";"7";"1";"0";"1";"1";"1";""
"201900049970";"138 212 175";"B01";"1";"10";"0";"0";"4";"23";"1";""
"201900049971";"138 212 173";"A01";"1";"7";"8";"0";"1";"13";"1";""
"201900049972";"138 212 171";"A01";"1";"7";"0";"2";"3";"13";"1";""
"201900049972";"138 212 172";"B01";"2";"7";"0";"2";"3";"1";"0";""
"201900049973";"138 212 169";"B01";"0";"2";"0";"2";"2";"1";"1";""
"201900049973";"138 212 170";"A01";"0";"7";"0";"2";"2";"9";"1";""
"201900049974";"138 212 167";"A01";"1";"7";"0";"2";"3";"1";"1";""
"201900049974";"138 212 168";"B01";"2";"7";"0";"2";"1";"26";"1";""
"201900049975";"138 212 165";"A01";"2";"7";"0";"2";"1";"13";"1";""
"201900049975";"138 212 166";"B01";"1";"7";"0";"2";"1";"1";"1";""
"201900049976";"138 212 162";"A01";"3";"32";"0";"6";"1";"1";"0";""
"201900049977";"138 212 156";"A01";"3";"7";"0";"2";"2";"17";"1";""
"201900049977";"138 212 157";"C01";"3";"7";"0";"2";"2";"1";"1";""
"201900049977";"138 212 158";"D01";"3";"7";"0";"2";"6";"1";"1";""
"201900049977";"138 212 159";"B01";"3";"7";"0";"2";"1";"1";"1";""
"201900049978";"138 212 155";"A01";"3";"2";"0";"0";"4";"26";"1";""
"201900049979";"138 212 154";"A01";"1";"7";"2";"0";"3";"13";"1";""
"201900049980";"138 212 153";"A01";"1";"33";"16";"0";"1";"1";"1";""
"201900049981";"138 212 151";"B01";"1";"7";"0";"0";"3";"15";"1";""
"201900049981";"138 212 152";"A01";"3";"1";"0";"2";"1";"9";"5";""
"201900049982";"138 212 149";"B01";"2";"7";"0";"0";"8";"26";"1";""
"201900049982";"138 212 150";"A01";"2";"7";"0";"2";"1";"16";"1";""
"201900049983";"138 212 147";"A01";"1";"33";"0";"2";"2";"1";"1";""
"201900049983";"138 212 148";"B01";"3";"7";"0";"2";"3";"19";"1";""
"201900049984";"138 212 145";"B01";"2";"15";"0";"2";"1";"2";"1";""
"201900049984";"138 212 146";"A01";"1";"7";"0";"2";"1";"13";"1";""
"201900049985";"138 212 143";"A01";"2";"7";"0";"2";"2";"0";"1";""
"201900049985";"138 212 144";"B01";"1";"7";"0";"2";"1";"1";"1";""
"201900049986";"138 212 140";"A01";"2";"7";"0";"2";"3";"15";"1";""
"201900049986";"138 212 141";"B01";"1";"7";"0";"2";"1";"2";"1";""
"201900049986";"138 212 142";"C01";"2";"7";"0";"2";"2";"2";"1";""
"201900049987";"138 212 139";"A01";"1";"7";"2";"0";"7";"13";"1";""
"201900049988";"138 212 138";"A01";"2";"7";"6";"0";"0";"1";"1";""
"201900049989";"138 212 136";"A01";"1";"7";"0";"2";"2";"1";"1";""
"201900049989";"138 212 137";"B01";"2";"7";"0";"2";"3";"1";"1";""
"201900049990";"138 212 135";"A01";"1";"7";"2";"0";"1";"0";"1";""
"201900049991";"138 212 133";"A01";"3";"7";"1";"0";"1";"1";"1";""
"201900049992";"138 212 131";"A01";"2";"7";"3";"0";"2";"14";"1";""
"201900049993";"138 212 130";"A01";"2";"7";"13";"0";"2";"1";"1";""
"201900049994";"138 212 128";"A01";"2";"7";"0";"2";"3";"5";"1";""
"201900049994";"138 212 129";"B01";"2";"17";"0";"2";"3";"1";"1";""
"201900049995";"138 212 126";"B01";"2";"7";"0";"2";"1";"1";"1";""
"201900049995";"138 212 127";"A01";"1";"7";"0";"2";"1";"1";"1";""
"201900049996";"138 212 122";"D01";"2";"7";"1";"0";"0";"0";"1";""
"201900049996";"138 212 123";"C01";"2";"7";"0";"0";"4";"0";"1";""
"201900049996";"138 212 124";"B01";"2";"15";"0";"0";"3";"0";"1";""
"201900049996";"138 212 125";"A01";"2";"7";"0";"0";"1";"0";"1";""
"201900049997";"138 212 121";"A01";"2";"7";"13";"0";"1";"1";"1";""
"201900049998";"138 212 120";"A01";"1";"7";"13";"0";"1";"13";"1";""
"201900049999";"138 212 117";"C01";"2";"7";"0";"2";"1";"1";"1";""
"201900049999";"138 212 118";"B01";"2";"7";"0";"2";"1";"0";"1";""
"201900049999";"138 212 119";"A01";"2";"17";"0";"2";"6";"9";"1";""
"201900050000";"138 212 115";"A01";"1";"33";"0";"2";"1";"1";"1";""
"201900050000";"138 212 116";"B01";"0";"7";"0";"2";"3";"15";"1";""
"201900050001";"138 212 114";"A01";"2";"7";"6";"0";"2";"1";"1";""
"201900050002";"138 212 113";"A01";"2";"7";"3";"0";"1";"2";"1";""
"201900050003";"138 212 111";"B01";"0";"7";"0";"2";"1";"1";"1";""
"201900050003";"138 212 112";"A01";"0";"7";"0";"2";"1";"13";"1";""
"201900050004";"138 212 110";"A01";"0";"7";"0";"1";"3";"1";"0";""
"201900050005";"138 212 107";"C01";"1";"7";"0";"2";"1";"1";"1";""
"201900050005";"138 212 108";"B01";"1";"15";"0";"2";"4";"1";"1";""
"201900050005";"138 212 109";"A01";"1";"7";"0";"2";"1";"1";"1";""
"201900050006";"138 212 104";"A01";"1";"7";"0";"2";"1";"13";"3";""
"201900050006";"138 212 105";"B01";"2";"7";"0";"2";"3";"1";"1";""
"201900050006";"138 212 106";"C01";"2";"15";"0";"2";"3";"1";"1";""
"201900050007";"138 212 102";"B01";"1";"31";"0";"2";"1";"1";"1";""
"201900050007";"138 212 103";"A01";"1";"7";"0";"2";"7";"12";"1";""
"201900050008";"138 212 099";"A01";"1";"3";"0";"2";"3";"5";"0";""
"201900050008";"138 212 100";"B01";"1";"7";"0";"2";"3";"17";"1";""
"201900050008";"138 212 101";"C01";"1";"17";"0";"2";"6";"1";"1";""
"201900050009";"138 212 097";"A01";"2";"7";"0";"2";"1";"5";"1";""
"201900050009";"138 212 098";"B01";"1";"17";"0";"2";"2";"1";"1";""
"201900050010";"138 212 096";"A01";"3";"7";"2";"0";"3";"1";"1";""
"201900050011";"138 212 094";"B01";"1";"15";"0";"0";"3";"1";"1";""
"201900050011";"138 212 095";"A01";"2";"7";"0";"2";"3";"13";"1";""
"201900050012";"138 212 091";"B01";"2";"7";"0";"2";"4";"1";"1";""
"201900050012";"138 212 092";"A01";"2";"7";"0";"2";"1";"2";"1";""
"201900050012";"138 212 093";"C01";"2";"7";"0";"2";"2";"21";"1";""
"201900050013";"138 212 089";"B01";"2";"7";"3";"2";"1";"17";"1";""
"201900050013";"138 212 090";"A01";"2";"7";"3";"0";"3";"15";"1";""
"201900050014";"138 212 088";"A01";"3";"7";"15";"0";"1";"13";"1";""
"201900050015";"138 212 087";"A01";"3";"7";"2";"0";"1";"0";"1";""
"201900050016";"138 212 085";"A01";"1";"7";"0";"2";"1";"13";"1";""
"201900050016";"138 212 086";"B01";"2";"7";"0";"2";"3";"1";"1";""
"201900050017";"138 212 083";"B01";"1";"7";"0";"2";"1";"15";"1";""
"201900050017";"138 212 084";"A01";"2";"2";"0";"2";"1";"1";"1";""
"201900050018";"138 212 081";"A01";"0";"7";"6";"2";"2";"1";"0";""
"201900050018";"138 212 082";"B01";"1";"7";"6";"2";"3";"2";"0";""
"201900050019";"138 212 080";"A01";"1";"7";"0";"1";"1";"1";"1";""
"201900050020";"138 212 078";"B01";"0";"7";"0";"2";"1";"15";"0";""
"201900050020";"138 212 079";"A01";"0";"2";"0";"2";"3";"1";"0";""
"201900050021";"138 212 076";"B01";"0";"7";"0";"2";"1";"15";"6";""
"201900050021";"138 212 077";"A01";"1";"7";"0";"2";"3";"1";"6";""
"201900050022";"138 212 074";"B01";"3";"7";"0";"2";"1";"1";"1";""
"201900050022";"138 212 075";"A01";"3";"7";"0";"2";"7";"19";"1";""
"201900050023";"138 212 073";"A01";"2";"33";"0";"0";"3";"9";"1";""
"201900050024";"138 212 072";"A01";"3";"2";"0";"0";"0";"1";"1";""
"201900050025";"138 212 071";"A01";"3";"7";"0";"1";"1";"1";"1";""
"201900050026";"138 212 069";"B01";"1";"7";"0";"0";"1";"1";"1";""
"201900050026";"138 212 070";"A01";"2";"7";"0";"2";"1";"13";"1";""
"201900050027";"138 212 067";"A01";"1";"14";"0";"2";"3";"13";"0";""
"201900050027";"138 212 068";"B01";"2";"7";"0";"2";"3";"1";"0";""
"201900050028";"138 212 066";"A01";"1";"7";"0";"0";"3";"1";"0";""
"201900050029";"138 212 064";"B01";"3";"7";"0";"2";"3";"1";"1";""
"201900050029";"138 212 065";"A01";"0";"7";"6";"2";"5";"14";"1";""
"201900050030";"138 212 061";"A01";"2";"7";"0";"2";"7";"15";"1";""
"201900050030";"138 212 062";"B01";"1";"7";"0";"2";"1";"1";"1";""
"201900050030";"138 212 063";"C01";"2";"10";"0";"2";"3";"1";"1";""
"201900050031";"138 212 058";"A01";"1";"7";"0";"2";"3";"15";"1";""
"201900050031";"138 212 059";"B01";"2";"7";"6";"2";"3";"1";"1";""
"201900050032";"138 212 057";"A01";"1";"7";"0";"1";"2";"1";"1";""
"201900050033";"138 212 056";"A01";"0";"33";"0";"0";"8";"15";"0";""
"201900050034";"138 212 054";"B01";"1";"3";"0";"2";"3";"1";"1";""
"201900050034";"138 212 055";"A01";"2";"2";"0";"2";"1";"5";"1";""
"201900050035";"138 212 053";"A01";"2";"7";"0";"1";"2";"15";"0";""
"201900050036";"138 212 050";"A01";"1";"7";"16";"0";"1";"1";"1";""
"201900050037";"138 212 049";"A01";"2";"33";"7";"0";"9";"1";"1";""
"201900050038";"138 212 048";"A01";"1";"1";"0";"1";"1";"1";"5";""
"201900050039";"138 212 047";"A01";"0";"7";"0";"1";"2";"1";"1";""
"201900050040";"138 212 046";"A01";"3";"7";"0";"0";"1";"1";"1";""
"201900050041";"138 212 044";"A01";"2";"7";"0";"2";"7";"15";"1";""
"201900050041";"138 212 045";"B01";"1";"33";"0";"2";"1";"1";"1";""
"201900050042";"138 212 041";"A01";"2";"31";"0";"2";"1";"13";"1";""
"201900050042";"138 212 042";"B01";"1";"7";"0";"2";"3";"1";"1";""
"201900050042";"138 212 043";"C01";"2";"33";"0";"2";"1";"2";"1";""
"201900050043";"138 212 040";"A01";"2";"10";"3";"0";"1";"1";"1";""
"201900050044";"138 212 037";"C01";"1";"7";"0";"0";"6";"1";"1";""
"201900050044";"138 212 038";"B01";"2";"7";"0";"0";"1";"1";"1";""
"201900050044";"138 212 039";"A01";"1";"33";"0";"2";"1";"13";"1";""
"201900050045";"138 212 036";"A01";"2";"7";"8";"0";"1";"13";"1";""
"201900050046";"138 212 034";"B01";"1";"33";"0";"2";"1";"1";"1";""
"201900050046";"138 212 035";"A01";"2";"7";"0";"2";"2";"15";"1";""
"201900050047";"138 212 032";"B01";"2";"7";"0";"2";"3";"1";"1";""
"201900050047";"138 212 033";"A01";"1";"7";"0";"2";"3";"13";"1";""
"201900050048";"138 212 030";"B01";"1";"7";"0";"0";"1";"1";"1";""
"201900050048";"138 212 031";"A01";"2";"7";"0";"2";"3";"13";"1";""
"201900050049";"138 212 026";"A01";"2";"7";"0";"2";"1";"2";"1";""
"201900050049";"138 212 027";"B01";"2";"7";"0";"2";"4";"2";"1";""
"201900050049";"138 212 028";"C01";"2";"7";"0";"2";"4";"2";"1";""
"201900050049";"138 212 029";"D01";"2";"7";"0";"2";"4";"2";"1";""
"201900050050";"138 212 024";"A01";"1";"7";"3";"0";"0";"0";"1";""
"201900050051";"138 212 022";"A01";"2";"17";"0";"0";"6";"1";"1";""
"201900050051";"138 212 023";"B01";"2";"10";"3";"2";"2";"2";"1";""
"201900050052";"138 212 020";"B01";"2";"14";"0";"2";"2";"16";"1";""
"201900050052";"138 212 021";"A01";"2";"7";"0";"2";"8";"2";"1";""
"201900050053";"138 212 018";"B01";"2";"7";"0";"2";"1";"1";"6";""
"201900050053";"138 212 019";"A01";"2";"7";"0";"2";"1";"5";"0";""
"201900050054";"138 212 016";"A01";"2";"7";"0";"2";"6";"17";"1";""
"201900050054";"138 212 017";"B01";"1";"7";"0";"2";"3";"1";"1";""
"201900050055";"138 212 014";"A01";"1";"7";"0";"2";"1";"1";"1";""
"201900050055";"138 212 015";"B01";"2";"7";"0";"2";"1";"1";"1";""
"201900050056";"138 212 012";"B01";"1";"7";"0";"2";"3";"1";"1";""
"201900050056";"138 212 013";"A01";"2";"7";"0";"2";"3";"1";"1";""
"201900050057";"138 212 011";"A01";"2";"7";"4";"0";"2";"0";"1";""
"201900050058";"138 212 009";"B01";"1";"30";"0";"2";"1";"2";"1";""
"201900050058";"138 212 010";"A01";"1";"7";"0";"2";"4";"23";"1";""
"201900050059";"138 212 008";"A01";"2";"33";"2";"0";"1";"0";"1";""
"201900050060";"138 212 006";"A01";"1";"10";"0";"2";"3";"15";"1";""
"201900050060";"138 212 007";"B01";"0";"33";"0";"2";"3";"1";"1";""
"201900050061";"138 212 004";"B01";"1";"2";"0";"2";"1";"17";"1";""
"201900050061";"138 212 005";"A01";"1";"7";"0";"2";"1";"15";"1";""
"201900050062";"138 212 003";"A01";"2";"2";"14";"0";"0";"6";"0";""
"201900050063";"138 212 001";"A01";"1";"7";"0";"2";"5";"15";"1";""
"201900050063";"138 212 002";"B01";"2";"33";"0";"2";"1";"1";"1";""
"201900050064";"138 211 998";"B01";"1";"7";"0";"2";"1";"1";"1";""
"201900050064";"138 211 999";"C01";"2";"16";"0";"2";"8";"2";"1";""
"201900050064";"138 212 000";"A01";"2";"7";"0";"2";"1";"17";"1";""
"201900050065";"138 211 995";"A01";"1";"7";"13";"0";"3";"1";"1";""
"201900050066";"138 211 993";"A01";"2";"33";"0";"2";"7";"14";"1";""
"201900050066";"138 211 994";"B01";"2";"7";"0";"2";"7";"14";"0";""
"201900050067";"138 211 992";"A01";"1";"30";"0";"2";"0";"3";"1";""
"201900050068";"138 211 990";"A01";"1";"10";"0";"2";"4";"1";"1";""
"201900050068";"138 211 991";"B01";"1";"7";"0";"2";"1";"14";"1";""
"201900050069";"138 211 988";"B01";"1";"10";"0";"2";"1";"2";"1";""
"201900050069";"138 211 989";"A01";"1";"10";"0";"2";"4";"2";"1";""
"201900050070";"138 211 986";"B01";"1";"7";"0";"2";"4";"2";"1";""
"201900050070";"138 211 987";"A01";"1";"7";"0";"2";"1";"1";"1";""
"201900050071";"138 211 984";"B01";"2";"34";"0";"2";"7";"1";"1";""
"201900050071";"138 211 985";"A01";"2";"13";"0";"2";"8";"1";"1";""
"201900050072";"138 211 982";"A01";"1";"7";"0";"2";"1";"2";"1";""
"201900050072";"138 211 983";"B01";"1";"7";"0";"2";"4";"2";"1";""
"201900050073";"138 211 976";"F01";"2";"7";"0";"2";"1";"1";"1";""
"201900050073";"138 211 977";"E01";"2";"7";"0";"2";"4";"1";"1";""
"201900050073";"138 211 978";"D01";"2";"7";"0";"2";"4";"2";"1";""
"201900050073";"138 211 979";"C01";"2";"7";"0";"2";"1";"1";"1";""
"201900050073";"138 211 980";"B01";"2";"7";"0";"2";"4";"1";"1";""
"201900050073";"138 211 981";"A01";"2";"7";"0";"2";"4";"1";"1";""
"201900050074";"138 211 974";"B01";"2";"10";"0";"2";"1";"2";"1";""
"201900050074";"138 211 975";"A01";"2";"15";"0";"2";"4";"1";"1";""
"201900050075";"138 211 972";"B01";"2";"7";"3";"2";"6";"0";"1";""
"201900050075";"138 211 973";"A01";"2";"17";"0";"2";"2";"0";"1";""
"201900050076";"138 211 971";"A01";"2";"7";"3";"0";"8";"1";"1";""
"201900050077";"138 211 970";"A01";"1";"7";"3";"0";"7";"1";"1";""
"201900050078";"138 211 969";"A01";"2";"33";"0";"0";"1";"3";"1";""
"201900050079";"138 211 968";"A01";"1";"33";"0";"0";"8";"15";"1";""
"201900050080";"138 211 966";"A01";"1";"7";"0";"2";"2";"16";"1";""
"201900050080";"138 211 967";"B01";"2";"33";"0";"2";"1";"1";"1";""
"201900050081";"138 211 961";"E01";"2";"7";"0";"2";"4";"2";"1";""
"201900050081";"138 211 962";"D01";"2";"7";"0";"2";"4";"2";"1";""
"201900050081";"138 211 963";"C01";"2";"7";"0";"2";"4";"2";"1";""
"201900050081";"138 211 964";"B01";"2";"7";"0";"2";"4";"2";"1";""
"201900050081";"138 211 965";"A01";"2";"13";"0";"2";"1";"2";"1";""
"201900050082";"138 211 960";"A01";"1";"7";"4";"0";"4";"9";"1";""
"201900050083";"138 211 959";"A01";"2";"10";"0";"0";"9";"1";"1";""
"201900050084";"138 211 958";"A01";"2";"7";"0";"0";"9";"1";"1";""
"201900050085";"138 211 956";"B01";"1";"7";"0";"2";"4";"2";"1";""
"201900050085";"138 211 957";"A01";"1";"33";"0";"2";"1";"2";"1";""
"201900050086";"138 211 954";"A01";"2";"33";"0";"2";"7";"1";"1";""
"201900050086";"138 211 955";"B01";"2";"7";"0";"2";"6";"11";"1";""
"201900050087";"138 211 952";"B01";"1";"15";"0";"2";"7";"1";"1";""
"201900050087";"138 211 953";"A01";"1";"10";"0";"2";"1";"19";"1";""
"201900050088";"138 211 950";"B01";"2";"7";"0";"2";"8";"11";"1";""
"201900050088";"138 211 951";"A01";"2";"33";"0";"2";"3";"3";"1";""
"201900050089";"138 211 949";"A01";"1";"33";"0";"1";"1";"1";"1";""
"201900050090";"138 211 944";"A01";"1";"7";"8";"0";"3";"1";"1";""
"201900050091";"138 211 942";"B01";"1";"7";"0";"2";"3";"1";"1";""
"201900050091";"138 211 943";"A01";"2";"7";"0";"2";"3";"13";"1";""
"201900050092";"138 211 940";"B01";"0";"7";"0";"2";"1";"1";"1";""
"201900050092";"138 211 941";"A01";"0";"7";"0";"2";"1";"5";"1";""
"201900050093";"138 211 939";"A01";"1";"10";"0";"1";"1";"16";"1";""
"201900050094";"138 211 937";"B01";"3";"7";"0";"2";"2";"0";"1";""
"201900050094";"138 211 938";"A01";"2";"30";"0";"2";"1";"1";"1";""
"201900050095";"138 211 935";"B01";"2";"7";"0";"2";"3";"16";"1";""
"201900050095";"138 211 936";"A01";"1";"7";"0";"2";"2";"1";"1";""
"201900050096";"138 211 933";"A01";"1";"7";"0";"2";"1";"1";"0";""
"201900050096";"138 211 934";"B01";"1";"1";"0";"2";"4";"9";"0";""
"201900050097";"138 211 932";"A01";"1";"7";"0";"1";"1";"1";"1";""
"201900050098";"138 211 930";"A01";"2";"7";"0";"2";"8";"11";"1";""
"201900050098";"138 211 931";"B01";"2";"32";"0";"2";"7";"1";"1";""
"201900050099";"138 211 928";"A01";"1";"30";"0";"2";"3";"26";"1";""
"201900050099";"138 211 929";"B01";"2";"7";"0";"2";"1";"26";"1";""
"201900050100";"138 211 927";"A01";"1";"7";"0";"1";"1";"1";"1";""
"201900050101";"138 211 925";"A01";"1";"1";"0";"2";"2";"9";"0";""
"201900050101";"138 211 926";"B01";"1";"7";"0";"9";"2";"9";"1";""
"201900050102";"138 211 924";"A01";"1";"30";"0";"0";"0";"15";"0";""
"201900050103";"138 211 922";"A01";"1";"31";"0";"2";"1";"17";"1";""
"201900050103";"138 211 923";"B01";"1";"7";"0";"2";"8";"15";"1";""
"201900050104";"138 211 921";"A01";"1";"1";"7";"0";"1";"25";"5";""
"201900050105";"138 211 919";"B01";"2";"17";"0";"2";"6";"1";"1";""
"201900050105";"138 211 920";"A01";"2";"3";"4";"2";"1";"26";"1";""
"201900050106";"138 211 917";"A01";"1";"7";"15";"2";"3";"1";"1";""
"201900050106";"138 211 918";"B01";"1";"37";"0";"2";"2";"15";"1";"1"
"201900050107";"138 211 916";"A01";"2";"50";"0";"1";"1";"1";"3";""
"201900050108";"138 211 915";"A01";"1";"10";"0";"1";"2";"14";"1";""
"201900050109";"138 211 913";"B01";"1";"32";"0";"2";"1";"1";"1";""
"201900050109";"138 211 914";"A01";"1";"7";"0";"2";"2";"15";"1";""
"201900050110";"138 211 909";"B01";"3";"1";"0";"2";"2";"19";"0";""
"201900050110";"138 211 910";"A01";"3";"7";"0";"6";"3";"14";"5";""
"201900050111";"138 211 904";"A01";"1";"10";"0";"2";"1";"2";"1";""
"201900050111";"138 211 905";"B01";"1";"7";"0";"2";"4";"2";"1";""
"201900050112";"138 211 902";"A01";"1";"7";"4";"0";"7";"1";"1";""
"201900050113";"138 211 900";"A01";"1";"7";"0";"2";"1";"2";"1";""
"201900050113";"138 211 901";"B01";"1";"7";"0";"2";"4";"23";"1";""
"201900050114";"138 211 899";"A01";"1";"7";"4";"0";"3";"1";"1";""
"201900050115";"138 211 897";"B01";"1";"30";"0";"2";"1";"1";"1";""
"201900050115";"138 211 898";"A01";"2";"7";"0";"2";"8";"15";"1";""
"201900050116";"138 211 896";"A01";"0";"7";"0";"9";"0";"13";"1";""
"201900050117";"138 211 895";"A01";"0";"7";"0";"1";"0";"15";"1";""
"201900050118";"138 211 894";"A01";"0";"7";"0";"1";"1";"1";"1";""
"201900050119";"138 211 893";"A01";"1";"7";"0";"1";"7";"26";"1";""
"201900050120";"138 211 891";"A01";"1";"7";"0";"2";"1";"2";"1";""
"201900050120";"138 211 892";"B01";"1";"10";"0";"2";"4";"1";"0";""
"201900050121";"138 211 889";"B01";"2";"7";"0";"2";"6";"16";"1";""
"201900050121";"138 211 890";"A01";"2";"7";"9";"2";"2";"13";"1";""
"201900050122";"138 211 884";"B01";"3";"7";"0";"6";"3";"1";"1";""
"201900050122";"138 211 885";"A01";"3";"1";"0";"2";"1";"19";"5";""
"201900050123";"138 211 883";"A01";"1";"7";"0";"1";"2";"1";"1";""
"201900050124";"138 211 881";"A01";"3";"7";"0";"2";"7";"1";"1";""
"201900050124";"138 211 882";"B01";"3";"7";"0";"2";"1";"1";"1";""
"201900050125";"138 211 879";"B01";"0";"10";"0";"2";"1";"1";"1";""
"201900050125";"138 211 880";"A01";"1";"7";"0";"2";"2";"15";"1";""
"201900050126";"138 211 877";"B01";"1";"1";"0";"2";"8";"1";"0";""
"201900050126";"138 211 878";"A01";"1";"7";"0";"2";"1";"1";"1";""
"201900050127";"138 211 875";"A01";"1";"7";"0";"2";"2";"9";"1";""
"201900050127";"138 211 876";"B01";"0";"30";"0";"2";"5";"15";"1";""
"201900050128";"138 211 873";"A01";"1";"43";"0";"2";"1";"1";"1";""
"201900050128";"138 211 874";"B01";"1";"7";"0";"2";"4";"15";"1";""