"Num_Acc";"id_vehicule";"num_veh";"senc";"catv";"obs";"obsm";"choc";"manv";"motor";"occutc"
"201900050129";"138 211 872";"A01";"1";"7";"1";"0";"1";"1";"1";""
"201900050130";"138 211 871";"A01";"1";"7";"0";"1";"1";"1";"1";""
"201900050131";"138 211 870";"A01";"1";"7";"0";"1";"1";"16";"1";""
"201900050132";"138 211 868";"B01";"3";"7";"0";"2";"3";"14";"1";""
"201900050132";"138 211 869";"A01";"3";"7";"0";"2";"6";"23";"1";""
"201900050133";"138 211 865";"A01";"2";"7";"0";"1";"1";"1";"1";""
"201900050134";"138 211 863";"B01";"3";"7";"0";"2";"3";"1";"1";""
"201900050134";"138 211 864";"A01";"3";"31";"0";"2";"1";"1";"1";""
"201900050135";"138 211 861";"A01";"1";"7";"0";"6";"2";"9";"1";""
"201900050135";"138 211 862";"B01";"1";"50";"0";"2";"1";"25";"3";""
"201900050136";"138 211 859";"A01";"1";"7";"0";"2";"1";"2";"1";""
"201900050136";"138 211 860";"B01";"1";"7";"0";"2";"4";"1";"1";""
"201900050137";"138 211 858";"A01";"2";"7";"4";"0";"3";"13";"1";""
"201900050138";"138 211 855";"A01";"1";"10";"0";"2";"1";"2";"1";""
"201900050138";"138 211 856";"B01";"1";"7";"0";"2";"4";"1";"1";""
"201900050138";"138 211 857";"C01";"1";"7";"0";"2";"4";"1";"1";""
"201900050139";"138 211 854";"A01";"3";"10";"6";"1";"3";"13";"1";""
"201900050140";"138 211 851";"A01";"3";"7";"0";"1";"1";"1";"1";""
"201900050141";"138 211 850";"A01";"1";"7";"0";"1";"3";"15";"1";""
"201900050142";"138 211 849";"A01";"1";"7";"4";"0";"1";"1";"1";""
"201900050143";"138 211 848";"A01";"1";"7";"0";"0";"9";"26";"0";""
"201900050144";"138 211 845";"A01";"1";"7";"10";"0";"1";"1";"1";""
"201900050144";"138 211 846";"B01";"1";"7";"0";"2";"4";"1";"1";""
"201900050144";"138 211 847";"C01";"1";"7";"0";"2";"1";"1";"1";""
"201900050145";"138 211 840";"A01";"1";"7";"14";"0";"1";"1";"0";""
"201900050145";"138 211 841";"B01";"1";"7";"14";"0";"1";"1";"0";""
"201900050145";"138 211 842";"C01";"1";"7";"14";"0";"1";"1";"0";""
"201900050145";"138 211 843";"D01";"1";"7";"14";"0";"1";"1";"0";""
"201900050145";"138 211 844";"E01";"1";"7";"14";"0";"4";"1";"0";""
"201900050146";"138 211 837";"C01";"1";"7";"0";"2";"4";"1";"0";""
"201900050146";"138 211 838";"B01";"1";"7";"0";"2";"4";"1";"0";""
"201900050146";"138 211 839";"A01";"1";"14";"0";"2";"1";"1";"0";""
"201900050147";"138 211 835";"B01";"0";"7";"0";"2";"1";"1";"1";""
"201900050147";"138 211 836";"A01";"0";"7";"14";"2";"1";"6";"1";""
"201900050148";"138 211 833";"A01";"0";"7";"0";"2";"8";"1";"1";""
"201900050148";"138 211 834";"B01";"0";"33";"0";"2";"1";"1";"1";""
"201900050149";"138 211 831";"A01";"1";"10";"0";"2";"3";"9";"1";""
"201900050149";"138 211 832";"B01";"1";"2";"0";"2";"7";"17";"1";""
"201900050150";"138 211 829";"B01";"1";"7";"0";"2";"1";"15";"1";""
"201900050150";"138 211 830";"A01";"1";"33";"0";"2";"1";"1";"1";""
"201900050151";"138 211 827";"A01";"2";"2";"0";"2";"1";"1";"3";""
"201900050151";"138 211 828";"B01";"3";"7";"0";"2";"6";"15";"1";""
"201900050152";"138 211 826";"A01";"1";"41";"0";"0";"0";"1";"1";""
"201900050153";"138 211 824";"B01";"1";"7";"0";"2";"3";"1";"1";""
"201900050153";"138 211 825";"A01";"1";"7";"0";"2";"5";"12";"1";""
"201900050154";"138 211 822";"B01";"3";"1";"0";"2";"7";"1";"0";""
"201900050154";"138 211 823";"A01";"3";"10";"0";"2";"1";"1";"1";""
"201900050155";"138 211 820";"A01";"2";"33";"0";"2";"1";"21";"1";""
"201900050155";"138 211 821";"B01";"2";"7";"0";"2";"0";"0";"0";""
"201900050156";"138 211 819";"A01";"3";"7";"0";"1";"2";"1";"3";""
"201900050157";"138 211 818";"A01";"0";"7";"8";"0";"1";"1";"1";""
"201900050158";"138 211 817";"A01";"1";"7";"0";"1";"1";"1";"1";""
"201900050159";"138 211 814";"C01";"1";"7";"0";"2";"5";"1";"1";""
"201900050159";"138 211 815";"B01";"1";"7";"0";"2";"5";"2";"1";""
"201900050159";"138 211 816";"A01";"1";"7";"0";"2";"1";"17";"1";""
"201900050160";"138 211 811";"A01";"2";"7";"13";"0";"3";"1";"1";""
"201900050161";"138 211 809";"B01";"1";"10";"0";"2";"1";"11";"1";""
"201900050161";"138 211 810";"A01";"1";"7";"0";"2";"3";"9";"1";""
"201900050162";"138 211 808";"A01";"1";"7";"0";"1";"1";"1";"1";""
"201900050163";"138 211 807";"A01";"1";"7";"2";"0";"3";"26";"1";""
"201900050164";"138 211 806";"A01";"1";"7";"0";"1";"1";"1";"1";""
"201900050165";"138 211 802";"A01";"1";"7";"3";"2";"4";"9";"1";""
"201900050165";"138 211 803";"B01";"1";"7";"3";"2";"9";"2";"1";""
"201900050165";"138 211 804";"C01";"1";"7";"3";"2";"9";"1";"1";""
"201900050165";"138 211 805";"D01";"1";"7";"3";"2";"1";"2";"1";""
"201900050166";"138 211 798";"B01";"1";"32";"0";"2";"2";"1";"1";""
"201900050166";"138 211 799";"A01";"1";"7";"0";"2";"3";"10";"0";""
"201900050167";"138 211 796";"B01";"2";"7";"0";"0";"4";"1";"1";""
"201900050167";"138 211 797";"A01";"2";"7";"0";"2";"1";"1";"1";""
"201900050168";"138 211 794";"A01";"2";"7";"0";"2";"1";"9";"0";""
"201900050168";"138 211 795";"B01";"2";"34";"0";"2";"7";"1";"0";""
"201900050169";"138 211 793";"A01";"3";"7";"0";"1";"1";"0";"0";""
"201900050170";"138 211 790";"A01";"2";"37";"0";"1";"5";"26";"1";"1"
"201900050171";"138 211 788";"B01";"3";"7";"0";"1";"1";"1";"1";""
"201900050171";"138 211 789";"A01";"3";"7";"0";"2";"1";"1";"1";""
"201900050172";"138 211 784";"A01";"2";"7";"0";"2";"1";"2";"1";""
"201900050172";"138 211 785";"B01";"2";"7";"0";"2";"4";"23";"1";""
"201900050172";"138 211 786";"C01";"2";"7";"0";"2";"4";"23";"1";""
"201900050172";"138 211 787";"D01";"2";"10";"0";"2";"4";"23";"1";""
"201900050173";"138 211 782";"A01";"1";"7";"0";"2";"2";"12";"1";""
"201900050173";"138 211 783";"B01";"1";"33";"0";"2";"3";"3";"1";""
"201900050174";"138 211 781";"A01";"3";"17";"0";"1";"1";"1";"1";""
"201900050175";"138 211 780";"A01";"3";"7";"0";"1";"1";"1";"1";""
"201900050176";"138 211 779";"A01";"1";"7";"0";"1";"3";"1";"1";""
"201900050177";"138 211 778";"A01";"1";"1";"0";"1";"8";"1";"5";""
"201900050178";"138 211 777";"Z01";"1";"7";"0";"1";"8";"1";"1";""
"201900050179";"138 211 774";"C01";"1";"37";"1";"2";"5";"1";"1";"1"
"201900050179";"138 211 775";"B01";"1";"7";"0";"2";"8";"22";"1";""
"201900050179";"138 211 776";"A01";"1";"32";"0";"2";"2";"18";"1";""
"201900050180";"138 211 772";"B01";"1";"7";"0";"2";"7";"1";"1";""
"201900050180";"138 211 773";"A01";"1";"33";"0";"2";"8";"13";"1";""
"201900050181";"138 211 770";"A01";"1";"7";"0";"2";"1";"15";"1";""
"201900050181";"138 211 771";"B01";"2";"31";"0";"2";"1";"1";"1";""
"201900050182";"138 211 768";"A01";"1";"43";"0";"2";"1";"7";"1";""
"201900050182";"138 211 769";"B01";"1";"7";"0";"2";"2";"2";"1";""
"201900050183";"138 211 765";"C01";"1";"7";"0";"2";"3";"1";"1";""
"201900050183";"138 211 766";"B01";"1";"7";"0";"2";"6";"1";"1";""
"201900050183";"138 211 767";"A01";"2";"30";"0";"2";"1";"17";"1";""
"201900050184";"138 211 763";"Z01";"1";"10";"0";"2";"1";"13";"0";""
"201900050184";"138 211 764";"A01";"1";"1";"0";"2";"0";"1";"5";""
"201900050185";"138 211 761";"A01";"2";"7";"0";"2";"6";"11";"1";""
"201900050185";"138 211 762";"B01";"2";"32";"0";"2";"1";"1";"3";""
"201900050186";"138 211 758";"A01";"1";"7";"0";"2";"1";"2";"1";""
"201900050186";"138 211 759";"B01";"1";"7";"0";"2";"9";"2";"2";""
"201900050186";"138 211 760";"C01";"1";"7";"0";"2";"4";"23";"2";""
"201900050187";"138 211 756";"A01";"1";"7";"0";"2";"7";"22";"1";""
"201900050187";"138 211 757";"B01";"1";"50";"0";"2";"8";"1";"3";""
"201900050188";"138 211 754";"A01";"1";"7";"0";"2";"7";"9";"1";""
"201900050188";"138 211 755";"B01";"1";"33";"0";"2";"8";"1";"1";""
"201900050189";"138 211 753";"A01";"2";"32";"0";"0";"0";"21";"1";""
"201900050190";"138 211 751";"A01";"1";"30";"0";"2";"4";"2";"3";""
"201900050190";"138 211 752";"Z01";"1";"7";"0";"2";"1";"2";"1";""
"201900050191";"138 211 749";"B01";"1";"1";"0";"2";"6";"1";"5";""
"201900050191";"138 211 750";"A01";"1";"30";"0";"2";"6";"17";"1";""
"201900050192";"138 211 747";"A01";"2";"2";"0";"2";"8";"1";"1";""
"201900050192";"138 211 748";"B01";"1";"2";"0";"2";"8";"15";"1";""
"201900050193";"138 211 746";"A01";"2";"10";"0";"1";"2";"16";"1";""
"201900050194";"138 211 744";"A01";"2";"7";"0";"2";"1";"1";"1";""
"201900050194";"138 211 745";"B01";"2";"7";"0";"2";"4";"1";"1";""
"201900050195";"138 211 740";"C01";"2";"34";"0";"2";"3";"23";"1";""
"201900050195";"138 211 741";"B01";"2";"7";"0";"2";"3";"23";"1";""
"201900050195";"138 211 742";"Z01";"1";"7";"0";"2";"0";"0";"0";""
"201900050196";"138 211 738";"A01";"3";"32";"14";"2";"1";"1";"1";""
"201900050196";"138 211 739";"B01";"3";"7";"0";"2";"4";"23";"1";""
"201900050197";"138 211 736";"B01";"1";"2";"0";"2";"1";"17";"1";""
"201900050197";"138 211 737";"A01";"1";"7";"0";"2";"8";"23";"1";""
"201900050198";"138 211 734";"B01";"1";"7";"0";"2";"3";"1";"0";""
"201900050198";"138 211 735";"A01";"2";"7";"0";"2";"2";"16";"0";""
"201900050199";"138 211 733";"A01";"1";"7";"0";"1";"1";"1";"1";""
"201900050200";"138 211 731";"A01";"1";"30";"0";"2";"1";"2";"1";""
"201900050200";"138 211 732";"B01";"1";"7";"0";"2";"5";"2";"1";""
"201900050201";"138 211 728";"A01";"1";"30";"0";"2";"4";"1";"1";""
"201900050201";"138 211 729";"Z01";"1";"7";"0";"2";"1";"1";"1";""
"201900050201";"138 211 730";"B01";"1";"7";"0";"2";"8";"16";"1";""
"201900050202";"138 211 726";"A01";"2";"7";"0";"2";"2";"9";"1";""
"201900050202";"138 211 727";"B01";"2";"7";"0";"2";"1";"9";"1";""
"201900050203";"138 211 725";"A01";"1";"31";"0";"1";"1";"0";"0";""
"201900050204";"138 211 724";"A01";"2";"7";"0";"1";"1";"0";"1";""
"201900050205";"138 211 723";"A01";"2";"32";"14";"0";"0";"0";"0";""
"201900050206";"138 211 721";"A01";"2";"42";"1";"1";"1";"17";"1";""
"201900050206";"138 211 722";"B01";"2";"7";"1";"0";"6";"2";"1";""
"201900050207";"138 211 720";"A01";"1";"7";"12";"0";"1";"1";"1";""
"201900050208";"138 211 719";"A01";"2";"7";"0";"1";"1";"15";"1";""
"201900050209";"138 211 717";"A01";"2";"7";"0";"2";"2";"1";"1";""
"201900050209";"138 211 718";"B01";"1";"34";"0";"2";"1";"1";"1";""
"201900050210";"138 211 715";"B01";"0";"2";"0";"2";"8";"15";"1";""
"201900050210";"138 211 716";"A01";"0";"7";"0";"2";"1";"2";"1";""
"201900050211";"138 211 713";"A01";"2";"13";"0";"2";"1";"2";"3";""
"201900050211";"138 211 714";"B01";"2";"7";"0";"2";"4";"2";"1";""
"201900050212";"138 211 711";"B01";"2";"7";"0";"2";"2";"9";"1";""
"201900050212";"138 211 712";"A01";"3";"60";"0";"2";"8";"5";"5";""
"201900050213";"138 211 709";"A01";"2";"7";"0";"9";"2";"17";"1";""
"201900050213";"138 211 710";"B01";"2";"1";"0";"0";"8";"2";"5";""
"201900050214";"138 211 706";"C01";"1";"1";"0";"2";"8";"18";"5";""
"201900050214";"138 211 707";"B01";"1";"99";"0";"9";"0";"16";"6";""
"201900050214";"138 211 708";"A01";"1";"14";"0";"9";"7";"16";"1";""
"201900050215";"138 211 705";"A01";"1";"7";"16";"0";"1";"13";"1";""
"201900050216";"138 211 704";"B01";"0";"1";"0";"2";"8";"15";"0";""
"201900050217";"138 211 702";"A01";"1";"3";"0";"2";"1";"19";"1";""
"201900050217";"138 211 703";"B01";"2";"33";"0";"1";"1";"1";"1";""
"201900050218";"138 211 700";"A01";"3";"14";"0";"2";"1";"2";"1";""
"201900050218";"138 211 701";"B01";"3";"7";"0";"2";"4";"2";"2";""
"201900050219";"138 211 696";"A01";"3";"7";"14";"2";"1";"1";"0";""
"201900050219";"138 211 697";"B01";"3";"7";"14";"2";"4";"23";"1";""
"201900050219";"138 211 698";"C01";"3";"7";"14";"2";"4";"23";"1";""
"201900050219";"138 211 699";"D01";"3";"7";"0";"2";"4";"23";"0";""
"201900050220";"138 211 694";"A01";"1";"7";"0";"2";"1";"21";"1";""
"201900050220";"138 211 695";"B01";"1";"7";"0";"2";"4";"2";"1";""
"201900050221";"138 211 693";"A01";"1";"7";"1";"0";"1";"1";"1";""
"201900050222";"138 211 691";"B01";"1";"30";"0";"2";"2";"21";"1";""
"201900050222";"138 211 692";"A01";"2";"3";"0";"2";"2";"5";"0";""
"201900050223";"138 211 690";"A01";"1";"7";"0";"0";"2";"9";"1";""
"201900050224";"138 211 689";"A01";"1";"7";"9";"1";"3";"16";"1";""
"201900050225";"138 211 687";"B01";"1";"7";"0";"2";"4";"26";"0";""
"201900050225";"138 211 688";"A01";"1";"7";"0";"2";"1";"26";"0";""
"201900050226";"138 211 684";"C01";"0";"7";"0";"2";"4";"23";"0";""
"201900050226";"138 211 685";"B01";"0";"7";"0";"2";"4";"23";"0";""
"201900050226";"138 211 686";"A01";"0";"7";"1";"0";"1";"2";"0";""
"201900050227";"138 211 682";"B01";"1";"37";"0";"2";"3";"1";"2";"2"
"201900050227";"138 211 683";"A01";"1";"7";"0";"2";"7";"16";"1";""
"201900050228";"138 211 680";"B01";"3";"32";"0";"2";"1";"1";"1";""
"201900050228";"138 211 681";"A01";"3";"7";"0";"2";"6";"11";"0";""
"201900050229";"138 211 678";"A01";"1";"33";"0";"2";"4";"1";"1";""
"201900050229";"138 211 679";"B01";"1";"7";"0";"2";"4";"11";"1";""
"201900050230";"138 211 675";"A01";"0";"7";"0";"0";"1";"2";"1";""
"201900050230";"138 211 676";"B01";"3";"7";"0";"0";"4";"2";"1";""
"201900050230";"138 211 677";"C01";"3";"7";"0";"0";"0";"0";"1";""
"201900050231";"138 211 672";"A01";"2";"7";"0";"2";"1";"1";"0";""
"201900050231";"138 211 673";"B01";"2";"7";"0";"2";"4";"23";"0";""
"201900050231";"138 211 674";"C01";"2";"37";"0";"2";"4";"23";"0";"1"
"201900050232";"138 211 671";"A01";"1";"20";"0";"1";"9";"1";"0";""
"201900050233";"138 211 669";"A01";"3";"3";"0";"2";"2";"15";"0";""
"201900050233";"138 211 670";"B01";"3";"3";"0";"2";"3";"1";"0";""
"201900050234";"138 211 668";"A01";"1";"10";"9";"0";"3";"13";"1";""
"201900050235";"138 211 666";"A01";"1";"7";"0";"2";"1";"19";"1";""
"201900050235";"138 211 667";"B01";"1";"7";"0";"2";"8";"1";"1";""
"201900050236";"138 211 664";"B01";"3";"31";"0";"2";"7";"1";"1";""
"201900050236";"138 211 665";"A01";"3";"7";"0";"2";"3";"16";"1";""
"201900050237";"138 211 662";"B01";"3";"7";"0";"2";"1";"0";"0";""
"201900050237";"138 211 663";"A01";"3";"7";"0";"2";"3";"26";"0";""
"201900050238";"138 211 660";"B01";"2";"7";"0";"2";"1";"2";"1";""
"201900050238";"138 211 661";"A01";"2";"7";"0";"0";"4";"23";"1";""
"201900050239";"138 211 658";"B01";"1";"33";"0";"2";"3";"1";"0";""
"201900050239";"138 211 659";"A01";"2";"7";"0";"2";"1";"15";"0";""
"201900050240";"138 211 657";"A01";"3";"7";"0";"1";"7";"26";"6";""
"201900050241";"138 211 655";"B01";"1";"33";"1";"2";"8";"1";"1";""
"201900050241";"138 211 656";"A01";"1";"7";"0";"2";"2";"20";"1";""
"201900050242";"138 211 654";"A01";"3";"10";"9";"0";"2";"14";"1";""
"201900050243";"138 211 652";"A01";"3";"7";"0";"2";"4";"23";"1";""
"201900050243";"138 211 653";"B01";"3";"1";"0";"2";"1";"1";"5";""
"201900050244";"138 211 650";"B01";"3";"7";"0";"2";"1";"16";"1";""
"201900050244";"138 211 651";"A01";"3";"30";"0";"2";"4";"26";"1";""
"201900050245";"138 211 648";"A01";"0";"31";"0";"2";"1";"1";"0";""
"201900050245";"138 211 649";"B01";"0";"7";"0";"2";"1";"15";"0";""
"201900050246";"138 211 647";"A01";"1";"31";"1";"0";"9";"14";"1";""
"201900050247";"138 211 645";"A01";"1";"32";"1";"0";"2";"18";"1";""
"201900050247";"138 211 646";"B01";"1";"14";"1";"0";"3";"1";"1";""
"201900050248";"138 211 642";"A01";"2";"33";"0";"2";"7";"3";"1";""
"201900050248";"138 211 643";"B01";"2";"14";"0";"2";"8";"2";"1";""
"201900050248";"138 211 644";"C01";"2";"3";"0";"2";"7";"1";"1";""
"201900050249";"138 211 640";"A01";"3";"7";"0";"6";"2";"16";"0";""
"201900050249";"138 211 641";"B01";"3";"50";"0";"2";"1";"0";"3";""
"201900050250";"138 211 638";"A01";"1";"7";"0";"2";"8";"15";"1";""
"201900050250";"138 211 639";"B01";"1";"2";"0";"2";"1";"1";"1";""
"201900050251";"138 211 637";"A01";"1";"30";"1";"0";"1";"14";"1";""
"201900050252";"138 211 635";"A01";"1";"32";"0";"2";"1";"14";"0";""
"201900050252";"138 211 636";"B01";"1";"7";"0";"2";"0";"26";"1";""
"201900050253";"138 211 633";"B01";"1";"7";"0";"2";"6";"23";"0";""
"201900050253";"138 211 634";"A01";"1";"30";"0";"2";"2";"2";"3";""
"201900050254";"138 211 628";"A01";"2";"7";"0";"2";"1";"15";"1";""
"201900050254";"138 211 629";"B01";"1";"33";"0";"2";"1";"1";"1";""
"201900050255";"138 211 626";"A01";"1";"7";"0";"2";"1";"2";"1";""
"201900050255";"138 211 627";"B01";"1";"10";"0";"2";"4";"2";"1";""
"201900050256";"138 211 624";"B01";"1";"7";"0";"2";"3";"1";"1";""
"201900050256";"138 211 625";"A01";"2";"7";"0";"2";"2";"13";"1";""
"201900050257";"138 211 622";"A01";"2";"7";"0";"2";"2";"17";"1";""
"201900050257";"138 211 623";"B01";"2";"7";"13";"0";"6";"1";"1";""
"201900050258";"138 211 621";"A01";"2";"7";"2";"9";"1";"1";"1";""
"201900050259";"138 211 619";"A01";"1";"7";"0";"2";"1";"0";"1";""
"201900050259";"138 211 620";"B01";"2";"7";"0";"0";"1";"1";"1";""
"201900050260";"138 211 618";"A01";"1";"33";"15";"0";"1";"13";"1";""
"201900050261";"138 211 614";"A01";"2";"7";"0";"2";"6";"1";"1";""
"201900050261";"138 211 615";"B01";"2";"7";"0";"2";"3";"1";"1";""
"201900050261";"138 211 616";"C01";"2";"7";"0";"2";"1";"0";"1";""
"201900050261";"138 211 617";"D01";"2";"7";"0";"2";"9";"1";"1";""
"201900050262";"138 211 612";"B01";"2";"33";"0";"2";"8";"13";"0";""
"201900050262";"138 211 613";"A01";"1";"7";"0";"2";"8";"1";"0";""
"201900050263";"138 211 611";"A01";"2";"7";"2";"0";"8";"1";"1";""
"201900050264";"138 211 610";"B01";"0";"7";"2";"0";"2";"1";"1";""
"201900050265";"138 211 609";"A01";"2";"7";"13";"0";"1";"13";"1";""
"201900050266";"138 211 607";"B01";"1";"7";"0";"2";"3";"1";"1";""
"201900050266";"138 211 608";"A01";"2";"10";"0";"2";"3";"13";"1";""
"201900050267";"138 211 606";"A01";"1";"7";"6";"0";"3";"6";"2";""
"201900050268";"138 211 604";"A01";"1";"1";"0";"2";"8";"19";"5";""
"201900050268";"138 211 605";"B01";"1";"7";"0";"2";"2";"1";"1";""
"201900050269";"138 211 602";"B01";"1";"7";"0";"2";"2";"19";"1";""
"201900050269";"138 211 603";"A01";"2";"7";"0";"2";"3";"1";"1";""
"201900050270";"138 211 600";"B01";"0";"7";"0";"2";"3";"1";"1";""
"201900050270";"138 211 601";"A01";"0";"2";"0";"2";"1";"26";"6";""
"201900050271";"138 211 598";"A01";"1";"7";"4";"2";"3";"16";"1";""
"201900050271";"138 211 599";"B01";"1";"33";"13";"2";"2";"2";"1";""
"201900050272";"138 211 596";"B01";"1";"33";"0";"0";"4";"2";"1";""
"201900050272";"138 211 597";"A01";"1";"33";"0";"9";"1";"2";"1";""
"201900050273";"138 211 595";"A01";"3";"7";"0";"1";"1";"1";"1";""
"201900050274";"138 211 593";"B01";"2";"7";"3";"2";"8";"1";"1";""
"201900050274";"138 211 594";"A01";"2";"7";"0";"2";"7";"14";"1";""
"201900050275";"138 211 591";"B01";"1";"7";"3";"0";"4";"2";"1";""
"201900050275";"138 211 592";"A01";"1";"7";"0";"2";"2";"2";"1";""
"201900050276";"138 211 590";"A01";"2";"10";"8";"0";"4";"0";"1";""
"201900050277";"138 211 588";"B01";"1";"7";"15";"0";"6";"1";"1";""
"201900050277";"138 211 589";"A01";"1";"7";"0";"2";"2";"17";"1";""
"201900050278";"138 211 585";"A01";"2";"7";"0";"2";"3";"15";"1";""
"201900050278";"138 211 586";"B01";"1";"33";"0";"2";"1";"1";"1";""
"201900050278";"138 211 587";"A01";"2";"7";"0";"2";"3";"1";"1";""
"201900050279";"138 211 582";"A01";"2";"33";"0";"0";"3";"1";"1";""
"201900050280";"138 211 580";"B01";"2";"0";"0";"1";"7";"0";"0";""
"201900050280";"138 211 581";"A01";"2";"1";"0";"2";"8";"0";"5";""
"201900050281";"138 211 578";"A01";"1";"33";"0";"2";"1";"1";"1";""
"201900050281";"138 211 579";"B01";"1";"7";"0";"0";"4";"1";"1";""
"201900050282";"138 211 576";"A01";"0";"7";"0";"9";"7";"15";"1";""
"201900050282";"138 211 577";"B01";"0";"1";"0";"2";"1";"1";"5";""
"201900050283";"138 211 575";"A01";"2";"7";"13";"0";"9";"2";"1";""
"201900050284";"138 211 573";"B01";"2";"30";"0";"0";"4";"2";"6";""
"201900050284";"138 211 574";"A01";"2";"33";"0";"2";"1";"2";"1";""
"201900050285";"138 211 572";"A01";"2";"7";"0";"1";"2";"1";"0";""
"201900050286";"138 211 571";"A01";"1";"13";"13";"0";"8";"16";"1";""
"201900050287";"138 211 568";"C01";"1";"7";"0";"2";"4";"2";"1";""
"201900050287";"138 211 569";"B01";"2";"7";"0";"2";"8";"1";"1";""
"201900050287";"138 211 570";"A01";"1";"33";"0";"2";"8";"17";"1";""
"201900050288";"138 211 565";"C01";"0";"7";"0";"2";"1";"1";"1";""
"201900050288";"138 211 566";"B01";"0";"7";"0";"2";"1";"1";"1";""
"201900050288";"138 211 567";"A01";"0";"7";"0";"2";"5";"15";"1";""
"201900050289";"138 211 563";"B01";"0";"7";"0";"2";"3";"9";"0";""
"201900050289";"138 211 564";"A01";"0";"33";"0";"2";"2";"16";"0";""
"201900050290";"138 211 562";"A01";"2";"7";"0";"0";"9";"1";"1";""
"201900050291";"138 211 561";"A01";"2";"33";"0";"0";"0";"1";"1";""
"201900050292";"138 211 559";"B01";"1";"7";"0";"2";"3";"1";"1";""
"201900050292";"138 211 560";"A01";"2";"33";"0";"2";"0";"13";"1";""
"201900050293";"138 211 558";"A01";"1";"7";"13";"0";"2";"1";"1";""
"201900050294";"138 211 556";"A01";"0";"7";"0";"9";"1";"1";"1";""
"201900050294";"138 211 557";"B01";"1";"1";"0";"2";"8";"19";"5";""
"201900050295";"138 211 555";"A01";"1";"7";"0";"1";"2";"2";"1";""
"201900050296";"138 211 554";"A01";"2";"7";"13";"0";"1";"1";"1";""
"201900050297";"138 211 552";"A01";"2";"7";"3";"0";"8";"15";"1";""
"201900050297";"138 211 553";"B01";"2";"33";"3";"0";"2";"17";"1";""
"201900050298";"138 211 550";"A01";"2";"33";"2";"2";"2";"1";"1";""
"201900050298";"138 211 551";"B01";"1";"7";"0";"2";"2";"15";"1";""
"201900050299";"138 211 548";"A01";"1";"7";"0";"2";"1";"13";"1";""
"201900050299";"138 211 549";"B01";"2";"7";"0";"2";"1";"1";"1";""
"201900050300";"138 211 547";"A01";"1";"7";"2";"0";"1";"1";"1";""
"201900050301";"138 211 546";"A01";"0";"31";"0";"0";"0";"1";"1";""
"201900050302";"138 211 544";"A01";"2";"7";"0";"2";"2";"1";"1";""
"201900050302";"138 211 545";"B01";"1";"7";"0";"2";"3";"15";"1";""
"201900050303";"138 211 541";"A01";"1";"33";"0";"2";"1";"2";"1";""
"201900050303";"138 211 542";"B01";"2";"7";"0";"1";"1";"1";"1";""
"201900050303";"138 211 543";"C01";"1";"7";"0";"2";"6";"2";"1";""
"201900050304";"138 211 539";"A01";"1";"7";"0";"2";"1";"13";"1";""
"201900050304";"138 211 540";"B01";"2";"7";"0";"2";"1";"1";"1";""
"201900050305";"138 211 537";"B01";"2";"33";"0";"2";"1";"1";"1";""
"201900050305";"138 211 538";"A01";"2";"7";"0";"2";"8";"9";"1";""
"201900050306";"138 211 535";"B01";"2";"7";"0";"2";"2";"1";"1";""
"201900050306";"138 211 536";"A01";"1";"7";"0";"2";"2";"17";"1";""
"201900050307";"138 211 534";"A01";"1";"33";"12";"0";"7";"14";"1";""
"201900050308";"138 211 533";"A01";"2";"2";"13";"0";"9";"1";"1";""
"201900050309";"138 211 531";"B01";"1";"7";"0";"2";"2";"1";"1";""
"201900050309";"138 211 532";"A01";"1";"7";"0";"2";"3";"1";"1";""
"201900050310";"138 211 529";"B01";"1";"7";"0";"2";"3";"1";"1";""
"201900050310";"138 211 530";"A01";"2";"10";"0";"2";"3";"15";"1";""
"201900050311";"138 211 527";"B01";"3";"7";"0";"0";"8";"1";"1";""
"201900050311";"138 211 528";"A01";"3";"33";"0";"2";"3";"13";"1";""
"201900050312";"138 211 523";"B01";"2";"7";"0";"2";"3";"1";"1";""
"201900050312";"138 211 524";"A01";"1";"7";"0";"2";"1";"1";"1";""
"201900050313";"138 211 522";"A01";"2";"33";"15";"0";"2";"13";"1";""
"201900050314";"138 211 521";"A01";"1";"33";"0";"6";"1";"1";"1";""
"201900050315";"138 211 520";"A01";"3";"36";"2";"0";"2";"14";"1";""
"201900050316";"138 211 519";"A01";"1";"7";"13";"0";"1";"14";"1";""
"201900050317";"138 211 517";"A01";"3";"7";"0";"2";"3";"1";"1";""
"201900050317";"138 211 518";"B01";"3";"2";"0";"2";"1";"9";"1";""
"201900050318";"138 211 516";"A01";"1";"31";"0";"0";"6";"0";"1";""
"201900050319";"138 211 514";"B01";"2";"7";"0";"2";"8";"1";"1";""
"201900050319";"138 211 515";"A01";"1";"7";"0";"2";"3";"17";"1";""
"201900050320";"138 211 512";"A01";"0";"21";"0";"2";"1";"9";"1";""
"201900050320";"138 211 513";"B01";"0";"2";"0";"2";"7";"0";"1";""
"201900050321";"138 211 511";"A01";"2";"7";"13";"0";"1";"1";"1";""
"201900050322";"138 211 510";"A01";"2";"7";"2";"0";"3";"1";"1";""
"201900050323";"138 211 508";"A01";"2";"7";"0";"2";"2";"2";"1";""
"201900050323";"138 211 509";"B01";"2";"15";"0";"0";"6";"16";"1";""