"Num_Acc";"id_vehicule";"num_veh";"senc";"catv";"obs";"obsm";"choc";"manv";"motor";"occutc"
"201900050526";"138 211 129";"B01";"2";"7";"0";"2";"4";"2";"1";""
"201900050526";"138 211 130";"A01";"2";"10";"0";"2";"1";"1";"1";""
"201900050527";"138 211 126";"B01";"3";"7";"0";"2";"4";"23";"1";""
"201900050527";"138 211 127";"A01";"3";"31";"0";"2";"1";"1";"1";""
"201900050528";"138 211 125";"A01";"2";"7";"13";"6";"1";"1";"1";""
"201900050529";"138 211 123";"A01";"3";"1";"0";"1";"8";"5";"5";""
"201900050530";"138 211 122";"A01";"2";"10";"0";"2";"3";"13";"1";""
"201900050530";"138 211 124";"B01";"1";"7";"0";"2";"3";"1";"1";""
"201900050531";"138 211 120";"B01";"2";"33";"0";"2";"1";"1";"1";""
"201900050531";"138 211 121";"A01";"2";"10";"0";"2";"2";"15";"1";""
"201900050532";"138 211 118";"A01";"2";"33";"0";"2";"1";"3";"1";""
"201900050532";"138 211 119";"B01";"2";"7";"0";"2";"5";"14";"1";""
"201900050533";"138 211 115";"A01";"2";"7";"15";"0";"7";"1";"1";""
"201900050534";"138 211 113";"A01";"2";"7";"0";"2";"2";"14";"1";""
"201900050534";"138 211 114";"B01";"2";"7";"0";"2";"6";"1";"1";""
"201900050535";"138 211 116";"B01";"1";"32";"0";"2";"1";"15";"1";""
"201900050535";"138 211 117";"A01";"1";"33";"0";"2";"2";"17";"1";""
"201900050536";"138 211 112";"A01";"2";"32";"0";"0";"9";"1";"1";""
"201900050537";"138 211 111";"A01";"2";"50";"0";"0";"0";"15";"3";""
"201900050538";"138 211 108";"A01";"2";"7";"4";"0";"3";"13";"1";""
"201900050539";"138 211 106";"B01";"3";"7";"0";"2";"2";"0";"1";""
"201900050539";"138 211 107";"A01";"3";"34";"0";"2";"2";"17";"1";""
"201900050540";"138 211 109";"A01";"1";"7";"0";"2";"6";"11";"1";""
"201900050540";"138 211 110";"B01";"1";"10";"0";"2";"2";"1";"1";""
"201900050541";"138 211 104";"A01";"1";"33";"14";"0";"1";"1";"1";""
"201900050542";"138 211 102";"A01";"1";"33";"0";"6";"1";"26";"1";""
"201900050543";"138 211 103";"B01";"1";"31";"0";"2";"2";"1";"1";""
"201900050543";"138 211 105";"A01";"1";"7";"0";"2";"3";"9";"1";""
"201900050544";"138 211 099";"B01";"3";"7";"0";"2";"4";"11";"1";""
"201900050544";"138 211 101";"A01";"3";"33";"0";"2";"1";"0";"1";""
"201900050545";"138 211 097";"B01";"1";"10";"0";"2";"6";"0";"1";""
"201900050545";"138 211 098";"A01";"1";"7";"1";"0";"2";"2";"1";""
"201900050546";"138 211 095";"A01";"1";"7";"1";"0";"5";"13";"0";""
"201900050546";"138 211 096";"B01";"2";"7";"0";"2";"1";"24";"0";""
"201900050547";"138 211 100";"B01";"3";"30";"0";"1";"0";"13";"1";""
"201900050548";"138 211 090";"A01";"1";"7";"0";"2";"2";"19";"1";""
"201900050548";"138 211 091";"B01";"1";"7";"0";"2";"1";"1";"1";""
"201900050549";"138 211 089";"B01";"2";"33";"0";"2";"1";"1";"0";""
"201900050549";"138 211 092";"A01";"1";"7";"0";"2";"3";"15";"0";""
"201900050550";"138 211 086";"A01";"1";"7";"0";"1";"1";"1";"1";""
"201900050550";"138 211 088";"B01";"2";"50";"0";"2";"8";"5";"3";""
"201900050551";"138 211 083";"A01";"3";"32";"0";"2";"1";"13";"0";""
"201900050551";"138 211 084";"B01";"3";"7";"0";"2";"1";"1";"1";""
"201900050552";"138 211 085";"B01";"0";"7";"0";"0";"0";"0";"1";""
"201900050552";"138 211 087";"A01";"3";"7";"0";"0";"0";"0";"1";""
"201900050553";"138 211 081";"A01";"1";"30";"0";"0";"0";"1";"1";""
"201900050554";"138 211 080";"B01";"1";"7";"0";"2";"1";"2";"0";""
"201900050554";"138 211 082";"A01";"2";"7";"0";"2";"1";"2";"0";""
"201900050555";"138 211 078";"A01";"2";"33";"0";"2";"1";"17";"1";""
"201900050555";"138 211 079";"B01";"2";"7";"0";"2";"3";"15";"1";""
"201900050556";"138 211 074";"B01";"2";"30";"0";"2";"1";"0";"1";""
"201900050556";"138 211 075";"A01";"2";"7";"0";"2";"1";"26";"1";""
"201900050557";"138 211 072";"A01";"1";"7";"3";"2";"2";"11";"0";""
"201900050557";"138 211 073";"B01";"1";"7";"0";"2";"6";"1";"1";""
"201900050558";"138 211 076";"A01";"1";"7";"1";"1";"8";"1";"0";""
"201900050559";"138 211 071";"A01";"1";"7";"0";"1";"2";"2";"6";""
"201900050560";"138 211 069";"A01";"1";"36";"12";"0";"1";"0";"1";""
"201900050561";"138 211 068";"B01";"1";"7";"0";"2";"2";"26";"1";""
"201900050561";"138 211 070";"A01";"3";"37";"0";"2";"3";"19";"1";"4"
"201900050562";"138 211 066";"A01";"2";"1";"0";"2";"1";"2";"5";""
"201900050562";"138 211 067";"B01";"2";"1";"0";"2";"4";"2";"5";""
"201900050563";"138 211 065";"A01";"1";"7";"0";"1";"6";"1";"1";""
"201900050564";"138 211 063";"A01";"1";"7";"0";"1";"3";"2";"1";""
"201900050565";"138 211 062";"B01";"3";"37";"0";"2";"3";"1";"1";"1"
"201900050565";"138 211 064";"A01";"3";"30";"0";"2";"3";"1";"1";""
"201900050566";"138 211 059";"A01";"2";"30";"0";"2";"1";"17";"1";""
"201900050566";"138 211 061";"B01";"2";"7";"0";"2";"3";"15";"0";""
"201900050567";"138 211 058";"B01";"1";"7";"1";"2";"3";"15";"1";""
"201900050567";"138 211 060";"A01";"1";"32";"0";"2";"2";"17";"1";""
"201900050568";"138 211 056";"A01";"1";"7";"0";"1";"7";"1";"0";""
"201900050569";"138 211 055";"A01";"3";"7";"0";"2";"6";"10";"1";""
"201900050569";"138 211 057";"B01";"3";"31";"0";"2";"1";"1";"1";""
"201900050570";"138 211 053";"A01";"3";"31";"0";"2";"1";"1";"1";""
"201900050570";"138 211 054";"B01";"2";"33";"0";"2";"4";"2";"1";""
"201900050571";"138 211 051";"B01";"1";"10";"0";"1";"4";"1";"1";""
"201900050571";"138 211 052";"A01";"1";"10";"0";"2";"4";"26";"1";""
"201900050572";"138 211 049";"B01";"2";"33";"0";"2";"4";"23";"1";""
"201900050572";"138 211 050";"A01";"2";"33";"0";"2";"1";"1";"6";""
"201900050573";"138 211 047";"A01";"1";"7";"0";"2";"1";"15";"1";""
"201900050573";"138 211 048";"B01";"2";"2";"0";"2";"1";"1";"1";""
"201900050574";"138 211 046";"A01";"3";"7";"13";"0";"3";"26";"1";""
"201900050575";"138 211 042";"A01";"3";"30";"0";"2";"1";"1";"1";""
"201900050575";"138 211 043";"B01";"3";"7";"0";"2";"3";"15";"1";""
"201900050576";"138 211 044";"B01";"2";"30";"0";"2";"4";"2";"1";""
"201900050576";"138 211 045";"A01";"2";"10";"0";"2";"1";"2";"1";""
"201900050577";"138 211 040";"A01";"3";"7";"0";"1";"1";"0";"1";""
"201900050578";"138 211 039";"B01";"0";"7";"0";"0";"4";"15";"0";""
"201900050578";"138 211 041";"A01";"0";"7";"0";"2";"4";"1";"1";""
"201900050579";"138 211 036";"A01";"3";"30";"0";"2";"4";"16";"1";""
"201900050579";"138 211 038";"Z01";"3";"7";"0";"2";"0";"5";"1";""
"201900050580";"138 211 035";"B01";"2";"7";"0";"2";"9";"9";"1";""
"201900050580";"138 211 037";"A01";"3";"7";"0";"2";"1";"9";"1";""
"201900050581";"138 211 032";"A01";"0";"7";"0";"2";"4";"26";"1";""
"201900050582";"138 211 031";"A01";"2";"30";"1";"2";"0";"13";"0";""
"201900050583";"138 211 033";"B01";"2";"7";"0";"2";"4";"23";"2";""
"201900050583";"138 211 034";"A01";"2";"2";"0";"2";"1";"2";"1";""
"201900050584";"138 211 028";"B01";"2";"2";"0";"2";"4";"15";"1";""
"201900050584";"138 211 030";"A01";"2";"7";"0";"2";"3";"15";"1";""
"201900050585";"138 211 027";"A01";"2";"7";"0";"2";"3";"1";"1";""
"201900050585";"138 211 029";"B01";"1";"7";"0";"2";"3";"15";"1";""
"201900050586";"138 211 022";"C01";"2";"7";"8";"0";"3";"23";"1";""
"201900050586";"138 211 025";"B01";"2";"7";"0";"2";"9";"15";"1";""
"201900050586";"138 211 026";"A01";"2";"10";"0";"2";"1";"1";"1";""
"201900050587";"138 211 023";"B01";"1";"2";"0";"2";"7";"1";"1";""
"201900050587";"138 211 024";"A01";"1";"7";"0";"2";"1";"19";"1";""
"201900050588";"138 211 020";"A01";"3";"7";"0";"1";"1";"1";" -1";""
"201900050588";"138 211 021";"B01";"3";"7";"0";"0";"0";"1";"0";""
"201900050589";"138 211 018";"B01";"1";"7";"0";"2";"1";"1";"1";""
"201900050589";"138 211 019";"A01";"3";"30";"0";"2";"7";"1";"1";""
"201900050590";"138 211 015";"A01";"3";"7";"0";"2";"3";"1";"0";""
"201900050590";"138 211 016";"B01";"3";"2";"0";"2";"7";"15";"0";""
"201900050591";"138 211 013";"A01";"1";"7";"0";"2";"1";"0";"1";""
"201900050591";"138 211 014";"B01";"0";"7";"0";"2";"4";"0";"1";""
"201900050592";"138 211 017";"A01";"1";"7";"0";"1";"4";"4";"1";""
"201900050593";"138 211 008";"A01";"1";"7";"0";"1";"3";"9";"1";""
"201900050594";"138 211 005";"B01";"1";"7";"0";"2";"6";"0";"1";""
"201900050594";"138 211 006";"A01";"3";"33";"0";"2";"1";"13";"1";""
"201900050595";"138 211 003";"A01";"3";"33";"16";"0";"7";"16";"1";""
"201900050596";"138 211 004";"A01";"2";"7";"0";"1";"3";"15";"1";""
"201900050596";"138 211 007";"A01";" -1";"0";" -1";" -1";" -1";" -1";" -1";""
"201900050597";"138 211 000";"A01";"1";"37";"0";"1";"2";"1";"0";"1"
"201900050598";"138 211 001";"B01";"1";"10";"0";"2";"1";"1";"1";""
"201900050598";"138 211 002";"A01";"1";"7";"0";"2";"8";"19";"1";""
"201900050599";"138 210 997";"A01";"1";"33";"6";"0";"0";"14";"1";""
"201900050600";"138 210 996";"A01";"3";"32";"0";"2";"0";"13";"1";""
"201900050601";"138 210 994";"A01";"1";"7";"0";"2";"2";"12";"1";""
"201900050601";"138 210 995";"B01";"1";"33";"0";"2";"8";"3";"1";""
"201900050602";"138 210 992";"B01";"0";"33";"0";"2";"1";"1";"1";""
"201900050602";"138 210 993";"A01";"0";"7";"0";"2";"2";"15";"1";""
"201900050603";"138 210 990";"A01";"1";"30";"0";"2";"1";"2";"1";""
"201900050603";"138 210 991";"B01";"1";"30";"0";"2";"4";"1";"1";""
"201900050604";"138 210 989";"A01";"1";"7";"0";"1";"2";"13";"0";""
"201900050605";"138 210 988";"A01";"1";"33";"12";"0";"8";"19";"1";""
"201900050606";"138 210 987";"A01";"1";"7";"1";"0";"1";"13";"1";""
"201900050607";"138 210 983";"A01";"1";"7";"0";"2";"1";"19";"1";""
"201900050607";"138 210 985";"C01";"3";"7";"0";"2";"1";"23";"2";""
"201900050607";"138 210 986";"B01";"3";"7";"0";"2";"8";"1";"1";""
"201900050608";"138 210 980";"B01";"1";"10";"0";"2";"1";"23";"0";""
"201900050608";"138 210 981";"C01";"1";"43";"0";"2";"4";"23";"0";""
"201900050608";"138 210 982";"A01";"1";"10";"0";"2";"1";"2";"0";""
"201900050609";"138 210 984";"A01";"3";"7";"0";"1";"4";"4";"1";""
"201900050610";"138 210 978";"B01";"3";"7";"0";"2";"8";"0";"0";""
"201900050610";"138 210 979";"A01";"3";"7";"0";"2";"1";"2";"0";""
"201900050611";"138 210 976";"B01";"3";"7";"0";"2";"2";"16";"1";""
"201900050611";"138 210 977";"A01";"3";"34";"0";"2";"3";"18";"1";""
"201900050612";"138 210 974";"A01";"1";"7";"0";"2";"3";"15";"1";""
"201900050612";"138 210 975";"B01";"1";"32";"0";"2";"2";"1";"1";""
"201900050613";"138 210 971";"B01";"3";"7";"0";"2";"4";"23";"0";""
"201900050613";"138 210 973";"A01";"3";"34";"0";"2";"1";"2";"1";""
"201900050614";"138 210 970";"A01";"1";"7";"0";"2";"1";"19";"1";""
"201900050614";"138 210 972";"B01";"1";"7";"0";"0";"0";"0";"0";""
"201900050615";"138 210 966";"A01";"2";"7";"0";"2";"1";"13";"0";""
"201900050615";"138 210 968";"B01";"1";"33";"0";"2";"9";"2";"0";""
"201900050616";"138 210 967";"A01";"0";"7";"0";"1";"1";"1";"1";""
"201900050617";"138 210 964";"A01";"1";"7";"0";"2";"8";"10";"1";""
"201900050617";"138 210 965";"B01";"1";"34";"0";"2";"1";"2";"1";""
"201900050618";"138 210 963";"A01";"1";"7";"0";"1";"1";"1";"0";""
"201900050619";"138 210 960";"B01";"3";"7";"0";"2";"4";"2";"1";""
"201900050619";"138 210 961";"A01";"3";"13";"0";"2";"1";"2";"1";""
"201900050620";"138 210 957";"A01";"3";"7";"2";"0";"1";"14";"1";""
"201900050621";"138 210 959";"A01";"2";"1";"0";"2";"1";"2";"5";""
"201900050621";"138 210 962";"B01";"2";"37";"0";"6";"6";"23";"1";"1"
"201900050622";"138 210 955";"B01";"3";"7";"0";"2";"3";"26";"1";""
"201900050622";"138 210 956";"A01";"3";"10";"0";"2";"3";"13";"1";""
"201900050623";"138 210 952";"B01";"2";"33";"0";"2";"7";"1";"1";""
"201900050623";"138 210 953";"A01";"2";"7";"0";"2";"4";"4";"0";""
"201900050624";"138 210 951";"Z01";"1";"10";"0";"2";"3";"15";"0";""
"201900050624";"138 210 954";"A01";"1";"31";"0";"2";"1";"19";"1";""
"201900050625";"138 210 950";"A01";"1";"7";"0";"1";"4";"4";"0";""
"201900050626";"138 210 948";"B01";"2";"1";"0";"0";"4";"2";"5";""
"201900050626";"138 210 949";"A01";"2";"7";"0";"9";"2";"2";"1";""
"201900050627";"138 210 944";"A01";"0";"7";"0";"2";"3";"13";"1";""
"201900050627";"138 210 945";"B01";"0";"10";"0";"2";"3";"1";"1";""
"201900050628";"138 210 946";"A01";"2";"7";"0";"2";"6";"10";"1";""
"201900050628";"138 210 947";"B01";"2";"2";"0";"2";"1";"17";"1";""
"201900050629";"138 210 942";"A01";"2";"7";"0";"0";"8";"1";"1";""
"201900050629";"138 210 943";"B01";"1";"2";"0";"0";"3";"1";"1";""
"201900050630";"138 210 939";"B01";"1";"7";"0";"9";"3";"1";"1";""
"201900050630";"138 210 940";"A01";"1";"1";"0";"2";"3";"13";"5";""
"201900050631";"138 210 938";"B01";"1";"2";"0";"2";"8";"1";"1";""
"201900050631";"138 210 941";"A01";"1";"10";"0";"2";"1";"15";"1";""
"201900050632";"138 210 936";"A01";"2";"10";"0";"2";"5";"15";"1";""
"201900050632";"138 210 937";"B01";"1";"7";"0";"2";"1";"1";"1";""
"201900050633";"138 210 933";"A01";"2";"7";"0";"0";"0";"0";"1";""
"201900050634";"138 210 931";"A01";"1";"7";"0";"2";"3";"26";"1";""
"201900050634";"138 210 932";"B01";"2";"80";"0";"2";"1";"1";"3";""
"201900050635";"138 210 929";"B01";"1";"33";"0";"2";"1";"1";"1";""
"201900050635";"138 210 930";"A01";"2";"7";"0";"0";"7";"15";"1";""
"201900050636";"138 210 925";"B01";"2";"7";"0";"0";"4";"1";"0";""
"201900050636";"138 210 926";"A01";"2";"7";"0";"2";"1";"2";"0";""
"201900050637";"138 210 927";"A01";"1";"7";"0";"2";"1";"1";"1";""
"201900050637";"138 210 928";"B01";"3";"1";"0";"2";"8";"1";"5";""
"201900050638";"138 210 924";"A01";"3";"7";"8";"0";"2";"1";"1";""
"201900050639";"138 210 923";"A01";"3";"36";"0";"0";"0";"0";"0";""
"201900050640";"138 210 922";"A01";"3";"33";"0";"1";"1";"1";"1";""
"201900050641";"138 210 921";"A01";"0";"31";"16";"0";"8";"1";"1";""
"201900050642";"138 210 918";"A01";"1";"33";"0";"0";"7";"16";"1";""
"201900050643";"138 210 915";"A01";"1";"2";"8";"0";"2";"1";"1";""
"201900050644";"138 210 911";"B01";"2";"10";"0";"2";"2";"1";"1";""
"201900050644";"138 210 913";"A01";"3";"2";"0";"2";"3";"15";"1";""
"201900050645";"138 210 908";"B01";"2";"10";"0";"2";"4";"15";"1";""
"201900050645";"138 210 909";"A01";"2";"33";"0";"2";"1";"17";"1";""
"201900050646";"138 210 905";"B01";"3";"7";"0";"2";"3";"1";"1";""
"201900050646";"138 210 906";"A01";"3";"7";"0";"2";"3";"17";"1";""
"201900050647";"138 210 903";"A01";"2";"33";"2";"0";"1";"1";"1";""
"201900050648";"138 210 902";"A01";"0";"30";"15";"0";"3";"26";"1";""
"201900050649";"138 210 900";"A01";"1";"7";"1";"1";"1";"13";"1";""
"201900050650";"138 210 898";"A01";"2";"33";"0";"9";"1";"13";"1";""
"201900050650";"138 210 899";"B01";"1";"1";"0";"0";"1";"1";"5";""
"201900050651";"138 210 897";"A01";"1";"7";"1";"1";"2";"1";"1";""
"201900050652";"138 210 896";"A01";"2";"7";"2";"0";"2";"14";"1";""
"201900050653";"138 210 893";"A01";"3";"2";"0";"2";"0";"9";"0";""
"201900050653";"138 210 894";"B01";"3";"7";"0";"2";"1";"1";"0";""
"201900050654";"138 210 891";"A01";"2";"33";"4";"0";"1";"1";"1";""
"201900050654";"138 210 892";"C01";"1";"7";"4";"0";"3";"1";"1";""
"201900050654";"138 210 895";"B01";"1";"7";"4";"0";"1";"1";"1";""
"201900050655";"138 210 889";"B01";"1";"7";"0";"2";"3";"13";"0";""
"201900050655";"138 210 890";"A01";"2";"7";"0";"2";"8";"1";"0";""
"201900050656";"138 210 888";"A01";"2";"34";"4";"0";"1";"1";"1";""
"201900050657";"138 210 887";"A01";"1";"7";"8";"0";"9";"14";"0";""
"201900050658";"138 210 885";"A01";"1";"34";"0";"0";"2";"1";"1";""
"201900050659";"138 210 884";"A01";"1";"7";"0";"2";"3";"1";"1";""
"201900050659";"138 210 886";"B01";"2";"7";"0";"2";"3";"13";"1";""
"201900050660";"138 210 882";"A01";"2";"7";"0";"2";"2";"15";"1";""
"201900050660";"138 210 883";"B01";"1";"7";"0";"2";"1";"1";"1";""
"201900050661";"138 210 877";"A01";"1";"33";"0";"2";"1";"17";"1";""
"201900050661";"138 210 878";"B01";"2";"7";"0";"2";"3";"15";"1";""
"201900050662";"138 210 880";"A01";"0";"7";"0";"2";"1";"1";"0";""
"201900050662";"138 210 881";"B01";"0";"33";"0";"2";"1";"1";"0";""
"201900050663";"138 210 873";"B01";"2";"7";"0";"2";"2";"1";"1";""
"201900050663";"138 210 875";"A01";"1";"1";"0";"0";"3";"19";"5";""
"201900050664";"138 210 872";"B01";"0";"7";"0";"2";"4";"23";"1";""
"201900050664";"138 210 874";"A01";"0";"7";"0";"2";"1";"1";"1";""
"201900050665";"138 210 871";"A01";"2";"7";"2";"0";"3";"1";"1";""
"201900050666";"138 210 867";"A01";"1";"7";"0";"2";"2";"0";"1";""
"201900050666";"138 210 870";"B01";"3";"7";"0";"2";"3";"15";"1";""
"201900050667";"138 210 864";"A01";"1";"10";"0";"2";"1";"1";"1";""
"201900050667";"138 210 866";"B01";"1";"15";"0";"0";"4";"1";"1";""
"201900050668";"138 210 862";"B01";"1";"7";"0";"2";"1";"1";"1";""
"201900050668";"138 210 863";"D01";"2";"7";"0";"2";"4";"2";"1";""
"201900050668";"138 210 865";"A01";"2";"7";"0";"2";"1";"2";"1";""
"201900050668";"138 210 868";"C01";"2";"3";"0";"2";"4";"1";"1";""
"201900050668";"138 210 869";"E01";"2";"7";"0";"2";"4";"2";"1";""
"201900050669";"138 210 860";"A01";"3";"7";"0";"2";"2";"13";"1";""
"201900050669";"138 210 861";"B01";"3";"7";"0";"2";"1";"1";"1";""
"201900050670";"138 210 858";"B01";"2";"1";"0";"2";"4";"0";"6";""
"201900050670";"138 210 859";"A01";"2";"7";"0";"2";"1";"0";"1";""
"201900050671";"138 210 857";"A01";"2";"7";"0";"1";"1";"1";"1";""
"201900050672";"138 210 856";"Z01";"1";"7";"0";"1";"1";"9";"0";""
"201900050673";"138 210 855";"A01";"2";"7";"13";"0";"8";"1";"1";""
"201900050674";"138 210 849";"B01";"3";"7";"0";"2";"1";"1";"1";""
"201900050674";"138 210 850";"C01";"0";"7";"0";"2";"1";"1";"1";""
"201900050674";"138 210 852";"A01";"0";"7";"0";"2";"5";"19";"1";""
"201900050675";"138 210 848";"A01";"2";"7";"13";"0";"1";"16";"1";""
"201900050676";"138 210 845";"A01";"1";"7";"0";"2";"1";"15";"1";""
"201900050676";"138 210 846";"B01";"2";"33";"0";"2";"8";"1";"1";""
"201900050677";"138 210 844";"A01";"2";"7";"15";"0";"1";"26";"1";""
"201900050678";"138 210 843";"A01";"2";"7";"0";"1";"2";"16";"1";""
"201900050678";"138 210 847";"B01";"3";"1";"0";"2";"4";"6";"0";""
"201900050679";"138 210 841";"A01";"2";"7";"0";"1";"2";"26";"6";""
"201900050680";"138 210 840";"B01";"1";"33";"0";"0";"2";"17";"0";""
"201900050680";"138 210 842";"A01";"1";"7";"0";"0";"8";"15";"0";""
"201900050681";"138 210 838";"A01";"1";"7";"8";"9";"1";"1";"1";""
"201900050682";"138 210 839";"A01";"2";"7";"1";"0";"3";"26";"1";""
"201900050683";"138 210 837";"A01";"2";"7";"13";"0";"3";"0";"1";""
"201900050684";"138 210 835";"A01";"1";"7";"0";"1";"1";"1";"1";""
"201900050685";"138 210 834";"A01";"1";"7";"0";"2";"1";"26";"1";""
"201900050685";"138 210 836";"B01";"2";"10";"0";"2";"1";"21";"1";""
"201900050686";"138 210 833";"A01";"2";"7";"0";"1";"1";"17";"1";""
"201900050687";"138 210 832";"A01";"2";"31";"8";"0";"1";"1";"1";""
"201900050688";"138 210 830";"A01";"1";"7";"0";"2";"2";"15";"1";""
"201900050688";"138 210 831";"B01";"2";"2";"0";"2";"1";"1";"1";""
"201900050689";"138 210 828";"B01";"0";"7";"0";"2";"1";"1";"1";""
"201900050689";"138 210 829";"A01";"0";"7";"0";"2";"1";"21";"1";""
"201900050690";"138 210 827";"A01";"1";"7";"0";"1";"5";"17";"1";""
"201900050691";"138 210 826";"A01";"1";"0";"0";"1";"1";"1";"1";""
"201900050692";"138 210 823";"A01";"3";"7";"0";"0";"7";"1";"1";""
"201900050692";"138 210 824";"B01";"3";"7";"0";"0";"3";"1";"1";""
"201900050693";"138 210 822";"A01";"3";"7";"13";"0";"8";"1";"6";""
"201900050694";"138 210 821";"B01";"1";"7";"0";"2";"4";"2";"1";""
"201900050694";"138 210 825";"A01";"1";"7";"0";"2";"1";"2";"1";""
"201900050695";"138 210 818";"B01";"0";"7";"0";"2";"6";"1";"1";""
"201900050695";"138 210 820";"A01";"0";"7";"0";"2";"3";"5";"1";""
"201900050696";"138 210 817";"B01";"2";"7";"0";"2";"3";"1";"1";""
"201900050696";"138 210 819";"A01";"1";"1";"0";"2";"1";"19";"5";""
"201900050697";"138 210 814";"B01";"3";"7";"0";"2";"3";"1";"1";""
"201900050697";"138 210 816";"A01";"3";"7";"0";"2";"3";"1";"1";""
"201900050698";"138 210 813";"A01";"1";"7";"0";"2";"1";"1";"1";""
"201900050698";"138 210 815";"Z01";"2";"7";"0";"2";"1";"15";"1";""
"201900050699";"138 210 811";"B01";"0";"7";"0";"2";"1";"1";"1";""
"201900050699";"138 210 812";"A01";"0";"7";"0";"2";"1";"15";"1";""
"201900050700";"138 210 808";"A01";"1";"33";"0";"0";"0";"1";"1";""
"201900050701";"138 210 809";"B01";"1";"1";"1";"0";"1";"1";"5";""
"201900050701";"138 210 810";"A01";"1";"7";"0";"2";"8";"24";"1";""
"201900050702";"138 210 807";"A01";"1";"31";"5";"0";"1";"15";"1";""
"201900050703";"138 210 806";"A01";"2";"7";"13";"0";"3";"1";"1";""
"201900050704";"138 210 805";"A01";"0";"7";"2";"0";"7";"1";"0";""
"201900050705";"138 210 803";"A01";"3";"7";"0";"2";"7";"16";"1";""
"201900050705";"138 210 804";"B01";"3";"1";"0";"2";"1";"1";"5";""
"201900050706";"138 210 801";"B01";"1";"33";"0";"2";"1";"1";"1";""
"201900050706";"138 210 802";"A01";"2";"33";"0";"2";"1";"5";"1";""
"201900050707";"138 210 799";"A01";"3";"15";"0";"0";"2";"24";"1";""
"201900050708";"138 210 798";"B01";"2";"33";"0";"2";"1";"1";"1";""
"201900050708";"138 210 800";"A01";"1";"7";"0";"2";"8";"10";"1";""
"201900050709";"138 210 796";"A01";"3";"10";"0";"1";"1";"1";"1";""
"201900050710";"138 210 795";"A01";"1";"2";"0";"2";"1";"2";"1";""
"201900050710";"138 210 797";"B01";"1";"7";"0";"2";"4";"2";"0";""
"201900050711";"138 210 793";"B01";"2";"7";"0";"2";"1";"1";"1";""
"201900050711";"138 210 794";"A01";"1";"7";"0";"2";"1";"17";"1";""
"201900050712";"138 210 789";"B01";"2";"7";"0";"2";"3";"1";"1";""
"201900050712";"138 210 790";"A01";"1";"7";"0";"2";"2";"15";"1";""
"201900050713";"138 210 791";"B01";"1";"7";"0";"2";"5";"15";"1";""
"201900050713";"138 210 792";"A01";"1";"7";"0";"2";"3";"2";"1";""
"201900050714";"138 210 786";"A01";"1";"7";"0";"2";"2";"2";"1";""
"201900050714";"138 210 788";"B01";"1";"7";"0";"0";"6";"23";"1";""
"201900050715";"138 210 784";"B01";"1";"7";"0";"0";"6";"2";"0";""
"201900050715";"138 210 785";"A01";"1";"7";"0";"2";"3";"2";"0";""
"201900050716";"138 210 783";"A01";"2";"7";"3";"0";"7";"1";"1";""
"201900050717";"138 210 782";"A01";"1";"7";"4";"0";"3";"17";"1";""
"201900050718";"138 210 781";"A01";"1";"2";"11";"0";"1";"17";"1";""
"201900050719";"138 210 780";"A01";"2";"7";"0";"2";"1";"1";"1";""
"201900050719";"138 210 787";"B01";"2";"7";"0";"2";"4";"15";"1";""
"201900050720";"138 210 779";"A01";"2";"7";"0";"0";"0";"0";"1";""
"201900050721";"138 210 777";"A01";"2";"7";"0";"2";"1";"26";"1";""
"201900050721";"138 210 778";"B01";"1";"1";"0";"2";"1";"1";"5";""
"201900050722";"138 210 773";"B01";"2";"7";"0";"2";"4";"23";"1";""
"201900050722";"138 210 774";"A01";"2";"30";"0";"2";"1";"2";"1";""
"201900050723";"138 210 775";"B01";"2";"1";"0";"2";"7";"15";"5";""
"201900050723";"138 210 776";"A01";"1";"7";"0";"2";"1";"1";"1";""
"201900050724";"138 210 771";"B01";"1";"7";"0";"2";"5";"15";"1";""
"201900050724";"138 210 772";"A01";"1";"7";"0";"2";"2";"1";"1";""
"201900050725";"138 210 768";"C01";"2";"7";"0";"2";"3";"1";"1";""
"201900050725";"138 210 769";"B01";"2";"7";"0";"2";"2";"1";"1";""
"201900050725";"138 210 770";"A01";"1";"7";"0";"2";"1";"13";"1";""
"201900050726";"138 210 765";"A01";"1";"7";"0";"2";"1";"1";"1";""
"201900050726";"138 210 766";"B01";"2";"7";"0";"2";"1";"1";"1";""
"201900050727";"138 210 763";"B01";"2";"1";"0";"2";"1";"1";"5";""
"201900050727";"138 210 764";"A01";"2";"7";"0";"9";"3";"15";"1";""
"201900050728";"138 210 762";"B01";"2";"7";"0";"2";"1";"1";"1";""
"201900050728";"138 210 767";"A01";"1";"7";"0";"2";"8";"19";"1";""
"201900050729";"138 210 760";"B01";"2";"7";"0";"2";"4";"2";"0";""
"201900050729";"138 210 761";"A01";"2";"10";"0";"2";"1";"2";"0";""
"201900050730";"138 210 756";"B01";"3";"7";"0";"2";"7";"1";"1";""
"201900050730";"138 210 759";"A01";"3";"2";"0";"2";"1";"1";"1";""
"201900050731";"138 210 753";"A01";"2";"7";"0";"2";"1";"13";"0";""
"201900050731";"138 210 754";"B01";"1";"7";"0";"2";"3";"1";"1";""
"201900050731";"138 210 755";"C01";"1";"7";"0";"2";"1";"1";"1";""