"Num_Acc";"id_vehicule";"num_veh";"senc";"catv";"obs";"obsm";"choc";"manv";"motor";"occutc"
"201900051149";"138 209 988";"A01";"3";"7";"0";"2";"3";"26";"1";""
"201900051150";"138 209 986";"A01";"1";"7";"2";"0";"2";"14";"1";""
"201900051151";"138 209 984";"A01";"2";"30";"0";"2";"2";"15";"1";""
"201900051151";"138 209 985";"B01";"1";"7";"0";"2";"6";"1";"1";""
"201900051152";"138 209 983";"A01";"3";"7";"0";"0";"0";"1";"1";""
"201900051153";"138 209 982";"A01";"2";"7";"0";"0";"1";"1";"1";""
"201900051154";"138 209 980";"A01";"3";"15";"0";"2";"7";"16";"1";""
"201900051154";"138 209 981";"B01";"3";"7";"0";"2";"2";"1";"1";""
"201900051155";"138 209 979";"A01";"1";"7";"4";"0";"1";"1";"1";""
"201900051156";"138 209 978";"A01";"2";"7";"0";"1";"1";"1";"1";""
"201900051157";"138 209 977";"A01";"2";"7";"0";"1";"2";"14";"1";""
"201900051158";"138 209 974";"C01";"1";"7";"0";"2";"1";"2";"1";""
"201900051158";"138 209 975";"B01";"2";"7";"0";"2";"8";"15";"1";""
"201900051158";"138 209 976";"A01";"1";"33";"0";"2";"1";"17";"1";""
"201900051159";"138 209 972";"A01";"1";"1";"0";"2";"2";"1";"5";""
"201900051159";"138 209 973";"B01";"1";"7";"0";"2";"3";"1";"1";""
"201900051160";"138 209 969";"C01";"2";"7";"0";"2";"1";"1";"1";""
"201900051160";"138 209 970";"B01";"1";"7";"0";"2";"6";"2";"1";""
"201900051160";"138 209 971";"A01";"1";"33";"0";"2";"1";"17";"1";""
"201900051161";"138 209 968";"A01";"1";"1";"0";"0";"8";"23";"5";""
"201900051162";"138 209 965";"A01";"1";"10";"0";"2";"1";"1";"1";""
"201900051162";"138 209 966";"B01";"1";"7";"0";"2";"4";"23";"1";""
"201900051162";"138 209 967";"C01";"1";"7";"0";"2";"6";"1";"1";""
"201900051163";"138 209 964";"A01";"1";"7";"12";"0";"2";"1";"1";""
"201900051164";"138 209 962";"B01";"3";"7";"0";"2";"4";"1";"1";""
"201900051164";"138 209 963";"A01";"3";"7";"0";"2";"1";"1";"1";""
"201900051165";"138 209 960";"A01";"1";"10";"0";"2";"1";"2";"0";""
"201900051165";"138 209 961";"B01";"1";"7";"0";"2";"4";"23";"1";""
"201900051166";"138 209 958";"B01";"3";"7";"0";"2";"1";"1";"1";""
"201900051166";"138 209 959";"A01";"3";"7";"0";"2";"7";"1";"1";""
"201900051167";"138 209 957";"A01";"1";"7";"6";"0";"1";"13";"1";""
"201900051168";"138 209 954";"A01";"3";"7";"0";"2";"1";"9";"1";""
"201900051168";"138 209 955";"B01";"3";"1";"0";"0";"0";"0";"0";""
"201900051169";"138 209 952";"A01";"3";"1";"0";"2";"1";"16";"0";""
"201900051169";"138 209 953";"B01";"1";"7";"0";"2";"2";"1";"1";""
"201900051170";"138 209 950";"B01";"3";"1";"0";"2";"0";"0";"5";""
"201900051170";"138 209 951";"A01";"3";"7";"0";"2";"2";"15";"0";""
"201900051171";"138 209 946";"D01";"1";"15";"14";"0";"4";"1";"6";""
"201900051171";"138 209 947";"C01";"1";"7";"0";"2";"4";"1";"1";""
"201900051171";"138 209 948";"B01";"1";"7";"0";"2";"4";"1";"1";""
"201900051171";"138 209 949";"A01";"1";"7";"0";"2";"1";"2";"1";""
"201900051172";"138 209 945";"A01";"3";"7";"0";"1";"3";"1";"1";""
"201900051173";"138 209 943";"A01";"1";"7";"0";"2";"2";"26";"1";""
"201900051173";"138 209 944";"B01";"1";"1";"0";"2";"3";"19";"5";""
"201900051174";"138 209 940";"C01";"1";"7";"0";"2";"4";"23";"1";""
"201900051174";"138 209 941";"B01";"1";"7";"0";"2";"4";"2";"1";""
"201900051174";"138 209 942";"A01";"1";"7";"0";"2";"1";"2";"1";""
"201900051175";"138 209 938";"B01";"3";"2";"0";"2";"3";"1";"1";""
"201900051175";"138 209 939";"A01";"3";"7";"0";"2";"5";"1";"1";""
"201900051176";"138 209 936";"A01";"1";"7";"0";"2";"8";"22";"1";""
"201900051176";"138 209 937";"B01";"1";"37";"1";"0";"7";"1";"1";"1"
"201900051177";"138 209 934";"A01";"3";"7";"0";"2";"0";"9";"1";""
"201900051177";"138 209 935";"B01";"3";"50";"0";"2";"0";"9";"3";""
"201900051178";"138 209 932";"A01";"1";"7";"0";"2";"3";"1";"1";""
"201900051178";"138 209 933";"B01";"1";"7";"0";"2";"4";"1";"1";""
"201900051179";"138 209 930";"A01";"3";"7";"0";"2";"1";"2";"1";""
"201900051179";"138 209 931";"B01";"3";"33";"0";"2";"4";"23";"1";""
"201900051180";"138 209 929";"A01";"3";"7";"12";"0";"1";"1";"1";""
"201900051181";"138 209 928";"A01";"1";"7";"9";"0";"1";"13";"1";""
"201900051182";"138 209 926";"Z01";"3";"0";"0";"2";"0";"0";"0";""
"201900051182";"138 209 927";"B01";"3";"1";"0";"2";"1";"25";"5";""
"201900051183";"138 209 924";"B01";"1";"7";"0";"2";"4";"23";"1";""
"201900051183";"138 209 925";"A01";"1";"7";"0";"2";"1";"1";"1";""
"201900051184";"138 209 921";"C01";"1";"7";"0";"2";"0";"26";"3";""
"201900051184";"138 209 922";"B01";"1";"10";"3";"2";"3";"1";"1";""
"201900051184";"138 209 923";"A01";"1";"7";"0";"2";"2";"14";"1";""
"201900051185";"138 209 918";"B01";"1";"7";"0";"2";"8";"1";"1";""
"201900051185";"138 209 919";"C01";"1";"7";"0";"2";"2";"1";"1";""
"201900051185";"138 209 920";"A01";"2";"7";"0";"2";"1";"13";"1";""
"201900051186";"138 209 916";"A01";"2";"7";"0";"2";"1";"2";"1";""
"201900051186";"138 209 917";"B01";"2";"7";"0";"2";"4";"23";"1";""
"201900051187";"138 209 914";"B01";"2";"7";"0";"2";"1";"1";"0";""
"201900051187";"138 209 915";"A01";"1";"7";"0";"2";"2";"15";"0";""
"201900051188";"138 209 912";"B01";"2";"32";"0";"2";"2";"1";"1";""
"201900051188";"138 209 913";"A01";"1";"7";"0";"2";"2";"10";"1";""
"201900051189";"138 209 910";"A01";"2";"7";"1";"2";"2";"19";"1";""
"201900051189";"138 209 911";"B01";"1";"10";"6";"2";"1";"1";"1";""
"201900051190";"138 209 908";"A01";"2";"7";"0";"2";"2";"16";"1";""
"201900051190";"138 209 909";"B01";"2";"1";"0";"2";"1";"0";"0";""
"201900051191";"138 209 907";"B01";"2";"7";"0";"1";"1";"1";"1";""
"201900051192";"138 209 905";"A01";"2";"32";"0";"2";"2";"1";"1";""
"201900051192";"138 209 906";"B01";"1";"7";"0";"2";"3";"19";"1";""
"201900051193";"138 209 903";"A01";"1";"7";"0";"2";"6";"11";"0";""
"201900051193";"138 209 904";"B01";"1";"7";"0";"2";"1";"2";"0";""
"201900051194";"138 209 900";"A01";"1";"7";"0";"2";"1";"1";"0";""
"201900051194";"138 209 901";"C01";"1";"7";"0";"2";"4";"23";"1";""
"201900051194";"138 209 902";"B01";"1";"7";"0";"2";"4";"23";"1";""
"201900051195";"138 209 898";"A01";"2";"32";"0";"2";"1";"18";"1";""
"201900051195";"138 209 899";"B01";"2";"10";"0";"2";"7";"16";"1";""
"201900051196";"138 209 896";"B01";"0";"34";"0";"2";"1";"1";"1";""
"201900051196";"138 209 897";"A01";"2";"7";"0";"2";"1";"15";"1";""
"201900051197";"138 209 894";"A01";"1";"33";"0";"2";"1";"2";"1";""
"201900051197";"138 209 895";"B01";"1";"10";"0";"2";"4";"2";"1";""
"201900051198";"138 209 892";"B01";"1";"7";"0";"2";"4";"2";"0";""
"201900051198";"138 209 893";"A01";"1";"7";"0";"2";"1";"2";"0";""
"201900051199";"138 209 890";"B01";"2";"7";"0";"2";"1";"1";"1";""
"201900051199";"138 209 891";"A01";"1";"1";"0";"2";"0";"19";"5";""
"201900051200";"138 209 888";"A01";"2";"1";"0";"2";"2";"1";"5";""
"201900051200";"138 209 889";"B01";"2";"31";"0";"2";"1";"1";"1";""
"201900051201";"138 209 886";"B01";"1";"33";"0";"2";"2";"2";"1";""
"201900051201";"138 209 887";"A01";"1";"33";"0";"2";"3";"13";"1";""
"201900051202";"138 209 885";"A01";"1";"7";"0";"1";"1";"1";"1";""
"201900051203";"138 209 884";"A01";"2";"7";"0";"1";"1";"16";"1";""
"201900051204";"138 209 879";"B01";"0";"7";"0";"2";"1";"1";"1";""
"201900051204";"138 209 880";"A01";"0";"7";"0";"2";"6";"1";"1";""
"201900051205";"138 209 877";"A01";"0";"7";"0";"2";"3";"1";"1";""
"201900051205";"138 209 878";"B01";"0";"30";"0";"2";"1";"1";"1";""
"201900051206";"138 209 875";"B01";"2";"7";"0";"2";"1";"1";"1";""
"201900051206";"138 209 876";"A01";"1";"31";"0";"2";"2";"15";"1";""
"201900051207";"138 209 873";"B01";"0";"7";"0";"2";"8";"1";"1";""
"201900051207";"138 209 874";"A01";"0";"7";"0";"2";"1";"1";"1";""
"201900051208";"138 209 872";"A01";"0";"31";"8";"0";"1";"1";"1";""
"201900051209";"138 209 871";"A01";"1";"7";"4";"0";"1";"13";"1";""
"201900051210";"138 209 869";"B01";"1";"1";"0";"2";"1";"1";"5";""
"201900051210";"138 209 870";"A01";"1";"7";"0";"2";"6";"1";"1";""
"201900051211";"138 209 867";"A01";"1";"33";"0";"2";"5";"17";"1";""
"201900051211";"138 209 868";"B01";"1";"1";"0";"0";"8";"15";"5";""
"201900051212";"138 209 865";"B01";"0";"10";"0";"2";"2";"1";"1";""
"201900051212";"138 209 866";"A01";"0";"31";"0";"2";"3";"1";"6";""
"201900051213";"138 209 863";"B01";"0";"7";"0";"2";"1";"1";"1";""
"201900051213";"138 209 864";"A01";"0";"7";"8";"2";"8";"1";"1";""
"201900051214";"138 209 861";"A01";"0";"7";"0";"2";"1";"1";"1";""
"201900051214";"138 209 862";"B01";"0";"1";"0";"2";"1";"1";"5";""
"201900051215";"138 209 859";"A01";"3";"10";"0";"0";"4";"24";"1";""
"201900051215";"138 209 860";"B01";"1";"1";"1";"0";"1";"1";"5";""
"201900051216";"138 209 857";"A01";"0";"50";"0";"2";"1";"1";"3";""
"201900051216";"138 209 858";"B01";"0";"1";"0";"2";"0";"1";"5";""
"201900051217";"138 209 855";"B01";"0";"7";"0";"2";"1";"1";"1";""
"201900051217";"138 209 856";"A01";"0";"10";"0";"2";"1";"1";"1";""
"201900051218";"138 209 853";"A01";"2";"1";"0";"2";"0";"1";"5";""
"201900051218";"138 209 854";"B01";"2";"7";"0";"2";"6";"1";"1";""
"201900051219";"138 209 852";"A01";"1";"7";"2";"1";"1";"1";"1";""
"201900051220";"138 209 850";"B01";"1";"7";"0";"2";"4";"1";"1";""
"201900051220";"138 209 851";"A01";"1";"7";"0";"2";"1";"1";"1";""
"201900051221";"138 209 849";"A01";"0";"1";"0";"1";"1";"1";"1";""
"201900051222";"138 209 847";"B01";"0";"7";"0";"2";"3";"1";"1";""
"201900051222";"138 209 848";"A01";"0";"7";"0";"2";"4";"20";"1";""
"201900051223";"138 209 845";"A01";"2";"7";"0";"2";"1";"1";"1";""
"201900051223";"138 209 846";"B01";"0";"1";"0";"2";"8";"19";"5";""
"201900051224";"138 209 843";"B01";"2";"7";"0";"2";"6";"1";"1";""
"201900051224";"138 209 844";"A01";"2";"7";"0";"2";"2";"1";"1";""
"201900051225";"138 209 842";"A01";"0";"30";"1";"0";"1";"1";"1";""
"201900051226";"138 209 840";"B01";"0";"60";"0";"2";"2";"19";"0";""
"201900051226";"138 209 841";"A01";"0";"10";"0";"1";"3";"16";"1";""
"201900051227";"138 209 839";"A01";"0";"7";"1";"0";"3";"1";"1";""
"201900051228";"138 209 835";"A01";"1";"7";"0";"2";"1";"1";"1";""
"201900051228";"138 209 836";"B01";"1";"7";"0";"2";"4";"1";"1";""
"201900051228";"138 209 837";"C01";"1";"7";"0";"2";"4";"1";"1";""
"201900051228";"138 209 838";"D01";"1";"7";"0";"2";"4";"2";"1";""
"201900051229";"138 209 834";"A01";"0";"40";"0";"1";"2";"1";"3";""
"201900051230";"138 209 832";"A01";"1";"1";"0";"2";"0";"1";"5";""
"201900051230";"138 209 833";"B01";"1";"50";"0";"2";"0";"1";"3";""
"201900051231";"138 209 831";"A01";"0";"32";"0";"1";"1";"1";"1";""
"201900051232";"138 209 829";"B01";"1";"2";"0";"2";"0";"1";"1";""
"201900051232";"138 209 830";"A01";"1";"7";"0";"2";"0";"1";"1";""
"201900051233";"138 209 826";"C01";"0";"7";"0";"2";"4";"1";"1";""
"201900051233";"138 209 827";"B01";"0";"7";"0";"2";"4";"1";"1";""
"201900051233";"138 209 828";"A01";"0";"7";"0";"2";"1";"1";"1";""
"201900051234";"138 209 824";"B01";"1";"33";"0";"2";"7";"17";"1";""
"201900051234";"138 209 825";"A01";"1";"7";"0";"2";"3";"15";"1";""
"201900051235";"138 209 821";"A01";"1";"7";"0";"2";"1";"1";"1";""
"201900051235";"138 209 822";"B01";"1";"7";"0";"2";"4";"1";"1";""
"201900051235";"138 209 823";"C01";"1";"7";"0";"2";"4";"1";"1";""
"201900051236";"138 209 820";"A01";"0";"7";"1";"0";"2";"14";"2";""
"201900051237";"138 209 818";"A01";"1";"33";"0";"2";"7";"1";"1";""
"201900051237";"138 209 819";"B01";"1";"7";"0";"2";"1";"15";"1";""
"201900051238";"138 209 816";"B01";"0";"7";"0";"2";"9";"1";"1";""
"201900051238";"138 209 817";"A01";"0";"7";"0";"2";"8";"1";"1";""
"201900051239";"138 209 814";"A01";"1";"7";"0";"2";"7";"17";"1";""
"201900051239";"138 209 815";"B01";"1";"30";"0";"2";"3";"9";"1";""
"201900051240";"138 209 813";"Z01";"0";"7";"0";"1";"0";"1";"1";""
"201900051241";"138 209 812";"A01";"0";"32";"8";"0";"1";"16";"1";""
"201900051242";"138 209 810";"A01";"0";"7";"0";"2";"8";"15";"1";""
"201900051242";"138 209 811";"B01";"0";"7";"0";"2";"1";"1";"1";""
"201900051243";"138 209 809";"A01";"1";"31";"8";"0";"8";"1";"1";""
"201900051244";"138 209 808";"A01";"0";"13";"0";"1";"2";"26";"1";""
"201900051245";"138 209 807";"A01";"1";"7";"0";"1";"2";"26";"1";""
"201900051246";"138 209 805";"A01";"0";"7";"0";"2";"2";"9";"1";""
"201900051246";"138 209 806";"B01";"0";"32";"0";"2";"0";"1";"1";""
"201900051247";"138 209 803";"B01";"2";"7";"0";"2";"3";"1";"1";""
"201900051247";"138 209 804";"A01";"2";"10";"0";"2";"0";"16";"1";""
"201900051248";"138 209 801";"B01";"2";"7";"0";"2";"3";"1";"1";""
"201900051248";"138 209 802";"A01";"1";"7";"0";"2";"3";"15";"1";""
"201900051249";"138 209 799";"B01";"0";"1";"0";"2";"0";"1";"5";""
"201900051249";"138 209 800";"Z01";"0";"7";"0";"0";"0";"0";"0";""
"201900051250";"138 209 797";"A01";"2";"7";"0";"2";"2";"15";"1";""
"201900051250";"138 209 798";"B01";"1";"32";"0";"2";"2";"1";"1";""
"201900051251";"138 209 796";"A01";"0";"7";"6";"0";"0";"1";"1";""
"201900051252";"138 209 794";"B01";"2";"2";"0";"2";"1";"1";"1";""
"201900051252";"138 209 795";"A01";"1";"7";"0";"2";"1";"15";"1";""
"201900051253";"138 209 792";"B01";"0";"7";"0";"2";"8";"19";"1";""
"201900051253";"138 209 793";"A01";"0";"33";"0";"2";"1";"1";"1";""
"201900051254";"138 209 790";"B01";"0";"1";"0";"2";"1";"1";"5";""
"201900051254";"138 209 791";"A01";"0";"1";"0";"2";"1";"26";"5";""
"201900051255";"138 209 789";"A01";"1";"3";"1";"0";"1";"1";"1";""
"201900051256";"138 209 787";"A01";"2";"7";"0";"2";"4";"23";"1";""
"201900051256";"138 209 788";"B01";"2";"7";"0";"2";"1";"1";"1";""
"201900051257";"138 209 785";"A01";"1";"31";"0";"2";"2";"17";"1";""
"201900051257";"138 209 786";"B01";"1";"1";"0";"2";"4";"15";"5";""
"201900051258";"138 209 783";"A01";"2";"7";"0";"2";"3";"15";"1";""
"201900051258";"138 209 784";"B01";"1";"33";"0";"2";"2";"1";"1";""
"201900051259";"138 209 781";"A01";"2";"7";"0";"2";"3";"15";"1";""
"201900051259";"138 209 782";"B01";"2";"33";"0";"2";"2";"1";"2";""
"201900051260";"138 209 780";"A01";"3";"7";"13";"0";"9";"14";"1";""
"201900051261";"138 209 777";"A01";"2";"7";"0";"2";"2";"14";"1";""
"201900051261";"138 209 778";"B01";"2";"7";"0";"2";"4";"1";"1";""
"201900051261";"138 209 779";"C01";"2";"7";"0";"2";"2";"1";"1";""
"201900051262";"138 209 775";"A01";"0";"33";"0";"2";"2";"17";"1";""
"201900051262";"138 209 776";"B01";"1";"7";"0";"2";"2";"9";"1";""
"201900051263";"138 209 773";"B01";"1";"80";"0";"2";"1";"1";"3";""
"201900051263";"138 209 774";"A01";"1";"10";"0";"2";"8";"22";"1";""
"201900051264";"138 209 771";"B01";"3";"7";"0";"2";"1";"1";"1";""
"201900051264";"138 209 772";"A01";"1";"7";"0";"2";"9";"9";"1";""
"201900051265";"138 209 770";"Z01";"0";"30";"0";"1";"0";"18";"6";""
"201900051266";"138 209 768";"B01";"3";"7";"0";"2";"1";"1";"1";""
"201900051266";"138 209 769";"A01";"3";"10";"0";"2";"1";"9";"1";""
"201900051267";"138 209 766";"A01";"0";"7";"0";"2";"3";"9";"1";""
"201900051267";"138 209 767";"B01";"1";"33";"0";"2";"7";"1";"1";""
"201900051268";"138 209 765";"A01";"1";"7";"6";"0";"1";"1";"1";""
"201900051269";"138 209 763";"A01";"0";"7";"0";"2";"1";"2";"1";""
"201900051269";"138 209 764";"B01";"1";"1";"0";"2";"1";"1";"5";""
"201900051270";"138 209 761";"A01";"1";"7";"0";"2";"3";"1";"1";""
"201900051270";"138 209 762";"B01";"2";"1";"0";"2";"8";"1";"5";""
"201900051271";"138 209 757";"D01";"2";"7";"0";"2";"4";"23";"1";""
"201900051271";"138 209 758";"C01";"2";"7";"0";"2";"4";"23";"1";""
"201900051271";"138 209 759";"B01";"2";"7";"0";"2";"4";"23";"1";""
"201900051271";"138 209 760";"A01";"2";"7";"0";"2";"1";"1";"1";""
"201900051272";"138 209 755";"A01";"0";"7";"0";"2";"3";"19";"1";""
"201900051272";"138 209 756";"B01";"0";"1";"0";"2";"1";"1";"5";""
"201900051273";"138 209 753";"B01";"0";"33";"0";"2";"1";"1";"1";""
"201900051273";"138 209 754";"A01";"0";"7";"0";"2";"9";"19";"1";""
"201900051274";"138 209 751";"A01";"3";"10";"0";"2";"5";"4";"1";""
"201900051274";"138 209 752";"B01";"0";"30";"0";"2";"0";"0";"0";""
"201900051275";"138 209 748";"C01";"1";"7";"0";"2";"7";"1";"1";""
"201900051275";"138 209 749";"B01";"1";"10";"0";"2";"8";"1";"1";""
"201900051275";"138 209 750";"A01";"1";"31";"0";"2";"9";"3";"1";""
"201900051276";"138 209 746";"A01";"0";"7";"0";"2";"1";"15";"1";""
"201900051276";"138 209 747";"B01";"0";"33";"0";"2";"1";"1";"1";""
"201900051277";"138 209 744";"A01";"1";"7";"0";"2";"3";"13";"1";""
"201900051277";"138 209 745";"B01";"2";"7";"0";"2";"3";"1";"1";""
"201900051278";"138 209 743";"A01";"0";"14";"0";"0";"9";"1";"1";""
"201900051279";"138 209 741";"A01";"1";"33";"0";"2";"0";"1";"1";""
"201900051279";"138 209 742";"B01";"0";"1";"0";"2";"0";"10";"5";""
"201900051280";"138 209 739";"B01";"0";"60";"0";"2";"1";"1";"5";""
"201900051280";"138 209 740";"A01";"0";"7";"0";"2";"1";"1";"1";""
"201900051281";"138 209 737";"A01";"0";"31";"0";"2";"9";"17";"1";""
"201900051281";"138 209 738";"B01";"0";"7";"0";"2";"3";"15";"1";""
"201900051282";"138 209 735";"B01";"0";"1";"0";"2";"7";"19";"5";""
"201900051282";"138 209 736";"A01";"0";"7";"0";"2";"1";"16";"1";""
"201900051283";"138 209 733";"Z01";"0";"7";"0";"2";"0";"0";"0";""
"201900051283";"138 209 734";"A01";"0";"31";"0";"2";"2";"1";"1";""
"201900051284";"138 209 732";"A01";"0";"7";"0";"1";"1";"26";"1";""
"201900051285";"138 209 731";"A01";"0";"7";"3";"0";"3";"1";"1";""
"201900051286";"138 209 729";"B01";"0";"33";"0";"2";"5";"1";"1";""
"201900051286";"138 209 730";"A01";"0";"7";"0";"2";"3";"17";"1";""
"201900051287";"138 209 727";"A01";"0";"31";"0";"2";"7";"19";"1";""
"201900051287";"138 209 728";"B01";"1";"31";"0";"2";"7";"1";"1";""
"201900051288";"138 209 726";"A01";"0";"7";"1";"0";"9";"1";"1";""
"201900051289";"138 209 724";"B01";"2";"7";"0";"2";"2";"15";"1";""
"201900051289";"138 209 725";"A01";"1";"7";"0";"2";"3";"1";"3";""
"201900051290";"138 209 721";"A01";"1";"7";"0";"2";"0";"17";"1";""
"201900051290";"138 209 722";"B01";"1";"7";"0";"2";"6";"1";"1";""
"201900051290";"138 209 723";"C01";"1";"31";"0";"2";"1";"1";"1";""
"201900051291";"138 209 719";"B01";"0";"7";"0";"2";"1";"1";"1";""
"201900051291";"138 209 720";"A01";"0";"2";"0";"2";"3";"9";"1";""
"201900051292";"138 209 717";"B01";"0";"7";"0";"2";"3";"5";"1";""
"201900051292";"138 209 718";"A01";"0";"7";"0";"2";"3";"1";"1";""
"201900051293";"138 209 715";"A01";"1";"14";"0";"2";"1";"1";"1";""
"201900051293";"138 209 716";"B01";"1";"7";"0";"2";"4";"1";"1";""
"201900051294";"138 209 714";"A01";"0";"7";"1";"0";"1";"1";"1";""
"201900051295";"138 209 713";"A01";"0";"7";"6";"0";"1";"15";"1";""
"201900051296";"138 209 711";"A01";"3";"7";"9";"0";"1";"26";"1";""
"201900051296";"138 209 712";"B01";"3";"7";"15";"0";"6";"1";"1";""
"201900051297";"138 209 709";"A01";"1";"7";"0";"2";"0";"15";"0";""
"201900051297";"138 209 710";"B01";"2";"1";"0";"2";"3";"1";"5";""
"201900051298";"138 209 707";"A01";"1";"33";"0";"2";"1";"17";"1";""
"201900051298";"138 209 708";"B01";"1";"7";"0";"2";"1";"15";"1";""
"201900051299";"138 209 699";"B01";"2";"33";"0";"2";"1";"1";"1";""
"201900051299";"138 209 700";"A01";"2";"10";"0";"2";"7";"19";"1";""
"201900051300";"138 209 698";"A01";"1";"7";"0";"1";"6";"9";"1";""
"201900051301";"138 209 697";"A01";"1";"7";"3";"0";"1";"1";"1";""
"201900051302";"138 209 696";"A01";"1";"7";"8";"0";"1";"16";"1";""
"201900051303";"138 209 695";"A01";"3";"7";"0";"1";"1";"26";"6";""
"201900051304";"138 209 693";"B01";"1";"31";"0";"2";"8";"3";"1";""
"201900051304";"138 209 694";"A01";"1";"7";"0";"2";"2";"2";"1";""
"201900051305";"138 209 691";"A01";"1";"7";"0";"2";"1";"13";"1";""
"201900051305";"138 209 692";"B01";"2";"7";"0";"2";"1";"1";"1";""
"201900051306";"138 209 690";"B01";"0";"7";"0";"1";"2";"1";"1";""
"201900051307";"138 209 688";"B01";"1";"7";"0";"2";"6";"1";"1";""
"201900051307";"138 209 689";"A01";"1";"7";"0";"2";"2";"17";"1";""
"201900051308";"138 209 686";"A01";"3";"30";"0";"2";"1";"1";"1";""
"201900051308";"138 209 687";"B01";"3";"30";"0";"2";"6";"15";"1";""
"201900051309";"138 209 684";"B01";"1";"7";"0";"2";"3";"1";"1";""
"201900051309";"138 209 685";"A01";"2";"30";"0";"2";"2";"15";"1";""
"201900051310";"138 209 682";"A01";"0";"7";"0";"2";"1";"2";"0";""
"201900051310";"138 209 683";"B01";"0";"7";"0";"0";"4";"2";"0";""
"201900051311";"138 209 680";"B01";"1";"40";"0";"2";"1";"1";"3";""
"201900051311";"138 209 681";"A01";"1";"7";"0";"4";"3";"15";"1";""
"201900051312";"138 209 679";"A01";"0";"7";"0";"1";"1";"1";"1";""
"201900051313";"138 209 677";"B01";"2";"7";"0";"2";"1";"1";"1";""
"201900051313";"138 209 678";"A01";"1";"7";"0";"2";"1";"13";"1";""
"201900051314";"138 209 675";"B01";"3";"7";"0";"2";"1";"0";"1";""
"201900051314";"138 209 676";"A01";"3";"2";"0";"2";"1";"1";"1";""
"201900051315";"138 209 671";"B01";"3";"3";"0";"2";"8";"19";"0";""
"201900051315";"138 209 672";"A01";"1";"7";"0";"2";"1";"9";"0";""
"201900051316";"138 209 669";"B01";"2";"7";"0";"2";"4";"15";"0";""
"201900051316";"138 209 670";"A01";"2";"33";"0";"2";"4";"0";"0";""
"201900051317";"138 209 665";"A01";"1";"7";"0";"1";"1";"26";"1";""
"201900051318";"138 209 663";"A01";"1";"30";"0";"2";"1";"17";"1";""
"201900051318";"138 209 664";"B01";"1";"7";"0";"2";"1";"1";"1";""
"201900051319";"138 209 658";"A01";"1";"7";"4";"0";"3";"1";"1";""
"201900051320";"138 209 653";"B01";"1";"7";"0";"2";"4";"23";"1";""
"201900051320";"138 209 654";"A01";"3";"7";"0";"2";"1";"2";"0";""
"201900051321";"138 209 651";"A01";"2";"30";"0";"2";"1";"23";"1";""
"201900051321";"138 209 652";"B01";"2";"7";"0";"2";"4";"1";"1";""
"201900051322";"138 209 647";"B01";"3";"7";"0";"2";"7";"1";"1";""
"201900051322";"138 209 648";"A01";"3";"30";"0";"2";"1";"1";"1";""
"201900051323";"138 209 646";"A01";"1";"7";"2";"0";"1";"13";"1";""
"201900051324";"138 209 645";"A01";"1";"7";"0";"1";"2";"1";"1";""
"201900051325";"138 209 644";"A01";"1";"3";"0";"1";"1";"1";"1";""
"201900051326";"138 209 643";"A01";"2";"7";"2";"0";"1";"13";"1";""
"201900051327";"138 209 641";"A01";"0";"33";"0";"1";"1";"1";"1";""
"201900051328";"138 209 640";"A01";"1";"33";"14";"0";"2";"9";"1";""
"201900051329";"138 209 637";"A01";"1";"7";"0";"2";"1";"2";"1";""
"201900051329";"138 209 638";"B01";"1";"7";"0";"2";"4";"2";"1";""
"201900051329";"138 209 639";"C01";"1";"7";"0";"2";"4";"2";"1";""
"201900051330";"138 209 635";"B01";"2";"1";"0";"2";"1";"1";"0";""
"201900051330";"138 209 636";"A01";"1";"7";"0";"2";"1";"13";"0";""
"201900051331";"138 209 631";"B01";"0";"1";"0";"2";"0";"1";"5";""
"201900051331";"138 209 632";"A01";"0";"7";"0";"2";"1";"15";"1";""
"201900051332";"138 209 627";"A01";"2";"7";"0";"2";"7";"15";"1";""
"201900051332";"138 209 628";"B01";"1";"33";"0";"2";"1";"1";"1";""
"201900051333";"138 209 625";"A01";"2";"7";"0";"2";"2";"1";"0";""
"201900051333";"138 209 626";"B01";"2";"1";"0";"2";"5";"26";"5";""
"201900051334";"138 209 623";"A01";"3";"7";"0";"2";"4";"0";"1";""
"201900051334";"138 209 624";"B01";"3";"7";"0";"2";"0";"0";"0";""
"201900051335";"138 209 618";"A01";"1";"7";"0";"1";"1";"0";"0";""
"201900051336";"138 209 617";"A01";"3";"30";"8";"0";"7";"18";"1";""
"201900051337";"138 209 616";"A01";"1";"7";"0";"1";"2";"26";"1";""
"201900051338";"138 209 615";"A01";"1";"7";"0";"1";"1";"1";"1";""
"201900051339";"138 209 614";"A01";"0";"7";"0";"1";"1";"1";"1";""
"201900051340";"138 209 613";"A01";"3";"31";"8";"0";"1";"14";"0";""
"201900051341";"138 209 610";"A01";"2";"10";"0";"1";"1";"16";"1";""
"201900051342";"138 209 608";"A01";"1";"7";"0";"0";"0";"14";"0";""
"201900051343";"138 209 606";"A01";"2";"1";"0";"2";"7";"16";"5";""
"201900051343";"138 209 607";"B01";"1";"37";"0";"2";"1";"1";"1";"2"
"201900051344";"138 209 603";"C01";"1";"7";"0";"2";"4";"1";"1";""
"201900051344";"138 209 604";"B01";"1";"7";"0";"2";"4";"1";"1";""