"Num_Acc";"id_vehicule";"num_veh";"senc";"catv";"obs";"obsm";"choc";"manv";"motor";"occutc"
"201900051541";"138 209 213";"B01";"1";"7";"0";"2";"1";"1";"1";""
"201900051541";"138 209 214";"C01";"1";"7";"0";"2";"1";"2";"1";""
"201900051542";"138 209 211";"A01";"3";"10";"13";"0";"2";"1";"1";""
"201900051543";"138 209 210";"A01";"2";"7";"0";"1";"1";"1";"1";""
"201900051544";"138 209 208";"B01";"2";"7";"0";"2";"8";"1";"0";""
"201900051544";"138 209 209";"A01";"1";"7";"0";"2";"1";"1";"0";""
"201900051545";"138 209 206";"A01";"1";"7";"0";"2";"1";"1";"1";""
"201900051545";"138 209 207";"B01";"1";"32";"0";"2";"1";"1";"1";""
"201900051546";"138 209 204";"A01";"1";"1";"0";"2";"1";"9";"5";""
"201900051546";"138 209 205";"B01";"2";"7";"0";"2";"2";"1";"0";""
"201900051547";"138 209 202";"A01";"2";"7";"0";"2";"7";"19";"1";""
"201900051547";"138 209 203";"B01";"2";"7";"0";"2";"1";"1";"1";""
"201900051548";"138 209 200";"A01";"3";"7";"0";"2";"8";"15";"1";""
"201900051548";"138 209 201";"B01";"3";"33";"0";"2";"1";"17";"1";""
"201900051549";"138 209 198";"B01";"2";"32";"0";"2";"1";"7";"1";""
"201900051549";"138 209 199";"A01";"2";"7";"0";"2";"2";"12";"1";""
"201900051550";"138 209 195";"A01";"2";"7";"0";"1";"2";"1";"1";""
"201900051551";"138 209 194";"A01";"3";"7";"0";"1";"1";"15";"1";""
"201900051552";"138 209 190";"A01";"3";"7";"0";"2";"2";"2";"1";""
"201900051552";"138 209 191";"B01";"3";"2";"0";"2";"8";"1";"3";""
"201900051553";"138 209 188";"B01";"3";"37";"0";"2";"1";"1";"1";"1"
"201900051553";"138 209 189";"A01";"3";"34";"0";"2";"8";"1";"1";""
"201900051554";"138 209 186";"B01";"1";"7";"0";"2";"3";"1";"1";""
"201900051554";"138 209 187";"A01";"1";"7";"0";"2";"1";"5";"1";""
"201900051555";"138 209 185";"Z01";"1";"0";"0";"1";"3";"1";"0";""
"201900051556";"138 209 183";"A01";"3";"7";"0";"2";"3";"9";"1";""
"201900051556";"138 209 184";"B01";"3";"7";"0";"2";"2";"2";"1";""
"201900051557";"138 209 181";"A01";"1";"33";"0";"2";"9";"0";"1";""
"201900051557";"138 209 182";"B01";"1";"7";"0";"2";"8";"0";"1";""
"201900051558";"138 209 179";"A01";"1";"7";"0";"2";"1";"15";"1";""
"201900051558";"138 209 180";"B01";"1";"2";"0";"2";"1";"0";"1";""
"201900051559";"138 209 177";"A01";"3";"30";"0";"2";"1";"1";"1";""
"201900051559";"138 209 178";"B01";"3";"10";"0";"2";"3";"0";"1";""
"201900051560";"138 209 176";"A01";"2";"30";"15";"0";"3";"1";"0";""
"201900051561";"138 209 174";"B01";"3";"7";"0";"2";"8";"1";"1";""
"201900051561";"138 209 175";"A01";"3";"7";"0";"2";"2";"15";"1";""
"201900051562";"138 209 172";"B01";"3";"7";"0";"2";"1";"1";"1";""
"201900051562";"138 209 173";"A01";"3";"7";"0";"2";"5";"1";"1";""
"201900051563";"138 209 170";"A01";"0";"50";"0";"2";"2";"15";"3";""
"201900051563";"138 209 171";"B01";"3";"7";"0";"2";"3";"9";"1";""
"201900051564";"138 209 169";"Z01";"2";"7";"0";"1";"0";"1";"1";""
"201900051565";"138 209 167";"A01";"2";"7";"0";"2";"8";"1";"1";""
"201900051565";"138 209 168";"B01";"2";"33";"0";"2";"1";"1";"1";""
"201900051566";"138 209 165";"B01";"1";"2";"0";"2";"0";"1";"0";""
"201900051566";"138 209 166";"A01";"2";"7";"0";"2";"0";"1";"1";""
"201900051567";"138 209 162";"C01";"1";"7";"0";"2";"4";"2";"1";""
"201900051567";"138 209 163";"B01";"1";"7";"0";"2";"4";"2";"1";""
"201900051567";"138 209 164";"A01";"1";"7";"0";"2";"1";"1";"1";""
"201900051568";"138 209 160";"A01";"1";"7";"0";"2";"1";"1";"1";""
"201900051568";"138 209 161";"B01";"0";"10";"0";"2";"4";"1";"1";""
"201900051569";"138 209 158";"B01";"1";"7";"0";"2";"1";"1";"1";""
"201900051569";"138 209 159";"A01";"0";"2";"0";"2";"1";"13";"1";""
"201900051570";"138 209 156";"B01";"3";"1";"0";"2";"8";"1";"5";""
"201900051570";"138 209 157";"A01";"3";"7";"0";"2";"3";"15";"1";""
"201900051571";"138 209 152";"A01";"2";"7";"0";"2";"1";"1";"1";""
"201900051571";"138 209 153";"B01";"2";"7";"0";"2";"9";"1";"1";""
"201900051571";"138 209 154";"C01";"2";"7";"0";"2";"9";"1";"1";""
"201900051571";"138 209 155";"D01";"2";"7";"0";"2";"4";"1";"1";""
"201900051572";"138 209 151";"A01";"3";"7";"0";"1";"3";"16";"1";""
"201900051573";"138 209 149";"Z01";"2";"7";"0";"2";"0";"18";"0";""
"201900051573";"138 209 150";"A01";"2";"7";"0";"2";"2";"20";"1";""
"201900051574";"138 209 148";"A01";"1";"7";"2";"0";"1";"13";"1";""
"201900051575";"138 209 147";"A01";"0";"33";"3";"0";"0";"1";"1";""
"201900051576";"138 209 145";"B01";"1";"7";"0";"2";"4";"2";"1";""
"201900051576";"138 209 146";"A01";"1";"30";"0";"2";"1";"2";"1";""
"201900051577";"138 209 143";"B01";"1";"40";"0";"2";"3";"0";"0";""
"201900051577";"138 209 144";"A01";"3";"10";"0";" -1";"2";"16";"0";""
"201900051578";"138 209 141";"B01";"3";"7";"0";"2";"8";"2";"1";""
"201900051578";"138 209 142";"A01";"3";"7";"0";"2";"2";"19";"1";""
"201900051579";"138 209 138";"B01";"2";"7";"0";"2";"3";"1";"1";""
"201900051579";"138 209 139";"A01";"2";"7";"0";"2";"2";"9";"1";""
"201900051579";"138 209 140";"C01";"1";"7";"0";"2";"3";"1";"1";""
"201900051580";"138 209 136";"A01";"2";"33";"0";"2";"2";"17";"1";""
"201900051580";"138 209 137";"B01";"2";"7";"0";"2";"3";"11";"1";""
"201900051581";"138 209 134";"A01";"1";"32";"0";"1";"1";"1";"1";""
"201900051582";"138 209 131";"B01";"2";"7";"0";"2";"1";"26";"1";""
"201900051582";"138 209 133";"A01";"2";"7";"3";"0";"4";"23";"1";""
"201900051583";"138 209 130";"B01";"1";"1";"0";"2";"1";"1";"5";""
"201900051583";"138 209 132";"A01";"1";"7";"0";"2";"8";"22";"1";""
"201900051584";"138 209 129";"A01";"1";"7";"0";"1";"2";"1";"1";""
"201900051585";"138 209 128";"A01";"2";"30";"0";"1";"8";"1";"1";""
"201900051586";"138 209 126";"A01";"3";"7";"0";"2";"1";"11";"1";""
"201900051586";"138 209 127";"B01";"3";"7";"0";"2";"1";"1";"1";""
"201900051587";"138 209 124";"B01";"2";"33";"0";"2";"7";"1";"1";""
"201900051587";"138 209 125";"A01";"2";"17";"0";"2";"3";"11";"1";""
"201900051588";"138 209 122";"A01";"2";"34";"14";"0";"1";"14";"1";""
"201900051589";"138 209 121";"A01";"0";"7";"0";"2";"1";"1";"1";""
"201900051589";"138 209 123";"B01";"0";"7";"0";"2";"8";"9";"1";""
"201900051590";"138 209 119";"A01";"1";"7";"0";"1";"2";"1";"1";""
"201900051591";"138 209 118";"B01";"1";"7";"0";"2";"1";"16";"1";""
"201900051591";"138 209 120";"A01";"2";"7";"0";"2";"1";"13";"1";""
"201900051592";"138 209 117";"A01";"2";"7";"15";"0";"1";"13";"1";""
"201900051593";"138 209 115";"A01";"3";"7";"6";"0";"3";"1";"0";""
"201900051594";"138 209 114";"B01";"1";"7";"0";"2";"3";"15";"1";""
"201900051594";"138 209 116";"A01";"1";"32";"0";"2";"2";"17";"1";""
"201900051595";"138 209 110";"C01";"2";"7";"0";"2";"1";"2";"1";""
"201900051595";"138 209 112";"B01";"2";"10";"0";"0";"4";"2";"1";""
"201900051595";"138 209 113";"A01";"2";"7";"0";"2";"1";"2";"1";""
"201900051596";"138 209 109";"A01";"1";"7";"0";"2";"8";"13";"1";""
"201900051596";"138 209 111";"B01";"1";"30";"0";"2";"7";"17";"3";""
"201900051597";"138 209 107";"A01";"3";"50";"12";"0";"1";"13";"3";""
"201900051598";"138 209 105";"A01";"1";"3";"0";"2";"2";"15";"1";""
"201900051598";"138 209 106";"B01";"2";"7";"0";"2";"1";"1";"1";""
"201900051599";"138 209 102";"A01";"1";"7";"8";"0";"6";"1";"1";""
"201900051600";"138 209 099";"B01";"1";"7";"0";"2";"3";"2";"1";""
"201900051600";"138 209 101";"A01";"2";"34";"0";"2";"3";"5";"1";""
"201900051601";"138 209 100";"A01";"1";"7";"0";"1";"3";"1";"1";""
"201900051602";"138 209 096";"B01";"2";"7";"0";"2";"3";"1";"1";""
"201900051602";"138 209 098";"A01";"1";"7";"0";"2";"3";"13";"1";""
"201900051603";"138 209 097";"A01";"1";"7";"0";"1";"2";"2";"1";""
"201900051604";"138 209 095";"A01";"2";"7";"10";"0";"3";"13";"1";""
"201900051605";"138 209 093";"A01";"2";"1";"0";"2";"1";"2";"5";""
"201900051605";"138 209 094";"B01";"2";"7";"1";"2";"5";"1";"1";""
"201900051606";"138 209 092";"A01";"2";"7";"2";"0";"1";"0";"1";""
"201900051607";"138 209 090";"A01";"1";"17";"0";"2";"3";"0";"1";""
"201900051607";"138 209 091";"B01";"1";"17";"0";"2";"5";"0";"1";""
"201900051608";"138 209 087";"A01";"1";"7";"0";"2";"5";"15";"1";""
"201900051608";"138 209 088";"B01";"2";"31";"0";"2";"3";"1";"1";""
"201900051609";"138 209 086";"A01";"2";"7";"0";"2";"3";"15";"1";""
"201900051609";"138 209 089";"B01";"1";"7";"0";"2";"1";"1";"1";""
"201900051610";"138 209 084";"A01";"1";"7";"0";"2";"3";"3";"1";""
"201900051610";"138 209 085";"B01";"2";"7";"0";"2";"3";"1";"1";""
"201900051611";"138 209 082";"A01";"1";"7";"0";"2";"3";"13";"1";""
"201900051611";"138 209 083";"B01";"1";"31";"0";"2";"7";"17";"1";""
"201900051612";"138 209 081";"A01";"2";"3";"1";"0";"3";"26";"1";""
"201900051613";"138 209 080";"A01";"1";"7";"2";"0";"8";"1";"1";""
"201900051614";"138 209 078";"A01";"1";"30";"0";"2";"3";"11";"1";""
"201900051614";"138 209 079";"B01";"1";"7";"0";"2";"2";"11";"1";""
"201900051615";"138 209 073";"A01";"1";"30";"0";"2";"1";"1";"1";""
"201900051615";"138 209 075";"B01";"1";"7";"0";"2";"6";"10";"0";""
"201900051616";"138 209 072";"A01";"2";"7";"3";"2";"1";"1";"1";""
"201900051616";"138 209 074";"B01";"1";"7";"0";"2";"1";"13";"1";""
"201900051616";"138 209 076";"C01";"2";"7";"0";"2";"8";"1";"1";""
"201900051616";"138 209 077";"E01";"2";"14";"0";"2";"3";"1";"1";""
"201900051617";"138 209 070";"A01";"2";"7";"0";"2";"3";"0";"1";""
"201900051617";"138 209 071";"B01";"1";"7";"0";"2";"3";"1";"1";""
"201900051618";"138 209 068";"A01";"1";"30";"0";"1";"1";"1";"0";""
"201900051619";"138 209 067";"A01";"1";"7";"0";"1";"3";"1";"1";""
"201900051620";"138 209 064";"A01";"1";"7";"0";"1";"1";"1";"6";""
"201900051621";"138 209 065";"A01";"2";"32";"0";"2";"0";"17";"1";""
"201900051621";"138 209 066";"B01";"2";"7";"0";"2";"8";"15";"1";""
"201900051622";"138 209 061";"A01";"1";"30";"12";"0";"1";"26";"1";""
"201900051623";"138 209 060";"A01";"1";"7";"0";"0";"4";"2";"1";""
"201900051623";"138 209 062";"B01";"1";"7";"0";"2";"1";"0";"1";""
"201900051624";"138 209 058";"A01";"1";"7";"0";"2";"4";"1";"1";""
"201900051624";"138 209 059";"B01";"1";"34";"0";"2";"1";"2";"1";""
"201900051625";"138 209 055";"B01";"3";"1";"0";"2";"8";"19";"6";""
"201900051625";"138 209 056";"A01";"2";"10";"0";"2";"3";"16";"1";""
"201900051625";"138 209 057";"C01";"2";"10";"0";"2";"0";"0";"1";""
"201900051626";"138 209 050";"A01";"1";"7";"0";"2";"8";"24";"1";""
"201900051626";"138 209 052";"B01";"1";"1";"1";"0";"7";"1";"5";""
"201900051627";"138 209 051";"A01";"1";"7";"4";"2";"4";"2";"1";""
"201900051627";"138 209 053";"B01";"1";"7";"4";"2";"4";"2";"1";""
"201900051627";"138 209 054";"C01";"1";"7";"4";"2";"1";"2";"1";""
"201900051628";"138 209 048";"A01";"2";"15";"0";"2";"2";"21";"1";""
"201900051628";"138 209 049";"B01";"1";"7";"0";"2";"6";"4";"1";""
"201900051629";"138 209 045";"B01";"3";"2";"0";"2";"8";"1";"1";""
"201900051629";"138 209 046";"A01";"3";"7";"0";"2";"7";"17";"1";""
"201900051630";"138 209 043";"A01";"3";"7";"0";"2";"1";"15";"1";""
"201900051630";"138 209 044";"B01";"1";"7";"2";"0";"4";"1";"1";""
"201900051631";"138 209 041";"B01";"2";"7";"0";"2";"1";"0";"1";""
"201900051631";"138 209 042";"A01";"1";"7";"0";"2";"7";"1";"1";""
"201900051632";"138 209 040";"A01";"0";"34";"12";"0";"2";"1";"1";""
"201900051633";"138 209 035";"A01";"1";"7";"0";"0";"6";"9";"1";""
"201900051633";"138 209 037";"B01";"1";"7";"0";"2";"2";"9";"1";""
"201900051634";"138 209 034";"A01";"1";"7";"3";"0";"1";"1";"1";""
"201900051635";"138 209 032";"B01";"1";"7";"0";"2";"8";"1";"1";""
"201900051635";"138 209 033";"A01";"2";"7";"0";"2";"9";"0";"1";""
"201900051636";"138 209 036";"A01";"2";"10";"0";"2";"4";"2";"1";""
"201900051636";"138 209 047";"B01";"2";"10";"0";"2";"1";"2";"1";""
"201900051637";"138 209 029";"B01";"1";"50";"0";"2";"5";"1";"3";""
"201900051637";"138 209 030";"A01";"2";"7";"0";"2";"2";"26";"1";""
"201900051638";"138 209 028";"B01";"1";"10";"0";"2";"1";"5";"1";""
"201900051638";"138 209 031";"A01";"1";"10";"0";"2";"1";"1";"1";""
"201900051639";"138 209 027";"A01";"1";"2";"1";"0";"1";"1";"1";""
"201900051640";"138 209 025";"A01";"1";"10";"0";"2";"4";"2";"1";""
"201900051640";"138 209 026";"B01";"1";"10";"0";"2";"1";"2";"1";""
"201900051641";"138 209 024";"A01";"2";"31";"13";"0";"8";"1";"1";""
"201900051642";"138 209 020";"A01";"1";"7";"7";"2";"1";"19";"0";""
"201900051642";"138 209 022";"B01";"2";"7";"7";"2";"8";"1";"0";""
"201900051643";"138 209 021";"B01";"1";"7";"0";"2";"1";"2";"1";""
"201900051643";"138 209 023";"A01";"1";"7";"0";"2";"4";"2";"1";""
"201900051644";"138 209 019";"A01";"1";"17";"3";"0";"8";"26";"1";""
"201900051645";"138 209 017";"A01";"2";"1";"0";"2";"1";"13";"0";""
"201900051645";"138 209 018";"B01";"1";"7";"0";"9";"1";"1";"1";""
"201900051646";"138 209 014";"A01";"2";"7";"0";"1";"1";"1";"1";""
"201900051647";"138 209 013";"A01";"2";"7";"0";"2";"4";"2";"0";""
"201900051647";"138 209 015";"B01";"2";"7";"0";"2";"4";"2";"0";""
"201900051647";"138 209 016";"C01";"2";"7";"0";"2";"1";"14";"0";""
"201900051648";"138 209 012";"A01";"2";"2";"0";"0";"9";"1";"1";""
"201900051649";"138 209 008";"A01";"3";"7";"0";"1";"2";"1";"1";""
"201900051650";"138 209 009";"C01";"1";"7";"0";"2";"1";"2";"1";""
"201900051650";"138 209 010";"B01";"1";"7";"0";"2";"4";"1";"1";""
"201900051650";"138 209 011";"A01";"1";"7";"0";"2";"1";"2";"1";""
"201900051651";"138 209 006";"A01";"1";"7";"0";"2";"3";"13";"1";""
"201900051651";"138 209 007";"B01";"2";"7";"0";"2";"3";"1";"1";""
"201900051652";"138 209 004";"A01";"2";"7";"6";"0";"2";"1";"1";""
"201900051653";"138 209 005";"A01";"2";"7";"3";"0";"1";"6";"1";""
"201900051654";"138 209 001";"B01";"0";"7";"0";"2";"1";"1";"1";""
"201900051654";"138 209 002";"A01";"0";"7";"0";"2";"1";"13";"1";""
"201900051655";"138 209 000";"A01";"2";"7";"4";"0";"1";"1";"1";""
"201900051656";"138 208 995";"B01";"2";"7";"0";"2";"4";"15";"1";""
"201900051656";"138 208 998";"A01";"2";"10";"0";"2";"1";"1";"1";""
"201900051656";"138 208 999";"C01";"1";"7";"0";"2";"3";"1";"1";""
"201900051657";"138 208 996";"A01";"2";"10";"0";"2";"1";"17";"1";""
"201900051657";"138 208 997";"B01";"2";"7";"3";"2";"4";"2";"1";""
"201900051658";"138 208 994";"A01";"3";"7";"13";"0";"1";"26";"6";""
"201900051659";"138 208 991";"A01";"1";"7";"6";"2";"1";"1";"1";""
"201900051659";"138 208 993";"B01";"2";"7";"0";"2";"2";"26";"1";""
"201900051660";"138 208 990";"B01";"1";"33";"0";"2";"8";"2";"1";""
"201900051660";"138 208 992";"A01";"1";"10";"0";"2";"5";"1";"1";""
"201900051661";"138 208 989";"A01";"3";"3";"2";"0";"2";"14";"1";""
"201900051662";"138 208 987";"A01";"2";"33";"0";"2";"1";"5";"1";""
"201900051662";"138 208 988";"B01";"1";"7";"0";"2";"3";"1";"1";""
"201900051663";"138 208 985";"A01";"1";"17";"0";"2";"2";"9";"1";""
"201900051663";"138 208 986";"B01";"1";"2";"0";"2";"2";"19";"1";""
"201900051664";"138 208 984";"A01";"1";"7";"2";"0";"3";"1";"1";""
"201900051665";"138 208 981";"C01";"1";"7";"0";"2";"1";"1";"1";""
"201900051665";"138 208 982";"B01";"1";"7";"0";"1";"6";"1";"1";""
"201900051665";"138 208 983";"A01";"1";"17";"0";"2";"2";"12";"1";""
"201900051666";"138 208 979";"A01";"2";"7";"0";"2";"1";"15";"1";""
"201900051666";"138 208 980";"B01";"2";"1";"0";"2";"8";"15";"5";""
"201900051667";"138 208 975";"B01";"1";"33";"0";"2";"1";"3";"1";""
"201900051667";"138 208 976";"A01";"1";"7";"0";"2";"0";"20";"1";""
"201900051668";"138 208 977";"B01";"2";"10";"0";"2";"8";"11";"1";""
"201900051668";"138 208 978";"A01";"2";"7";"4";"2";"1";"13";"1";""
"201900051669";"138 208 973";"B01";"1";"1";"0";"2";"3";"15";"5";""
"201900051669";"138 208 974";"A01";"1";"7";"0";"9";"2";"1";"1";""
"201900051670";"138 208 971";"B01";"2";"7";"0";"2";"4";"2";"1";""
"201900051670";"138 208 972";"A01";"2";"7";"0";"2";"1";"1";"1";""
"201900051671";"138 208 970";"A01";"1";"7";"13";"0";"1";"1";"1";""
"201900051672";"138 208 967";"A01";"2";"15";"0";"1";"3";"26";"1";""
"201900051673";"138 208 964";"A01";"2";"14";"0";"0";"0";"2";"1";""
"201900051673";"138 208 965";"B01";"2";"7";"4";"2";"1";"2";"1";""
"201900051673";"138 208 966";"C01";"2";"7";"0";"2";"8";"2";"1";""
"201900051673";"138 208 968";"D01";"2";"7";"0";"2";"1";"2";"1";""
"201900051673";"138 208 969";"E01";"2";"7";"4";"0";"1";"1";"1";""
"201900051674";"138 208 961";"B01";"2";"43";"0";"2";"2";"3";"1";""
"201900051674";"138 208 962";"A01";"2";"7";"0";"2";"1";"11";"1";""
"201900051675";"138 208 960";"A01";"3";"31";"0";"0";"1";"13";"1";""
"201900051676";"138 208 955";"A01";"3";"3";"0";"0";"6";"19";"0";""
"201900051676";"138 208 957";"B01";"1";"2";"0";"0";"3";"9";"0";""
"201900051677";"138 208 956";"C01";"2";"7";"0";"2";"4";"23";"1";""
"201900051677";"138 208 958";"B01";"2";"7";"0";"2";"4";"23";"1";""
"201900051677";"138 208 959";"A01";"2";"7";"0";"2";"1";"2";"1";""
"201900051678";"138 208 948";"A01";"2";"7";"0";"2";"4";"1";"1";""
"201900051678";"138 208 949";"B01";"2";"7";"0";"2";"4";"1";"1";""
"201900051678";"138 208 950";"C01";"0";"7";"0";"2";"4";"1";"1";""
"201900051678";"138 208 953";"D01";"2";"7";"0";"2";"1";"1";"1";""
"201900051679";"138 208 951";"A01";"2";"7";"0";"2";"1";"2";"1";""
"201900051679";"138 208 952";"B01";"2";"7";"0";"2";"4";"2";"1";""
"201900051679";"138 208 954";"C01";"2";"7";"0";"0";"4";"2";"1";""
"201900051680";"138 208 946";"A01";"1";"2";"0";"0";"0";"1";"1";""
"201900051681";"138 208 942";"B01";"1";"7";"0";"2";"1";"1";"1";""
"201900051681";"138 208 943";"A01";"2";"7";"0";"2";"2";"1";"1";""
"201900051682";"138 208 941";"A01";"3";"2";"1";"0";"1";"1";"1";""
"201900051683";"138 208 939";"A01";"2";"7";"0";"2";"2";"15";"1";""
"201900051683";"138 208 940";"B01";"2";"7";"0";"2";"2";"1";"1";""
"201900051684";"138 208 936";"A01";"3";"7";"0";"2";"3";"15";"1";""
"201900051684";"138 208 937";"B01";"3";"33";"0";"2";"1";"1";"1";""
"201900051685";"138 208 934";"B01";"0";"7";"0";"2";"1";"9";"1";""
"201900051685";"138 208 935";"A01";"0";"7";"0";"0";"7";"0";"1";""
"201900051686";"138 208 932";"B01";"1";"32";"0";"2";"8";"1";"1";""
"201900051686";"138 208 933";"A01";"1";"7";"0";"2";"6";"16";"1";""
"201900051687";"138 208 944";"B01";"1";"7";"0";"2";"4";"2";"1";""
"201900051687";"138 208 945";"C01";"1";"7";"0";"2";"4";"2";"1";""
"201900051687";"138 208 947";"A01";"1";"7";"0";"2";"1";"2";"1";""
"201900051688";"138 208 931";"A01";"3";"7";"2";"0";"1";"0";"1";""
"201900051689";"138 208 929";"B01";"1";"99";"0";"2";"1";"1";"1";""
"201900051689";"138 208 930";"A01";"1";"7";"0";"2";"8";"10";"1";""
"201900051690";"138 208 927";"B01";"2";"15";"3";"2";"3";"1";"1";""
"201900051690";"138 208 928";"A01";"1";"7";"0";"2";"3";"13";"1";""
"201900051691";"138 208 925";"B01";"1";"33";"0";"2";"2";"1";"0";""
"201900051691";"138 208 926";"A01";"1";"7";"0";"2";"6";"11";"1";""
"201900051692";"138 208 921";"B01";"1";"7";"0";"2";"3";"1";"1";""
"201900051692";"138 208 922";"A01";"1";"7";"0";"2";"1";"1";"1";""
"201900051693";"138 208 920";"A01";"3";"7";"6";"0";"0";"1";"1";""
"201900051694";"138 208 919";"A01";"2";"33";"16";"0";"7";"3";"1";""
"201900051695";"138 208 917";"B01";"1";"7";"0";"0";"4";"0";"1";""
"201900051695";"138 208 918";"A01";"2";"7";"1";"0";"7";"1";"1";""
"201900051696";"138 208 916";"A01";"2";"32";"0";"2";"3";"3";"1";""
"201900051697";"138 208 915";"A01";"1";"15";"0";"1";"0";"0";"0";""
"201900051698";"138 208 914";"A01";"2";"7";"16";"0";"1";"26";"1";""
"201900051699";"138 208 913";"A01";"1";"10";"4";"0";"7";"1";"1";""
"201900051700";"138 208 911";"A01";"1";"10";"0";"2";"1";"1";"1";""
"201900051700";"138 208 912";"B01";"1";"7";"0";"2";"4";"1";"1";""
"201900051701";"138 208 909";"B01";"2";"7";"0";"2";"5";"14";"1";""
"201900051701";"138 208 910";"A01";"2";"7";"4";"2";"3";"1";"1";""
"201900051702";"138 208 907";"A01";"2";"7";"3";"0";"2";"1";"1";""
"201900051703";"138 208 903";"A01";"2";"10";"0";"2";"1";"1";"1";""
"201900051703";"138 208 904";"B01";"2";"7";"0";"2";"4";"2";"1";""
"201900051703";"138 208 905";"C01";"2";"7";"0";"2";"4";"0";"1";""
"201900051704";"138 208 906";"A01";"1";"7";"0";"2";"4";"11";"1";""
"201900051704";"138 208 908";"B01";"1";"33";"0";"2";"1";"3";"1";""
"201900051705";"138 208 901";"A01";"2";"7";"0";"2";"1";"1";"1";""
"201900051705";"138 208 902";"B01";"2";"7";"0";"2";"4";"1";"1";""
"201900051706";"138 208 899";"A01";"1";"7";"0";"2";"2";"1";"1";""
"201900051706";"138 208 900";"B01";"1";"7";"0";"2";"5";"1";"1";""
"201900051707";"138 208 898";"Z01";"2";"99";"0";"1";"0";"26";"0";""
"201900051708";"138 208 896";"B01";"2";"33";"0";"2";"1";"3";"1";""
"201900051708";"138 208 897";"A01";"2";"7";"0";"2";"6";"11";"1";""
"201900051709";"138 208 895";"A01";"1";"7";"4";"0";"1";"1";"1";""
"201900051710";"138 208 894";"A01";"2";"7";"4";"0";"6";"21";"1";""
"201900051711";"138 208 890";"D01";"2";"7";"0";"2";"1";"2";"1";""
"201900051711";"138 208 891";"C01";"2";"7";"0";"2";"4";"2";"1";""
"201900051711";"138 208 892";"B01";"2";"7";"0";"2";"4";"2";"1";""
"201900051711";"138 208 893";"A01";"2";"7";"0";"2";"1";"2";"1";""
"201900051712";"138 208 888";"B01";"1";"7";"0";"2";"6";"11";"1";""
"201900051712";"138 208 889";"A01";"1";"31";"0";"2";"2";"3";"1";""
"201900051713";"138 208 886";"B01";"2";"33";"0";"2";"3";"1";"1";""
"201900051713";"138 208 887";"A01";"2";"7";"0";"2";"3";"11";"1";""
"201900051714";"138 208 883";"C01";"2";"7";"0";"2";"6";"0";"1";""
"201900051714";"138 208 884";"B01";"2";"7";"0";"2";"6";"0";"1";""
"201900051714";"138 208 885";"A01";"2";"10";"0";"2";"1";"0";"1";""
"201900051715";"138 208 882";"A01";"1";"7";"4";"0";"3";"2";"1";""
"201900051716";"138 208 880";"A01";"1";"7";"0";"2";"1";"12";"1";""
"201900051716";"138 208 881";"B01";"1";"33";"0";"2";"3";"3";"1";""
"201900051717";"138 208 877";"A01";"2";"10";"0";"2";"4";"11";"1";""
"201900051717";"138 208 878";"B01";"2";"32";"0";"2";"3";"3";"1";""
"201900051718";"138 208 876";"B01";"2";"7";"0";"2";"1";"1";"1";""
"201900051718";"138 208 879";"A01";"2";"7";"0";"2";"4";"14";"1";""
"201900051719";"138 208 873";"A01";"2";"31";"0";"2";"7";"3";"0";""
"201900051719";"138 208 874";"B01";"2";"7";"0";"2";"6";"2";"0";""
"201900051719";"138 208 875";"C01";"2";"32";"0";"2";"1";"3";"0";""
"201900051720";"138 208 870";"A01";"2";"7";"4";"0";"2";"1";"0";""
"201900051721";"138 208 868";"B01";"1";"34";"0";"2";"2";"3";"1";""
"201900051721";"138 208 869";"A01";"1";"10";"0";"2";"6";"11";"1";""
"201900051722";"138 208 871";"A01";"2";"7";"0";"2";"5";"12";"1";""
"201900051722";"138 208 872";"B01";"2";"33";"0";"2";"3";"3";"1";""
"201900051723";"138 208 866";"A01";"1";"7";"4";"2";"3";"21";"1";""
"201900051723";"138 208 867";"Z01";"1";"7";"0";"2";"6";"13";"1";""
"201900051724";"138 208 865";"A01";"1";"7";"4";"0";"3";"13";"1";""
"201900051725";"138 208 862";"A01";"2";"7";"0";"0";"3";"1";"1";""
"201900051726";"138 208 861";"B01";"2";"7";"0";"2";"4";"2";"2";""
"201900051726";"138 208 863";"C01";"2";"7";"0";"2";"1";"2";"1";""
"201900051726";"138 208 864";"A01";"2";"10";"0";"2";"4";"2";"1";""
"201900051727";"138 208 860";"A01";"2";"7";"3";"0";"1";"1";"1";""
"201900051728";"138 208 859";"A01";"2";"7";"4";"0";"2";"15";"1";""
"201900051729";"138 208 858";"A01";"1";"7";"4";"0";"3";"0";"1";""
"201900051730";"138 208 857";"A01";"2";"7";"4";"0";"2";"15";"1";""
"201900051731";"138 208 855";"B01";"2";"7";"0";"2";"6";"1";"1";""
"201900051731";"138 208 856";"A01";"2";"33";"0";"2";"2";"3";"1";""
"201900051732";"138 208 851";"A01";"2";"33";"16";"0";"7";"12";"1";""
"201900051733";"138 208 848";"B01";"2";"33";"0";"2";"1";"3";"1";""
"201900051733";"138 208 849";"A01";"2";"10";"0";"2";"5";"12";"1";""
"201900051734";"138 208 850";"A01";"2";"43";"0";"2";"1";"2";"1";""
"201900051734";"138 208 852";"D01";"2";"7";"0";"2";"4";"2";"1";""
"201900051734";"138 208 853";"Z01";"2";"7";"0";"2";"1";"2";"0";""