"Num_Acc";"id_vehicule";"num_veh";"senc";"catv";"obs";"obsm";"choc";"manv";"motor";"occutc"
"201900051947";"138 208 457";"A01";"2";"7";"0";"0";"3";"22";"1";""
"201900051948";"138 208 454";"A01";"1";"7";"0";"2";"1";"13";"1";""
"201900051948";"138 208 455";"B01";"1";"7";"0";"2";"8";"1";"1";""
"201900051949";"138 208 453";"A01";"2";"7";"0";"1";"1";"1";"1";""
"201900051950";"138 208 452";"A01";"3";"7";"8";"0";"2";"17";"1";""
"201900051951";"138 208 451";"A01";"1";"7";"0";"1";"3";"16";"1";""
"201900051952";"138 208 449";"A01";"2";"32";"0";"2";"1";"13";"1";""
"201900051952";"138 208 450";"B01";"2";"7";"0";"2";"8";"15";"1";""
"201900051953";"138 208 448";"A01";"1";"10";"0";"1";"6";"26";"0";""
"201900051954";"138 208 444";"A01";"1";"7";"0";"2";"1";"1";"1";""
"201900051954";"138 208 445";"B01";"2";"7";"0";"2";"1";"1";"1";""
"201900051955";"138 208 443";"A01";"1";"7";"4";"0";"1";"1";"1";""
"201900051956";"138 208 442";"A01";"2";"30";"0";"0";"7";"1";"1";""
"201900051957";"138 208 441";"A01";"2";"1";"0";"0";"1";"1";"5";""
"201900051958";"138 208 439";"A01";"0";"31";"0";"2";"1";"16";"1";""
"201900051958";"138 208 440";"B01";"0";"7";"0";"2";"6";"1";"1";""
"201900051959";"138 208 438";"A01";"1";"30";"0";"0";"7";"1";"1";""
"201900051960";"138 208 436";"A01";"0";"7";"0";"2";"1";"15";"1";""
"201900051960";"138 208 437";"B01";"0";"30";"0";"2";"8";"1";"1";""
"201900051961";"138 208 434";"B01";"0";"7";"0";"2";"4";"1";"1";""
"201900051961";"138 208 435";"A01";"0";"7";"0";"2";"1";"1";"1";""
"201900051962";"138 208 432";"B01";"1";"1";"0";"2";"7";"1";"5";""
"201900051962";"138 208 433";"A01";"1";"7";"0";"2";"6";"9";"3";""
"201900051963";"138 208 430";"A01";"3";"30";"0";"0";"0";"1";"0";""
"201900051964";"138 208 425";"B01";"2";"7";"0";"2";"1";"1";"1";""
"201900051964";"138 208 426";"A01";"1";"7";"0";"2";"8";"1";"1";""
"201900051965";"138 208 421";"A01";"2";"7";"0";"2";"3";"26";"1";""
"201900051965";"138 208 422";"B01";"2";"7";"0";"2";"3";"0";"1";""
"201900051966";"138 208 418";"A01";"1";"1";"0";"1";"1";"9";"5";""
"201900051967";"138 208 416";"A01";"0";"7";"0";"2";"3";"16";"1";""
"201900051967";"138 208 417";"B01";"2";"40";"0";"2";"1";"1";"3";""
"201900051968";"138 208 415";"A01";"1";"7";"1";"0";"1";"0";"1";""
"201900051969";"138 208 413";"A01";"1";"7";"0";"2";"4";"2";"1";""
"201900051969";"138 208 414";"B01";"2";"7";"0";"2";"1";"2";"1";""
"201900051970";"138 208 411";"A01";"1";"7";"0";"2";"5";"15";"1";""
"201900051970";"138 208 412";"B01";"2";"33";"0";"2";"1";"1";"1";""
"201900051971";"138 208 409";"B01";"1";"7";"0";"2";"4";"2";"1";""
"201900051971";"138 208 410";"A01";"1";"7";"0";"2";"1";"2";"1";""
"201900051972";"138 208 406";"C01";"3";"7";"0";"2";"8";"1";"1";""
"201900051972";"138 208 407";"B01";"3";"7";"0";"2";"3";"1";"1";""
"201900051972";"138 208 408";"A01";"3";"7";"0";"2";"3";"13";"1";""
"201900051973";"138 208 404";"A01";"3";"7";"0";"2";"1";"13";"1";""
"201900051973";"138 208 405";"B01";"3";"7";"0";"2";"1";"1";"1";""
"201900051974";"138 208 403";"A01";"1";"7";"15";"6";"7";"14";"1";""
"201900051975";"138 208 401";"B01";"2";"1";"1";"0";"2";"21";"5";""
"201900051975";"138 208 402";"A01";"2";"7";"0";"2";"8";"22";"1";""
"201900051976";"138 208 400";"A01";"2";"7";"0";"1";"1";"19";"1";""
"201900051977";"138 208 398";"Z01";"3";"7";"0";"2";"9";"11";"1";""
"201900051977";"138 208 399";"A01";"3";"7";"0";"2";"1";"19";"1";""
"201900051978";"138 208 392";"B01";"1";"30";"0";"2";"2";"1";"1";""
"201900051978";"138 208 393";"A01";"1";"7";"0";"2";"3";"20";"1";""
"201900051979";"138 208 390";"B01";"2";"1";"0";"2";"1";"1";"5";""
"201900051979";"138 208 391";"A01";"1";"7";"0";"2";"3";"9";"1";""
"201900051980";"138 208 388";"B01";"2";"7";"0";"2";"1";"1";"1";""
"201900051980";"138 208 389";"A01";"1";"7";"0";"2";"7";"1";"1";""
"201900051981";"138 208 386";"A01";"1";"7";"1";"2";"1";"0";"0";""
"201900051981";"138 208 387";"B01";"1";"7";"0";"2";"0";"0";"1";""
"201900051982";"138 208 384";"B01";"1";"7";"0";"2";"3";"15";"1";""
"201900051982";"138 208 385";"A01";"1";"30";"0";"2";"1";"17";"1";""
"201900051983";"138 208 382";"B01";"1";"1";"0";"2";"0";"0";"0";""
"201900051983";"138 208 383";"A01";"1";"7";"0";"2";"1";"0";"0";""
"201900051984";"138 208 380";"B01";"1";"7";"0";"2";"0";"0";"1";""
"201900051984";"138 208 381";"A01";"1";"99";"0";"2";"0";"1";"1";""
"201900051985";"138 208 377";"C01";"1";"7";"0";"2";"4";"0";"0";""
"201900051985";"138 208 378";"B01";"1";"7";"0";"2";"1";"26";"0";""
"201900051985";"138 208 379";"A01";"1";"7";"0";"2";"1";"26";"0";""
"201900051986";"138 208 374";"A01";"1";"7";"0";"2";"0";"1";"1";""
"201900051986";"138 208 375";"B01";"1";"7";"0";"2";"0";"0";"1";""
"201900051986";"138 208 376";"C01";"1";"7";"0";"2";"0";"0";"1";""
"201900051987";"138 208 370";"B01";"1";"7";"1";"0";"1";"13";"1";""
"201900051987";"138 208 371";"A01";"1";"7";"0";"2";"4";"24";"1";""
"201900051988";"138 208 368";"A01";"0";"7";"0";"2";"1";"9";"0";""
"201900051988";"138 208 369";"B01";"0";"2";"0";"2";"4";"9";"0";""
"201900051989";"138 208 367";"A01";"1";"7";"0";"1";"1";"1";"1";""
"201900051990";"138 208 366";"A01";"1";"33";"13";"0";"8";"1";"1";""
"201900051991";"138 208 365";"A01";"1";"33";"0";"0";"0";"1";"1";""
"201900051992";"138 208 364";"A01";"1";"7";"0";"1";"1";"15";"0";""
"201900051993";"138 208 363";"A01";"2";"7";"0";"1";"3";"1";"1";""
"201900051994";"138 208 362";"A01";"0";"7";"0";"1";"1";"1";"1";""
"201900051995";"138 208 360";"A01";"1";"2";"0";"2";"1";"1";"1";""
"201900051995";"138 208 361";"B01";"1";"7";"0";"2";"3";"15";"1";""
"201900051996";"138 208 358";"B01";"2";"7";"0";"2";"7";"1";"1";""
"201900051996";"138 208 359";"A01";"1";"7";"0";"2";"1";"15";"1";""
"201900051997";"138 208 357";"A01";"2";"7";"1";"0";"1";"14";"1";""
"201900051998";"138 208 356";"A01";"2";"7";"8";"0";"1";"15";"1";""
"201900051999";"138 208 354";"A01";"1";"7";"0";"2";"1";"1";"1";""
"201900051999";"138 208 355";"B01";"1";"7";"0";"2";"8";"20";"1";""
"201900052000";"138 208 352";"A01";"2";"7";"0";"2";"2";"15";"1";""
"201900052000";"138 208 353";"B01";"2";"33";"0";"2";"1";"1";"1";""
"201900052001";"138 208 349";"A01";"3";"7";"0";"2";"3";"15";"0";""
"201900052001";"138 208 350";"B01";"0";"7";"0";"2";"2";"1";"1";""
"201900052002";"138 208 347";"A01";"3";"32";"0";"2";"2";"26";"1";""
"201900052002";"138 208 348";"B01";"3";"7";"0";"2";"1";"0";"1";""
"201900052003";"138 208 345";"B01";"1";"32";"0";"2";"4";"1";"0";""
"201900052003";"138 208 346";"A01";"1";"7";"0";"2";"1";"1";"0";""
"201900052004";"138 208 343";"A01";"2";"7";"0";"2";"1";"15";"1";""
"201900052004";"138 208 344";"B01";"1";"7";"0";"2";"3";"1";"1";""
"201900052005";"138 208 342";"A01";"0";"2";"0";"1";"1";"1";"1";""
"201900052006";"138 208 341";"A01";"0";"7";"0";"1";"1";"1";"1";""
"201900052007";"138 208 339";"B01";"0";"1";"0";"0";"6";"10";"5";""
"201900052007";"138 208 340";"A01";"0";"7";"0";"2";"1";"1";"1";""
"201900052008";"138 208 337";"A01";"1";"30";"0";"2";"1";"1";"1";""
"201900052008";"138 208 338";"B01";"1";"99";"0";"2";"2";"15";"1";""
"201900052009";"138 208 335";"A01";"2";"13";"0";"2";"3";"1";"1";""
"201900052009";"138 208 336";"B01";"2";"33";"0";"2";"8";"1";"1";""
"201900052010";"138 208 334";"A01";"0";"7";"0";"1";"1";"16";"1";""
"201900052011";"138 208 332";"B01";"1";"32";"0";"2";"1";"1";"1";""
"201900052011";"138 208 333";"A01";"2";"7";"0";"2";"7";"15";"1";""
"201900052012";"138 208 330";"A01";"2";"33";"0";"2";"1";"9";"1";""
"201900052012";"138 208 331";"B01";"3";"7";"0";"2";"7";"9";"1";""
"201900052013";"138 208 327";"C01";"1";"7";"0";"2";"3";"1";"1";""
"201900052013";"138 208 328";"B01";"1";"7";"0";"2";"4";"1";"1";""
"201900052013";"138 208 329";"A01";"1";"33";"0";"2";"1";"1";"1";""
"201900052014";"138 208 325";"A01";"2";"7";"0";"2";"7";"1";"1";""
"201900052014";"138 208 326";"B01";"3";"7";"0";"2";"4";"24";"1";""
"201900052015";"138 208 323";"B01";"3";"7";"1";"2";"3";"1";"1";""
"201900052015";"138 208 324";"A01";"3";"7";"0";"2";"3";"5";"1";""
"201900052016";"138 208 321";"A01";"3";"1";"0";"2";"8";"26";"5";""
"201900052016";"138 208 322";"B01";"3";"10";"0";"6";"1";"15";"1";""
"201900052017";"138 208 319";"A01";"2";"21";"0";"2";"4";"2";"1";""
"201900052017";"138 208 320";"B01";"2";"7";"0";"2";"1";"2";"1";""
"201900052018";"138 208 317";"B01";"0";"7";"0";"2";"8";"1";"1";""
"201900052018";"138 208 318";"A01";"3";"15";"14";"0";"3";"13";"1";""
"201900052019";"138 208 316";"A01";"0";"7";"0";"1";"2";"1";"1";""
"201900052020";"138 208 314";"B01";"1";"7";"0";"2";"4";"1";"1";""
"201900052020";"138 208 315";"A01";"2";"7";"0";"0";"0";"0";"1";""
"201900052021";"138 208 313";"A01";"3";"1";"0";"0";"0";"26";"5";""
"201900052022";"138 208 309";"B01";"3";"1";"0";"2";"8";"26";"5";""
"201900052022";"138 208 310";"A01";"3";"7";"0";"1";"1";"16";"1";""
"201900052023";"138 208 304";"A01";"2";"7";"0";"1";"2";"14";"1";""
"201900052024";"138 208 302";"A01";"2";"7";"0";"2";"2";"2";"1";""
"201900052024";"138 208 303";"B01";"1";"7";"0";"2";"0";"0";"1";""
"201900052025";"138 208 300";"A01";"1";"33";"0";"2";"1";"17";"1";""
"201900052025";"138 208 301";"B01";"1";"7";"0";"2";"3";"15";"1";""
"201900052026";"138 208 298";"B01";"3";"31";"0";"2";"1";"1";"1";""
"201900052026";"138 208 299";"A01";"3";"10";"0";"2";"1";"15";"1";""
"201900052027";"138 208 296";"A01";"1";"7";"0";"2";"3";"15";"0";""
"201900052027";"138 208 297";"B01";"1";"33";"0";"2";"2";"17";"0";""
"201900052028";"138 208 295";"A01";"1";"1";"0";"0";"0";"1";"5";""
"201900052029";"138 208 293";"A01";"1";"7";"0";"2";"1";"2";"1";""
"201900052029";"138 208 294";"B01";"1";"7";"0";"2";"4";"2";"1";""
"201900052030";"138 208 291";"B01";"2";"10";"0";"2";"4";"2";"1";""
"201900052030";"138 208 292";"A01";"2";"43";"0";"2";"1";"2";"1";""
"201900052031";"138 208 289";"B01";"2";"7";"0";"2";"5";"11";"0";""
"201900052031";"138 208 290";"A01";"2";"33";"0";"2";"8";"3";"1";""
"201900052032";"138 208 285";"A01";"2";"10";"0";"2";"1";"2";"1";""
"201900052032";"138 208 286";"B01";"2";"7";"0";"2";"4";"2";"3";""
"201900052032";"138 208 287";"C01";"2";"7";"0";"2";"1";"2";"1";""
"201900052032";"138 208 288";"D01";"2";"7";"0";"2";"4";"2";"1";""
"201900052033";"138 208 282";"C01";"2";"7";"0";"2";"4";"2";"1";""
"201900052033";"138 208 283";"B01";"2";"10";"0";"2";"5";"2";"1";""
"201900052033";"138 208 284";"A01";"2";"7";"0";"2";"3";"2";"1";""
"201900052034";"138 208 280";"A01";"1";"7";"0";"2";"8";"11";"1";""
"201900052034";"138 208 281";"B01";"1";"32";"0";"2";"7";"3";"1";""
"201900052035";"138 208 277";"A01";"1";"7";"0";"2";"1";"2";"1";""
"201900052035";"138 208 278";"B01";"1";"7";"0";"2";"2";"2";"1";""
"201900052035";"138 208 279";"C01";"1";"7";"0";"2";"4";"2";"2";""
"201900052036";"138 208 276";"A01";"1";"7";"0";"1";"1";"1";"1";""
"201900052037";"138 208 274";"B01";"1";"7";"0";"2";"5";"2";"1";""
"201900052037";"138 208 275";"A01";"1";"32";"0";"2";"1";"2";"1";""
"201900052038";"138 208 272";"B01";"1";"1";"0";"2";"8";"13";"5";""
"201900052038";"138 208 273";"A01";"2";"37";"0";"2";"3";"1";"1";"1"
"201900052039";"138 208 271";"A01";"2";"50";"0";"1";"1";"1";"3";""
"201900052040";"138 208 269";"A01";"2";"31";"0";"2";"1";"1";"1";""
"201900052040";"138 208 270";"B01";"2";"7";"0";"2";"4";"12";"1";""
"201900052041";"138 208 268";"A01";"1";"32";"1";"0";"8";"1";"1";""
"201900052042";"138 208 266";"A01";"1";"1";"0";"2";"8";"1";"5";""
"201900052042";"138 208 267";"Z01";"1";"7";"0";"2";"7";"14";"0";""
"201900052043";"138 208 264";"B01";"1";"7";"0";"2";"8";"15";"1";""
"201900052043";"138 208 265";"A01";"1";"34";"0";"2";"2";"17";"1";""
"201900052044";"138 208 263";"A01";"1";"7";"9";"0";"1";"1";"2";""
"201900052045";"138 208 262";"A01";"2";"50";"12";"0";"1";"14";"3";""
"201900052046";"138 208 260";"A01";"2";"7";"0";"2";"3";"22";"1";""
"201900052046";"138 208 261";"B01";"2";"1";"0";"2";"2";"1";"5";""
"201900052047";"138 208 258";"B01";"3";"7";"0";"0";"3";"1";"1";""
"201900052047";"138 208 259";"A01";"3";"7";"13";"0";"0";"1";"1";""
"201900052048";"138 208 257";"A01";"1";"33";"13";"0";"1";"1";"1";""
"201900052049";"138 208 256";"A01";"1";"7";"2";"0";"0";"1";"1";""
"201900052050";"138 208 254";"B01";"2";"7";"0";"2";"3";"1";"1";""
"201900052050";"138 208 255";"A01";"2";"7";"0";"2";"2";"15";"1";""
"201900052051";"138 208 253";"A01";"3";"7";"0";"1";"1";"13";"1";""
"201900052052";"138 208 252";"A01";"1";"33";"8";"0";"1";"1";"1";""
"201900052053";"138 208 251";"A01";"3";"3";"9";"0";"3";"1";"1";""
"201900052054";"138 208 245";"A01";"1";"7";"0";"0";"4";"23";"1";""
"201900052054";"138 208 246";"B01";"1";"33";"0";"2";"4";"23";"1";""
"201900052054";"138 208 247";"C01";"1";"7";"0";"2";"4";"23";"1";""
"201900052054";"138 208 248";"D01";"1";"7";"0";"2";"4";"23";"1";""
"201900052054";"138 208 249";"E01";"1";"7";"0";"2";"4";"23";"1";""
"201900052054";"138 208 250";"F01";"1";"7";"0";"2";"1";"2";"1";""
"201900052055";"138 208 243";"A01";"2";"7";"0";"2";"3";"1";"1";""
"201900052055";"138 208 244";"B01";"1";"7";"0";"2";"3";"0";"1";""
"201900052056";"138 208 242";"A01";"1";"7";"8";"2";"3";"1";"1";""
"201900052057";"138 208 240";"A01";"3";"10";"0";"2";"3";"13";"1";""
"201900052057";"138 208 241";"B01";"3";"7";"0";"0";"3";"1";"1";""
"201900052058";"138 208 239";"A01";"0";"50";"0";"0";"4";"13";"3";""
"201900052059";"138 208 238";"A01";"0";"2";"6";"0";"1";"6";"6";""
"201900052060";"138 208 237";"A01";"1";"33";"8";"0";"1";"1";"1";""
"201900052061";"138 208 236";"A01";"1";"2";"6";"0";"2";"1";"1";""
"201900052062";"138 208 234";"B01";"2";"7";"0";"2";"3";"1";"1";""
"201900052062";"138 208 235";"A01";"1";"7";"0";"2";"1";"15";"1";""
"201900052063";"138 208 232";"A01";"1";"7";"7";"2";"1";"1";"1";""
"201900052063";"138 208 233";"B01";"2";"7";"0";"2";"1";"1";"1";""
"201900052064";"138 208 230";"A01";"2";"7";"0";"2";"3";"13";"1";""
"201900052064";"138 208 231";"B01";"1";"7";"0";"2";"1";"1";"1";""
"201900052065";"138 208 228";"B01";"3";"1";"0";"2";"8";"1";"5";""
"201900052065";"138 208 229";"A01";"3";"7";"0";"9";"2";"1";"1";""
"201900052066";"138 208 227";"A01";"2";"7";"15";"0";"1";"0";"0";""
"201900052067";"138 208 226";"A01";"1";"7";"0";"1";"2";"1";"1";""
"201900052068";"138 208 224";"A01";"2";"15";"0";"2";"1";"1";"1";""
"201900052068";"138 208 225";"B01";"1";"7";"0";"2";"1";"1";"1";""
"201900052069";"138 208 223";"A01";"2";"7";"8";"0";"9";"2";"6";""
"201900052070";"138 208 222";"A01";"1";"7";"0";"1";"2";"1";"1";""
"201900052071";"138 208 221";"A01";"0";"33";"16";"0";"3";"13";"1";""
"201900052072";"138 208 219";"A01";"0";"7";"0";"2";"3";"15";"1";""
"201900052072";"138 208 220";"B01";"0";"1";"0";"2";"1";"1";"5";""
"201900052073";"138 208 218";"A01";"3";"7";"0";"1";"3";"15";"0";""
"201900052074";"138 208 217";"A01";"2";"7";"2";"0";"3";"1";"0";""
"201900052075";"138 208 216";"A01";"2";"7";"0";"0";"9";"1";"0";""
"201900052076";"138 208 215";"A01";"3";"7";"0";"1";"4";"4";"1";""
"201900052077";"138 208 214";"A01";"1";"7";"13";"0";"1";"1";"1";""
"201900052078";"138 208 213";"A01";"3";"7";"0";"1";"1";"13";"0";""
"201900052079";"138 208 212";"A01";"2";"7";"10";"0";"1";"0";"0";""
"201900052080";"138 208 210";"B01";"2";"7";"0";"2";"1";"1";"1";""
"201900052080";"138 208 211";"A01";"2";"7";"0";"2";"7";"19";"1";""
"201900052081";"138 208 208";"A01";"1";"7";"0";"2";"3";"15";"1";""
"201900052081";"138 208 209";"B01";"2";"30";"0";"2";"1";"17";"1";""
"201900052082";"138 208 206";"A01";"3";"1";"0";"2";"2";"1";"5";""
"201900052082";"138 208 207";"B01";"3";"7";"0";"2";"3";"16";"1";""
"201900052083";"138 208 205";"A01";"2";"7";"6";"0";"1";"1";"1";""
"201900052084";"138 208 202";"B01";"1";"7";"0";"2";"1";"1";"2";""
"201900052084";"138 208 203";"A01";"2";"7";"0";"2";"1";"13";"1";""
"201900052085";"138 208 201";"A01";"1";"7";"0";"0";"9";"0";"1";""
"201900052086";"138 208 200";"A01";"3";"35";"0";"0";"0";"16";"0";""
"201900052087";"138 208 198";"A01";"1";"10";"0";"2";"1";"17";"1";""
"201900052087";"138 208 199";"B01";"2";"7";"13";"0";"8";"0";"1";""
"201900052088";"138 208 194";"B01";"2";"7";"0";"2";"2";"2";"1";""
"201900052088";"138 208 195";"A01";"2";"13";"0";"2";"6";"1";"1";""
"201900052089";"138 208 191";"C01";"1";"7";"0";"2";"1";"13";"6";""
"201900052089";"138 208 192";"B01";"2";"7";"0";"2";"1";"1";"6";""
"201900052089";"138 208 193";"A01";"2";"7";"0";"2";"8";"1";"6";""
"201900052090";"138 208 189";"B01";"2";"1";"0";"2";"1";"1";"5";""
"201900052090";"138 208 190";"A01";"1";"7";"0";"9";"2";"15";"6";""
"201900052091";"138 208 188";"A01";"2";"7";"2";"0";"1";"14";"1";""
"201900052092";"138 208 186";"B01";"0";"7";"6";"1";"3";"26";"1";""
"201900052092";"138 208 187";"A01";"1";"7";"1";"0";"1";"1";"1";""
"201900052093";"138 208 184";"B01";"1";"33";"1";"0";"8";"1";"6";""
"201900052093";"138 208 185";"A01";"1";"7";"0";"2";"3";"19";"6";""
"201900052094";"138 208 183";"A01";"3";"7";"2";"0";"1";"0";"1";""
"201900052095";"138 208 179";"A01";"2";"7";"0";"0";"0";"0";"1";""
"201900052096";"138 208 178";"A01";"1";"7";"3";"0";"7";"1";"1";""
"201900052097";"138 208 175";"A01";"1";"7";"0";"2";"5";"2";"1";""
"201900052097";"138 208 176";"B01";"1";"7";"0";"2";"3";"2";"1";""
"201900052097";"138 208 177";"C01";"1";"7";"0";"2";"1";"2";"1";""
"201900052098";"138 208 174";"A01";"1";"7";"13";"0";"9";"1";"1";""
"201900052099";"138 208 172";"B01";"1";"7";"0";"2";"4";"23";"1";""
"201900052099";"138 208 173";"A01";"1";"7";"0";"2";"1";"2";"1";""
"201900052100";"138 208 170";"B01";"1";"7";"0";"2";"1";"1";"0";""
"201900052100";"138 208 171";"A01";"1";"15";"0";"2";"4";"1";"1";""
"201900052101";"138 208 168";"A01";"1";"7";"0";"2";"1";"2";"0";""
"201900052101";"138 208 169";"B01";"1";"7";"0";"2";"4";"2";"0";""
"201900052102";"138 208 166";"A01";"1";"33";"0";"2";"6";"2";"1";""
"201900052102";"138 208 167";"B01";"1";"7";"0";"9";"8";"1";"1";""
"201900052103";"138 208 164";"B01";"1";"10";"0";"2";"4";"2";"1";""
"201900052103";"138 208 165";"A01";"1";"10";"0";"2";"1";"2";"1";""
"201900052104";"138 208 160";"A01";"2";"10";"0";"2";"3";"1";"1";""
"201900052104";"138 208 161";"B01";"2";"10";"0";"0";"4";"1";"1";""
"201900052104";"138 208 162";"C01";"2";"31";"0";"2";"1";"1";"1";""
"201900052104";"138 208 163";"D01";"2";"31";"0";"2";"1";"1";"1";""
"201900052105";"138 208 159";"A01";"2";"31";"0";"0";"8";"13";"1";""
"201900052106";"138 208 157";"B01";"2";"7";"0";"2";"7";"1";"1";""
"201900052106";"138 208 158";"A01";"2";"10";"0";"2";"8";"13";"1";""
"201900052107";"138 208 153";"A01";"1";"7";"0";"2";"2";"1";"1";""
"201900052107";"138 208 154";"B01";"1";"7";"0";"0";"6";"2";"1";""
"201900052107";"138 208 155";"C01";"1";"7";"0";"2";"1";"1";"1";""
"201900052107";"138 208 156";"D01";"1";"7";"0";"2";"1";"1";"1";""
"201900052108";"138 208 151";"A01";"1";"33";"0";"2";"1";"2";"1";""
"201900052108";"138 208 152";"B01";"1";"10";"0";"2";"4";"2";"1";""
"201900052109";"138 208 149";"B01";"1";"7";"0";"2";"5";"23";"1";""
"201900052109";"138 208 150";"A01";"1";"10";"1";"0";"3";"2";"1";""
"201900052110";"138 208 148";"A01";"1";"7";"6";"0";"0";"0";"1";""
"201900052111";"138 208 146";"A01";"2";"33";"0";"2";"1";"1";"1";""
"201900052111";"138 208 147";"B01";"2";"7";"0";"2";"4";"2";"1";""
"201900052112";"138 208 144";"A01";"1";"32";"0";"2";"8";"3";"1";""
"201900052112";"138 208 145";"Z01";"1";"10";"0";"2";"0";"12";"1";""
"201900052113";"138 208 142";"A01";"2";"7";"4";"2";"2";"1";"1";""
"201900052113";"138 208 143";"B01";"2";"17";"0";"2";"8";"11";"1";""
"201900052114";"138 208 138";"B01";"1";"7";"0";"2";"4";"2";"1";""
"201900052114";"138 208 139";"A01";"1";"7";"0";"2";"1";"2";"1";""
"201900052115";"138 208 136";"B01";"2";"7";"0";"2";"5";"23";"1";""
"201900052115";"138 208 137";"A01";"2";"7";"0";"2";"3";"21";"1";""
"201900052116";"138 208 134";"A01";"1";"33";"0";"2";"4";"23";"1";""
"201900052116";"138 208 135";"B01";"1";"7";"0";"2";"2";"1";"1";""
"201900052117";"138 208 132";"B01";"2";"17";"0";"2";"2";"12";"1";""
"201900052117";"138 208 133";"A01";"2";"7";"6";"2";"6";"1";"1";""
"201900052118";"138 208 128";"B01";"3";"7";"0";"2";"4";"1";"1";""
"201900052118";"138 208 129";"A01";"3";"7";"0";"2";"1";"1";"1";""
"201900052119";"138 208 126";"B01";"0";"37";"0";"0";"0";"0";"0";"1"
"201900052119";"138 208 127";"A01";"0";"30";"0";"2";"1";"0";"0";""
"201900052120";"138 208 125";"A01";"3";"7";"0";"1";"1";"9";"1";""
"201900052121";"138 208 123";"A01";"3";"7";"0";"2";"3";"15";"1";""
"201900052121";"138 208 124";"B01";"3";"7";"0";"2";"3";"1";"1";""
"201900052122";"138 208 121";"B01";"1";"33";"0";"2";"1";"1";"1";""
"201900052122";"138 208 122";"A01";"2";"7";"0";"2";"8";"15";"1";""
"201900052123";"138 208 119";"A01";"3";"7";"0";"2";"1";"11";"1";""
"201900052123";"138 208 120";"B01";"3";"7";"0";"2";"4";"0";"1";""
"201900052124";"138 208 117";"B01";"1";"34";"1";"2";"8";"1";"1";""
"201900052124";"138 208 118";"A01";"1";"10";"0";"2";"3";"19";"1";""
"201900052125";"138 208 115";"A01";"1";"33";"15";"2";"2";"17";"1";""
"201900052125";"138 208 116";"B01";"2";"7";"0";"2";"2";"15";"1";""
"201900052126";"138 208 113";"B01";"2";"2";"0";"2";"4";"2";"1";""
"201900052126";"138 208 114";"A01";"2";"7";"0";"2";"2";"2";"1";""
"201900052127";"138 208 112";"Z01";"1";"7";"0";"6";"1";"17";"0";""
"201900052128";"138 208 109";"B01";"3";"7";"0";"2";"2";"15";"1";""
"201900052128";"138 208 110";"C01";"1";"7";"0";"1";"8";"23";"1";""
"201900052128";"138 208 111";"A01";"2";"32";"14";"2";"7";"1";"1";""
"201900052129";"138 208 107";"B01";"2";"7";"0";"2";"7";"9";"1";""
"201900052129";"138 208 108";"A01";"2";"7";"0";"2";"1";"9";"1";""
"201900052130";"138 208 106";"A01";"3";"1";"0";"1";"1";"5";"5";""
"201900052131";"138 208 104";"B01";"3";"80";"0";"2";"2";"17";"3";""
"201900052131";"138 208 105";"A01";"3";"20";"0";"2";"8";"10";"3";""
"201900052132";"138 208 103";"A01";"2";"31";"12";"0";"0";"26";"1";""
"201900052133";"138 208 100";"C01";"2";"7";"0";"2";"7";"21";"1";""
"201900052133";"138 208 101";"B01";"1";"7";"0";"2";"1";"1";"1";""
"201900052133";"138 208 102";"A01";"2";"7";"0";"2";"1";"13";"1";""
"201900052134";"138 208 095";"A01";"2";"33";"0";"2";"1";"2";"1";""
"201900052134";"138 208 096";"B01";"2";"7";"0";"2";"6";"1";"1";""
"201900052135";"138 208 094";"A01";"1";"7";"0";"1";"7";"1";"6";""
"201900052136";"138 208 092";"A01";"1";"7";"0";"2";"1";"2";"1";""
"201900052136";"138 208 093";"B01";"1";"33";"0";"2";"4";"23";"1";""
"201900052137";"138 208 090";"A01";"1";"7";"0";"2";"3";"15";"1";""
"201900052137";"138 208 091";"B01";"1";"2";"0";"2";"7";"1";"1";""
"201900052138";"138 208 088";"B01";"2";"7";"0";"2";"4";"15";"1";""
"201900052138";"138 208 089";"A01";"2";"33";"0";"2";"1";"17";"1";""
"201900052139";"138 208 087";"A01";"1";"10";"0";"1";"4";"20";"1";""
"201900052140";"138 208 083";"A01";"1";"7";"0";"2";"7";"15";"1";""
"201900052140";"138 208 084";"B01";"1";"33";"0";"2";"7";"1";"1";""
"201900052141";"138 208 081";"B01";"1";"10";"0";"2";"1";"2";"1";""
"201900052141";"138 208 082";"A01";"3";"7";"0";"2";"1";"13";"1";""
"201900052142";"138 208 079";"Y01";"3";"50";"0";"2";"6";"17";"3";""
"201900052142";"138 208 080";"Z01";"3";"7";"0";"1";"0";"16";"0";""
"201900052143";"138 208 077";"A01";"3";"7";"3";"2";"6";"19";"1";""
"201900052143";"138 208 078";"B01";"1";"7";"0";"2";"1";"1";"1";""
"201900052144";"138 208 075";"Z01";"1";"0";"0";"2";"1";"1";"1";""
"201900052144";"138 208 076";"B01";"1";"7";"0";"2";"2";"1";"1";""
"201900052145";"138 208 073";"A01";"3";"7";"0";"2";"3";"1";"1";""
"201900052145";"138 208 074";"B01";"3";"2";"0";"2";"4";"15";"1";""
"201900052146";"138 208 071";"A01";"2";"7";"0";"2";"6";"19";"1";""
"201900052146";"138 208 072";"B01";"1";"33";"0";"2";"1";"1";"1";""