"Num_Acc";"id_vehicule";"num_veh";"senc";"catv";"obs";"obsm";"choc";"manv";"motor";"occutc"
"201900052533";"138 207 274";"Z01";"2";"7";"0";"1";"0";"0";"0";""
"201900052534";"138 207 273";"A01";"1";"32";"0";"0";"8";"1";"1";""
"201900052535";"138 207 271";"A01";"1";"34";"0";"2";"1";"1";"3";""
"201900052535";"138 207 272";"B01";"1";"7";"0";"2";"3";"1";"1";""
"201900052536";"138 207 270";"A01";"1";"7";"6";"0";"1";"1";"1";""
"201900052537";"138 207 268";"B01";"2";"7";"0";"2";"1";"1";"1";""
"201900052537";"138 207 269";"A01";"2";"7";"0";"2";"7";"1";"1";""
"201900052538";"138 207 266";"B01";"0";"7";"0";"2";"4";"9";"1";""
"201900052538";"138 207 267";"A01";"0";"1";"0";"2";"1";"1";"5";""
"201900052539";"138 207 264";"B01";"1";"32";"0";"2";"1";"17";"0";""
"201900052539";"138 207 265";"A01";"1";"7";"0";"0";"6";"11";"1";""
"201900052540";"138 207 262";"A01";"2";"7";"0";"2";"2";"1";"1";""
"201900052540";"138 207 263";"B01";"0";"1";"0";"2";"1";"19";"5";""
"201900052541";"138 207 260";"B01";"0";"7";"0";"2";"6";"1";"1";""
"201900052541";"138 207 261";"A01";"0";"7";"0";"2";"1";"1";"1";""
"201900052542";"138 207 256";"A01";"1";"7";"14";"0";"1";"1";"1";""
"201900052542";"138 207 257";"B01";"1";"7";"0";"2";"4";"1";"1";""
"201900052543";"138 207 254";"A01";"2";"30";"0";"2";"2";"17";"1";""
"201900052543";"138 207 255";"B01";"2";"7";"0";"2";"3";"23";"1";""
"201900052544";"138 207 252";"B01";"1";"7";"0";"2";"4";"2";"1";""
"201900052544";"138 207 253";"A01";"1";"33";"0";"2";"1";"2";"1";""
"201900052545";"138 207 250";"B01";"3";"1";"0";"2";"7";"1";"5";""
"201900052545";"138 207 251";"A01";"1";"7";"0";"2";"0";"9";"1";""
"201900052546";"138 207 248";"A01";"1";"2";"0";"2";"1";"1";"1";""
"201900052546";"138 207 249";"B01";"2";"7";"0";"2";"3";"1";"1";""
"201900052547";"138 207 245";"A01";"2";"7";"0";"2";"3";"15";"1";""
"201900052547";"138 207 246";"B01";"2";"7";"0";"2";"7";"1";"1";""
"201900052547";"138 207 247";"C01";"1";"7";"0";"2";"3";"1";"1";""
"201900052548";"138 207 244";"A01";"1";"10";"0";"1";"2";"9";"1";""
"201900052549";"138 207 242";"A01";"1";"2";"0";"2";"4";"1";"1";""
"201900052549";"138 207 243";"Z01";"1";"7";"0";"2";"1";"17";"1";""
"201900052550";"138 207 238";"A01";"1";"32";"8";"0";"8";"1";"1";""
"201900052551";"138 207 236";"B01";"2";"33";"0";"2";"7";"17";"1";""
"201900052551";"138 207 237";"A01";"2";"3";"0";"2";"8";"15";"1";""
"201900052552";"138 207 235";"Z01";"2";"7";"0";"1";"2";"1";"0";""
"201900052553";"138 207 233";"A01";"1";"7";"0";"2";"1";"2";"1";""
"201900052553";"138 207 234";"B01";"1";"7";"0";"0";"4";"2";"1";""
"201900052554";"138 207 232";"A01";"0";"7";"0";"1";"2";"16";"1";""
"201900052555";"138 207 230";"B01";"3";"13";"0";"2";"5";"1";"1";""
"201900052555";"138 207 231";"A01";"0";"7";"0";"2";"1";"9";"1";""
"201900052556";"138 207 228";"B01";"3";"7";"0";"2";"4";"2";"1";""
"201900052556";"138 207 229";"A01";"0";"10";"0";"2";"1";"2";"1";""
"201900052557";"138 207 227";"A01";"0";"7";"0";"1";"1";"1";"1";""
"201900052558";"138 207 224";"A01";"3";"7";"0";"2";"5";"9";"1";""
"201900052558";"138 207 225";"B01";"3";"7";"0";"2";"1";"26";"1";""
"201900052559";"138 207 223";"A01";"3";"7";"0";"1";"2";"26";"1";""
"201900052560";"138 207 221";"B01";"0";"7";"0";"2";"3";"19";"1";""
"201900052560";"138 207 222";"A01";"3";"7";"0";"2";"0";"26";"0";""
"201900052561";"138 207 217";"B01";"2";"7";"0";"2";"4";"1";"1";""
"201900052561";"138 207 218";"A01";"2";"7";"0";"2";"1";"2";"1";""
"201900052562";"138 207 215";"A01";"1";"7";"0";"2";"5";"26";"1";""
"201900052562";"138 207 216";"Z01";"2";"1";"0";"2";"0";"0";"5";""
"201900052563";"138 207 214";"A01";"2";"7";"4";"0";"3";"11";"1";""
"201900052564";"138 207 207";"A01";"1";"1";"0";"2";"1";"1";"5";""
"201900052564";"138 207 208";"B01";"2";"7";"0";"2";"1";"16";"1";""
"201900052565";"138 207 205";"A01";"2";"7";"0";"2";"1";"2";"1";""
"201900052565";"138 207 206";"B01";"1";"7";"0";"2";"1";"2";"1";""
"201900052566";"138 207 203";"A01";"2";"7";"0";"2";"3";"2";"1";""
"201900052566";"138 207 204";"B01";"1";"7";"0";"2";"6";"10";"1";""
"201900052567";"138 207 201";"B01";"3";"33";"0";"2";"1";"1";"1";""
"201900052567";"138 207 202";"A01";"3";"7";"0";"2";"3";"10";"1";""
"201900052568";"138 207 199";"A01";"3";"7";"0";"2";"6";"1";"1";""
"201900052568";"138 207 200";"Z01";"3";"7";"0";"2";"1";"0";"0";""
"201900052569";"138 207 197";"B01";"2";"33";"0";"2";"4";"1";"1";""
"201900052569";"138 207 198";"A01";"2";"7";"0";"2";"1";"1";"1";""
"201900052570";"138 207 196";"A01";"1";"50";"0";"0";"0";"21";"3";""
"201900052571";"138 207 195";"A01";"1";"7";"0";"1";"4";"20";"1";""
"201900052572";"138 207 194";"A01";"1";"7";"0";"1";"4";"20";"1";""
"201900052573";"138 207 191";"C01";"1";"7";"0";"2";"4";"1";"1";""
"201900052573";"138 207 192";"B01";"1";"7";"0";"2";"1";"2";"1";""
"201900052573";"138 207 193";"A01";"1";"7";"0";"2";"1";"2";"1";""
"201900052574";"138 207 189";"A01";"1";"3";"0";"2";"7";"14";"1";""
"201900052574";"138 207 190";"B01";"1";"3";"2";"2";"8";"0";"1";""
"201900052575";"138 207 187";"B01";"1";"34";"0";"2";"7";"15";"1";""
"201900052575";"138 207 188";"A01";"1";"13";"0";"2";"1";"1";"1";""
"201900052576";"138 207 186";"A01";"2";"50";"0";"0";"0";"26";"3";""
"201900052577";"138 207 183";"A01";"1";"7";"0";"2";"1";"1";"1";""
"201900052577";"138 207 184";"B01";"1";"7";"0";"2";"1";"1";"1";""
"201900052577";"138 207 185";"C01";"1";"7";"0";"2";"4";"1";"1";""
"201900052578";"138 207 181";"B01";"2";"10";"0";"2";"4";"2";"0";""
"201900052578";"138 207 182";"A01";"2";"30";"0";"2";"1";"2";"1";""
"201900052579";"138 207 180";"A01";"2";"30";"0";"1";"1";"19";"6";""
"201900052580";"138 207 179";"A01";"2";"7";"0";"1";"3";"1";"1";""
"201900052581";"138 207 177";"A01";"1";"7";"0";"2";"1";"9";"0";""
"201900052581";"138 207 178";"B01";"1";"10";"0";"2";"8";"26";"0";""
"201900052582";"138 207 175";"A01";"0";"32";"0";"2";"1";"1";"0";""
"201900052582";"138 207 176";"B01";"1";"7";"0";"2";"6";"10";"0";""
"201900052583";"138 207 173";"A01";"3";"7";"0";"2";"1";"9";"1";""
"201900052583";"138 207 174";"B01";"3";"7";"0";"2";"8";"1";"1";""
"201900052584";"138 207 171";"B01";"3";"7";"0";"2";"8";"16";"1";""
"201900052584";"138 207 172";"A01";"3";"31";"0";"2";"1";"1";"1";""
"201900052585";"138 207 170";"A01";"3";"7";"0";"1";"3";"1";"0";""
"201900052586";"138 207 168";"B01";"3";"1";"1";"0";"1";"2";"5";""
"201900052586";"138 207 169";"A01";"3";"10";"0";"0";"8";"23";"0";""
"201900052587";"138 207 166";"B01";"1";"10";"0";"2";"1";"1";"1";""
"201900052587";"138 207 167";"A01";"1";"3";"0";"2";"3";"19";"1";""
"201900052588";"138 207 164";"B01";"3";"1";"0";"2";"1";"1";"5";""
"201900052588";"138 207 165";"A01";"3";"7";"0";"0";"2";"1";"1";""
"201900052589";"138 207 162";"B01";"1";"7";"0";"2";"1";"1";"1";""
"201900052589";"138 207 163";"A01";"1";"7";"0";"2";"8";"9";"1";""
"201900052590";"138 207 160";"B01";"1";"7";"0";"2";"1";"0";"1";""
"201900052590";"138 207 161";"A01";"1";"7";"9";"2";"8";"1";"1";""
"201900052591";"138 207 158";"B01";"3";"7";"0";"2";"7";"15";"1";""
"201900052591";"138 207 159";"A01";"3";"2";"0";"2";"1";"1";"1";""
"201900052592";"138 207 157";"A01";"2";"7";"3";"0";"9";"1";"1";""
"201900052593";"138 207 155";"A01";"1";"21";"0";"2";"1";"23";"1";""
"201900052593";"138 207 156";"B01";"2";"7";"0";"2";"2";"1";"1";""
"201900052594";"138 207 153";"A01";"1";"7";"0";"2";"2";"2";"1";""
"201900052594";"138 207 154";"B01";"1";"7";"0";"2";"6";"1";"1";""
"201900052595";"138 207 152";"A01";"1";"7";"16";"0";"8";"1";"1";""
"201900052596";"138 207 150";"A01";"3";"7";"0";"2";"2";"21";"1";""
"201900052596";"138 207 151";"B01";"3";"7";"0";"0";"2";"21";"1";""
"201900052597";"138 207 147";"C01";"2";"7";"0";"2";"1";"1";"0";""
"201900052597";"138 207 148";"B01";"2";"7";"0";"2";"4";"23";"0";""
"201900052597";"138 207 149";"A01";"2";"7";"0";"0";"5";"23";"0";""
"201900052598";"138 207 145";"B01";"2";"7";"0";"2";"3";"13";"1";""
"201900052598";"138 207 146";"A01";"1";"14";"0";"2";"1";"1";"1";""
"201900052599";"138 207 144";"A01";"2";"7";"15";"0";"1";"1";"1";""
"201900052600";"138 207 143";"A01";"1";"7";"2";"0";"8";"13";"1";""
"201900052601";"138 207 142";"A01";"2";"7";"0";"1";"2";"1";"1";""
"201900052602";"138 207 140";"B01";"1";"2";"0";"2";"1";"1";"1";""
"201900052602";"138 207 141";"A01";"2";"7";"0";"0";"2";"15";"1";""
"201900052603";"138 207 138";"A01";"1";"7";"0";"1";"3";"1";"1";""
"201900052603";"138 207 139";"B01";"2";"60";"0";"2";"3";"26";"5";""
"201900052604";"138 207 137";"A01";"2";"7";"0";"1";"1";"1";"6";""
"201900052605";"138 207 136";"A01";"1";"7";"17";"0";"2";"1";"1";""
"201900052606";"138 207 134";"B01";"2";"7";"0";"2";"8";"1";"0";""
"201900052606";"138 207 135";"A01";"2";"7";"0";"2";"7";"1";"1";""
"201900052607";"138 207 132";"B01";"1";"1";"0";"2";"3";"1";"5";""
"201900052607";"138 207 133";"A01";"2";"7";"0";"2";"1";"15";"1";""
"201900052608";"138 207 129";"A01";"1";"17";"0";"2";"6";"13";"0";""
"201900052608";"138 207 130";"B01";"2";"7";"0";"2";"3";"1";"1";""
"201900052608";"138 207 131";"C01";"2";"7";"0";"2";"9";"1";"1";""
"201900052609";"138 207 128";"A01";"2";"7";"0";"1";"1";"1";"1";""
"201900052610";"138 207 125";"B01";"2";"2";"0";"2";"4";"2";"1";""
"201900052610";"138 207 126";"A01";"2";"7";"0";"2";"2";"2";"1";""
"201900052611";"138 207 123";"B01";"1";"1";"0";"9";"0";"1";"6";""
"201900052611";"138 207 124";"A01";"1";"3";"0";"0";"0";"0";"0";""
"201900052612";"138 207 119";"A01";"1";"7";"0";"2";"7";"1";"1";""
"201900052612";"138 207 120";"B01";"2";"7";"0";"2";"3";"1";"1";""
"201900052613";"138 207 118";"A01";"2";"32";"12";"0";"4";"1";"1";""
"201900052614";"138 207 116";"A01";"2";"7";"0";"0";"0";"1";"1";""
"201900052614";"138 207 117";"B01";"1";"1";"0";"0";"0";"5";"5";""
"201900052615";"138 207 114";"B01";"1";"14";"0";"0";"4";"16";"1";""
"201900052615";"138 207 115";"A01";"1";"7";"0";"2";"1";"1";"1";""
"201900052616";"138 207 112";"B01";"2";"15";"0";"0";"3";"1";"1";""
"201900052616";"138 207 113";"A01";"1";"10";"0";"2";"3";"13";"1";""
"201900052617";"138 207 110";"B01";"2";"10";"0";"2";"1";"1";"1";""
"201900052617";"138 207 111";"A01";"1";"7";"0";"2";"1";"17";"1";""
"201900052618";"138 207 108";"A01";"1";"10";"0";"2";"2";"15";"1";""
"201900052618";"138 207 109";"B01";"2";"2";"0";"0";"8";"1";"1";""
"201900052619";"138 207 106";"B01";"2";"17";"0";"0";"4";"1";"1";""
"201900052619";"138 207 107";"A01";"2";"7";"0";"2";"1";"12";"1";""
"201900052620";"138 207 104";"B01";"1";"2";"0";"2";"1";"1";"1";""
"201900052620";"138 207 105";"A01";"1";"7";"0";"9";"3";"26";"1";""
"201900052621";"138 207 103";"A01";"1";"31";"0";"0";"9";"17";"1";""
"201900052622";"138 207 101";"B01";"2";"7";"0";"0";"4";"2";"1";""
"201900052622";"138 207 102";"A01";"2";"2";"0";"2";"1";"2";"1";""
"201900052623";"138 207 097";"A01";"0";"7";"0";"2";"1";"13";"0";""
"201900052623";"138 207 098";"B01";"0";"7";"0";"2";"3";"1";"0";""
"201900052623";"138 207 099";"C01";"0";"7";"0";"2";"1";"1";"0";""
"201900052624";"138 207 093";"D01";"1";"7";"0";"2";"4";"2";"1";""
"201900052624";"138 207 094";"C01";"2";"7";"0";"2";"8";"23";"1";""
"201900052624";"138 207 095";"B01";"1";"37";"14";"0";"1";"1";"1";"1"
"201900052624";"138 207 096";"A01";"2";"32";"0";"2";"2";"23";"1";""
"201900052625";"138 207 091";"B01";"2";"7";"0";"0";"4";"1";"1";""
"201900052625";"138 207 092";"A01";"2";"7";"0";"2";"1";"2";"1";""
"201900052626";"138 207 088";"C01";"2";"7";"0";"2";"8";"1";"1";""
"201900052626";"138 207 089";"B01";"2";"10";"0";"2";"1";"1";"1";""
"201900052626";"138 207 090";"A01";"1";"17";"3";"0";"3";"1";"1";""
"201900052627";"138 207 087";"A01";"2";"7";"4";"0";"1";"1";"1";""
"201900052628";"138 207 085";"B01";"1";"14";"0";"2";"7";"12";"1";""
"201900052628";"138 207 086";"A01";"1";"7";"4";"2";"8";"1";"1";""
"201900052629";"138 207 081";"B01";"3";"7";"0";"0";"6";"15";"1";""
"201900052629";"138 207 082";"A01";"3";"33";"0";"2";"1";"17";"1";""
"201900052630";"138 207 079";"B01";"3";"31";"15";"2";"7";"17";"1";""
"201900052630";"138 207 080";"A01";"3";"7";"0";"2";"3";"15";"0";""
"201900052631";"138 207 078";"A01";"2";"7";"2";"0";"9";"14";"1";""
"201900052632";"138 207 077";"A01";"2";"7";"2";"0";"7";"1";"1";""
"201900052633";"138 207 076";"A01";"1";"7";"8";"0";"3";"0";"1";""
"201900052634";"138 207 074";"B01";"0";"10";"0";"2";"3";"15";"1";""
"201900052634";"138 207 075";"A01";"0";"10";"0";"2";"2";"1";"1";""
"201900052635";"138 207 073";"A01";"1";"7";"0";"1";"2";"1";"1";""
"201900052636";"138 207 070";"A01";"3";"7";"0";"2";"1";"0";"1";""
"201900052636";"138 207 071";"B01";"3";"7";"0";"2";"1";"0";"3";""
"201900052636";"138 207 072";"C01";"3";"7";"0";"2";"1";"0";"1";""
"201900052637";"138 207 068";"A01";"2";"7";"3";"2";"7";"13";"1";""
"201900052637";"138 207 069";"B01";"1";"17";"0";"2";"2";"1";"1";""
"201900052638";"138 207 067";"A01";"3";"7";"1";"0";"1";"13";"1";""
"201900052639";"138 207 065";"A01";"2";"7";"0";"2";"1";"1";"1";""
"201900052639";"138 207 066";"B01";"2";"7";"0";"2";"8";"19";"1";""
"201900052640";"138 207 064";"A01";"2";"2";"0";"1";"1";"0";"1";""
"201900052641";"138 207 063";"A01";"0";"7";"0";"1";"1";"0";"0";""
"201900052642";"138 207 061";"B01";"2";"7";"0";"2";"1";"1";"1";""
"201900052642";"138 207 062";"A01";"1";"7";"0";"2";"7";"13";"1";""
"201900052643";"138 207 059";"A01";"1";"7";"0";"2";"1";"9";"0";""
"201900052643";"138 207 060";"B01";"1";"2";"0";"2";"7";"1";"0";""
"201900052644";"138 207 057";"B01";"2";"31";"0";"2";"1";"1";"1";""
"201900052644";"138 207 058";"A01";"1";"7";"0";"0";"5";"15";"1";""
"201900052645";"138 207 056";"A01";"3";"99";"13";"0";"7";"1";"1";""
"201900052646";"138 207 054";"B01";"1";"10";"0";"2";"0";"1";"1";""
"201900052646";"138 207 055";"C01";"2";"7";"0";"2";"3";"1";"1";""
"201900052647";"138 207 052";"A01";"2";"7";"0";"2";"1";"19";"1";""
"201900052647";"138 207 053";"B01";"2";"7";"0";"2";"7";"1";"1";""
"201900052648";"138 207 050";"B01";"1";"33";"0";"2";"3";"26";"1";""
"201900052648";"138 207 051";"A01";"1";"7";"0";"2";"7";"2";"1";""
"201900052649";"138 207 047";"C01";"2";"7";"0";"2";"1";"2";"1";""
"201900052649";"138 207 048";"B01";"2";"7";"0";"2";"4";"2";"1";""
"201900052649";"138 207 049";"A01";"2";"7";"0";"2";"4";"2";"1";""
"201900052650";"138 207 045";"A01";"1";"7";"0";"0";"4";"9";"1";""
"201900052650";"138 207 046";"B01";"1";"7";"0";"0";"1";"9";"1";""
"201900052651";"138 207 043";"B01";"1";"7";"0";"2";"1";"26";"1";""
"201900052651";"138 207 044";"A01";"1";"32";"0";"2";"1";"1";"1";""
"201900052652";"138 207 042";"A01";"1";"7";"3";"0";"2";"2";"1";""
"201900052653";"138 207 040";"B01";"1";"10";"0";"2";"6";"2";"1";""
"201900052653";"138 207 041";"Z01";"1";"10";"0";"2";"1";"2";"1";""
"201900052654";"138 207 038";"B01";"1";"7";"0";"2";"1";"1";"1";""
"201900052654";"138 207 039";"A01";"1";"7";"0";"2";"4";"23";"1";""
"201900052655";"138 207 037";"A01";"2";"7";"3";"0";"1";"14";"1";""
"201900052656";"138 207 034";"A01";"1";"7";"0";"2";"1";"2";"1";""
"201900052656";"138 207 035";"B01";"1";"7";"0";"2";"4";"2";"1";""
"201900052656";"138 207 036";"C01";"1";"17";"0";"2";"4";"2";"1";""
"201900052657";"138 207 032";"B01";"2";"7";"0";"2";"5";"1";"1";""
"201900052657";"138 207 033";"A01";"2";"33";"0";"2";"1";"3";"1";""
"201900052658";"138 207 030";"B01";"2";"15";"0";"2";"2";"1";"1";""
"201900052658";"138 207 031";"A01";"2";"7";"0";"2";"6";"18";"1";""
"201900052659";"138 207 028";"A01";"1";"15";"0";"2";"2";"12";"1";""
"201900052659";"138 207 029";"B01";"1";"7";"0";"2";"8";"2";"1";""
"201900052660";"138 207 026";"A01";"2";"15";"0";"2";"1";"12";"1";""
"201900052660";"138 207 027";"B01";"2";"7";"0";"2";"8";"2";"1";""
"201900052661";"138 207 024";"A01";"1";"33";"0";"2";"2";"3";"1";""
"201900052661";"138 207 025";"B01";"1";"10";"0";"2";"6";"1";"1";""
"201900052662";"138 207 023";"A01";"2";"7";"14";"0";"3";"14";"1";""
"201900052663";"138 207 021";"B01";"1";"7";"0";"2";"6";"1";"1";""
"201900052663";"138 207 022";"A01";"1";"7";"0";"2";"2";"14";"1";""
"201900052664";"138 207 018";"C01";"2";"7";"0";"2";"4";"2";"1";""
"201900052664";"138 207 019";"B01";"2";"7";"0";"2";"4";"2";"1";""
"201900052664";"138 207 020";"A01";"2";"7";"0";"2";"1";"2";"1";""
"201900052665";"138 207 016";"A01";"1";"10";"0";"2";"3";"9";"1";""
"201900052665";"138 207 017";"B01";"1";"17";"0";"2";"5";"1";"1";""
"201900052666";"138 207 014";"B01";"1";"32";"0";"2";"3";"3";"1";""
"201900052666";"138 207 015";"A01";"1";"7";"0";"2";"7";"12";"1";""
"201900052667";"138 207 012";"A01";"1";"7";"0";"2";"1";"1";"1";""
"201900052667";"138 207 013";"B01";"1";"7";"0";"2";"5";"2";"1";""
"201900052668";"138 207 011";"A01";"2";"33";"3";"0";"3";"1";"1";""
"201900052669";"138 207 009";"B01";"2";"7";"0";"2";"6";"11";"1";""
"201900052669";"138 207 010";"A01";"2";"16";"0";"2";"2";"12";"1";""
"201900052670";"138 207 007";"B01";"2";"17";"0";"2";"1";"1";"1";""
"201900052670";"138 207 008";"A01";"2";"7";"3";"2";"4";"14";"1";""
"201900052671";"138 207 005";"A01";"2";"10";"0";"2";"6";"11";"1";""
"201900052671";"138 207 006";"B01";"2";"33";"0";"2";"7";"3";"1";""
"201900052672";"138 207 003";"A01";"2";"7";"0";"2";"2";"14";"1";""
"201900052672";"138 207 004";"B01";"2";"34";"0";"2";"9";"3";"1";""
"201900052673";"138 207 001";"A01";"1";"7";"3";"0";"2";"1";"3";""
"201900052674";"138 206 999";"B01";"2";"7";"0";"2";"2";"3";"1";""
"201900052674";"138 207 000";"A01";"2";"7";"0";"2";"8";"11";"1";""
"201900052675";"138 206 997";"B01";"1";"2";"0";"2";"4";"2";"1";""
"201900052675";"138 206 998";"A01";"1";"7";"0";"2";"1";"11";"1";""
"201900052676";"138 206 995";"A01";"1";"7";"0";"2";"1";"1";"0";""
"201900052676";"138 206 996";"B01";"1";"33";"0";"2";"4";"2";"1";""
"201900052677";"138 206 993";"B01";"2";"7";"0";"2";"3";"15";"1";""
"201900052677";"138 206 994";"A01";"3";"30";"0";"2";"2";"17";"0";""
"201900052678";"138 206 991";"A01";"0";"7";"0";"0";"1";"1";" -1";""
"201900052678";"138 206 992";"B01";"0";"10";"0";"0";"8";"1";" -1";""
"201900052679";"138 206 990";"A01";"2";"10";"0";"1";"1";"1";"1";""
"201900052680";"138 206 988";"B01";"2";"7";"0";"2";"8";"15";"1";""
"201900052680";"138 206 989";"A01";"1";"30";"0";"2";"1";"1";"1";""
"201900052681";"138 206 984";"B01";"3";"7";"0";"2";"4";"2";"2";""
"201900052681";"138 206 985";"A01";"3";"7";"0";"2";"1";"2";"1";""
"201900052682";"138 206 982";"A01";"3";"20";"0";"2";"7";"12";"0";""
"201900052682";"138 206 983";"B01";"3";"7";"0";"2";"8";"1";"0";""
"201900052683";"138 206 981";"C01";"1";"10";"0";"1";"1";"9";"0";""
"201900052684";"138 206 979";"A01";"1";"7";"0";"2";"1";"15";"1";""
"201900052684";"138 206 980";"B01";"2";"33";"0";"2";"3";"1";"1";""
"201900052685";"138 206 977";"B01";"0";"7";"0";"2";"4";"1";"1";""
"201900052685";"138 206 978";"A01";"0";"7";"0";"2";"1";"1";"1";""
"201900052686";"138 206 976";"A01";"1";"30";"0";"0";"1";"14";"1";""
"201900052687";"138 206 975";"A01";"3";"7";"0";"1";"4";"4";"0";""
"201900052688";"138 206 973";"A01";"1";"7";"1";"0";"4";"14";"1";""
"201900052688";"138 206 974";"B01";"1";"7";"15";"0";"0";"0";"1";""
"201900052689";"138 206 971";"A01";"1";"7";"0";"2";"3";"1";"2";""
"201900052689";"138 206 972";"B01";"2";"2";"0";"2";"0";"17";"1";""
"201900052690";"138 206 970";"A01";"2";"1";"0";"1";"1";"1";"5";""
"201900052691";"138 206 969";"A01";"2";"7";"0";"1";"2";"1";"0";""
"201900052692";"138 206 968";"A01";"3";"7";"0";"1";"3";"15";"1";""
"201900052693";"138 206 966";"B01";"1";"7";"0";"2";"4";"0";"1";""
"201900052693";"138 206 967";"A01";"1";"7";"0";"2";"1";"2";"1";""
"201900052694";"138 206 964";"B01";"2";"33";"0";"2";"1";"0";"1";""
"201900052694";"138 206 965";"A01";"1";"7";"0";"2";"1";"1";"1";""
"201900052695";"138 206 962";"A01";"3";"7";"0";"2";"2";"9";"1";""
"201900052695";"138 206 963";"B01";"3";"34";"0";"2";"1";"3";"1";""
"201900052696";"138 206 958";"A01";"1";"1";"0";"2";"4";"19";"5";""
"201900052696";"138 206 959";"B01";"3";"7";"0";"6";"1";"1";"1";""
"201900052697";"138 206 957";"A01";"0";"33";"0";"0";"0";"9";"1";""
"201900052698";"138 206 956";"A01";"2";"33";"0";"1";"3";"1";"1";""
"201900052699";"138 206 954";"A01";"1";"33";"0";"2";"1";"26";"1";""
"201900052699";"138 206 955";"B01";"1";"7";"0";"2";"4";"1";"1";""
"201900052700";"138 206 952";"B01";"2";"15";"0";"2";"4";"2";"0";""
"201900052700";"138 206 953";"A01";"2";"7";"0";"2";"2";"2";"1";""
"201900052701";"138 206 950";"A01";"1";"10";"0";"2";"1";"2";"1";""
"201900052701";"138 206 951";"B01";"2";"7";"0";"2";"4";"2";"1";""
"201900052702";"138 206 949";"A01";"1";"31";"0";"0";"0";"2";"0";""
"201900052703";"138 206 947";"B01";"3";"7";"0";"2";"4";"2";"0";""
"201900052703";"138 206 948";"A01";"3";"14";"0";"2";"1";"2";"0";""
"201900052704";"138 206 945";"A01";"1";"30";"0";"2";"3";"16";"1";""
"201900052704";"138 206 946";"B01";"2";"7";"0";"2";"2";"1";"1";""
"201900052705";"138 206 943";"A01";"2";"7";"0";"2";"1";"17";"1";""
"201900052705";"138 206 944";"B01";"1";"7";"0";"2";"3";"1";"1";""
"201900052706";"138 206 942";"A01";"1";"7";"0";"1";"1";"15";"1";""
"201900052707";"138 206 940";"B01";"2";"7";"0";"2";"1";"13";"1";""
"201900052707";"138 206 941";"A01";"2";"7";"0";"2";"3";"10";"1";""
"201900052708";"138 206 938";"A01";"1";"7";"0";"2";"3";"9";"1";""
"201900052708";"138 206 939";"B01";"1";"34";"0";"2";"2";"12";"1";""
"201900052709";"138 206 936";"B01";"0";"7";"0";"2";"4";"1";"1";""
"201900052709";"138 206 937";"A01";"0";"7";"0";"2";"1";"1";"1";""
"201900052710";"138 206 934";"A01";"3";"7";"0";"2";"3";"26";"1";""
"201900052710";"138 206 935";"B01";"2";"2";"0";"2";"1";"6";"1";""
"201900052711";"138 206 929";"A01";"2";"7";"0";"1";"3";"1";"1";""
"201900052712";"138 206 928";"A01";"1";"7";"0";"1";"4";"4";"1";""
"201900052713";"138 206 927";"A01";"2";"7";"8";"0";"2";"1";"1";""
"201900052714";"138 206 923";"B01";"2";"50";"0";"2";"1";"1";"3";""
"201900052714";"138 206 924";"A01";"1";"7";"0";"2";"3";"15";"1";""
"201900052715";"138 206 922";"A01";"1";"50";"0";"0";"1";"1";"3";""
"201900052716";"138 206 920";"Z01";"2";"7";"0";"0";"0";"9";"1";""
"201900052716";"138 206 921";"B01";"2";"33";"16";"0";"7";"21";"1";""
"201900052717";"138 206 918";"A01";"3";"33";"0";"2";"1";"2";"1";""
"201900052717";"138 206 919";"B01";"3";"7";"0";"2";"4";"2";"1";""
"201900052718";"138 206 916";"A01";"2";"7";"0";"2";"1";"2";"1";""
"201900052718";"138 206 917";"B01";"2";"7";"0";"2";"4";"2";"1";""
"201900052719";"138 206 915";"A01";"3";"10";"0";"1";"7";"1";"1";""
"201900052720";"138 206 914";"A01";"3";"33";"0";"1";"1";"21";"1";""
"201900052721";"138 206 912";"A01";"1";"7";"0";"2";"1";"19";"1";""
"201900052721";"138 206 913";"B01";"1";"7";"0";"2";"8";"1";"1";""
"201900052722";"138 206 911";"A01";"1";"30";"0";"2";"1";"9";"0";""
"201900052723";"138 206 910";"A01";"1";"7";"0";"1";"1";"1";"1";""
"201900052724";"138 206 908";"B01";"1";"1";"1";"0";"1";"1";"5";""
"201900052724";"138 206 909";"A01";"1";"7";"0";"2";"2";"24";"1";""
"201900052725";"138 206 906";"B01";"2";"1";"0";"2";"8";"2";"5";""
"201900052725";"138 206 907";"A01";"2";"15";"0";"2";"5";"2";"1";""
"201900052726";"138 206 904";"A01";"1";"10";"0";"2";"6";"20";"1";""
"201900052726";"138 206 905";"B01";"1";"2";"0";"2";"7";"1";"1";""
"201900052727";"138 206 901";"A01";"1";"7";"0";"1";"1";"15";"1";""
"201900052728";"138 206 897";"A01";"1";"7";"0";"2";"3";"9";"1";""
"201900052728";"138 206 898";"B01";"2";"2";"0";"2";"2";"1";"1";""
"201900052729";"138 206 894";"B01";"2";"10";"0";"2";"1";"1";"1";""
"201900052729";"138 206 895";"A01";"1";"7";"0";"2";"1";"15";"1";""
"201900052730";"138 206 893";"A01";"2";"7";"0";"1";"2";"26";"1";""