"Num_Acc";"id_vehicule";"num_veh";"senc";"catv";"obs";"obsm";"choc";"manv";"motor";"occutc"
"201900052731";"138 206 890";"C01";"1";"7";"0";"2";"4";"1";"1";""
"201900052731";"138 206 891";"B01";"1";"7";"0";"2";"4";"1";"1";""
"201900052731";"138 206 892";"A01";"1";"7";"0";"2";"1";"1";"1";""
"201900052732";"138 206 889";"A01";"1";"1";"0";"1";"1";"1";"5";""
"201900052733";"138 206 887";"A01";"2";"7";"0";"2";"5";"15";"1";""
"201900052733";"138 206 888";"B01";"1";"1";"0";"2";"1";"2";"0";""
"201900052734";"138 206 884";"A01";"3";"10";"0";"2";"1";"1";"1";""
"201900052734";"138 206 885";"B01";"3";"10";"0";"2";"1";"1";"1";""
"201900052734";"138 206 886";"C01";"3";"15";"1";"0";"0";"24";"1";""
"201900052735";"138 206 882";"A01";"0";"7";"0";"1";"8";"0";"0";""
"201900052736";"138 206 881";"A01";"0";"7";"0";"1";"1";"1";"0";""
"201900052737";"138 206 879";"B01";"0";"7";"0";"2";"4";"23";"1";""
"201900052737";"138 206 880";"A01";"0";"7";"0";"2";"1";"2";"1";""
"201900052738";"138 206 877";"A01";"3";"7";"0";"1";"2";"16";"1";""
"201900052739";"138 206 873";"A01";"3";"7";"0";"1";"3";"20";"1";""
"201900052740";"138 206 871";"A01";"3";"1";"0";"2";"1";"0";"5";""
"201900052740";"138 206 872";"B01";"3";"7";"0";"2";"1";"1";"1";""
"201900052741";"138 206 870";"A01";"3";"7";"0";"1";"3";"1";"1";""
"201900052742";"138 206 868";"A01";"1";"7";"0";"2";"8";"19";"0";""
"201900052742";"138 206 869";"B01";"1";"32";"0";"2";"1";"2";"0";""
"201900052743";"138 206 867";"A01";"3";"7";"0";"1";"2";"26";"1";""
"201900052744";"138 206 865";"B01";"1";"7";"0";"2";"1";"1";"1";""
"201900052744";"138 206 866";"A01";"2";"10";"8";"2";"1";"6";"1";""
"201900052745";"138 206 863";"B01";"2";"7";"0";"2";"3";"1";"1";""
"201900052745";"138 206 864";"A01";"1";"1";"0";"2";"1";"15";"5";""
"201900052746";"138 206 861";"A01";"0";"33";"0";"2";"7";"1";"1";""
"201900052746";"138 206 862";"B01";"0";"7";"0";"2";"1";"1";"1";""
"201900052747";"138 206 859";"B01";"2";"7";"0";"2";"2";"1";"1";""
"201900052747";"138 206 860";"A01";"1";"7";"0";"2";"2";"1";"1";""
"201900052748";"138 206 858";"A01";"0";"1";"0";"1";"0";"1";"5";""
"201900052749";"138 206 857";"A01";"2";"7";"8";"0";"1";"14";"1";""
"201900052750";"138 206 856";"A01";"1";"7";"0";"1";"1";"1";"1";""
"201900052751";"138 206 854";"A01";"2";"7";"0";"2";"2";"1";"1";""
"201900052751";"138 206 855";"Y01";"2";"1";"0";"2";"1";"1";"5";""
"201900052752";"138 206 853";"A01";"2";"7";"6";"0";"8";"1";"1";""
"201900052753";"138 206 852";"A01";"1";"7";"2";"0";"0";"1";"1";""
"201900052754";"138 206 850";"A01";"1";"7";"0";"2";"3";"1";"1";""
"201900052754";"138 206 851";"B01";"2";"7";"0";"2";"3";"1";"1";""
"201900052755";"138 206 848";"B01";"1";"15";"0";"2";"1";"1";"1";""
"201900052755";"138 206 849";"A01";"2";"7";"0";"2";"1";"5";"1";""
"201900052756";"138 206 847";"A01";"1";"7";"0";"1";"3";"1";"1";""
"201900052757";"138 206 844";"B01";"2";"7";"0";"2";"3";"9";"1";""
"201900052757";"138 206 845";"A01";"1";"2";"0";"2";"1";"1";"1";""
"201900052758";"138 206 843";"A01";"2";"7";"15";"0";"1";"13";"6";""
"201900052759";"138 206 842";"A01";"1";"33";"1";"0";"8";"1";"1";""
"201900052760";"138 206 841";"A01";"1";"7";"13";"0";"9";"26";"1";""
"201900052761";"138 206 840";"A01";"2";"33";"13";"0";"2";"1";"1";""
"201900052762";"138 206 839";"A01";"1";"33";"0";"0";"1";"1";"1";""
"201900052763";"138 206 837";"B01";"2";"7";"0";"2";"3";"1";"0";""
"201900052763";"138 206 838";"A01";"1";"10";"0";"2";"2";"15";"0";""
"201900052764";"138 206 835";"B01";"2";"7";"3";"2";"3";"1";"1";""
"201900052764";"138 206 836";"A01";"1";"7";"0";"2";"3";"13";"1";""
"201900052765";"138 206 834";"A01";"2";"33";"8";"0";"8";"1";"1";""
"201900052766";"138 206 832";"A01";"2";"7";"0";"2";"6";"17";"1";""
"201900052766";"138 206 833";"B01";"2";"14";"0";"2";"2";"17";"1";""
"201900052767";"138 206 829";"C01";"1";"7";"0";"2";"3";"1";"1";""
"201900052767";"138 206 830";"B01";"1";"7";"0";"2";"1";"1";"1";""
"201900052767";"138 206 831";"A01";"2";"7";"0";"2";"1";"13";"1";""
"201900052768";"138 206 828";"A01";"2";"7";"13";"0";"2";"16";"1";""
"201900052769";"138 206 826";"A01";"2";"7";"0";"2";"1";"2";"1";""
"201900052769";"138 206 827";"B01";"2";"7";"0";"0";"4";"23";"1";""
"201900052770";"138 206 824";"B01";"2";"33";"0";"2";"1";"1";"1";""
"201900052770";"138 206 825";"A01";"3";"10";"0";"2";"2";"19";"1";""
"201900052771";"138 206 823";"A01";"1";"7";"6";"0";"8";"1";"1";""
"201900052772";"138 206 822";"A01";"2";"7";"2";"0";"7";"1";"1";""
"201900052773";"138 206 821";"A01";"1";"33";"14";"0";"1";"1";"1";""
"201900052774";"138 206 819";"B01";"1";"2";"0";"2";"1";"1";"0";""
"201900052774";"138 206 820";"A01";"2";"7";"0";"2";"1";"1";"0";""
"201900052775";"138 206 817";"A01";"3";"2";"0";"0";"7";"1";"1";""
"201900052776";"138 206 815";"A01";"2";"7";"0";"2";"1";"15";"1";""
"201900052776";"138 206 816";"B01";"1";"2";"0";"2";"1";"1";"1";""
"201900052777";"138 206 814";"A01";"1";"7";"0";"1";"2";"1";"1";""
"201900052778";"138 206 810";"A01";"1";"14";"0";"2";"3";"13";"1";""
"201900052778";"138 206 811";"B01";"2";"2";"0";"2";"1";"1";"1";""
"201900052778";"138 206 812";"C01";"2";"2";"0";"0";"0";"1";"1";""
"201900052778";"138 206 813";"D01";"1";"2";"0";"0";"0";"1";"1";""
"201900052779";"138 206 809";"A01";"0";"7";"0";"1";"4";"4";"1";""
"201900052780";"138 206 807";"B01";"1";"1";"0";"9";"8";"1";"5";""
"201900052780";"138 206 808";"A01";"1";"17";"0";"0";"2";"17";"0";""
"201900052781";"138 206 805";"A01";"2";"7";"0";"2";"1";"13";"0";""
"201900052781";"138 206 806";"B01";"1";"7";"0";"2";"1";"1";"0";""
"201900052782";"138 206 804";"A01";"1";"7";"8";"9";"8";"1";"1";""
"201900052783";"138 206 802";"A01";"1";"7";"0";"2";"1";"13";"1";""
"201900052783";"138 206 803";"B01";"2";"7";"0";"2";"1";"1";"1";""
"201900052784";"138 206 800";"B01";"2";"7";"0";"0";"1";"1";"1";""
"201900052784";"138 206 801";"A01";"1";"7";"0";"0";"1";"0";"1";""
"201900052785";"138 206 798";"A01";"1";"7";"2";"0";"1";"0";"1";""
"201900052786";"138 206 797";"A01";"2";"7";"0";"1";"3";"1";"1";""
"201900052787";"138 206 795";"A01";"2";"1";"0";"2";"8";"5";"5";""
"201900052787";"138 206 796";"B01";"1";"7";"0";"2";"3";"1";"1";""
"201900052788";"138 206 794";"A01";"3";"7";"0";"1";"3";"1";"1";""
"201900052789";"138 206 792";"B01";"1";"7";"0";"2";"1";"1";"0";""
"201900052789";"138 206 793";"A01";"2";"34";"0";"2";"1";"1";"0";""
"201900052790";"138 206 791";"A01";"1";"7";"8";"0";"1";"1";"1";""
"201900052791";"138 206 790";"A01";"0";"7";"2";"0";"3";"1";"1";""
"201900052792";"138 206 789";"A01";"1";"7";"17";"0";"3";"1";"1";""
"201900052793";"138 206 788";"A01";"2";"7";"17";"0";"2";"2";"1";""
"201900052794";"138 206 787";"A01";"1";"7";"9";"0";"0";"14";"1";""
"201900052795";"138 206 785";"B01";"0";"7";"0";"0";"6";"24";"1";""
"201900052795";"138 206 786";"A01";"1";"2";"1";"0";"2";"1";"1";""
"201900052796";"138 206 784";"A01";"1";"7";"13";"0";"0";"13";"1";""
"201900052797";"138 206 783";"A01";"1";"33";"0";"0";"0";"1";"1";""
"201900052798";"138 206 782";"A01";"0";"33";"15";"0";"3";"0";"1";""
"201900052799";"138 206 778";"D01";"2";"7";"0";"2";"3";"2";"1";""
"201900052799";"138 206 779";"C01";"2";"7";"0";"2";"2";"2";"1";""
"201900052799";"138 206 780";"B01";"2";"7";"0";"2";"5";"2";"1";""
"201900052799";"138 206 781";"A01";"2";"7";"0";"2";"6";"2";"1";""
"201900052800";"138 206 776";"B01";"1";"1";"0";"2";"7";"1";"5";""
"201900052800";"138 206 777";"A01";"1";"7";"0";"2";"6";"4";"0";""
"201900052801";"138 206 774";"A01";"3";"7";"0";"2";"7";"1";"0";""
"201900052801";"138 206 775";"B01";"3";"7";"0";"2";"1";"15";"0";""
"201900052802";"138 206 771";"A01";"1";"33";"0";"0";"8";"15";"1";""
"201900052803";"138 206 769";"A01";"2";"7";"2";"0";"2";"6";"1";""
"201900052804";"138 206 765";"B01";"1";"21";"0";"0";"3";"9";"1";""
"201900052804";"138 206 766";"A01";"2";"33";"0";"2";"1";"1";"1";""
"201900052805";"138 206 763";"A01";"2";"7";"13";"0";"0";"0";"1";""
"201900052806";"138 206 760";"A01";"1";"31";"0";"5";"0";"1";"1";""
"201900052807";"138 206 756";"D01";"2";"7";"0";"2";"3";"5";"1";""
"201900052807";"138 206 757";"C01";"1";"7";"0";"2";"8";"5";"1";""
"201900052807";"138 206 758";"B01";"1";"33";"0";"2";"7";"2";"1";""
"201900052807";"138 206 759";"A01";"1";"33";"0";"2";"9";"9";"1";""
"201900052808";"138 206 752";"A01";"1";"7";"0";"2";"1";"17";"1";""
"201900052808";"138 206 753";"B01";"1";"32";"0";"2";"6";"17";"1";""
"201900052808";"138 206 754";"C01";"1";"15";"0";"2";"3";"1";"1";""
"201900052809";"138 206 748";"B01";"2";"7";"0";"2";"1";"1";"1";""
"201900052809";"138 206 749";"A01";"1";"7";"0";"2";"2";"1";"1";""
"201900052810";"138 206 747";"A01";"1";"31";"11";"0";"0";"16";"1";""
"201900052811";"138 206 739";"A01";"1";"7";"0";"2";"5";"1";"0";""
"201900052811";"138 206 740";"B01";"2";"31";"0";"2";"1";"1";"0";""
"201900052812";"138 206 733";"B01";"1";"33";"0";"2";"7";"15";"1";""
"201900052812";"138 206 734";"A01";"1";"33";"0";"2";"2";"17";"1";""
"201900052813";"138 206 729";"A01";"1";"7";"0";"2";"3";"1";"1";""
"201900052813";"138 206 730";"B01";"1";"99";"0";"2";"7";"1";"3";""
"201900052814";"138 206 727";"A01";"2";"7";"13";"0";"7";"1";"1";""
"201900052815";"138 206 723";"B01";"0";"33";"0";"0";"7";"23";"1";""
"201900052815";"138 206 724";"A01";"0";"7";"0";"2";"3";"2";"1";""
"201900052816";"138 206 722";"A01";"3";"7";"0";"1";"2";"1";"1";""
"201900052817";"138 206 720";"A01";"3";"7";"0";"2";"3";"15";"1";""
"201900052817";"138 206 721";"B01";"3";"33";"0";"2";"1";"1";"1";""
"201900052818";"138 206 719";"A01";"1";"33";"6";"0";"1";"0";"1";""
"201900052819";"138 206 717";"A01";"1";"7";"0";"2";"8";"9";"0";""
"201900052819";"138 206 718";"B01";"1";"33";"0";"2";"3";"1";"0";""
"201900052820";"138 206 715";"A01";"1";"30";"0";"2";"3";"13";"1";""
"201900052820";"138 206 716";"B01";"2";"7";"0";"2";"1";"1";"1";""
"201900052821";"138 206 714";"A01";"1";"1";"10";"0";"1";"1";"5";""
"201900052822";"138 206 712";"B01";"1";"31";"0";"2";"5";"17";"1";""
"201900052822";"138 206 713";"A01";"1";"7";"0";"2";"3";"15";"1";""
"201900052823";"138 206 710";"B01";"3";"1";"0";"2";"2";"5";"6";""
"201900052823";"138 206 711";"A01";"2";"10";"0";"9";"7";"1";"1";""
"201900052824";"138 206 707";"A01";"0";"34";"0";"2";"3";"13";"1";""
"201900052824";"138 206 708";"B01";"0";"7";"0";"2";"8";"0";"1";""
"201900052824";"138 206 709";"C01";"0";"7";"0";"2";"1";"0";"1";""
"201900052825";"138 206 706";"A01";"1";"13";"0";"1";"3";"5";"0";""
"201900052826";"138 206 705";"A01";"1";"7";"8";"0";"1";"1";"0";""
"201900052827";"138 206 703";"B01";"2";"7";"0";"2";"1";"1";"1";""
"201900052827";"138 206 704";"A01";"1";"7";"0";"2";"8";"15";"1";""
"201900052828";"138 206 702";"A01";"1";"33";"0";"6";"1";"1";"1";""
"201900052829";"138 206 699";"A01";"1";"7";"0";"2";"1";"13";"1";""
"201900052829";"138 206 700";"B01";"2";"7";"0";"2";"1";"1";"1";""
"201900052829";"138 206 701";"C01";"2";"7";"0";"2";"8";"1";"1";""
"201900052830";"138 206 697";"B01";"2";"7";"0";"2";"2";"1";"1";""
"201900052830";"138 206 698";"A01";"3";"2";"7";"2";"1";"16";"1";""
"201900052831";"138 206 695";"B01";"1";"7";"0";"2";"1";"1";"1";""
"201900052831";"138 206 696";"A01";"2";"7";"0";"2";"1";"13";"1";""
"201900052832";"138 206 693";"A01";"2";"33";"0";"2";"1";"2";"1";""
"201900052832";"138 206 694";"B01";"2";"7";"0";"2";"4";"23";"1";""
"201900052833";"138 206 691";"B01";"3";"21";"0";"2";"7";"23";"1";""
"201900052833";"138 206 692";"A01";"3";"7";"13";"2";"2";"1";"1";""
"201900052834";"138 206 689";"B01";"1";"1";"0";"9";"4";"1";"5";""
"201900052834";"138 206 690";"A01";"1";"1";"0";"9";"1";"1";"5";""
"201900052835";"138 206 687";"A01";"2";"7";"0";"2";"3";"2";"1";""
"201900052835";"138 206 688";"B01";"2";"7";"0";"0";"5";"23";"1";""
"201900052836";"138 206 685";"B01";"1";"30";"0";"0";"4";"1";"1";""
"201900052836";"138 206 686";"A01";"1";"7";"0";"2";"2";"2";"1";""
"201900052837";"138 206 684";"A01";"1";"33";"2";"0";"1";"1";"1";""
"201900052838";"138 206 683";"A01";"1";"15";"15";"0";"2";"1";"1";""
"201900052839";"138 206 681";"A01";"1";"7";"0";"2";"2";"1";"1";""
"201900052839";"138 206 682";"B01";"3";"1";"0";"2";"3";"15";"5";""
"201900052840";"138 206 680";"A01";"1";"7";"0";"1";"2";"14";"1";""
"201900052841";"138 206 678";"C01";"0";"7";"0";"2";"1";"1";"1";""
"201900052841";"138 206 679";"B01";"2";"7";"0";"2";"1";"1";"1";""
"201900052842";"138 206 677";"A01";"1";"33";"13";"0";"1";"1";"1";""
"201900052843";"138 206 675";"B01";"3";"33";"0";"2";"2";"1";"1";""
"201900052843";"138 206 676";"A01";"3";"3";"0";"2";"5";"15";"1";""
"201900052844";"138 206 674";"A01";"0";"33";"0";"0";"8";"1";"1";""
"201900052845";"138 206 673";"A01";"2";"31";"0";"1";"1";"1";"1";""
"201900052846";"138 206 671";"A01";"2";"7";"0";"2";"1";"13";"1";""
"201900052846";"138 206 672";"B01";"1";"7";"0";"2";"1";"1";"1";""
"201900052847";"138 206 669";"A01";"3";"7";"0";"2";"1";"13";"1";""
"201900052847";"138 206 670";"B01";"0";"7";"0";"2";"1";"0";"1";""
"201900052848";"138 206 667";"B01";"2";"21";"0";"2";"3";"9";"1";""
"201900052848";"138 206 668";"A01";"1";"33";"0";"2";"1";"1";"1";""
"201900052849";"138 206 665";"A01";"3";"3";"0";"2";"3";"13";"1";""
"201900052849";"138 206 666";"B01";"3";"7";"0";"2";"3";"14";"1";""
"201900052850";"138 206 664";"A01";"3";"7";"13";"0";"1";"1";"1";""
"201900052851";"138 206 663";"A01";"2";"7";"2";"0";"1";"21";"1";""
"201900052852";"138 206 660";"A01";"1";"7";"6";"0";"1";"1";"1";""
"201900052853";"138 206 658";"B01";"2";"33";"0";"2";"1";"16";"1";""
"201900052853";"138 206 659";"A01";"1";"7";"0";"2";"2";"1";"1";""
"201900052854";"138 206 656";"A01";"3";"7";"0";"2";"1";"1";"1";""
"201900052854";"138 206 657";"B01";"0";"1";"0";"2";"1";"1";"5";""
"201900052855";"138 206 655";"A01";"0";"7";"2";"0";"3";"1";"1";""
"201900052856";"138 206 653";"B01";"1";"7";"0";"2";"3";"1";"1";""
"201900052856";"138 206 654";"A01";"2";"7";"0";"2";"3";"13";" -1";""
"201900052857";"138 206 650";"C01";"2";"7";"0";"2";"2";"2";"1";""
"201900052857";"138 206 651";"B01";"2";"7";"0";"2";"1";"1";"1";""
"201900052857";"138 206 652";"A01";"1";"7";"0";"2";"1";"5";"1";""
"201900052858";"138 206 648";"B01";"2";"7";"0";"2";"1";"1";"0";""
"201900052858";"138 206 649";"A01";"1";"7";"0";"2";"1";"1";"0";""
"201900052859";"138 206 647";"A01";"1";"31";"0";"0";"0";"1";"1";""
"201900052860";"138 206 645";"B01";"1";"33";"0";"2";"1";"13";"1";""
"201900052860";"138 206 646";"A01";"1";"7";"0";"0";"5";"11";"1";""
"201900052861";"138 206 644";"A01";"0";"7";"0";"1";"1";"21";"1";""
"201900052862";"138 206 643";"A01";"0";"33";"8";"0";"1";"1";"1";""
"201900052863";"138 206 641";"A01";"3";"7";"0";"2";"3";"1";"1";""
"201900052863";"138 206 642";"B01";"3";"2";"0";"2";"1";"5";"1";""
"201900052864";"138 206 639";"B01";"2";"7";"0";"2";"1";"26";"1";""
"201900052864";"138 206 640";"A01";"1";"7";"0";"2";"1";"26";"1";""
"201900052865";"138 206 637";"B01";"2";"7";"0";"2";"8";"5";"0";""
"201900052865";"138 206 638";"A01";"2";"33";"0";"2";"8";"1";"0";""
"201900052866";"138 206 635";"A01";"0";"7";"0";"9";"1";"1";"1";""
"201900052866";"138 206 636";"B01";"0";"1";"0";"2";"7";"1";"5";""
"201900052867";"138 206 634";"A01";"0";"7";"12";"0";"2";"1";"1";""
"201900052868";"138 206 633";"A01";"3";"7";"0";"0";"0";"26";"1";""
"201900052869";"138 206 631";"A01";"2";"7";"0";"2";"3";"15";"1";""
"201900052869";"138 206 632";"B01";"1";"33";"0";"2";"1";"1";"1";""
"201900052870";"138 206 629";"A01";"3";"7";"0";"2";"1";"1";"3";""
"201900052870";"138 206 630";"B01";"1";"50";"0";"2";"8";"19";"3";""
"201900052871";"138 206 628";"A01";"1";"33";"13";"0";"7";"17";"1";""
"201900052872";"138 206 626";"B01";"1";"33";"0";"0";"2";"1";"1";""
"201900052872";"138 206 627";"A01";"2";"7";"0";"0";"0";"15";"1";""
"201900052873";"138 206 623";"A01";"1";"10";"0";"2";"7";"16";"1";""
"201900052873";"138 206 624";"B01";"1";"7";"0";"2";"3";"2";"1";""
"201900052874";"138 206 621";"B01";"1";"13";"0";"0";"2";"20";"1";""
"201900052874";"138 206 622";"A01";"2";"7";"0";"2";"2";"1";"1";""
"201900052875";"138 206 616";"B01";"1";"7";"0";"2";"1";"1";"6";""
"201900052875";"138 206 617";"A01";"2";"7";"0";"2";"1";"13";"6";""
"201900052876";"138 206 615";"A01";"2";"33";"0";"0";"7";"1";"1";""
"201900052877";"138 206 614";"A01";"3";"7";"6";"0";"1";"20";"1";""
"201900052878";"138 206 612";"A01";"0";"10";"0";"2";"3";"15";"1";""
"201900052878";"138 206 613";"B01";"1";"33";"0";"2";"1";"1";"1";""
"201900052879";"138 206 610";"B01";"2";"1";"0";"2";"1";"1";"5";""
"201900052879";"138 206 611";"A01";"1";"7";"0";"2";"3";"19";"1";""
"201900052880";"138 206 609";"A01";"3";"7";"1";"1";"7";"4";"3";""
"201900052881";"138 206 608";"A01";"1";"7";"13";"0";"0";"1";"1";""
"201900052882";"138 206 606";"B01";"1";"7";"0";"2";"3";"1";"1";""
"201900052882";"138 206 607";"A01";"2";"7";"0";"2";"1";"13";"1";""
"201900052883";"138 206 604";"A01";"1";"7";"0";"2";"1";"15";"0";""
"201900052883";"138 206 605";"B01";"2";"7";"0";"2";"1";"1";"0";""
"201900052884";"138 206 600";"C01";"1";"10";"15";"0";"6";"16";"1";""
"201900052884";"138 206 601";"A01";"1";"7";"1";"2";"0";"1";"1";""
"201900052884";"138 206 602";"D01";"2";"7";"0";"2";"1";"1";"1";""
"201900052885";"138 206 599";"A01";"1";"31";"0";"0";"0";"1";"1";""
"201900052886";"138 206 597";"A01";"1";"7";"0";"2";"1";"13";"6";""
"201900052886";"138 206 598";"B01";"2";"7";"0";"2";"1";"1";"0";""
"201900052887";"138 206 595";"A01";"2";"33";"8";"2";"3";"21";"1";""
"201900052887";"138 206 596";"B01";"2";"7";"0";"0";"5";"15";"1";""
"201900052888";"138 206 594";"A01";"2";"7";"13";"0";"3";"5";"1";""
"201900052889";"138 206 592";"B01";"0";"7";"0";"1";"6";"24";"1";""
"201900052889";"138 206 593";"A01";"3";"7";"1";"0";"2";"2";"1";""
"201900052890";"138 206 590";"B01";"2";"7";"0";"2";"3";"1";"1";""
"201900052890";"138 206 591";"A01";"1";"33";"0";"2";"3";"11";"1";""
"201900052891";"138 206 588";"A01";"1";"7";"0";"2";"4";"23";"1";""
"201900052891";"138 206 589";"B01";"1";"2";"0";"2";"1";"17";"1";""
"201900052892";"138 206 587";"A01";"1";"7";"0";"0";"1";"19";"1";""
"201900052893";"138 206 585";"A01";"2";"7";"0";"2";"3";"1";"1";""
"201900052893";"138 206 586";"B01";"1";"1";"0";"2";"7";"19";"5";""
"201900052894";"138 206 583";"B01";"3";"60";"0";"2";"8";"26";"5";""
"201900052894";"138 206 584";"A01";"2";"7";"0";"2";"2";"1";"1";""
"201900052895";"138 206 581";"B01";"2";"1";"0";"2";"4";"1";"5";""
"201900052895";"138 206 582";"A01";"2";"7";"0";"2";"2";"17";"1";""
"201900052896";"138 206 579";"B01";"1";"7";"0";"2";"3";"1";"1";""
"201900052896";"138 206 580";"A01";"2";"15";"0";"2";"3";"13";"1";""
"201900052897";"138 206 578";"A01";"2";"7";"13";"0";"3";"13";"1";""
"201900052898";"138 206 576";"B01";"1";"7";"0";"2";"1";"1";"1";""
"201900052898";"138 206 577";"A01";"3";"7";"6";"2";"2";"9";"1";""
"201900052899";"138 206 575";"A01";"3";"33";"0";"6";"1";"1";"1";""
"201900052900";"138 206 573";"B01";"2";"33";"0";"2";"1";"1";"1";""
"201900052900";"138 206 574";"A01";"1";"7";"0";"2";"2";"1";"1";""
"201900052901";"138 206 572";"A01";"1";"7";"6";"0";"1";"14";"1";""
"201900052902";"138 206 571";"A01";"3";"36";"0";"0";"1";"1";"1";""
"201900052903";"138 206 569";"B01";"2";"15";"0";"2";"2";"1";"0";""
"201900052903";"138 206 570";"A01";"2";"7";"0";"2";"6";"17";"1";""
"201900052904";"138 206 568";"A01";"1";"10";"2";"0";"2";"14";"1";""
"201900052905";"138 206 566";"A01";"1";"7";"0";"2";"5";"15";"0";""
"201900052905";"138 206 567";"B01";"2";"31";"0";"2";"1";"1";"1";""
"201900052906";"138 206 565";"A01";"3";"7";"13";"0";"0";"1";"1";""
"201900052907";"138 206 563";"A01";"1";"31";"0";"2";"1";"1";"1";""
"201900052907";"138 206 564";"B01";"2";"14";"0";"2";"8";"1";"1";""
"201900052908";"138 206 560";"A01";"1";"7";"0";"2";"1";"2";"1";""
"201900052908";"138 206 561";"B01";"1";"7";"0";"2";"4";"23";"0";""
"201900052908";"138 206 562";"C01";"1";"15";"0";"2";"4";"23";"1";""
"201900052909";"138 206 558";"B01";"2";"7";"0";"2";"6";"15";"1";""
"201900052909";"138 206 559";"A01";"2";"33";"0";"2";"2";"17";"1";""
"201900052910";"138 206 557";"A01";"2";"21";"0";"0";"8";"1";"1";""
"201900052911";"138 206 556";"A01";"1";"7";"0";"0";"0";"14";"1";""
"201900052912";"138 206 553";"C01";"1";"1";"0";"2";"5";"1";"5";""
"201900052912";"138 206 554";"B01";"1";"1";"0";"2";"5";"1";"5";""
"201900052912";"138 206 555";"A01";"1";"7";"3";"9";"3";"17";"1";""
"201900052913";"138 206 552";"A01";"3";"36";"0";"0";"0";"1";"0";""
"201900052914";"138 206 550";"B01";"3";"2";"9";"0";"2";"2";"1";""
"201900052914";"138 206 551";"A01";"0";"2";"0";"2";"2";"2";"1";""
"201900052915";"138 206 548";"A01";"0";"7";"16";"2";"2";"15";"0";""
"201900052915";"138 206 549";"B01";"0";"7";"13";"2";"6";"0";"0";""
"201900052916";"138 206 546";"A01";"2";"33";"0";"2";"1";"2";"1";""
"201900052916";"138 206 547";"B01";"2";"33";"0";"2";"4";"2";"1";""
"201900052917";"138 206 545";"A01";"1";"7";"15";"0";"1";"14";"1";""
"201900052918";"138 206 543";"A01";"3";"37";"0";"2";"2";"1";"0";"1"
"201900052918";"138 206 544";"B01";"2";"7";"0";"2";"3";"15";"1";""
"201900052919";"138 206 541";"B01";"2";"7";"0";"2";"3";"15";"1";""
"201900052919";"138 206 542";"A01";"2";"7";"0";"2";"2";"17";"1";""
"201900052920";"138 206 539";"A01";"1";"7";"0";"2";"3";"15";"1";""
"201900052920";"138 206 540";"B01";"2";"7";"0";"2";"3";"1";"1";""
"201900052921";"138 206 538";"A01";"3";"7";"2";"0";"3";"1";"1";""
"201900052922";"138 206 537";"A01";"3";"7";"2";"0";"1";"1";"1";""
"201900052923";"138 206 536";"A01";"1";"7";"1";"0";"2";"1";"1";""
"201900052924";"138 206 535";"A01";"2";"33";"0";"0";"0";"2";"1";""
"201900052925";"138 206 534";"A01";"2";"7";"0";"1";"1";"1";"1";""
"201900052926";"138 206 532";"B01";"3";"7";"0";"2";"4";"23";"1";""
"201900052926";"138 206 533";"A01";"3";"7";"0";"2";"1";"1";"1";""
"201900052927";"138 206 531";"A01";"3";"7";"0";"1";"3";"16";"1";""
"201900052928";"138 206 529";"B01";"1";"1";"0";"2";"8";"19";"5";""
"201900052928";"138 206 530";"A01";"3";"7";"0";"2";"2";"1";"1";""
"201900052929";"138 206 521";"A01";"3";"7";"0";"2";"1";"17";"1";""
"201900052929";"138 206 522";"B01";"3";"7";"0";"2";"4";"26";"1";""
"201900052930";"138 206 520";"A01";"2";"7";"0";"1";"1";"1";"1";""
"201900052931";"138 206 517";"C01";"2";"7";"0";"2";"4";"1";"1";""
"201900052931";"138 206 518";"B01";"2";"7";"0";"2";"4";"1";"1";""
"201900052931";"138 206 519";"A01";"2";"10";"0";"2";"1";"1";"1";""
"201900052932";"138 206 515";"B01";"1";"31";"0";"2";"8";"21";"1";""
"201900052932";"138 206 516";"A01";"2";"7";"0";"2";"1";"15";"1";""
"201900052933";"138 206 513";"A01";"2";"7";"0";"1";"5";"4";"1";""
"201900052934";"138 206 511";"B01";"3";"33";"0";"2";"1";"17";"1";""
"201900052934";"138 206 512";"A01";"3";"7";"0";"2";"8";"15";"1";""
"201900052935";"138 206 510";"A01";"0";"7";"0";"1";"1";"1";"0";""
"201900052936";"138 206 509";"A01";"2";"7";"0";"1";"2";"1";"1";""
"201900052937";"138 206 507";"B01";"1";"7";"0";"2";"1";"19";"1";""
"201900052937";"138 206 508";"A01";"2";"30";"0";"2";"1";"19";"1";""
"201900052938";"138 206 505";"B01";"3";"7";"0";"2";"3";"0";"1";""
"201900052938";"138 206 506";"A01";"3";"32";"0";"2";"0";"0";"1";""
"201900052939";"138 206 502";"A01";"1";"7";"0";"2";"4";"2";"1";""
"201900052939";"138 206 503";"B01";"2";"7";"0";"2";"0";"0";"1";""
"201900052939";"138 206 504";"C01";"1";"7";"0";"2";"0";"26";"1";""
"201900052940";"138 206 500";"B01";"2";"33";"0";"2";"1";"1";"0";""
"201900052940";"138 206 501";"A01";"1";"7";"0";"2";"1";"15";"1";""
"201900052941";"138 206 498";"B01";"2";"7";"0";"2";"1";"1";"1";""
"201900052941";"138 206 499";"A01";"2";"7";"0";"2";"1";"15";"1";""
"201900052942";"138 206 493";"B01";"1";"10";"0";"2";"8";"0";"1";""