"Num_Acc";"id_vehicule";"num_veh";"senc";"catv";"obs";"obsm";"choc";"manv";"motor";"occutc"
"201900053946";"138 204 581";"B01";"2";"31";"0";"2";"7";"1";"1";""
"201900053946";"138 204 582";"C01";"2";"7";"0";"2";"8";"23";"1";""
"201900053947";"138 204 583";"A01";"1";"7";"0";"2";"1";"13";"1";""
"201900053947";"138 204 584";"B01";"2";"7";"0";"2";"3";"0";"1";""
"201900053948";"138 204 579";"A01";"3";"30";"1";"0";"2";"14";"1";""
"201900053949";"138 204 577";"A01";"0";"10";"0";"2";"3";"15";"1";""
"201900053949";"138 204 578";"B01";"0";"31";"0";"2";"1";"1";"1";""
"201900053950";"138 204 576";"A01";"1";"7";"1";"1";"1";"1";"1";""
"201900053951";"138 204 575";"A01";"2";"33";"3";"0";"0";"9";"1";""
"201900053952";"138 204 573";"A01";"1";"33";"16";"0";"1";"1";"0";""
"201900053953";"138 204 572";"A01";"1";"7";"0";"2";"1";"1";"1";""
"201900053953";"138 204 574";"B01";"1";"7";"0";"2";"7";"15";"1";""
"201900053954";"138 204 569";"A01";"1";"7";"0";"2";"9";"19";"1";""
"201900053954";"138 204 570";"B01";"1";"33";"0";"2";"1";"1";"1";""
"201900053954";"138 204 571";"C01";"1";"33";"0";"2";"1";"1";"1";""
"201900053955";"138 204 568";"A01";"1";"7";"14";"0";"1";"1";"1";""
"201900053956";"138 204 566";"A01";"2";"2";"0";"2";"3";"19";"1";""
"201900053956";"138 204 567";"B01";"1";"7";"0";"2";"2";"1";"1";""
"201900053957";"138 204 564";"B01";"2";"7";"0";"2";"1";"1";"1";""
"201900053957";"138 204 565";"A01";"1";"17";"0";"2";"6";"9";"1";""
"201900053958";"138 204 563";"B01";"3";"37";"0";"1";"5";"1";"1";"1"
"201900053959";"138 204 562";"A01";"0";"7";"2";"0";"1";"13";"1";""
"201900053960";"138 204 559";"A01";"2";"2";"0";"0";"7";"1";"6";""
"201900053961";"138 204 558";"A01";"3";"7";"4";"0";"1";"6";"1";""
"201900053962";"138 204 557";"A01";"1";"7";"13";"0";"2";"1";"1";""
"201900053963";"138 204 556";"A01";"1";"33";"4";"0";"2";"12";"1";""
"201900053964";"138 204 555";"A01";"2";"7";"13";"0";"1";"1";"1";""
"201900053965";"138 204 551";"A01";"2";"33";"11";"0";"1";"17";"1";""
"201900053966";"138 204 549";"E01";"3";"10";"0";"2";"4";"2";"1";""
"201900053966";"138 204 550";"D01";"3";"7";"0";"2";"4";"2";"1";""
"201900053966";"138 204 552";"C01";"3";"7";"0";"2";"9";"23";"1";""
"201900053966";"138 204 553";"B01";"3";"7";"0";"2";"4";"2";"1";""
"201900053966";"138 204 554";"A01";"3";"17";"0";"2";"2";"1";"0";""
"201900053967";"138 204 547";"A01";"1";"10";"0";"2";"2";"12";"1";""
"201900053967";"138 204 548";"B01";"1";"30";"0";"2";"0";"0";"0";""
"201900053968";"138 204 545";"A01";"2";"33";"0";"6";"2";"1";"1";""
"201900053969";"138 204 544";"A01";"1";"7";"6";"0";"3";"1";"1";""
"201900053970";"138 204 541";"B01";"3";"7";"0";"2";"4";"1";"1";""
"201900053970";"138 204 546";"A01";"3";"7";"0";"2";"1";"1";"1";""
"201900053971";"138 204 539";"B01";"1";"7";"0";"2";"7";"1";"1";""
"201900053971";"138 204 540";"A01";"1";"7";"0";"2";"1";"1";"1";""
"201900053972";"138 204 538";"A01";"3";"2";"0";"0";"0";"1";"0";""
"201900053973";"138 204 536";"B01";"3";"14";"0";"2";"1";"1";"1";""
"201900053973";"138 204 537";"A01";"3";"33";"0";"2";"5";"17";"1";""
"201900053974";"138 204 542";"A01";"2";"7";"0";"2";"1";"19";"1";""
"201900053974";"138 204 543";"B01";"2";"33";"11";"2";"1";"1";"1";""
"201900053975";"138 204 534";"A01";"1";"7";"0";"2";"2";"12";"1";""
"201900053975";"138 204 535";"B01";"1";"32";"0";"2";"8";"3";"1";""
"201900053976";"138 204 532";"B01";"2";"33";"0";"0";"4";"0";"1";""
"201900053976";"138 204 533";"A01";"2";"7";"0";"2";"2";"0";"1";""
"201900053977";"138 204 530";"A01";"1";"7";"2";"0";"1";"1";"1";""
"201900053978";"138 204 529";"A01";"2";"10";"0";"2";"2";"1";"6";""
"201900053978";"138 204 531";"B01";"3";"1";"0";"2";"8";"2";"5";""
"201900053979";"138 204 527";"A01";"2";"7";"0";"2";"1";"17";"1";""
"201900053979";"138 204 528";"B01";"1";"7";"0";"2";"1";"1";"1";""
"201900053980";"138 204 525";"B01";"3";"0";"0";"1";"0";"26";"0";""
"201900053980";"138 204 526";"A01";"3";"7";"0";"2";"1";"9";"1";""
"201900053981";"138 204 521";"A01";"1";"7";"0";"2";"3";"21";"1";""
"201900053981";"138 204 523";"B01";"1";"7";"0";"2";"1";"21";"1";""
"201900053982";"138 204 519";"B01";"2";"1";"0";"2";"1";"1";"5";""
"201900053982";"138 204 520";"A01";"3";"32";"0";"2";"3";"10";"0";""
"201900053983";"138 204 518";"A01";"1";"37";"0";"1";"2";"26";"0";"1"
"201900053984";"138 204 517";"A01";"2";"34";"12";"0";"1";"26";"1";""
"201900053985";"138 204 514";"A01";"1";"7";"0";"2";"1";"2";"1";""
"201900053985";"138 204 515";"B01";"1";"33";"0";"2";"4";"2";"1";""
"201900053985";"138 204 516";"C01";"1";"7";"0";"2";"4";"23";"1";""
"201900053986";"138 204 513";"A01";"1";"7";"1";"0";"8";"26";"1";""
"201900053987";"138 204 510";"C01";"2";"32";"0";"2";"8";"2";"1";""
"201900053987";"138 204 511";"B01";"2";"33";"1";"0";"1";"17";"1";""
"201900053987";"138 204 512";"A01";"3";"7";"1";"0";"5";"24";"6";""
"201900053988";"138 204 508";"A01";"1";"30";"14";"2";"1";"21";"1";""
"201900053988";"138 204 509";"B01";"3";"7";"0";"2";"3";"16";"1";""
"201900053989";"138 204 507";"A01";"3";"7";"9";"2";"1";"13";"1";""
"201900053990";"138 204 506";"A01";"1";"7";"0";"1";"1";"2";"0";""
"201900053991";"138 204 522";"A01";"2";"7";"0";"2";"1";"1";"1";""
"201900053991";"138 204 524";"B01";"2";"33";"0";"2";"7";"1";"1";""
"201900053992";"138 204 503";"A01";"1";"7";"0";"2";"1";"19";"1";""
"201900053992";"138 204 505";"B01";"1";"7";"0";"2";"3";"19";"1";""
"201900053993";"138 204 502";"B01";"2";"10";"0";"2";"3";"1";"1";""
"201900053993";"138 204 504";"A01";"1";"7";"0";"2";"3";"1";"1";""
"201900053994";"138 204 500";"A01";"2";"7";"9";"0";"1";"13";"1";""
"201900053995";"138 204 499";"A01";"0";"7";"0";"2";"1";"23";"0";""
"201900053995";"138 204 501";"B01";"0";"7";"0";"6";"4";"20";"0";""
"201900053996";"138 204 498";"A01";"2";"7";"6";"0";"8";"1";"1";""
"201900053997";"138 204 496";"A01";"3";"7";"0";"2";"3";"15";"1";""
"201900053997";"138 204 497";"B01";"3";"2";"8";"2";"0";"2";"0";""
"201900053998";"138 204 495";"A01";"3";"2";"0";"0";"0";"0";"1";""
"201900053999";"138 204 492";"B01";"1";"7";"0";"0";"4";"24";"1";""
"201900053999";"138 204 493";"A01";"1";"7";"1";"0";"1";"20";"1";""
"201900054000";"138 204 488";"B01";"2";"1";"0";"2";"6";"1";"5";""
"201900054000";"138 204 489";"A01";"2";"7";"0";"2";"2";"1";"1";""
"201900054001";"138 204 490";"B01";"2";"7";"0";"2";"0";"2";"1";""
"201900054001";"138 204 491";"A01";"2";"7";"0";"2";"3";"2";"1";""
"201900054002";"138 204 484";"A01";"0";"7";"0";"9";"2";"1";"1";""
"201900054002";"138 204 485";"B01";"0";"1";"0";"2";"3";"9";"5";""
"201900054003";"138 204 483";"A01";"3";"7";"0";"1";"3";"1";"0";""
"201900054004";"138 204 481";"A01";"2";"7";"0";"2";"3";"15";"2";""
"201900054004";"138 204 482";"B01";"1";"31";"0";"2";"7";"1";"1";""
"201900054005";"138 204 479";"A01";"2";"2";"0";"2";"6";"17";"1";""
"201900054005";"138 204 480";"B01";"2";"7";"0";"2";"2";"17";"1";""
"201900054006";"138 204 478";"A01";"3";"2";"11";"0";"1";"0";"1";""
"201900054007";"138 204 477";"A01";"2";"7";"8";"0";"3";"1";"1";""
"201900054008";"138 204 486";"A01";"1";"37";"0";"1";"3";"19";"6";"1"
"201900054009";"138 204 473";"B01";"1";"32";"0";"2";"1";"1";"1";""
"201900054009";"138 204 474";"A01";"2";"7";"0";"2";"3";"26";"1";""
"201900054010";"138 204 472";"A01";"1";"7";"0";"1";"0";"21";"1";""
"201900054011";"138 204 468";"B01";"1";"7";"0";"2";"7";"16";"1";""
"201900054011";"138 204 470";"A01";"1";"43";"0";"2";"1";"18";"1";""
"201900054012";"138 204 469";"B01";"1";"7";"0";"0";"0";"9";"1";""
"201900054012";"138 204 471";"A01";"1";"7";"2";"0";"1";"21";"1";""
"201900054013";"138 204 466";"A01";"1";"10";"0";"1";"1";"15";"0";""
"201900054014";"138 204 465";"A01";"1";"7";"13";"0";"3";"1";"1";""
"201900054015";"138 204 464";"A01";"2";"10";"0";"1";"3";"1";"3";""
"201900054016";"138 204 475";"A01";"1";"33";"0";"2";"1";"1";"1";""
"201900054016";"138 204 476";"B01";"1";"7";"0";"0";"5";"23";"1";""
"201900054017";"138 204 460";"A01";"1";"7";"0";"2";"3";"13";"1";""
"201900054017";"138 204 462";"B01";"2";"7";"0";"2";"3";"1";"1";""
"201900054017";"138 204 463";"C01";"1";"7";"0";"2";"1";"1";"1";""
"201900054018";"138 204 458";"A01";"1";"2";"0";"6";"2";"1";"1";""
"201900054019";"138 204 456";"B01";"3";"37";"0";"2";"3";"0";"3";"3"
"201900054019";"138 204 461";"A01";"3";"7";"0";"2";"7";"16";"1";""
"201900054020";"138 204 457";"A01";"2";"33";"0";"2";"7";"16";"1";""
"201900054020";"138 204 459";"B01";"2";"7";"0";"2";"8";"2";"1";""
"201900054021";"138 204 451";"A01";"1";"10";"0";"0";"2";"1";"1";""
"201900054021";"138 204 455";"B01";"2";"33";"0";"0";"1";"15";"1";""
"201900054022";"138 204 450";"B01";"3";"7";"0";"9";"1";"1";"1";""
"201900054022";"138 204 453";"A01";"3";"1";"0";"0";"1";"26";"5";""
"201900054023";"138 204 452";"A01";"1";"7";"0";"2";"3";"15";"1";""
"201900054023";"138 204 454";"B01";"1";"34";"0";"2";"1";"0";"1";""
"201900054024";"138 204 443";"A01";"2";"30";"0";"2";"1";"13";"1";""
"201900054024";"138 204 446";"B01";"1";"32";"0";"2";"1";"1";"1";""
"201900054025";"138 204 445";"C01";"2";"7";"0";"2";"3";"1";"1";""
"201900054025";"138 204 448";"B01";"1";"7";"0";"2";"5";"15";"1";""
"201900054025";"138 204 449";"A01";"1";"7";"0";"2";"3";"1";"1";""
"201900054026";"138 204 442";"C01";"1";"7";"0";"2";"8";"1";"1";""
"201900054026";"138 204 444";"B01";"2";"7";"0";"2";"7";"1";"1";""
"201900054026";"138 204 447";"A01";"1";"10";"0";"2";"1";"1";"1";""
"201900054027";"138 204 440";"B01";"2";"7";"0";"2";"1";"20";"1";""
"201900054027";"138 204 441";"A01";"2";"33";"0";"2";"8";"2";"1";""
"201900054028";"138 204 435";"A01";"2";"33";"0";"2";"1";"17";"1";""
"201900054028";"138 204 439";"B01";"2";"21";"0";"2";"3";"15";"1";""
"201900054029";"138 204 434";"A01";"2";"7";"0";"9";"2";"1";"1";""
"201900054029";"138 204 437";"B01";"1";"33";"3";"2";"1";"1";"1";""
"201900054030";"138 204 429";"A01";"1";"7";"0";"2";"2";"15";"1";""
"201900054030";"138 204 432";"B01";"1";"33";"0";"2";"1";"1";"1";""
"201900054031";"138 204 428";"B01";"1";"31";"0";"2";"1";"1";"1";""
"201900054031";"138 204 430";"A01";"2";"7";"0";"2";"1";"15";"1";""
"201900054032";"138 204 427";"B01";"2";"10";"0";"2";"3";"2";"1";""
"201900054032";"138 204 431";"A01";"1";"33";"0";"2";"2";"15";"1";""
"201900054033";"138 204 425";"B01";"2";"10";"0";"0";"8";"15";"1";""
"201900054033";"138 204 426";"A01";"2";"33";"0";"2";"1";"17";"1";""
"201900054034";"138 204 421";"A01";"2";"7";"0";"2";"1";"15";"6";""
"201900054034";"138 204 424";"B01";"2";"33";"0";"2";"4";"1";"6";""
"201900054035";"138 204 417";"A01";"2";"7";"2";"0";"1";"1";"1";""
"201900054036";"138 204 415";"B01";"2";"7";"0";"2";"1";"12";"1";""
"201900054036";"138 204 418";"A01";"2";"7";"4";"2";"4";"1";"1";""
"201900054037";"138 204 413";"A01";"0";"7";"0";"1";"3";"19";"1";""
"201900054038";"138 204 411";"A01";"2";"7";"0";"0";"9";"26";"1";""
"201900054039";"138 204 412";"B01";"2";"10";"0";"2";"8";"15";"1";""
"201900054039";"138 204 414";"A01";"2";"32";"0";"2";"1";"17";"1";""
"201900054040";"138 204 408";"A01";"1";"7";"0";"0";"2";"11";"1";""
"201900054040";"138 204 410";"B01";"2";"33";"0";"2";"1";"1";"1";""
"201900054041";"138 204 404";"A01";"2";"7";"0";"2";"1";"2";"1";""
"201900054041";"138 204 406";"B01";"2";"7";"0";"2";"1";"2";"1";""
"201900054041";"138 204 409";"C01";"2";"7";"0";"2";"4";"2";"1";""
"201900054042";"138 204 405";"Z01";"1";"7";"0";"2";"1";"0";"0";""
"201900054042";"138 204 407";"A01";"1";"1";"0";"2";"4";"2";"0";""
"201900054043";"138 204 401";"A01";"1";"7";"16";"0";"9";"1";"1";""
"201900054044";"138 204 400";"A01";"3";"7";"0";"1";"1";"1";"0";""
"201900054045";"138 204 402";"B01";"1";"10";"0";"2";"3";"1";"1";""
"201900054045";"138 204 403";"A01";"1";"34";"0";"2";"8";"3";"1";""
"201900054046";"138 204 399";"A01";"3";"2";"12";"0";"2";"14";"1";""
"201900054047";"138 204 395";"A01";"1";"7";"0";"2";"8";"11";"1";""
"201900054047";"138 204 396";"B01";"1";"7";"0";"2";"2";"1";"1";""
"201900054048";"138 204 393";"B01";"1";"3";"0";"0";"1";"1";"1";""
"201900054048";"138 204 394";"A01";"1";"31";"0";"0";"4";"1";"1";""
"201900054049";"138 204 391";"B01";"3";"32";"0";"2";"8";"0";"0";""
"201900054049";"138 204 392";"A01";"3";"7";"0";"2";"8";"12";"0";""
"201900054050";"138 204 389";"B01";"1";"14";"0";"2";"4";"0";"1";""
"201900054050";"138 204 390";"A01";"1";"7";"0";"2";"1";"0";"1";""
"201900054051";"138 204 387";"B01";"2";"7";"0";"2";"3";"1";"1";""
"201900054051";"138 204 388";"A01";"1";"7";"0";"2";"3";"13";"1";""
"201900054052";"138 204 384";"B01";"3";"1";"0";"2";"9";"2";"0";""
"201900054052";"138 204 386";"A01";"0";"7";"0";"1";"7";"16";"0";""
"201900054053";"138 204 383";"B01";"1";"34";"0";"2";"1";"0";"1";""
"201900054053";"138 204 385";"A01";"1";"10";"0";"2";"4";"0";"1";""
"201900054054";"138 204 381";"A01";"1";"7";"0";"2";"1";"5";"0";""
"201900054054";"138 204 382";"B01";"2";"7";"0";"2";"1";"1";"0";""
"201900054055";"138 204 377";"A01";"1";"7";"0";"0";"1";"1";"1";""
"201900054056";"138 204 378";"A01";"2";"7";"0";"2";"3";"0";"1";""
"201900054056";"138 204 380";"B01";"1";"33";"0";"2";"1";"0";"1";""
"201900054057";"138 204 376";"B01";"1";"7";"0";"2";"5";"1";"1";""
"201900054057";"138 204 379";"A01";"1";"7";"0";"2";"3";"21";"1";""
"201900054058";"138 204 373";"B01";"0";"7";"0";"2";"4";"2";"0";""
"201900054058";"138 204 375";"A01";"0";"7";"0";"2";"1";"2";"0";""
"201900054059";"138 204 370";"C01";"3";"1";"0";"2";"7";"19";"5";""
"201900054059";"138 204 372";"B01";"3";"1";"0";"2";"7";"15";"6";""
"201900054059";"138 204 374";"A01";"3";"7";"0";"9";"1";"1";"1";""
"201900054060";"138 204 367";"B01";"1";"7";"0";"2";"3";"13";"1";""
"201900054060";"138 204 368";"A01";"2";"2";"0";"2";"8";"23";"1";""
"201900054061";"138 204 369";"B01";"1";"7";"1";"0";"1";"2";"1";""
"201900054061";"138 204 371";"A01";"1";"7";"0";"2";"5";"23";"1";""
"201900054062";"138 204 366";"A01";"1";"7";"0";"0";"2";"1";"0";""
"201900054063";"138 204 364";"A01";"2";"7";"2";"0";"1";"1";"6";""
"201900054064";"138 204 363";"A01";"2";"33";"0";"2";"1";"9";"1";""
"201900054064";"138 204 365";"B01";"2";"7";"0";"1";"7";"1";"1";""
"201900054065";"138 204 357";"A01";"2";"7";"0";"2";"3";"21";"0";""
"201900054065";"138 204 361";"B01";"1";"7";"0";"2";"3";"13";"0";""
"201900054066";"138 204 356";"A01";"2";"33";"0";"0";"8";"2";"0";""
"201900054067";"138 204 353";"A01";"1";"7";"0";"2";"2";"13";"0";""
"201900054067";"138 204 354";"B01";"2";"7";"0";"2";"2";"21";"0";""
"201900054068";"138 204 360";"B01";"1";"2";"0";"2";"1";"10";"1";""
"201900054068";"138 204 362";"A01";"1";"7";"0";"2";"2";"11";"1";""
"201900054069";"138 204 355";"A01";"1";"7";"0";"1";"1";"1";"1";""
"201900054070";"138 204 349";"B01";"0";"7";"0";"0";"4";"2";"0";""
"201900054070";"138 204 350";"A01";"0";"7";"0";"2";"1";"2";"0";""
"201900054071";"138 204 348";"A01";"3";"7";"6";"0";"9";"1";"1";""
"201900054072";"138 204 340";"C01";"2";"15";"0";"0";"5";"1";"1";""
"201900054072";"138 204 343";"B01";"2";"10";"14";"2";"4";"1";"1";""
"201900054072";"138 204 345";"A01";"2";"7";"0";"2";"1";"2";"1";""
"201900054073";"138 204 339";"B01";"1";"7";"6";"2";"1";"1";"1";""
"201900054073";"138 204 342";"C01";"2";"15";"0";"2";"2";"23";"1";""
"201900054073";"138 204 344";"A01";"2";"7";"6";"2";"7";"26";"1";""
"201900054074";"138 204 337";"A01";"1";"7";"0";"6";"3";"15";"1";""
"201900054074";"138 204 338";"B01";"1";"7";"0";"6";"3";"15";"1";""
"201900054075";"138 204 334";"B01";"2";"33";"0";"2";"1";"1";"0";""
"201900054075";"138 204 336";"A01";"3";"7";"0";"2";"1";"15";"0";""
"201900054076";"138 204 335";"A01";"1";"33";"0";"0";"0";"26";"1";""
"201900054077";"138 204 332";"B01";"2";"7";"0";"2";"1";"15";"1";""
"201900054077";"138 204 333";"A01";"1";"30";"0";"2";"1";"9";"1";""
"201900054078";"138 204 330";"B01";"3";"7";"0";"0";"3";"23";"6";""
"201900054078";"138 204 331";"A01";"3";"33";"0";"2";"7";"26";"6";""
"201900054079";"138 204 329";"A01";"3";"7";"15";"0";"1";"1";"0";""
"201900054080";"138 204 327";"A01";"1";"7";"0";"2";"1";"1";"1";""
"201900054080";"138 204 328";"B01";"2";"1";"0";"2";"1";"1";"5";""
"201900054081";"138 204 326";"A01";"2";"7";"0";"0";"0";"1";"1";""
"201900054082";"138 204 325";"A01";"2";"7";"0";"1";"3";"15";"1";""
"201900054083";"138 204 324";"A01";"2";"33";"2";"0";"1";"1";"1";""
"201900054084";"138 204 323";"A01";"2";"7";"6";"0";"1";"1";"2";""
"201900054085";"138 204 322";"A01";"3";"31";"0";"0";"7";"16";"0";""
"201900054086";"138 204 320";"A01";"0";"7";"0";"1";"1";"1";"1";""
"201900054087";"138 204 319";"A01";"3";"7";"0";"2";"3";"1";"2";""
"201900054087";"138 204 321";"B01";"3";"2";"0";"2";"3";"13";"1";""
"201900054088";"138 204 318";"A01";"3";"7";"0";"1";"7";"16";"1";""
"201900054089";"138 204 317";"A01";"0";"7";"9";"0";"3";"1";"1";""
"201900054090";"138 204 314";"A01";"1";"7";"0";"0";"6";"2";"1";""
"201900054090";"138 204 316";"B01";"1";"33";"0";"2";"1";"2";"1";""
"201900054091";"138 204 310";"A01";"2";"7";"0";"2";"0";"0";"1";""
"201900054091";"138 204 312";"C01";"2";"7";"0";"2";"4";"0";"1";""
"201900054091";"138 204 315";"B01";"2";"7";"0";"2";"4";"2";"1";""
"201900054092";"138 204 309";"C01";"0";"7";"0";"2";"3";"26";"1";""
"201900054092";"138 204 311";"B01";"1";"7";"0";"2";"7";"6";"1";""
"201900054092";"138 204 313";"A01";"1";"7";"0";"0";"1";"21";"1";""
"201900054093";"138 204 308";"A01";"2";"7";"0";"0";"8";"1";"1";""
"201900054094";"138 204 306";"A01";"2";"7";"0";"2";"1";"19";"1";""
"201900054094";"138 204 307";"B01";"1";"7";"0";"2";"8";"1";"1";""
"201900054095";"138 204 305";"A01";"1";"7";"2";"0";"8";"1";"1";""
"201900054096";"138 204 304";"A01";"1";"7";"8";"0";"1";"1";"1";""
"201900054097";"138 204 302";"A01";"2";"7";"6";"0";"1";"1";"1";""
"201900054098";"138 204 300";"A01";"2";"7";"0";"2";"3";"13";"1";""
"201900054098";"138 204 303";"B01";"1";"7";"0";"2";"3";"1";"1";""
"201900054099";"138 204 299";"A01";"2";"7";"0";"2";"2";"1";"3";""
"201900054099";"138 204 301";"B01";"1";"37";"0";"2";"1";"1";"1";"2"
"201900054100";"138 204 297";"A01";"3";"7";"15";"0";"1";"13";"6";""
"201900054101";"138 204 295";"A01";"3";"36";"1";"0";"7";"0";"1";""
"201900054101";"138 204 298";"B01";"3";"7";"0";"0";"6";"26";"1";""
"201900054102";"138 204 294";"B01";"3";"7";"0";"2";"1";"1";"1";""
"201900054102";"138 204 296";"A01";"3";"31";"12";"2";"7";"14";"1";""
"201900054103";"138 204 287";"A01";"3";"13";"0";"1";"5";"4";"6";""
"201900054104";"138 204 286";"A01";"1";"7";"10";"0";"3";"12";"1";""
"201900054105";"138 204 288";"A01";"1";"7";"15";"0";"3";"13";"1";""
"201900054106";"138 204 284";"A01";"1";"7";"0";"1";"2";"1";"6";""
"201900054107";"138 204 283";"A01";"3";"7";"0";"2";"8";"2";"1";""
"201900054107";"138 204 285";"B01";"1";"7";"0";"2";"1";"0";"0";""
"201900054108";"138 204 281";"B01";"1";"7";"0";"0";"5";"15";"1";""
"201900054108";"138 204 282";"A01";"2";"33";"0";"2";"1";"1";"1";""
"201900054109";"138 204 280";"A01";"2";"7";"0";"1";"1";"15";"1";""
"201900054110";"138 204 278";"A01";"0";"43";"0";"2";"1";"1";"1";""
"201900054110";"138 204 279";"B01";"3";"33";"0";"2";"7";"10";"1";""
"201900054111";"138 204 275";"A01";"3";"1";"0";"1";"0";"1";"5";""
"201900054112";"138 204 274";"C01";"1";"7";"0";"2";"1";"2";"1";""
"201900054112";"138 204 276";"B01";"1";"7";"0";"2";"3";"1";"1";""
"201900054112";"138 204 277";"A01";"2";"7";"0";"2";"3";"13";"1";""
"201900054113";"138 204 271";"A01";"0";"7";"0";"2";"1";"2";"1";""
"201900054113";"138 204 272";"B01";"0";"7";"0";"2";"4";"2";"1";""
"201900054113";"138 204 273";"C01";"0";"7";"0";"2";"4";"2";"1";""
"201900054114";"138 204 270";"A01";"1";"7";"6";"0";"1";"14";"1";""
"201900054115";"138 204 269";"A01";"1";"33";"4";"0";"1";"1";"0";""
"201900054116";"138 204 267";"A01";"3";"50";"0";"2";"1";"5";"3";""
"201900054116";"138 204 268";"B01";"3";"1";"0";"2";"3";"25";"5";""
"201900054117";"138 204 266";"A01";"1";"7";"8";"0";"3";"1";"1";""
"201900054118";"138 204 264";"A01";"2";"31";"0";"0";"8";"15";"1";""
"201900054119";"138 204 265";"A01";"1";"2";"0";"1";"1";"1";"1";""
"201900054120";"138 204 261";"B01";"1";"14";"0";"2";"3";"15";"1";""
"201900054120";"138 204 263";"A01";"2";"7";"0";"2";"3";"1";"1";""
"201900054121";"138 204 259";"B01";"1";"7";"0";"2";"3";"1";"1";""
"201900054121";"138 204 262";"A01";"2";"7";"0";"2";"3";"15";"1";""
"201900054122";"138 204 258";"A01";"1";"30";"0";"2";"1";"19";"1";""
"201900054122";"138 204 260";"B01";"1";"7";"0";"2";"3";"19";"1";""
"201900054123";"138 204 255";"A01";"0";"33";"16";"0";"1";"1";"1";""
"201900054124";"138 204 254";"A01";"3";"7";"6";"1";"1";"1";"1";""
"201900054125";"138 204 251";"A01";"0";"2";"16";"0";"1";"1";"1";""
"201900054126";"138 204 250";"A01";"1";"7";"0";"1";"2";"1";"1";""
"201900054127";"138 204 252";"B01";"1";"7";"0";"2";"1";"13";"1";""
"201900054127";"138 204 253";"A01";"2";"7";"0";"2";"2";"21";"1";""
"201900054128";"138 204 249";"A01";"0";"99";"0";"0";"0";"26";"0";""
"201900054129";"138 204 248";"A01";"1";"7";"13";"0";"0";"1";"1";""
"201900054130";"138 204 246";"A01";"3";"7";"0";"0";"0";"19";"1";""
"201900054130";"138 204 247";"B01";"2";"7";"13";"0";"1";"21";"1";""
"201900054131";"138 204 244";"A01";"1";"7";"13";"0";"9";"1";"1";""
"201900054132";"138 204 243";"B01";"2";"10";"0";"0";"6";"23";"1";""
"201900054132";"138 204 245";"A01";"2";"7";"1";"0";"2";"17";"1";""
"201900054133";"138 204 241";"A01";"1";"2";"0";"2";"8";"13";"1";""
"201900054133";"138 204 242";"B01";"2";"7";"0";"2";"7";"15";"1";""
"201900054134";"138 204 239";"B01";"1";"33";"0";"2";"1";"1";"1";""
"201900054134";"138 204 240";"A01";"2";"7";"13";"2";"1";"13";"1";""
"201900054135";"138 204 234";"B01";"2";"7";"0";"0";"6";"17";"1";""
"201900054135";"138 204 236";"A01";"2";"7";"0";"2";"2";"17";"1";""
"201900054136";"138 204 233";"B01";"1";"1";"0";"2";"4";"2";"5";""
"201900054136";"138 204 235";"A01";"1";"7";"0";"2";"2";"2";"1";""
"201900054137";"138 204 232";"A01";"1";"7";"0";"1";"5";"4";"1";""
"201900054138";"138 204 231";"A01";"2";"7";"13";"0";"1";"1";"1";""
"201900054139";"138 204 228";"A01";"1";"7";"0";"2";"1";"1";"1";""
"201900054139";"138 204 229";"B01";"2";"1";"0";"2";"4";"19";"5";""
"201900054140";"138 204 225";"A01";"1";"7";"9";"0";"1";"13";"1";""
"201900054141";"138 204 223";"A01";"1";"7";"9";"2";"1";"26";"1";""
"201900054141";"138 204 224";"B01";"1";"1";"0";"2";"7";"1";"5";""
"201900054142";"138 204 230";"A01";"2";"7";"17";"0";"9";"14";"1";""
"201900054143";"138 204 221";"A01";"1";"7";"0";"2";"6";"9";"1";""
"201900054143";"138 204 222";"B01";"2";"2";"0";"2";"3";"1";"1";""
"201900054144";"138 204 220";"A01";"0";"2";"8";"0";"1";"0";"1";""
"201900054145";"138 204 218";"A01";"1";"7";"0";"2";"1";"2";"1";""
"201900054145";"138 204 219";"B01";"1";"7";"0";"2";"0";"0";"1";""
"201900054146";"138 204 215";"C01";"1";"7";"0";"2";"1";"1";"1";""
"201900054146";"138 204 216";"B01";"1";"7";"0";"2";"1";"1";"1";""
"201900054146";"138 204 217";"A01";"2";"7";"0";"2";"7";"13";"1";""
"201900054147";"138 204 226";"A01";"0";"7";"0";"2";"2";"19";"1";""
"201900054147";"138 204 227";"B01";"0";"33";"0";"2";"7";"1";"1";""
"201900054148";"138 204 213";"B01";"2";"7";"0";"2";"3";"1";"6";""
"201900054148";"138 204 214";"A01";"1";"10";"0";"2";"3";"16";"1";""
"201900054149";"138 204 211";"A01";"2";"7";"2";"0";"8";"1";"1";""
"201900054150";"138 204 210";"B01";"2";"7";"0";"2";"7";"21";"1";""
"201900054150";"138 204 212";"A01";"1";"7";"0";"2";"1";"5";"1";""
"201900054151";"138 204 207";"B01";"1";"7";"0";"2";"1";"1";"1";""
"201900054151";"138 204 209";"A01";"1";"7";"0";"2";"4";"23";"1";""
"201900054152";"138 204 206";"B01";"2";"21";"0";"2";"4";"1";"1";""
"201900054152";"138 204 208";"A01";"2";"7";"0";"2";"1";"1";"1";""