"Num_Acc";"id_vehicule";"num_veh";"senc";"catv";"obs";"obsm";"choc";"manv";"motor";"occutc"
"201900054779";"138 203 116";"A01";"2";"33";"11";"0";"1";"1";"1";""
"201900054780";"138 203 114";"A01";"2";"7";"0";"2";"3";"13";"1";""
"201900054780";"138 203 115";"B01";"1";"7";"0";"2";"3";"1";"1";""
"201900054781";"138 203 113";"A01";"3";"7";"2";"0";"1";"19";"1";""
"201900054782";"138 203 111";"A01";"3";"1";"0";"2";"3";"19";"5";""
"201900054782";"138 203 112";"B01";"1";"7";"0";"2";"2";"1";"1";""
"201900054783";"138 203 109";"B01";"1";"7";"8";"2";"8";"2";"0";""
"201900054783";"138 203 110";"A01";"2";"10";"0";"2";"1";"2";"0";""
"201900054784";"138 203 106";"A01";"2";"7";"3";"0";"2";"1";"1";""
"201900054785";"138 203 105";"A01";"3";"7";"7";"0";"3";"17";"0";""
"201900054786";"138 203 104";"A01";"2";"7";"2";"0";"1";"1";"1";""
"201900054787";"138 203 102";"B01";"1";"7";"0";"2";"3";"1";"6";""
"201900054787";"138 203 103";"A01";"2";"7";"0";"2";"3";"1";"1";""
"201900054788";"138 203 100";"A01";"3";"7";"0";"2";"1";"24";"1";""
"201900054788";"138 203 101";"B01";"0";"7";"1";"0";"1";"1";"1";""
"201900054789";"138 203 099";"A01";"3";"2";"6";"0";"1";"1";"1";""
"201900054790";"138 203 098";"A01";"2";"10";"17";"0";"1";"1";"1";""
"201900054791";"138 203 096";"B01";"2";"7";"0";"0";"3";"1";"1";""
"201900054791";"138 203 097";"A01";"1";"7";"0";"2";"3";"13";"1";""
"201900054792";"138 203 095";"A01";"3";"2";"0";"1";"1";"1";"1";""
"201900054793";"138 203 093";"C01";"3";"99";"0";"2";"1";"1";"1";""
"201900054793";"138 203 094";"A01";"3";"31";"0";"2";"1";"1";"1";""
"201900054794";"138 203 092";"B01";"1";"7";"0";"0";"0";"1";"1";""
"201900054795";"138 203 091";"A01";"2";"7";"8";"0";"7";"1";"1";""
"201900054796";"138 203 090";"A01";"2";"7";"0";"1";"2";"1";"1";""
"201900054797";"138 203 089";"A01";"1";"7";"13";"0";"2";"1";"1";""
"201900054798";"138 203 087";"A01";"2";"10";"3";"0";"3";"0";"1";""
"201900054799";"138 203 085";"A01";"1";"7";"0";"2";"1";"2";"0";""
"201900054799";"138 203 086";"B01";"1";"7";"0";"0";"4";"2";"0";""
"201900054800";"138 203 084";"A01";"1";"15";"2";"0";"1";"0";"1";""
"201900054801";"138 203 082";"A01";"2";"10";"0";"2";"1";"2";"1";""
"201900054801";"138 203 083";"B01";"2";"7";"0";"0";"4";"2";"1";""
"201900054802";"138 203 080";"B01";"1";"7";"0";"2";"8";"2";"1";""
"201900054802";"138 203 081";"A01";"1";"17";"0";"2";"3";"2";"1";""
"201900054803";"138 203 078";"B01";"2";"15";"0";"2";"5";"2";"1";""
"201900054803";"138 203 079";"A01";"2";"7";"0";"2";"1";"2";"1";""
"201900054804";"138 203 076";"A01";"2";"7";"5";"0";"1";"1";"1";""
"201900054804";"138 203 077";"B01";"2";"7";"0";"0";"4";"1";"1";""
"201900054805";"138 203 075";"A01";"2";"0";"0";"0";"0";"0";"0";""
"201900054806";"138 203 074";"A01";"1";"2";"7";"0";"1";"17";"0";""
"201900054807";"138 203 072";"B01";"1";"32";"0";"2";"1";"1";"1";""
"201900054807";"138 203 073";"A01";"2";"7";"0";"2";"7";"9";"1";""
"201900054808";"138 203 070";"A01";"2";"17";"0";"2";"1";"2";"1";""
"201900054808";"138 203 071";"B01";"2";"17";"0";"0";"4";"2";"1";""
"201900054809";"138 203 068";"B01";"2";"1";"0";"0";"4";"2";"5";""
"201900054809";"138 203 069";"A01";"2";"7";"0";"9";"2";"2";"1";""
"201900054810";"138 203 066";"B01";"2";"1";"0";"2";"1";"1";"5";""
"201900054810";"138 203 067";"A01";"1";"7";"0";"2";"2";"15";"0";""
"201900054811";"138 203 064";"B01";"2";"7";"0";"2";"6";"1";"1";""
"201900054811";"138 203 065";"A01";"2";"2";"0";"2";"1";"1";"1";""
"201900054812";"138 203 062";"A01";"3";"33";"0";"9";"1";"2";"6";""
"201900054812";"138 203 063";"B01";"3";"1";"0";"2";"6";"2";"5";""
"201900054813";"138 203 060";"B01";"2";"1";"0";"2";"5";"26";"5";""
"201900054813";"138 203 061";"A01";"2";"37";"0";"2";"1";"21";"1";"1"
"201900054814";"138 203 057";"B01";"2";"7";"0";"2";"4";"2";"1";""
"201900054814";"138 203 058";"A01";"2";"7";"0";"2";"1";"2";"1";""
"201900054815";"138 203 054";"A01";"3";"7";"0";"1";"2";"1";"1";""
"201900054815";"138 203 055";"B01";"3";"1";"0";"2";"3";"19";"1";""
"201900054816";"138 203 053";"A01";"2";"7";"0";"1";"7";"1";"1";""
"201900054817";"138 203 052";"A01";"1";"7";"8";"0";"1";"14";"1";""
"201900054818";"138 203 049";"A01";"1";"2";"0";"2";"1";"2";"1";""
"201900054818";"138 203 050";"B01";"1";"7";"0";"0";"4";"23";"1";""
"201900054819";"138 203 047";"A01";"1";"2";"0";"0";"1";"18";"1";""
"201900054819";"138 203 048";"B01";"1";"7";"0";"2";"4";"16";"1";""
"201900054820";"138 203 051";"A01";"1";"7";"0";"4";"1";"26";"1";""
"201900054821";"138 203 045";"B01";"2";"7";"0";"2";"8";"17";"0";""
"201900054821";"138 203 046";"A01";"2";"1";"0";"0";"8";"2";"5";""
"201900054822";"138 203 042";"A01";"3";"7";"2";"0";"2";"1";"1";""
"201900054823";"138 203 036";"A01";"2";"7";"3";"2";"2";"14";"1";""
"201900054823";"138 203 038";"B01";"2";"7";"0";"2";"3";"1";"1";""
"201900054824";"138 203 034";"B01";"2";"7";"0";"2";"1";"1";"1";""
"201900054824";"138 203 035";"A01";"1";"7";"0";"2";"7";"13";"1";""
"201900054825";"138 203 031";"B01";"2";"7";"0";"2";"4";"2";"1";""
"201900054825";"138 203 033";"A01";"2";"33";"0";"2";"4";"2";"1";""
"201900054826";"138 203 030";"B01";"3";"7";"0";"2";"1";"1";"1";""
"201900054826";"138 203 032";"A01";"3";"1";"0";"2";"8";"26";"5";""
"201900054827";"138 203 026";"B01";"3";"10";"0";"2";"1";"2";"1";""
"201900054827";"138 203 028";"A01";"3";"10";"3";"2";"1";"13";"1";""
"201900054828";"138 203 027";"A01";"2";"7";"0";"2";"3";"11";"1";""
"201900054828";"138 203 029";"B01";"2";"33";"0";"2";"1";"3";"1";""
"201900054829";"138 203 023";"A01";"2";"7";"0";"2";"3";"9";"1";""
"201900054829";"138 203 025";"B01";"1";"33";"0";"2";"2";"12";"1";""
"201900054830";"138 203 019";"A01";"1";"7";"0";"2";"4";"2";"1";""
"201900054830";"138 203 021";"C01";"1";"7";"0";"2";"4";"2";"1";""
"201900054830";"138 203 022";"B01";"1";"7";"0";"2";"4";"2";"1";""
"201900054830";"138 203 024";"D01";"1";"7";"0";"2";"1";"2";"1";""
"201900054831";"138 203 018";"A01";"3";"7";"0";"2";"2";"1";"1";""
"201900054831";"138 203 020";"B01";"3";"33";"0";"2";"2";"9";"1";""
"201900054832";"138 203 014";"B01";"2";"30";"1";"2";"0";"26";"1";""
"201900054832";"138 203 015";"A01";"1";"33";"0";"2";"0";"0";"1";""
"201900054833";"138 203 012";"B01";"1";"33";"0";"2";"2";"2";"1";""
"201900054833";"138 203 013";"A01";"2";"7";"0";"2";"6";"9";"1";""
"201900054834";"138 203 016";"B01";"1";"31";"0";"2";"8";"1";"0";""
"201900054834";"138 203 017";"A01";"1";"7";"0";"2";"7";"14";"0";""
"201900054835";"138 203 004";"H01";"1";"7";"0";"2";"1";"1";"1";""
"201900054835";"138 203 005";"G01";"1";"7";"0";"2";"4";"1";"1";""
"201900054835";"138 203 006";"F01";"1";"7";"0";"2";"1";"1";"1";""
"201900054835";"138 203 007";"E01";"1";"7";"0";"2";"4";"1";"1";""
"201900054835";"138 203 008";"D01";"1";"7";"0";"2";"4";"1";"1";""
"201900054835";"138 203 009";"C01";"1";"7";"0";"2";"4";"1";"1";""
"201900054835";"138 203 010";"B01";"1";"15";"0";"2";"8";"1";"1";""
"201900054835";"138 203 011";"A01";"1";"7";"0";"2";"1";"1";"1";""
"201900054836";"138 203 001";"D01";"1";"7";"0";"2";"2";"1";"1";""
"201900054836";"138 203 002";"C01";"1";"7";"0";"1";"1";"24";"1";""
"201900054836";"138 203 003";"A01";"1";"7";"0";"2";"1";"2";"1";""
"201900054837";"138 202 998";"A01";"1";"33";"0";"2";"8";"1";"1";""
"201900054837";"138 203 000";"B01";"2";"7";"0";"6";"8";"1";"1";""
"201900054838";"138 202 994";"B01";"2";"7";"0";"2";"4";"2";"1";""
"201900054838";"138 202 995";"A01";"2";"34";"0";"0";"0";"0";"1";""
"201900054839";"138 202 992";"B01";"1";"7";"0";"2";"4";"2";"0";""
"201900054839";"138 202 993";"A01";"1";"33";"0";"2";"4";"13";"0";""
"201900054840";"138 202 991";"A01";"2";"33";"8";"0";"1";"14";"1";""
"201900054841";"138 202 988";"D01";"1";"7";"0";"2";"4";"23";"0";""
"201900054841";"138 202 996";"C01";"1";"7";"0";"2";"4";"2";"1";""
"201900054841";"138 202 997";"B01";"1";"7";"0";"2";"1";"2";"1";""
"201900054841";"138 202 999";"A01";"1";"7";"0";"2";"1";"2";"1";""
"201900054842";"138 202 987";"A01";"1";"99";"0";"2";"1";"9";"6";""
"201900054842";"138 202 989";"B01";"1";"3";"8";"0";"4";"2";"0";""
"201900054843";"138 202 984";"A01";"2";"7";"0";"2";"4";"2";"1";""
"201900054843";"138 202 985";"B01";"2";"7";"0";"2";"1";"2";"1";""
"201900054843";"138 202 986";"C01";"2";"7";"0";"2";"1";"2";"1";""
"201900054844";"138 202 983";"A01";"2";"10";"8";"1";"1";"1";"1";""
"201900054845";"138 202 982";"A01";"1";"7";"4";"0";"1";"1";"1";""
"201900054846";"138 202 981";"A01";"1";"7";"0";"1";"1";"1";"2";""
"201900054847";"138 202 976";"A01";"3";"7";"3";"2";"7";"17";"1";""
"201900054847";"138 202 978";"B01";"3";"7";"0";"2";"8";"1";"1";""
"201900054848";"138 202 977";"A01";"1";"14";"0";"2";"4";"1";"1";""
"201900054848";"138 202 979";"B01";"1";"10";"0";"2";"7";"1";"1";""
"201900054848";"138 202 980";"C01";"1";"14";"0";"2";"1";"13";"1";""
"201900054849";"138 202 973";"W01";"0";"7";"0";"2";"6";"24";"1";""
"201900054849";"138 202 975";"A01";"3";"30";"1";"0";"7";"21";"2";""
"201900054850";"138 202 971";"A01";"2";"34";"0";"2";"1";"0";"1";""
"201900054850";"138 202 972";"B01";"2";"32";"0";"0";"4";"23";"0";""
"201900054851";"138 202 970";"A01";"2";"7";"0";"2";"8";"1";"1";""
"201900054851";"138 202 974";"B01";"2";"7";"0";"2";"5";"1";"1";""
"201900054852";"138 202 969";"A01";"0";"33";"0";"1";"1";"19";"1";""
"201900054853";"138 202 964";"A01";"2";"7";"0";"2";"1";"9";"6";""
"201900054853";"138 202 966";"B01";"2";"33";"0";"2";"8";"1";"6";""
"201900054854";"138 202 965";"A01";"2";"17";"0";"2";"4";"1";"1";""
"201900054854";"138 202 967";"C01";"2";"15";"0";"2";"1";"1";"1";""
"201900054854";"138 202 968";"B01";"2";"7";"0";"2";"1";"1";"1";""
"201900054855";"138 202 962";"A01";"1";"7";"12";"1";"2";"1";"1";""
"201900054856";"138 202 961";"B01";"2";"7";"0";"2";"3";"3";"1";""
"201900054856";"138 202 963";"A01";"2";"7";"0";"2";"5";"12";"1";""
"201900054857";"138 202 959";"B01";"1";"31";"0";"2";"8";"2";"1";""
"201900054857";"138 202 960";"A01";"1";"31";"0";"2";"7";"2";"0";""
"201900054858";"138 202 957";"B01";"2";"7";"0";"2";"7";"1";"1";""
"201900054858";"138 202 958";"A01";"2";"7";"0";"2";"8";"11";"1";""
"201900054859";"138 202 955";"B01";"0";"32";"0";"2";"1";"0";"1";""
"201900054859";"138 202 956";"A01";"0";"7";"0";"2";"3";"0";"1";""
"201900054860";"138 202 951";"A01";"1";"7";"0";"2";"1";"5";"1";""
"201900054860";"138 202 953";"C01";"2";"7";"0";"2";"1";"1";"1";""
"201900054860";"138 202 954";"B01";"2";"7";"0";"2";"1";"1";"1";""
"201900054861";"138 202 950";"B01";"1";"32";"0";"2";"8";"1";"1";""
"201900054861";"138 202 952";"A01";"1";"7";"0";"2";"7";"17";"1";""
"201900054862";"138 202 946";"A01";"1";"33";"0";"2";"1";"17";"1";""
"201900054862";"138 202 947";"B01";"2";"7";"0";"2";"3";"1";"1";""
"201900054863";"138 202 940";"A01";"0";"2";"0";"2";"1";"0";"1";""
"201900054863";"138 202 942";"B01";"0";"7";"0";"2";"2";"0";"1";""
"201900054863";"138 202 943";"C01";"0";"7";"0";"2";"0";"0";"1";""
"201900054864";"138 202 938";"A01";"2";"7";"14";"0";"4";"0";"1";""
"201900054864";"138 202 939";"B01";"2";"7";"0";"2";"4";"2";"1";""
"201900054864";"138 202 941";"C01";"2";"7";"0";"2";"4";"1";"1";""
"201900054865";"138 202 936";"A01";"2";"7";"0";"1";"3";"13";"1";""
"201900054866";"138 202 935";"B01";"3";"30";"0";"2";"1";"1";"1";""
"201900054866";"138 202 937";"A01";"1";"7";"0";"2";"3";"19";"1";""
"201900054867";"138 202 924";"B01";"3";"32";"0";"2";"4";"0";"1";""
"201900054867";"138 202 925";"A01";"3";"7";"0";"2";"4";"23";"1";""
"201900054868";"138 202 922";"A01";"1";"30";"0";"2";"1";"26";"0";""
"201900054868";"138 202 923";"B01";"0";"7";"0";"2";"0";"0";"0";""
"201900054869";"138 202 920";"B01";"3";"7";"0";"0";"6";"15";"1";""
"201900054869";"138 202 921";"A01";"3";"30";"0";"2";"1";"17";"1";""
"201900054870";"138 202 917";"B01";"1";"32";"0";"2";"8";"1";"1";""
"201900054870";"138 202 919";"A01";"1";"10";"0";"2";"1";"1";"1";""
"201900054871";"138 202 915";"A01";"1";"7";"0";"1";"2";"26";"1";""
"201900054872";"138 202 914";"A01";"3";"7";"0";"2";"1";"9";"0";""
"201900054872";"138 202 916";"B01";"3";"32";"0";"2";"5";"16";"0";""
"201900054873";"138 202 912";"B01";"2";"10";"0";"2";"6";"15";"0";""
"201900054873";"138 202 913";"A01";"2";"3";"0";"2";"3";"1";"0";""
"201900054874";"138 202 910";"A01";"3";"32";"0";"2";"3";"26";"1";""
"201900054874";"138 202 911";"B01";"3";"7";"0";"2";"3";"0";"0";""
"201900054875";"138 202 908";"A01";"3";"7";"0";"1";"8";"26";"1";""
"201900054876";"138 202 909";"A01";"1";"7";"0";"1";"3";"1";"1";""
"201900054877";"138 202 906";"A01";"3";"1";"0";"2";"8";"26";"5";""
"201900054877";"138 202 907";"B01";"3";"7";"0";"6";"1";"1";"1";""
"201900054878";"138 202 903";"A01";"3";"7";"0";"1";"1";"19";"1";""
"201900054879";"138 202 900";"A01";"3";"7";"0";"1";"1";"9";"1";""
"201900054880";"138 202 897";"B01";"1";"7";"0";"2";"6";"11";"1";""
"201900054880";"138 202 899";"A01";"1";"33";"0";"2";"1";"1";"1";""
"201900054881";"138 202 893";"B01";"1";"7";"0";"2";"4";"12";"1";""
"201900054881";"138 202 895";"A01";"1";"33";"0";"2";"1";"3";"1";""
"201900054882";"138 202 892";"A01";"3";"10";"0";"2";"1";"2";"1";""
"201900054882";"138 202 894";"B01";"3";"10";"0";"2";"4";"2";"1";""
"201900054883";"138 202 891";"A01";"1";"7";"4";"0";"1";"13";"1";""
"201900054884";"138 202 889";"A01";"1";"30";"0";"2";"1";"11";"1";""
"201900054884";"138 202 890";"B01";"1";"7";"0";"2";"1";"1";"1";""
"201900054885";"138 202 888";"A01";"2";"7";"3";"0";"1";"14";"1";""
"201900054886";"138 202 887";"A01";"1";"7";"0";"1";"1";"1";"1";""
"201900054887";"138 202 885";"B01";"2";"32";"0";"2";"1";"1";"1";""
"201900054887";"138 202 886";"A01";"1";"10";"0";"2";"3";"15";"1";""
"201900054888";"138 202 883";"B01";"3";"7";"0";"2";"8";"1";"1";""
"201900054888";"138 202 884";"A01";"3";"33";"0";"2";"1";"15";"1";""
"201900054889";"138 202 881";"B01";"2";"7";"0";"2";"4";"2";"1";""
"201900054889";"138 202 882";"A01";"2";"30";"0";"2";"1";"2";"1";""
"201900054890";"138 202 879";"A01";"1";"33";"0";"2";"3";"17";"1";""
"201900054890";"138 202 880";"B01";"2";"31";"0";"2";"3";"15";"1";""
"201900054891";"138 202 877";"B01";"2";"7";"0";"2";"1";"17";"1";""
"201900054891";"138 202 878";"A01";"1";"34";"1";"0";"2";"17";"1";""
"201900054892";"138 202 875";"B01";"2";"2";"0";"2";"7";"1";"1";""
"201900054892";"138 202 876";"A01";"3";"7";"0";"2";"2";"26";"1";""
"201900054893";"138 202 872";"A01";"2";"7";"0";"1";"1";"1";"1";""
"201900054894";"138 202 870";"B01";"1";"7";"0";"2";"1";"1";"1";""
"201900054894";"138 202 871";"A01";"2";"7";"0";"2";"1";"15";"1";""
"201900054895";"138 202 869";"A01";"1";"33";"0";"0";"8";"1";"1";""
"201900054896";"138 202 866";"B01";"1";"33";"0";"2";"1";"1";"1";""
"201900054896";"138 202 868";"A01";"2";"20";"0";"2";"1";"15";"1";""
"201900054897";"138 202 864";"A01";"1";"7";"0";"2";"1";"2";"1";""
"201900054897";"138 202 865";"C01";"1";"7";"0";"4";"6";"2";"1";""
"201900054897";"138 202 867";"B01";"1";"7";"0";"2";"4";"2";"1";""
"201900054898";"138 202 859";"A01";"3";"31";"1";"2";"2";"1";"1";""
"201900054898";"138 202 861";"B01";"3";"7";"1";"2";"8";"26";"1";""
"201900054898";"138 202 862";"C01";"3";"7";"0";"0";"6";"0";"1";""
"201900054898";"138 202 863";"D01";"3";"7";"0";"0";"3";"0";"1";""
"201900054899";"138 202 854";"B01";"1";"7";"0";"2";"3";"1";"0";""
"201900054899";"138 202 855";"A01";"2";"30";"0";"2";"1";"13";"1";""
"201900054900";"138 202 851";"C01";"3";"1";"0";"2";"4";"1";"6";""
"201900054900";"138 202 852";"B01";"3";"1";"0";"2";"4";"2";"6";""
"201900054900";"138 202 853";"A01";"3";"7";"0";"2";"2";"14";"0";""
"201900054901";"138 202 840";"A01";"1";"30";"0";"2";"1";"2";"1";""
"201900054901";"138 202 841";"B01";"1";"30";"0";"2";"4";"1";"1";""
"201900054902";"138 202 842";"A01";"0";"7";"0";"2";"1";"9";"0";""
"201900054902";"138 202 843";"B01";"3";"1";"0";"2";"7";"9";"5";""
"201900054903";"138 202 837";"C01";"2";"10";"0";"2";"6";"23";"1";""
"201900054903";"138 202 838";"B01";"2";"7";"0";"2";"6";"23";"1";""
"201900054903";"138 202 839";"A01";"2";"7";"0";"2";"5";"1";"1";""
"201900054904";"138 202 836";"A01";"1";"7";"0";"1";"1";"21";"1";""
"201900054905";"138 202 834";"A01";"2";"1";"0";"2";"1";"2";"5";""
"201900054905";"138 202 835";"B01";"2";"1";"0";"2";"4";"2";"5";""
"201900054906";"138 202 832";"B01";"2";"7";"0";"2";"2";"15";"1";""
"201900054906";"138 202 833";"A01";"1";"32";"0";"2";"1";"12";"1";""
"201900054907";"138 202 830";"A01";"3";"30";"0";"0";"0";"26";"1";""
"201900054908";"138 202 831";"A01";"2";"33";"0";"0";"8";"1";"1";""
"201900054909";"138 202 829";"A01";"1";"7";"0";"1";"4";"4";"0";""
"201900054910";"138 202 828";"A01";"2";"7";"0";"1";"1";"15";"1";""
"201900054911";"138 202 825";"B01";"1";"1";"0";"2";"7";"15";"5";""
"201900054911";"138 202 827";"A01";"1";"10";"0";"2";"2";"1";"1";""
"201900054912";"138 202 824";"B01";"1";"33";"0";"2";"3";"15";"1";""
"201900054912";"138 202 826";"A01";"2";"7";"0";"2";"2";"1";"1";""
"201900054913";"138 202 823";"A01";"3";"7";"0";"1";"1";"16";"1";""
"201900054914";"138 202 821";"A01";"1";"7";"0";"2";"1";"15";"1";""
"201900054914";"138 202 822";"B01";"2";"1";"0";"2";"1";"1";"5";""
"201900054915";"138 202 819";"B01";"1";"7";"1";"2";"8";"1";"1";""
"201900054915";"138 202 820";"A01";"1";"7";"0";"2";"1";"1";"1";""
"201900054916";"138 202 818";"A01";"1";"7";"0";"1";"1";"2";"1";""
"201900054917";"138 202 816";"B01";"1";"7";"0";"2";"7";"1";"1";""
"201900054917";"138 202 817";"A01";"1";"34";"0";"2";"3";"18";"1";""
"201900054918";"138 202 813";"A01";"3";"7";"0";"1";"6";"4";"1";""
"201900054919";"138 202 811";"A01";"1";"7";"0";"2";"1";"2";"1";""
"201900054919";"138 202 812";"B01";"1";"7";"0";"2";"1";"2";"1";""
"201900054919";"138 202 814";"C01";"1";"7";"0";"2";"4";"23";"1";""
"201900054919";"138 202 815";"D01";"2";"7";"0";"2";"4";"23";"1";""
"201900054920";"138 202 809";"B01";"1";"7";"0";"2";"1";"1";"1";""
"201900054920";"138 202 810";"A01";"1";"7";"0";"2";"5";"1";"1";""
"201900054921";"138 202 806";"A01";"1";"7";"0";"6";"2";"15";"1";""
"201900054921";"138 202 807";"B01";"2";"1";"0";"2";"8";"19";"0";""
"201900054922";"138 202 808";"A01";"0";"7";"0";"1";"6";"1";"1";""
"201900054923";"138 202 804";"B01";"1";"43";"1";"2";"8";"1";"1";""
"201900054923";"138 202 805";"A01";"2";"7";"0";"2";"1";"1";"1";""
"201900054924";"138 202 802";"A01";"0";"7";"0";"2";"3";"16";"1";""
"201900054924";"138 202 803";"B01";"0";"7";"6";"2";"8";"1";"1";""
"201900054925";"138 202 799";"B01";"3";"1";"0";"2";"4";"1";"5";""
"201900054925";"138 202 800";"A01";"2";"7";"0";"2";"3";"16";"1";""
"201900054926";"138 202 801";"Z01";"2";"33";"0";"1";"1";"0";"0";""
"201900054927";"138 202 796";"A01";"2";"7";"0";"1";"2";"9";"1";""
"201900054928";"138 202 797";"A01";"1";"7";"0";"2";"3";"15";"1";""
"201900054928";"138 202 798";"B01";"1";"33";"0";"2";"1";"1";"1";""
"201900054929";"138 202 793";"A01";"1";"7";"0";"1";"2";"21";"1";""
"201900054930";"138 202 790";"B01";"1";"7";"0";"2";"3";"1";"1";""
"201900054930";"138 202 791";"A01";"2";"33";"0";"2";"1";"1";"1";""
"201900054931";"138 202 789";"A01";"2";"7";"0";"2";"1";"1";"1";""
"201900054931";"138 202 794";"C01";"2";"7";"0";"2";"3";"1";"1";""
"201900054931";"138 202 795";"B01";"2";"7";"0";"2";"9";"1";"1";""
"201900054932";"138 202 787";"A01";"1";"0";"0";"1";"1";"1";"1";""
"201900054933";"138 202 786";"B01";"2";"2";"0";"2";"7";"1";"1";""
"201900054933";"138 202 788";"A01";"2";"7";"0";"2";"1";"1";"1";""
"201900054934";"138 202 783";"A01";"2";"7";"0";"1";"1";"1";"1";""
"201900054935";"138 202 784";"A01";"2";"7";"0";"1";"1";"15";"1";""
"201900054935";"138 202 785";"B01";"1";"33";"0";"2";"6";"1";"1";""
"201900054936";"138 202 780";"B01";"1";"30";"0";"2";"1";"1";"1";""
"201900054936";"138 202 782";"A01";"1";"7";"0";"2";"7";"1";"1";""
"201900054937";"138 202 781";"A01";"3";"33";"0";"0";"9";"26";"1";""
"201900054938";"138 202 778";"B01";"1";"7";"0";"0";"5";"26";"6";""
"201900054938";"138 202 779";"A01";"1";"7";"7";"2";"1";"17";"0";""
"201900054939";"138 202 777";"A01";"1";"7";"0";"1";"1";"1";"0";""
"201900054940";"138 202 775";"B01";"1";"7";"0";"2";"1";"0";"1";""
"201900054940";"138 202 776";"A01";"2";"7";"0";"2";"1";"13";"1";""
"201900054941";"138 202 773";"B01";"0";"7";"0";"2";"5";"2";"1";""
"201900054941";"138 202 774";"A01";"1";"7";"15";"2";"1";"2";"1";""
"201900054942";"138 202 771";"B01";"0";"10";"0";"2";"1";"1";"1";""
"201900054942";"138 202 772";"A01";"2";"10";"0";"2";"1";"13";"1";""
"201900054943";"138 202 769";"A01";"1";"7";"0";"1";"1";"1";"1";""
"201900054944";"138 202 770";"A01";"1";"7";"0";"1";"3";"1";"1";""
"201900054945";"138 202 767";"B01";"1";"7";"0";"2";"3";"19";"1";""
"201900054945";"138 202 768";"A01";"1";"7";"0";"2";"1";"19";"1";""
"201900054946";"138 202 766";"A01";"2";"7";"1";"0";"1";"13";"1";""
"201900054947";"138 202 765";"A01";"1";"7";"14";"0";"1";"2";"1";""
"201900054948";"138 202 763";"A01";"1";"7";"0";"2";"1";"19";"1";""
"201900054948";"138 202 764";"B01";"1";"7";"0";"2";"8";"1";"1";""
"201900054949";"138 202 761";"B01";"1";"1";"0";"2";"4";"1";"5";""
"201900054949";"138 202 762";"A01";"1";"7";"0";"0";"8";"9";"1";""
"201900054950";"138 202 760";"A01";"1";"7";"13";"2";"1";"2";"1";""
"201900054951";"138 202 758";"B01";"2";"7";"0";"2";"5";"2";"1";""
"201900054951";"138 202 759";"A01";"2";"7";"0";"2";"3";"2";"1";""
"201900054952";"138 202 756";"B01";"1";"1";"0";"2";"1";"1";"0";""
"201900054952";"138 202 757";"A01";"2";"7";"0";"2";"6";"1";"1";""
"201900054953";"138 202 753";"C01";"1";"7";"0";"2";"3";"23";"1";""
"201900054953";"138 202 754";"B01";"1";"32";"0";"2";"4";"3";"1";""
"201900054953";"138 202 755";"A01";"1";"43";"0";"2";"2";"3";"1";""
"201900054954";"138 202 751";"B01";"3";"7";"0";"2";"3";"1";"0";""
"201900054954";"138 202 752";"A01";"3";"34";"0";"2";"2";"12";"0";""
"201900054955";"138 202 749";"B01";"1";"33";"0";"2";"1";"3";"1";""
"201900054955";"138 202 750";"A01";"1";"7";"0";"2";"6";"12";"1";""
"201900054956";"138 202 746";"A01";"1";"7";"0";"2";"1";"2";"2";""
"201900054956";"138 202 747";"B01";"1";"7";"0";"2";"4";"2";"1";""
"201900054956";"138 202 748";"C01";"1";"7";"0";"2";"4";"2";"1";""
"201900054957";"138 202 742";"A01";"2";"43";"0";"2";"1";"2";"1";""
"201900054957";"138 202 743";"B01";"2";"7";"0";"2";"4";"2";"1";""
"201900054958";"138 202 744";"A01";"2";"7";"0";"2";"5";"15";"1";""
"201900054958";"138 202 745";"B01";"1";"33";"0";"2";"1";"1";"1";""
"201900054959";"138 202 739";"A01";"2";"10";"0";"2";"1";"2";"1";""
"201900054959";"138 202 740";"B01";"2";"32";"0";"2";"4";"23";"1";""
"201900054959";"138 202 741";"C01";"2";"7";"0";"2";"4";"23";"1";""
"201900054960";"138 202 737";"A01";"1";"34";"0";"1";"7";"21";"1";""
"201900054960";"138 202 738";"B01";"1";"7";"0";"2";"4";"21";"1";""
"201900054961";"138 202 736";"A01";"2";"7";"4";"0";"3";"14";"1";""
"201900054962";"138 202 734";"A01";"1";"7";"0";"2";"1";"13";"1";""
"201900054962";"138 202 735";"B01";"1";"38";"0";"2";"2";"1";"1";"2"
"201900054963";"138 202 732";"Z01";"1";"7";"0";"2";"7";"12";"0";""
"201900054963";"138 202 733";"A01";"1";"33";"0";"2";"8";"3";"1";""
"201900054964";"138 202 727";"C01";"1";"7";"0";"2";"5";"23";"1";""
"201900054964";"138 202 728";"B01";"1";"7";"0";"2";"3";"23";"1";""
"201900054964";"138 202 729";"A01";"1";"32";"0";"2";"1";"3";"1";""
"201900054965";"138 202 730";"B01";"3";"2";"0";"2";"7";"2";"1";""
"201900054965";"138 202 731";"A01";"3";"10";"0";"2";"4";"4";"1";""
"201900054966";"138 202 724";"C01";"2";"7";"0";"2";"1";"1";"1";""
"201900054966";"138 202 725";"Z01";"2";"7";"0";"2";"4";"1";"1";""
"201900054966";"138 202 726";"A01";"2";"33";"0";"2";"1";"11";"1";""