"Num_Acc";"id_vehicule";"num_veh";"senc";"catv";"obs";"obsm";"choc";"manv";"motor";"occutc"
"201900055380";"138 201 949";"B01";"3";"7";"0";"2";"6";"2";"1";""
"201900055380";"138 201 952";"A01";"3";"10";"0";"2";"2";"2";"1";""
"201900055381";"138 201 948";"A01";"1";"10";"0";"1";"3";"21";"1";""
"201900055382";"138 201 946";"A01";"0";"7";"0";"2";"1";"15";"1";""
"201900055382";"138 201 947";"B01";"0";"32";"0";"2";"7";"2";"1";""
"201900055383";"138 201 950";"B01";"1";"7";"0";"0";"6";"23";"1";""
"201900055383";"138 201 953";"A01";"1";"30";"0";"2";"1";"2";"1";""
"201900055384";"138 201 943";"A01";"1";"10";"8";"2";"3";"2";"1";""
"201900055384";"138 201 945";"B01";"1";"10";"0";"2";"2";"17";"1";""
"201900055385";"138 201 940";"A01";"1";"7";"0";"2";"6";"15";"1";""
"201900055385";"138 201 944";"B01";"1";"33";"0";"2";"1";"1";"1";""
"201900055386";"138 201 939";"A01";"2";"7";"1";"0";"2";"1";"1";""
"201900055387";"138 201 935";"A01";"3";"10";"0";"2";"3";"16";"1";""
"201900055387";"138 201 937";"B01";"3";"10";"0";"2";"2";"19";"1";""
"201900055388";"138 201 934";"A01";"1";"34";"0";"2";"1";"17";"1";""
"201900055388";"138 201 936";"B01";"1";"7";"0";"0";"6";"15";"1";""
"201900055389";"138 201 931";"A01";"1";"7";"0";"2";"4";"2";"0";""
"201900055389";"138 201 933";"B01";"1";"7";"0";"2";"1";"2";"0";""
"201900055390";"138 201 930";"A01";"2";"30";"0";"0";"0";"21";"1";""
"201900055391";"138 201 929";"A01";"1";"7";"0";"1";"5";"2";"1";""
"201900055392";"138 201 926";"A01";"2";"7";"0";"2";"2";"21";"1";""
"201900055392";"138 201 928";"B01";"2";"7";"0";"2";"3";"21";"1";""
"201900055393";"138 201 925";"A01";"1";"7";"0";"2";"4";"1";"0";""
"201900055393";"138 201 927";"B01";"1";"7";"0";"2";"1";"1";"0";""
"201900055394";"138 201 921";"B01";"0";"37";"0";"0";"8";"1";"1";"2"
"201900055394";"138 201 923";"A01";"3";"7";"0";"0";"5";"12";"1";""
"201900055395";"138 201 920";"C01";"1";"7";"1";"0";"1";"1";"0";""
"201900055395";"138 201 922";"B01";"1";"7";"0";"2";"4";"23";"0";""
"201900055395";"138 201 924";"A01";"1";"7";"0";"2";"4";"23";"0";""
"201900055396";"138 201 918";"A01";"1";"7";"0";"1";"1";"1";"1";""
"201900055397";"138 201 915";"A01";"2";"7";"0";"2";"8";"24";"1";""
"201900055397";"138 201 916";"B01";"2";"1";"1";"0";"1";"1";"5";""
"201900055398";"138 201 932";"A01";"2";"33";"0";"0";"0";"26";"1";""
"201900055399";"138 201 917";"A01";"1";"33";"0";"2";"1";"5";"1";""
"201900055399";"138 201 919";"B01";"2";"7";"0";"2";"8";"15";"1";""
"201900055400";"138 201 912";"B01";"2";"1";"0";"2";"1";"26";"0";""
"201900055400";"138 201 914";"A01";"1";"3";"0";"2";"3";"26";"1";""
"201900055401";"138 201 911";"A01";"1";"7";"0";"0";"9";"1";"1";""
"201900055402";"138 201 908";"C01";"1";"7";"0";"2";"4";"23";"1";""
"201900055402";"138 201 909";"B01";"1";"7";"0";"2";"4";"23";"1";""
"201900055402";"138 201 910";"A01";"1";"10";"0";"2";"1";"2";"1";""
"201900055403";"138 201 905";"A01";"2";"17";"0";"2";"1";"2";"1";""
"201900055403";"138 201 906";"B01";"2";"7";"0";"2";"4";"23";"1";""
"201900055403";"138 201 907";"C01";"2";"7";"0";"2";"4";"23";"1";""
"201900055404";"138 201 903";"A01";"1";"7";"0";"2";"1";"9";"0";""
"201900055404";"138 201 904";"B01";"1";"7";"0";"2";"1";"1";"0";""
"201900055405";"138 201 901";"B01";"1";"7";"15";"0";"4";"2";"1";""
"201900055405";"138 201 913";"A01";"1";"7";"0";"2";"1";"2";"1";""
"201900055406";"138 201 898";"B01";"3";"1";"0";"2";"7";"2";"5";""
"201900055406";"138 201 900";"A01";"1";"7";"0";"9";"3";"0";"1";""
"201900055407";"138 201 897";"A01";"3";"32";"0";"2";"7";"3";"1";""
"201900055407";"138 201 899";"B01";"3";"10";"0";"2";"3";"15";"1";""
"201900055408";"138 201 895";"A01";"1";"7";"15";"0";"1";"14";"1";""
"201900055409";"138 201 894";"A01";"1";"37";"0";"6";"2";"26";"1";"1"
"201900055409";"138 201 896";"B01";"1";"1";"0";"6";"1";"21";"5";""
"201900055410";"138 201 902";"A01";"1";"43";"0";"1";"1";"1";"1";""
"201900055411";"138 201 892";"F01";"1";"7";"9";"0";"1";"1";"1";""
"201900055412";"138 201 889";"B01";"2";"33";"0";"2";"1";"1";"0";""
"201900055412";"138 201 890";"A01";"1";"10";"0";"2";"5";"13";"1";""
"201900055413";"138 201 887";"B01";"1";"7";"0";"2";"0";"9";"0";""
"201900055413";"138 201 888";"A01";"2";"30";"0";"2";"7";"5";"1";""
"201900055414";"138 201 885";"Z01";"0";"7";"0";"2";"6";"1";"1";""
"201900055414";"138 201 886";"B01";"0";"7";"0";"2";"6";"15";"1";""
"201900055415";"138 201 883";"B01";"1";"30";"0";"2";"2";"1";"3";""
"201900055415";"138 201 884";"A01";"1";"7";"0";"2";"3";"10";"1";""
"201900055416";"138 201 881";"A01";"1";"10";"0";"1";"2";"1";"1";""
"201900055417";"138 201 879";"A01";"2";"33";"0";"0";"0";"26";"1";""
"201900055418";"138 201 880";"A01";"2";"7";"2";"0";"1";"0";"1";""
"201900055419";"138 201 877";"A01";"2";"7";"0";"1";"3";"2";"1";""
"201900055420";"138 201 876";"B01";"1";"10";"1";"0";"2";"1";"1";""
"201900055420";"138 201 878";"A01";"1";"99";"0";"2";"3";"22";"0";""
"201900055421";"138 201 873";"A01";"2";"32";"0";"2";"1";"2";"1";""
"201900055421";"138 201 875";"B01";"2";"1";"0";"2";"8";"11";"5";""
"201900055422";"138 201 872";"B01";"2";"2";"0";"2";"1";"1";"1";""
"201900055422";"138 201 874";"A01";"1";"7";"0";"2";"7";"15";"1";""
"201900055423";"138 201 869";"A01";"2";"7";"0";"1";"3";"15";"1";""
"201900055424";"138 201 868";"A01";"2";"32";"0";"2";"1";"1";"1";""
"201900055424";"138 201 871";"B01";"2";"7";"0";"2";"8";"1";"1";""
"201900055425";"138 201 866";"A01";"2";"15";"0";"2";"0";"13";"1";""
"201900055425";"138 201 867";"B01";"1";"7";"0";"2";"8";"1";"1";""
"201900055426";"138 201 865";"Z01";"2";"7";"0";"1";"1";"1";"1";""
"201900055427";"138 201 864";"A01";"2";"7";"2";"0";"1";"1";"1";""
"201900055428";"138 201 863";"Z01";"1";"7";"0";"1";"1";"1";"1";""
"201900055429";"138 201 862";"A01";"1";"7";"13";"0";"3";"1";"1";""
"201900055430";"138 201 859";"B01";"2";"7";"0";"2";"1";"1";"1";""
"201900055430";"138 201 860";"A01";"1";"99";"0";"2";"1";"13";"1";""
"201900055431";"138 201 857";"A01";"2";"7";"13";"0";"1";"1";"1";""
"201900055432";"138 201 856";"A01";"2";"1";"12";"0";"1";"5";"5";""
"201900055433";"138 201 870";"A01";"2";"7";"2";"2";"2";"1";"1";""
"201900055433";"138 201 891";"B01";"2";"7";"0";"2";"1";"16";"1";""
"201900055434";"138 201 861";"A01";"1";"7";"9";"0";"1";"1";"1";""
"201900055435";"138 201 854";"A01";"1";"7";"0";"2";"1";"1";"1";""
"201900055435";"138 201 855";"B01";"1";"13";"0";"2";"4";"1";"1";""
"201900055436";"138 201 850";"B01";"1";"33";"0";"2";"1";"0";"1";""
"201900055436";"138 201 853";"A01";"2";"7";"0";"2";"2";"15";"1";""
"201900055437";"138 201 848";"B01";"1";"7";"0";"2";"2";"1";"1";""
"201900055437";"138 201 849";"A01";"2";"7";"0";"2";"5";"15";"1";""
"201900055438";"138 201 846";"B01";"3";"1";"0";"2";"7";"26";"5";""
"201900055438";"138 201 847";"A01";"0";"7";"0";"6";"1";"1";"0";""
"201900055439";"138 201 844";"B01";"2";"7";"0";"2";"1";"1";"1";""
"201900055439";"138 201 845";"A01";"1";"7";"0";"2";"7";"1";"1";""
"201900055440";"138 201 851";"A01";"2";"1";"0";"0";"0";"1";"0";""
"201900055441";"138 201 840";"A01";"1";"1";"0";"2";"8";"19";"5";""
"201900055441";"138 201 841";"B01";"1";"10";"0";"2";"1";"1";"1";""
"201900055442";"138 201 838";"A01";"2";"7";"0";"2";"3";"15";"1";""
"201900055442";"138 201 839";"B01";"2";"33";"0";"2";"1";"17";"1";""
"201900055443";"138 201 836";"B01";"1";"7";"0";"2";"4";"1";"1";""
"201900055443";"138 201 837";"A01";"1";"7";"0";"2";"1";"1";"0";""
"201900055444";"138 201 835";"A01";"1";"7";"2";"0";"1";"1";"1";""
"201900055445";"138 201 833";"A01";"1";"0";"0";"1";"0";"0";"0";""
"201900055446";"138 201 832";"A01";"1";"30";"0";"2";"1";"2";"1";""
"201900055446";"138 201 834";"B01";"1";"7";"0";"2";"4";"23";"0";""
"201900055447";"138 201 831";"A01";"2";"7";"2";"0";"1";"1";"1";""
"201900055448";"138 201 829";"A01";"1";"7";"0";"1";"1";"1";"1";""
"201900055449";"138 201 827";"A01";"2";"7";"0";"0";"1";"13";"1";""
"201900055449";"138 201 828";"B01";"1";"15";"0";"0";"3";"1";"1";""
"201900055450";"138 201 825";"A01";"3";"32";"0";"6";"1";"1";"1";""
"201900055451";"138 201 823";"B01";"1";"7";"0";"0";"5";"26";"1";""
"201900055451";"138 201 824";"A01";"1";"15";"0";"2";"3";"1";"1";""
"201900055452";"138 201 822";"A01";"3";"7";"13";"0";"1";"13";"1";""
"201900055453";"138 201 830";"A01";"1";"31";"0";"2";"0";"0";"1";""
"201900055453";"138 201 852";"B01";"1";"7";"0";"2";"5";"14";"0";""
"201900055454";"138 201 820";"B01";"1";"14";"0";"2";"3";"1";"1";""
"201900055454";"138 201 821";"A01";"2";"10";"0";"2";"1";"13";"1";""
"201900055455";"138 201 818";"A01";"0";"7";"0";"0";"9";"0";"0";""
"201900055456";"138 201 817";"A01";"3";"50";"0";"2";"2";"1";"3";""
"201900055456";"138 201 819";"B01";"3";"7";"0";"2";"3";"1";"1";""
"201900055457";"138 201 826";"A01";"1";"30";"12";"0";"2";"16";"1";""
"201900055458";"138 201 815";"B01";"1";"1";"0";"2";"3";"1";"5";""
"201900055458";"138 201 816";"A01";"2";"7";"0";"2";"3";"15";"1";""
"201900055459";"138 201 812";"A01";"2";"10";"0";"2";"6";"4";"1";""
"201900055459";"138 201 814";"B01";"2";"1";"0";"2";"1";"2";"5";""
"201900055460";"138 201 811";"A01";"2";"2";"0";"2";"8";"9";"1";""
"201900055460";"138 201 813";"B01";"1";"14";"0";"2";"8";"15";"1";""
"201900055461";"138 201 807";"B01";"2";"7";"0";"0";"6";"15";"1";""
"201900055461";"138 201 809";"A01";"2";"31";"0";"2";"1";"1";"1";""
"201900055462";"138 201 808";"A01";"2";"7";"5";"2";"8";"1";"1";""
"201900055462";"138 201 810";"B01";"2";"7";"0";"2";"7";"12";"1";""
"201900055463";"138 201 803";"B01";"2";"7";"0";"2";"3";"1";"1";""
"201900055463";"138 201 805";"A01";"1";"2";"0";"2";"3";"13";"1";""
"201900055464";"138 201 804";"B01";"1";"7";"0";"2";"3";"1";"1";""
"201900055464";"138 201 806";"A01";"2";"7";"0";"2";"3";"13";"1";""
"201900055465";"138 201 801";"A01";"1";"50";"0";"0";"0";"1";"3";""
"201900055466";"138 201 800";"A01";"1";"33";"2";"0";"1";"21";"1";""
"201900055467";"138 201 799";"A01";"1";"7";"0";"2";"3";"1";"1";""
"201900055467";"138 201 802";"B01";"2";"7";"0";"2";"3";"1";"1";""
"201900055468";"138 201 797";"A01";"3";"2";"8";"0";"7";"1";"6";""
"201900055469";"138 201 795";"A01";"1";"33";"0";"0";"0";"1";"1";""
"201900055470";"138 201 793";"B01";"1";"17";"0";"0";"4";"2";"1";""
"201900055470";"138 201 794";"A01";"1";"7";"0";"2";"1";"2";"1";""
"201900055471";"138 201 792";"A01";"2";"7";"2";"0";"0";"1";"1";""
"201900055472";"138 201 788";"A01";"1";"7";"0";"2";"1";"5";"1";""
"201900055472";"138 201 790";"B01";"1";"7";"0";"2";"1";"1";"1";""
"201900055473";"138 201 786";"B01";"1";"7";"0";"2";"1";"1";"1";""
"201900055473";"138 201 787";"A01";"1";"7";"0";"2";"7";"19";"1";""
"201900055474";"138 201 785";"A01";"3";"7";"0";"1";"1";"1";"6";""
"201900055475";"138 201 784";"A01";"1";"7";"3";"0";"3";"11";"1";""
"201900055476";"138 201 783";"A01";"2";"7";"3";"0";"1";"0";"1";""
"201900055477";"138 201 782";"A01";"2";"7";"6";"0";"1";"2";"1";""
"201900055478";"138 201 780";"B01";"3";"7";"0";"2";"1";"19";"1";""
"201900055478";"138 201 781";"A01";"3";"2";"0";"2";"8";"1";"1";""
"201900055479";"138 201 779";"A01";"1";"15";"13";"0";"2";"1";"1";""
"201900055480";"138 201 777";"A01";"3";"1";"0";"5";"1";"1";"5";""
"201900055481";"138 201 776";"B01";"2";"10";"0";"2";"4";"2";"0";""
"201900055481";"138 201 778";"A01";"2";"7";"4";"2";"8";"2";"0";""
"201900055482";"138 201 773";"A01";"3";"2";"0";"0";"0";"0";"1";""
"201900055483";"138 201 774";"B01";"3";"7";"0";"9";"1";"1";"0";""
"201900055483";"138 201 775";"A01";"3";"1";"0";"2";"7";"1";"5";""
"201900055484";"138 201 771";"A01";"1";"7";"2";"0";"1";"0";"1";""
"201900055485";"138 201 770";"B01";"2";"10";"0";"2";"3";"1";"1";""
"201900055485";"138 201 772";"A01";"1";"2";"0";"2";"1";"15";"1";""
"201900055486";"138 201 769";"A01";"0";"7";"9";"0";"3";"1";"0";""
"201900055487";"138 201 791";"A01";"1";"10";"12";"1";"7";"25";"0";""
"201900055488";"138 201 768";"A01";"2";"10";"0";"1";"3";"15";"6";""
"201900055489";"138 201 765";"B01";"2";"33";"0";"2";"1";"1";"1";""
"201900055489";"138 201 767";"A01";"1";"21";"0";"2";"2";"1";"1";""
"201900055490";"138 201 763";"A01";"1";"7";"0";"2";"3";"13";"1";""
"201900055490";"138 201 764";"B01";"2";"7";"0";"2";"8";"1";"1";""
"201900055491";"138 201 761";"A01";"3";"7";"15";"0";"9";"1";"1";""
"201900055492";"138 201 760";"B01";"2";"7";"0";"2";"2";"1";"1";""
"201900055492";"138 201 762";"A01";"1";"7";"4";"2";"2";"5";"1";""
"201900055493";"138 201 759";"A01";"2";"7";"15";"0";"2";"1";"1";""
"201900055494";"138 201 755";"A01";"2";"7";"0";"2";"1";"1";"1";""
"201900055494";"138 201 758";"B01";"2";"7";"1";"0";"6";"1";"1";""
"201900055495";"138 201 753";"A01";"2";"10";"2";"0";"1";"1";"1";""
"201900055496";"138 201 754";"A01";"2";"7";"6";"0";"3";"19";"1";""
"201900055497";"138 201 750";"A01";"1";"7";"13";"0";"1";"1";"1";""
"201900055498";"138 201 751";"A01";"2";"7";"0";"2";"2";"15";"1";""
"201900055498";"138 201 766";"B01";"1";"33";"0";"2";"1";"1";"1";""
"201900055499";"138 201 752";"A01";"0";"33";"0";"0";"7";"1";"1";""
"201900055500";"138 201 747";"B01";"3";"1";"0";"0";"0";"0";"0";""
"201900055500";"138 201 748";"A01";"3";"7";"0";"6";"2";"17";"1";""
"201900055501";"138 201 744";"A01";"1";"33";"0";"2";"0";"26";"1";""
"201900055501";"138 201 745";"B01";"3";"7";"0";"2";"2";"26";"1";""
"201900055502";"138 201 743";"A01";"3";"7";"2";"0";"3";"13";"1";""
"201900055503";"138 201 746";"A01";"0";"33";"0";"1";"1";"1";"1";""
"201900055504";"138 201 749";"A01";"0";"7";"0";"1";"3";"1";"1";""
"201900055505";"138 201 742";"A01";"1";"37";"0";"1";"2";"15";"1";"1"
"201900055506";"138 201 740";"A01";"2";"7";"3";"0";"2";"2";"1";""
"201900055507";"138 201 739";"A01";"1";"7";"2";"0";"9";"0";"1";""
"201900055508";"138 201 738";"A01";"1";"7";"4";"0";"3";"11";"1";""
"201900055509";"138 201 736";"A01";"2";"1";"0";"2";"4";"1";"5";""
"201900055509";"138 201 737";"Z01";"2";"7";"0";"2";"1";"14";"0";""
"201900055510";"138 201 734";"B01";"2";"1";"0";"2";"5";"1";"5";""
"201900055510";"138 201 735";"A01";"2";"7";"0";"2";"1";"9";"1";""
"201900055511";"138 201 732";"B01";"1";"7";"0";"2";"3";"0";"1";""
"201900055511";"138 201 733";"A01";"1";"7";"0";"2";"2";"0";"1";""
"201900055512";"138 201 729";"C01";"2";"7";"0";"2";"8";"21";"1";""
"201900055512";"138 201 730";"B01";"2";"7";"0";"2";"1";"0";"1";""
"201900055512";"138 201 731";"A01";"1";"7";"0";"2";"3";"13";"1";""
"201900055513";"138 201 728";"A01";"1";"43";"6";"0";"1";"0";"1";""
"201900055514";"138 201 726";"A01";"1";"10";"0";"2";"1";"1";"0";""
"201900055514";"138 201 727";"B01";"2";"7";"0";"2";"7";"13";"0";""
"201900055515";"138 201 725";"A01";"2";"7";"4";"0";"8";"1";"1";""
"201900055516";"138 201 723";"B01";"2";"33";"0";"2";"1";"1";"1";""
"201900055516";"138 201 724";"A01";"3";"7";"0";"2";"7";"15";"1";""
"201900055517";"138 201 722";"A01";"1";"7";"0";"2";"3";"15";"6";""
"201900055517";"138 201 741";"B01";"1";"31";"0";"2";"1";"17";"1";""
"201900055518";"138 201 720";"A01";"3";"7";"0";"1";"2";"17";"1";""
"201900055519";"138 201 718";"B01";"2";"7";"0";"2";"1";"0";"6";""
"201900055519";"138 201 719";"A01";"1";"7";"0";"2";"1";"13";"6";""
"201900055520";"138 201 721";"A01";"2";"7";"0";"1";"3";"15";"1";""
"201900055521";"138 201 716";"A01";"3";"7";"0";"1";"7";"1";"1";""
"201900055522";"138 201 715";"A01";"2";"1";"0";"0";"0";"1";"5";""
"201900055523";"138 201 713";"B01";"2";"17";"0";"0";"0";"0";"1";""
"201900055523";"138 201 714";"A01";"2";"7";"4";"2";"2";"17";"1";""
"201900055524";"138 201 712";"A01";"3";"7";"0";"1";"5";"26";"1";""
"201900055525";"138 201 708";"A01";"1";"7";"13";"2";"1";"2";"1";""
"201900055525";"138 201 709";"B01";"1";"17";"0";"2";"4";"2";"0";""
"201900055526";"138 201 710";"A01";"1";"7";"0";"2";"3";"13";"1";""
"201900055526";"138 201 711";"B01";"2";"7";"0";"2";"3";"1";"1";""
"201900055527";"138 201 706";"A01";"2";"7";"0";"2";"1";"13";"0";""
"201900055527";"138 201 707";"B01";"1";"7";"0";"2";"1";"1";"1";""
"201900055528";"138 201 702";"B01";"3";"7";"0";"9";"1";"1";"1";""
"201900055528";"138 201 704";"A01";"3";"1";"0";"2";"8";"1";"5";""
"201900055529";"138 201 701";"B01";"2";"2";"0";"2";"8";"1";"1";""
"201900055529";"138 201 705";"A01";"1";"3";"0";"2";"1";"15";"1";""
"201900055530";"138 201 700";"B01";"1";"17";"0";"2";"6";"1";"1";""
"201900055530";"138 201 703";"A01";"1";"7";"0";"2";"2";"14";"1";""
"201900055531";"138 201 699";"A01";"2";"7";"0";"1";"1";"1";"0";""
"201900055532";"138 201 695";"A01";"2";"7";"3";"0";"1";"11";"0";""
"201900055533";"138 201 694";"A01";"2";"7";"0";"0";"2";"1";"1";""
"201900055534";"138 201 692";"B01";"2";"10";"0";"2";"7";"17";"1";""
"201900055534";"138 201 693";"A01";"2";"2";"0";"2";"8";"1";"1";""
"201900055535";"138 201 690";"B01";"2";"15";"0";"2";"1";"1";"1";""
"201900055535";"138 201 691";"A01";"3";"7";"0";"2";"8";"1";"1";""
"201900055536";"138 201 688";"A01";"2";"7";"2";"0";"1";"1";"1";""
"201900055537";"138 201 682";"B01";"2";"7";"0";"2";"3";"23";"1";""
"201900055537";"138 201 684";"A01";"1";"33";"0";"2";"3";"1";"1";""
"201900055538";"138 201 683";"A01";"1";"7";"0";"2";"1";"15";"1";""
"201900055538";"138 201 685";"B01";"2";"2";"0";"2";"1";"1";"1";""
"201900055539";"138 201 680";"B01";"2";"7";"0";"2";"3";"26";"1";""
"201900055539";"138 201 681";"A01";"3";"7";"0";"2";"1";"1";"1";""
"201900055540";"138 201 676";"A01";"2";"7";"0";"2";"3";"26";"1";""
"201900055540";"138 201 678";"B01";"1";"33";"0";"2";"1";"1";"1";""
"201900055541";"138 201 675";"A01";"3";"7";"0";"2";"1";"1";"1";""
"201900055541";"138 201 677";"B01";"3";"7";"0";"2";"4";"1";"1";""
"201900055541";"138 201 679";"C01";"3";"7";"0";"0";"4";"1";"1";""
"201900055542";"138 201 673";"B01";"1";"2";"0";"2";"1";"1";"1";""
"201900055542";"138 201 674";"A01";"3";"7";"0";"2";"5";"15";"1";""
"201900055543";"138 201 669";"A01";"1";"7";"0";"2";"1";"2";"1";""
"201900055543";"138 201 671";"B01";"1";"7";"0";"2";"4";"2";"1";""
"201900055544";"138 201 666";"A01";"2";"7";"14";"2";"1";"2";"1";""
"201900055544";"138 201 667";"B01";"2";"7";"14";"2";"4";"23";"1";""
"201900055544";"138 201 668";"C01";"2";"7";"0";"2";"4";"23";"1";""
"201900055545";"138 201 664";"B01";"2";"7";"6";"2";"6";"1";"1";""
"201900055545";"138 201 665";"A01";"3";"7";"0";"2";"1";"1";"1";""
"201900055546";"138 201 686";"A01";"2";"7";"0";"1";"1";"1";"1";""
"201900055547";"138 201 661";"A01";"1";"2";"12";"0";"1";"1";"1";""
"201900055548";"138 201 658";"C01";"1";"1";"0";"2";"4";"0";"6";""
"201900055548";"138 201 659";"B01";"1";"1";"0";"2";"4";"0";"6";""
"201900055548";"138 201 660";"A01";"1";"7";"0";"9";"1";"0";"1";""
"201900055549";"138 201 657";"A01";"2";"7";"13";"0";"2";"14";"1";""
"201900055550";"138 201 662";"A01";"3";"7";"0";"2";"1";"15";"1";""
"201900055550";"138 201 663";"B01";"3";"37";"0";"2";"2";"1";"1";"2"
"201900055551";"138 201 670";"B01";"1";"17";"0";"2";"8";"1";"1";""
"201900055551";"138 201 672";"A01";"2";"7";"0";"2";"3";"13";"1";""
"201900055552";"138 201 655";"A01";"2";"7";"3";"0";"1";"2";"1";""
"201900055552";"138 201 656";"B01";"2";"7";"0";"0";"5";"23";"1";""
"201900055553";"138 201 653";"A01";"2";"7";"3";"0";"3";"2";"1";""
"201900055554";"138 201 652";"B01";"2";"31";"0";"2";"1";"1";"1";""
"201900055554";"138 201 654";"A01";"2";"7";"0";"2";"8";"19";"1";""
"201900055555";"138 201 647";"B01";"2";"33";"0";"2";"1";"1";"1";""
"201900055555";"138 201 649";"A01";"1";"7";"0";"2";"5";"15";"1";""
"201900055556";"138 201 645";"D01";"1";"7";"0";"2";"1";"1";"1";""
"201900055556";"138 201 646";"C01";"1";"7";"0";"2";"1";"1";"1";""
"201900055556";"138 201 648";"B01";"1";"7";"0";"2";"1";"1";"1";""
"201900055556";"138 201 650";"A01";"2";"7";"3";"2";"1";"24";"1";""
"201900055557";"138 201 643";"B01";"2";"14";"0";"2";"1";"1";"0";""
"201900055557";"138 201 651";"A01";"1";"7";"0";"2";"2";"26";"0";""
"201900055558";"138 201 642";"B01";"0";"2";"0";"2";"8";"1";"1";""
"201900055558";"138 201 644";"A01";"0";"15";"0";"2";"2";"1";"1";""
"201900055559";"138 201 641";"A01";"1";"7";"3";"0";"2";"14";"1";""
"201900055560";"138 201 637";"B01";"1";"7";"0";"0";"0";"0";"1";""
"201900055560";"138 201 640";"A01";"1";"7";"0";"0";"0";"0";"1";""
"201900055561";"138 201 633";"A01";"2";"7";"0";"2";"1";"17";"1";""
"201900055561";"138 201 635";"C01";"2";"7";"0";"2";"1";"1";"1";""
"201900055561";"138 201 638";"B01";"2";"7";"0";"2";"1";"1";"1";""
"201900055562";"138 201 634";"C01";"1";"7";"0";"2";"8";"1";"1";""
"201900055562";"138 201 636";"B01";"2";"7";"0";"2";"0";"15";"1";""
"201900055562";"138 201 639";"A01";"2";"33";"0";"2";"0";"17";"1";""
"201900055563";"138 201 631";"B01";"1";"33";"0";"2";"6";"9";"1";""
"201900055563";"138 201 632";"A01";"1";"7";"0";"2";"2";"12";"1";""
"201900055564";"138 201 630";"A01";"2";"2";"0";"0";"0";"1";"1";""
"201900055565";"138 201 629";"A01";"0";"32";"0";"0";"7";"1";"3";""
"201900055566";"138 201 625";"B01";"2";"7";"0";"2";"1";"1";"0";""
"201900055566";"138 201 626";"A01";"1";"7";"0";"2";"1";"13";"0";""
"201900055567";"138 201 623";"B01";"1";"7";"0";"2";"6";"1";"1";""
"201900055567";"138 201 624";"A01";"1";"33";"0";"2";"1";"1";"1";""
"201900055568";"138 201 622";"A01";"1";"7";"1";"1";"1";"2";"6";""
"201900055569";"138 201 627";"B01";"1";"7";"0";"2";"4";"2";"1";""
"201900055569";"138 201 628";"A01";"1";"33";"0";"2";"1";"2";"0";""
"201900055570";"138 201 620";"A01";"2";"17";"16";"0";"8";"1";"1";""
"201900055571";"138 201 619";"A01";"0";"31";"0";"2";"1";"1";"1";""
"201900055571";"138 201 621";"B01";"0";"7";"0";"2";"7";"1";"1";""
"201900055572";"138 201 617";"A01";"0";"7";"8";"0";"2";"1";"1";""
"201900055573";"138 201 616";"Z01";"0";"7";"0";"1";"0";"1";"1";""
"201900055574";"138 201 615";"B01";"1";"7";"0";"2";"3";"1";"1";""
"201900055574";"138 201 618";"A01";"1";"7";"0";"2";"1";"12";"1";""
"201900055575";"138 201 614";"A01";"1";"7";"6";"0";"0";"1";"1";""
"201900055576";"138 201 610";"B01";"2";"7";"0";"0";"0";"0";"1";""
"201900055576";"138 201 613";"A01";"2";"7";"0";"2";"1";"1";"1";""
"201900055577";"138 201 609";"C01";"1";"7";"0";"2";"6";"2";"1";""
"201900055577";"138 201 611";"B01";"1";"7";"0";"2";"4";"2";"1";""
"201900055577";"138 201 612";"A01";"1";"7";"0";"2";"1";"1";"1";""
"201900055578";"138 201 608";"A01";"3";"2";"10";"0";"3";"1";"1";""
"201900055579";"138 201 602";"C01";"2";"7";"0";"2";"4";"0";"1";""
"201900055579";"138 201 604";"B01";"2";"7";"0";"2";"4";"2";"1";""
"201900055579";"138 201 607";"A01";"2";"7";"0";"2";"1";"2";"1";""
"201900055580";"138 201 601";"B01";"1";"7";"0";"2";"1";"1";"1";""
"201900055580";"138 201 605";"A01";"2";"7";"0";"2";"1";"1";"1";""
"201900055581";"138 201 600";"A01";"2";"7";"0";"2";"1";"15";"1";""
"201900055581";"138 201 603";"B01";"2";"7";"0";"2";"4";"1";"1";""
"201900055581";"138 201 606";"C01";"2";"7";"0";"2";"4";"1";"1";""
"201900055582";"138 201 597";"A01";"1";"7";"0";"0";"2";"1";"1";""
"201900055583";"138 201 596";"C01";"2";"7";"0";"2";"4";"2";"1";""
"201900055583";"138 201 598";"B01";"2";"7";"0";"2";"4";"2";"1";""
"201900055583";"138 201 599";"A01";"2";"7";"0";"2";"1";"2";"1";""
"201900055584";"138 201 594";"B01";"1";"7";"0";"2";"3";"1";"1";""
"201900055584";"138 201 595";"A01";"1";"7";"0";"2";"1";"1";"1";""
"201900055585";"138 201 593";"A01";"0";"7";"0";"1";"2";"1";"0";""
"201900055586";"138 201 591";"A01";"2";"7";"0";"2";"8";"9";"1";""
"201900055586";"138 201 592";"B01";"2";"10";"0";"2";"2";"1";"1";""
"201900055587";"138 201 589";"A01";"2";"7";"0";"1";"2";"23";"1";""
"201900055588";"138 201 588";"B01";"1";"10";"0";"2";"6";"1";"1";""
"201900055588";"138 201 590";"A01";"1";"7";"0";"2";"2";"1";"1";""
"201900055589";"138 201 586";"B01";"1";"7";"4";"2";"6";"1";"1";""
"201900055589";"138 201 587";"Z01";"1";"7";"4";"2";"2";"18";"1";""