"Num_Acc";"id_vehicule";"num_veh";"senc";"catv";"obs";"obsm";"choc";"manv";"motor";"occutc"
"201900056194";"138 200 466";"D01";"2";"7";"0";"2";"3";"1";"1";""
"201900056195";"138 200 461";"B01";"2";"7";"1";"2";"1";"1";"1";""
"201900056195";"138 200 462";"A01";"1";"7";"0";"2";"4";"23";"1";""
"201900056196";"138 200 459";"B01";"2";"7";"0";"2";"4";"2";"1";""
"201900056196";"138 200 460";"A01";"2";"7";"4";"2";"1";"2";"1";""
"201900056197";"138 200 458";"A01";"2";"7";"4";"0";"1";"1";"1";""
"201900056198";"138 200 457";"A01";"1";"7";"3";"0";"0";"13";"1";""
"201900056199";"138 200 456";"A01";"1";"7";"3";"0";"1";"13";"1";""
"201900056200";"138 200 455";"A01";"2";"7";"4";"0";"4";"1";"1";""
"201900056201";"138 200 454";"A01";"1";"17";"0";"0";"9";"9";"1";""
"201900056202";"138 200 453";"A01";"1";"7";"0";"0";"1";"2";"1";""
"201900056203";"138 200 449";"A01";"1";"7";"1";"0";"4";"23";"0";""
"201900056203";"138 200 450";"B01";"1";"1";"0";"2";"1";"1";"6";""
"201900056204";"138 200 448";"A01";"1";"33";"0";"0";"2";"1";"1";""
"201900056205";"138 200 444";"B01";"1";"50";"0";"2";"3";"1";"3";""
"201900056205";"138 200 445";"A01";"2";"7";"0";"6";"2";"15";"6";""
"201900056206";"138 200 442";"B01";"1";"13";"12";"0";"3";"1";"6";""
"201900056206";"138 200 443";"A01";"1";"99";"12";"0";"3";"17";"6";""
"201900056207";"138 200 440";"A01";"1";"7";"0";"2";"3";"2";"1";""
"201900056207";"138 200 441";"B01";"1";"7";"0";"2";"5";"2";"1";""
"201900056208";"138 200 438";"B01";"1";"7";"0";"2";"8";"15";"1";""
"201900056208";"138 200 439";"A01";"1";"32";"0";"2";"1";"17";"1";""
"201900056209";"138 200 436";"B01";"1";"7";"0";"2";"4";"23";"1";""
"201900056209";"138 200 437";"A01";"1";"7";"0";"2";"1";"2";"1";""
"201900056210";"138 200 430";"A01";"3";"7";"0";"2";"3";"17";"1";""
"201900056210";"138 200 431";"B01";"3";"7";"0";"0";"0";"0";"1";""
"201900056210";"138 200 432";"C01";"3";"1";"0";"0";"0";"0";"0";""
"201900056211";"138 200 428";"A01";"1";"31";"0";"2";"1";"2";"1";""
"201900056211";"138 200 429";"B01";"1";"1";"0";"2";"4";"2";"6";""
"201900056212";"138 200 426";"A01";"2";"3";"0";"2";"2";"16";"6";""
"201900056212";"138 200 427";"B01";"1";"3";"0";"2";"3";"1";"0";""
"201900056213";"138 200 424";"B01";"1";"7";"0";"2";"4";"1";"0";""
"201900056213";"138 200 425";"A01";"1";"1";"0";"2";"1";"2";"5";""
"201900056214";"138 200 423";"A01";"1";"7";"12";"0";"3";"13";"1";""
"201900056215";"138 200 421";"B01";"3";"7";"0";"2";"8";"1";"1";""
"201900056215";"138 200 422";"A01";"3";"7";"0";"2";"6";"24";"1";""
"201900056216";"138 200 420";"A01";"2";"7";"12";"0";"2";"1";"1";""
"201900056217";"138 200 418";"B01";"3";"7";"0";"2";"3";"1";"1";""
"201900056217";"138 200 419";"A01";"3";"2";"0";"2";"1";"13";"1";""
"201900056218";"138 200 416";"A01";"1";"7";"0";"2";"5";"19";"1";""
"201900056218";"138 200 417";"B01";"2";"7";"0";"2";"1";"19";"1";""
"201900056219";"138 200 415";"A01";"1";"7";"2";"0";"1";"13";"1";""
"201900056220";"138 200 414";"A01";"3";"30";"14";"0";"1";"1";"1";""
"201900056221";"138 200 412";"A01";"3";"7";"0";"2";"1";"1";"1";""
"201900056221";"138 200 413";"B01";"3";"34";"0";"2";"4";"0";"1";""
"201900056222";"138 200 411";"A01";"1";"30";"0";"0";"1";"1";"1";""
"201900056223";"138 200 409";"B01";"2";"7";"0";"0";"3";"0";"1";""
"201900056223";"138 200 410";"A01";"2";"33";"0";"2";"2";"17";"1";""
"201900056224";"138 200 407";"A01";"3";"33";"0";"2";"1";"1";"1";""
"201900056224";"138 200 408";"B01";"3";"7";"0";"2";"5";"1";"1";""
"201900056225";"138 200 405";"A01";"2";"7";"0";"2";"3";"10";"1";""
"201900056225";"138 200 406";"B01";"2";"7";"0";"2";"0";"1";"1";""
"201900056226";"138 200 404";"Z01";"1";"7";"0";"1";"1";"26";"1";""
"201900056227";"138 200 403";"Z01";"2";"34";"0";"1";"2";"1";"0";""
"201900056228";"138 200 402";"Z01";"2";"30";"0";"1";"1";"1";"0";""
"201900056229";"138 200 401";"A01";"1";"10";"0";"1";"3";"15";"1";""
"201900056230";"138 200 399";"A01";"1";"7";"0";"2";"2";"10";"0";""
"201900056230";"138 200 400";"B01";"2";"32";"0";"2";"1";"0";"0";""
"201900056231";"138 200 397";"B01";"1";"1";"1";"0";"1";"21";"5";""
"201900056231";"138 200 398";"A01";"1";"7";"0";"2";"8";"22";"1";""
"201900056232";"138 200 396";"Z01";"1";"30";"0";"1";"1";"1";"0";""
"201900056233";"138 200 394";"A01";"1";"33";"0";"2";"1";"15";"1";""
"201900056233";"138 200 395";"Z01";"1";"7";"0";"2";"0";"16";"1";""
"201900056234";"138 200 393";"A01";"2";"7";"8";"0";"1";"14";"1";""
"201900056235";"138 200 392";"A01";"1";"7";"0";"1";"2";"1";"1";""
"201900056236";"138 200 391";"A01";"1";"7";"0";"1";"7";"1";"0";""
"201900056237";"138 200 390";"A01";"0";"7";"4";"0";"2";"14";"2";""
"201900056238";"138 200 389";"A01";"3";"7";"12";"0";"1";"21";"0";""
"201900056239";"138 200 388";"A01";"2";"33";"0";"6";"3";"1";"1";""
"201900056240";"138 200 386";"A01";"1";"7";"0";"2";"8";"26";"1";""
"201900056240";"138 200 387";"B01";"1";"1";"0";"2";"7";"1";"5";""
"201900056241";"138 200 384";"A01";"3";"7";"0";"2";"3";"13";"1";""
"201900056241";"138 200 385";"B01";"0";"7";"0";"2";"3";"1";"1";""
"201900056242";"138 200 382";"B01";"3";"7";"0";"2";"1";"1";"1";""
"201900056242";"138 200 383";"A01";"3";"3";"4";"2";"3";"13";"1";""
"201900056243";"138 200 381";"A01";"2";"7";"0";"1";"2";"1";"1";""
"201900056244";"138 200 379";"B01";"1";"17";"0";"2";"2";"1";"1";""
"201900056244";"138 200 380";"A01";"1";"7";"0";"2";"8";"17";"1";""
"201900056245";"138 200 377";"B01";"2";"17";"0";"2";"1";"1";"1";""
"201900056245";"138 200 378";"A01";"1";"17";"0";"2";"1";"6";"1";""
"201900056246";"138 200 376";"A01";"1";"7";"4";"0";"1";"1";"0";""
"201900056247";"138 200 374";"A01";"1";"7";"1";"0";"3";"17";"1";""
"201900056247";"138 200 375";"B01";"1";"7";"0";"2";"4";"2";"1";""
"201900056248";"138 200 373";"A01";"2";"10";"11";"0";"1";"0";"1";""
"201900056249";"138 200 371";"A01";"1";"3";"0";"0";"4";"2";"1";""
"201900056249";"138 200 372";"B01";"2";"10";"0";"2";"2";"17";"1";""
"201900056250";"138 200 369";"B01";"1";"7";"0";"0";"7";"1";"1";""
"201900056250";"138 200 370";"A01";"2";"7";"0";"2";"1";"9";"1";""
"201900056251";"138 200 368";"A01";"0";"7";"15";"1";"0";"4";"2";""
"201900056252";"138 200 366";"A01";"2";"10";"0";"2";"1";"2";"1";""
"201900056252";"138 200 367";"B01";"2";"17";"0";"0";"4";"23";"1";""
"201900056253";"138 200 363";"A01";"2";"7";"0";"2";"3";"17";"1";""
"201900056253";"138 200 364";"B01";"1";"15";"0";"2";"3";"1";"1";""
"201900056254";"138 200 361";"B01";"1";"14";"0";"0";"8";"15";"1";""
"201900056254";"138 200 362";"A01";"1";"33";"0";"2";"1";"17";"1";""
"201900056255";"138 200 359";"B01";"1";"7";"0";"2";"1";"1";"1";""
"201900056255";"138 200 360";"A01";"2";"7";"0";"2";"1";"13";"1";""
"201900056256";"138 200 357";"A01";"1";"17";"0";"0";"5";"1";"0";""
"201900056256";"138 200 358";"B01";"1";"10";"0";"2";"1";"2";"0";""
"201900056257";"138 200 354";"A01";"2";"7";"0";"0";"4";"1";"1";""
"201900056257";"138 200 355";"B01";"2";"7";"0";"2";"1";"17";"1";""
"201900056258";"138 200 353";"B01";"2";"33";"7";"2";"1";"2";"0";""
"201900056258";"138 200 356";"A01";"3";"7";"0";"2";"3";"16";"0";""
"201900056259";"138 200 351";"A01";"1";"7";"6";"0";"1";"1";"1";""
"201900056260";"138 200 350";"B01";"2";"7";"0";"2";"1";"2";"0";""
"201900056260";"138 200 352";"A01";"2";"7";"0";"0";"4";"17";"0";""
"201900056261";"138 200 348";"A01";"2";"7";"0";"2";"1";"13";"1";""
"201900056261";"138 200 349";"B01";"1";"7";"0";"2";"1";"1";"1";""
"201900056262";"138 200 347";"A01";"1";"7";"13";"0";"2";"1";"1";""
"201900056263";"138 200 345";"B01";"1";"7";"7";"0";"1";"1";"1";""
"201900056263";"138 200 346";"A01";"2";"7";"0";"0";"2";"26";"1";""
"201900056264";"138 200 342";"A01";"2";"7";"0";"2";"1";"5";"1";""
"201900056264";"138 200 343";"B01";"1";"7";"0";"2";"1";"1";"1";""
"201900056264";"138 200 344";"C01";"1";"7";"0";"0";"0";"1";"1";""
"201900056265";"138 200 338";"A01";"2";"7";"0";"2";"2";"17";"0";""
"201900056265";"138 200 339";"B01";"2";"7";"0";"0";"8";"1";"0";""
"201900056266";"138 200 337";"A01";"2";"14";"3";"0";"7";"1";"1";""
"201900056267";"138 200 335";"A01";"1";"7";"0";"2";"2";"2";"0";""
"201900056267";"138 200 336";"B01";"1";"7";"0";"0";"4";"2";"0";""
"201900056268";"138 200 340";"B01";"1";"7";"0";"2";"2";"1";"1";""
"201900056268";"138 200 341";"A01";"1";"7";"0";"2";"2";"9";"1";""
"201900056269";"138 200 334";"A01";"2";"10";"2";"0";"1";"17";"1";""
"201900056270";"138 200 332";"B01";"1";"37";"0";"2";"4";"1";"1";"1"
"201900056270";"138 200 333";"A01";"1";"7";"0";"2";"1";"2";"1";""
"201900056271";"138 200 326";"C01";"2";"7";"0";"2";"3";"0";"1";""
"201900056271";"138 200 328";"B01";"2";"7";"0";"2";"4";"2";"1";""
"201900056271";"138 200 330";"A01";"2";"7";"0";"0";"4";"2";"1";""
"201900056272";"138 200 325";"A01";"1";"7";"0";"2";"1";"1";"1";""
"201900056272";"138 200 327";"B01";"2";"7";"0";"2";"1";"1";"1";""
"201900056272";"138 200 329";"C01";"2";"7";"0";"2";"1";"1";"1";""
"201900056272";"138 200 331";"D01";"1";"7";"0";"2";"1";"17";"1";""
"201900056273";"138 200 322";"A01";"2";"7";"2";"0";"1";"1";"1";""
"201900056274";"138 200 321";"A01";"1";"7";"0";"1";"1";"1";"1";""
"201900056275";"138 200 323";"A01";"2";"7";"0";"2";"1";"2";"1";""
"201900056275";"138 200 324";"B01";"2";"7";"0";"2";"4";"2";"1";""
"201900056276";"138 200 320";"A01";"1";"7";"8";"0";"7";"13";"1";""
"201900056277";"138 200 317";"A01";"1";"33";"0";"2";"8";"5";"0";""
"201900056277";"138 200 318";"B01";"1";"7";"0";"0";"6";"1";"1";""
"201900056277";"138 200 319";"C01";"2";"17";"0";"2";"3";"1";"1";""
"201900056278";"138 200 315";"A01";"2";"17";"0";"2";"1";"2";"1";""
"201900056278";"138 200 316";"B01";"2";"38";"0";"2";"4";"15";"1";"18"
"201900056279";"138 200 311";"B01";"2";"33";"0";"2";"2";"1";"1";""
"201900056279";"138 200 314";"A01";"0";"7";"0";"2";"3";"9";"1";""
"201900056280";"138 200 312";"B01";"2";"14";"0";"2";"5";"15";"1";""
"201900056280";"138 200 313";"A01";"2";"33";"0";"2";"2";"1";"1";""
"201900056281";"138 200 306";"A01";"1";"7";"0";"2";"1";"2";"1";""
"201900056281";"138 200 307";"B01";"1";"21";"0";"0";"4";"1";"1";""
"201900056282";"138 200 304";"A01";"3";"7";"0";"1";"3";"2";"0";""
"201900056283";"138 200 305";"A01";"2";"10";"0";"2";"3";"2";"0";""
"201900056283";"138 200 308";"B01";"2";"7";"0";"2";"4";"2";"0";""
"201900056283";"138 200 309";"C01";"2";"33";"0";"2";"1";"1";"1";""
"201900056283";"138 200 310";"D01";"2";"7";"0";"0";"1";"2";"1";""
"201900056284";"138 200 303";"A01";"2";"33";"0";"0";"8";"0";"1";""
"201900056285";"138 200 301";"A01";"0";"7";"1";"0";"7";"1";"1";""
"201900056286";"138 200 300";"A01";"1";"7";"6";"2";"9";"2";"1";""
"201900056286";"138 200 302";"B01";"1";"7";"0";"0";"4";"2";"1";""
"201900056287";"138 200 299";"A01";"2";"7";"0";"1";"2";"1";"0";""
"201900056288";"138 200 298";"A01";"2";"33";"0";"0";"8";"1";"1";""
"201900056289";"138 200 295";"A01";"1";"10";"0";"2";"2";"11";"1";""
"201900056289";"138 200 297";"B01";"1";"10";"0";"0";"6";"2";"1";""
"201900056290";"138 200 294";"A01";"2";"33";"0";"2";"8";"3";"1";""
"201900056290";"138 200 296";"B01";"1";"10";"0";"2";"7";"0";"1";""
"201900056291";"138 200 290";"A01";"2";"14";"6";"2";"4";"2";"1";""
"201900056291";"138 200 291";"B01";"2";"7";"6";"2";"1";"2";"1";""
"201900056292";"138 200 292";"B01";"1";"17";"0";"0";"4";"2";"1";""
"201900056292";"138 200 293";"A01";"1";"7";"0";"2";"1";"2";"1";""
"201900056293";"138 200 288";"B01";"2";"7";"0";"2";"1";"2";"1";""
"201900056293";"138 200 289";"A01";"2";"7";"0";"2";"4";"1";"1";""
"201900056294";"138 200 287";"A01";"2";"7";"15";"0";"6";"1";"1";""
"201900056295";"138 200 285";"B01";"2";"7";"0";"2";"1";"2";"1";""
"201900056295";"138 200 286";"A01";"2";"10";"0";"2";"4";"1";"1";""
"201900056296";"138 200 283";"B01";"2";"34";"0";"2";"3";"1";"1";""
"201900056296";"138 200 284";"A01";"2";"7";"0";"0";"5";"15";"1";""
"201900056297";"138 200 282";"A01";"2";"7";"3";"2";"3";"9";"1";""
"201900056298";"138 200 279";"A01";"0";"33";"0";"2";"2";"1";"1";""
"201900056298";"138 200 280";"B01";"2";"15";"0";"2";"8";"1";"1";""
"201900056299";"138 200 274";"A01";"1";"7";"0";"2";"1";"2";"1";""
"201900056299";"138 200 276";"B01";"1";"10";"0";"2";"4";"2";"1";""
"201900056299";"138 200 278";"C01";"1";"7";"0";"2";"4";"2";"1";""
"201900056300";"138 200 273";"C01";"2";"17";"0";"0";"4";"23";"1";""
"201900056300";"138 200 275";"B01";"2";"17";"0";"2";"4";"23";"1";""
"201900056300";"138 200 277";"A01";"2";"14";"0";"2";"2";"2";"1";""
"201900056301";"138 200 268";"B01";"2";"15";"0";"0";"5";"1";"1";""
"201900056301";"138 200 269";"A01";"2";"7";"0";"2";"1";"1";"1";""
"201900056302";"138 200 266";"B01";"1";"17";"0";"2";"3";"1";"1";""
"201900056302";"138 200 267";"A01";"3";"1";"0";"2";"8";"19";"5";""
"201900056303";"138 200 264";"B01";"2";"7";"0";"0";"1";"2";"1";""
"201900056303";"138 200 265";"A01";"2";"7";"0";"0";"4";"2";"1";""
"201900056304";"138 200 261";"A01";"2";"7";"13";"2";"2";"21";"0";""
"201900056304";"138 200 262";"B01";"1";"38";"0";"2";"6";"0";"0";"1"
"201900056304";"138 200 263";"C01";"1";"7";"0";"2";"8";"0";"0";""
"201900056305";"138 200 270";"A01";"2";"7";"0";"2";"1";"2";"1";""
"201900056305";"138 200 271";"B01";"2";"17";"0";"2";"4";"2";"1";""
"201900056305";"138 200 272";"C01";"2";"7";"0";"2";"7";"2";"1";""
"201900056306";"138 200 259";"A01";"2";"7";"8";"0";"9";"14";"1";""
"201900056307";"138 200 258";"B01";"1";"13";"0";"2";"4";"2";"1";""
"201900056307";"138 200 260";"A01";"1";"10";"0";"2";"1";"2";"1";""
"201900056308";"138 200 256";"A01";"2";"7";"0";"2";"6";"11";"1";""
"201900056308";"138 200 257";"B01";"2";"31";"0";"2";"1";"3";"1";""
"201900056309";"138 200 254";"B01";"1";"7";"0";"2";"8";"0";"1";""
"201900056309";"138 200 255";"A01";"1";"7";"3";"2";"7";"2";"1";""
"201900056310";"138 200 251";"A01";"3";"2";"4";"0";"3";"1";"1";""
"201900056311";"138 200 249";"A01";"2";"7";"13";"0";"1";"1";"1";""
"201900056312";"138 200 250";"C01";"2";"7";"0";"2";"4";"1";"1";""
"201900056312";"138 200 252";"B01";"2";"10";"0";"2";"4";"1";"1";""
"201900056312";"138 200 253";"A01";"2";"10";"0";"2";"1";"1";"1";""
"201900056313";"138 200 248";"A01";"2";"33";"0";"0";"0";"17";"1";""
"201900056314";"138 200 246";"A01";"1";"17";"0";"2";"2";"12";"1";""
"201900056314";"138 200 247";"B01";"1";"7";"0";"2";"6";"11";"1";""
"201900056315";"138 200 244";"B01";"1";"14";"0";"2";"1";"1";"1";""
"201900056315";"138 200 245";"A01";"2";"7";"6";"2";"2";"1";"1";""
"201900056316";"138 200 242";"B01";"1";"33";"0";"2";"1";"0";"1";""
"201900056316";"138 200 243";"A01";"1";"10";"1";"0";"2";"12";"1";""
"201900056317";"138 200 241";"A01";"2";"7";"7";"0";"1";"0";"1";""
"201900056318";"138 200 236";"A01";"1";"10";"0";"2";"1";"2";"1";""
"201900056318";"138 200 237";"B01";"1";"7";"0";"0";"4";"2";"1";""
"201900056319";"138 200 238";"A01";"1";"10";"0";"2";"1";"1";"0";""
"201900056319";"138 200 239";"B01";"1";"7";"0";"2";"4";"1";"0";""
"201900056319";"138 200 240";"C01";"1";"7";"0";"2";"4";"1";"0";""
"201900056320";"138 200 234";"A01";"2";"7";"0";"2";"1";"17";"1";""
"201900056320";"138 200 235";"B01";"2";"17";"0";"0";"6";"1";"1";""
"201900056321";"138 200 231";"A01";"2";"14";"0";"2";"1";"2";"1";""
"201900056321";"138 200 232";"B01";"2";"7";"0";"2";"1";"2";"1";""
"201900056321";"138 200 233";"C01";"2";"7";"0";"2";"4";"2";"1";""
"201900056322";"138 200 228";"A01";"2";"7";"0";"2";"1";"2";"1";""
"201900056322";"138 200 229";"B01";"2";"7";"0";"2";"4";"2";"1";""
"201900056322";"138 200 230";"C01";"2";"7";"0";"2";"4";"2";"1";""
"201900056323";"138 200 225";"A01";"1";"7";"0";"2";"8";"11";"1";""
"201900056323";"138 200 226";"B01";"1";"33";"0";"2";"7";"1";"1";""
"201900056323";"138 200 227";"C01";"1";"17";"0";"2";"7";"1";"1";""
"201900056324";"138 200 223";"B01";"1";"7";"4";"2";"8";"1";"1";""
"201900056324";"138 200 224";"A01";"1";"15";"0";"2";"7";"12";"1";""
"201900056325";"138 200 221";"B01";"2";"7";"0";"2";"4";"2";"1";""
"201900056325";"138 200 222";"A01";"2";"7";"0";"2";"1";"2";"1";""
"201900056326";"138 200 219";"B01";"1";"32";"0";"2";"6";"1";"1";""
"201900056326";"138 200 220";"A01";"1";"7";"0";"2";"2";"12";"1";""
"201900056327";"138 200 217";"B01";"2";"33";"0";"2";"1";"3";"1";""
"201900056327";"138 200 218";"A01";"2";"7";"0";"2";"4";"11";"1";""
"201900056328";"138 200 215";"A01";"1";"32";"0";"0";"7";"26";"1";""
"201900056329";"138 200 214";"A01";"1";"1";"0";"1";"1";"1";"5";""
"201900056330";"138 200 213";"A01";"1";"7";"3";"0";"1";"1";"1";""
"201900056331";"138 200 211";"A01";"1";"7";"0";"1";"7";"4";"1";""
"201900056332";"138 200 210";"A01";"2";"7";"3";"0";"1";"1";"1";""
"201900056333";"138 200 206";"A01";"2";"7";"0";"2";"2";"1";"1";""
"201900056333";"138 200 209";"B01";"1";"7";"0";"2";"3";"1";"1";""
"201900056334";"138 200 205";"A01";"1";"7";"0";"2";"1";"15";"1";""
"201900056334";"138 200 208";"B01";"1";"10";"0";"2";"3";"1";"1";""
"201900056335";"138 200 204";"A01";"1";"7";"0";"2";"3";"13";"1";""
"201900056335";"138 200 207";"B01";"2";"17";"0";"2";"1";"1";"1";""
"201900056336";"138 200 201";"A01";"1";"7";"2";"0";"1";"14";"1";""
"201900056337";"138 200 200";"A01";"2";"10";"0";"2";"1";"1";"1";""
"201900056337";"138 200 203";"B01";"2";"17";"0";"0";"4";"1";"1";""
"201900056338";"138 200 199";"A01";"2";"7";"8";"0";"1";"5";"0";""
"201900056339";"138 200 198";"B01";"2";"13";"0";"2";"7";"9";"1";""
"201900056339";"138 200 202";"A01";"2";"7";"0";"2";"1";"1";"1";""
"201900056340";"138 200 197";"A01";"1";"7";"0";"1";"1";"1";"1";""
"201900056341";"138 200 192";"A01";"1";"7";"0";"1";"1";"2";"1";""
"201900056342";"138 200 193";"B01";"2";"7";"0";"2";"4";"23";"1";""
"201900056342";"138 200 195";"A01";"2";"7";"0";"2";"1";"2";"1";""
"201900056343";"138 200 190";"A01";"0";"7";"0";"1";"1";"1";"1";""
"201900056344";"138 200 191";"A01";"2";"17";"14";"0";"3";"14";"1";""
"201900056345";"138 200 188";"A01";"0";"7";"0";"1";"1";"1";"1";""
"201900056346";"138 200 187";"A01";"1";"7";"0";"2";"1";"2";"1";""
"201900056346";"138 200 189";"B01";"1";"7";"0";"2";"4";"2";"1";""
"201900056347";"138 200 185";"B01";"1";"17";"0";"2";"4";"1";"1";""
"201900056347";"138 200 186";"A01";"1";"7";"0";"2";"1";"1";"1";""
"201900056348";"138 200 182";"A01";"2";"7";"0";"2";"3";"13";"1";""
"201900056348";"138 200 184";"B01";"1";"7";"14";"2";"6";"1";"1";""
"201900056349";"138 200 181";"A01";"1";"32";"0";"2";"8";"7";"1";""
"201900056349";"138 200 183";"B01";"1";"7";"0";"2";"2";"16";"1";""
"201900056350";"138 200 180";"A01";"1";"33";"4";"0";"2";"1";"1";""
"201900056351";"138 200 176";"B01";"1";"17";"0";"0";"6";"1";"1";""
"201900056351";"138 200 177";"A01";"1";"7";"0";"2";"2";"1";"1";""
"201900056352";"138 200 175";"A01";"1";"7";"17";"0";"1";"1";"1";""
"201900056353";"138 200 173";"B01";"2";"1";"0";"2";"6";"0";"5";""
"201900056353";"138 200 179";"A01";"2";"7";"0";"2";"2";"9";"1";""
"201900056354";"138 200 174";"A01";"2";"7";"13";"0";"2";"17";"1";""
"201900056355";"138 200 172";"A01";"1";"7";"0";"1";"1";"1";"1";""
"201900056356";"138 200 169";"A01";"1";"31";"0";"2";"2";"1";"1";""
"201900056356";"138 200 170";"B01";"2";"7";"0";"2";"5";"15";"1";""
"201900056357";"138 200 168";"A01";"2";"17";"1";"0";"2";"1";"1";""
"201900056357";"138 200 171";"B01";"2";"10";"0";"0";"6";"24";"1";""
"201900056358";"138 200 178";"A01";"1";"43";"0";"1";"1";"16";"1";""
"201900056359";"138 200 167";"A01";"3";"7";"0";"1";"1";"16";"1";""
"201900056360";"138 200 164";"B01";"1";"2";"0";"2";"1";"2";"0";""
"201900056360";"138 200 166";"A01";"1";"7";"0";"0";"5";"2";"0";""
"201900056361";"138 200 163";"B01";"1";"7";"0";"2";"1";"15";"1";""
"201900056361";"138 200 165";"A01";"1";"7";"0";"2";"3";"1";"2";""
"201900056362";"138 200 157";"A01";"1";"7";"0";"2";"1";"16";"1";""
"201900056362";"138 200 158";"B01";"2";"1";"0";"2";"7";"5";"5";""
"201900056363";"138 200 156";"B01";"3";"1";"0";"2";"1";"1";"5";""
"201900056364";"138 200 155";"A01";"2";"7";"7";"0";"1";"0";"0";""
"201900056365";"138 200 151";"A01";"3";"7";"0";"1";"2";"1";"1";""
"201900056366";"138 200 150";"C01";"1";"7";"0";"0";"1";"2";"0";""
"201900056366";"138 200 153";"B01";"1";"7";"0";"2";"1";"2";"1";""
"201900056366";"138 200 154";"A01";"1";"7";"0";"0";"1";"12";"1";""
"201900056367";"138 200 148";"A01";"3";"7";"0";"1";"3";"21";"1";""
"201900056368";"138 200 147";"C01";"1";"60";"0";"2";"8";"9";"5";""
"201900056368";"138 200 149";"A01";"1";"7";"0";"2";"1";"2";"1";""
"201900056368";"138 200 152";"B01";"1";"7";"0";"2";"4";"2";"1";""
"201900056369";"138 200 146";"A01";"0";"7";"4";"0";"0";"1";"1";""
"201900056370";"138 200 143";"A01";"2";"30";"0";"2";"7";"1";"1";""
"201900056370";"138 200 144";"B01";"2";"7";"0";"2";"1";"1";"1";""
"201900056371";"138 200 145";"A01";"1";"7";"6";"0";"1";"14";"1";""
"201900056372";"138 200 140";"A01";"0";"7";"9";"0";"9";"26";"1";""
"201900056373";"138 200 141";"B01";"3";"2";"0";"0";"7";"17";"1";""
"201900056373";"138 200 142";"A01";"3";"7";"0";"2";"1";"9";"1";""
"201900056374";"138 200 139";"A01";"1";"7";"0";"1";"1";"1";"1";""
"201900056375";"138 200 138";"A01";"0";"7";"0";"1";"1";"1";"1";""
"201900056376";"138 200 136";"A01";"0";"13";"0";"1";"4";"2";" -1";""
"201900056377";"138 200 135";"A01";"2";"7";"0";"2";"3";"15";"0";""
"201900056377";"138 200 137";"B01";"1";"33";"0";"2";"1";"17";"0";""
"201900056378";"138 200 132";"A01";"2";"14";"3";"0";"1";"1";"1";""
"201900056379";"138 200 133";"A01";"1";"7";"0";"2";"2";"15";"1";""
"201900056379";"138 200 134";"B01";"2";"1";"0";"2";"8";"1";"5";""
"201900056380";"138 200 128";"A01";"2";"7";"3";"0";"3";"14";"1";""
"201900056381";"138 200 127";"B01";"3";"1";"0";"2";"0";"0";"0";""
"201900056381";"138 200 129";"A01";"3";"7";"0";"6";"3";"26";"1";""
"201900056382";"138 200 124";"A01";"2";"7";"1";"0";"2";"14";"1";""
"201900056383";"138 200 122";"D01";"1";"7";"0";"0";"4";"1";"1";""
"201900056383";"138 200 123";"C01";"1";"7";"0";"2";"4";"2";"1";""
"201900056383";"138 200 125";"B01";"1";"7";"0";"0";"5";"2";"1";""
"201900056383";"138 200 126";"A01";"1";"7";"0";"2";"3";"1";"1";""
"201900056384";"138 200 120";"B01";"1";"7";"4";"2";"0";"0";"0";""
"201900056384";"138 200 121";"A01";"1";"17";"0";"0";"6";"1";"0";""
"201900056385";"138 200 118";"A01";"1";"7";"2";"0";"7";"1";"1";""
"201900056386";"138 200 114";"B01";"2";"7";"3";"0";"4";"11";"1";""
"201900056386";"138 200 116";"A01";"2";"7";"3";"2";"1";"1";"1";""
"201900056387";"138 200 131";"A01";"1";"32";"0";"1";"1";"1";"3";""
"201900056388";"138 200 115";"A01";"3";"14";"0";"2";"2";"17";"1";""
"201900056388";"138 200 117";"B01";"1";"7";"0";"2";"1";"0";"1";""
"201900056389";"138 200 113";"A01";"2";"10";"2";"0";"9";"1";"1";""
"201900056390";"138 200 111";"B01";"1";"7";"0";"2";"4";"2";"1";""
"201900056390";"138 200 112";"A01";"1";"7";"0";"2";"1";"2";"1";""
"201900056391";"138 200 108";"B01";"0";"7";"0";"2";"1";"13";"1";""
"201900056391";"138 200 110";"A01";"3";"21";"0";"2";"3";"1";"1";""
"201900056392";"138 200 106";"A01";"2";"10";"0";"2";"2";"16";"1";""
"201900056392";"138 200 107";"B01";"2";"7";"0";"2";"2";"7";"2";""
"201900056393";"138 200 104";"A01";"1";"7";"0";"0";"1";"19";"0";""
"201900056394";"138 200 102";"B01";"1";"1";"0";"2";"3";"1";"5";""
"201900056394";"138 200 103";"A01";"2";"7";"0";"2";"3";"15";"1";""
"201900056395";"138 200 099";"Z01";"2";"7";"0";"1";"0";"1";"1";""
"201900056396";"138 200 095";"D01";"1";"7";"0";"0";"1";"14";"1";""
"201900056396";"138 200 097";"C01";"1";"7";"1";"1";"1";"14";"1";""
"201900056396";"138 200 098";"B01";"1";"7";"0";"2";"6";"24";"1";""
"201900056396";"138 200 100";"A01";"1";"7";"0";"2";"2";"14";"1";""
"201900056397";"138 200 093";"B01";"1";"15";"0";"2";"6";"2";"1";""
"201900056397";"138 200 094";"A01";"1";"7";"0";"2";"1";"2";"1";""