"Num_Acc";"id_vehicule";"num_veh";"senc";"catv";"obs";"obsm";"choc";"manv";"motor";"occutc"
"201900056790";"138 199 357";"B01";"2";"33";"0";"2";"8";"3";"1";""
"201900056791";"138 199 354";"B01";"0";"7";"0";"0";"5";"15";"0";""
"201900056791";"138 199 356";"A01";"0";"7";"0";"2";"3";"1";"0";""
"201900056792";"138 199 350";"A01";"2";"7";"0";"2";"1";"15";"1";""
"201900056792";"138 199 387";"B01";"1";"32";"0";"2";"8";"1";"1";""
"201900056793";"138 199 349";"A01";"1";"30";"0";"0";"0";"21";"1";""
"201900056794";"138 199 347";"B01";"1";"7";"0";"2";"8";"1";"1";""
"201900056794";"138 199 348";"A01";"2";"7";"0";"2";"1";"1";"1";""
"201900056795";"138 199 345";"B01";"3";"7";"0";"2";"2";"1";"1";""
"201900056795";"138 199 346";"A01";"2";"7";"10";"2";"9";"13";"1";""
"201900056796";"138 199 343";"A01";"2";"10";"0";"2";"2";"16";"1";""
"201900056796";"138 199 344";"B01";"2";"34";"0";"2";"3";"18";"1";""
"201900056797";"138 199 341";"B01";"1";"10";"0";"2";"1";"1";"1";""
"201900056797";"138 199 342";"A01";"2";"7";"0";"2";"2";"15";"1";""
"201900056798";"138 199 339";"B01";"1";"30";"0";"2";"1";"2";"1";""
"201900056798";"138 199 340";"A01";"1";"10";"0";"2";"8";"22";"1";""
"201900056799";"138 199 351";"A01";"1";"7";"2";"0";"1";"14";"1";""
"201900056800";"138 199 337";"A01";"2";"32";"0";"2";"2";"12";"1";""
"201900056800";"138 199 338";"B01";"2";"33";"0";"2";"1";"1";"1";""
"201900056801";"138 199 335";"A01";"1";"10";"0";"2";"1";"1";"1";""
"201900056801";"138 199 336";"B01";"1";"10";"0";"2";"0";"0";"1";""
"201900056802";"138 199 352";"A01";"2";"34";"0";"2";"1";"9";"1";""
"201900056802";"138 199 353";"B01";"2";"10";"0";"2";"4";"1";"1";""
"201900056803";"138 199 333";"Z01";"1";"7";"0";"1";"2";"1";"1";""
"201900056804";"138 199 332";"A01";"2";"37";"0";"2";"7";"16";"1";"1"
"201900056804";"138 199 334";"B01";"1";"60";"0";"2";"0";"19";"5";""
"201900056805";"138 199 330";"A01";"2";"7";"0";"2";"6";"11";"1";""
"201900056805";"138 199 331";"B01";"2";"33";"0";"2";"1";"3";"1";""
"201900056806";"138 199 327";"A01";"2";"1";"1";"2";"1";"2";"5";""
"201900056806";"138 199 329";"B01";"2";"1";"0";"2";"1";"2";"5";""
"201900056807";"138 199 324";"A01";"1";"7";"0";"2";"1";"1";"1";""
"201900056807";"138 199 325";"B01";"1";"7";"0";"2";"5";"23";"1";""
"201900056808";"138 199 321";"B01";"1";"2";"0";"2";"1";"1";"1";""
"201900056808";"138 199 323";"A01";"2";"7";"0";"2";"5";"15";"1";""
"201900056809";"138 199 315";"A01";"1";"7";"0";"2";"6";"13";"1";""
"201900056809";"138 199 316";"B01";"1";"33";"0";"2";"1";"1";"1";""
"201900056810";"138 199 317";"A01";"1";"32";"0";"2";"8";"11";"1";""
"201900056810";"138 199 319";"Z01";"1";"7";"0";"2";"7";"1";"1";""
"201900056811";"138 199 314";"A01";"2";"7";"1";"0";"1";"15";"1";""
"201900056812";"138 199 313";"A01";"2";"30";"0";"0";"7";"21";"1";""
"201900056813";"138 199 311";"B01";"2";"31";"0";"2";"8";"1";"1";""
"201900056813";"138 199 312";"A01";"2";"7";"0";"2";"7";"11";"1";""
"201900056814";"138 199 309";"A01";"2";"7";"13";"0";"2";"2";"1";""
"201900056815";"138 199 308";"A01";"2";"43";"0";"2";"1";"1";"1";""
"201900056815";"138 199 310";"B01";"2";"7";"0";"2";"6";"1";"1";""
"201900056816";"138 199 306";"B01";"1";"33";"0";"2";"1";"1";"1";""
"201900056816";"138 199 307";"A01";"1";"7";"0";"2";"2";"12";"1";""
"201900056817";"138 199 304";"B01";"1";"7";"0";"2";"0";"9";"1";""
"201900056817";"138 199 305";"A01";"1";"7";"0";"2";"0";"9";"1";""
"201900056818";"138 199 302";"A01";"1";"1";"0";"1";"1";"1";"5";""
"201900056819";"138 199 301";"B01";"1";"1";"0";"2";"0";"1";"5";""
"201900056819";"138 199 303";"A01";"1";"10";"0";"2";"0";"14";"1";""
"201900056820";"138 199 295";"A01";"1";"33";"0";"2";"1";"15";"1";""
"201900056820";"138 199 297";"B01";"2";"33";"0";"2";"8";"1";"1";""
"201900056821";"138 199 294";"B01";"1";"7";"0";"2";"5";"2";"1";""
"201900056821";"138 199 296";"A01";"1";"2";"0";"2";"1";"2";"1";""
"201900056822";"138 199 291";"B01";"1";"7";"0";"2";"6";"1";"1";""
"201900056822";"138 199 293";"A01";"1";"7";"0";"2";"2";"1";"1";""
"201900056823";"138 199 289";"Z01";"0";"32";"0";"2";"1";"1";"1";""
"201900056823";"138 199 292";"A01";"2";"7";"0";"2";"2";"1";"1";""
"201900056824";"138 199 290";"A01";"1";"14";"0";"1";"7";"16";"1";""
"201900056825";"138 199 287";"B01";"2";"7";"0";"2";"3";"1";"1";""
"201900056825";"138 199 288";"A01";"3";"7";"0";"2";"1";"1";"1";""
"201900056826";"138 199 285";"Z01";"1";"30";"0";"1";"1";"1";"0";""
"201900056827";"138 199 284";"Z01";"3";"10";"0";"2";"0";"1";"0";""
"201900056827";"138 199 286";"A01";"1";"1";"0";"2";"1";"19";"5";""
"201900056828";"138 199 282";"Z01";"1";"30";"0";"1";"0";"16";"0";""
"201900056829";"138 199 279";"B01";"1";"32";"0";"2";"2";"17";"1";""
"201900056829";"138 199 281";"A01";"1";"7";"0";"2";"3";"9";"1";""
"201900056830";"138 199 280";"B01";"1";"7";"0";"2";"5";"16";"1";""
"201900056830";"138 199 283";"A01";"1";"7";"0";"2";"3";"2";"1";""
"201900056831";"138 199 278";"A01";"2";"10";"0";"1";"1";"1";"1";""
"201900056832";"138 199 276";"A01";"1";"30";"0";"1";"2";"25";"1";""
"201900056833";"138 199 275";"B01";"2";"7";"14";"0";"2";"1";"1";""
"201900056833";"138 199 277";"A01";"1";"7";"4";"0";"0";"1";"1";""
"201900056834";"138 199 273";"B01";"2";"7";"0";"2";"2";"1";"1";""
"201900056834";"138 199 274";"A01";"2";"30";"0";"2";"3";"1";"1";""
"201900056835";"138 199 270";"B01";"1";"1";"0";"2";"1";"1";"5";""
"201900056835";"138 199 272";"A01";"1";"10";"0";"2";"2";"16";"1";""
"201900056836";"138 199 269";"A01";"1";"7";"0";"1";"6";"4";"1";""
"201900056837";"138 199 267";"B01";"2";"32";"0";"2";"1";"1";"1";""
"201900056837";"138 199 268";"A01";"3";"7";"0";"2";"8";"9";"1";""
"201900056838";"138 199 264";"Z01";"1";"7";"0";"2";"1";"1";"0";""
"201900056838";"138 199 265";"B01";"1";"7";"0";"2";"1";"23";"1";""
"201900056838";"138 199 266";"A01";"1";"7";"0";"2";"4";"23";"1";""
"201900056839";"138 199 271";"A01";"3";"7";"0";"1";"3";"1";"0";""
"201900056840";"138 199 260";"A01";"3";"7";"0";"2";"2";"1";"4";""
"201900056840";"138 199 263";"B01";"1";"2";"0";"2";"1";"1";"1";""
"201900056841";"138 199 261";"B01";"1";"60";"0";"2";"1";"19";"5";""
"201900056841";"138 199 262";"A01";"2";"7";"0";"1";"3";"2";"1";""
"201900056842";"138 199 259";"A01";"1";"33";"0";"0";"3";"1";"1";""
"201900056843";"138 199 258";"A01";"1";"10";"7";"0";"1";"13";"1";""
"201900056844";"138 199 256";"A01";"2";"10";"0";"2";"3";"20";"1";""
"201900056844";"138 199 257";"B01";"2";"32";"0";"2";"1";"1";"1";""
"201900056845";"138 199 253";"A01";"2";"7";"11";"0";"1";"1";"1";""
"201900056846";"138 199 254";"A01";"1";"7";"0";"2";"2";"15";"1";""
"201900056846";"138 199 255";"B01";"2";"33";"0";"2";"2";"1";"1";""
"201900056847";"138 199 251";"A01";"3";"7";"12";"0";"1";"13";"6";""
"201900056848";"138 199 252";"A01";"1";"33";"0";"1";"1";"17";"1";""
"201900056849";"138 199 246";"B01";"1";"7";"0";"2";"4";"23";"1";""
"201900056849";"138 199 248";"A01";"1";"30";"0";"2";"1";"2";"1";""
"201900056850";"138 199 249";"A01";"1";"34";"0";"0";"0";"17";"1";""
"201900056851";"138 199 247";"B01";"1";"37";"0";"2";"8";"15";"1";"1"
"201900056851";"138 199 250";"A01";"1";"34";"0";"2";"2";"17";"1";""
"201900056852";"138 199 243";"A01";"3";"32";"0";"2";"2";"1";"1";""
"201900056852";"138 199 245";"B01";"2";"33";"0";"2";"8";"1";"1";""
"201900056853";"138 199 241";"C01";"1";"7";"0";"2";"6";"1";"1";""
"201900056853";"138 199 242";"B01";"1";"7";"0";"2";"2";"12";"1";""
"201900056853";"138 199 244";"A01";"1";"31";"0";"2";"6";"3";"1";""
"201900056854";"138 199 240";"A01";"2";"7";"0";"1";"1";"1";"1";""
"201900056855";"138 199 238";"A01";"2";"43";"0";"2";"3";"1";"1";""
"201900056855";"138 199 239";"B01";"3";"1";"0";"2";"2";"19";"5";""
"201900056856";"138 199 233";"A01";"1";"30";"0";"2";"1";"13";"1";""
"201900056856";"138 199 235";"B01";"1";"7";"0";"2";"4";"1";"1";""
"201900056856";"138 199 236";"C01";"1";"7";"0";"2";"0";"11";"1";""
"201900056857";"138 199 234";"B01";"2";"32";"0";"2";"1";"1";"1";""
"201900056857";"138 199 237";"A01";"1";"10";"0";"2";"7";"15";"1";""
"201900056858";"138 199 232";"Z01";"2";"7";"0";"1";"6";"1";"1";""
"201900056859";"138 199 231";"A01";"2";"7";"9";"0";"1";"14";"1";""
"201900056860";"138 199 230";"A01";"1";"7";"0";"1";"8";"1";"1";""
"201900056861";"138 199 229";"A01";"1";"7";"0";"1";"1";"16";"1";""
"201900056862";"138 199 227";"Z01";"1";"2";"0";"2";"7";"16";"0";""
"201900056862";"138 199 228";"A01";"1";"30";"12";"2";"8";"1";"1";""
"201900056863";"138 199 226";"A01";"1";"1";"0";"1";"2";"1";"5";""
"201900056864";"138 199 225";"A01";"1";"7";"0";"1";"2";"1";"1";""
"201900056865";"138 199 224";"A01";"2";"7";"8";"0";"1";"13";"1";""
"201900056866";"138 199 221";"A01";"2";"10";"0";"2";"5";"16";"1";""
"201900056866";"138 199 223";"B01";"2";"1";"0";"2";"1";"1";"5";""
"201900056867";"138 199 218";"Z01";"1";"7";"0";"2";"1";"2";"1";""
"201900056867";"138 199 219";"A01";"1";"32";"0";"2";"4";"23";"1";""
"201900056868";"138 199 217";"Z01";"2";"50";"0";"1";"1";"1";"3";""
"201900056869";"138 199 212";"B01";"2";"31";"0";"2";"4";"23";"1";""
"201900056869";"138 199 215";"A01";"1";"7";"0";"2";"1";"9";"1";""
"201900056870";"138 199 213";"C01";"1";"10";"0";"2";"0";"23";"1";""
"201900056870";"138 199 214";"B01";"1";"7";"0";"2";"4";"23";"1";""
"201900056870";"138 199 216";"A01";"1";"7";"0";"2";"1";"2";"1";""
"201900056871";"138 199 211";"A01";"1";"1";"0";"1";"7";"1";"5";""
"201900056872";"138 199 207";"D01";"1";"7";"0";"2";"1";"2";"1";""
"201900056872";"138 199 208";"C01";"1";"7";"0";"2";"5";"2";"1";""
"201900056872";"138 199 209";"B01";"1";"7";"0";"2";"4";"2";"1";""
"201900056872";"138 199 210";"A01";"1";"7";"0";"2";"4";"23";"1";""
"201900056873";"138 199 206";"A01";"1";"32";"0";"1";"1";"1";"1";""
"201900056874";"138 199 204";"A01";"2";"32";"0";"2";"2";"5";"1";""
"201900056874";"138 199 205";"B01";"1";"10";"0";"2";"3";"9";"1";""
"201900056875";"138 199 200";"B01";"1";"10";"0";"2";"5";"23";"1";""
"201900056875";"138 199 203";"A01";"1";"1";"0";"2";"1";"14";"5";""
"201900056876";"138 199 201";"A01";"2";"7";"0";"1";"2";"16";"4";""
"201900056877";"138 199 198";"Z01";"1";"10";"0";"2";"0";"10";"0";""
"201900056877";"138 199 199";"A01";"1";"30";"0";"2";"1";"1";"1";""
"201900056878";"138 199 197";"A01";"1";"7";"0";"1";"0";"15";"1";""
"201900056879";"138 199 193";"B01";"2";"33";"0";"2";"1";"1";"1";""
"201900056879";"138 199 195";"A01";"2";"7";"0";"2";"6";"10";"1";""
"201900056880";"138 199 194";"B01";"2";"33";"0";"2";"8";"15";"1";""
"201900056880";"138 199 196";"A01";"2";"7";"0";"2";"1";"1";"4";""
"201900056881";"138 199 190";"A01";"1";"33";"0";"2";"1";"15";"1";""
"201900056881";"138 199 192";"B01";"2";"33";"0";"2";"1";"16";"1";""
"201900056882";"138 199 189";"A01";"3";"7";"0";"2";"1";"15";"1";""
"201900056882";"138 199 191";"B01";"3";"33";"0";"2";"1";"1";"1";""
"201900056883";"138 199 184";"A01";"1";"7";"0";"2";"3";"15";"2";""
"201900056883";"138 199 186";"B01";"1";"32";"0";"2";"5";"23";"1";""
"201900056884";"138 199 188";"A01";"1";"7";"0";"2";"1";"2";"1";""
"201900056884";"138 199 202";"B01";"1";"7";"0";"2";"4";"23";"1";""
"201900056884";"138 199 220";"C01";"1";"7";"0";"2";"4";"23";"1";""
"201900056885";"138 199 182";"A01";"1";"34";"0";"2";"2";"1";"1";""
"201900056885";"138 199 183";"B01";"1";"10";"0";"2";"6";"15";"3";""
"201900056886";"138 199 181";"A01";"1";"30";"1";"0";"1";"7";"1";""
"201900056887";"138 199 179";"A01";"1";"7";"0";"2";"8";"10";"1";""
"201900056887";"138 199 180";"B01";"1";"43";"0";"2";"1";"17";"1";""
"201900056888";"138 199 178";"A01";"1";"1";"0";"1";"1";"1";"5";""
"201900056889";"138 199 177";"A01";"2";"30";"0";"0";"2";"9";"1";""
"201900056890";"138 199 175";"B01";"2";"1";"0";"2";"4";"0";"5";""
"201900056890";"138 199 176";"A01";"2";"10";"0";"6";"1";"0";"1";""
"201900056891";"138 199 173";"A01";"1";"32";"0";"2";"2";"1";"1";""
"201900056891";"138 199 174";"B01";"1";"1";"0";"2";"5";"19";"5";""
"201900056892";"138 199 170";"A01";"3";"3";"0";"2";"1";"19";"0";""
"201900056892";"138 199 172";"B01";"3";"37";"8";"2";"1";"19";"0";"2"
"201900056893";"138 199 169";"A01";"2";"7";"0";"2";"3";"9";"2";""
"201900056893";"138 199 171";"B01";"2";"1";"0";"2";"1";"1";"5";""
"201900056894";"138 199 167";"A01";"1";"7";"0";"1";"8";"1";"1";""
"201900056895";"138 199 166";"A01";"3";"7";"0";"2";"2";"1";"1";""
"201900056895";"138 199 168";"B01";"3";"7";"0";"2";"1";"15";"0";""
"201900056896";"138 199 165";"A01";"1";"7";"0";"1";"3";"1";"1";""
"201900056897";"138 199 163";"A01";"2";"7";"0";"9";"3";"11";"1";""
"201900056897";"138 199 164";"B01";"3";"7";"0";"0";"0";"0";"0";""
"201900056898";"138 199 162";"A01";"1";"32";"0";"1";"1";"17";"1";""
"201900056899";"138 199 161";"Z01";"3";"7";"0";"0";"0";"9";"0";""
"201900056900";"138 199 158";"A01";"1";"7";"0";"2";"3";"1";"1";""
"201900056900";"138 199 160";"B01";"2";"7";"0";"2";"7";"15";"3";""
"201900056901";"138 199 159";"A01";"0";"7";"8";"0";"0";"14";"1";""
"201900056902";"138 199 157";"A01";"1";"50";"0";"0";"0";"1";"3";""
"201900056903";"138 199 185";"A01";"2";"34";"0";"2";"8";"15";"1";""
"201900056903";"138 199 187";"B01";"1";"17";"0";"2";"2";"1";"1";""
"201900056904";"138 199 155";"A01";"1";"10";"0";"2";"1";"2";"1";""
"201900056904";"138 199 156";"B01";"1";"10";"0";"2";"4";"2";"1";""
"201900056905";"138 199 152";"A01";"3";"30";"0";"2";"1";"9";"1";""
"201900056905";"138 199 154";"B01";"3";"7";"0";"2";"7";"1";"1";""
"201900056906";"138 199 151";"A01";"1";"33";"0";"1";"1";"1";"1";""
"201900056907";"138 199 150";"A01";"2";"7";"0";"2";"3";"0";"0";""
"201900056907";"138 199 153";"B01";"3";"7";"1";"0";"5";"23";"0";""
"201900056908";"138 199 149";"A01";"2";"32";"12";"0";"2";"14";"1";""
"201900056909";"138 199 146";"A01";"1";"50";"0";"2";"9";"1";"3";""
"201900056909";"138 199 148";"B01";"1";"32";"0";"2";"1";"1";"1";""
"201900056910";"138 199 145";"A01";"2";"30";"0";"0";"8";"17";"0";""
"201900056911";"138 199 144";"B01";"3";"1";"0";"2";"7";"19";"5";""
"201900056911";"138 199 147";"A01";"3";"7";"0";"2";"3";"14";"1";""
"201900056912";"138 199 142";"A01";"0";"1";"0";"2";"8";"1";"5";""
"201900056912";"138 199 143";"Z01";"0";"1";"0";"2";"0";"17";"5";""
"201900056913";"138 199 140";"A01";"1";"30";"0";"2";"1";"2";"1";""
"201900056913";"138 199 141";"B01";"1";"7";"0";"2";"5";"2";"1";""
"201900056914";"138 199 139";"A01";"1";"10";"0";"1";"1";"1";"1";""
"201900056915";"138 199 137";"A01";"1";"30";"0";"2";"1";"1";"1";""
"201900056915";"138 199 138";"B01";"1";"7";"0";"2";"2";"15";"1";""
"201900056916";"138 199 135";"A01";"3";"34";"0";"2";"1";"12";"1";""
"201900056916";"138 199 136";"B01";"3";"7";"0";"2";"4";"23";"1";""
"201900056917";"138 199 133";"A01";"2";"7";"0";"2";"3";"15";"1";""
"201900056917";"138 199 134";"Z01";"1";"2";"0";"2";"8";"1";"0";""
"201900056918";"138 199 132";"A01";"1";"32";"12";"0";"1";"18";"1";""
"201900056919";"138 199 129";"A01";"1";"7";"0";"2";"3";"22";"1";""
"201900056919";"138 199 130";"B01";"1";"1";"0";"2";"7";"1";"5";""
"201900056919";"138 199 131";"C01";"1";"50";"0";"2";"1";"1";"3";""
"201900056920";"138 199 127";"B01";"2";"7";"0";"2";"1";"9";"1";""
"201900056920";"138 199 128";"A01";"1";"33";"0";"2";"7";"5";"1";""
"201900056921";"138 199 125";"B01";"2";"15";"0";"2";"5";"16";"1";""
"201900056921";"138 199 126";"A01";"2";"32";"0";"2";"8";"14";"1";""
"201900056922";"138 199 124";"A01";"1";"32";"0";"0";"7";"16";"1";""
"201900056923";"138 199 123";"A01";"1";"1";"0";"1";"1";"1";"5";""
"201900056924";"138 199 122";"A01";"1";"7";"0";"1";"7";"1";"1";""
"201900056925";"138 199 120";"A01";"1";"7";"0";"2";"2";"1";"1";""
"201900056925";"138 199 121";"B01";"2";"50";"0";"2";"7";"1";"3";""
"201900056926";"138 199 118";"A01";"1";"7";"0";"2";"8";"1";"1";""
"201900056926";"138 199 119";"B01";"1";"2";"0";"2";"5";"17";"1";""
"201900056927";"138 199 116";"A01";"2";"7";"0";"2";"7";"1";"1";""
"201900056927";"138 199 117";"B01";"2";"1";"0";"2";"3";"9";"5";""
"201900056928";"138 199 114";"B01";"2";"32";"0";"2";"1";"18";"1";""
"201900056928";"138 199 115";"A01";"2";"7";"0";"2";"7";"22";"1";""
"201900056929";"138 199 111";"B01";"2";"1";"0";"2";"2";"17";"5";""
"201900056929";"138 199 112";"A01";"2";"7";"0";"2";"3";"15";"1";""
"201900056930";"138 199 110";"A01";"2";"30";"0";"0";"2";"1";"3";""
"201900056931";"138 199 108";"A01";"1";"7";"0";"2";"3";"15";"1";""
"201900056931";"138 199 109";"B01";"1";"2";"0";"2";"1";"15";"1";""
"201900056932";"138 199 106";"B01";"1";"1";"0";"2";"3";"11";"5";""
"201900056932";"138 199 107";"A01";"1";"7";"0";"2";"2";"1";"1";""
"201900056933";"138 199 105";"A01";"1";"30";"12";"0";"0";"21";"3";""
"201900056934";"138 199 104";"A01";"2";"1";"0";"1";"1";"1";"5";""
"201900056935";"138 199 103";"Z01";"2";"7";"0";"1";"3";"15";"1";""
"201900056936";"138 199 101";"A01";"1";"7";"0";"2";"3";"9";"1";""
"201900056936";"138 199 102";"B01";"1";"30";"0";"2";"1";"1";"1";""
"201900056937";"138 199 099";"A01";"1";"7";"0";"2";"2";"10";"1";""
"201900056937";"138 199 100";"B01";"2";"34";"0";"2";"3";"1";"1";""
"201900056938";"138 199 097";"B01";"1";"1";"0";"2";"6";"1";"5";""
"201900056938";"138 199 098";"A01";"1";"10";"0";"2";"2";"14";"3";""
"201900056939";"138 199 096";"A01";"1";"7";"0";"1";"7";"1";"1";""
"201900056940";"138 199 094";"B01";"1";"43";"0";"2";"3";"1";"1";""
"201900056940";"138 199 095";"A01";"2";"7";"0";"2";"2";"12";"1";""
"201900056941";"138 199 092";"B01";"2";"43";"0";"2";"4";"15";"1";""
"201900056941";"138 199 093";"A01";"2";"10";"0";"2";"1";"1";"1";""
"201900056942";"138 199 090";"A01";"3";"7";"0";"2";"1";"2";"1";""
"201900056942";"138 199 091";"B01";"3";"7";"0";"2";"4";"23";"1";""
"201900056943";"138 199 089";"A01";"2";"43";"0";"1";"1";"1";"1";""
"201900056944";"138 199 088";"A01";"2";"30";"0";"1";"1";"1";"0";""
"201900056945";"138 199 086";"A01";"1";"7";"0";"1";"1";"1";"0";""
"201900056945";"138 199 087";"Z01";"2";"32";"0";"2";"9";"19";"0";""
"201900056946";"138 199 084";"A01";"2";"10";"0";"2";"2";"2";"1";""
"201900056946";"138 199 085";"B01";"0";"50";"0";"2";"4";"2";"3";""
"201900056947";"138 199 082";"A01";"1";"31";"0";"2";"1";"7";"1";""
"201900056947";"138 199 083";"Z01";"1";"7";"0";"2";"2";"16";"0";""
"201900056948";"138 199 081";"A01";"1";"34";"0";"0";"0";"21";"1";""
"201900056949";"138 199 079";"B01";"1";"50";"0";"2";"2";"1";"3";""
"201900056949";"138 199 080";"A01";"1";"7";"0";"2";"1";"1";"1";""
"201900056950";"138 199 077";"A01";"1";"31";"0";"2";"7";"1";"1";""
"201900056950";"138 199 078";"B01";"2";"7";"0";"2";"2";"1";"2";""
"201900056951";"138 199 075";"A01";"1";"1";"0";"2";"6";"13";"5";""
"201900056951";"138 199 076";"B01";"1";"31";"0";"2";"2";"1";"1";""
"201900056952";"138 199 072";"C01";"2";"7";"0";"2";"3";"1";"2";""
"201900056952";"138 199 073";"B01";"1";"33";"0";"2";"2";"17";"1";""
"201900056952";"138 199 074";"A01";"1";"7";"0";"2";"3";"10";"1";""
"201900056953";"138 199 070";"A01";"2";"14";"0";"2";"8";"22";"4";""
"201900056953";"138 199 071";"B01";"2";"32";"0";"2";"7";"1";"0";""
"201900056954";"138 199 068";"B01";"2";"30";"0";"2";"1";"1";"1";""
"201900056954";"138 199 069";"A01";"0";"7";"0";"2";"8";"22";"2";""
"201900056955";"138 199 065";"A01";"2";"7";"0";"2";"3";"22";"1";""
"201900056955";"138 199 066";"B01";"2";"32";"0";"2";"3";"1";"1";""
"201900056955";"138 199 067";"C01";"1";"7";"0";"2";"3";"1";"1";""
"201900056956";"138 199 063";"B01";"1";"7";"0";"2";"3";"15";"1";""
"201900056956";"138 199 064";"A01";"1";"31";"1";"2";"7";"17";"1";""
"201900056957";"138 199 061";"Z01";"3";"7";"0";"2";"1";"1";"0";""
"201900056957";"138 199 062";"A01";"3";"33";"0";"2";"1";"1";"1";""
"201900056958";"138 199 060";"A01";"2";"50";"0";"1";"1";"1";"3";""
"201900056959";"138 199 058";"A01";"2";"7";"0";"2";"8";"22";"1";""
"201900056959";"138 199 059";"B01";"2";"80";"0";"2";"1";"1";"3";""
"201900056960";"138 199 056";"B01";"1";"33";"0";"2";"2";"1";"1";""
"201900056960";"138 199 057";"A01";"1";"10";"0";"2";"3";"15";"1";""
"201900056961";"138 199 054";"B01";"1";"34";"0";"2";"7";"1";"1";""
"201900056961";"138 199 055";"A01";"3";"7";"0";"2";"3";"1";"1";""
"201900056962";"138 199 053";"A01";"1";"33";"12";"0";"7";"16";"0";""
"201900056963";"138 199 052";"A01";"2";"30";"0";"0";"0";"1";"1";""
"201900056964";"138 199 050";"B01";"2";"32";"0";"2";"4";"23";"1";""
"201900056964";"138 199 051";"A01";"2";"7";"0";"2";"1";"2";"1";""
"201900056965";"138 199 048";"A01";"2";"7";"0";"2";"3";"9";"1";""
"201900056965";"138 199 049";"B01";"2";"32";"0";"2";"2";"1";"1";""
"201900056966";"138 199 046";"B01";"3";"80";"0";"2";"4";"1";"3";""
"201900056966";"138 199 047";"A01";"1";"7";"0";"2";"3";"1";"1";""
"201900056967";"138 199 043";"C01";"2";"10";"0";"2";"5";"1";"1";""
"201900056967";"138 199 044";"B01";"2";"31";"0";"2";"1";"7";"1";""
"201900056967";"138 199 045";"A01";"2";"10";"0";"2";"3";"22";"1";""
"201900056968";"138 199 042";"A01";"1";"30";"12";"0";"2";"16";"1";""
"201900056969";"138 199 040";"B01";"2";"34";"0";"2";"6";"1";"1";""
"201900056969";"138 199 041";"A01";"2";"34";"0";"2";"5";"9";"1";""
"201900056970";"138 199 037";"A01";"3";"7";"0";"2";"1";"2";"1";""
"201900056970";"138 199 038";"B01";"3";"7";"0";"2";"4";"23";"1";""
"201900056970";"138 199 039";"C01";"3";"7";"0";"2";"4";"23";"1";""
"201900056971";"138 199 036";"A01";"1";"31";"0";"0";"0";"21";"1";""
"201900056972";"138 199 035";"A01";"2";"7";"0";"1";"2";"1";"2";""
"201900056973";"138 199 033";"A01";"3";"30";"0";"2";"4";"1";"1";""
"201900056973";"138 199 034";"B01";"3";"30";"0";"2";"1";"15";"1";""
"201900056974";"138 199 031";"A01";"1";"30";"0";"2";"1";"1";"1";""
"201900056974";"138 199 032";"B01";"1";"10";"0";"2";"3";"16";"1";""
"201900056975";"138 199 028";"C01";"1";"7";"0";"2";"1";"2";"1";""
"201900056975";"138 199 029";"B01";"1";"7";"0";"2";"1";"2";"1";""
"201900056975";"138 199 030";"A01";"1";"7";"0";"2";"6";"2";"1";""
"201900056976";"138 199 026";"B01";"2";"7";"0";"2";"2";"1";"2";""
"201900056976";"138 199 027";"A01";"2";"50";"0";"2";"7";"1";"3";""
"201900056977";"138 199 024";"A01";"0";"33";"0";"2";"1";"1";"1";""
"201900056977";"138 199 025";"B01";"0";"7";"0";"2";"4";"23";"1";""
"201900056978";"138 199 022";"A01";"3";"50";"0";"2";"3";"19";"3";""
"201900056978";"138 199 023";"B01";"3";"10";"0";"2";"2";"1";"1";""
"201900056979";"138 199 021";"A01";"1";"3";"1";"0";"1";"14";"1";""
"201900056980";"138 199 019";"B01";"2";"1";"0";"2";"1";"1";"5";""
"201900056980";"138 199 020";"A01";"2";"10";"0";"2";"3";"22";"1";""
"201900056981";"138 199 017";"A01";"1";"7";"0";"2";"7";"4";"0";""
"201900056981";"138 199 018";"B01";"2";"1";"0";"2";"1";"1";"5";""
"201900056982";"138 199 015";"A01";"2";"7";"0";"2";"2";"1";"1";""
"201900056982";"138 199 016";"B01";"1";"7";"0";"2";"1";"1";"1";""
"201900056983";"138 199 013";"B01";"2";"32";"0";"2";"3";"18";"1";""
"201900056983";"138 199 014";"A01";"2";"7";"0";"2";"7";"21";"1";""
"201900056984";"138 199 010";"A01";"1";"34";"1";"2";"1";"18";"1";""
"201900056984";"138 199 011";"C01";"1";"7";"0";"2";"6";"24";"1";""
"201900056984";"138 199 012";"B01";"1";"10";"0";"2";"2";"1";"1";""
"201900056985";"138 199 008";"B01";"1";"7";"0";"2";"7";"22";"1";""
"201900056985";"138 199 009";"A01";"1";"33";"0";"2";"7";"18";"1";""
"201900056986";"138 199 006";"B01";"2";"10";"0";"2";"2";"1";"0";""
"201900056986";"138 199 007";"A01";"1";"10";"0";"2";"3";"1";"1";""
"201900056987";"138 199 004";"A01";"2";"50";"0";"2";"1";"1";"3";""
"201900056987";"138 199 005";"B01";"1";"1";"0";"2";"0";"1";"5";""
"201900056988";"138 199 003";"Z01";"2";"7";"0";"1";"2";"14";"1";""
"201900056989";"138 199 002";"A01";"2";"50";"0";"1";"1";"1";"3";""
"201900056990";"138 199 000";"A01";"3";"7";"0";"2";"4";"1";"1";""