"Num_Acc";"id_vehicule";"num_veh";"senc";"catv";"obs";"obsm";"choc";"manv";"motor";"occutc"
"201900056990";"138 199 001";"B01";"3";"1";"0";"2";"4";"23";"5";""
"201900056991";"138 198 999";"A01";"2";"7";"0";"1";"4";"20";"1";""
"201900056992";"138 198 997";"A01";"1";"7";"0";"2";"2";"22";"1";""
"201900056992";"138 198 998";"B01";"1";"33";"0";"2";"8";"16";"1";""
"201900056993";"138 198 995";"A01";"1";"7";"0";"2";"4";"2";"0";""
"201900056993";"138 198 996";"B01";"1";"2";"0";"2";"1";"2";"0";""
"201900056994";"138 198 993";"B01";"2";"7";"0";"2";"4";"2";"1";""
"201900056994";"138 198 994";"A01";"2";"7";"0";"2";"1";"2";"1";""
"201900056995";"138 198 992";"A01";"1";"30";"15";"1";"3";"19";"6";""
"201900056996";"138 198 987";"A01";"1";"10";"0";"2";"3";"13";"1";""
"201900056996";"138 198 988";"B01";"2";"7";"0";"2";"3";"1";"1";""
"201900056996";"138 198 989";"C01";"2";"7";"0";"2";"1";"1";"1";""
"201900056996";"138 198 990";"D01";"2";"7";"0";"2";"8";"1";"1";""
"201900056996";"138 198 991";"E01";"2";"7";"0";"2";"8";"1";"1";""
"201900056997";"138 198 984";"C01";"1";"7";"0";"2";"4";"2";"1";""
"201900056997";"138 198 985";"B01";"1";"7";"0";"2";"1";"2";"1";""
"201900056997";"138 198 986";"A01";"1";"7";"0";"2";"1";"26";"1";""
"201900056998";"138 198 982";"A01";"1";"7";"0";"2";"2";"16";"1";""
"201900056998";"138 198 983";"B01";"1";"33";"0";"2";"1";"16";"1";""
"201900056999";"138 198 980";"A01";"3";"7";"0";"2";"1";"2";"3";""
"201900056999";"138 198 981";"B01";"3";"7";"0";"2";"4";"2";"1";""
"201900057000";"138 198 978";"A01";"2";"7";"0";"2";"1";"15";"1";""
"201900057000";"138 198 979";"B01";"1";"2";"0";"2";"8";"0";"1";""
"201900057001";"138 198 976";"B01";"1";"7";"0";"2";"1";"1";"1";""
"201900057001";"138 198 977";"A01";"1";"7";"0";"2";"1";"19";"1";""
"201900057002";"138 198 974";"A01";"1";"1";"0";"2";"1";"9";"0";""
"201900057002";"138 198 975";"B01";"1";"7";"0";"2";"2";"1";"0";""
"201900057003";"138 198 973";"A01";"1";"33";"0";"1";"1";"1";"1";""
"201900057004";"138 198 970";"C01";"1";"7";"0";"2";"4";"2";"1";""
"201900057004";"138 198 971";"B01";"1";"7";"0";"2";"1";"2";"1";""
"201900057004";"138 198 972";"A01";"1";"7";"0";"2";"1";"2";"1";""
"201900057005";"138 198 968";"A01";"2";"1";"0";"2";"1";"1";"5";""
"201900057005";"138 198 969";"B01";"3";"7";"0";"6";"1";"15";"1";""
"201900057006";"138 198 966";"A01";"1";"7";"0";"2";"3";"15";"1";""
"201900057006";"138 198 967";"B01";"1";"2";"0";"2";"1";"1";"1";""
"201900057007";"138 198 964";"A01";"3";"30";"0";"2";"3";"2";"1";""
"201900057007";"138 198 965";"B01";"1";"7";"0";"2";"5";"2";"1";""
"201900057008";"138 198 962";"B01";"0";"99";"0";"2";"1";"0";"0";""
"201900057008";"138 198 963";"A01";"0";"7";"0";"2";"7";"16";"1";""
"201900057009";"138 198 960";"A01";"1";"7";"0";"2";"2";"2";"0";""
"201900057009";"138 198 961";"B01";"1";"7";"0";"2";"6";"16";"0";""
"201900057010";"138 198 957";"C01";"1";"34";"0";"2";"2";"1";"1";""
"201900057010";"138 198 958";"B01";"1";"33";"0";"2";"3";"1";"1";""
"201900057010";"138 198 959";"A01";"2";"7";"16";"2";"2";"9";"1";""
"201900057011";"138 198 955";"A01";"1";"7";"0";"6";"1";"15";"1";""
"201900057011";"138 198 956";"B01";"1";"1";"0";"2";"9";"1";"5";""
"201900057012";"138 198 946";"B01";"2";"7";"0";"2";"3";"1";"1";""
"201900057012";"138 198 947";"A01";"1";"7";"0";"2";"3";"13";"1";""
"201900057013";"138 198 945";"A01";"2";"7";"0";"1";"5";"4";"1";""
"201900057014";"138 198 943";"B01";"2";"1";"0";"6";"4";"2";"0";""
"201900057014";"138 198 944";"A01";"2";"7";"0";"6";"1";"2";"1";""
"201900057015";"138 198 942";"A01";"2";"7";"0";"1";"1";"1";"1";""
"201900057016";"138 198 941";"A01";"1";"7";"6";"1";"1";"6";"1";""
"201900057017";"138 198 939";"B01";"1";"1";"0";"2";"7";"1";"5";""
"201900057017";"138 198 940";"A01";"2";"7";"0";"2";"5";"16";"1";""
"201900057018";"138 198 937";"A01";"1";"33";"0";"2";"1";"1";"1";""
"201900057018";"138 198 938";"B01";"2";"33";"0";"2";"1";"2";"1";""
"201900057019";"138 198 936";"A01";"1";"7";"15";"0";"8";"17";"1";""
"201900057020";"138 198 933";"B01";"2";"31";"0";"2";"1";"17";"1";""
"201900057020";"138 198 935";"A01";"1";"7";"0";"2";"3";"9";"1";""
"201900057021";"138 198 932";"C01";"1";"10";"0";"1";"3";"1";"1";""
"201900057021";"138 198 934";"A01";"2";"10";"0";"2";"2";"2";"1";""
"201900057022";"138 198 930";"A01";"3";"7";"0";"2";"1";"9";"1";""
"201900057022";"138 198 931";"B01";"3";"1";"0";"2";"7";"1";"5";""
"201900057023";"138 198 929";"A01";"2";"7";"2";"0";"2";"1";"1";""
"201900057024";"138 198 925";"A01";"0";"7";"0";"1";"2";"20";"1";""
"201900057025";"138 198 923";"A01";"1";"7";"2";"0";"1";"1";"1";""
"201900057026";"138 198 921";"A01";"2";"7";"14";"0";"1";"1";"1";""
"201900057027";"138 198 918";"A01";"1";"7";"3";"0";"0";"14";"1";""
"201900057028";"138 198 917";"A01";"2";"10";"1";"2";"3";"11";"1";""
"201900057028";"138 198 919";"B01";"1";"10";"1";"2";"8";"1";"1";""
"201900057029";"138 198 915";"B01";"1";"7";"0";"2";"7";"15";"1";""
"201900057029";"138 198 916";"A01";"1";"2";"1";"2";"2";"1";"1";""
"201900057030";"138 198 913";"A01";"1";"7";"0";"2";"1";"5";"1";""
"201900057030";"138 198 914";"B01";"2";"7";"0";"2";"1";"1";"1";""
"201900057031";"138 198 911";"A01";"0";"33";"1";"0";"7";"1";"1";""
"201900057032";"138 198 910";"A01";"0";"2";"0";"0";"0";"1";"1";""
"201900057033";"138 198 908";"Z01";"1";"17";"0";"2";"0";"0";"1";""
"201900057033";"138 198 909";"A01";"1";"7";"0";"2";"8";"1";"1";""
"201900057034";"138 198 907";"A01";"2";"7";"0";"0";"0";"1";"1";""
"201900057035";"138 198 904";"A01";"3";"7";"0";"1";"2";"20";"1";""
"201900057036";"138 198 903";"A01";"1";"30";"6";"0";"1";"19";"1";""
"201900057037";"138 198 901";"B01";"2";"7";"8";"2";"1";"1";"1";""
"201900057037";"138 198 902";"A01";"3";"7";"0";"0";"7";"19";"1";""
"201900057038";"138 198 899";"A01";"1";"7";"0";"2";"3";"22";"1";""
"201900057038";"138 198 900";"B01";"1";"1";"1";"0";"3";"1";"5";""
"201900057039";"138 198 898";"A01";"2";"7";"0";"1";"2";"1";"1";""
"201900057040";"138 198 895";"B01";"1";"7";"0";"2";"8";"15";"3";""
"201900057040";"138 198 897";"A01";"1";"34";"0";"2";"1";"1";"1";""
"201900057041";"138 198 893";"A01";"1";"7";"0";"2";"1";"13";"1";""
"201900057041";"138 198 894";"B01";"2";"10";"0";"2";"3";"1";"1";""
"201900057041";"138 198 896";"C01";"1";"7";"0";"2";"3";"1";"1";""
"201900057042";"138 198 891";"B01";"2";"10";"0";"2";"5";"15";"1";""
"201900057042";"138 198 892";"A01";"1";"7";"0";"2";"1";"26";"1";""
"201900057043";"138 198 890";"A01";"1";"7";"13";"0";"9";"1";"1";""
"201900057044";"138 198 887";"A01";"2";"7";"0";"2";"2";"15";"0";""
"201900057044";"138 198 888";"B01";"1";"33";"0";"2";"1";"1";"0";""
"201900057045";"138 198 886";"B01";"2";"60";"0";"2";"0";"0";"0";""
"201900057045";"138 198 889";"A01";"3";"7";"0";"2";"1";"9";"1";""
"201900057046";"138 198 885";"A01";"1";"7";"13";"0";"8";"16";"1";""
"201900057047";"138 198 882";"A01";"1";"7";"0";"2";"2";"1";"1";""
"201900057047";"138 198 883";"B01";"2";"1";"0";"2";"3";"19";"5";""
"201900057048";"138 198 878";"A01";"2";"7";"2";"0";"3";"13";"1";""
"201900057049";"138 198 876";"A01";"1";"7";"0";"2";"2";"16";"1";""
"201900057049";"138 198 877";"B01";"1";"1";"0";"2";"1";"1";"5";""
"201900057050";"138 198 875";"A01";"3";"7";"13";"0";"1";"1";"1";""
"201900057051";"138 198 873";"A01";"1";"7";"13";"0";"2";"14";"1";""
"201900057052";"138 198 872";"B01";"2";"7";"0";"2";"1";"1";"1";""
"201900057052";"138 198 874";"A01";"1";"7";"9";"2";"9";"13";"1";""
"201900057053";"138 198 870";"A01";"1";"7";"0";"1";"1";"16";"1";""
"201900057054";"138 198 869";"B01";"2";"7";"5";"2";"1";"1";"1";""
"201900057054";"138 198 871";"A01";"1";"7";"0";"2";"1";"13";"1";""
"201900057055";"138 198 868";"A01";"2";"2";"0";"0";"7";"14";"1";""
"201900057056";"138 198 867";"A01";"2";"7";"8";"0";"1";"0";"1";""
"201900057057";"138 198 866";"A01";"1";"7";"8";"0";"1";"13";"1";""
"201900057058";"138 198 864";"A01";"1";"7";"0";"0";"6";"23";"1";""
"201900057058";"138 198 865";"B01";"1";"1";"1";"0";"1";"1";"5";""
"201900057059";"138 198 860";"A01";"1";"1";"0";"0";"6";"3";"5";""
"201900057059";"138 198 861";"B01";"1";"7";"0";"2";"2";"2";"1";""
"201900057060";"138 198 857";"A01";"3";"7";"1";"0";"1";"0";"1";""
"201900057061";"138 198 854";"B01";"2";"1";"0";"2";"1";"1";"5";""
"201900057061";"138 198 856";"A01";"2";"7";"0";"2";"6";"9";"1";""
"201900057062";"138 198 855";"A01";"1";"7";"8";"0";"1";"1";"1";""
"201900057063";"138 198 852";"A01";"2";"7";"3";"0";"9";"1";"1";""
"201900057064";"138 198 850";"A01";"2";"7";"13";"0";"1";"1";"1";""
"201900057065";"138 198 849";"Z01";"1";"7";"0";"2";"4";"1";"1";""
"201900057065";"138 198 851";"A01";"1";"31";"0";"2";"1";"1";"1";""
"201900057066";"138 198 847";"A01";"1";"7";"0";"1";"1";"1";"1";""
"201900057067";"138 198 842";"A01";"1";"7";"0";"2";"1";"19";"1";""
"201900057067";"138 198 844";"B01";"1";"7";"0";"2";"6";"15";"1";""
"201900057067";"138 198 845";"C01";"1";"7";"0";"2";"1";"1";"1";""
"201900057068";"138 198 841";"B01";"2";"60";"0";"2";"1";"1";"5";""
"201900057068";"138 198 843";"A01";"2";"7";"0";"6";"3";"19";"1";""
"201900057069";"138 198 838";"B01";"1";"7";"0";"2";"0";"0";"1";""
"201900057069";"138 198 839";"A01";"1";"34";"2";"2";"1";"18";"1";""
"201900057070";"138 198 836";"A01";"2";"7";"8";"0";"1";"1";"1";""
"201900057071";"138 198 835";"A01";"1";"7";"0";"1";"1";"16";"1";""
"201900057072";"138 198 834";"A01";"2";"7";"2";"0";"8";"14";"1";""
"201900057073";"138 198 832";"B01";"1";"1";"0";"2";"4";"1";"5";""
"201900057073";"138 198 833";"Z01";"1";"7";"0";"2";"1";"2";"0";""
"201900057074";"138 198 830";"A01";"1";"1";"0";"0";"0";"1";"5";""
"201900057075";"138 198 826";"B01";"1";"7";"14";"0";"1";"13";"1";""
"201900057075";"138 198 827";"A01";"2";"38";"0";"2";"1";"23";"1";"4"
"201900057076";"138 198 825";"A01";"2";"30";"0";"0";"7";"1";"1";""
"201900057077";"138 198 823";"A01";"0";"50";"0";"2";"1";"11";"3";""
"201900057077";"138 198 824";"B01";"0";"14";"0";"0";"0";"1";"0";""
"201900057078";"138 198 821";"A01";"1";"7";"0";"2";"0";"0";"1";""
"201900057078";"138 198 822";"B01";"1";"2";"0";"2";"2";"17";"1";""
"201900057079";"138 198 820";"E01";"3";"7";"0";"1";"1";"15";"1";""
"201900057080";"138 198 828";"B01";"3";"33";"0";"2";"1";"1";"1";""
"201900057080";"138 198 829";"A01";"3";"7";"0";"0";"6";"15";"1";""
"201900057081";"138 198 819";"A01";"2";"13";"0";"1";"1";"26";"0";""
"201900057082";"138 198 816";"A01";"1";"7";"0";"0";"6";"24";"1";""
"201900057082";"138 198 817";"B01";"1";"2";"0";"2";"2";"1";"1";""
"201900057083";"138 198 814";"A01";"1";"3";"0";"2";"0";"16";"1";""
"201900057083";"138 198 815";"B01";"3";"50";"0";"2";"4";"23";"3";""
"201900057084";"138 198 812";"A01";"1";"7";"0";"2";"1";"1";"1";""
"201900057084";"138 198 813";"B01";"1";"7";"0";"0";"9";"1";"1";""
"201900057085";"138 198 811";"A01";"2";"1";"0";"1";"1";"1";"5";""
"201900057086";"138 198 807";"Z01";"0";"7";"0";"2";"7";"12";"1";""
"201900057086";"138 198 808";"A01";"0";"32";"0";"0";"3";"1";"1";""
"201900057087";"138 198 809";"B01";"1";"33";"0";"2";"7";"1";"1";""
"201900057087";"138 198 810";"A01";"3";"7";"0";"2";"3";"19";"1";""
"201900057088";"138 198 804";"A01";"1";"7";"13";"0";"1";"14";"1";""
"201900057089";"138 198 805";"A01";"2";"50";"0";"2";"2";"15";"3";""
"201900057089";"138 198 806";"B01";"1";"32";"0";"2";"1";"1";"1";""
"201900057090";"138 198 803";"A01";"3";"7";"1";"0";"1";"1";"1";""
"201900057091";"138 198 802";"A01";"2";"40";"0";"1";"3";"1";"3";""
"201900057092";"138 198 801";"A01";"1";"7";"0";"1";"2";"1";"1";""
"201900057093";"138 198 798";"A01";"2";"7";"2";"0";"1";"0";"4";""
"201900057094";"138 198 799";"A01";"0";"7";"0";"2";"0";"1";"1";""
"201900057094";"138 198 800";"B01";"0";"43";"0";"2";"0";"1";"1";""
"201900057095";"138 198 795";"A01";"1";"7";"0";"2";"1";"1";"1";""
"201900057095";"138 198 797";"B01";"1";"7";"0";"2";"4";"15";"1";""
"201900057096";"138 198 794";"B01";"0";"34";"0";"2";"1";"1";"1";""
"201900057096";"138 198 796";"A01";"0";"7";"0";"2";"1";"13";"1";""
"201900057097";"138 198 791";"B01";"3";"2";"0";"2";"2";"1";"1";""
"201900057097";"138 198 793";"A01";"3";"7";"0";"2";"3";"10";"1";""
"201900057098";"138 198 790";"B01";"2";"7";"0";"2";"4";"1";"1";""
"201900057098";"138 198 792";"A01";"2";"30";"0";"2";"1";"1";"1";""
"201900057099";"138 198 787";"B01";"1";"7";"0";"2";"3";"1";"1";""
"201900057099";"138 198 789";"A01";"2";"7";"0";"2";"3";"13";"1";""
"201900057100";"138 198 785";"A01";"2";"2";"0";"0";"7";"23";"1";""
"201900057101";"138 198 783";"D01";"1";"7";"0";"2";"4";"1";"0";""
"201900057101";"138 198 784";"C01";"1";"7";"0";"2";"4";"1";"1";""
"201900057101";"138 198 786";"B01";"1";"7";"0";"2";"4";"1";"1";""
"201900057101";"138 198 788";"A01";"1";"7";"0";"2";"1";"1";"1";""
"201900057102";"138 198 782";"A01";"2";"2";"7";"0";"7";"0";"1";""
"201900057103";"138 198 780";"B01";"2";"7";"0";"2";"1";"1";"1";""
"201900057103";"138 198 781";"A01";"1";"7";"1";"2";"1";"13";"1";""
"201900057104";"138 198 779";"A01";"2";"7";"15";"0";"2";"1";"1";""
"201900057105";"138 198 778";"A01";"0";"7";"0";"1";"1";"1";"1";""
"201900057106";"138 198 777";"A01";"1";"7";"4";"0";"1";"1";"1";""
"201900057107";"138 198 772";"A01";"3";"7";"0";"2";"2";"15";"1";""
"201900057107";"138 198 773";"B01";"3";"7";"0";"2";"1";"26";"1";""
"201900057108";"138 198 770";"A01";"1";"7";"0";"1";"3";"16";"1";""
"201900057109";"138 198 768";"B01";"1";"7";"0";"2";"8";"15";"1";""
"201900057109";"138 198 769";"A01";"1";"7";"0";"2";"2";"17";"1";""
"201900057110";"138 198 767";"A01";"3";"36";"12";"0";"2";"26";"1";""
"201900057111";"138 198 766";"A01";"2";"7";"0";"1";"1";"1";"1";""
"201900057112";"138 198 765";"A01";"3";"7";"0";"1";"1";"1";"1";""
"201900057113";"138 198 763";"A01";"3";"7";"0";"2";"1";"1";"0";""
"201900057113";"138 198 764";"B01";"3";"7";"0";"2";"1";"5";"0";""
"201900057114";"138 198 761";"A01";"3";"33";"0";"0";"8";"1";"1";""
"201900057115";"138 198 760";"A01";"1";"7";"0";"1";"2";"1";"1";""
"201900057116";"138 198 758";"A01";"1";"7";"0";"2";"1";"9";"1";""
"201900057116";"138 198 759";"B01";"1";"7";"0";"2";"7";"16";"1";""
"201900057117";"138 198 771";"A01";"2";"7";"0";"2";"6";"9";"1";""
"201900057117";"138 198 774";"A01";"2";"2";"0";"2";"1";"1";"1";""
"201900057118";"138 198 756";"A01";"1";"30";"0";"2";"2";"17";"6";""
"201900057118";"138 198 757";"B01";"1";"7";"0";"2";"3";"1";"6";""
"201900057119";"138 198 755";"A01";"1";"7";"0";"1";"1";"1";"1";""
"201900057120";"138 198 754";"A01";"1";"7";"0";"0";"0";"21";"1";""
"201900057121";"138 198 752";"B01";"1";"34";"0";"2";"6";"1";"1";""
"201900057121";"138 198 753";"A01";"3";"7";"0";"2";"0";"19";"1";""
"201900057122";"138 198 751";"A01";"2";"7";"6";"0";"8";"1";"1";""
"201900057123";"138 198 749";"A01";"3";"33";"0";"2";"0";"17";"1";""
"201900057123";"138 198 750";"B01";"3";"7";"0";"2";"5";"0";"1";""
"201900057124";"138 198 746";"A01";"2";"7";"0";"2";"1";"1";"0";""
"201900057124";"138 198 747";"B01";"2";"10";"0";"0";"4";"1";"0";""
"201900057125";"138 198 745";"A01";"2";"33";"0";"2";"5";"1";"1";""
"201900057125";"138 198 748";"Z01";"2";"7";"0";"2";"3";"11";"0";""
"201900057126";"138 198 744";"A01";"1";"3";"8";"0";"1";"1";"1";""
"201900057127";"138 198 742";"B01";"1";"7";"0";"2";"6";"1";"1";""
"201900057127";"138 198 743";"A01";"1";"30";"0";"2";"6";"1";"1";""
"201900057128";"138 198 740";"B01";"2";"7";"0";"2";"1";"1";"1";""
"201900057128";"138 198 741";"A01";"1";"7";"0";"2";"1";"5";"1";""
"201900057129";"138 198 736";"B01";"1";"7";"0";"2";"3";"15";"1";""
"201900057129";"138 198 738";"A01";"1";"7";"0";"2";"7";"5";"1";""
"201900057130";"138 198 737";"A01";"0";"7";"0";"2";"1";"15";"1";""
"201900057130";"138 198 739";"B01";"0";"7";"0";"2";"1";"1";"1";""
"201900057131";"138 198 734";"B01";"1";"40";"0";"2";"2";"1";"3";""
"201900057131";"138 198 735";"A01";"1";"7";"0";"2";"3";"9";"1";""
"201900057132";"138 198 732";"B01";"2";"7";"0";"2";"2";"1";"1";""
"201900057132";"138 198 733";"A01";"1";"10";"0";"2";"3";"10";"1";""
"201900057133";"138 198 730";"A01";"1";"1";"0";"2";"1";"1";"5";""
"201900057133";"138 198 731";"Z01";"1";"30";"0";"2";"7";"16";"0";""
"201900057134";"138 198 728";"A01";"3";"1";"0";"1";"1";"1";"5";""
"201900057135";"138 198 727";"B01";"1";"1";"0";"2";"3";"1";"5";""
"201900057135";"138 198 729";"A01";"1";"7";"0";"2";"7";"22";"1";""
"201900057136";"138 198 726";"A01";"2";"7";"0";"0";"9";"1";"1";""
"201900057137";"138 198 725";"A01";"2";"37";"0";"1";"0";"21";"1";"2"
"201900057138";"138 198 724";"A01";"0";"36";"2";"0";"2";"1";"1";""
"201900057139";"138 198 722";"A01";"1";"33";"0";"2";"8";"15";"1";""
"201900057139";"138 198 723";"Z01";"1";"30";"0";"2";"1";"1";"0";""
"201900057140";"138 198 717";"A01";"1";"33";"0";"2";"1";"2";"1";""
"201900057140";"138 198 719";"B01";"1";"7";"0";"2";"4";"2";"1";""
"201900057141";"138 198 715";"A01";"1";"2";"0";"2";"4";"2";"1";""
"201900057141";"138 198 716";"B01";"1";"7";"0";"2";"2";"2";"0";""
"201900057142";"138 198 714";"A01";"1";"30";"12";"0";"1";"13";"1";""
"201900057143";"138 198 712";"A01";"0";"10";"0";"0";"2";"1";"1";""
"201900057143";"138 198 713";"B01";"0";"7";"11";"0";"3";"19";"1";""
"201900057144";"138 198 710";"B01";"1";"2";"0";"2";"1";"1";"1";""
"201900057144";"138 198 711";"A01";"1";"7";"0";"2";"3";"16";"1";""
"201900057145";"138 198 708";"A01";"1";"80";"0";"2";"3";"1";"3";""
"201900057145";"138 198 709";"B01";"1";"7";"0";"2";"3";"1";"1";""
"201900057146";"138 198 705";"B01";"2";"7";"0";"2";"4";"2";"1";""
"201900057146";"138 198 707";"A01";"2";"7";"0";"2";"1";"2";"1";""
"201900057147";"138 198 704";"A01";"2";"7";"0";"2";"1";"2";"1";""
"201900057147";"138 198 706";"B01";"2";"7";"0";"2";"4";"23";"1";""
"201900057148";"138 198 703";"A01";"3";"7";"2";"0";"1";"1";"1";""
"201900057149";"138 198 701";"A01";"2";"13";"0";"2";"3";"15";"6";""
"201900057149";"138 198 702";"B01";"2";"33";"0";"2";"7";"17";"1";""
"201900057150";"138 198 697";"A01";"1";"7";"0";"2";"1";"2";"1";""
"201900057150";"138 198 699";"B01";"1";"7";"0";"2";"1";"2";"1";""
"201900057150";"138 198 700";"C01";"1";"7";"0";"0";"4";"1";"1";""
"201900057151";"138 198 696";"A01";"1";"7";"0";"2";"1";"16";"1";""
"201900057151";"138 198 698";"B01";"1";"1";"0";"2";"0";"1";"5";""
"201900057152";"138 198 692";"B01";"2";"7";"0";"2";"3";"15";"1";""
"201900057152";"138 198 694";"A01";"2";"31";"0";"2";"2";"17";"1";""
"201900057153";"138 198 693";"B01";"3";"2";"0";"2";"1";"0";"1";""
"201900057153";"138 198 695";"A01";"3";"1";"0";"2";"1";"0";"5";""
"201900057154";"138 198 690";"A01";"1";"7";"0";"1";"2";"1";"1";""
"201900057155";"138 198 691";"A01";"1";"33";"8";"0";"1";"13";"1";""
"201900057156";"138 198 689";"A01";"1";"7";"16";"0";"0";"1";"1";""
"201900057157";"138 198 687";"B01";"2";"7";"0";"2";"1";"1";"1";""
"201900057157";"138 198 688";"A01";"2";"33";"0";"1";"1";"17";"1";""
"201900057158";"138 198 685";"B01";"2";"15";"0";"2";"3";"1";"1";""
"201900057158";"138 198 686";"A01";"2";"7";"4";"2";"3";"1";"1";""
"201900057159";"138 198 683";"Z01";"1";"7";"0";"2";"0";"22";"0";""
"201900057159";"138 198 684";"A01";"1";"1";"0";"2";"1";"1";"5";""
"201900057160";"138 198 681";"B01";"3";"99";"0";"0";"4";"0";"5";""
"201900057160";"138 198 682";"A01";"3";"7";"0";"1";"3";"13";"1";""
"201900057161";"138 198 680";"A01";"2";"7";"0";"1";"3";"1";"1";""
"201900057162";"138 198 678";"A01";"2";"2";"0";"2";"3";"13";"1";""
"201900057162";"138 198 679";"B01";"1";"7";"0";"2";"3";"1";"1";""
"201900057163";"138 198 677";"A01";"1";"1";"0";"1";"1";"1";"5";""
"201900057164";"138 198 675";"A01";"1";"7";"0";"2";"7";"14";"1";""
"201900057164";"138 198 676";"B01";"1";"1";"0";"2";"8";"1";"5";""
"201900057165";"138 198 674";"A01";"1";"33";"12";"0";"2";"14";"1";""
"201900057166";"138 198 672";"B01";"3";"1";"0";"2";"1";"1";"5";""
"201900057166";"138 198 673";"A01";"3";"7";"0";"2";"7";"15";"1";""
"201900057167";"138 198 670";"A01";"1";"7";"0";"2";"4";"23";"1";""
"201900057167";"138 198 671";"B01";"1";"43";"0";"2";"1";"1";"1";""
"201900057168";"138 198 668";"B01";"3";"2";"0";"2";"1";"16";"0";""
"201900057168";"138 198 669";"A01";"3";"7";"0";"2";"1";"5";"0";""
"201900057169";"138 198 666";"A01";"1";"7";"0";"2";"2";"15";"1";""
"201900057169";"138 198 667";"B01";"1";"1";"0";"2";"8";"2";"5";""
"201900057170";"138 198 659";"B01";"2";"2";"0";"2";"2";"1";"1";""
"201900057170";"138 198 661";"A01";"2";"2";"0";"2";"3";"2";"1";""
"201900057171";"138 198 656";"A01";"2";"7";"3";"0";"1";"0";"1";""
"201900057172";"138 198 653";"A01";"2";"7";"0";"2";"1";"2";"1";""
"201900057172";"138 198 654";"B01";"2";"7";"0";"2";"4";"1";"1";""
"201900057172";"138 198 655";"C01";"2";"7";"0";"2";"2";"2";"1";""
"201900057173";"138 198 657";"C01";"2";"7";"0";"2";"3";"1";"1";""
"201900057173";"138 198 658";"B01";"1";"7";"0";"2";"8";"1";"1";""
"201900057173";"138 198 660";"A01";"1";"13";"0";"2";"2";"12";"1";""
"201900057174";"138 198 651";"B01";"1";"15";"0";"0";"4";"2";"1";""
"201900057174";"138 198 652";"A01";"1";"7";"0";"2";"1";"2";"1";""
"201900057175";"138 198 649";"A01";"2";"10";"0";"2";"1";"2";"1";""
"201900057175";"138 198 650";"B01";"2";"7";"0";"2";"4";"2";"1";""
"201900057176";"138 198 647";"A01";"1";"7";"0";"2";"3";"9";"1";""
"201900057176";"138 198 648";"B01";"3";"10";"0";"2";"7";"1";"1";""
"201900057177";"138 198 645";"B01";"3";"14";"0";"2";"1";"1";"1";""
"201900057177";"138 198 646";"A01";"0";"7";"0";"2";"7";"1";"0";""
"201900057178";"138 198 643";"B01";"1";"34";"0";"2";"1";"3";"1";""
"201900057178";"138 198 644";"A01";"2";"7";"0";"2";"3";"15";"1";""
"201900057179";"138 198 641";"A01";"3";"7";"0";"2";"0";"2";"1";""
"201900057179";"138 198 642";"B01";"3";"3";"0";"2";"1";"6";"1";""
"201900057180";"138 198 638";"A01";"1";"7";"0";"2";"3";"9";"0";""
"201900057180";"138 198 639";"B01";"3";"7";"0";"2";"2";"16";"1";""
"201900057181";"138 198 637";"A01";"2";"7";"0";"1";"2";"16";"1";""
"201900057182";"138 198 633";"B01";"1";"33";"8";"2";"1";"1";"1";""
"201900057182";"138 198 636";"A01";"2";"7";"0";"2";"5";"15";"1";""
"201900057183";"138 198 631";"D01";"3";"7";"0";"2";"4";"0";"1";""
"201900057183";"138 198 632";"C01";"3";"7";"0";"2";"4";"23";"1";""
"201900057183";"138 198 634";"B01";"3";"7";"0";"2";"6";"23";"1";""
"201900057183";"138 198 635";"A01";"3";"7";"0";"2";"2";"17";"1";""
"201900057184";"138 198 629";"A01";"3";"33";"0";"2";"3";"1";"1";""
"201900057184";"138 198 630";"B01";"3";"33";"0";"2";"5";"1";"1";""
"201900057185";"138 198 628";"A01";"1";"7";"0";"1";"1";"9";"1";""
"201900057186";"138 198 625";"Z01";"3";"7";"0";"6";"7";"26";"1";""
"201900057186";"138 198 626";"B01";"3";"50";"0";"2";"8";"19";"3";""
"201900057187";"138 198 624";"A01";"2";"33";"0";"2";"1";"1";"1";""
"201900057187";"138 198 627";"B01";"3";"7";"0";"0";"6";"19";"1";""
"201900057188";"138 198 623";"A01";"2";"7";"2";"0";"1";"1";"1";""
"201900057189";"138 198 622";"A01";"1";"7";"13";"0";"1";"1";"1";""
"201900057190";"138 198 621";"A01";"3";"7";"0";"1";"2";"20";"0";""
"201900057191";"138 198 620";"A01";"1";"7";"2";"0";"1";"14";"1";""
"201900057192";"138 198 619";"A01";"2";"7";"0";"1";"2";"15";"1";""
"201900057193";"138 198 617";"A01";"1";"33";"13";"0";"7";"1";"1";""
"201900057194";"138 198 640";"A01";"1";"7";"17";"0";"9";"12";"1";""
"201900057195";"138 198 616";"A01";"2";"1";"0";"2";"6";"19";"5";""
"201900057195";"138 198 618";"B01";"1";"7";"0";"2";"1";"1";"1";""
"201900057196";"138 198 615";"A01";"1";"7";"4";"0";"1";"1";"1";""
"201900057197";"138 198 614";"A01";"3";"7";"0";"1";"2";"9";"4";""
"201900057198";"138 198 612";"B01";"1";"10";"0";"2";"3";"1";"1";""