"Num_Acc";"id_vehicule";"num_veh";"senc";"catv";"obs";"obsm";"choc";"manv";"motor";"occutc"
"201900057198";"138 198 613";"A01";"2";"7";"0";"2";"3";"13";"1";""
"201900057199";"138 198 610";"B01";"1";"31";"0";"2";"1";"1";"1";""
"201900057199";"138 198 611";"A01";"1";"7";"0";"2";"8";"15";"1";""
"201900057200";"138 198 608";"B01";"2";"7";"0";"2";"8";"1";"1";""
"201900057200";"138 198 609";"A01";"2";"7";"16";"2";"2";"1";"1";""
"201900057201";"138 198 606";"A01";"1";"7";"0";"2";"1";"2";"1";""
"201900057201";"138 198 607";"B01";"1";"7";"0";"2";"4";"2";"1";""
"201900057202";"138 198 605";"A01";"2";"33";"13";"0";"2";"1";"6";""
"201900057203";"138 198 601";"A01";"3";"33";"0";"2";"2";"12";"1";""
"201900057203";"138 198 604";"B01";"3";"7";"0";"2";"3";"1";"1";""
"201900057204";"138 198 599";"A01";"2";"7";"0";"2";"1";"11";"1";""
"201900057204";"138 198 603";"B01";"1";"7";"0";"0";"1";"1";"1";""
"201900057205";"138 198 598";"A01";"1";"10";"0";"1";"1";"15";"1";""
"201900057206";"138 198 597";"A01";"2";"33";"0";"0";"0";"0";"1";""
"201900057207";"138 198 596";"A01";"1";"7";"2";"0";"2";"14";"1";""
"201900057208";"138 198 593";"A01";"1";"7";"8";"0";"0";"1";"1";""
"201900057209";"138 198 594";"B01";"1";"33";"0";"2";"7";"1";"1";""
"201900057209";"138 198 595";"A01";"3";"7";"0";"2";"1";"9";"1";""
"201900057210";"138 198 590";"A01";"1";"7";"0";"2";"1";"13";"0";""
"201900057210";"138 198 591";"B01";"2";"7";"0";"0";"3";"1";"0";""
"201900057210";"138 198 592";"C01";"1";"7";"0";"0";"1";"1";"0";""
"201900057211";"138 198 589";"A01";"1";"7";"13";"0";"2";"13";"1";""
"201900057212";"138 198 587";"B01";"2";"2";"0";"0";"4";"2";"0";""
"201900057212";"138 198 588";"A01";"2";"7";"0";"2";"1";"2";"0";""
"201900057213";"138 198 586";"A01";"2";"7";"0";"1";"1";"1";"1";""
"201900057214";"138 198 584";"A01";"2";"7";"0";"2";"1";"1";"1";""
"201900057214";"138 198 585";"B01";"1";"7";"0";"2";"1";"1";"1";""
"201900057215";"138 198 579";"E01";"0";"7";"0";"0";"0";"0";"1";""
"201900057215";"138 198 580";"D01";"0";"7";"0";"0";"0";"0";"1";""
"201900057215";"138 198 581";"C01";"0";"7";"0";"0";"0";"0";"1";""
"201900057215";"138 198 582";"B01";"0";"7";"0";"0";"0";"0";"1";""
"201900057215";"138 198 583";"A01";"1";"7";"0";"2";"0";"26";"1";""
"201900057216";"138 198 577";"A01";"3";"7";"0";"0";"0";"13";"1";""
"201900057216";"138 198 578";"B01";"3";"31";"0";"0";"1";"1";"1";""
"201900057217";"138 198 574";"B01";"2";"10";"0";"2";"8";"0";"1";""
"201900057217";"138 198 575";"A01";"1";"10";"0";"2";"8";"0";"1";""
"201900057218";"138 198 572";"B01";"1";"33";"0";"2";"4";"1";"1";""
"201900057218";"138 198 576";"A01";"1";"33";"0";"2";"1";"1";"1";""
"201900057219";"138 198 573";"A01";"1";"17";"0";"1";"1";"1";"1";""
"201900057220";"138 198 568";"B01";"0";"33";"0";"2";"3";"1";"0";""
"201900057220";"138 198 571";"A01";"0";"21";"0";"0";"6";"1";"0";""
"201900057221";"138 198 570";"A01";"1";"33";"14";"0";"1";"6";"1";""
"201900057222";"138 198 567";"B01";"1";"7";"0";"2";"1";"1";"1";""
"201900057222";"138 198 569";"A01";"2";"7";"0";"2";"1";"13";"1";""
"201900057223";"138 198 566";"A01";"2";"7";"13";"0";"1";"21";"1";""
"201900057224";"138 198 602";"A01";"1";"7";"13";"0";"1";"2";"1";""
"201900057225";"138 198 564";"A01";"3";"7";"0";"2";"1";"9";"1";""
"201900057225";"138 198 565";"B01";"3";"33";"0";"2";"7";"15";"1";""
"201900057226";"138 198 562";"A01";"3";"1";"0";"2";"8";"13";"5";""
"201900057226";"138 198 563";"B01";"3";"7";"0";"9";"8";"13";"1";""
"201900057227";"138 198 561";"A01";"1";"7";"0";"1";"2";"1";"1";""
"201900057228";"138 198 555";"B01";"0";"1";"0";"2";"7";"1";"5";""
"201900057228";"138 198 560";"A01";"1";"7";"0";"9";"2";"9";"1";""
"201900057229";"138 198 551";"A01";"2";"7";"13";"0";"3";"13";"1";""
"201900057230";"138 198 553";"B01";"1";"7";"0";"2";"4";"23";"1";""
"201900057230";"138 198 554";"A01";"1";"32";"0";"2";"1";"2";"1";""
"201900057231";"138 198 549";"A01";"2";"21";"0";"2";"3";"15";"1";""
"201900057231";"138 198 550";"B01";"2";"7";"5";"0";"2";"17";"1";""
"201900057232";"138 198 548";"A01";"2";"7";"3";"0";"1";"1";"1";""
"201900057233";"138 198 552";"A01";"1";"7";"0";"1";"2";"2";"1";""
"201900057234";"138 198 544";"B01";"0";"7";"0";"9";"8";"1";"1";""
"201900057234";"138 198 546";"A01";"0";"1";"0";"2";"1";"1";"5";""
"201900057235";"138 198 545";"B01";"1";"32";"0";"2";"5";"16";"1";""
"201900057235";"138 198 547";"A01";"1";"7";"0";"2";"1";"1";"1";""
"201900057236";"138 198 539";"B01";"0";"13";"0";"2";"2";"1";"1";""
"201900057236";"138 198 543";"A01";"0";"33";"0";"2";"1";"1";"1";""
"201900057237";"138 198 537";"A01";"1";"7";"13";"0";"1";"14";"1";""
"201900057238";"138 198 535";"A01";"1";"7";"0";"2";"3";"13";"1";""
"201900057238";"138 198 536";"B01";"2";"7";"0";"2";"3";"21";"1";""
"201900057239";"138 198 534";"A01";"0";"7";"16";"0";"0";"13";"1";""
"201900057240";"138 198 533";"A01";"2";"7";"13";"0";"1";"13";"1";""
"201900057241";"138 198 532";"A01";"3";"7";"2";"0";"1";"1";"1";""
"201900057242";"138 198 540";"B01";"1";"7";"0";"2";"1";"1";"1";""
"201900057242";"138 198 541";"A01";"2";"7";"0";"2";"1";"13";"1";""
"201900057243";"138 198 529";"B01";"3";"7";"0";"2";"3";"1";"1";""
"201900057243";"138 198 530";"A01";"3";"2";"0";"2";"2";"15";"1";""
"201900057244";"138 198 542";"A01";"1";"2";"0";"0";"7";"1";"1";""
"201900057245";"138 198 538";"A01";"1";"7";"1";"1";"1";"1";"2";""
"201900057246";"138 198 525";"B01";"1";"32";"0";"2";"7";"1";"1";""
"201900057246";"138 198 526";"A01";"1";"7";"0";"2";"3";"1";"1";""
"201900057247";"138 198 523";"A01";"2";"7";"0";"2";"1";"15";"1";""
"201900057247";"138 198 528";"B01";"1";"33";"3";"2";"1";"1";"1";""
"201900057248";"138 198 521";"A01";"2";"7";"0";"2";"1";"0";"0";""
"201900057248";"138 198 524";"B01";"1";"7";"0";"2";"1";"0";"1";""
"201900057249";"138 198 520";"A01";"2";"7";"0";"1";"2";"1";"1";""
"201900057250";"138 198 519";"A01";"2";"31";"0";"0";"7";"1";"1";""
"201900057251";"138 198 517";"A01";"3";"33";"0";"2";"1";"1";"0";""
"201900057251";"138 198 518";"B01";"3";"7";"0";"2";"8";"1";"0";""
"201900057252";"138 198 511";"B01";"0";"7";"0";"2";"7";"19";"0";""
"201900057252";"138 198 512";"A01";"3";"7";"0";"2";"1";"1";"0";""
"201900057253";"138 198 510";"A01";"0";"2";"0";"1";"1";"0";"0";""
"201900057254";"138 198 509";"A01";"2";"7";"0";"0";"1";"0";"1";""
"201900057255";"138 198 507";"A01";"0";"7";"0";"2";"3";"13";"1";""
"201900057255";"138 198 508";"B01";"0";"7";"0";"2";"1";"21";"1";""
"201900057256";"138 198 506";"A01";"1";"7";"2";"0";"7";"13";"1";""
"201900057257";"138 198 515";"Z01";"2";"7";"0";"2";"4";"4";"0";""
"201900057257";"138 198 516";"A01";"2";"30";"0";"2";"7";"2";"3";""
"201900057258";"138 198 522";"A01";"1";"33";"0";"0";"7";"1";"1";""
"201900057259";"138 198 513";"A01";"0";"7";"0";"2";"1";"13";"1";""
"201900057259";"138 198 514";"B01";"0";"7";"0";"0";"2";"23";"1";""
"201900057260";"138 198 503";"A01";"1";"10";"0";"1";"6";"4";"1";""
"201900057261";"138 198 498";"A01";"1";"30";"0";"1";"1";"1";"3";""
"201900057262";"138 198 496";"C01";"1";"10";"0";"2";"8";"1";"1";""
"201900057262";"138 198 497";"B01";"2";"7";"0";"2";"6";"1";"1";""
"201900057262";"138 198 499";"A01";"2";"7";"0";"2";"3";"1";"1";""
"201900057262";"138 198 500";"D01";"1";"7";"0";"2";"1";"1";"1";""
"201900057262";"138 198 504";"E01";"1";"7";"0";"2";"1";"1";"1";""
"201900057263";"138 198 494";"A01";"2";"10";"0";"2";"2";"14";"1";""
"201900057263";"138 198 495";"B01";"2";"30";"0";"2";"6";"1";"1";""
"201900057264";"138 198 492";"A01";"2";"7";"8";"0";"1";"1";"1";""
"201900057265";"138 198 502";"A01";"1";"7";"15";"0";"0";"14";"1";""
"201900057266";"138 198 501";"A01";"1";"33";"6";"2";"2";"2";"1";""
"201900057266";"138 198 505";"B01";"1";"7";"0";"2";"8";"15";"1";""
"201900057267";"138 198 491";"A01";"1";"33";"2";"0";"0";"13";"1";""
"201900057268";"138 198 486";"B01";"1";"1";"0";"2";"4";"15";"5";""
"201900057268";"138 198 490";"A01";"2";"32";"0";"2";"1";"1";"1";""
"201900057269";"138 198 487";"A01";"1";"2";"6";"0";"7";"14";"1";""
"201900057270";"138 198 483";"A01";"3";"1";"0";"0";"1";"1";"5";""
"201900057271";"138 198 485";"A01";"2";"7";"0";"2";"2";"1";"1";""
"201900057271";"138 198 489";"B01";"2";"30";"0";"2";"1";"9";"1";""
"201900057272";"138 198 482";"A01";"2";"7";"2";"0";"9";"1";"1";""
"201900057273";"138 198 480";"B01";"1";"7";"0";"2";"4";"23";"1";""
"201900057273";"138 198 481";"A01";"1";"15";"0";"2";"4";"2";"1";""
"201900057274";"138 198 484";"B01";"2";"7";"0";"2";"1";"1";"1";""
"201900057274";"138 198 488";"A01";"1";"7";"0";"2";"7";"13";"1";""
"201900057275";"138 198 476";"A01";"0";"7";"0";"1";"1";"1";"1";""
"201900057276";"138 198 474";"B01";"2";"2";"0";"2";"1";"1";"1";""
"201900057276";"138 198 475";"A01";"1";"21";"0";"2";"3";"1";"1";""
"201900057277";"138 198 473";"A01";"1";"7";"0";"1";"3";"1";"0";""
"201900057278";"138 198 477";"A01";"2";"10";"0";"2";"2";"16";"1";""
"201900057278";"138 198 479";"B01";"2";"1";"0";"2";"8";"1";"5";""
"201900057279";"138 198 471";"A01";"2";"7";"13";"0";"1";"1";"2";""
"201900057280";"138 198 470";"Z01";"2";"43";"0";"1";"0";"1";"0";""
"201900057281";"138 198 469";"A01";"2";"7";"4";"0";"2";"1";"1";""
"201900057282";"138 198 467";"B01";"1";"31";"0";"2";"1";"1";"1";""
"201900057282";"138 198 468";"A01";"1";"1";"0";"2";"8";"19";"5";""
"201900057283";"138 198 466";"A01";"1";"7";"12";"1";"3";"16";"1";""
"201900057284";"138 198 461";"A01";"2";"10";"0";"1";"8";"15";"1";""
"201900057285";"138 198 462";"B01";"1";"10";"0";"0";"6";"23";"0";""
"201900057285";"138 198 463";"A01";"1";"7";"1";"0";"2";"2";"0";""
"201900057286";"138 198 457";"C01";"2";"2";"0";"2";"6";"2";"1";""
"201900057286";"138 198 458";"B01";"2";"2";"0";"2";"1";"1";"1";""
"201900057286";"138 198 460";"A01";"2";"7";"0";"2";"6";"13";"1";""
"201900057287";"138 198 459";"A01";"3";"7";"13";"0";"1";"1";"1";""
"201900057288";"138 198 455";"A01";"2";"7";"0";"2";"2";"1";"1";""
"201900057288";"138 198 456";"B01";"2";"7";"0";"2";"3";"20";"0";""
"201900057289";"138 198 453";"A01";"2";"7";"0";"2";"3";"13";"1";""
"201900057289";"138 198 454";"B01";"1";"7";"0";"2";"1";"1";"1";""
"201900057290";"138 198 452";"B01";"1";"1";"0";"2";"4";"15";"5";""
"201900057290";"138 198 472";"A01";"1";"7";"0";"2";"3";"17";"1";""
"201900057291";"138 198 447";"A01";"2";"33";"0";"2";"0";"5";"1";""
"201900057291";"138 198 449";"B01";"1";"14";"0";"2";"4";"2";"0";""
"201900057292";"138 198 446";"A01";"2";"7";"0";"2";"3";"9";"1";""
"201900057292";"138 198 450";"B01";"3";"15";"0";"2";"2";"1";"1";""
"201900057293";"138 198 445";"B01";"1";"7";"0";"2";"3";"0";"0";""
"201900057293";"138 198 448";"A01";"1";"7";"0";"2";"2";"26";"0";""
"201900057294";"138 198 442";"B01";"1";"2";"0";"2";"5";"12";"1";""
"201900057294";"138 198 444";"A01";"1";"7";"0";"2";"3";"23";"1";""
"201900057295";"138 198 438";"B01";"2";"7";"0";"2";"2";"1";"1";""
"201900057295";"138 198 441";"A01";"1";"7";"3";"2";"2";"13";"1";""
"201900057296";"138 198 434";"A01";"1";"34";"0";"2";"1";"17";"1";""
"201900057296";"138 198 435";"B01";"2";"7";"0";"2";"1";"15";"1";""
"201900057297";"138 198 433";"A01";"1";"7";"0";"1";"2";"1";"1";""
"201900057298";"138 198 432";"A01";"2";"34";"3";"0";"3";"1";"0";""
"201900057299";"138 198 431";"A01";"2";"7";"13";"0";"1";"1";"1";""
"201900057300";"138 198 429";"B01";"1";"7";"0";"0";"4";"2";"1";""
"201900057300";"138 198 430";"A01";"1";"10";"0";"2";"1";"2";"1";""
"201900057301";"138 198 427";"A01";"1";"15";"8";"2";"1";"2";"1";""
"201900057301";"138 198 428";"B01";"1";"7";"0";"0";"4";"15";"1";""
"201900057302";"138 198 451";"B01";"2";"7";"0";"2";"1";"1";"1";""
"201900057302";"138 198 478";"A01";"1";"7";"9";"2";"2";"15";"1";""
"201900057303";"138 198 425";"A01";"1";"33";"0";"2";"1";"1";"1";""
"201900057303";"138 198 426";"B01";"2";"7";"0";"2";"3";"1";"1";""
"201900057304";"138 198 424";"A01";"1";"7";"16";"0";"1";"13";"1";""
"201900057305";"138 198 423";"A01";"1";"7";"13";"0";"0";"1";"1";""
"201900057306";"138 198 422";"A01";"1";"32";"11";"0";"1";"17";"1";""
"201900057307";"138 198 440";"A01";"3";"7";"15";"0";"1";"13";"1";""
"201900057308";"138 198 419";"B01";"2";"1";"0";"2";"4";"2";"5";""
"201900057308";"138 198 421";"A01";"2";"7";"0";"2";"2";"2";"1";""
"201900057309";"138 198 418";"B01";"0";"7";"0";"2";"1";"1";"1";""
"201900057309";"138 198 420";"A01";"0";"7";"13";"2";"8";"10";"1";""
"201900057310";"138 198 437";"A01";"1";"33";"0";"6";"0";"26";"1";""
"201900057310";"138 198 439";"B01";"1";"14";"0";"0";"0";"1";"1";""
"201900057311";"138 198 414";"A01";"3";"7";"14";"0";"3";"15";"1";""
"201900057312";"138 198 412";"A01";"3";"7";"0";"2";"3";"15";"1";""
"201900057312";"138 198 413";"B01";"0";"33";"0";"2";"1";"1";"1";""
"201900057313";"138 198 409";"A01";"1";"7";"0";"2";"3";"13";"1";""
"201900057313";"138 198 417";"B01";"2";"15";"0";"2";"3";"1";"1";""
"201900057314";"138 198 408";"A01";"0";"3";"0";"2";"3";"1";"0";""
"201900057314";"138 198 410";"B01";"0";"3";"0";"2";"3";"13";"0";""
"201900057315";"138 198 406";"A01";"2";"7";"0";"1";"2";"13";"1";""
"201900057316";"138 198 405";"A01";"3";"10";"0";"2";"4";"23";"1";""
"201900057316";"138 198 407";"B01";"3";"1";"0";"2";"1";"2";"0";""
"201900057317";"138 198 403";"A01";"3";"50";"0";"1";"1";"9";"3";""
"201900057318";"138 198 415";"A01";"2";"33";"15";"0";"1";"1";"1";""
"201900057319";"138 198 411";"A01";"1";"7";"12";"0";"9";"16";"1";""
"201900057320";"138 198 416";"A01";"1";"10";"0";"1";"1";"1";"0";""
"201900057321";"138 198 402";"A01";"1";"7";"0";"2";"2";"13";"1";""
"201900057321";"138 198 404";"B01";"2";"7";"0";"2";"3";"1";"1";""
"201900057322";"138 198 396";"C01";"1";"17";"0";"2";"4";"1";"1";""
"201900057322";"138 198 397";"A01";"1";"7";"0";"2";"1";"17";"1";""
"201900057322";"138 198 398";"B01";"2";"7";"0";"2";"1";"1";"1";""
"201900057323";"138 198 394";"A01";"3";"7";"0";"0";"6";"2";"0";""
"201900057323";"138 198 395";"B01";"3";"7";"0";"2";"2";"2";"0";""
"201900057324";"138 198 392";"A01";"2";"7";"3";"0";"3";"1";"1";""
"201900057324";"138 198 393";"B01";"2";"10";"0";"0";"5";"23";"6";""
"201900057325";"138 198 389";"C01";"1";"7";"0";"2";"1";"1";"1";""
"201900057325";"138 198 390";"B01";"1";"7";"0";"2";"1";"1";"1";""
"201900057325";"138 198 391";"A01";"1";"7";"3";"0";"1";"1";"1";""
"201900057326";"138 198 386";"A01";"0";"7";"6";"0";"3";"1";"1";""
"201900057327";"138 198 384";"B01";"3";"7";"0";"2";"3";"16";"1";""
"201900057327";"138 198 385";"A01";"2";"2";"0";"2";"1";"1";"1";""
"201900057328";"138 198 382";"A01";"1";"7";"0";"2";"3";"1";"1";""
"201900057328";"138 198 383";"B01";"2";"7";"0";"2";"3";"5";"1";""
"201900057329";"138 198 380";"A01";"1";"7";"0";"2";"1";"9";"1";""
"201900057329";"138 198 381";"B01";"2";"33";"0";"2";"1";"1";"1";""
"201900057330";"138 198 379";"A01";"0";"7";"0";"1";"5";"4";"1";""
"201900057331";"138 198 378";"A01";"3";"7";"1";"1";"3";"1";"1";""
"201900057332";"138 198 374";"A01";"2";"7";"0";"2";"3";"13";"1";""
"201900057332";"138 198 399";"B01";"1";"7";"0";"2";"3";"1";"1";""
"201900057333";"138 198 373";"B01";"0";"7";"0";"2";"3";"15";"2";""
"201900057333";"138 198 377";"A01";"2";"7";"0";"2";"1";"1";"1";""
"201900057334";"138 198 372";"A01";"2";"33";"0";"0";"2";"1";"1";""
"201900057335";"138 198 367";"C01";"2";"10";"0";"2";"3";"1";"1";""
"201900057335";"138 198 369";"B01";"2";"7";"0";"2";"1";"1";"1";""
"201900057335";"138 198 371";"A01";"1";"7";"0";"2";"1";"6";"1";""
"201900057336";"138 198 366";"C01";"2";"7";"0";"0";"4";"23";"1";""
"201900057336";"138 198 368";"B01";"2";"7";"0";"2";"1";"23";"1";""
"201900057336";"138 198 370";"A01";"2";"7";"0";"2";"1";"2";"1";""
"201900057337";"138 198 365";"A01";"2";"7";"12";"0";"1";"1";"1";""
"201900057338";"138 198 376";"B01";"1";"7";"0";"2";"5";"2";"1";""
"201900057338";"138 198 401";"A01";"1";"31";"0";"2";"1";"2";"1";""
"201900057339";"138 198 361";"B01";"2";"7";"0";"2";"1";"1";"1";""
"201900057339";"138 198 363";"A01";"1";"7";"0";"2";"1";"12";"1";""
"201900057340";"138 198 362";"B01";"2";"7";"0";"2";"2";"1";"1";""
"201900057340";"138 198 364";"A01";"2";"2";"0";"2";"8";"15";"1";""
"201900057341";"138 198 360";"A01";"2";"7";"0";"1";"1";"1";"1";""
"201900057342";"138 198 375";"A01";"2";"7";"0";"0";"1";"1";"0";""
"201900057343";"138 198 357";"B01";"2";"33";"0";"2";"1";"17";"1";""
"201900057343";"138 198 358";"A01";"2";"3";"0";"2";"8";"15";"1";""
"201900057344";"138 198 355";"B01";"1";"7";"0";"2";"1";"1";"1";""
"201900057344";"138 198 356";"A01";"2";"7";"0";"2";"1";"5";"1";""
"201900057345";"138 198 354";"A01";"2";"31";"0";"0";"0";"2";"0";""
"201900057346";"138 198 350";"A01";"2";"7";"0";"1";"0";"0";"0";""
"201900057347";"138 198 351";"B01";"2";"7";"0";"2";"1";"1";"1";""
"201900057347";"138 198 400";"A01";"3";"7";"0";"2";"8";"10";"1";""
"201900057348";"138 198 352";"A01";"1";"33";"8";"0";"2";"1";"1";""
"201900057349";"138 198 346";"B01";"2";"7";"0";"2";"1";"26";"1";""
"201900057349";"138 198 347";"A01";"1";"7";"0";"2";"1";"1";"1";""
"201900057350";"138 198 348";"A01";"1";"7";"0";"2";"3";"15";"1";""
"201900057350";"138 198 349";"B01";"2";"33";"0";"2";"3";"1";"1";""
"201900057351";"138 198 342";"A01";"1";"7";"13";"0";"1";"14";"1";""
"201900057352";"138 198 341";"A01";"3";"10";"0";"1";"6";"20";"1";""
"201900057353";"138 198 340";"A01";"1";"7";"3";"0";"1";"1";"1";""
"201900057354";"138 198 338";"B01";"2";"1";"0";"2";"3";"16";"5";""
"201900057354";"138 198 339";"A01";"1";"10";"0";"0";"7";"15";"1";""
"201900057355";"138 198 336";"A01";"1";"7";"0";"2";"1";"1";"0";""
"201900057355";"138 198 337";"B01";"1";"7";"0";"0";"3";"1";"0";""
"201900057356";"138 198 335";"A01";"2";"31";"0";"6";"1";"1";"1";""
"201900057357";"138 198 334";"A01";"2";"7";"0";"1";"1";"1";"1";""
"201900057358";"138 198 332";"B01";"1";"33";"0";"2";"1";"1";"1";""
"201900057358";"138 198 333";"A01";"2";"80";"0";"2";"1";"17";"3";""
"201900057359";"138 198 330";"A01";"1";"7";"4";"0";"2";"14";"1";""
"201900057360";"138 198 329";"A01";"1";"7";"0";"2";"3";"15";"1";""
"201900057360";"138 198 331";"B01";"2";"80";"0";"2";"3";"1";"3";""
"201900057361";"138 198 327";"B01";"1";"7";"0";"0";"4";"15";"1";""
"201900057361";"138 198 328";"A01";"1";"2";"0";"2";"1";"1";"1";""
"201900057362";"138 198 325";"A01";"3";"7";"0";"2";"6";"20";"1";""
"201900057362";"138 198 326";"B01";"3";"2";"0";"2";"1";"1";"1";""
"201900057363";"138 198 320";"A01";"3";"2";"0";"2";"7";"19";"1";""
"201900057363";"138 198 322";"B01";"3";"7";"0";"2";"6";"19";"1";""
"201900057364";"138 198 343";"A01";"0";"33";"6";"0";"1";"26";"1";""
"201900057365";"138 198 345";"A01";"0";"7";"12";"1";"4";"20";"0";""
"201900057366";"138 198 344";"B01";"3";"7";"0";"2";"5";"1";"1";""
"201900057366";"138 198 353";"A01";"3";"2";"0";"2";"1";"19";"1";""
"201900057367";"138 198 321";"B01";"1";"17";"0";"2";"1";"1";"1";""
"201900057367";"138 198 323";"A01";"2";"33";"0";"2";"1";"13";"1";""
"201900057368";"138 198 318";"B01";"1";"7";"0";"2";"1";"1";"1";""
"201900057368";"138 198 319";"A01";"1";"7";"0";"0";"4";"1";"1";""
"201900057369";"138 198 314";"B01";"3";"7";"0";"0";"3";"1";"1";""
"201900057369";"138 198 315";"A01";"3";"7";"14";"0";"2";"1";"1";""
"201900057370";"138 198 313";"A01";"2";"7";"13";"0";"2";"14";"1";""
"201900057371";"138 198 312";"A01";"2";"7";"0";"1";"1";"0";"1";""
"201900057372";"138 198 310";"A01";"1";"7";"4";"0";"1";"0";"1";""
"201900057373";"138 198 309";"B01";"3";"33";"0";"2";"1";"1";"1";""
"201900057373";"138 198 311";"A01";"3";"7";"0";"2";"1";"5";"1";""
"201900057374";"138 198 308";"A01";"2";"10";"13";"0";"4";"1";"1";""
"201900057375";"138 198 306";"A01";"2";"7";"7";"2";"8";"15";"1";""
"201900057375";"138 198 307";"B01";"1";"14";"0";"2";"2";"1";"1";""
"201900057376";"138 198 305";"A01";"2";"7";"8";"0";"0";"1";"1";""
"201900057377";"138 198 300";"A01";"1";"10";"0";"0";"0";"14";"1";""
"201900057378";"138 198 299";"A01";"2";"10";"2";"0";"8";"1";"1";""
"201900057379";"138 198 298";"A01";"3";"43";"0";"6";"1";"0";"1";""
"201900057380";"138 198 297";"A01";"1";"33";"0";"0";"0";"1";"1";""
"201900057381";"138 198 295";"A01";"1";"7";"0";"2";"6";"1";"1";""
"201900057381";"138 198 296";"B01";"1";"33";"0";"2";"1";"1";"1";""
"201900057382";"138 198 293";"B01";"1";"7";"0";"2";"3";"1";"2";""
"201900057382";"138 198 294";"A01";"1";"7";"0";"2";"3";"13";"1";""
"201900057383";"138 198 291";"B01";"1";"7";"0";"2";"1";"1";"1";""
"201900057383";"138 198 292";"A01";"0";"7";"0";"2";"8";"19";"1";""
"201900057384";"138 198 290";"A01";"1";"15";"11";"0";"7";"1";"1";""
"201900057385";"138 198 289";"A01";"3";"7";"0";"1";"7";"1";"1";""
"201900057386";"138 198 287";"A01";"2";"7";"0";"2";"3";"1";"1";""
"201900057386";"138 198 288";"B01";"1";"7";"0";"2";"3";"1";"1";""
"201900057387";"138 198 286";"A01";"1";"7";"2";"0";"3";"1";"1";""
"201900057388";"138 198 301";"A01";"1";"7";"0";"1";"2";"1";"1";""
"201900057389";"138 198 303";"B01";"1";"7";"0";"0";"2";"14";"0";""
"201900057389";"138 198 316";"A01";"1";"7";"0";"2";"1";"21";"0";""
"201900057390";"138 198 302";"B01";"1";"7";"0";"2";"5";"1";"1";""
"201900057390";"138 198 317";"A01";"1";"33";"0";"2";"1";"3";"1";""
"201900057391";"138 198 284";"A01";"2";"7";"0";"2";"3";"9";"1";""
"201900057391";"138 198 285";"B01";"2";"2";"0";"2";"1";"1";"1";""
"201900057392";"138 198 275";"D01";"2";"17";"0";"2";"4";"1";"1";""
"201900057392";"138 198 276";"C01";"2";"17";"0";"2";"4";"1";"1";""
"201900057392";"138 198 277";"B01";"2";"7";"0";"2";"4";"1";"1";""
"201900057392";"138 198 282";"A01";"2";"17";"0";"2";"1";"1";"1";""
"201900057393";"138 198 272";"B01";"3";"7";"0";"2";"3";"15";"1";""
"201900057393";"138 198 274";"A01";"3";"33";"0";"2";"1";"17";"1";""
"201900057394";"138 198 271";"A01";"2";"7";"0";"2";"4";"23";"1";""
"201900057394";"138 198 273";"B01";"2";"7";"0";"2";"1";"1";"1";""
"201900057395";"138 198 269";"A01";"3";"7";"0";"1";"4";"4";"1";""
"201900057396";"138 198 268";"B01";"2";"10";"0";"2";"2";"26";"1";""
"201900057396";"138 198 270";"A01";"2";"10";"0";"2";"6";"26";"1";""
"201900057397";"138 198 265";"B01";"2";"7";"0";"2";"4";"2";"1";""
"201900057397";"138 198 266";"A01";"2";"33";"0";"2";"1";"2";"0";""
"201900057398";"138 198 264";"B01";"2";"7";"0";"0";"4";"2";"1";""
"201900057398";"138 198 267";"A01";"2";"7";"0";"2";"1";"2";"1";""
"201900057399";"138 198 262";"A01";"1";"7";"1";"0";"1";"19";"0";""
"201900057400";"138 198 278";"B01";"1";"7";"0";"2";"3";"15";"1";""
"201900057400";"138 198 304";"A01";"2";"1";"0";"2";"1";"17";"5";""
"201900057401";"138 198 279";"A01";"2";"7";"0";"2";"3";"1";"1";""
"201900057401";"138 198 283";"B01";"1";"7";"0";"2";"3";"1";"1";""
"201900057402";"138 198 256";"B01";"0";"10";"0";"2";"1";"5";"6";""
"201900057402";"138 198 258";"A01";"3";"7";"0";"2";"1";"1";"6";""
"201900057403";"138 198 255";"B01";"2";"2";"0";"2";"1";"1";"1";""
"201900057403";"138 198 257";"A01";"0";"7";"0";"2";"3";"20";"1";""
"201900057404";"138 198 261";"B01";"2";"10";"0";"2";"2";"1";"1";""
"201900057404";"138 198 263";"A01";"2";"10";"3";"2";"4";"11";"1";""
"201900057405";"138 198 280";"B01";"3";"7";"0";"2";"1";"0";"1";""
"201900057405";"138 198 281";"A01";"3";"7";"0";"2";"6";"23";"1";""
"201900057406";"138 198 252";"A01";"0";"7";"6";"0";"1";"0";"0";""
"201900057407";"138 198 253";"A01";"3";"7";"15";"0";"1";"1";"0";""
"201900057408";"138 198 254";"A01";"1";"99";"0";"0";"6";"0";"1";""
"201900057409";"138 198 249";"A01";"1";"15";"0";"2";"7";"20";"1";""
"201900057409";"138 198 250";"B01";"1";"7";"0";"2";"8";"24";"1";""
"201900057410";"138 198 242";"A01";"1";"7";"0";"2";"0";"0";"1";""
"201900057410";"138 198 247";"B01";"2";"7";"0";"2";"0";"0";"1";""