"Num_Acc";"id_vehicule";"num_veh";"senc";"catv";"obs";"obsm";"choc";"manv";"motor";"occutc"
"201900057811";"138 197 492";"A01";"1";"7";"0";"2";"1";"13";"0";""
"201900057811";"138 197 494";"B01";"2";"7";"0";"2";"3";"1";"1";""
"201900057812";"138 197 491";"A01";"0";"7";"0";"2";"3";"1";"1";""
"201900057812";"138 197 493";"B01";"0";"15";"0";"2";"3";"1";"1";""
"201900057813";"138 197 485";"A01";"0";"1";"0";"2";"3";"15";"0";""
"201900057813";"138 197 487";"B01";"0";"7";"0";"2";"2";"17";"1";""
"201900057814";"138 197 483";"B01";"3";"7";"0";"2";"8";"1";"1";""
"201900057814";"138 197 484";"A01";"1";"33";"0";"2";"1";"1";"1";""
"201900057815";"138 197 481";"A01";"2";"7";"0";"2";"5";"13";"1";""
"201900057815";"138 197 482";"B01";"1";"7";"0";"2";"1";"1";"1";""
"201900057816";"138 197 479";"B01";"1";"7";"0";"2";"1";"13";"1";""
"201900057816";"138 197 480";"A01";"2";"7";"0";"2";"6";"1";"1";""
"201900057817";"138 197 478";"A01";"1";"2";"14";"0";"7";"21";"6";""
"201900057818";"138 197 476";"A01";"1";"2";"11";"0";"1";"1";"1";""
"201900057819";"138 197 475";"A01";"1";"33";"0";"0";"7";"16";"1";""
"201900057820";"138 197 473";"A01";"3";"7";"0";"2";"8";"19";"1";""
"201900057820";"138 197 474";"B01";"1";"31";"0";"2";"1";"1";"1";""
"201900057821";"138 197 472";"A01";"3";"7";"16";"0";"1";"1";"0";""
"201900057822";"138 197 470";"A01";"1";"7";"2";"0";"1";"17";"1";""
"201900057823";"138 197 469";"B01";"0";"33";"0";"0";"7";"1";"1";""
"201900057823";"138 197 471";"A01";"0";"7";"0";"2";"3";"9";"1";""
"201900057824";"138 197 467";"A01";"1";"7";"2";"0";"5";"1";"1";""
"201900057825";"138 197 468";"A01";"1";"7";"0";"1";"2";"26";"1";""
"201900057826";"138 197 464";"B01";"0";"7";"0";"2";"8";"14";"1";""
"201900057826";"138 197 466";"A01";"0";"2";"0";"2";"7";"13";"1";""
"201900057827";"138 197 463";"B01";"2";"14";"0";"2";"3";"0";"1";""
"201900057827";"138 197 465";"A01";"1";"7";"0";"2";"3";"1";"1";""
"201900057828";"138 197 497";"A01";"1";"33";"0";"2";"1";"2";"1";""
"201900057828";"138 197 499";"B01";"1";"10";"0";"2";"6";"2";"1";""
"201900057829";"138 197 502";"C01";"1";"7";"0";"0";"6";"2";"1";""
"201900057829";"138 197 510";"B01";"1";"7";"0";"2";"1";"9";"1";""
"201900057829";"138 197 511";"A01";"1";"7";"0";"2";"1";"17";"1";""
"201900057830";"138 197 462";"A01";"2";"33";"0";"0";"8";"0";"1";""
"201900057831";"138 197 458";"B01";"2";"7";"0";"2";"1";"1";"2";""
"201900057831";"138 197 460";"A01";"1";"7";"0";"2";"1";"13";"1";""
"201900057832";"138 197 457";"B01";"1";"33";"0";"2";"5";"2";"1";""
"201900057832";"138 197 459";"A01";"1";"33";"0";"2";"3";"2";"1";""
"201900057833";"138 197 456";"A01";"1";"31";"0";"0";"0";"1";"1";""
"201900057834";"138 197 454";"A01";"0";"7";"0";"1";"0";"1";"1";""
"201900057835";"138 197 453";"B01";"3";"7";"0";"2";"6";"2";"0";""
"201900057835";"138 197 461";"A01";"3";"7";"0";"2";"2";"2";"0";""
"201900057836";"138 197 447";"B01";"2";"7";"0";"2";"3";"1";"1";""
"201900057836";"138 197 450";"A01";"1";"7";"0";"2";"3";"13";"1";""
"201900057837";"138 197 446";"A01";"2";"10";"0";"0";"7";"15";"1";""
"201900057837";"138 197 449";"B01";"1";"33";"0";"2";"1";"1";"1";""
"201900057837";"138 197 452";"C01";"1";"33";"0";"2";"1";"1";"1";""
"201900057838";"138 197 445";"A01";"3";"7";"6";"0";"1";"13";"0";""
"201900057839";"138 197 444";"B01";"1";"7";"0";"2";"3";"0";"1";""
"201900057839";"138 197 448";"A01";"1";"7";"0";"2";"7";"0";"1";""
"201900057840";"138 197 437";"A01";"2";"33";"0";"2";"1";"1";"1";""
"201900057840";"138 197 441";"B01";"2";"10";"0";"2";"8";"9";"1";""
"201900057841";"138 197 435";"A01";"1";"7";"8";"0";"3";"13";"1";""
"201900057842";"138 197 434";"A01";"1";"7";"0";"1";"1";"1";"1";""
"201900057843";"138 197 439";"B01";"0";"1";"0";"2";"8";"1";"5";""
"201900057843";"138 197 440";"A01";"0";"7";"0";"2";"1";"15";"1";""
"201900057844";"138 197 443";"A01";"0";"7";"0";"1";"1";"0";"0";""
"201900057845";"138 197 442";"A01";"3";"33";"3";"0";"0";"1";"1";""
"201900057846";"138 197 451";"B01";"2";"7";"0";"2";"1";"1";"1";""
"201900057846";"138 197 455";"A01";"1";"43";"0";"2";"5";"1";"1";""
"201900057847";"138 197 432";"B01";"1";"7";"0";"2";"8";"1";"2";""
"201900057847";"138 197 433";"A01";"1";"7";"0";"2";"1";"19";"1";""
"201900057848";"138 197 429";"A01";"1";"7";"0";"2";"3";"1";"1";""
"201900057848";"138 197 431";"B01";"1";"33";"0";"2";"5";"17";"1";""
"201900057849";"138 197 436";"A01";"1";"7";"0";"2";"2";"14";"1";""
"201900057849";"138 197 438";"B01";"1";"7";"0";"2";"6";"23";"1";""
"201900057850";"138 197 425";"A01";"2";"7";"0";"2";"1";"5";"1";""
"201900057850";"138 197 427";"B01";"1";"7";"0";"2";"1";"1";"1";""
"201900057850";"138 197 430";"C01";"1";"7";"0";"2";"3";"1";"1";""
"201900057851";"138 197 417";"A01";"1";"1";"0";"0";"1";"1";"5";""
"201900057851";"138 197 419";"B01";"2";"1";"0";"9";"1";"5";"5";""
"201900057852";"138 197 415";"A01";"2";"7";"0";"2";"1";"2";"1";""
"201900057852";"138 197 418";"B01";"2";"10";"0";"2";"4";"2";"0";""
"201900057852";"138 197 420";"C01";"2";"7";"0";"2";"4";"2";"1";""
"201900057852";"138 197 421";"D01";"2";"10";"0";"2";"4";"2";"1";""
"201900057853";"138 197 412";"A01";"2";"17";"0";"2";"6";"23";"1";""
"201900057853";"138 197 413";"B01";"2";"17";"1";"0";"2";"1";"1";""
"201900057854";"138 197 409";"B01";"0";"1";"0";"2";"0";"1";"5";""
"201900057854";"138 197 411";"A01";"3";"7";"0";"2";"7";"1";"1";""
"201900057855";"138 197 408";"A01";"3";"7";"0";"2";"1";"1";"1";""
"201900057855";"138 197 410";"B01";"1";"7";"0";"2";"7";"1";"1";""
"201900057856";"138 197 399";"A01";"1";"7";"0";"2";"3";"5";"1";""
"201900057856";"138 197 400";"B01";"2";"7";"1";"2";"3";"21";"1";""
"201900057857";"138 197 398";"A01";"3";"7";"0";"1";"4";"4";"1";""
"201900057858";"138 197 404";"A01";"1";"7";"0";"2";"5";"1";"1";""
"201900057858";"138 197 407";"B01";"1";"33";"0";"2";"8";"3";"1";""
"201900057859";"138 197 403";"B01";"1";"2";"0";"2";"1";"1";"1";""
"201900057859";"138 197 423";"A01";"2";"7";"0";"2";"0";"0";"0";""
"201900057860";"138 197 402";"A01";"2";"7";"0";"2";"2";"1";"1";""
"201900057860";"138 197 424";"B01";"1";"60";"0";"2";"1";"1";"5";""
"201900057861";"138 197 401";"A01";"1";"7";"3";"0";"1";"1";"1";""
"201900057862";"138 197 405";"A01";"2";"17";"1";"0";"2";"14";"1";""
"201900057862";"138 197 406";"B01";"2";"10";"0";"0";"4";"24";"1";""
"201900057863";"138 197 395";"A01";"2";"31";"13";"0";"3";"0";"1";""
"201900057864";"138 197 393";"A01";"2";"7";"0";"2";"5";"21";"1";""
"201900057864";"138 197 394";"B01";"2";"7";"0";"2";"3";"21";"1";""
"201900057865";"138 197 390";"C01";"2";"1";"0";"0";"8";"1";"6";""
"201900057865";"138 197 391";"B01";"2";"1";"0";"0";"8";"1";"6";""
"201900057865";"138 197 392";"A01";"2";"7";"0";"9";"7";"2";"6";""
"201900057866";"138 197 387";"A01";"2";"14";"0";"2";"2";"15";"1";""
"201900057866";"138 197 388";"B01";"1";"7";"0";"2";"1";"1";"1";""
"201900057867";"138 197 386";"A01";"1";"2";"0";"0";"0";"26";"1";""
"201900057868";"138 197 384";"B01";"1";"2";"0";"2";"1";"5";"1";""
"201900057868";"138 197 385";"A01";"1";"7";"0";"2";"3";"1";"1";""
"201900057869";"138 197 378";"A01";"1";"7";"0";"1";"2";"16";"1";""
"201900057870";"138 197 375";"C01";"1";"7";"0";"2";"3";"1";"1";""
"201900057870";"138 197 376";"B01";"1";"7";"0";"2";"6";"1";"1";""
"201900057870";"138 197 377";"A01";"2";"33";"0";"2";"8";"17";"1";""
"201900057871";"138 197 381";"B01";"2";"30";"0";"2";"8";"15";"1";""
"201900057871";"138 197 396";"A01";"1";"7";"0";"2";"1";"1";"0";""
"201900057872";"138 197 383";"A01";"2";"7";"0";"2";"2";"2";"1";""
"201900057872";"138 197 389";"B01";"2";"7";"0";"2";"6";"1";"1";""
"201900057873";"138 197 382";"A01";"3";"7";"0";"1";"3";"1";"0";""
"201900057874";"138 197 379";"A01";"2";"7";"0";"2";"6";"9";"1";""
"201900057874";"138 197 397";"B01";"1";"17";"0";"2";"2";"1";"1";""
"201900057875";"138 197 374";"A01";"1";"7";"0";"1";"1";"1";"0";""
"201900057876";"138 197 368";"A01";"1";"7";"13";"0";"1";"14";"1";""
"201900057877";"138 197 372";"B01";"1";"33";"0";"2";"8";"3";"1";""
"201900057877";"138 197 373";"A01";"1";"7";"0";"2";"5";"21";"1";""
"201900057878";"138 197 360";"A01";"2";"7";"0";"2";"4";"2";"1";""
"201900057878";"138 197 361";"B01";"2";"7";"0";"2";"1";"2";"1";""
"201900057878";"138 197 364";"C01";"2";"7";"0";"2";"1";"2";"1";""
"201900057878";"138 197 365";"D01";"2";"7";"0";"2";"1";"2";"1";""
"201900057879";"138 197 370";"A01";"2";"1";"0";"2";"1";"1";"5";""
"201900057879";"138 197 371";"B01";"1";"10";"0";"2";"2";"15";"1";""
"201900057880";"138 197 357";"B01";"1";"7";"0";"2";"3";"1";"1";""
"201900057880";"138 197 359";"A01";"2";"7";"0";"2";"3";"13";"1";""
"201900057881";"138 197 356";"B01";"1";"33";"0";"2";"8";"1";"1";""
"201900057881";"138 197 358";"A01";"1";"7";"0";"2";"5";"12";"1";""
"201900057882";"138 197 352";"A01";"2";"34";"0";"6";"1";"0";"1";""
"201900057883";"138 197 354";"A01";"3";"33";"0";"2";"1";"17";"1";""
"201900057883";"138 197 363";"B01";"3";"7";"0";"2";"6";"15";"1";""
"201900057884";"138 197 355";"A01";"2";"7";"0";"2";"7";"12";"1";""
"201900057884";"138 197 362";"B01";"2";"33";"0";"2";"3";"0";"1";""
"201900057885";"138 197 349";"C01";"0";"7";"0";"0";"4";"1";"1";""
"201900057885";"138 197 351";"B01";"0";"7";"0";"2";"4";"1";"1";""
"201900057885";"138 197 369";"A01";"0";"7";"0";"2";"1";"1";"0";""
"201900057886";"138 197 348";"B01";"2";"1";"0";"2";"8";"1";"5";""
"201900057886";"138 197 353";"C01";"1";"7";"0";"2";"3";"15";"1";""
"201900057887";"138 197 340";"A01";"0";"7";"0";"1";"2";"16";"0";""
"201900057888";"138 197 334";"C01";"2";"33";"0";"2";"1";"1";"1";""
"201900057888";"138 197 336";"B01";"1";"7";"0";"2";"1";"1";"1";""
"201900057888";"138 197 338";"A01";"1";"7";"0";"2";"7";"15";"1";""
"201900057889";"138 197 333";"D01";"2";"7";"0";"2";"8";"1";"1";""
"201900057889";"138 197 335";"C01";"2";"7";"0";"2";"8";"1";"1";""
"201900057889";"138 197 337";"B01";"2";"7";"0";"2";"4";"1";"1";""
"201900057889";"138 197 339";"A01";"2";"7";"4";"2";"1";"2";"1";""
"201900057890";"138 197 329";"B01";"0";"7";"0";"0";"3";"1";"1";""
"201900057890";"138 197 332";"A01";"0";"7";"0";"2";"1";"13";"1";""
"201900057891";"138 197 330";"A01";"1";"7";"0";"2";"2";"17";"1";""
"201900057891";"138 197 331";"B01";"1";"15";"0";"0";"6";"1";"1";""
"201900057892";"138 197 328";"A01";"0";"33";"0";"1";"8";"21";"1";""
"201900057893";"138 197 326";"B01";"1";"1";"0";"2";"1";"4";"5";""
"201900057893";"138 197 327";"A01";"2";"7";"0";"0";"4";"26";"1";""
"201900057894";"138 197 324";"A01";" -1";"0";" -1";" -1";" -1";" -1";" -1";""
"201900057894";"138 197 325";"A01";"1";"7";"15";"0";"1";"1";"1";""
"201900057895";"138 197 343";"B01";"1";"7";"0";"2";"8";"15";"1";""
"201900057895";"138 197 344";"C01";"2";"33";"0";"2";"3";"1";"1";""
"201900057895";"138 197 346";"A01";"1";"10";"0";"2";"7";"13";"1";""
"201900057896";"138 197 350";"A01";"3";"33";"0";"1";"2";"1";"1";""
"201900057897";"138 197 322";"A01";"0";"7";"0";"1";"1";"1";"1";""
"201900057898";"138 197 345";"A01";"1";"7";"0";"2";"3";"2";"1";""
"201900057898";"138 197 347";"B01";"1";"31";"0";"2";"1";"2";"1";""
"201900057899";"138 197 341";"B01";"2";"7";"0";"2";"1";"0";"1";""
"201900057899";"138 197 342";"A01";"2";"7";"0";"0";"4";"2";"1";""
"201900057900";"138 197 318";"A01";"2";"7";"0";"1";"2";"1";"1";""
"201900057901";"138 197 317";"B01";"2";"33";"0";"2";"2";"1";"1";""
"201900057901";"138 197 319";"A01";"2";"7";"0";"2";"3";"11";"1";""
"201900057902";"138 197 315";"B01";"2";"14";"0";"2";"2";"1";"1";""
"201900057902";"138 197 316";"A01";"1";"32";"0";"2";"1";"26";"1";""
"201900057903";"138 197 312";"B01";"2";"33";"0";"2";"2";"17";"1";""
"201900057903";"138 197 314";"A01";"2";"7";"0";"2";"3";"15";"1";""
"201900057904";"138 197 311";"A01";"1";"31";"0";"2";"1";"1";"1";""
"201900057904";"138 197 313";"B01";"1";"7";"0";"2";"6";"12";"1";""
"201900057905";"138 197 310";"A01";"3";"7";"4";"0";"2";"0";"1";""
"201900057906";"138 197 309";"A01";"2";"2";"0";"0";"2";"14";"1";""
"201900057907";"138 197 305";"B01";"1";"15";"0";"2";"1";"1";"1";""
"201900057907";"138 197 307";"A01";"2";"7";"0";"2";"1";"13";"1";""
"201900057908";"138 197 300";"B01";"1";"7";"0";"2";"1";"1";"1";""
"201900057908";"138 197 306";"A01";"1";"34";"0";"2";"1";"13";"1";""
"201900057909";"138 197 298";"B01";"1";"7";"0";"0";"4";"26";"1";""
"201900057909";"138 197 299";"A01";"1";"33";"0";"2";"1";"17";"1";""
"201900057910";"138 197 297";"A01";"1";"7";"2";"0";"3";"1";"1";""
"201900057911";"138 197 296";"A01";"2";"32";"14";"0";"1";"1";"1";""
"201900057912";"138 197 295";"A01";"3";"2";"0";"0";"8";"1";"1";""
"201900057913";"138 197 294";"A01";"2";"31";"0";"0";"2";"21";"1";""
"201900057914";"138 197 292";"B01";"3";"7";"0";"2";"3";"2";"1";""
"201900057914";"138 197 293";"A01";"3";"33";"12";"2";"2";"1";"1";""
"201900057915";"138 197 291";"A01";"1";"7";"13";"0";"1";"1";"1";""
"201900057916";"138 197 288";"A01";"1";"7";"0";"2";"3";"15";"1";""
"201900057916";"138 197 290";"B01";"2";"33";"0";"2";"3";"1";"1";""
"201900057917";"138 197 287";"A01";"3";"7";"0";"2";"1";"5";"0";""
"201900057917";"138 197 289";"B01";"2";"7";"13";"2";"1";"5";"0";""
"201900057918";"138 197 286";"A01";"0";"7";"10";"0";"1";"0";"1";""
"201900057919";"138 197 301";"A01";"0";"31";"0";"2";"1";"1";"1";""
"201900057919";"138 197 323";"B01";"0";"7";"0";"2";"8";"15";"1";""
"201900057920";"138 197 303";"B01";"1";"7";"0";"2";"4";"23";"1";""
"201900057920";"138 197 320";"A01";"1";"7";"0";"2";"1";"2";"1";""
"201900057921";"138 197 304";"B01";"2";"7";"0";"2";"3";"1";"1";""
"201900057921";"138 197 308";"A01";"2";"17";"0";"2";"2";"12";"1";""
"201900057922";"138 197 285";"A01";"2";"7";"0";"0";"0";"26";"1";""
"201900057923";"138 197 283";"B01";"1";"7";"0";"9";"7";"14";"1";""
"201900057923";"138 197 284";"A01";"1";"1";"0";"2";"8";"1";"5";""
"201900057924";"138 197 277";"B01";"1";"7";"0";"2";"5";"23";"1";""
"201900057924";"138 197 279";"A01";"1";"1";"0";"2";"2";"2";"5";""
"201900057925";"138 197 282";"A01";"2";"7";"0";"0";"3";"1";"1";""
"201900057926";"138 197 276";"D01";"1";"7";"0";"2";"6";"1";"1";""
"201900057926";"138 197 278";"C01";"1";"7";"0";"2";"4";"1";"1";""
"201900057926";"138 197 280";"B01";"1";"7";"0";"2";"4";"1";"1";""
"201900057926";"138 197 281";"A01";"1";"7";"0";"2";"1";"11";"1";""
"201900057927";"138 197 268";"B01";"1";"33";"0";"2";"3";"0";"0";""
"201900057927";"138 197 270";"A01";"2";"30";"0";"2";"8";"0";"0";""
"201900057928";"138 197 267";"B01";"2";"32";"0";"2";"4";"3";"1";""
"201900057928";"138 197 269";"A01";"2";"43";"0";"2";"1";"3";"1";""
"201900057929";"138 197 266";"B01";"1";"33";"0";"2";"7";"14";"1";""
"201900057929";"138 197 271";"A01";"1";"33";"0";"2";"0";"17";"1";""
"201900057930";"138 197 265";"A01";"2";"7";"6";"0";"1";"1";"1";""
"201900057931";"138 197 262";"B01";"2";"7";"0";"2";"4";"2";"1";""
"201900057931";"138 197 264";"A01";"2";"7";"0";"2";"3";"2";"1";""
"201900057932";"138 197 273";"A01";"3";"7";"6";"0";"2";"1";"1";""
"201900057933";"138 197 261";"A01";"2";"2";"8";"0";"1";"1";"1";""
"201900057934";"138 197 257";"B01";"1";"15";"0";"2";"8";"21";"0";""
"201900057934";"138 197 258";"A01";"2";"7";"0";"2";"8";"13";"0";""
"201900057935";"138 197 272";"A01";"3";"2";"0";"2";"1";"1";"1";""
"201900057935";"138 197 275";"B01";"3";"7";"0";"2";"1";"1";"1";""
"201900057936";"138 197 251";"B01";"1";"7";"0";"2";"1";"1";"1";""
"201900057936";"138 197 274";"A01";"1";"1";"0";"2";"7";"1";"5";""
"201900057937";"138 197 252";"B01";"0";"2";"0";"2";"3";"13";"1";""
"201900057937";"138 197 263";"A01";"0";"7";"0";"2";"3";"23";"1";""
"201900057938";"138 197 249";"A01";"1";"7";"0";"2";"1";"26";"0";""
"201900057938";"138 197 254";"B01";"2";"1";"0";"2";"0";"0";"5";""
"201900057939";"138 197 250";"A01";"2";"33";"0";"2";"1";"13";"1";""
"201900057939";"138 197 256";"B01";"1";"7";"0";"2";"1";"1";"1";""
"201900057940";"138 197 248";"B01";"2";"7";"0";"2";"1";"1";"1";""
"201900057940";"138 197 255";"A01";"1";"31";"0";"2";"1";"1";"1";""
"201900057941";"138 197 246";"A01";"1";"7";"6";"0";"1";"1";"1";""
"201900057942";"138 197 247";"A01";"2";"3";"2";"0";"1";"1";"1";""
"201900057943";"138 197 244";"B01";"2";"1";"0";"0";"3";"1";"5";""
"201900057943";"138 197 245";"A01";"1";"7";"0";"9";"3";"15";"1";""
"201900057944";"138 197 242";"A01";"2";"2";"13";"0";"1";"1";"1";""
"201900057945";"138 197 240";"A01";"0";"7";"0";"1";"2";"1";"1";""
"201900057946";"138 197 241";"A01";"1";"7";"13";"2";"9";"13";"1";""
"201900057946";"138 197 243";"B01";"2";"7";"0";"2";"3";"1";"1";""
"201900057947";"138 197 239";"A01";"3";"35";"0";"0";"0";"0";"1";""
"201900057948";"138 197 231";"A01";"1";"21";"0";"2";"6";"1";"1";""
"201900057948";"138 197 236";"B01";"2";"7";"0";"2";"8";"1";"1";""
"201900057948";"138 197 238";"C01";"1";"7";"0";"2";"3";"1";"1";""
"201900057949";"138 197 230";"A01";"0";"7";"0";"2";"1";"1";"1";""
"201900057949";"138 197 232";"B01";"0";"7";"0";"2";"8";"1";"1";""
"201900057950";"138 197 229";"A01";"1";"7";"3";"0";"9";"21";"1";""
"201900057951";"138 197 226";"A01";"2";"42";"0";"2";"1";"18";"1";""
"201900057951";"138 197 228";"B01";"2";"10";"0";"2";"4";"16";"1";""
"201900057952";"138 197 225";"B01";"1";"1";"0";"0";"4";"13";"5";""
"201900057952";"138 197 227";"A01";"1";"2";"0";"2";"1";"21";"1";""
"201900057953";"138 197 224";"A01";"2";"7";"15";"0";"9";"2";"1";""
"201900057954";"138 197 221";"A01";"2";"7";"0";"0";"6";"2";"1";""
"201900057954";"138 197 222";"B01";"2";"33";"0";"2";"1";"2";"1";""
"201900057955";"138 197 219";"B01";"0";"7";"0";"2";"3";"15";"1";""
"201900057955";"138 197 223";"A01";"1";"2";"0";"2";"1";"1";"1";""
"201900057956";"138 197 218";"A01";"0";"7";"0";"2";"1";"0";"1";""
"201900057956";"138 197 220";"B01";" -1";"7";"0";"2";"1";"1";"1";""
"201900057957";"138 197 216";"A01";"2";"7";"0";"1";"2";"1";"1";""
"201900057958";"138 197 217";"A01";"0";"10";"0";"1";"2";"9";"1";""
"201900057959";"138 197 215";"A01";"1";"7";"0";"1";"2";"1";"1";""
"201900057960";"138 197 233";"A01";"1";"17";"0";"2";"0";"9";"1";""
"201900057960";"138 197 253";"B01";"1";"7";"3";"2";"1";"21";"1";""
"201900057960";"138 197 259";"C01";"1";"7";"0";"2";"1";"1";"1";""
"201900057960";"138 197 260";"D01";"1";"17";"0";"2";"8";"1";"1";""
"201900057961";"138 197 235";"B01";"1";"2";"0";"2";"1";"26";"1";""
"201900057961";"138 197 237";"A01";"2";"7";"0";"2";"1";"5";"0";""
"201900057962";"138 197 214";"A01";"1";"30";"0";"0";"7";"1";"1";""
"201900057963";"138 197 212";"A01";"2";"33";"0";"0";"1";"1";"1";""
"201900057964";"138 197 208";"A01";"2";"7";"2";"0";"1";"19";"1";""
"201900057965";"138 197 196";"A01";"1";"7";"6";"0";"1";"1";"1";""
"201900057966";"138 197 204";"B01";"2";"10";"0";"2";"1";"1";"1";""
"201900057966";"138 197 209";"A01";"1";"10";"0";"2";"1";"17";"1";""
"201900057967";"138 197 203";"A01";"3";"7";"0";"2";"7";"19";"1";""
"201900057967";"138 197 213";"B01";"1";"2";"0";"2";"1";"1";"1";""
"201900057968";"138 197 201";"A01";"1";"7";"0";"2";"4";"1";"1";""
"201900057968";"138 197 210";"B01";"1";"7";"0";"2";"4";"1";"1";""
"201900057968";"138 197 211";"C01";"1";"7";"0";"2";"1";"1";"1";""
"201900057969";"138 197 202";"A01";"2";"7";"0";"2";"7";"15";"1";""
"201900057969";"138 197 234";"B01";"2";"1";"0";"2";"7";"1";"5";""
"201900057970";"138 197 195";"A01";"1";"7";"0";"1";"2";"2";"1";""
"201900057971";"138 197 193";"B01";"3";"2";"0";"2";"1";"17";"1";""
"201900057971";"138 197 194";"A01";"3";"10";"0";"2";"6";"15";"0";""
"201900057972";"138 197 186";"A01";"2";"2";"12";"0";"0";"1";"1";""
"201900057973";"138 197 183";"A01";"1";"7";"0";"2";"1";"3";"1";""
"201900057973";"138 197 184";"B01";"1";"7";"0";"2";"4";"23";"1";""
"201900057973";"138 197 185";"C01";"1";"7";"0";"2";"4";"23";"1";""
"201900057974";"138 197 189";"B01";"1";"1";"0";"2";"2";"0";"5";""
"201900057974";"138 197 192";"A01";"3";"7";"0";"2";"3";"15";"1";""
"201900057975";"138 197 180";"A01";"2";"7";"0";"1";"2";"17";"1";""
"201900057976";"138 197 178";"B01";"1";"30";"0";"2";"0";"0";"1";""
"201900057976";"138 197 179";"A01";"1";"7";"0";"2";"0";"1";"1";""
"201900057977";"138 197 177";"A01";"1";"1";"0";"1";"0";"1";"5";""
"201900057978";"138 197 176";"A01";"1";"7";"0";"1";"2";"1";"1";""
"201900057979";"138 197 187";"B01";"2";"7";"0";"2";"7";"12";"1";""
"201900057979";"138 197 190";"A01";"2";"33";"0";"2";"1";"3";"1";""
"201900057980";"138 197 174";"B01";"2";"33";"0";"2";"2";"17";"1";""
"201900057980";"138 197 175";"A01";"2";"7";"0";"2";"6";"15";"1";""
"201900057981";"138 197 181";"B01";"1";"33";"0";"0";"4";"1";"1";""
"201900057981";"138 197 182";"A01";"1";"33";"0";"2";"2";"1";"1";""
"201900057982";"138 197 188";"B01";"1";"7";"0";"2";"2";"14";"1";""
"201900057982";"138 197 191";"A01";"1";"7";"3";"2";"8";"1";"1";""
"201900057983";"138 197 171";"A01";"3";"7";"12";"0";"2";"1";"1";""
"201900057984";"138 197 170";"A01";"1";"7";"0";"0";"0";"0";"0";""
"201900057985";"138 197 162";"B01";"2";"7";"0";"2";"1";"1";"1";""
"201900057985";"138 197 165";"A01";"1";"7";"10";"0";"1";"19";"1";""
"201900057986";"138 197 166";"C01";"2";"7";"0";"2";"4";"2";"1";""
"201900057986";"138 197 168";"B01";"2";"7";"0";"2";"4";"2";"1";""
"201900057986";"138 197 169";"A01";"2";"7";"0";"2";"1";"1";"1";""
"201900057987";"138 197 161";"B01";"2";"2";"0";"0";"4";"0";"0";""
"201900057987";"138 197 163";"A01";"2";"7";"0";"2";"2";"2";"0";""
"201900057988";"138 197 160";"A01";"2";"33";"0";"0";"8";"1";"1";""
"201900057989";"138 197 159";"A01";"1";"7";"8";"0";"3";"13";"1";""
"201900057990";"138 197 155";"A01";"1";"10";"0";"1";"2";"1";"1";""
"201900057991";"138 197 153";"A01";"1";"7";"0";"1";"1";"15";"1";""
"201900057992";"138 197 149";"A01";"2";"7";"2";"0";"2";"1";"1";""
"201900057993";"138 197 146";"B01";"2";"7";"0";"2";"3";"1";"1";""
"201900057993";"138 197 147";"A01";"1";"7";"0";"2";"3";"13";"1";""
"201900057994";"138 197 150";"C01";"2";"15";"0";"2";"2";"1";"1";""
"201900057994";"138 197 156";"B01";"2";"15";"0";"2";"6";"1";"1";""
"201900057994";"138 197 157";"A01";"1";"7";"3";"2";"3";"13";"1";""
"201900057995";"138 197 144";"B01";"2";"33";"0";"2";"7";"1";"1";""
"201900057995";"138 197 145";"A01";"3";"7";"0";"2";"1";"9";"1";""
"201900057996";"138 197 143";"A01";"3";"36";"0";"0";"1";"1";"1";""
"201900057997";"138 197 142";"A01";"1";"7";"0";"1";"2";"1";"1";""
"201900057998";"138 197 154";"B01";"2";"7";"0";"2";"7";"1";"1";""
"201900057998";"138 197 158";"A01";"2";"7";"0";"2";"1";"9";"1";""
"201900057999";"138 197 140";"A01";"3";"7";"0";"2";"3";"17";"1";""
"201900057999";"138 197 141";"B01";"0";"10";"0";"2";"2";"1";"1";""
"201900058000";"138 197 152";"A01";"2";"30";"0";"0";"3";"1";"1";""
"201900058001";"138 197 148";"A01";"1";"7";"0";"1";"3";"15";"1";""
"201900058002";"138 197 139";"A01";"2";"7";"4";"2";"3";"1";"0";""
"201900058003";"138 197 136";"B01";"1";"7";"0";"2";"2";"1";"1";""
"201900058003";"138 197 138";"A01";"2";"2";"0";"2";"1";"19";"1";""
"201900058004";"138 197 135";"A01";"1";"7";"0";"2";"3";"19";"0";""
"201900058004";"138 197 137";"B01";"2";"7";"1";"2";"1";"1";"0";""
"201900058005";"138 197 134";"A01";"1";"3";"4";"2";"3";"1";"1";""
"201900058006";"138 197 133";"A01";"1";"7";"0";"1";"3";"1";"1";""
"201900058007";"138 197 130";"A01";"1";"30";"0";"2";"1";"17";"1";""
"201900058007";"138 197 132";"B01";"3";"7";"0";"2";"2";"16";"1";""
"201900058008";"138 197 128";"B01";"2";"7";"0";"2";"3";"1";"1";""
"201900058008";"138 197 131";"A01";"1";"7";"0";"2";"2";"10";"1";""
"201900058009";"138 197 126";"B01";"2";"7";"4";"0";"4";"2";"1";""
"201900058009";"138 197 129";"A01";"2";"7";"4";"2";"1";"2";"1";""
"201900058010";"138 197 125";"B01";"1";"32";"0";"2";"1";"1";"1";""
"201900058010";"138 197 127";"A01";"1";"10";"0";"2";"8";"9";"1";""