"Num_Acc";"id_vehicule";"num_veh";"senc";"catv";"obs";"obsm";"choc";"manv";"motor";"occutc"
"201900058011";"138 197 123";"B01";"1";"60";"0";"2";"4";"2";"5";""
"201900058011";"138 197 124";"A01";"1";"7";"0";"1";"2";"17";"1";""
"201900058012";"138 197 122";"A01";"1";"2";"0";"0";"0";"21";"1";""
"201900058013";"138 197 119";"A01";"2";"7";"0";"2";"1";"2";"1";""
"201900058013";"138 197 121";"B01";"2";"7";"0";"2";"4";"2";"1";""
"201900058014";"138 197 118";"A01";"3";"10";"0";"2";"3";"13";"1";""
"201900058014";"138 197 120";"B01";"3";"33";"0";"2";"8";"1";"1";""
"201900058015";"138 197 151";"Z01";"1";"1";"0";"1";"8";"1";"5";""
"201900058016";"138 197 116";"B01";"3";"1";"0";"2";"1";"1";"5";""
"201900058016";"138 197 117";"A01";"3";"7";"0";"2";"3";"19";"1";""
"201900058017";"138 197 113";"B01";"2";"10";"0";"2";"1";"9";"1";""
"201900058017";"138 197 115";"A01";"2";"7";"4";"2";"4";"1";"1";""
"201900058018";"138 197 112";"A01";"3";"10";"0";"2";"2";"1";"1";""
"201900058018";"138 197 114";"B01";"3";"32";"0";"2";"4";"1";"1";""
"201900058019";"138 197 111";"A01";"2";"7";"6";"0";"1";"1";"1";""
"201900058020";"138 197 101";"A01";"1";"7";"4";"2";"1";"2";"1";""
"201900058020";"138 197 108";"B01";"1";"7";"3";"2";"4";"2";"1";""
"201900058021";"138 197 102";"A01";"1";"7";"0";"2";"3";"15";"1";""
"201900058021";"138 197 110";"B01";"2";"1";"0";"2";"1";"1";"5";""
"201900058022";"138 197 104";"B01";"3";"1";"0";"2";"8";"19";"5";""
"201900058022";"138 197 109";"A01";"1";"7";"0";"2";"2";"1";"1";""
"201900058023";"138 197 099";"A01";"3";"7";"0";"1";"1";"15";"0";""
"201900058024";"138 197 097";"A01";"1";"50";"0";"1";"1";"25";"3";""
"201900058025";"138 197 098";"B01";"2";"80";"0";"2";"9";"1";"3";""
"201900058025";"138 197 100";"A01";"2";"7";"0";"9";"2";"16";"1";""
"201900058026";"138 197 095";"B01";"2";"7";"0";"2";"1";"1";"1";""
"201900058026";"138 197 096";"A01";"1";"7";"0";"2";"1";"13";"1";""
"201900058027";"138 197 094";"A01";"2";"2";"6";"0";"1";"1";"1";""
"201900058028";"138 197 091";"B01";"2";"31";"0";"2";"7";"5";"1";""
"201900058028";"138 197 092";"A01";"2";"7";"0";"2";"3";"10";"1";""
"201900058029";"138 197 088";"A01";"1";"33";"0";"2";"7";"17";"1";""
"201900058029";"138 197 090";"B01";"2";"7";"0";"2";"1";"9";"1";""
"201900058030";"138 197 087";"A01";"0";"7";"0";"1";"0";"26";"0";""
"201900058031";"138 197 086";"B01";"0";"7";"0";"2";"1";"1";"1";""
"201900058031";"138 197 089";"A01";"0";"7";"0";"2";"1";"1";"1";""
"201900058032";"138 197 084";"A01";"2";"10";"0";"2";"2";"2";"3";""
"201900058032";"138 197 085";"B01";"2";"10";"0";"2";"4";"2";"1";""
"201900058033";"138 197 083";"A01";"1";"33";"0";"0";"0";"1";"1";""
"201900058034";"138 197 080";"A01";"0";"7";"0";"2";"1";"9";"0";""
"201900058034";"138 197 082";"B01";"0";"1";"0";"0";"0";"1";"0";""
"201900058035";"138 197 079";"A01";"3";"10";"6";"1";"5";"1";"1";""
"201900058035";"138 197 081";"B01";"3";"7";"0";"2";"1";"1";"1";""
"201900058036";"138 197 078";"A01";"2";"33";"1";"0";"6";"14";"1";""
"201900058037";"138 197 077";"A01";"1";"33";"12";"0";"1";"1";"1";""
"201900058038";"138 197 076";"B01";"2";"7";"0";"2";"1";"1";"1";""
"201900058038";"138 197 103";"A01";"1";"7";"0";"2";"7";"6";"1";""
"201900058039";"138 197 075";"A01";"1";"7";"3";"0";"1";"1";"1";""
"201900058040";"138 197 074";"A01";"1";"7";"2";"0";"3";"1";"1";""
"201900058041";"138 197 068";"B01";"1";"7";"0";"2";"1";"1";"1";""
"201900058041";"138 197 069";"A01";"2";"7";"0";"2";"3";"13";"1";""
"201900058042";"138 197 067";"B01";"2";"33";"0";"2";"5";"15";"1";""
"201900058042";"138 197 073";"A01";"1";"7";"0";"2";"1";"9";"1";""
"201900058043";"138 197 065";"B01";"2";"7";"0";"2";"3";"15";"1";""
"201900058043";"138 197 066";"A01";"2";"33";"0";"2";"7";"2";"1";""
"201900058044";"138 197 063";"B01";"2";"7";"0";"2";"4";"23";"1";""
"201900058044";"138 197 064";"A01";"2";"7";"0";"2";"1";"9";"1";""
"201900058045";"138 197 061";"A01";"0";"7";"0";"2";"2";"1";"1";""
"201900058045";"138 197 062";"B01";"3";"2";"8";"2";"7";"15";"1";""
"201900058046";"138 197 059";"B01";"2";"1";"0";"2";"8";"9";"5";""
"201900058046";"138 197 060";"A01";"1";"7";"0";"2";"1";"1";"1";""
"201900058047";"138 197 057";"B01";"1";"7";"0";"2";"3";"15";"1";""
"201900058047";"138 197 058";"A01";"2";"2";"0";"2";"1";"1";"1";""
"201900058048";"138 197 050";"A01";"2";"33";"13";"0";"2";"14";"1";""
"201900058049";"138 197 052";"A01";"3";"14";"0";"1";"2";"19";"1";""
"201900058050";"138 197 053";"B01";"2";"43";"0";"2";"4";"2";"1";""
"201900058050";"138 197 072";"A01";"2";"7";"0";"2";"1";"2";"1";""
"201900058051";"138 197 054";"B01";"2";"30";"0";"2";"4";"2";"0";""
"201900058051";"138 197 071";"Z01";"2";"7";"0";"2";"2";"17";"0";""
"201900058052";"138 197 048";"B01";"3";"33";"0";"2";"1";"1";"1";""
"201900058052";"138 197 049";"A01";"3";"7";"0";"2";"3";"9";"1";""
"201900058053";"138 197 046";"A01";"1";"31";"0";"0";"7";"2";"1";""
"201900058054";"138 197 055";"B01";"3";"1";"0";"2";"5";"19";"5";""
"201900058054";"138 197 056";"A01";"3";"7";"0";"2";"1";"26";"1";""
"201900058055";"138 197 044";"B01";"1";"1";"0";"2";"1";"2";"5";""
"201900058055";"138 197 045";"A01";"1";"7";"0";"2";"5";"2";"1";""
"201900058056";"138 197 051";"A01";"1";"7";"0";"2";"4";"26";"1";""
"201900058056";"138 197 070";"B01";"1";"7";"0";"2";"1";"26";"1";""
"201900058057";"138 197 042";"A01";"1";"7";"0";"1";"0";"0";"1";""
"201900058058";"138 197 040";"B01";"2";"30";"0";"2";"1";"1";"1";""
"201900058058";"138 197 041";"A01";"2";"7";"0";"2";"2";"15";"1";""
"201900058059";"138 197 035";"A01";"2";"7";"0";"2";"3";"15";"6";""
"201900058059";"138 197 039";"B01";"1";"33";"0";"2";"1";"1";"6";""
"201900058060";"138 197 032";"A01";"2";"2";"0";"2";"0";"2";"1";""
"201900058061";"138 197 031";"B01";"2";"2";"0";"2";"5";"1";"0";""
"201900058061";"138 197 033";"A01";"1";"7";"0";"2";"5";"15";"0";""
"201900058062";"138 197 028";"A01";"1";"7";"0";"2";"1";"5";"1";""
"201900058062";"138 197 029";"B01";"2";"7";"0";"2";"1";"26";"1";""
"201900058063";"138 197 036";"B01";"2";"2";"0";"2";"1";"1";"1";""
"201900058063";"138 197 043";"A01";"1";"7";"0";"2";"2";"15";"1";""
"201900058064";"138 197 037";"A01";"1";"10";"0";"2";"3";"10";"1";""
"201900058064";"138 197 047";"B01";"1";"31";"0";"2";"1";"1";"1";""
"201900058065";"138 197 034";"A01";"2";"7";"17";"0";"3";"13";"1";""
"201900058066";"138 197 023";"A01";"2";"7";"0";"2";"7";"16";"1";""
"201900058066";"138 197 025";"B01";"2";"30";"0";"2";"8";"2";"1";""
"201900058067";"138 197 021";"B01";"2";"7";"0";"2";"3";"1";"1";""
"201900058067";"138 197 022";"C01";"2";"10";"0";"2";"8";"1";"1";""
"201900058067";"138 197 024";"A01";"1";"7";"0";"2";"3";"13";"1";""
"201900058068";"138 197 026";"A01";"0";"7";"0";"1";"3";"26";"6";""
"201900058069";"138 197 020";"A01";"1";"7";"0";"1";"2";"2";"1";""
"201900058070";"138 197 016";"A01";"3";"40";"0";"1";"1";"1";"3";""
"201900058071";"138 197 014";"A01";"1";"1";"0";"2";"5";"2";"5";""
"201900058071";"138 197 015";"B01";"1";"7";"0";"2";"5";"23";"1";""
"201900058072";"138 197 013";"A01";"1";"7";"2";"0";"2";"2";"1";""
"201900058073";"138 197 012";"B01";"3";"32";"0";"1";"1";"1";"1";""
"201900058074";"138 197 007";"A01";"3";"7";"0";"2";"1";"13";"6";""
"201900058075";"138 197 009";"A01";"1";"7";"0";"2";"6";"15";"1";""
"201900058075";"138 197 011";"B01";"1";"31";"0";"2";"1";"1";"1";""
"201900058076";"138 197 008";"B01";"2";"1";"0";"2";"0";"19";"5";""
"201900058076";"138 197 010";"A01";"2";"7";"0";"2";"1";"1";"1";""
"201900058077";"138 197 001";"A01";"1";"7";"0";"1";"1";"26";"1";""
"201900058078";"138 197 002";"A01";"1";"7";"13";"0";"9";"17";"1";""
"201900058079";"138 197 003";"A01";"1";"32";"0";"2";"3";"13";"1";""
"201900058079";"138 197 019";"B01";"1";"7";"0";"2";"6";"0";"1";""
"201900058080";"138 197 004";"A01";"1";"7";"0";"2";"1";"1";"1";""
"201900058080";"138 197 018";"B01";"1";"32";"0";"2";"4";"1";"1";""
"201900058081";"138 197 000";"A01";"1";"33";"0";"2";"0";"0";"0";""
"201900058081";"138 197 006";"B01";"2";"31";"0";"2";"0";"0";"0";""
"201900058082";"138 196 997";"C01";"3";"7";"0";"2";"4";"2";"1";""
"201900058082";"138 196 998";"B01";"3";"7";"0";"2";"4";"2";"1";""
"201900058082";"138 196 999";"A01";"3";"7";"0";"2";"1";"2";"1";""
"201900058083";"138 196 993";"A01";"2";"7";"0";"1";"3";"15";"1";""
"201900058084";"138 196 989";"B01";"2";"31";"0";"2";"8";"1";"1";""
"201900058084";"138 196 991";"A01";"0";"7";"0";"2";"1";"15";"1";""
"201900058085";"138 196 990";"A01";"2";"7";"0";"2";"7";"15";"1";""
"201900058085";"138 196 992";"B01";"1";"33";"0";"2";"1";"0";"1";""
"201900058086";"138 196 987";"B01";"0";"31";"0";"2";"1";"1";"1";""
"201900058086";"138 196 988";"A01";"0";"7";"0";"2";"2";"15";"1";""
"201900058087";"138 196 984";"A01";"1";"2";"0";"2";"3";"13";"1";""
"201900058087";"138 196 986";"B01";"1";"7";"0";"2";"5";"17";"1";""
"201900058088";"138 196 981";"B01";"2";"7";"0";"2";"1";"1";"1";""
"201900058088";"138 196 982";"A01";"2";"7";"0";"2";"1";"9";"1";""
"201900058089";"138 196 995";"A01";"2";"7";"0";"2";"2";"1";"0";""
"201900058089";"138 197 005";"B01";"1";"7";"0";"2";"8";"15";"0";""
"201900058090";"138 196 979";"A01";"3";"7";"0";"0";"9";"1";"1";""
"201900058091";"138 196 978";"A01";"1";"7";"0";"9";"7";"15";"1";""
"201900058091";"138 196 980";"B01";"2";"1";"0";"2";"1";"1";"5";""
"201900058092";"138 196 972";"B01";"2";"7";"0";"2";"4";"1";"1";""
"201900058092";"138 196 974";"A01";"2";"7";"0";"2";"1";"2";"1";""
"201900058093";"138 196 971";"B01";"0";"7";"0";"2";"3";"15";"1";""
"201900058093";"138 196 973";"C01";"0";"7";"0";"2";"6";"1";"1";""
"201900058093";"138 196 976";"A01";"0";"7";"0";"1";"9";"14";"1";""
"201900058094";"138 196 975";"B01";"1";"7";"0";"2";"1";"23";"1";""
"201900058094";"138 196 977";"A01";"1";"43";"0";"2";"4";"23";"1";""
"201900058095";"138 196 996";"A01";"1";"7";"4";"0";"9";"9";"1";""
"201900058096";"138 196 969";"B01";"1";"1";"0";"2";"1";"1";"5";""
"201900058096";"138 196 970";"A01";"1";"7";"0";"2";"7";"16";"1";""
"201900058097";"138 196 966";"B01";"0";"2";"0";"0";"0";"0";"0";""
"201900058097";"138 196 968";"A01";"2";"3";"0";"2";"4";"26";"0";""
"201900058098";"138 196 994";"A01";"3";"7";"0";"1";"5";"1";"1";""
"201900058099";"138 196 965";"B01";"2";"7";"0";"0";"6";"15";"1";""
"201900058099";"138 196 967";"A01";"0";"2";"0";"2";"1";"1";"1";""
"201900058100";"138 196 963";"B01";"2";"7";"0";"2";"4";"23";"1";""
"201900058100";"138 196 964";"A01";"2";"17";"0";"2";"1";"1";"1";""
"201900058101";"138 196 960";"A01";"1";"7";"0";"1";"1";"1";"1";""
"201900058102";"138 196 959";"Y01";"1";"1";"0";"2";"1";"1";"5";""
"201900058102";"138 196 962";"A01";"1";"10";"0";"2";"1";"15";"1";""
"201900058103";"138 196 957";"A01";"2";"7";"0";"0";"1";"1";"1";""
"201900058103";"138 196 961";"B01";"2";"10";"0";"0";"2";"19";"1";""
"201900058104";"138 196 956";"A01";"0";"7";"0";"2";"8";"22";"1";""
"201900058104";"138 196 958";"B01";"0";"1";"0";"2";"1";"21";"5";""
"201900058105";"138 196 955";"A01";"2";"7";"2";"0";"3";"13";"1";""
"201900058106";"138 196 948";"A01";"3";"7";"0";"2";"3";"9";"1";""
"201900058106";"138 196 950";"B01";"2";"33";"0";"2";"1";"1";"1";""
"201900058107";"138 196 946";"A01";"3";"7";"0";"2";"2";"9";"1";""
"201900058107";"138 196 949";"B01";"3";"33";"0";"2";"5";"1";"1";""
"201900058108";"138 196 951";"A01";"1";"7";"0";"1";"0";"1";"1";""
"201900058109";"138 196 952";"A01";"1";"30";"0";"0";"0";"26";"1";""
"201900058110";"138 196 953";"B01";"1";"7";"0";"6";"2";"15";"1";""
"201900058110";"138 196 954";"A01";"1";"2";"0";"2";"1";"13";"1";""
"201900058111";"138 196 945";"A01";"3";"7";"0";"2";"3";"1";"1";""
"201900058111";"138 196 947";"B01";"3";"2";"0";"2";"1";"25";"1";""
"201900058112";"138 196 942";"A01";"3";"33";"0";"2";"0";"2";"0";""
"201900058112";"138 196 944";"B01";"3";"21";"0";"2";"0";"0";"0";""
"201900058113";"138 196 940";"B01";"0";"7";"0";"2";"9";"1";"1";""
"201900058113";"138 196 941";"C01";"0";"7";"0";"2";"1";"1";"1";""
"201900058113";"138 196 943";"A01";"0";"14";"0";"2";"9";"14";"1";""
"201900058114";"138 196 937";"A01";"1";"7";"6";"1";"2";"1";"1";""
"201900058115";"138 196 935";"B01";"1";"1";"0";"2";"3";"25";"5";""
"201900058115";"138 196 938";"A01";"1";"3";"0";"6";"3";"9";"1";""
"201900058116";"138 196 936";"A01";"1";"38";"0";"1";"7";"1";"1";"1"
"201900058117";"138 196 934";"A01";"1";"7";"0";"0";"9";"1";"1";""
"201900058118";"138 196 931";"B01";"2";"33";"0";"2";"1";"1";"1";""
"201900058118";"138 196 932";"A01";"2";"7";"0";"2";"3";"10";"1";""
"201900058119";"138 196 928";"A01";"3";"1";"0";"2";"8";"16";"5";""
"201900058119";"138 196 930";"B01";"3";"7";"0";"0";"1";"0";"1";""
"201900058120";"138 196 923";"B01";"1";"7";"0";"2";"2";"1";"1";""
"201900058120";"138 196 927";"A01";"2";"7";"0";"2";"8";"1";"1";""
"201900058121";"138 196 924";"A01";"1";"7";"0";"2";"1";"1";"1";""
"201900058121";"138 196 929";"B01";"1";"7";"0";"2";"2";"1";"1";""
"201900058122";"138 196 918";"B01";"0";"7";"0";"2";"6";"12";"1";""
"201900058122";"138 196 922";"A01";"0";"34";"0";"2";"2";"11";"1";""
"201900058123";"138 196 917";"A01";"2";"37";"0";"2";"1";"2";"1";"4"
"201900058123";"138 196 933";"B01";"2";"7";"0";"2";"4";"23";"1";""
"201900058124";"138 196 915";"A01";"2";"7";"0";"2";"3";"9";"1";""
"201900058124";"138 196 919";"B01";"2";"34";"0";"2";"1";"1";"0";""
"201900058125";"138 196 916";"B01";"1";"2";"0";"0";"1";"17";"1";""
"201900058125";"138 196 920";"A01";"1";"7";"0";"0";"6";"10";"1";""
"201900058126";"138 196 914";"B01";"0";"0";" -1";" -1";" -1";" -1";" -1";""
"201900058126";"138 196 921";"A01";"1";"7";"1";"0";"1";"15";"1";""
"201900058127";"138 196 909";"A01";"1";"7";"0";"2";"1";"1";"0";""
"201900058127";"138 196 912";"B01";"1";"33";"0";"0";"0";"0";"0";""
"201900058128";"138 196 910";"A01";"0";"7";"0";"0";"6";"19";"1";""
"201900058128";"138 196 913";"B01";"0";"33";"0";"2";"1";"1";"1";""
"201900058129";"138 196 907";"B01";"3";"7";"0";"2";"2";"1";"1";""
"201900058129";"138 196 908";"C01";"3";"10";"0";"2";"2";"0";"1";""
"201900058129";"138 196 911";"A01";"3";"7";"0";"2";"2";"16";"0";""
"201900058130";"138 196 902";"A01";"1";"7";"1";"0";"1";"2";"1";""
"201900058131";"138 196 905";"A01";"1";"7";"0";"1";"2";"1";"1";""
"201900058132";"138 196 900";"B01";"1";"7";"0";"2";"4";"0";"1";""
"201900058132";"138 196 906";"A01";"1";"10";"0";"2";"1";"2";"1";""
"201900058133";"138 196 901";"A01";"2";"7";"13";"0";"1";"14";"1";""
"201900058134";"138 196 897";"B01";"2";"7";"0";"2";"3";"20";"1";""
"201900058134";"138 196 898";"A01";"2";"31";"0";"2";"2";"1";"1";""
"201900058135";"138 196 904";"A01";"0";"15";"0";"0";"0";"9";"1";""
"201900058136";"138 196 895";"A01";"0";"7";"0";"0";"9";"1";"1";""
"201900058137";"138 196 896";"A01";"1";"7";"4";"0";"1";"14";"1";""
"201900058138";"138 196 891";"A01";"1";"7";"0";"2";"1";"1";"1";""
"201900058138";"138 196 893";"B01";"1";"7";"0";"2";"4";"1";"1";""
"201900058139";"138 196 892";"B01";"0";"10";"9";"2";"1";"1";"1";""
"201900058139";"138 196 894";"A01";"0";"7";"0";"2";"1";"13";"1";""
"201900058140";"138 196 890";"A01";"2";"2";"12";"0";"7";"1";"1";""
"201900058141";"138 196 889";"A01";"1";"32";"0";"0";"1";"9";"1";""
"201900058142";"138 196 887";"A01";"2";"7";"0";"1";"2";"1";"1";""
"201900058143";"138 196 883";"B01";"3";"33";"0";"2";"1";"1";"1";""
"201900058143";"138 196 888";"A01";"3";"7";"0";"2";"1";"13";"1";""
"201900058144";"138 196 882";"A01";"2";"7";"0";"0";"1";"1";"1";""
"201900058145";"138 196 881";"A01";"2";"1";"0";"1";"7";"26";"5";""
"201900058146";"138 196 879";"B01";"1";"10";"0";"2";"3";"1";"1";""
"201900058146";"138 196 880";"A01";"2";"1";"0";"2";"3";"26";"5";""
"201900058147";"138 196 877";"A01";"2";"7";"6";"0";"1";"0";"1";""
"201900058148";"138 196 873";"B01";"1";"7";"0";"2";"6";"0";"1";""
"201900058148";"138 196 874";"A01";"1";"30";"1";"0";"1";"26";"1";""
"201900058149";"138 196 886";"B01";"2";"32";"0";"2";"1";"2";"1";""
"201900058149";"138 196 903";"A01";"1";"10";"0";"2";"2";"15";"1";""
"201900058150";"138 196 885";"A01";"1";"7";"2";"0";"1";"1";"0";""
"201900058150";"138 196 899";"B01";"2";"7";"0";"2";"0";"0";"0";""
"201900058151";"138 196 870";"A01";"3";"7";"0";"1";"1";"2";"1";""
"201900058152";"138 196 871";"B01";"1";"7";"0";"2";"4";"1";"1";""
"201900058152";"138 196 872";"A01";"1";"7";"0";"2";"1";"1";"1";""
"201900058153";"138 196 875";"A01";"2";"7";"0";"1";"1";"1";"1";""
"201900058154";"138 196 868";"A01";"3";"33";"0";"0";"0";"1";"1";""
"201900058155";"138 196 876";"B01";"1";"7";"0";"2";"1";"1";"1";""
"201900058155";"138 196 878";"A01";"2";"7";"0";"2";"7";"15";"1";""
"201900058156";"138 196 861";"A01";"3";"7";"0";"2";"8";"15";"1";""
"201900058156";"138 196 863";"B01";"2";"33";"0";"2";"1";"1";"1";""
"201900058157";"138 196 869";"B01";"0";"2";"0";"2";"1";"19";"1";""
"201900058157";"138 196 884";"A01";"3";"7";"0";"2";"7";"1";"1";""
"201900058158";"138 196 865";"B01";"3";"1";"0";"2";"0";"19";"0";""
"201900058158";"138 196 867";"A01";"3";"7";"0";"2";"1";"1";"1";""
"201900058159";"138 196 860";"B01";"3";"2";"0";"2";"3";"1";"1";""
"201900058159";"138 196 862";"A01";"3";"31";"0";"2";"3";"5";"1";""
"201900058160";"138 196 864";"B01";"2";"30";"0";"2";"1";"1";"0";""
"201900058160";"138 196 866";"A01";"1";"34";"0";"2";"7";"26";"1";""
"201900058161";"138 196 859";"A01";"2";"7";"0";"0";"9";"1";"1";""
"201900058162";"138 196 855";"A01";"1";"7";"16";"0";"9";"1";"1";""
"201900058163";"138 196 854";"F01";"1";"7";"0";"2";"1";"1";"1";""
"201900058163";"138 196 856";"G01";"1";"7";"0";"2";"9";"1";" -1";""
"201900058164";"138 196 853";"A01";"1";"7";"0";"0";"9";"1";"1";""
"201900058165";"138 196 851";"A01";"0";"31";"0";"1";"1";"1";"0";""
"201900058165";"138 196 852";"B01";"0";"10";"0";"1";"3";"15";"1";""
"201900058166";"138 196 850";"A01";"0";"7";"0";"1";"5";"15";"1";""
"201900058167";"138 196 849";"B01";"2";"2";"0";"2";"1";"1";"1";""
"201900058167";"138 196 858";"A01";"1";"7";"0";"2";"8";"15";"1";""
"201900058168";"138 196 847";"A01";"1";"7";"7";"2";"1";"9";"0";""
"201900058168";"138 196 857";"B01";"1";"31";"7";"2";"1";"1";"1";""
"201900058169";"138 196 844";"Z01";"1";"7";"0";"2";"4";"4";"0";""
"201900058169";"138 196 845";"A01";"1";"7";"0";"2";"1";"23";"0";""
"201900058170";"138 196 846";"A01";"1";"7";"6";"0";"8";"1";"0";""
"201900058171";"138 196 842";"A01";"1";"33";"0";"0";"8";"1";"1";""
"201900058172";"138 196 841";"A01";"3";"7";"0";"2";"4";"13";"6";""
"201900058172";"138 196 843";"B01";"3";"7";"0";"2";"2";"1";"6";""
"201900058173";"138 196 840";"A01";"2";"34";"0";"1";"1";"2";"1";""
"201900058174";"138 196 834";"B01";"0";"7";"0";"0";"3";"1";"6";""
"201900058174";"138 196 838";"A01";"3";"7";"0";"1";"2";"1";"6";""
"201900058175";"138 196 836";"B01";"2";"33";"0";"2";"1";"1";"1";""
"201900058175";"138 196 839";"A01";"0";"7";"0";"2";"3";"9";"1";""
"201900058176";"138 196 832";"Z01";"1";"7";"0";"2";"3";"1";"0";""
"201900058176";"138 196 835";"A01";"2";"7";"0";"2";"3";"15";"0";""
"201900058177";"138 196 833";"B01";"2";"33";"0";"2";"0";"1";"1";""
"201900058177";"138 196 837";"A01";"0";"7";"0";"0";"6";"15";"1";""
"201900058178";"138 196 831";"A01";"1";"7";"12";"0";"4";"1";"1";""
"201900058179";"138 196 828";"A01";"0";"7";"0";"2";"3";"10";"1";""
"201900058179";"138 196 830";"B01";"0";"33";"0";"2";"2";"3";"1";""
"201900058180";"138 196 826";"A01";"0";"10";"0";"0";"2";"1";"0";""
"201900058180";"138 196 827";"B01";"0";"1";"0";"2";"1";"15";"5";""
"201900058181";"138 196 823";"B01";"3";"38";"0";"2";"1";"1";"1";"1"
"201900058181";"138 196 824";"A01";"3";"33";"0";"2";"4";"17";"1";""
"201900058182";"138 196 821";"B01";"1";"7";"0";"2";"1";"1";"1";""
"201900058182";"138 196 825";"A01";"2";"33";"0";"2";"1";"13";"1";""
"201900058183";"138 196 820";"B01";"1";"7";"0";"2";"3";"1";"1";""
"201900058183";"138 196 822";"A01";"1";"7";"0";"2";"6";"5";"1";""
"201900058184";"138 196 817";"A01";"1";"7";"8";"0";"1";"1";"0";""
"201900058185";"138 196 818";"B01";"1";"7";"0";"2";"8";"26";"1";""
"201900058185";"138 196 819";"A01";"2";"7";"0";"2";"8";"1";"1";""
"201900058186";"138 196 816";"A01";"2";"7";"13";"0";"9";"13";"1";""
"201900058187";"138 196 829";"A01";"3";"7";"6";"0";"1";"1";"1";""
"201900058188";"138 196 813";"B01";"2";"7";"0";"0";"8";"1";"0";""
"201900058188";"138 196 814";"C01";"2";"7";"0";"0";"2";"1";"0";""
"201900058188";"138 196 815";"A01";"1";"7";"15";"2";"1";"1";"0";""
"201900058189";"138 196 810";"A01";"3";"10";"0";"2";"1";"13";"1";""
"201900058189";"138 196 812";"B01";"3";"7";"0";"2";"1";"1";"1";""
"201900058190";"138 196 811";"A01";"1";"7";"2";"0";"9";"1";"1";""
"201900058191";"138 196 808";"A01";"2";"7";"13";"0";"7";"16";"0";""
"201900058192";"138 196 804";"A01";"2";"7";"6";"0";"3";"0";"1";""
"201900058193";"138 196 805";"A01";"0";"7";"1";"0";"3";"1";"1";""
"201900058193";"138 196 806";"B01";"0";"7";"0";"2";"3";"23";"1";""
"201900058194";"138 196 798";"B01";"2";"7";"0";"2";"2";"1";"1";""
"201900058194";"138 196 799";"A01";"1";"99";"0";"2";"1";"13";"5";""
"201900058195";"138 196 803";"B01";"2";"7";"0";"2";"8";"1";"1";""
"201900058195";"138 196 848";"A01";"2";"34";"0";"2";"7";"17";"1";""
"201900058196";"138 196 802";"A01";"2";"7";"6";"0";"1";"13";"1";""
"201900058197";"138 196 796";"A01";"2";"30";"12";"0";"1";"13";"1";""
"201900058198";"138 196 797";"A01";"0";"7";"0";"1";"2";"16";"1";""
"201900058199";"138 196 795";"A01";"2";"33";"13";"0";"1";"1";"1";""
"201900058200";"138 196 794";"A01";"3";"7";"6";"0";"3";"1";"1";""
"201900058201";"138 196 793";"A01";"3";"10";"0";"1";"2";"0";"1";""
"201900058202";"138 196 791";"A01";"1";"7";"0";"4";"7";"1";"0";""
"201900058202";"138 196 792";"B01";"0";"39";"0";"2";"1";"1";"0";""
"201900058203";"138 196 789";"A01";"0";"7";"0";"1";"1";"1";"1";""
"201900058204";"138 196 787";"C01";"1";"7";"0";"2";"1";"1";"1";""
"201900058204";"138 196 788";"B01";"1";"7";"0";"2";"1";"1";"1";""
"201900058204";"138 196 790";"A01";"1";"7";"0";"2";"4";"1";"1";""
"201900058205";"138 196 786";"A01";"1";"33";"3";"0";"3";"17";"0";""
"201900058206";"138 196 801";"A01";"3";"3";"0";"2";"1";"15";"1";""
"201900058206";"138 196 809";"B01";"3";"3";"0";"1";"4";"15";"1";""
"201900058207";"138 196 800";"B01";"1";"7";"0";"2";"1";"1";"1";""
"201900058207";"138 196 807";"A01";"2";"7";"0";"2";"1";"1";"1";""
"201900058208";"138 196 785";"A01";"2";"7";"0";"1";"2";"2";"1";""
"201900058209";"138 196 783";"A01";"1";"30";"12";"0";"1";"1";"1";""
"201900058210";"138 196 782";"A01";"1";"7";"0";"2";"8";"19";"1";""
"201900058210";"138 196 784";"B01";"2";"7";"0";"2";"1";"1";"1";""
"201900058211";"138 196 780";"B01";"3";"7";"0";"2";"2";"23";"1";""
"201900058211";"138 196 781";"A01";"3";"1";"0";"2";"8";"21";"5";""
"201900058212";"138 196 773";"A01";"2";"7";"13";"0";"7";"1";"1";""
"201900058213";"138 196 772";"A01";"0";"7";"0";"2";"1";"1";"1";""
"201900058213";"138 196 776";"B01";"0";"7";"1";"0";"4";"26";"1";""
"201900058214";"138 196 771";"A01";"2";"7";"0";"2";"1";"1";"1";""
"201900058214";"138 196 774";"B01";"2";"7";"0";"2";"4";"1";"1";""
"201900058214";"138 196 775";"C01";"1";"7";"0";"2";"4";"15";"1";""
"201900058214";"138 196 777";"D01";"2";"7";"0";"2";"8";"1";"1";""
"201900058215";"138 196 767";"B01";"0";"7";"0";"2";"7";"26";"1";""
"201900058215";"138 196 769";"A01";"0";"7";"6";"2";"9";"1";"1";""
"201900058216";"138 196 765";"B01";"2";"7";"0";"2";"1";"1";"1";""
"201900058216";"138 196 768";"A01";"1";"7";"1";"2";"1";"1";"1";""
"201900058217";"138 196 764";"B01";"0";"33";"13";"0";"0";"14";"1";""
"201900058217";"138 196 766";"A01";"0";"7";"0";"0";"0";"13";"1";""
"201900058218";"138 196 762";"B01";"1";"33";"0";"2";"8";"16";"1";""