"Num_Acc";"id_vehicule";"num_veh";"senc";"catv";"obs";"obsm";"choc";"manv";"motor";"occutc"
"201900058218";"138 196 763";"A01";"2";"7";"0";"2";"3";"10";"1";""
"201900058219";"138 196 761";"A01";"2";"7";"0";"1";"1";"0";"1";""
"201900058220";"138 196 758";"B01";"1";"10";"0";"9";"1";"2";"1";""
"201900058220";"138 196 760";"A01";"1";"1";"0";"0";"4";"1";"5";""
"201900058221";"138 196 753";"Y01";"2";"50";"0";"2";"7";"1";"3";""
"201900058221";"138 196 778";"A01";"1";"7";"0";"1";"3";"9";"1";""
"201900058222";"138 196 755";"B01";"1";"7";"0";"2";"5";"1";"1";""
"201900058222";"138 196 757";"A01";"1";"33";"0";"2";"1";"12";"1";""
"201900058223";"138 196 750";"B01";"2";"7";"0";"9";"1";"2";"0";""
"201900058223";"138 196 756";"A01";"2";"1";"0";"0";"4";"1";"5";""
"201900058224";"138 196 749";"A01";"2";"7";"0";"1";"1";"1";"1";""
"201900058225";"138 196 745";"B01";"1";"7";"0";"2";"1";"1";"1";""
"201900058225";"138 196 747";"A01";"2";"3";"0";"2";"3";"1";"1";""
"201900058226";"138 196 746";"A01";"1";"10";"0";"2";"1";"2";"1";""
"201900058226";"138 196 748";"B01";"1";"7";"0";"2";"4";"2";"1";""
"201900058227";"138 196 743";"A01";"1";"7";"13";"0";"0";"1";"1";""
"201900058228";"138 196 740";"B01";"2";"7";"3";"2";"3";"1";"1";""
"201900058228";"138 196 752";"A01";"1";"7";"3";"2";"1";"13";"1";""
"201900058229";"138 196 741";"A01";"3";"1";"0";"2";"1";"2";"5";""
"201900058229";"138 196 742";"B01";"3";"1";"0";"2";"0";"2";"5";""
"201900058230";"138 196 739";"A01";"1";"7";"0";"1";"2";"1";"0";""
"201900058231";"138 196 738";"A01";"0";"0";"0";"1";"4";"4";"0";""
"201900058232";"138 196 751";"B01";"1";"2";"0";"0";"4";"23";"1";""
"201900058232";"138 196 779";"A01";"1";"7";"0";"2";"2";"1";"1";""
"201900058233";"138 196 754";"A01";"2";"10";"0";"2";"3";"1";"1";""
"201900058233";"138 196 759";"B01";"1";"7";"0";"2";"3";"1";"1";""
"201900058234";"138 196 736";"B01";"3";"7";"0";"2";"3";"1";"2";""
"201900058234";"138 196 737";"A01";"3";"1";"0";"2";"1";"1";"5";""
"201900058235";"138 196 734";"A01";"1";"31";"0";"0";"0";"1";"1";""
"201900058236";"138 196 731";"A01";"3";"7";"0";"2";"2";"13";"0";""
"201900058236";"138 196 735";"B01";"1";"7";"0";"2";"8";"21";"0";""
"201900058237";"138 196 729";"A01";"1";"7";"8";"0";"1";"1";"1";""
"201900058238";"138 196 727";"A01";"1";"7";"0";"2";"5";"22";"1";""
"201900058238";"138 196 730";"B01";"1";"2";"0";"2";"1";"18";"1";""
"201900058239";"138 196 726";"A01";"3";"7";"0";"0";"3";"9";"1";""
"201900058239";"138 196 728";"B01";"2";"7";"0";"2";"1";"1";"1";""
"201900058240";"138 196 723";"A01";"2";"2";"0";"2";"2";"19";"1";""
"201900058240";"138 196 725";"B01";"2";"7";"0";"0";"3";"1";"1";""
"201900058241";"138 196 722";"A01";"1";"1";"0";"2";"1";"9";"5";""
"201900058241";"138 196 724";"B01";"1";"37";"0";"2";"7";"1";"1";"1"
"201900058242";"138 196 719";"A01";"1";"7";"0";"2";"1";"2";"0";""
"201900058242";"138 196 720";"C01";"2";"7";"0";"2";"1";"1";"1";""
"201900058242";"138 196 721";"B01";"1";"7";"0";"2";"4";"23";"1";""
"201900058243";"138 196 718";"A01";"1";"7";"6";"9";"7";"0";"1";""
"201900058244";"138 196 717";"A01";"1";"7";"0";"1";"3";"1";"1";""
"201900058245";"138 196 715";"A01";"2";"7";"13";"0";"1";"1";"1";""
"201900058246";"138 196 713";"B01";"3";"7";"1";"1";"4";"23";"0";""
"201900058246";"138 196 716";"A01";"1";"7";"1";"0";"2";"1";"0";""
"201900058247";"138 196 714";"Z01";"2";"30";"0";"1";"0";"1";"1";""
"201900058248";"138 196 712";"A01";"1";"33";"0";"0";"1";"1";"1";""
"201900058249";"138 196 711";"A01";"1";"7";"4";"0";"9";"1";"1";""
"201900058250";"138 196 709";"A01";"2";"7";"0";"2";"3";"13";"1";""
"201900058250";"138 196 710";"B01";"3";"34";"0";"2";"7";"1";"1";""
"201900058251";"138 196 704";"B01";"3";"7";"0";"2";"2";"1";"1";""
"201900058251";"138 196 707";"A01";"3";"7";"0";"2";"3";"19";"1";""
"201900058252";"138 196 705";"B01";"2";"7";"0";"2";"3";"1";"1";""
"201900058252";"138 196 708";"A01";"2";"2";"15";"2";"6";"19";"1";""
"201900058253";"138 196 700";"A01";"2";"7";"0";"2";"3";"15";"1";""
"201900058253";"138 196 706";"B01";"2";"2";"0";"2";"2";"17";"3";""
"201900058254";"138 196 702";"A01";"1";"31";"0";"0";"7";"1";"1";""
"201900058255";"138 196 698";"A01";"1";"7";"0";"1";"2";"15";"0";""
"201900058256";"138 196 703";"B01";"3";"50";"0";"2";"4";"5";"3";""
"201900058256";"138 196 732";"A01";"3";"7";"0";"2";"1";"1";"0";""
"201900058257";"138 196 699";"A01";"1";"2";"8";"0";"1";"0";"1";""
"201900058258";"138 196 697";"A01";"3";"2";"0";"1";"1";"1";"1";""
"201900058259";"138 196 692";"B01";"2";"1";"0";"2";"8";"1";"5";""
"201900058259";"138 196 693";"A01";"1";"30";"0";"2";"1";"1";"1";""
"201900058260";"138 196 690";"A01";"3";"7";"0";"2";"3";"15";"1";""
"201900058260";"138 196 696";"B01";"2";"7";"0";"2";"1";"1";"1";""
"201900058261";"138 196 688";"A01";"2";"33";"0";"1";"1";"1";"1";""
"201900058262";"138 196 685";"B01";"2";"31";"0";"2";"1";"1";"1";""
"201900058262";"138 196 691";"A01";"2";"7";"0";"2";"8";"10";"1";""
"201900058263";"138 196 689";"B01";"2";"7";"0";"6";"2";"1";"0";""
"201900058263";"138 196 695";"A01";"3";"50";"0";"2";"1";"19";"3";""
"201900058264";"138 196 687";"A01";"1";"7";"0";"2";"1";"1";"1";""
"201900058264";"138 196 694";"B01";"3";"7";"0";"2";"8";"19";"1";""
"201900058265";"138 196 683";"A01";"2";"7";"0";"2";"1";"15";"1";""
"201900058265";"138 196 684";"B01";"1";"30";"0";"2";"1";" -1";"1";""
"201900058266";"138 196 681";"B01";"2";"1";"0";"2";"3";"1";"5";""
"201900058266";"138 196 682";"A01";"1";"7";"0";"6";"2";"15";"1";""
"201900058267";"138 196 676";"A01";"1";"7";"17";"0";"1";"1";"1";""
"201900058268";"138 196 677";"A01";"2";"13";"1";"0";"3";"1";"1";""
"201900058268";"138 196 678";"B01";"3";"99";"0";"2";"7";"0";"0";""
"201900058268";"138 196 680";"C01";"3";"7";"0";"1";"4";"24";"1";""
"201900058269";"138 196 675";"A01";"0";"7";"0";"1";"8";"1";"1";""
"201900058270";"138 196 673";"B01";"2";"13";"0";"6";"2";"1";"1";""
"201900058270";"138 196 674";"A01";"2";"30";"0";"2";"3";"18";"1";""
"201900058271";"138 196 670";"B01";"1";"17";"0";"2";"1";"1";"1";""
"201900058271";"138 196 672";"A01";"2";"33";"0";"2";"1";"13";"1";""
"201900058272";"138 196 667";"A01";"2";"7";"2";"0";"1";"0";"0";""
"201900058273";"138 196 666";"Z01";"2";"7";"0";"2";"0";"26";"0";""
"201900058273";"138 196 668";"A01";"2";"30";"0";"2";"0";"21";"1";""
"201900058274";"138 196 665";"A01";"1";"7";"0";"2";"3";"13";"1";""
"201900058274";"138 196 669";"B01";"1";"7";"0";"2";"8";"0";"1";""
"201900058274";"138 196 671";"C01";"1";"7";"0";"2";"3";"0";"1";""
"201900058275";"138 196 664";"A01";"2";"7";"17";"0";"2";"14";"1";""
"201900058276";"138 196 663";"A01";"3";"2";"0";"0";"9";"0";"0";""
"201900058277";"138 196 658";"A01";"3";"1";"2";"0";"1";"1";"6";""
"201900058278";"138 196 660";"A01";"2";"34";"0";"2";"3";"13";"1";""
"201900058278";"138 196 662";"B01";"1";"10";"0";"2";"8";"26";"1";""
"201900058279";"138 196 659";"B01";"1";"33";"0";"2";"2";"1";"1";""
"201900058279";"138 196 661";"A01";"1";"7";"0";"6";"6";"15";"1";""
"201900058280";"138 196 656";"A01";"2";"3";"0";"2";"1";"2";"1";""
"201900058280";"138 196 657";"B01";"2";"7";"0";"2";"4";"2";"1";""
"201900058281";"138 196 653";"A01";"1";"10";"0";"2";"1";"15";"1";""
"201900058281";"138 196 686";"B01";"2";"1";"0";"2";"7";"1";"5";""
"201900058282";"138 196 654";"A01";"0";"7";"2";"0";"2";"1";"1";""
"201900058283";"138 196 650";"A01";"1";"10";"0";"1";"7";"1";"1";""
"201900058284";"138 196 647";"B01";"0";"10";"0";"2";"1";"23";"1";""
"201900058284";"138 196 655";"A01";"0";"7";"8";"2";"1";"1";"1";""
"201900058285";"138 196 644";"B01";"2";"31";"0";"2";"1";"1";"1";""
"201900058285";"138 196 649";"A01";"1";"7";"0";"2";"8";"10";"1";""
"201900058286";"138 196 643";"A01";"1";"2";"7";"0";"1";"1";"1";""
"201900058287";"138 196 642";"B01";"2";"7";"0";"2";"1";"1";"1";""
"201900058287";"138 196 648";"A01";"1";"7";"0";"2";"2";"19";"1";""
"201900058288";"138 196 641";"A01";"3";"7";"0";"1";"2";"2";"1";""
"201900058289";"138 196 640";"A01";"1";"7";"0";"1";"2";"1";"1";""
"201900058290";"138 196 638";"A01";"1";"1";"0";"0";"0";"1";"5";""
"201900058291";"138 196 636";"C01";"2";"7";"0";"2";"4";"15";"1";""
"201900058291";"138 196 637";"B01";"2";"7";"0";"2";"4";"2";"1";""
"201900058291";"138 196 639";"A01";"2";"7";"0";"2";"1";"2";"1";""
"201900058292";"138 196 635";"A01";"2";"7";"0";"1";"1";"15";"1";""
"201900058293";"138 196 633";"B01";"1";"7";"0";"2";"6";"0";"1";""
"201900058293";"138 196 634";"A01";"1";"10";"0";"2";"2";"2";"1";""
"201900058294";"138 196 632";"A01";"1";"7";"15";"9";"3";"1";"0";""
"201900058295";"138 196 631";"A01";"0";"2";"8";"0";"1";"26";"1";""
"201900058296";"138 196 629";"A01";"2";"7";"0";"2";"3";"15";"0";""
"201900058296";"138 196 630";"B01";"1";"33";"0";"2";"1";"2";"0";""
"201900058297";"138 196 628";"A01";"1";"7";"6";"0";"9";"13";"1";""
"201900058298";"138 196 624";"A01";"1";"7";"0";"2";"1";"13";"1";""
"201900058298";"138 196 626";"B01";"2";"38";"0";"2";"3";"1";"1";"1"
"201900058299";"138 196 625";"A01";"2";"7";"0";"2";"4";"0";"1";""
"201900058299";"138 196 627";"B01";"1";"7";"0";"2";"1";"1";"1";""
"201900058300";"138 196 623";"A01";"1";"7";"0";"1";"2";"1";"0";""
"201900058301";"138 196 622";"A01";"1";"7";"2";"0";"3";"1";"1";""
"201900058302";"138 196 619";"A01";"2";"7";"0";"9";"7";"17";"1";""
"201900058302";"138 196 621";"B01";"2";"1";"0";"2";"8";"1";"5";""
"201900058303";"138 196 646";"A01";"1";"7";"0";"2";"1";"1";"1";""
"201900058303";"138 196 651";"B01";"2";"7";"0";"2";"1";"14";"1";""
"201900058304";"138 196 645";"A01";"2";"7";"0";"2";"7";"15";"1";""
"201900058304";"138 196 652";"B01";"1";"33";"0";"2";"1";"1";"1";""
"201900058304";"138 196 679";"C01";"2";"7";"0";"2";"3";"2";"1";""
"201900058305";"138 196 616";"A01";"1";"7";"14";"0";"1";"2";"1";""
"201900058305";"138 196 618";"B01";"1";"7";"14";"0";"1";"2";"1";""
"201900058305";"138 196 620";"C01";"1";"7";"15";"0";"4";"23";"1";""
"201900058306";"138 196 612";"A01";"1";"7";"0";"2";"3";"13";"1";""
"201900058306";"138 196 613";"B01";"2";"10";"0";"2";"3";"1";"1";""
"201900058307";"138 196 614";"B01";"1";"37";"0";"2";"7";"1";"0";"2"
"201900058307";"138 196 617";"A01";"1";"17";"0";"2";"3";"16";"0";""
"201900058308";"138 196 610";"A01";"1";"7";"13";"0";"3";"1";"1";""
"201900058309";"138 196 611";"A01";"1";"7";"0";"0";"2";"1";"1";""
"201900058310";"138 196 603";"A01";"1";"7";"0";"1";"1";"19";"0";""
"201900058311";"138 196 602";"B01";"2";"7";"0";"2";"3";"1";"1";""
"201900058311";"138 196 607";"A01";"1";"1";"0";"2";"2";"1";"5";""
"201900058312";"138 196 600";"A01";"1";"7";"0";"2";"1";"1";"1";""
"201900058312";"138 196 605";"B01";"0";"7";"0";"2";"1";"1";"1";""
"201900058312";"138 196 606";"C01";"2";"7";"0";"2";"3";"1";"1";""
"201900058313";"138 196 601";"A01";"2";"1";"0";"2";"1";"2";"5";""
"201900058313";"138 196 609";"B01";"2";"7";"0";"2";"1";"16";"1";""
"201900058314";"138 196 596";"B01";"2";"7";"0";"2";"3";"1";"0";""
"201900058314";"138 196 597";"A01";"1";"7";"0";"2";"3";"1";"1";""
"201900058315";"138 196 593";"B01";"1";"33";"0";"2";"2";"2";"1";""
"201900058315";"138 196 595";"A01";"1";"7";"0";"2";"3";"2";"1";""
"201900058316";"138 196 590";"A01";"2";"10";"0";"2";"2";"15";"1";""
"201900058316";"138 196 594";"B01";"2";"37";"0";"2";"3";"1";"2";"6"
"201900058317";"138 196 592";"A01";"2";"10";"0";"1";"1";"1";"0";""
"201900058318";"138 196 589";"A01";"2";"7";"0";"2";"2";"1";"1";""
"201900058318";"138 196 591";"B01";"1";"33";"0";"2";"1";"5";"1";""
"201900058319";"138 196 586";"B01";"2";"32";"0";"2";"1";"1";"0";""
"201900058319";"138 196 588";"A01";"1";"7";"0";"2";"2";"15";"6";""
"201900058320";"138 196 583";"A01";"1";"7";"5";"0";"1";"1";"1";""
"201900058321";"138 196 580";"D01";"2";"7";"0";"0";"1";"2";"0";""
"201900058321";"138 196 581";"C01";"2";"7";"0";"2";"1";"2";"1";""
"201900058321";"138 196 584";"A01";"2";"7";"0";"2";"4";"1";"1";""
"201900058321";"138 196 587";"B01";"2";"7";"0";"2";"1";"2";"1";""
"201900058322";"138 196 579";"A01";"2";"10";"1";"1";"2";"2";"1";""
"201900058323";"138 196 576";"A01";"1";"7";"0";"2";"1";"1";"1";""
"201900058324";"138 196 575";"A01";"1";"7";"0";"2";"6";"9";"1";""
"201900058324";"138 196 578";"B01";"1";"30";"0";"2";"2";"1";"1";""
"201900058325";"138 196 570";"A01";"1";"7";"0";"2";"8";"1";"1";""
"201900058325";"138 196 573";"B01";"1";"1";"0";"2";"1";"1";"5";""
"201900058326";"138 196 569";"B01";"3";"1";"0";"2";"1";"15";"5";""
"201900058326";"138 196 572";"A01";"3";"7";"1";"0";"2";"16";"1";""
"201900058327";"138 196 568";"B01";"1";"33";"0";"0";"2";"1";"1";""
"201900058327";"138 196 571";"A01";"2";"7";"0";"0";"0";"13";"1";""
"201900058328";"138 196 564";"A01";"1";"33";"0";"2";"7";"1";"1";""
"201900058328";"138 196 566";"B01";"1";"7";"0";"2";"3";"9";"0";""
"201900058329";"138 196 561";"A01";"1";"7";"1";"0";"7";"1";"1";""
"201900058330";"138 196 560";"A01";"2";"7";"4";"0";"1";"13";"1";""
"201900058331";"138 196 558";"A01";"1";"7";"0";"2";"3";"6";"1";""
"201900058331";"138 196 559";"B01";"1";"33";"0";"2";"1";"2";"1";""
"201900058332";"138 196 562";"A01";"1";"15";"0";"1";"7";"19";"0";""
"201900058333";"138 196 553";"A01";"2";"7";"0";"2";"3";"17";"1";""
"201900058333";"138 196 556";"B01";"2";"7";"0";"2";"6";"1";"1";""
"201900058334";"138 196 552";"B01";"1";"32";"0";"0";"0";"0";"1";""
"201900058334";"138 196 557";"A01";"1";"7";"0";"2";"1";"1";"1";""
"201900058335";"138 196 554";"A01";"1";"1";"0";"2";"1";"1";"6";""
"201900058335";"138 196 555";"B01";"3";"50";"0";"2";"1";"1";"3";""
"201900058336";"138 196 550";"A01";"3";"7";"0";"1";"1";"1";"1";""
"201900058337";"138 196 545";"A01";"1";"7";"0";"6";"3";"15";"1";""
"201900058337";"138 196 548";"B01";"2";"1";"0";"2";"1";"0";"5";""
"201900058338";"138 196 546";"B01";"2";"10";"0";"2";"6";"1";"1";""
"201900058338";"138 196 549";"A01";"2";"7";"0";"2";"2";"11";"0";""
"201900058339";"138 196 544";"B01";"3";"60";"0";"2";"2";"1";"5";""
"201900058339";"138 196 547";"A01";"3";"7";"0";"2";"3";"19";"1";""
"201900058340";"138 196 542";"A01";"1";"7";"0";"2";"3";"15";"1";""
"201900058340";"138 196 543";"B01";"2";"1";"0";"2";"1";"1";"5";""
"201900058341";"138 196 539";"A01";"1";"7";"0";"2";"3";"15";"1";""
"201900058341";"138 196 541";"B01";"2";"33";"0";"2";"1";"1";"1";""
"201900058342";"138 196 538";"A01";"1";"1";"1";"0";"0";"14";"6";""
"201900058343";"138 196 535";"B01";"1";"31";"0";"2";"5";"2";"1";""
"201900058343";"138 196 536";"A01";"1";"7";"0";"2";"3";"15";"1";""
"201900058344";"138 196 534";"A01";"1";"10";"3";"0";"3";"14";"1";""
"201900058345";"138 196 530";"A01";"2";"2";"0";"2";"8";"5";"1";""
"201900058345";"138 196 531";"B01";"1";"1";"0";"2";"1";"1";"5";""
"201900058346";"138 196 537";"A01";"2";"7";"0";"1";"3";"15";"1";""
"201900058347";"138 196 527";"A01";"2";"99";"0";"0";"1";"1";"0";""
"201900058347";"138 196 528";"B01";"2";"99";"0";"6";"7";"1";"0";""
"201900058348";"138 196 551";"A01";"2";"7";"0";"9";"2";"2";"1";""
"201900058348";"138 196 604";"B01";"2";"1";"0";"2";"4";"2";"5";""
"201900058349";"138 196 532";"A01";"3";"37";"0";"2";"3";"21";"1";"1"
"201900058349";"138 196 533";"B01";"3";"10";"0";"2";"5";"0";"1";""
"201900058350";"138 196 540";"A01";"0";"2";"12";"0";"0";"0";"0";""
"201900058351";"138 196 526";"A01";"1";"7";"0";"2";"3";"1";"3";""
"201900058351";"138 196 529";"B01";"2";"1";"0";"0";"1";"9";"5";""
"201900058352";"138 196 522";"A01";"3";"2";"12";"0";"1";"1";"1";""
"201900058353";"138 196 520";"A01";"3";"32";"1";"0";"1";"0";"1";""
"201900058354";"138 196 523";"A01";"1";"7";"12";"0";"2";"0";"1";""
"201900058354";"138 196 525";"Z01";"1";"7";"0";"2";"1";"0";"0";""
"201900058355";"138 196 518";"B01";"2";"7";"0";"2";"6";"1";"0";""
"201900058355";"138 196 519";"A01";"2";"33";"0";"2";"1";"1";"1";""
"201900058356";"138 196 517";"A01";"3";"33";"0";"0";"8";"0";"1";""
"201900058357";"138 196 515";"A01";"1";"7";"0";"1";"1";"16";"1";""
"201900058358";"138 196 514";"A01";"2";"7";"14";"1";"2";"1";"1";""
"201900058359";"138 196 521";"B01";"2";"31";"0";"2";"2";"1";"1";""
"201900058359";"138 196 524";"A01";"2";"7";"0";"2";"3";"11";"1";""
"201900058360";"138 196 511";"A01";"2";"33";"0";"2";"0";"1";"1";""
"201900058360";"138 196 513";"B01";"2";"7";"0";"2";"0";"1";"1";""
"201900058361";"138 196 508";"A01";"3";"30";"0";"2";"4";"11";"1";""
"201900058361";"138 196 510";"B01";"1";"10";"0";"2";"1";"0";"1";""
"201900058362";"138 196 509";"B01";"3";"10";"0";"2";"8";"1";"1";""
"201900058362";"138 196 512";"A01";"0";"33";"0";"2";"0";"0";"0";""
"201900058363";"138 196 505";"A01";"3";"7";"0";"2";"2";"26";"0";""
"201900058363";"138 196 506";"B01";"3";"7";"0";"2";"4";"0";"0";""
"201900058364";"138 196 504";"A01";"1";"2";"0";"0";"0";"0";"1";""
"201900058365";"138 196 502";"B01";"2";"7";"0";"2";"1";"0";"1";""
"201900058365";"138 196 516";"A01";"1";"7";"0";"2";"1";"13";"1";""
"201900058366";"138 196 503";"A01";"0";"50";"0";"2";"0";"1";"3";""
"201900058366";"138 196 507";"Z01";"2";"7";"0";"2";"0";"17";"0";""
"201900058367";"138 196 498";"B01";"0";"1";"0";"2";"3";"1";"5";""
"201900058367";"138 196 499";"A01";"0";"7";"0";"2";"2";"17";"1";""
"201900058368";"138 196 497";"A01";"2";"7";"0";"2";"3";"15";"0";""
"201900058368";"138 196 500";"B01";"1";"33";"0";"2";"1";"1";"0";""
"201900058369";"138 196 495";"A01";"1";"17";"0";"0";"7";"14";"1";""
"201900058370";"138 196 494";"A01";"0";"7";"0";"2";"1";"19";"1";""
"201900058370";"138 196 496";"B01";"0";"31";"0";"2";"9";"1";"1";""
"201900058371";"138 196 493";"A01";"1";"7";"0";"1";"1";"1";"1";""
"201900058372";"138 196 491";"B01";"0";"31";"0";"2";"1";"1";"1";""
"201900058372";"138 196 492";"A01";"0";"7";"0";"2";"3";"19";"1";""
"201900058373";"138 196 489";"B01";"1";"80";"0";"2";"1";"1";"3";""
"201900058373";"138 196 490";"A01";"2";"7";"0";"9";"2";"15";"0";""
"201900058374";"138 196 487";"A01";"2";"7";"0";"2";"3";"0";"1";""
"201900058374";"138 196 488";"B01";"1";"7";"0";"2";"3";"0";"1";""
"201900058375";"138 196 485";"A01";"0";"7";"0";"2";"3";"9";"0";""
"201900058375";"138 196 486";"B01";"1";"33";"0";"2";"9";"1";"0";""
"201900058376";"138 196 481";"A01";"1";"7";"0";"1";"3";"1";"1";""
"201900058377";"138 196 479";"B01";"3";"7";"0";"2";"1";"1";"6";""
"201900058377";"138 196 480";"A01";"1";"7";"0";"2";"4";"23";"6";""
"201900058378";"138 196 484";"A01";"2";"33";"0";"0";"0";"1";"1";""
"201900058379";"138 196 482";"A01";"2";"15";"13";"0";"2";"1";"1";""
"201900058380";"138 196 476";"A01";"2";"7";"0";"2";"2";"26";"1";""
"201900058380";"138 196 477";"B01";"2";"32";"0";"0";"4";"2";"1";""
"201900058380";"138 196 478";"C01";"2";"7";"0";"0";"5";"2";"1";""
"201900058381";"138 196 483";"A01";"1";"7";"0";"1";"1";"1";"1";""
"201900058382";"138 196 474";"A01";"2";"7";"13";"0";"1";"1";"1";""
"201900058383";"138 196 468";"B01";"1";"7";"0";"2";"2";"1";"3";""
"201900058383";"138 196 471";"A01";"1";"7";"0";"2";"8";"19";"1";""
"201900058384";"138 196 469";"B01";"3";"7";"0";"2";"2";"15";"1";""
"201900058384";"138 196 470";"A01";"3";"30";"0";"2";"1";"1";"1";""
"201900058385";"138 196 465";"A01";"1";"7";"2";"0";"1";"14";"0";""
"201900058386";"138 196 466";"B01";"1";"2";"0";"2";"2";"0";"0";""
"201900058386";"138 196 467";"A01";"1";"7";"0";"2";"2";"15";"0";""
"201900058387";"138 196 462";"B01";"2";"38";"0";"2";"3";"0";"1";"1"
"201900058387";"138 196 463";"A01";"1";"7";"0";"2";"1";"13";"1";""
"201900058388";"138 196 459";"B01";"2";"2";"0";"2";"4";"2";"1";""
"201900058388";"138 196 461";"A01";"2";"7";"0";"2";"2";"2";"1";""
"201900058389";"138 196 451";"A01";"1";"34";"0";"2";"4";"1";"1";""
"201900058389";"138 196 456";"B01";"2";"7";"0";"2";"3";"9";"1";""
"201900058390";"138 196 449";"A01";"1";"7";"0";"1";"4";"24";"0";""
"201900058391";"138 196 444";"A01";"3";"7";"0";"2";"2";"1";"1";""
"201900058391";"138 196 446";"B01";"3";"33";"0";"2";"7";"15";"1";""
"201900058392";"138 196 447";"B01";"1";"10";"0";"2";"3";"15";"1";""
"201900058392";"138 196 448";"A01";"1";"30";"0";"2";"1";"17";"1";""
"201900058393";"138 196 443";"B01";"2";"1";"0";"2";"1";"2";"5";""
"201900058393";"138 196 445";"A01";"2";"7";"0";"0";"5";"26";"1";""
"201900058394";"138 196 453";"A01";"1";"7";"0";"1";"1";"1";"1";""
"201900058395";"138 196 439";"A01";"2";"7";"2";"0";"7";"1";"1";""
"201900058396";"138 196 437";"B01";"2";"7";"0";"2";"1";"1";"1";""
"201900058396";"138 196 438";"A01";"1";"7";"0";"2";"1";"11";"1";""
"201900058397";"138 196 441";"A01";"2";"7";"13";"0";"4";"2";"1";""
"201900058397";"138 196 442";"B01";"2";"7";"0";"2";"1";"2";"1";""
"201900058398";"138 196 436";"A01";"1";"33";"13";"0";"0";"1";"1";""
"201900058399";"138 196 440";"A01";"2";"7";"2";"0";"1";"21";"1";""
"201900058400";"138 196 435";"A01";"2";"33";"13";"0";"8";"13";"0";""
"201900058401";"138 196 434";"A01";"2";"7";"13";"0";"1";"0";"1";""
"201900058402";"138 196 433";"A01";"1";"7";"0";"1";"1";"1";"1";""
"201900058403";"138 196 429";"C01";"0";"10";"0";"2";"1";"9";"1";""
"201900058403";"138 196 431";"A01";"1";"7";"0";"2";"1";"23";"1";""
"201900058403";"138 196 432";"B01";"2";"30";"0";"2";"7";"1";"1";""
"201900058404";"138 196 427";"A01";"1";"7";"0";"2";"3";"20";"1";""
"201900058404";"138 196 428";"B01";"1";"2";"0";"2";"1";"1";"1";""
"201900058405";"138 196 424";"B01";"1";"1";"0";"2";"3";"15";"5";""
"201900058405";"138 196 426";"A01";"1";"7";"0";"2";"2";"1";"1";""
"201900058406";"138 196 420";"A01";"1";"7";"6";"0";"9";"17";"1";""
"201900058406";"138 196 422";"B01";"1";"7";"0";"2";"1";"1";"1";""
"201900058407";"138 196 417";"A01";"1";"10";"0";"2";"1";"1";"1";""
"201900058407";"138 196 430";"B01";"0";"7";"0";"0";"8";"1";"1";""
"201900058408";"138 196 415";"A01";"1";"7";"6";"0";"3";"1";"1";""
"201900058409";"138 196 414";"C01";"2";"7";"0";"2";"4";"2";"0";""
"201900058409";"138 196 416";"B01";"2";"7";"0";"2";"4";"2";"0";""
"201900058409";"138 196 418";"A01";"2";"10";"0";"2";"1";"2";"0";""
"201900058410";"138 196 413";"A01";"1";"10";"0";"1";"1";"1";"1";""
"201900058411";"138 196 408";"D01";"1";"7";"0";"2";"1";"1";"0";""
"201900058411";"138 196 410";"A01";"2";"7";"1";"0";"1";"14";"0";""
"201900058412";"138 196 407";"B01";"2";"7";"0";"2";"4";"23";"1";""
"201900058412";"138 196 409";"D01";"1";"10";"0";"0";"1";"1";"1";""
"201900058412";"138 196 411";"C01";"1";"7";"0";"0";"8";"1";"1";""
"201900058412";"138 196 412";"A01";"2";"7";"0";"2";"3";"1";"1";""
"201900058413";"138 196 406";"A01";"1";"33";"0";"0";"1";"1";"1";""
"201900058414";"138 196 405";"A01";"2";"7";"0";"0";"9";"1";"0";""
"201900058415";"138 196 403";"A01";"3";"33";"0";"2";"1";"5";"1";""
"201900058415";"138 196 404";"B01";"3";"7";"0";"2";"3";"1";"1";""
"201900058416";"138 196 401";"A01";"1";"1";"16";"0";"1";"1";"5";""
"201900058417";"138 196 400";"A01";"3";"7";"13";"0";"8";"14";"1";""
"201900058418";"138 196 398";"A01";"2";"33";"16";"9";"0";"1";"1";""
"201900058419";"138 196 394";"A01";"1";"7";"0";"1";"3";"16";"1";""
"201900058420";"138 196 396";"A01";"0";"10";"0";"2";"3";"15";"1";""
"201900058420";"138 196 397";"B01";"0";"33";"0";"2";"3";"1";"1";""
"201900058421";"138 196 393";"B01";"2";"7";"0";"2";"1";"1";"1";""
"201900058421";"138 196 395";"A01";"1";"7";"0";"2";"1";"13";"1";""
"201900058422";"138 196 392";"A01";"1";"7";"0";"1";"5";"14";"1";""
"201900058423";"138 196 390";"B01";"2";"33";"0";"2";"1";"1";"1";""
"201900058423";"138 196 391";"A01";"2";"7";"0";"2";"1";"9";"1";""
"201900058424";"138 196 389";"A01";"0";"7";"8";"0";"0";"0";"1";""
"201900058425";"138 196 387";"B01";"3";"30";"0";"2";"1";"9";"1";""
"201900058425";"138 196 388";"A01";"3";"7";"0";"6";"7";"1";"1";""
"201900058426";"138 196 385";"A01";"0";"7";"0";"0";"0";"1";"1";""
"201900058427";"138 196 384";"B01";"2";"7";"0";"2";"2";"1";"1";""