"Num_Acc";"id_vehicule";"num_veh";"senc";"catv";"obs";"obsm";"choc";"manv";"motor";"occutc"
"201900058427";"138 196 386";"A01";"1";"7";"3";"2";"3";"13";"1";""
"201900058428";"138 196 382";"A01";"3";"7";"0";"2";"1";"26";"0";""
"201900058428";"138 196 383";"B01";"3";"1";"0";"2";"4";"1";"0";""
"201900058429";"138 196 379";"C01";"1";"7";"0";"2";"4";"1";"1";""
"201900058429";"138 196 380";"B01";"1";"7";"0";"2";"4";"1";"1";""
"201900058429";"138 196 381";"A01";"1";"7";"0";"2";"1";"1";"1";""
"201900058430";"138 196 375";"A01";"2";"34";"0";"2";"5";"17";"1";""
"201900058430";"138 196 377";"B01";"2";"7";"0";"2";"8";"15";"1";""
"201900058431";"138 196 373";"A01";"2";"7";"0";"2";"6";"9";"1";""
"201900058431";"138 196 374";"B01";"2";"33";"0";"2";"1";"1";"1";""
"201900058432";"138 196 371";"B01";"1";"1";"0";"2";"6";"0";"0";""
"201900058432";"138 196 372";"A01";"1";"7";"0";"6";"1";"1";"1";""
"201900058433";"138 196 368";"A01";"1";"33";"0";"2";"1";"26";"1";""
"201900058433";"138 196 369";"B01";"3";"7";"0";"2";"6";"9";"1";""
"201900058434";"138 196 376";"B01";"2";"33";"0";"2";"7";"12";"1";""
"201900058434";"138 196 378";"A01";"2";"7";"0";"2";"8";"11";"1";""
"201900058435";"138 196 365";"A01";"0";"10";"0";"1";"1";"1";"1";""
"201900058436";"138 196 360";"A01";"1";"7";"0";"0";"8";"9";"1";""
"201900058436";"138 196 361";"B01";"3";"2";"0";"0";"1";"1";"1";""
"201900058437";"138 196 363";"C01";"2";"7";"13";"0";"1";"0";"0";""
"201900058437";"138 196 366";"B01";"2";"7";"0";"2";"1";"0";"0";""
"201900058437";"138 196 367";"A01";"1";"7";"0";"2";"3";"0";"0";""
"201900058438";"138 196 362";"B01";"2";"7";"0";"2";"8";"26";"1";""
"201900058438";"138 196 364";"A01";"1";"10";"0";"2";"8";"13";"1";""
"201900058439";"138 196 353";"B01";"1";"31";"0";"2";"7";"1";"1";""
"201900058439";"138 196 354";"A01";"1";"7";"0";"2";"3";"1";"1";""
"201900058440";"138 196 357";"A01";"3";"7";"0";"1";"3";"26";"0";""
"201900058441";"138 196 351";"B01";"2";"7";"0";"2";"1";"0";"1";""
"201900058441";"138 196 356";"A01";"1";"7";"0";"2";"1";"13";"1";""
"201900058442";"138 196 349";"B01";"3";"1";"0";"2";"8";"25";"5";""
"201900058442";"138 196 350";"A01";"3";"7";"0";"6";"1";"1";"1";""
"201900058443";"138 196 346";"A01";"3";"10";"0";"1";"1";"1";"0";""
"201900058444";"138 196 347";"B01";"2";"31";"0";"2";"1";"1";"1";""
"201900058444";"138 196 348";"A01";"1";"7";"0";"2";"2";"19";"1";""
"201900058445";"138 196 342";"B01";"2";"33";"0";"2";"1";"2";"1";""
"201900058445";"138 196 344";"A01";"2";"33";"0";"2";"8";"10";"1";""
"201900058446";"138 196 339";"A01";"0";"7";"0";"2";"5";"23";"1";""
"201900058446";"138 196 340";"B01";"3";"33";"0";"2";"8";"21";"1";""
"201900058447";"138 196 337";"A01";"2";"31";"0";"2";"1";"17";"1";""
"201900058447";"138 196 338";"B01";"2";"7";"0";"2";"3";"15";"1";""
"201900058448";"138 196 336";"A01";"0";"7";"0";"1";"8";"1";"1";""
"201900058449";"138 196 333";"A01";"0";"7";"1";"0";"3";"0";"0";""
"201900058450";"138 196 332";"A01";"2";"7";"0";"1";"0";"17";"1";""
"201900058451";"138 196 331";"A01";"3";"7";"13";"0";"2";"15";"1";""
"201900058452";"138 196 330";"A01";"3";"99";"9";"0";"0";"0";"1";""
"201900058453";"138 196 326";"C01";"1";"10";"0";"2";"1";"1";"0";""
"201900058453";"138 196 328";"B01";"2";"7";"0";"2";"3";"1";"0";""
"201900058453";"138 196 329";"A01";"1";"7";"0";"2";"3";"17";"0";""
"201900058454";"138 196 324";"A01";"1";"7";"14";"2";"1";"26";"0";""
"201900058454";"138 196 325";"B01";"1";"7";"0";"2";"9";"23";"0";""
"201900058454";"138 196 327";"C01";"1";"7";"0";"2";"4";"23";"0";""
"201900058455";"138 196 323";"A01";"1";"33";"2";"0";"3";"1";"1";""
"201900058456";"138 196 321";"A01";"2";"7";"0";"2";"5";"16";"1";""
"201900058456";"138 196 322";"B01";"2";"1";"0";"2";"1";"18";"5";""
"201900058457";"138 196 320";"A01";"2";"7";"0";"1";"1";"1";"1";""
"201900058458";"138 196 319";"A01";"1";"7";"6";"0";"3";"13";"1";""
"201900058459";"138 196 317";"A01";"1";"7";"0";"2";"1";"1";"1";""
"201900058459";"138 196 318";"B01";"1";"7";"0";"2";"4";"1";"1";""
"201900058460";"138 196 315";"A01";"1";"10";"0";"2";"7";"14";"1";""
"201900058460";"138 196 316";"B01";"1";"32";"0";"2";"8";"26";"1";""
"201900058461";"138 196 313";"B01";"1";"1";"0";"2";"7";"0";"0";""
"201900058461";"138 196 314";"A01";"1";"7";"0";"2";"2";"9";"1";""
"201900058462";"138 196 306";"A01";"1";"7";"0";"2";"2";"1";"1";""
"201900058462";"138 196 307";"B01";"1";"33";"0";"2";"1";"1";"1";""
"201900058463";"138 196 303";"B01";"3";"7";"0";"2";"8";"15";"1";""
"201900058463";"138 196 305";"A01";"3";"32";"0";"2";"1";"17";"1";""
"201900058464";"138 196 302";"A01";"2";"33";"0";"2";"1";"1";"1";""
"201900058464";"138 196 304";"B01";"2";"30";"0";"2";"7";"15";"3";""
"201900058465";"138 196 301";"Z01";"3";"31";"0";"1";"1";"1";"1";""
"201900058466";"138 196 297";"A01";"2";"33";"0";"2";"7";"17";"1";""
"201900058466";"138 196 298";"B01";"2";"10";"0";"2";"8";"11";"1";""
"201900058466";"138 196 300";"C01";"1";"7";"0";"2";"7";"1";"1";""
"201900058467";"138 196 296";"A01";"1";"32";"0";"2";"1";"1";"1";""
"201900058467";"138 196 299";"Z01";"1";"30";"0";"2";"8";"10";"3";""
"201900058468";"138 196 294";"A01";"1";"99";"0";"2";"0";"9";"0";""
"201900058469";"138 196 293";"A01";"2";"7";"0";"2";"7";"22";"1";""
"201900058469";"138 196 295";"B01";"2";"1";"0";"2";"3";"18";"5";""
"201900058470";"138 196 289";"B01";"1";"37";"0";"2";"7";"7";"1";"1"
"201900058470";"138 196 291";"A01";"1";"50";"0";"2";"0";"18";"3";""
"201900058471";"138 196 290";"B01";"1";"7";"0";"2";"1";"1";"3";""
"201900058471";"138 196 292";"A01";"1";"7";"0";"2";"1";"13";"1";""
"201900058472";"138 196 287";"A01";"2";"10";"0";"1";"1";"16";"1";""
"201900058473";"138 196 286";"A01";"3";"7";"0";"1";"4";"26";"0";""
"201900058473";"138 196 288";"B01";"3";"33";"0";"2";"1";"2";"1";""
"201900058474";"138 196 283";"A01";"1";"7";"0";"2";"1";"2";"1";""
"201900058474";"138 196 285";"B01";"3";"7";"0";"9";"4";"23";"1";""
"201900058475";"138 196 282";"Z01";"2";"7";"0";"2";"0";"1";"0";""
"201900058475";"138 196 284";"A01";"3";"50";"0";"2";"0";"1";"3";""
"201900058476";"138 196 279";"A01";"1";"7";"0";"1";"2";"1";"1";""
"201900058477";"138 196 277";"B01";"1";"7";"0";"2";"2";"7";"2";""
"201900058477";"138 196 278";"A01";"2";"1";"0";"2";"1";"1";"5";""
"201900058478";"138 196 276";"A01";"1";"7";"0";"1";"4";"20";"1";""
"201900058479";"138 196 275";"A01";"1";"32";"11";"0";"3";"11";"1";""
"201900058480";"138 196 274";"A01";"1";"10";"0";"1";"8";"1";"1";""
"201900058481";"138 196 273";"A01";"1";"31";"0";"0";"7";"16";"1";""
"201900058482";"138 196 271";"B01";"1";"7";"0";"2";"5";"7";"2";""
"201900058482";"138 196 272";"A01";"1";"7";"0";"2";"5";"16";"1";""
"201900058483";"138 196 269";"B01";"1";"7";"0";"2";"7";"1";"1";""
"201900058483";"138 196 270";"A01";"1";"7";"0";"2";"1";"1";"1";""
"201900058484";"138 196 268";"A01";"2";"37";"0";"1";"2";"7";"1";"1"
"201900058485";"138 196 266";"B01";"1";"34";"0";"2";"4";"1";"1";""
"201900058485";"138 196 267";"A01";"1";"32";"0";"2";"1";"1";"1";""
"201900058486";"138 196 264";"A01";"0";"30";"0";"2";"1";"5";"1";""
"201900058486";"138 196 265";"B01";"0";"7";"0";"2";"3";"15";"1";""
"201900058487";"138 196 262";"Z01";"1";"7";"0";"2";"2";"14";"1";""
"201900058487";"138 196 263";"A01";"1";"33";"0";"2";"3";"23";"1";""
"201900058488";"138 196 260";"A01";"1";"2";"0";"2";"1";"1";"1";""
"201900058488";"138 196 261";"Z01";"2";"7";"0";"2";"8";"10";"6";""
"201900058489";"138 196 259";"A01";"2";"7";"12";"2";"2";"21";"1";""
"201900058490";"138 196 255";"B01";"1";"3";"0";"2";"4";"23";"1";""
"201900058490";"138 196 256";"A01";"1";"3";"1";"2";"1";"1";"0";""
"201900058491";"138 196 253";"B01";"2";"33";"14";"2";"2";"1";"0";""
"201900058491";"138 196 254";"A01";"1";"7";"0";"2";"3";"15";"0";""
"201900058492";"138 196 251";"A01";"1";"10";"0";"2";"3";"15";"0";""
"201900058492";"138 196 252";"B01";"1";"7";"0";"2";"2";"1";"1";""
"201900058493";"138 196 250";"A01";"3";"7";"0";"2";"2";"1";"1";""
"201900058494";"138 196 248";"A01";"1";"7";"0";"2";"1";"26";"0";""
"201900058494";"138 196 249";"B01";"1";"2";"0";"2";"4";"26";"0";""
"201900058495";"138 196 246";"A01";"3";"10";"0";"2";"3";"15";"0";""
"201900058495";"138 196 247";"B01";"1";"2";"0";"2";"1";"1";"0";""
"201900058496";"138 196 245";"A01";"1";"34";"0";"1";"1";"15";"0";""
"201900058497";"138 196 244";"A01";"1";"7";"0";"1";"4";"26";"0";""
"201900058498";"138 196 241";"A01";"1";"7";"1";"0";"2";"21";"1";""
"201900058498";"138 196 242";"T01";"2";"10";"0";"0";"0";"0";"1";""
"201900058498";"138 196 243";"B01";"0";"7";"2";"1";"2";"25";"1";""
"201900058499";"138 196 239";"B01";"1";"7";"0";"2";"1";"0";"1";""
"201900058499";"138 196 240";"A01";"2";"7";"0";"2";"1";"0";"1";""
"201900058500";"138 196 238";"Z01";"1";"7";"0";"2";"3";"21";"0";""
"201900058501";"138 196 237";"A01";"1";"1";"0";"1";"1";"25";"5";""
"201900058502";"138 196 236";"A01";"1";"10";"0";"1";"4";"4";"6";""
"201900058503";"138 196 235";"A01";"3";"33";"0";"0";"8";"2";"0";""
"201900058504";"138 196 233";"A01";"2";"7";"0";"2";"7";"17";"0";""
"201900058504";"138 196 234";"B01";"2";"7";"0";"2";"8";"15";"0";""
"201900058505";"138 196 231";"B01";"3";"14";"0";"2";"6";"26";"1";""
"201900058505";"138 196 232";"A01";"3";"37";"0";"2";"6";"26";"1";"2"
"201900058506";"138 196 230";"Z01";"3";"3";"0";"1";"1";"17";"0";""
"201900058507";"138 196 228";"B01";"2";"7";"0";"2";"3";"15";"0";""
"201900058507";"138 196 229";"A01";"1";"7";"0";"2";"3";"1";"0";""
"201900058508";"138 196 226";"A01";"1";"7";"0";"2";"7";"15";"1";""
"201900058508";"138 196 227";"B01";"3";"7";"0";"2";"1";"1";"1";""
"201900058509";"138 196 224";"A01";"1";"34";"0";"2";"3";"18";"1";""
"201900058509";"138 196 225";"B01";"1";"7";"0";"2";"5";"2";"1";""
"201900058510";"138 196 222";"A01";"3";"14";"0";"2";"1";"2";"1";""
"201900058510";"138 196 223";"B01";"3";"7";"0";"2";"4";"2";"1";""
"201900058511";"138 196 220";"A01";"1";"10";"0";"2";"2";"1";"0";""
"201900058511";"138 196 221";"B01";"2";"7";"0";"2";"1";"1";"0";""
"201900058512";"138 196 218";"B01";"2";"7";"0";"2";"6";"23";"1";""
"201900058512";"138 196 219";"A01";"2";"32";"0";"2";"2";"17";"1";""
"201900058513";"138 196 217";"A01";"3";"7";"0";"1";"4";"20";"1";""
"201900058514";"138 196 215";"B01";"3";"50";"0";"2";"1";"1";"3";""
"201900058514";"138 196 216";"A01";"1";"7";"0";"9";"3";"22";"1";""
"201900058515";"138 196 213";"A01";"3";"7";"0";"2";"7";"1";"0";""
"201900058515";"138 196 214";"B01";"3";"7";"0";"2";"2";"19";"0";""
"201900058516";"138 196 211";"A01";"3";"7";"0";"2";"2";"2";"1";""
"201900058516";"138 196 212";"B01";"3";"2";"0";"2";"1";"19";"0";""
"201900058517";"138 196 209";"B01";"1";"7";"0";"2";"1";"2";"1";""
"201900058517";"138 196 210";"A01";"1";"7";"0";"2";"1";"9";"1";""
"201900058518";"138 196 207";"B01";"2";"7";"0";"2";"3";"15";"1";""
"201900058518";"138 196 208";"A01";"2";"10";"0";"2";"2";"1";"1";""
"201900058519";"138 196 206";"A01";"3";"7";"0";"1";"6";"1";"1";""
"201900058520";"138 196 203";"A01";"2";"33";"0";"2";"3";"18";"1";""
"201900058520";"138 196 204";"B01";"2";"7";"0";"2";"2";"12";"1";""
"201900058520";"138 196 205";"D01";"2";"7";"0";"2";"0";"23";"1";""
"201900058521";"138 196 201";"A01";"1";"7";"0";"2";"3";"15";"1";""
"201900058521";"138 196 202";"B01";"2";"33";"0";"2";"1";"2";"1";""
"201900058522";"138 196 199";"A01";"3";"10";"0";"2";"1";"2";"1";""
"201900058522";"138 196 200";"B01";"3";"7";"0";"0";"4";"2";"1";""
"201900058523";"138 196 197";"B01";"2";"7";"0";"2";"2";"15";"1";""
"201900058523";"138 196 198";"A01";"1";"7";"0";"2";"3";"1";"1";""
"201900058524";"138 196 195";"B01";"1";"7";"0";"2";"4";"23";"1";""
"201900058524";"138 196 196";"A01";"1";"7";"0";"2";"1";"12";"1";""
"201900058525";"138 196 194";"A01";"3";"30";"0";"0";"0";"2";"1";""
"201900058526";"138 196 192";"A01";"3";"7";"0";"2";"1";"2";"1";""
"201900058526";"138 196 193";"B01";"3";"7";"0";"2";"4";"2";"1";""
"201900058527";"138 196 190";"B01";"1";"33";"0";"2";"2";"1";"1";""
"201900058527";"138 196 191";"A01";"1";"10";"0";"2";"8";"9";"1";""
"201900058528";"138 196 188";"A01";"1";"7";"0";"2";"2";"1";"1";""
"201900058528";"138 196 189";"B01";"1";"1";"1";"2";"1";"9";"5";""
"201900058529";"138 196 186";"B01";"1";"7";"0";"2";"8";"15";"1";""
"201900058529";"138 196 187";"A01";"1";"32";"0";"2";"1";"17";"1";""
"201900058530";"138 196 185";"A01";"2";"7";"0";"1";"1";"26";"1";""
"201900058531";"138 196 184";"A01";"2";"31";"0";"0";"0";"23";"1";""
"201900058532";"138 196 182";"B01";"2";"2";"0";"2";"1";"1";"0";""
"201900058532";"138 196 183";"A01";"1";"7";"0";"2";"1";"16";"0";""
"201900058533";"138 196 181";"A01";"1";"7";"0";"1";"1";"15";"1";""
"201900058534";"138 196 179";"A01";"2";"10";"1";"0";"3";"26";"1";""
"201900058534";"138 196 180";"B01";"2";"10";"1";"0";"0";"0";"1";""
"201900058535";"138 196 178";"A01";"2";"30";"0";"0";"8";"1";"1";""
"201900058536";"138 196 176";"B01";"1";"33";"0";"2";"5";"0";"1";""
"201900058536";"138 196 177";"Z01";"1";"7";"0";"2";"6";"0";"0";""
"201900058537";"138 196 174";"A01";"1";"7";"0";"2";"3";"15";"2";""
"201900058537";"138 196 175";"B01";"2";"32";"0";"2";"2";"1";"1";""
"201900058538";"138 196 172";"A01";"1";"7";"0";"2";"8";"22";"1";""
"201900058538";"138 196 173";"B01";"1";"33";"1";"0";"2";"17";"1";""
"201900058539";"138 196 171";"A01";"1";"33";"0";"1";"1";"15";"1";""
"201900058540";"138 196 170";"A01";"1";"14";"0";"1";"2";"23";"6";""
"201900058541";"138 196 168";"B01";"2";"33";"0";"2";"4";"2";"1";""
"201900058541";"138 196 169";"A01";"2";"7";"0";"2";"1";"2";"1";""
"201900058542";"138 196 166";"B01";"1";"60";"0";"2";"1";"19";"5";""
"201900058542";"138 196 167";"A01";"2";"7";"0";"1";"2";"1";"1";""
"201900058543";"138 196 164";"B01";"1";"31";"0";"2";"1";"1";"0";""
"201900058543";"138 196 165";"A01";"3";"14";"0";"2";"4";"26";"1";""
"201900058544";"138 196 163";"A01";"1";"32";"0";"1";"1";"26";"1";""
"201900058545";"138 196 161";"A01";"3";"7";"0";"2";"6";"24";"1";""
"201900058545";"138 196 162";"Z01";"3";"7";"1";"0";"0";"0";"0";""
"201900058546";"138 196 159";"A01";"1";"7";"0";"2";"2";"2";"1";""
"201900058546";"138 196 160";"B01";"1";"32";"0";"2";"8";"2";"1";""
"201900058547";"138 196 157";"A01";"1";"7";"0";"2";"3";"1";"1";""
"201900058547";"138 196 158";"B01";"2";"1";"0";"2";"2";"19";"5";""
"201900058548";"138 196 156";"A01";"1";"30";"0";"1";"1";"17";"1";""
"201900058549";"138 196 154";"B01";"2";"7";"0";"2";"4";"1";"3";""
"201900058549";"138 196 155";"A01";"2";"10";"0";"2";"1";"2";"1";""
"201900058550";"138 196 153";"A01";"1";"7";"0";"1";"1";"1";"1";""
"201900058551";"138 196 151";"B01";"1";"10";"0";"2";"3";"1";"1";""
"201900058551";"138 196 152";"A01";"1";"10";"0";"2";"2";"20";"1";""
"201900058552";"138 196 149";"A01";"1";"7";"0";"2";"2";"13";"1";""
"201900058552";"138 196 150";"B01";"2";"31";"0";"2";"1";"1";"1";""
"201900058553";"138 196 147";"B01";"1";"33";"0";"2";"3";"1";"1";""
"201900058553";"138 196 148";"A01";"3";"7";"0";"2";"3";"1";"1";""
"201900058554";"138 196 145";"A01";"2";"34";"0";"2";"3";"1";"1";""
"201900058554";"138 196 146";"B01";"1";"7";"0";"2";"2";"10";"1";""
"201900058555";"138 196 142";"C01";"2";"38";"0";"2";"6";"1";"1";"1"
"201900058555";"138 196 143";"A01";"2";"7";"0";"2";"1";"1";"1";""
"201900058555";"138 196 144";"B01";"1";"7";"0";"2";"6";"1";"1";""
"201900058556";"138 196 140";"B01";"1";"7";"0";"2";"2";"20";"1";""
"201900058556";"138 196 141";"A01";"1";"7";"0";"2";"3";"1";"1";""
"201900058557";"138 196 139";"A01";"3";"10";"8";"0";"3";"0";"1";""
"201900058558";"138 196 137";"A01";"2";"7";"0";"1";"1";"0";"0";""
"201900058558";"138 196 138";"B01";"2";"32";"0";"0";"0";"0";"0";""
"201900058559";"138 196 135";"B01";"3";"7";"0";"2";"4";"23";"1";""
"201900058559";"138 196 136";"A01";"3";"7";"14";"0";"1";"2";"1";""
"201900058560";"138 196 134";"A01";"1";"30";"0";"1";"1";"1";"1";""
"201900058561";"138 196 133";"A01";"0";"20";"0";"1";"4";"9";"0";""
"201900058562";"138 196 131";"A01";"0";"7";"0";"2";"1";"1";"1";""
"201900058562";"138 196 132";"B01";"0";"7";"0";"0";"4";"1";"1";""
"201900058563";"138 196 129";"A01";"3";"7";"0";"2";"7";"16";"1";""
"201900058563";"138 196 130";"B01";"3";"7";"0";"2";"3";"16";"1";""
"201900058564";"138 196 127";"B01";"1";"31";"0";"2";"4";"23";"0";""
"201900058564";"138 196 128";"A01";"2";"20";"0";"2";"1";"9";"0";""
"201900058565";"138 196 125";"A01";"1";"7";"0";"2";"1";"1";"1";""
"201900058565";"138 196 126";"B01";"2";"7";"0";"2";"4";"23";"1";""
"201900058566";"138 196 123";"B01";"1";"33";"9";"2";"8";"18";"1";""
"201900058566";"138 196 124";"A01";"1";"7";"0";"2";"2";"16";"1";""
"201900058567";"138 196 122";"A01";"1";"7";"1";"0";"1";"1";"1";""
"201900058568";"138 196 120";"B01";"3";"7";"0";"2";"5";"0";"1";""
"201900058568";"138 196 121";"A01";"3";"2";"0";"2";"1";"26";"1";""
"201900058569";"138 196 117";"A01";"3";"7";"0";"1";"7";"16";"1";""
"201900058570";"138 196 115";"A01";"3";"7";"0";"2";"2";"16";"1";""
"201900058570";"138 196 116";"B01";"3";"1";"0";"2";"1";"19";"0";""
"201900058571";"138 196 113";"A01";"2";"1";"0";"2";"6";"1";"5";""
"201900058571";"138 196 114";"B01";"1";"10";"0";"9";"1";"0";"1";""
"201900058572";"138 196 110";"B01";"3";"7";"0";"2";"1";"15";"1";""
"201900058572";"138 196 111";"C01";"3";"7";"8";"0";"1";"24";"0";""
"201900058572";"138 196 112";"A01";"3";"7";"8";"2";"1";"17";"1";""
"201900058573";"138 196 109";"A01";"1";"7";"0";"2";"3";"26";"1";""
"201900058574";"138 196 108";"A01";"1";"7";"0";"1";"7";"1";"1";""
"201900058575";"138 196 106";"A01";"2";"7";"0";"2";"5";"0";"1";""
"201900058575";"138 196 107";"B01";"1";"31";"0";"2";"1";"1";"1";""
"201900058576";"138 196 104";"B01";"3";"32";"0";"2";"8";"9";"1";""
"201900058576";"138 196 105";"A01";"3";"7";"0";"2";"1";"12";"1";""
"201900058577";"138 196 102";"B01";"1";"7";"0";"2";"6";"23";"1";""
"201900058577";"138 196 103";"A01";"1";"30";"0";"2";"1";"2";"1";""
"201900058578";"138 196 100";"A01";"1";"10";"0";"2";"1";"1";"1";""
"201900058578";"138 196 101";"B01";"2";"10";"0";"2";"2";"1";"1";""
"201900058579";"138 196 099";"A01";"3";"30";"0";"1";"1";"26";"1";""
"201900058580";"138 196 097";"A01";"1";"3";"12";"2";"1";"5";"1";""
"201900058580";"138 196 098";"B01";"1";"3";"0";"2";"1";"1";"1";""
"201900058581";"138 196 096";"A01";"3";"30";"0";"1";"1";"1";"1";""
"201900058582";"138 196 095";"A01";"1";"7";"0";"1";"2";"1";"1";""
"201900058583";"138 196 094";"A01";"2";"7";"0";"1";"3";"15";"1";""
"201900058584";"138 196 093";"A01";"0";"37";"0";"1";"2";"2";"1";"1"
"201900058585";"138 196 091";"B01";"2";"7";"0";"2";"1";"15";"6";""
"201900058585";"138 196 092";"A01";"1";"7";"0";"2";"8";"1";"0";""
"201900058586";"138 196 089";"A01";"1";"7";"0";"2";"1";"10";"1";""
"201900058586";"138 196 090";"B01";"1";"2";"0";"2";"1";"11";"0";""
"201900058587";"138 196 087";"A01";"2";"32";"0";"2";"1";"1";"1";""
"201900058587";"138 196 088";"B01";"2";"7";"0";"2";"8";"15";"1";""
"201900058588";"138 196 085";"B01";"3";"7";"0";"2";"2";"1";"1";""
"201900058588";"138 196 086";"A01";"0";"7";"0";"2";"3";"9";"1";""
"201900058589";"138 196 083";"A01";"2";"14";"0";"2";"1";"20";"1";""
"201900058589";"138 196 084";"B01";"3";"1";"0";"2";"1";"5";"0";""
"201900058590";"138 196 081";"B01";"3";"7";"0";"2";"8";"1";"1";""
"201900058590";"138 196 082";"A01";"3";"14";"0";"2";"0";"14";"1";""
"201900058591";"138 196 079";"A01";"1";"33";"0";"2";"1";"2";"1";""
"201900058591";"138 196 080";"B01";"1";"7";"0";"2";"8";"19";"1";""
"201900058592";"138 196 077";"A01";"2";"14";"14";"0";"2";"26";"1";""
"201900058592";"138 196 078";"B01";"0";"7";"0";"2";"0";"0";"1";""
"201900058593";"138 196 075";"B01";"2";"7";"0";"2";"4";"2";"1";""
"201900058593";"138 196 076";"A01";"2";"7";"0";"2";"1";"2";"1";""
"201900058594";"138 196 071";"A01";"3";"7";"0";"2";"2";"15";"1";""
"201900058594";"138 196 072";"B01";"1";"33";"0";"2";"8";"1";"1";""
"201900058595";"138 196 069";"A01";"1";"1";"0";"2";"1";"1";"5";""
"201900058595";"138 196 070";"B01";"1";"7";"0";"6";"3";"15";"1";""
"201900058596";"138 196 067";"A01";"1";"30";"0";"2";"1";"1";"1";""
"201900058596";"138 196 068";"B01";"1";"7";"0";"2";"3";"10";"1";""
"201900058597";"138 196 065";"A01";"2";"7";"0";"2";"3";"15";"1";""
"201900058597";"138 196 066";"B01";"2";"33";"0";"2";"7";"17";"1";""
"201900058598";"138 196 063";"B01";"1";"7";"0";"2";"2";"0";"0";""
"201900058598";"138 196 064";"A01";"1";"34";"9";"0";"4";"1";"0";""
"201900058599";"138 196 061";"A01";"1";"30";"0";"2";"1";"15";"1";""
"201900058599";"138 196 062";"B01";"2";"7";"0";"2";"3";"1";"1";""
"201900058600";"138 196 057";"B01";"2";"7";"0";"2";"2";"1";"1";""
"201900058600";"138 196 058";"A01";"1";"7";"0";"2";"2";"1";"1";""
"201900058601";"138 196 056";"A01";"2";"7";"0";"1";"1";"1";"1";""
"201900058602";"138 196 055";"A01";"1";"7";"0";"1";"1";"17";"1";""
"201900058603";"138 196 053";"A01";"2";"7";"0";"9";"8";"15";"1";""
"201900058603";"138 196 054";"B01";"2";"1";"0";"2";"1";"1";"0";""
"201900058604";"138 196 050";"C01";"3";"34";"15";"0";"4";"23";"1";""
"201900058604";"138 196 051";"B01";"3";"7";"0";"2";"5";"23";"1";""
"201900058604";"138 196 052";"A01";"3";"7";"0";"2";"1";"26";"1";""
"201900058605";"138 196 048";"A01";"3";"7";"0";"2";"4";"2";"1";""
"201900058605";"138 196 049";"B01";"3";"2";"0";"2";"1";"2";"1";""
"201900058606";"138 196 046";"A01";"2";"7";"0";"2";"3";"15";"1";""
"201900058606";"138 196 047";"B01";"2";"34";"0";"2";"7";"0";"1";""
"201900058607";"138 196 045";"A01";"2";"0";"0";"1";"1";"1";"0";""
"201900058608";"138 196 043";"B01";"3";"7";"0";"2";"4";"1";"1";""
"201900058608";"138 196 044";"A01";"3";"7";"0";"2";"1";"2";"1";""
"201900058609";"138 196 041";"B01";"3";"15";"0";"2";"4";"2";"1";""
"201900058609";"138 196 042";"A01";"3";"7";"4";"2";"1";"9";"1";""
"201900058610";"138 196 039";"B01";"1";"7";"0";"2";"3";"15";"1";""
"201900058610";"138 196 040";"A01";"1";"2";"0";"2";"1";"17";"1";""
"201900058611";"138 196 038";"A01";"2";"7";"9";"0";"1";"13";"1";""
"201900058612";"138 196 035";"C01";"1";"7";"0";"2";"4";"2";"1";""
"201900058612";"138 196 036";"B01";"2";"7";"0";"2";"9";"2";"1";""
"201900058612";"138 196 037";"A01";"2";"37";"0";"2";"2";"2";"1";"2"
"201900058613";"138 196 033";"A01";"2";"33";"0";"2";"1";"17";"1";""
"201900058613";"138 196 034";"B01";"2";"7";"0";"2";"3";"15";"1";""
"201900058614";"138 196 030";"A01";"1";"33";"1";"0";"1";"1";"1";""
"201900058615";"138 196 031";"A01";"2";"1";"0";"2";"8";"1";"5";""
"201900058615";"138 196 032";"B01";"2";"7";"0";"2";"7";"1";"1";""
"201900058616";"138 196 028";"B01";"1";"7";"0";"2";"5";"15";"1";""
"201900058616";"138 196 029";"A01";"1";"32";"0";"2";"1";"21";"1";""
"201900058617";"138 196 025";"C01";"1";"7";"0";"2";"1";"1";"1";""
"201900058617";"138 196 026";"B01";"2";"7";"0";"2";"4";"15";"1";""
"201900058617";"138 196 027";"A01";"2";"7";"0";"2";"1";"1";"1";""
"201900058618";"138 196 023";"B01";"1";"33";"0";"2";"3";"1";"1";""
"201900058618";"138 196 024";"A01";"1";"7";"0";"2";"2";"12";"1";""
"201900058619";"138 196 022";"A01";"2";"7";"0";"1";"2";"1";"1";""
"201900058620";"138 196 021";"A01";"2";"7";"8";"0";"3";"13";"1";""
"201900058621";"138 196 020";"A01";"3";"3";"0";"1";"3";"2";"1";""
"201900058622";"138 196 016";"B01";"3";"7";"0";"2";"4";"2";"0";""
"201900058622";"138 196 017";"A01";"3";"7";"0";"2";"1";"2";"0";""
"201900058623";"138 196 018";"A01";"1";"7";"0";"2";"6";"11";"1";""
"201900058623";"138 196 019";"B01";"1";"34";"0";"2";"1";"11";"1";""
"201900058624";"138 196 013";"A01";"0";"33";"15";"0";"1";"1";"1";""
"201900058625";"138 196 011";"D01";"3";"30";"0";"2";"8";"0";"0";""