"Num_Acc";"id_vehicule";"num_veh";"senc";"catv";"obs";"obsm";"choc";"manv";"motor";"occutc"
"201900058625";"138 196 012";"C01";"2";"7";"0";"2";"8";"23";"0";""
"201900058625";"138 196 014";"B01";"2";"7";"0";"2";"2";"23";"0";""
"201900058625";"138 196 015";"A01";"2";"7";"0";"2";"3";"0";"0";""
"201900058626";"138 196 009";"B01";"1";"7";"0";"2";"1";"1";"1";""
"201900058626";"138 196 010";"A01";"2";"7";"0";"2";"1";"5";"1";""
"201900058627";"138 196 007";"B01";"3";"7";"0";"2";"7";"0";"1";""
"201900058627";"138 196 008";"A01";"1";"7";"0";"2";"1";"9";"1";""
"201900058628";"138 196 006";"A01";"1";"0";"0";"1";"0";"0";"0";""
"201900058629";"138 196 004";"A01";"2";"7";"13";"0";"3";"14";"1";""
"201900058630";"138 196 003";"B01";"3";"33";"0";"2";"8";"21";"1";""
"201900058630";"138 196 005";"A01";"3";"7";"0";"2";"6";"16";"1";""
"201900058631";"138 196 001";"B01";"2";"7";"0";"2";"1";"1";"0";""
"201900058631";"138 196 002";"A01";"1";"7";"3";"2";"1";"13";"0";""
"201900058632";"138 195 999";"A01";"3";"7";"13";"0";"1";"0";"1";""
"201900058633";"138 195 998";"A01";"2";"7";"0";"2";"1";"1";"1";""
"201900058633";"138 196 000";"B01";"3";"7";"0";"2";"8";"9";"1";""
"201900058634";"138 195 996";"B01";"0";"10";"0";"2";"1";"1";"1";""
"201900058634";"138 195 997";"A01";"3";"14";"0";"0";"2";"9";"1";""
"201900058635";"138 195 995";"A01";"3";"7";"3";"0";"1";"1";"1";""
"201900058636";"138 195 992";"A01";"3";"7";"0";"1";"2";"15";"1";""
"201900058637";"138 195 991";"C01";"2";"7";"0";"2";"1";"1";"1";""
"201900058637";"138 195 993";"B01";"1";"7";"0";"0";"4";"1";"1";""
"201900058637";"138 195 994";"A01";"1";"33";"0";"2";"1";"1";"1";""
"201900058638";"138 195 990";"A01";"3";"7";"0";"1";"1";"26";"1";""
"201900058639";"138 195 988";"B01";"1";"7";"0";"2";"1";"1";"1";""
"201900058639";"138 195 989";"A01";"2";"7";"0";"2";"1";"17";"1";""
"201900058640";"138 195 986";"B01";"3";"7";"0";"2";"1";"1";"1";""
"201900058640";"138 195 987";"A01";"3";"7";"0";"2";"3";"15";"1";""
"201900058641";"138 195 985";"A01";"2";"7";"2";"0";"9";"13";"1";""
"201900058642";"138 195 982";"A01";"1";"7";"0";"1";"4";"23";"1";""
"201900058642";"138 195 984";"B01";"1";"7";"0";"2";"1";"1";"1";""
"201900058643";"138 195 981";"A01";"2";"7";"0";"2";"1";"5";"1";""
"201900058643";"138 195 983";"B01";"1";"2";"0";"2";"1";"1";"1";""
"201900058644";"138 195 980";"A01";"1";"7";"2";"0";"1";"1";"1";""
"201900058645";"138 195 979";"A01";"3";"7";"0";"0";"1";"14";"1";""
"201900058646";"138 195 977";"A01";"2";"7";"0";"2";"1";"13";"0";""
"201900058646";"138 195 978";"B01";"1";"10";"0";"2";"1";"1";"0";""
"201900058647";"138 195 976";"A01";"3";"7";"15";"0";"1";"14";"1";""
"201900058648";"138 195 975";"A01";"2";"2";"15";"0";"2";"14";"1";""
"201900058649";"138 195 973";"B01";"1";"3";"0";"2";"3";"16";"0";""
"201900058649";"138 195 974";"A01";"1";"3";"0";"2";"5";"0";"0";""
"201900058650";"138 195 972";"A01";"3";"7";"2";"0";"1";"1";"1";""
"201900058651";"138 195 971";"A01";"3";"10";"0";"1";"1";"1";"1";""
"201900058652";"138 195 967";"A01";"1";"7";"0";"9";"3";"1";"1";""
"201900058652";"138 195 968";"B01";"1";"1";"0";"2";"4";"0";"5";""
"201900058653";"138 195 966";"A01";"3";"7";"0";"2";"2";"10";"1";""
"201900058653";"138 195 969";"B01";"3";"33";"0";"2";"3";"2";"1";""
"201900058654";"138 195 963";"B01";"1";"10";"0";"2";"3";"0";"1";""
"201900058654";"138 195 965";"A01";"2";"7";"0";"2";"3";"19";"1";""
"201900058655";"138 195 962";"A01";"3";"7";"0";"2";"7";"19";"1";""
"201900058655";"138 195 964";"B01";"0";"7";"0";"2";"1";"1";"1";""
"201900058656";"138 195 960";"B01";"1";"15";"0";"2";"8";"1";"1";""
"201900058656";"138 195 961";"A01";"1";"15";"0";"2";"0";"17";"1";""
"201900058657";"138 195 955";"A01";"2";"7";"6";"0";"2";"1";"1";""
"201900058658";"138 195 954";"A01";"1";"10";"0";"1";"2";"15";"1";""
"201900058659";"138 195 951";"B01";"1";"21";"0";"2";"7";"1";"1";""
"201900058659";"138 195 953";"A01";"1";"33";"13";"2";"2";"17";"1";""
"201900058660";"138 195 950";"A01";"3";"33";"0";"2";"7";"19";"1";""
"201900058660";"138 195 952";"B01";"2";"7";"0";"2";"1";"1";"1";""
"201900058661";"138 195 946";"N01";"1";"34";"0";"2";"1";"1";"1";""
"201900058661";"138 195 948";"B01";"1";"7";"0";"2";"3";"9";"1";""
"201900058662";"138 195 947";"B01";"2";"7";"0";"2";"1";"1";"1";""
"201900058662";"138 195 949";"A01";"2";"38";"0";"2";"2";"19";"1";"1"
"201900058663";"138 195 944";"A01";"2";"33";"0";"0";"0";"1";"1";""
"201900058664";"138 195 943";"B01";"3";"7";"0";"2";"6";"23";"6";""
"201900058664";"138 195 945";"A01";"3";"7";"0";"2";"2";"15";"6";""
"201900058665";"138 195 942";"A01";"3";"7";"13";"0";"3";"16";"1";""
"201900058666";"138 195 941";"A01";"1";"3";"0";"1";"2";"26";"1";""
"201900058667";"138 195 938";"B01";"3";"7";"0";"0";"6";"1";"0";""
"201900058667";"138 195 940";"A01";"3";"7";"0";"2";"1";"15";"0";""
"201900058668";"138 195 937";"A01";"1";"7";"0";"2";"3";"13";"1";""
"201900058668";"138 195 939";"B01";"2";"2";"0";"2";"8";"1";"1";""
"201900058669";"138 195 934";"B01";"2";"7";"0";"2";"1";"1";"0";""
"201900058669";"138 195 936";"A01";"2";"7";"0";"2";"2";"13";"0";""
"201900058670";"138 195 935";"A01";"1";"7";"0";"1";"1";"1";"1";""
"201900058671";"138 195 931";"A01";"1";"7";"2";"0";"1";"16";"1";""
"201900058672";"138 195 928";"B01";"3";"7";"0";"0";"5";"19";"1";""
"201900058672";"138 195 929";"A01";"2";"17";"0";"2";"2";"1";"1";""
"201900058673";"138 195 926";"B01";"0";"7";"0";"2";"1";"1";"1";""
"201900058673";"138 195 927";"A01";"0";"33";"0";"2";"1";"0";"1";""
"201900058674";"138 195 930";"B01";"2";"7";"0";"2";"4";"1";"1";""
"201900058674";"138 195 932";"C01";"2";"7";"0";"2";"4";"1";"1";""
"201900058674";"138 195 933";"A01";"2";"10";"0";"2";"1";"26";"1";""
"201900058675";"138 195 925";"A01";"1";"33";"0";"0";"1";"1";"1";""
"201900058676";"138 195 924";"A01";"0";"3";"0";"1";"1";"1";"1";""
"201900058677";"138 195 920";"A01";"2";"7";"0";"2";"3";"21";"1";""
"201900058677";"138 195 922";"B01";"1";"32";"0";"2";"1";"1";"1";""
"201900058678";"138 195 921";"B01";"2";"2";"0";"2";"3";"1";"1";""
"201900058678";"138 195 923";"A01";"1";"2";"0";"2";"1";"13";"1";""
"201900058679";"138 195 919";"A01";"1";"50";"0";"0";"0";"2";"3";""
"201900058680";"138 195 918";"A01";"1";"7";"4";"0";"0";"2";"1";""
"201900058681";"138 195 916";"B01";"1";"7";"0";"2";"4";"23";"1";""
"201900058681";"138 195 917";"A01";"1";"10";"0";"2";"1";"2";"1";""
"201900058682";"138 195 914";"B01";"2";"10";"0";"2";"3";"0";"1";""
"201900058682";"138 195 915";"A01";"1";"7";"0";"2";"3";"13";"1";""
"201900058683";"138 195 913";"A01";"3";"14";"0";"1";"4";"4";"1";""
"201900058684";"138 195 910";"B01";"2";"2";"0";"2";"1";"1";"1";""
"201900058684";"138 195 912";"A01";"2";"7";"0";"2";"1";"19";"1";""
"201900058685";"138 195 908";"C01";"1";"7";"0";"2";"0";"0";"1";""
"201900058685";"138 195 909";"B01";"2";"7";"0";"2";"3";"2";"1";""
"201900058685";"138 195 911";"A01";"1";"32";"0";"2";"1";"17";"1";""
"201900058686";"138 195 907";"A01";"3";"7";"0";"1";"3";"15";"0";""
"201900058687";"138 195 905";"A01";"1";"34";"0";"0";"8";"21";"0";""
"201900058687";"138 195 906";"B01";"2";"7";"0";"0";"3";"15";"0";""
"201900058688";"138 195 903";"A01";"2";"7";"0";"2";"1";"5";"1";""
"201900058688";"138 195 904";"B01";"1";"7";"0";"2";"1";"2";"1";""
"201900058689";"138 195 901";"Z01";"3";"7";"0";"1";"1";"1";"0";""
"201900058690";"138 195 900";"B01";"1";"31";"0";"2";"1";"0";"1";""
"201900058690";"138 195 902";"A01";"2";"7";"0";"0";"7";"1";"0";""
"201900058691";"138 195 898";"A01";"2";"7";"0";"2";"4";"1";"1";""
"201900058691";"138 195 899";"B01";"2";"7";"0";"2";"1";"2";"1";""
"201900058692";"138 195 895";"B01";"1";"7";"0";"2";"1";"1";"1";""
"201900058692";"138 195 897";"A01";"2";"7";"4";"2";"1";"13";"0";""
"201900058693";"138 195 892";"A01";"1";"7";"0";"1";"2";"1";"0";""
"201900058694";"138 195 891";"B01";"1";"1";"0";"0";"4";"1";"5";""
"201900058694";"138 195 893";"A01";"1";"7";"0";"2";"3";"1";"1";""
"201900058695";"138 195 890";"A01";"1";"10";"0";"1";"2";"1";"1";""
"201900058696";"138 195 889";"A01";"3";"7";"0";"1";"4";"4";"6";""
"201900058697";"138 195 886";"A01";"3";"7";"0";"2";"4";"23";"1";""
"201900058697";"138 195 888";"B01";"3";"7";"0";"2";"1";"2";"1";""
"201900058698";"138 195 885";"A01";"0";"2";"0";"2";"3";"1";"1";""
"201900058698";"138 195 887";"B01";"2";"7";"0";"2";"0";"15";"0";""
"201900058699";"138 195 882";"A01";"3";"3";"8";"0";"8";"1";"1";""
"201900058700";"138 195 880";"B01";"3";"7";"0";"2";"4";"2";"1";""
"201900058700";"138 195 881";"A01";"3";"7";"0";"2";"1";"2";"1";""
"201900058701";"138 195 879";"A01";"2";"7";"0";"1";"3";"1";"1";""
"201900058702";"138 195 878";"A01";"1";"33";"0";"1";"8";"1";"0";""
"201900058703";"138 195 877";"A01";"1";"7";"0";"1";"2";"1";"1";""
"201900058704";"138 195 875";"B01";"2";"10";"0";"2";"1";"1";"0";""
"201900058704";"138 195 876";"A01";"2";"10";"0";"2";"7";"1";"0";""
"201900058705";"138 195 873";"A01";"2";"7";"1";"0";"1";"1";"0";""
"201900058706";"138 195 871";"B01";"2";"7";"0";"2";"3";"1";"1";""
"201900058706";"138 195 872";"A01";"1";"7";"0";"2";"3";"1";"1";""
"201900058707";"138 195 874";"A01";"2";"7";"3";"0";"3";"1";"1";""
"201900058708";"138 195 866";"A01";"1";"7";"0";"0";"4";"0";"1";""
"201900058708";"138 195 867";"B01";"1";"7";"0";"0";"4";"0";"1";""
"201900058708";"138 195 868";"C01";"1";"7";"0";"0";"1";"0";"1";""
"201900058709";"138 195 865";"A01";"3";"7";"0";"0";"9";"1";"1";""
"201900058710";"138 195 862";"C01";"1";"7";"0";"2";"2";"1";"1";""
"201900058710";"138 195 863";"B01";"1";"13";"0";"2";"3";"12";"1";""
"201900058710";"138 195 864";"A01";"1";"7";"0";"2";"6";"1";"1";""
"201900058711";"138 195 861";"A01";"2";"7";"6";"0";"1";"13";"1";""
"201900058712";"138 195 859";"B01";"2";"7";"0";"2";"4";"1";"1";""
"201900058712";"138 195 860";"A01";"2";"33";"3";"0";"1";"17";"1";""
"201900058713";"138 195 855";"A01";"2";"7";"0";"2";"2";"1";"1";""
"201900058713";"138 195 856";"D01";"2";"7";"0";"2";"6";"1";"1";""
"201900058713";"138 195 857";"C01";"2";"7";"0";"2";"7";"1";"1";""
"201900058713";"138 195 858";"B01";"2";"32";"0";"2";"4";"1";"1";""
"201900058714";"138 195 853";"B01";"2";"3";"0";"2";"4";"1";"1";""
"201900058714";"138 195 854";"A01";"2";"3";"0";"2";"1";"1";"1";""
"201900058715";"138 195 852";"A01";"1";"7";"3";"0";"1";"16";"1";""
"201900058716";"138 195 849";"A01";"2";"10";"0";"2";"1";"1";"1";""
"201900058716";"138 195 850";"B01";"2";"10";"0";"2";"4";"1";"1";""
"201900058716";"138 195 851";"C01";"2";"10";"0";"2";"1";"1";"1";""
"201900058717";"138 195 848";"A01";"2";"7";"3";"0";"7";"0";"1";""
"201900058718";"138 195 846";"B01";"2";"7";"0";"2";"1";"2";"1";""
"201900058718";"138 195 847";"A01";"2";"7";"0";"0";"4";"2";"1";""
"201900058719";"138 195 843";"A01";"1";"30";"0";"2";"6";"9";"1";""
"201900058719";"138 195 844";"TB01";"1";"7";"0";"2";"2";"9";"1";""
"201900058720";"138 195 842";"A01";"1";"30";"0";"0";"8";"11";"1";""
"201900058721";"138 195 840";"B01";"0";"1";"0";"2";"0";"0";"0";""
"201900058721";"138 195 841";"A01";"1";"32";"0";"2";"3";"26";"0";""
"201900058722";"138 195 838";"B01";"2";"14";"0";"2";"2";"1";"1";""
"201900058722";"138 195 839";"A01";"2";"33";"0";"2";"8";"9";"1";""
"201900058723";"138 195 833";"A01";"1";"7";"0";"2";"1";"13";"1";""
"201900058723";"138 195 834";"E01";"2";"7";"0";"2";"1";"2";"1";""
"201900058723";"138 195 835";"D01";"2";"7";"0";"2";"1";"1";"1";""
"201900058723";"138 195 836";"C01";"2";"7";"0";"2";"8";"1";"1";""
"201900058723";"138 195 837";"B01";"2";"7";"0";"2";"8";"1";"1";""
"201900058724";"138 195 831";"B01";"1";"20";"0";"2";"3";"9";"1";""
"201900058724";"138 195 832";"A01";"1";"20";"0";"2";"7";"21";"1";""
"201900058725";"138 195 829";"A01";"2";"7";"1";"0";"1";"2";"1";""
"201900058725";"138 195 830";"B01";"3";"7";"0";"0";"6";"23";"1";""
"201900058726";"138 195 827";"A01";"2";"7";"0";"2";"1";"2";"1";""
"201900058726";"138 195 828";"B01";"2";"7";"0";"2";"4";"2";"1";""
"201900058727";"138 195 825";"A01";"2";"50";"0";"6";"1";"5";"3";""
"201900058727";"138 195 826";"B01";"1";"1";"0";"6";"1";"1";"5";""
"201900058728";"138 195 824";"A01";"3";"7";"0";"1";"3";"13";"1";""
"201900058729";"138 195 822";"A01";"1";"7";"0";"2";"1";"1";"1";""
"201900058729";"138 195 823";"B01";"1";"99";"9";"2";"5";"0";"1";""
"201900058730";"138 195 815";"B01";"3";"10";"0";"2";"3";"1";"1";""
"201900058730";"138 195 816";"A01";"3";"30";"0";"2";"1";"1";"1";""
"201900058731";"138 195 807";"B01";"3";"33";"0";"2";"4";"2";"1";""
"201900058731";"138 195 808";"A01";"3";"7";"0";"2";"1";"2";"1";""
"201900058732";"138 195 806";"A01";"3";"7";"0";"1";"8";"26";"1";""
"201900058733";"138 195 804";"A01";"1";"38";"4";"0";"1";"19";"1";"2"
"201900058733";"138 195 805";"B01";"2";"38";"0";"2";"3";"15";"1";"1"
"201900058734";"138 195 803";"A01";"1";"7";"13";"0";"2";"1";"1";""
"201900058735";"138 195 802";"A01";"1";"10";"0";"1";"1";"1";"1";""
"201900058736";"138 195 801";"A01";"0";"7";"0";"1";"1";"15";"1";""
"201900058737";"138 195 798";"A01";"3";"7";"0";"2";"2";"12";"1";""
"201900058737";"138 195 799";"B01";"3";"7";"0";"2";"1";"1";"1";""
"201900058737";"138 195 800";"C01";"3";"7";"0";"2";"5";"1";"1";""
"201900058738";"138 195 796";"B01";"1";"7";"0";"2";"4";"1";"0";""
"201900058738";"138 195 797";"A01";"1";"7";"0";"2";"1";"1";"0";""
"201900058739";"138 195 795";"A01";"1";"33";"0";"1";"8";"1";"0";""
"201900058740";"138 195 792";"A01";"3";"30";"0";"0";"7";"26";"1";""
"201900058741";"138 195 790";"A01";"3";"2";"0";"2";"8";"1";"1";""
"201900058741";"138 195 791";"B01";"3";"7";"0";"2";"3";"26";"1";""
"201900058742";"138 195 789";"A01";"3";"7";"0";"1";"9";"26";"1";""
"201900058743";"138 195 784";"A01";"1";"7";"15";"0";"3";"1";"1";""
"201900058744";"138 195 783";"A01";"3";"37";"0";"1";"7";"1";"0";"1"
"201900058745";"138 195 781";"A01";"2";"7";"0";"2";"1";"13";"1";""
"201900058745";"138 195 782";"B01";"1";"7";"0";"2";"1";"1";"1";""
"201900058746";"138 195 780";"A01";"3";"50";"0";"1";"1";"25";"3";""
"201900058747";"138 195 776";"A01";"1";"7";"0";"2";"4";"1";"1";""
"201900058747";"138 195 777";"B01";"1";"7";"0";"2";"4";"1";"1";""
"201900058748";"138 195 775";"A01";"3";"30";"15";"0";"1";"13";"1";""
"201900058749";"138 195 774";"A01";"2";"34";"6";"0";"2";"1";"1";""
"201900058750";"138 195 772";"B01";"1";"7";"0";"2";"4";"1";"1";""
"201900058750";"138 195 773";"A01";"1";"7";"0";"2";"1";"2";"1";""
"201900058751";"138 195 770";"A01";"1";"33";"3";"0";"2";"1";"1";""
"201900058752";"138 195 768";"A01";"3";"7";"0";"2";"2";"1";"1";""
"201900058752";"138 195 769";"B01";"3";"7";"0";"2";"3";"1";"1";""
"201900058753";"138 195 767";"A01";"0";"7";"0";"1";"0";"0";"0";""
"201900058754";"138 195 765";"B01";"0";"2";"0";"2";"4";"1";"1";""
"201900058754";"138 195 766";"A01";"0";"7";"0";"2";"2";"1";"1";""
"201900058755";"138 195 763";"A01";"0";"7";"8";"2";"1";"1";"1";""
"201900058755";"138 195 764";"B01";"0";"2";"0";"2";"6";"1";"1";""
"201900058756";"138 195 762";"A01";"0";"7";"0";"1";"5";"20";"1";""
"201900058757";"138 195 760";"B01";"0";"33";"0";"1";"8";"1";"1";""
"201900058757";"138 195 761";"A01";"0";"7";"0";"2";"1";"1";"1";""
"201900058758";"138 195 758";"A01";"0";"2";"0";"2";"1";"1";"1";""
"201900058758";"138 195 759";"B01";"0";"7";"0";"0";"0";"0";"1";""
"201900058759";"138 195 756";"A01";"3";"7";"0";"2";"1";"1";"1";""
"201900058759";"138 195 757";"B01";"3";"7";"0";"2";"7";"1";"1";""
"201900058760";"138 195 754";"B01";"2";"7";"0";"2";"1";"1";"1";""
"201900058760";"138 195 755";"A01";"1";"7";"0";"2";"1";"13";"1";""
"201900058761";"138 195 752";"A01";"1";"7";"0";"1";"2";"15";"0";""
"201900058762";"138 195 750";"A01";"1";"7";"0";"2";"3";"15";"1";""
"201900058762";"138 195 751";"B01";"2";"2";"0";"2";"1";"1";"1";""
"201900058763";"138 195 749";"A01";"2";"2";"11";"0";"1";"1";"1";""
"201900058764";"138 195 748";"B01";"2";"2";"0";"2";"0";"0";"1";""
"201900058765";"138 195 747";"A01";"3";"7";"2";"0";"1";"0";"1";""
"201900058766";"138 195 746";"A01";"3";"7";"0";"1";"4";"4";"1";""
"201900058767";"138 195 745";"A01";"1";"7";"15";"0";"1";"13";"1";""
"201900058768";"138 195 744";"A01";"1";"33";"0";"0";"8";"2";"0";""
"201900058769";"138 195 742";"B01";"1";"7";"0";"2";"1";"2";"1";""
"201900058769";"138 195 743";"A01";"1";"7";"0";"2";"7";"15";"1";""
"201900058770";"138 195 741";"A01";"1";"7";"0";"1";"2";"19";"1";""
"201900058771";"138 195 739";"A01";"1";"31";"0";"2";"8";"13";"1";""
"201900058771";"138 195 740";"B01";"1";"7";"0";"2";"5";"1";"1";""
"201900058772";"138 195 737";"A01";"1";"10";"0";"2";"4";"23";"1";""
"201900058772";"138 195 738";"B01";"1";"33";"0";"2";"1";"2";"1";""
"201900058773";"138 195 735";"A01";"2";"7";"1";"2";"1";"1";"1";""
"201900058773";"138 195 736";"B01";"1";"7";"0";"2";"3";"1";"1";""
"201900058774";"138 195 734";"A01";"1";"10";"0";"1";"2";"15";"1";""
"201900058775";"138 195 733";"A01";"2";"7";"0";"1";"2";"1";"1";""
"201900058776";"138 195 731";"B01";"1";"7";"0";"2";"2";"1";"1";""
"201900058776";"138 195 732";"A01";"1";"30";"0";"2";"6";"13";"1";""
"201900058777";"138 195 730";"A01";"1";"7";"0";"1";"3";"9";"1";""
"201900058778";"138 195 728";"B01";"2";"1";"0";"2";"1";"15";"5";""
"201900058778";"138 195 729";"A01";"2";"7";"0";"2";"7";"1";"1";""
"201900058779";"138 195 727";"A01";"2";"33";"0";"1";"3";"1";"1";""
"201900058780";"138 195 726";"A01";"1";"30";"0";"1";"1";"1";"1";""
"201900058781";"138 195 724";"A01";"2";"43";"0";"2";"1";"1";"1";""
"201900058781";"138 195 725";"B01";"1";"7";"0";"2";"3";"1";"1";""
"201900058782";"138 195 723";"A01";"1";"1";"14";"0";"0";"1";"5";""
"201900058783";"138 195 722";"A01";"2";"7";"0";"1";"1";"0";"0";""
"201900058784";"138 195 721";"A01";"0";"32";"0";"1";"1";"7";"0";""
"201900058785";"138 195 720";"A01";"3";"7";"0";"1";"6";"1";"2";""
"201900058786";"138 195 718";"A01";"1";"7";"0";"2";"1";"2";"1";""
"201900058786";"138 195 719";"B01";"1";"7";"14";"0";"4";"2";"1";""
"201900058787";"138 195 716";"A01";"3";"7";"0";"2";"3";"19";"1";""
"201900058787";"138 195 717";"B01";"2";"7";"0";"2";"2";"1";"1";""
"201900058788";"138 195 715";"A01";"1";"33";"7";"0";"1";"21";"1";""
"201900058789";"138 195 714";"A01";"1";"31";"13";"0";"0";"1";"1";""
"201900058790";"138 195 713";"A01";"2";"7";"8";"1";"0";"14";"1";""
"201900058791";"138 195 712";"A01";"1";"7";"2";"0";"3";"0";"1";""
"201900058792";"138 195 710";"A01";"0";"7";"0";"2";"7";"1";"0";""
"201900058792";"138 195 711";"B01";"0";"7";"0";"2";"1";"1";"0";""
"201900058793";"138 195 709";"A01";"1";"7";"4";"0";"3";"6";"1";""
"201900058794";"138 195 707";"A01";"2";"7";"0";"2";"3";"0";"1";""
"201900058794";"138 195 708";"B01";"0";"14";"0";"2";"2";"19";"1";""
"201900058795";"138 195 705";"B01";"1";"7";"0";"2";"1";"1";"0";""
"201900058795";"138 195 706";"A01";"2";"7";"0";"2";"1";"13";"0";""
"201900058796";"138 195 703";"B01";"2";"7";"3";"0";"2";"1";"1";""
"201900058796";"138 195 704";"A01";"1";"7";"0";"0";"2";"13";"1";""
"201900058797";"138 195 702";"A01";"1";"7";"0";"1";"2";"1";"1";""
"201900058798";"138 195 701";"A01";"3";"7";"2";"0";"1";"1";"1";""
"201900058799";"138 195 699";"A01";"0";"7";"0";"2";"2";"19";"1";""
"201900058799";"138 195 700";"B01";"0";"2";"0";"2";"8";"15";"1";""
"201900058800";"138 195 698";"A01";"1";"7";"2";"0";"1";"1";"1";""
"201900058801";"138 195 696";"B01";"3";"7";"0";"2";"1";"1";"1";""
"201900058801";"138 195 697";"A01";"3";"7";"0";"2";"2";"9";"1";""
"201900058802";"138 195 695";"A01";"2";"7";"6";"0";"6";"13";"1";""
"201900058803";"138 195 693";"B01";"1";"7";"0";"2";"2";"13";"1";""
"201900058803";"138 195 694";"A01";"2";"17";"0";"2";"3";"1";"1";""
"201900058804";"138 195 692";"A01";"2";"7";"13";"0";"3";"13";"1";""
"201900058805";"138 195 690";"B01";"3";"7";"0";"2";"3";"1";"1";""
"201900058805";"138 195 691";"A01";"3";"7";"0";"2";"3";"13";"1";""
"201900058806";"138 195 689";"A01";"1";"7";"0";"0";"0";"1";"0";""
"201900058807";"138 195 687";"A01";"2";"7";"2";"0";"1";"0";"1";""
"201900058808";"138 195 686";"A01";"1";"10";"2";"0";"9";"14";"1";""
"201900058809";"138 195 685";"A01";"1";"7";"2";"0";"1";"1";"1";""
"201900058810";"138 195 684";"A01";"1";"7";"8";"0";"1";"1";"1";""
"201900058811";"138 195 681";"A01";"1";"7";"0";"2";"8";"13";"0";""
"201900058811";"138 195 682";"B01";"2";"7";"0";"0";"8";"1";"0";""
"201900058811";"138 195 683";"C01";"1";"7";"7";"2";"2";"1";"0";""
"201900058812";"138 195 680";"A01";"1";"7";"17";"0";"1";"1";"1";""
"201900058813";"138 195 677";"A01";"3";"33";"0";"0";"8";"1";"1";""
"201900058814";"138 195 675";"A01";"2";"7";"0";"2";"1";"19";"1";""
"201900058814";"138 195 676";"B01";"1";"10";"0";"2";"2";"21";"1";""
"201900058815";"138 195 674";"A01";"1";"10";"0";"1";"2";"1";"1";""
"201900058816";"138 195 673";"A01";"3";"7";"2";"0";"2";"0";"1";""
"201900058817";"138 195 671";"B01";"1";"7";"0";"2";"8";"1";"1";""
"201900058817";"138 195 672";"A01";"1";"7";"0";"2";"1";"1";"1";""
"201900058818";"138 195 669";"A01";"2";"7";"0";"2";"1";"13";"1";""
"201900058818";"138 195 670";"B01";"1";"7";"0";"2";"1";"1";"1";""
"201900058819";"138 195 667";"B01";"1";"1";"0";"0";"4";"2";"5";""
"201900058819";"138 195 668";"A01";"1";"7";"0";"2";"1";"2";"1";""
"201900058820";"138 195 663";"A01";"1";"7";"0";"2";"1";"26";"1";""
"201900058820";"138 195 664";"B01";"1";"7";"0";"0";"4";"1";"1";""
"201900058820";"138 195 665";"C01";"1";"7";"0";"0";"1";"19";"1";""
"201900058820";"138 195 666";"D01";"1";"7";"3";"2";"6";"1";"1";""
"201900058821";"138 195 660";"A01";"1";"7";"0";"2";"3";"2";"1";""
"201900058821";"138 195 661";"B01";"1";"7";"0";"2";"5";"2";"1";""
"201900058821";"138 195 662";"C01";"1";"7";"4";"2";"9";"1";"1";""
"201900058822";"138 195 657";"C01";"2";"7";"0";"0";"4";"2";"1";""
"201900058822";"138 195 658";"B01";"2";"7";"0";"2";"4";"2";"1";""
"201900058822";"138 195 659";"A01";"2";"7";"0";"2";"1";"2";"1";""
"201900058823";"138 195 655";"B01";"1";"7";"0";"0";"4";"2";"1";""
"201900058823";"138 195 656";"A01";"1";"7";"0";"2";"1";"2";"1";""
"201900058824";"138 195 654";"A01";"2";"7";"3";"0";"8";"1";"1";""
"201900058825";"138 195 653";"A01";"3";"7";"2";"0";"7";"13";"1";""
"201900058826";"138 195 652";"A01";"0";"7";"6";"0";"6";"1";"1";""
"201900058827";"138 195 651";"A01";"1";"38";"0";"1";"1";"1";"1";"1"
"201900058828";"137 982 149";"A01";"3";"7";"0";"2";"2";"15";"0";""
"201900058828";"138 195 650";"B01";"3";"7";"0";"2";"1";"1";"0";""
"201900058829";"137 982 148";"A01";"3";"7";"2";"0";"7";"1";"1";""
"201900058830";"137 982 147";"A01";"2";"7";"6";"0";"1";"1";"1";""
"201900058831";"137 982 146";"A01";"1";"7";"2";"0";"7";"13";"1";""
"201900058832";"137 982 145";"A01";"0";"7";"2";"0";"3";"1";"1";""
"201900058833";"137 982 144";"A01";"1";"2";"1";"0";"1";"1";"1";""
"201900058834";"137 982 140";"A01";"2";"7";"0";"2";"1";"2";"1";""
"201900058834";"137 982 141";"B01";"2";"10";"0";"2";"4";"2";"1";""
"201900058834";"137 982 142";"C01";"2";"10";"0";"2";"4";"2";"1";""
"201900058835";"137 982 138";"A01";"2";"7";"0";"2";"4";"2";"1";""
"201900058835";"137 982 139";"B01";"2";"7";"0";"2";"1";"2";"1";""
"201900058836";"137 982 136";"B01";"2";"7";"0";"2";"6";"0";"1";""
"201900058836";"137 982 137";"A01";"2";"7";"3";"2";"1";"21";"1";""
"201900058837";"137 982 133";"A01";"1";"7";"0";"2";"4";"2";"3";""
"201900058837";"137 982 134";"B01";"1";"7";"0";"2";"1";"2";"1";""
"201900058837";"137 982 135";"C01";"1";"7";"0";"2";"1";"2";"1";""
"201900058838";"137 982 132";"A01";"2";"7";"3";"0";"1";"21";"0";""
"201900058839";"137 982 131";"A01";"2";"33";"0";"0";"7";"1";"1";""
"201900058840";"137 982 129";"B01";"1";"10";"0";"2";"4";"0";"2";""
"201900058840";"137 982 130";"A01";"1";"10";"0";"2";"1";"0";"1";""